INFO: TIMER: Target time per frame: 16.667 milliseconds
INFO: FILEIO: [resources/textures/sprites.png] File loaded successfully
INFO: IMAGE: Data loaded successfully (18x63 | R8G8B8A8 | 1 mipmaps)
INFO: TEXTURE: [ID 3] Texture loaded successfully (72x9 | R8G8B8A8 | 1 mipmaps)
INFO: TEXTURE: [ID 4] Texture loaded successfully (72x36 | R8G8B8A8 | 1 mipmaps)
INFO: FILEIO: [resources/textures/explosion-1.png] File loaded successfully
INFO: IMAGE: Data loaded successfully (192x32 | R8G8B8A8 | 1 mipmaps)
INFO: TEXTURE: [ID 5] Texture loaded successfully (192x32 | R8G8B8A8 | 1 mipmaps)
INFO: FILEIO: [resources/textures/explosion-2.png] File loaded successfully
INFO: IMAGE: Data loaded successfully (192x32 | R8G8B8A8 | 1 mipmaps)
INFO: TEXTURE: [ID 6] Texture loaded successfully (192x32 | R8G8B8A8 | 1 mipmaps)
INFO: FILEIO: [resources/textures/explosion-3-large.png] File loaded successfully
INFO: IMAGE: Data loaded successfully (384x64 | R8G8B8A8 | 1 mipmaps)
INFO: TEXTURE: [ID 7] Texture loaded successfully (384x64 | R8G8B8A8 | 1 mipmaps)
INFO: TEXTURE: [ID 8] Texture loaded successfully (48x48 | R8G8B8A8 | 1 mipmaps)
INFO: TEXTURE: [ID 9] Texture loaded successfully (48x48 | R8G8B8A8 | 1 mipmaps)
INFO: FILEIO: [resources/fonts/absolute_10.png] File loaded successfully
INFO: IMAGE: Data loaded successfully (416x176 | R8G8B8A8 | 1 mipmaps)
INFO: TEXTURE: [ID 10] Texture loaded successfully (416x176 | R8G8B8A8 | 1 mipmaps)
INFO: FILEIO: [resources/fonts/pixuf.ttf] File loaded successfully
INFO: TEXTURE: [ID 11] Texture loaded successfully (256x256 | GRAY_ALPHA | 1 mipmaps)
INFO: FONT: Data loaded successfully (16 pixel size | 95 glyphs)
Failed to create secure directory (/run/user/1000//pulse): No such file or directory
INFO: AUDIO: Device initialized successfully
INFO:     > Backend:       miniaudio | ALSA
INFO:     > Format:        32-bit IEEE Floating Point -> 32-bit IEEE Floating Point
INFO:     > Channels:      2 -> 2
INFO:     > Sample rate:   44100 -> 44100
INFO:     > Periods size:  3072
INFO: FILEIO: [resources/audio/keyboard-click.wav] File loaded successfully
INFO: WAVE: Data loaded successfully (48000 Hz, 16 bit, 1 channels)
INFO: FILEIO: [resources/audio/power-up.wav] File loaded successfully
INFO: WAVE: Data loaded successfully (48000 Hz, 16 bit, 1 channels)
INFO: FILEIO: [resources/audio/player-shot.wav] File loaded successfully
INFO: WAVE: Data loaded successfully (48000 Hz, 16 bit, 1 channels)
INFO: FILEIO: [resources/audio/enemy-shot.wav] File loaded successfully
INFO: WAVE: Data loaded successfully (48000 Hz, 16 bit, 1 channels)
INFO: FILEIO: [resources/audio/enemy-spawning.wav] File loaded successfully
INFO: WAVE: Data loaded successfully (48000 Hz, 16 bit, 1 channels)
INFO: FILEIO: [resources/audio/enemy-exploding.wav] File loaded successfully
INFO: WAVE: Data loaded successfully (48000 Hz, 16 bit, 1 channels)
INFO: FILEIO: [resources/audio/base-exploding.wav] File loaded successfully
INFO: WAVE: Data loaded successfully (48000 Hz, 16 bit, 1 channels)
INFO: STREAM: Initialized successfully (22050 Hz, 16 bit, Mono)

[PROFILE] frame=120 budget=16.667ms alloc(+0/-0, +0b/-0b, live=5192b peak=20464b)
  frame.total                      win= 19.226ms avg= 19.226ms p95= 18.317ms max=288.505ms calls(last=  1,win= 120,total=120) (win 115.4% | avg 115.4% budget)
  frame.render                     win= 18.916ms avg= 18.916ms p95= 17.357ms max=288.455ms calls(last=  1,win= 120,total=120) (win 113.5% | avg 113.5% budget)
  frame.present                    win= 18.908ms avg= 18.908ms p95= 17.350ms max=288.446ms calls(last=  1,win= 120,total=120) (win 113.5% | avg 113.5% budget)
  menu.music                       win=  0.268ms avg=  0.268ms p95=  0.666ms max=  1.905ms calls(last=  1,win= 120,total=120) (win 1.6% | avg 1.6% budget)
  frame.input_poll                 win=  0.028ms avg=  0.028ms p95=  0.030ms max=  0.046ms calls(last=  1,win= 120,total=120) (win 0.2% | avg 0.2% budget)
  frame.fixed_step                 win=  0.002ms avg=  0.002ms p95=  0.003ms max=  0.004ms calls(last=  1,win= 124,total=124) (win 0.0% | avg 0.0% budget)

[PROFILE] frame=240 budget=16.667ms alloc(+0/-0, +0b/-0b, live=5192b peak=20464b)
  frame.total                      win= 16.888ms avg= 16.888ms p95= 17.821ms max=288.505ms calls(last=  1,win= 120,total=240) (win 101.3% | avg 101.3% budget)
  frame.render                     win= 16.556ms avg= 16.556ms p95= 17.069ms max=288.455ms calls(last=  1,win= 120,total=240) (win 99.3% | avg 99.3% budget)
  frame.present                    win= 16.547ms avg= 16.547ms p95= 17.062ms max=288.446ms calls(last=  1,win= 120,total=240) (win 99.3% | avg 99.3% budget)
  menu.music                       win=  0.289ms avg=  0.289ms p95=  0.684ms max=  1.905ms calls(last=  1,win= 120,total=240) (win 1.7% | avg 1.7% budget)
  frame.input_poll                 win=  0.028ms avg=  0.028ms p95=  0.030ms max=  0.064ms calls(last=  1,win= 120,total=240) (win 0.2% | avg 0.2% budget)
  frame.fixed_step                 win=  0.002ms avg=  0.002ms p95=  0.002ms max=  0.004ms calls(last=  1,win= 123,total=247) (win 0.0% | avg 0.0% budget)

[PROFILE] frame=360 budget=16.667ms alloc(+0/-0, +0b/-0b, live=5192b peak=20464b)
  frame.total                      win= 16.872ms avg= 16.872ms p95= 17.733ms max=288.505ms calls(last=  1,win= 120,total=360) (win 101.2% | avg 101.2% budget)
  frame.render                     win= 16.543ms avg= 16.543ms p95= 17.036ms max=288.455ms calls(last=  1,win= 120,total=360) (win 99.3% | avg 99.3% budget)
  frame.present                    win= 16.535ms avg= 16.535ms p95= 17.029ms max=288.446ms calls(last=  1,win= 120,total=360) (win 99.2% | avg 99.2% budget)
  menu.music                       win=  0.287ms avg=  0.287ms p95=  0.844ms max=  1.905ms calls(last=  1,win= 120,total=360) (win 1.7% | avg 1.7% budget)
  frame.input_poll                 win=  0.028ms avg=  0.028ms p95=  0.029ms max=  0.064ms calls(last=  1,win= 120,total=360) (win 0.2% | avg 0.2% budget)
  frame.fixed_step                 win=  0.002ms avg=  0.002ms p95=  0.003ms max=  0.004ms calls(last=  1,win= 122,total=369) (win 0.0% | avg 0.0% budget)

[PROFILE] frame=480 budget=16.667ms alloc(+0/-0, +0b/-0b, live=5192b peak=20464b)
  frame.total                      win= 16.891ms avg= 16.891ms p95= 17.714ms max=288.505ms calls(last=  1,win= 120,total=480) (win 101.3% | avg 101.3% budget)
  frame.render                     win= 16.544ms avg= 16.544ms p95= 17.018ms max=288.455ms calls(last=  1,win= 120,total=480) (win 99.3% | avg 99.3% budget)
  frame.present                    win= 16.536ms avg= 16.536ms p95= 17.010ms max=288.446ms calls(last=  1,win= 120,total=480) (win 99.2% | avg 99.2% budget)
  menu.music                       win=  0.304ms avg=  0.304ms p95=  0.859ms max=  1.905ms calls(last=  1,win= 120,total=480) (win 1.8% | avg 1.8% budget)
  frame.input_poll                 win=  0.028ms avg=  0.028ms p95=  0.029ms max=  0.064ms calls(last=  1,win= 120,total=480) (win 0.2% | avg 0.2% budget)
  frame.fixed_step                 win=  0.002ms avg=  0.002ms p95=  0.002ms max=  0.004ms calls(last=  1,win= 123,total=492) (win 0.0% | avg 0.0% budget)

[PROFILE] frame=600 budget=16.667ms alloc(+0/-0, +0b/-0b, live=5192b peak=20464b)
  frame.total                      win= 16.874ms avg= 16.874ms p95= 17.745ms max=288.505ms calls(last=  1,win= 120,total=600) (win 101.2% | avg 101.2% budget)
  frame.render                     win= 16.541ms avg= 16.541ms p95= 17.019ms max=288.455ms calls(last=  1,win= 120,total=600) (win 99.2% | avg 99.2% budget)
  frame.present                    win= 16.534ms avg= 16.534ms p95= 17.010ms max=288.446ms calls(last=  1,win= 120,total=600) (win 99.2% | avg 99.2% budget)
  menu.music                       win=  0.290ms avg=  0.290ms p95=  0.694ms max=  2.215ms calls(last=  1,win= 120,total=600) (win 1.7% | avg 1.7% budget)
  frame.input_poll                 win=  0.027ms avg=  0.027ms p95=  0.029ms max=  0.064ms calls(last=  1,win= 120,total=600) (win 0.2% | avg 0.2% budget)
  frame.fixed_step                 win=  0.002ms avg=  0.002ms p95=  0.002ms max=  0.004ms calls(last=  1,win= 122,total=614) (win 0.0% | avg 0.0% budget)

[PROFILE] frame=720 budget=16.667ms alloc(+0/-0, +0b/-0b, live=5192b peak=20464b)
  frame.total                      win= 16.873ms avg= 16.873ms p95= 17.822ms max=288.505ms calls(last=  1,win= 120,total=720) (win 101.2% | avg 101.2% budget)
  frame.render                     win= 16.530ms avg= 16.530ms p95= 17.072ms max=288.455ms calls(last=  1,win= 120,total=720) (win 99.2% | avg 99.2% budget)
  frame.present                    win= 16.522ms avg= 16.522ms p95= 17.064ms max=288.446ms calls(last=  1,win= 120,total=720) (win 99.1% | avg 99.1% budget)
  menu.music                       win=  0.299ms avg=  0.299ms p95=  0.697ms max=  2.215ms calls(last=  1,win= 120,total=720) (win 1.8% | avg 1.8% budget)
  frame.input_poll                 win=  0.029ms avg=  0.029ms p95=  0.030ms max=  0.074ms calls(last=  1,win= 120,total=720) (win 0.2% | avg 0.2% budget)
  frame.fixed_step                 win=  0.002ms avg=  0.002ms p95=  0.002ms max=  0.004ms calls(last=  1,win= 122,total=736) (win 0.0% | avg 0.0% budget)

[PROFILE] frame=840 budget=16.667ms alloc(+0/-0, +0b/-0b, live=5192b peak=20464b)
  frame.total                      win= 16.881ms avg= 16.881ms p95= 18.294ms max=288.505ms calls(last=  1,win= 120,total=840) (win 101.3% | avg 101.3% budget)
  frame.render                     win= 16.534ms avg= 16.534ms p95= 17.076ms max=288.455ms calls(last=  1,win= 120,total=840) (win 99.2% | avg 99.2% budget)
  frame.present                    win= 16.526ms avg= 16.526ms p95= 17.069ms max=288.446ms calls(last=  1,win= 120,total=840) (win 99.2% | avg 99.2% budget)
  menu.music                       win=  0.304ms avg=  0.304ms p95=  0.761ms max=  2.269ms calls(last=  1,win= 120,total=840) (win 1.8% | avg 1.8% budget)
  frame.input_poll                 win=  0.028ms avg=  0.028ms p95=  0.030ms max=  0.074ms calls(last=  1,win= 120,total=840) (win 0.2% | avg 0.2% budget)
  frame.fixed_step                 win=  0.002ms avg=  0.002ms p95=  0.003ms max=  0.004ms calls(last=  1,win= 123,total=859) (win 0.0% | avg 0.0% budget)

[PROFILE] frame=960 budget=16.667ms alloc(+0/-0, +0b/-0b, live=5192b peak=20464b)
  frame.total                      win= 16.879ms avg= 16.879ms p95= 17.813ms max=288.505ms calls(last=  1,win= 120,total=960) (win 101.3% | avg 101.3% budget)
  frame.render                     win= 16.511ms avg= 16.511ms p95= 17.085ms max=288.455ms calls(last=  1,win= 120,total=960) (win 99.1% | avg 99.1% budget)
  frame.present                    win= 16.504ms avg= 16.504ms p95= 17.077ms max=288.446ms calls(last=  1,win= 120,total=960) (win 99.0% | avg 99.0% budget)
  menu.music                       win=  0.325ms avg=  0.325ms p95=  0.738ms max=  2.921ms calls(last=  1,win= 120,total=960) (win 2.0% | avg 2.0% budget)
  frame.input_poll                 win=  0.028ms avg=  0.028ms p95=  0.029ms max=  0.074ms calls(last=  1,win= 120,total=960) (win 0.2% | avg 0.2% budget)
  frame.fixed_step                 win=  0.002ms avg=  0.002ms p95=  0.002ms max=  0.004ms calls(last=  1,win= 122,total=981) (win 0.0% | avg 0.0% budget)

[PROFILE] frame=108INFO: TEXTURE: [ID 12] Texture loaded successfully (160x480 | R8G8B8A8 | 1 mipmaps)
INFO: TEXTURE: [ID 1] Depth renderbuffer loaded successfully (24 bits)
INFO: FBO: [ID 1] Framebuffer object created successfully
INFO: TEXTURE: [ID 13] Texture loaded successfully (60x60 | R8G8B8A8 | 1 mipmaps)
INFO: TEXTURE: [ID 2] Depth renderbuffer loaded successfully (24 bits)
INFO: FBO: [ID 2] Framebuffer object created successfully
INFO: TEXTURE: [ID 14] Texture loaded successfully (66x66 | R8G8B8A8 | 1 mipmaps)
INFO: TEXTURE: [ID 3] Depth renderbuffer loaded successfully (24 bits)
INFO: FBO: [ID 3] Framebuffer object created successfully
INFO: FILEIO: [resources/textures/sprites.png] File loaded successfully
INFO: IMAGE: Data loaded successfully (18x63 | R8G8B8A8 | 1 mipmaps)
INFO: TEXTURE: [ID 15] Texture loaded successfully (36x36 | R8G8B8A8 | 1 mipmaps)
INFO: FILEIO: [resources/textures/sprites.png] File loaded successfully
INFO: IMAGE: Data loaded successfully (18x63 | R8G8B8A8 | 1 mipmaps)
INFO: TEXTURE: [ID 16] Texture loaded successfully (10x10 | R8G8B8A8 | 1 mipmaps)
INFO: TEXTURE: [ID 17] Texture loaded successfully (10x10 | R8G8B8A8 | 1 mipmaps)
INFO: TEXTURE: [ID 18] Texture loaded successfully (10x10 | R8G8B8A8 | 1 mipmaps)
INFO: TEXTURE: [ID 19] Texture loaded successfully (10x10 | R8G8B8A8 | 1 mipmaps)
0 budget=16.667ms alloc(+0/-0, +0b/-0b, live=5192b peak=20464b)
  frame.total                      win= 16.898ms avg= 16.898ms p95= 18.739ms max=288.505ms calls(last=  1,win= 120,total=1080) (win 101.4% | avg 101.4% budget)
  frame.render                     win= 16.475ms avg= 16.475ms p95= 17.078ms max=288.455ms calls(last=  1,win= 120,total=1080) (win 98.9% | avg 98.9% budget)
  frame.present                    win= 16.468ms avg= 16.468ms p95= 17.070ms max=288.446ms calls(last=  1,win= 120,total=1080) (win 98.8% | avg 98.8% budget)
  menu.music                       win=  0.379ms avg=  0.379ms p95=  1.643ms max=  2.921ms calls(last=  1,win= 120,total=1080) (win 2.3% | avg 2.3% budget)
  frame.input_poll                 win=  0.028ms avg=  0.028ms p95=  0.030ms max=  0.074ms calls(last=  1,win= 120,total=1080) (win 0.2% | avg 0.2% budget)
  frame.fixed_step                 win=  0.002ms avg=  0.002ms p95=  0.002ms max=  0.004ms calls(last=  1,win= 123,total=1104) (win 0.0% | avg 0.0% budget)

[PROFILE] frame=1200 budget=16.667ms alloc(+0/-0, +0b/-0b, live=5192b peak=20464b)
  frame.total                      win= 16.871ms avg= 16.871ms p95= 17.921ms max=288.505ms calls(last=  1,win= 120,total=1200) (win 101.2% | avg 101.2% budget)
  frame.render                     win= 16.432ms avg= 16.432ms p95= 17.020ms max=288.455ms calls(last=  1,win= 120,total=1200) (win 98.6% | avg 98.6% budget)
  frame.present                    win= 16.424ms avg= 16.424ms p95= 17.012ms max=288.446ms calls(last=  1,win= 120,total=1200) (win 98.5% | avg 98.5% budget)
  menu.music                       win=  0.396ms avg=  0.396ms p95=  1.453ms max=  3.546ms calls(last=  1,win= 120,total=1200) (win 2.4% | avg 2.4% budget)
  frame.input_poll                 win=  0.028ms avg=  0.028ms p95=  0.030ms max=  0.074ms calls(last=  1,win= 120,total=1200) (win 0.2% | avg 0.2% budget)
  frame.fixed_step                 win=  0.002ms avg=  0.002ms p95=  0.002ms max=  0.004ms calls(last=  1,win= 122,total=1226) (win 0.0% | avg 0.0% budget)

[PROFILE] frame=1320 budget=16.667ms alloc(+0/-0, +0b/-0b, live=5192b peak=20464b)
  frame.total                      win= 16.898ms avg= 16.898ms p95= 17.805ms max=288.505ms calls(last=  1,win= 120,total=1320) (win 101.4% | avg 101.4% budget)
  frame.render                     win= 16.561ms avg= 16.561ms p95= 17.038ms max=288.455ms calls(last=  1,win= 120,total=1320) (win 99.4% | avg 99.4% budget)
  frame.present                    win= 16.554ms avg= 16.554ms p95= 17.031ms max=288.446ms calls(last=  1,win= 120,total=1320) (win 99.3% | avg 99.3% budget)
  menu.music                       win=  0.294ms avg=  0.294ms p95=  0.725ms max=  3.546ms calls(last=  1,win= 120,total=1320) (win 1.8% | avg 1.8% budget)
  frame.input_poll                 win=  0.028ms avg=  0.028ms p95=  0.030ms max=  0.074ms calls(last=  1,win= 120,total=1320) (win 0.2% | avg 0.2% budget)
  frame.fixed_step                 win=  0.002ms avg=  0.002ms p95=  0.002ms max=  0.004ms calls(last=  1,win= 123,total=1349) (win 0.0% | avg 0.0% budget)

[PROFILE] frame=1440 budget=16.667ms alloc(+18/-18, +70032b/-70032b, live=76024b peak=145976b)
  frame.total                      win= 17.717ms avg= 17.717ms p95= 17.869ms max=288.505ms calls(last=  1,win= 120,total=1440) (win 106.3% | avg 106.3% budget)
  frame.render                     win= 16.665ms avg= 16.665ms p95= 16.949ms max=288.455ms calls(last=  1,win= 120,total=1440) (win 100.0% | avg 100.0% budget)
  frame.present                    win= 15.176ms avg= 15.176ms p95= 16.877ms max=288.446ms calls(last=  1,win= 120,total=1440) (win 91.1% | avg 91.1% budget)
  frame.render.world               win=  2.236ms avg=  1.733ms p95=  2.484ms max=  4.862ms calls(last=  1,win=  93,total=93) (win 13.4% | avg 10.4% budget)
  frame.fixed_step                 win=  0.908ms avg=  0.954ms p95=  1.465ms max=  4.453ms calls(last=  1,win= 126,total=1475) (win 5.4% | avg 5.7% budget)
  frame.render.hud                 win=  0.828ms avg=  0.641ms p95=  0.912ms max=  1.070ms calls(last=  1,win=  93,total=93) (win 5.0% | avg 3.8% budget)
  frame.render.world.maze          win=  0.806ms avg=  0.625ms p95=  0.878ms max=  2.197ms calls(last=  1,win=  93,total=93) (win 4.8% | avg 3.7% budget)
  game.update                      win=  0.497ms avg=  0.410ms p95=  0.740ms max=  2.393ms calls(last=  1,win=  99,total=99) (win 3.0% | avg 2.5% budget)
  frame.render.world.effects       win=  0.455ms avg=  0.352ms p95=  0.513ms max=  1.205ms calls(last=  1,win=  93,total=93) (win 2.7% | avg 2.1% budget)
  system.ai_update                 win=  0.407ms avg=  0.336ms p95=  0.557ms max=  2.195ms calls(last=  1,win=  99,total=99) (win 2.4% | avg 2.0% budget)
  enemy.update                     win=  0.401ms avg=  0.331ms p95=  0.550ms max=  2.167ms calls(last=  1,win=  99,total=99) (win 2.4% | avg 2.0% budget)
  frame.render.hud.minimap         win=  0.387ms avg=  0.300ms p95=  0.423ms max=  0.619ms calls(last=  1,win=  93,total=93) (win 2.3% | avg 1.8% budget)
  frame.render.hud.text            win=  0.219ms avg=  0.170ms p95=  0.242ms max=  0.267ms calls(last=  1,win=  93,total=93) (win 1.3% | avg 1.0% budget)
  frame.render.world.enemies       win=  0.173ms avg=  0.134ms p95=  0.193ms max=  0.437ms calls(last=  1,win=  93,total=93) (win 1.0% | avg 0.8% budget)
  frame.render.world.enemies.draw  win=  0.160ms avg=  0.124ms p95=  0.162ms max=  0.398ms calls(last=  1,win=  93,total=93) (win 1.0% | avg 0.7% budget)
  enemy.cheap.segment_build        win=  0.065ms avg=  0.003ms p95=  0.000ms max=  0.101ms calls(last=  0,win=   6,total=6) (win 0.4% | avg 0.0% budget)
  frame.render.hud.compass         win=  0.062ms avg=  0.048ms p95=  0.154ms max=  0.157ms calls(last=  1,win=  93,total=93) (win 0.4% | avg 0.3% budget)
  menu.music                       win=  0.056ms avg=  0.056ms p95=  0.660ms max=  3.546ms calls(last=  1,win= 120,total=1440) (win 0.3% | avg 0.3% budget)
  frame.render.hud.lives           win=  0.052ms avg=  0.040ms p95=  0.053ms max=  0.088ms calls(last=  1,win=  93,total=93) (win 0.3% | avg 0.2% budget)
  frame.render.hud.static          win=  0.047ms avg=  0.036ms p95=  0.062ms max=  0.080ms calls(last=  1,win=  93,total=93) (win 0.3% | avg 0.2% budget)
  frame.render.hud.bars            win=  0.039ms avg=  0.030ms p95=  0.040ms max=  0.081ms calls(last=  1,win=  93,total=93) (win 0.2% | avg 0.2% budget)
  frame.input_poll                 win=  0.028ms avg=  0.028ms p95=  0.029ms max=  0.074ms calls(last=  1,win= 120,total=1440) (win 0.2% | avg 0.2% budget)
  enemy.type.torpedo               win=  0.027ms avg=  0.008ms p95=  0.018ms max=  0.360ms calls(last=  1,win=  36,total=36) (win 0.2% | avg 0.0% budget)
  system.player_update             win=  0.027ms avg=  0.002ms p95=  0.027ms max=  0.027ms calls(last=  1,win=   9,total=9) (win 0.2% | avg 0.0% budget)
[ENEMY_STATS] frame=1440 alive=7 visible=0 full=0 cheap=7 fullInBase=0 pairs(frontal=0 checks=0 separation=0 resolved=0)
[ENEMY_WINDOW] steps=100 alive[min=0 max=7] visible[min=0 max=0] full[min=0 max=0] collisionPasses[runs=0 skips=100]
[ENEMY_SEGMENTS] window=1.667s D{b/s=3.60 avgLen=5.38 fail=0} T{b/s=0.00 avgLen=0.00 fail=0} H{b/s=0.00 avgLen=0.00 fail=0} A{b/s=0.00 avgLen=0.00 fail=0}
[ENEMY_GRID] frontal{cand/s=0.0 xcell/s=0.0 ins/s=0.0} separation{cand/s=0.0}
[ENEMY_COLLISION_WINDOW] frontal{pairs/s=0.0 checks/s=0.0 baseSkip=0 kill=0(0.0%)} separation{pairs/s=0.0 resolved/s=0.0(0.0%) baseSkip=0 kill=0 wallBlock=0}
[ENEMY_UNCOUPLE] entries=0 reentryResets=0(0.0%) reason{frontal=0 separation=0 wallContact=0}
[ENEMY_KILL_DEBUG] enemyEnemy{events=0 frontal=0 separation=0 reenterEither=0 reenterBoth=0 wallContact=0 dist[min=0.000 avg=0.000 max=0.000]}
[ENEMY_NAV_CACHE] playerCell{changes=0 flowRebuilds=0} flow{hit=0 miss=0 hit%=0.0} pathFallback{calls=0 ok=0 ok%=0.0}
[ENEMY_ASSASSIN_CHEAP_RECOVERY] failByStage{s0=0 s1=0 s2=0} recoverByStage{s0=0 s1=0 s2=0} emergency{attempt=0 success=0} noFlowSkips=0
[ENEMY_ASSASSIN_WALL_ENTRIES] byPhase{cheap=0 uncouple=0 full=0}
[ENEMY_SAP] updates=0 active=0 pairs=0 repairs{x=0 y=0}
[ENEMY_PAIR_TYPES] frontal DD=0 DT=0 DH=0 DA=0 TT=0 TH=0 TA=0 HH=0 HA=0 AA=0 separation DD=0 DT=0 DH=0 DA=0 TT=0 TH=0 TA=0 HH=0 HA=0 AA=0
[ENEMY_KILL_DEBUG_COLLISION] projectile{kills=0 wallContact=0}

[PROFILE] frame=1560 budget=16.667ms alloc(+19/-19, +75336b/-75336b, live=84288b peak=163328b)
  frame.total                      win= 16.869ms avg= 16.869ms p95= 17.199ms max=288.505ms calls(last=  1,win= 120,total=1560) (win 101.2% | avg 101.2% budget)
  frame.render                     win= 15.397ms avg= 15.397ms p95= 15.705ms max=288.455ms calls(last=  1,win= 120,total=1560) (win 92.4% | avg 92.4% budget)
  frame.present                    win= 13.724ms avg= 13.724ms p95= 14.048ms max=288.446ms calls(last=  1,win= 120,total=1560) (win 82.3% | avg 82.3% budget)
  frame.render.world               win=  2.167ms avg=  2.167ms p95=  2.342ms max=  4.862ms calls(last=  1,win= 120,total=213) (win 13.0% | avg 13.0% budget)
  frame.fixed_step                 win=  1.394ms avg=  1.428ms p95=  1.903ms max=  4.453ms calls(last=  1,win= 123,total=1598) (win 8.4% | avg 8.6% budget)
  frame.render.hud                 win=  0.818ms avg=  0.818ms p95=  0.875ms max=  1.070ms calls(last=  1,win= 120,total=213) (win 4.9% | avg 4.9% budget)
  frame.render.world.maze          win=  0.799ms avg=  0.799ms p95=  0.862ms max=  2.197ms calls(last=  1,win= 120,total=213) (win 4.8% | avg 4.8% budget)
  game.update                      win=  0.684ms avg=  0.701ms p95=  1.108ms max=  2.393ms calls(last=  1,win= 123,total=222) (win 4.1% | avg 4.2% budget)
  system.ai_update                 win=  0.550ms avg=  0.564ms p95=  0.945ms max=  2.195ms calls(last=  1,win= 123,total=222) (win 3.3% | avg 3.4% budget)
  enemy.update                     win=  0.545ms avg=  0.559ms p95=  0.936ms max=  2.167ms calls(last=  1,win= 123,total=222) (win 3.3% | avg 3.4% budget)
  frame.render.world.effects       win=  0.445ms avg=  0.445ms p95=  0.558ms max=  1.205ms calls(last=  1,win= 120,total=213) (win 2.7% | avg 2.7% budget)
  frame.render.hud.minimap         win=  0.386ms avg=  0.386ms p95=  0.432ms max=  0.644ms calls(last=  1,win= 120,total=213) (win 2.3% | avg 2.3% budget)
  frame.render.hud.text            win=  0.222ms avg=  0.222ms p95=  0.260ms max=  0.323ms calls(last=  1,win= 120,total=213) (win 1.3% | avg 1.3% budget)
  frame.render.world.enemies       win=  0.174ms avg=  0.174ms p95=  0.214ms max=  0.437ms calls(last=  1,win= 120,total=213) (win 1.0% | avg 1.0% budget)
  frame.render.world.enemies.draw  win=  0.160ms avg=  0.160ms p95=  0.199ms max=  0.398ms calls(last=  1,win= 120,total=213) (win 1.0% | avg 1.0% budget)
  enemy.cheap.segment_build        win=  0.058ms avg=  0.001ms p95=  0.000ms max=  0.107ms calls(last=  0,win=   3,total=9) (win 0.3% | avg 0.0% budget)
  frame.render.hud.lives           win=  0.052ms avg=  0.052ms p95=  0.053ms max=  0.095ms calls(last=  1,win= 120,total=213) (win 0.3% | avg 0.3% budget)
  frame.render.hud.compass         win=  0.052ms avg=  0.052ms p95=  0.055ms max=  0.157ms calls(last=  1,win= 120,total=213) (win 0.3% | avg 0.3% budget)
  frame.render.hud.static          win=  0.046ms avg=  0.046ms p95=  0.060ms max=  0.080ms calls(last=  1,win= 120,total=213) (win 0.3% | avg 0.3% budget)
  frame.render.hud.bars            win=  0.040ms avg=  0.040ms p95=  0.041ms max=  0.128ms calls(last=  1,win= 120,total=213) (win 0.2% | avg 0.2% budget)
  frame.render.world.effects.projectiles win=  0.034ms avg=  0.012ms p95=  0.050ms max=  0.052ms calls(last=  1,win=  41,total=41) (win 0.2% | avg 0.1% budget)
  system.spawner_update            win=  0.030ms avg=  0.031ms p95=  0.141ms max=  0.432ms calls(last=  1,win= 123,total=222) (win 0.2% | avg 0.2% budget)
  system.physics_collision         win=  0.029ms avg=  0.030ms p95=  0.055ms max=  0.075ms calls(last=  1,win= 123,total=222) (win 0.2% | avg 0.2% budget)
  frame.input_poll                 win=  0.028ms avg=  0.028ms p95=  0.029ms max=  0.078ms calls(last=  1,win= 120,total=1560) (win 0.2% | avg 0.2% budget)
[ENEMY_STATS] frame=1560 alive=12 visible=0 full=0 cheap=12 fullInBase=0 pairs(frontal=0 checks=0 separation=0 resolved=0)
[ENEMY_WINDOW] steps=123 alive[min=7 max=12] visible[min=0 max=0] full[min=0 max=0] collisionPasses[runs=0 skips=123]
[ENEMY_SEGMENTS] window=2.050s D{b/s=1.46 avgLen=5.16 fail=0} T{b/s=0.00 avgLen=0.00 fail=0} H{b/s=0.00 avgLen=0.00 fail=0} A{b/s=0.00 avgLen=0.00 fail=0}
[ENEMY_GRID] frontal{cand/s=0.0 xcell/s=0.0 ins/s=0.0} separation{cand/s=0.0}
[ENEMY_COLLISION_WINDOW] frontal{pairs/s=0.0 checks/s=0.0 baseSkip=0 kill=0(0.0%)} separation{pairs/s=0.0 resolved/s=0.0(0.0%) baseSkip=0 kill=0 wallBlock=0}
[ENEMY_UNCOUPLE] entries=0 reentryResets=0(0.0%) reason{frontal=0 separation=0 wallContact=0}
[ENEMY_KILL_DEBUG] enemyEnemy{events=0 frontal=0 separation=0 reenterEither=0 reenterBoth=0 wallContact=0 dist[min=0.000 avg=0.000 max=0.000]}
[ENEMY_NAV_CACHE] playerCell{changes=0 flowRebuilds=0} flow{hit=0 miss=0 hit%=0.0} pathFallback{calls=0 ok=0 ok%=0.0}
[ENEMY_ASSASSIN_CHEAP_RECOVERY] failByStage{s0=0 s1=0 s2=0} recoverByStage{s0=0 s1=0 s2=0} emergency{attempt=0 success=0} noFlowSkips=0
[ENEMY_ASSASSIN_WALL_ENTRIES] byPhase{cheap=0 uncouple=0 full=0}
[ENEMY_SAP] updates=0 active=0 pairs=0 repairs{x=0 y=0}
[ENEMY_PAIR_TYPES] frontal DD=0 DT=0 DH=0 DA=0 TT=0 TH=0 TA=0 HH=0 HA=0 AA=0 separation DD=0 DT=0 DH=0 DA=0 TT=0 TH=0 TA=0 HH=0 HA=0 AA=0
[ENEMY_KILL_DEBUG_COLLISION] projectile{kills=0 wallContact=0}

[PROFILE] frame=1680 budget=16.667ms alloc(+19/-19, +83656b/-83656b, live=100752b peak=195184b)
  frame.total                      win= 16.880ms avg= 16.880ms p95= 17.276ms max=288.505ms calls(last=  1,win= 120,total=1680) (win 101.3% | avg 101.3% budget)
  frame.render                     win= 15.222ms avg= 15.222ms p95= 15.674ms max=288.455ms calls(last=  1,win= 120,total=1680) (win 91.3% | avg 91.3% budget)
  frame.present                    win= 13.550ms avg= 13.550ms p95= 14.056ms max=288.446ms calls(last=  1,win= 120,total=1680) (win 81.3% | avg 81.3% budget)
  frame.render.world               win=  2.237ms avg=  2.237ms p95=  2.477ms max=  4.862ms calls(last=  1,win= 120,total=333) (win 13.4% | avg 13.4% budget)
  frame.fixed_step                 win=  1.588ms avg=  1.615ms p95=  2.082ms max=  4.453ms calls(last=  1,win= 122,total=1720) (win 9.5% | avg 9.7% budget)
  frame.render.hud                 win=  0.819ms avg=  0.819ms p95=  0.887ms max=  1.070ms calls(last=  1,win= 120,total=333) (win 4.9% | avg 4.9% budget)
  game.update                      win=  0.814ms avg=  0.827ms p95=  1.315ms max=  2.393ms calls(last=  1,win= 122,total=344) (win 4.9% | avg 5.0% budget)
  frame.render.world.maze          win=  0.795ms avg=  0.795ms p95=  0.878ms max=  2.197ms calls(last=  1,win= 120,total=333) (win 4.8% | avg 4.8% budget)
  system.ai_update                 win=  0.641ms avg=  0.651ms p95=  1.100ms max=  2.195ms calls(last=  1,win= 122,total=344) (win 3.8% | avg 3.9% budget)
  enemy.update                     win=  0.635ms avg=  0.646ms p95=  1.051ms max=  2.167ms calls(last=  1,win= 122,total=344) (win 3.8% | avg 3.9% budget)
  frame.render.world.effects       win=  0.482ms avg=  0.482ms p95=  0.601ms max=  1.205ms calls(last=  1,win= 120,total=333) (win 2.9% | avg 2.9% budget)
  frame.render.hud.minimap         win=  0.391ms avg=  0.391ms p95=  0.439ms max=  0.644ms calls(last=  1,win= 120,total=333) (win 2.3% | avg 2.3% budget)
  frame.render.hud.text            win=  0.220ms avg=  0.220ms p95=  0.234ms max=  0.323ms calls(last=  1,win= 120,total=333) (win 1.3% | avg 1.3% budget)
  frame.render.world.enemies       win=  0.176ms avg=  0.176ms p95=  0.214ms max=  0.437ms calls(last=  1,win= 120,total=333) (win 1.1% | avg 1.1% budget)
  frame.render.world.enemies.draw  win=  0.159ms avg=  0.159ms p95=  0.198ms max=  0.398ms calls(last=  1,win= 120,total=333) (win 1.0% | avg 1.0% budget)
  enemy.cheap.segment_build        win=  0.066ms avg=  0.004ms p95=  0.000ms max=  0.107ms calls(last=  0,win=   7,total=16) (win 0.4% | avg 0.0% budget)
  system.physics_collision         win=  0.060ms avg=  0.061ms p95=  0.081ms max=  0.157ms calls(last=  1,win= 122,total=344) (win 0.4% | avg 0.4% budget)
  frame.render.hud.lives           win=  0.053ms avg=  0.053ms p95=  0.054ms max=  0.098ms calls(last=  1,win= 120,total=333) (win 0.3% | avg 0.3% budget)
  frame.render.hud.compass         win=  0.051ms avg=  0.051ms p95=  0.053ms max=  0.157ms calls(last=  1,win= 120,total=333) (win 0.3% | avg 0.3% budget)
  frame.render.hud.static          win=  0.046ms avg=  0.046ms p95=  0.059ms max=  0.139ms calls(last=  1,win= 120,total=333) (win 0.3% | avg 0.3% budget)
  frame.render.hud.bars            win=  0.039ms avg=  0.039ms p95=  0.041ms max=  0.128ms calls(last=  1,win= 120,total=333) (win 0.2% | avg 0.2% budget)
  frame.render.world.effects.projectiles win=  0.037ms avg=  0.037ms p95=  0.071ms max=  0.090ms calls(last=  1,win= 120,total=161) (win 0.2% | avg 0.2% budget)
  system.spawner_update            win=  0.034ms avg=  0.035ms p95=  0.171ms max=  0.521ms calls(last=  1,win= 122,total=344) (win 0.2% | avg 0.2% budget)
  frame.input_poll                 win=  0.028ms avg=  0.028ms p95=  0.030ms max=  0.078ms calls(last=  1,win= 120,total=1680) (win 0.2% | avg 0.2% budget)
[ENEMY_STATS] frame=1680 alive=20 visible=0 full=0 cheap=20 fullInBase=0 pairs(frontal=0 checks=0 separation=0 resolved=0)
[ENEMY_WINDOW] steps=122 alive[min=12 max=20] visible[min=0 max=0] full[min=0 max=0] collisionPasses[runs=0 skips=122]
[ENEMY_SEGMENTS] window=2.033s D{b/s=3.44 avgLen=4.49 fail=0} T{b/s=0.00 avgLen=0.00 fail=0} H{b/s=0.00 avgLen=0.00 fail=0} A{b/s=0.00 avgLen=0.00 fail=0}
[ENEMY_GRID] frontal{cand/s=0.0 xcell/s=0.0 ins/s=0.0} separation{cand/s=0.0}
[ENEMY_COLLISION_WINDOW] frontal{pairs/s=0.0 checks/s=0.0 baseSkip=0 kill=0(0.0%)} separation{pairs/s=0.0 resolved/s=0.0(0.0%) baseSkip=0 kill=0 wallBlock=0}
[ENEMY_UNCOUPLE] entries=0 reentryResets=0(0.0%) reason{frontal=0 separation=0 wallContact=0}
[ENEMY_KILL_DEBUG] enemyEnemy{events=0 frontal=0 separation=0 reenterEither=0 reenterBoth=0 wallContact=0 dist[min=0.000 avg=0.000 max=0.000]}
[ENEMY_NAV_CACHE] playerCell{changes=0 flowRebuilds=0} flow{hit=0 miss=0 hit%=0.0} pathFallback{calls=0 ok=0 ok%=0.0}
[ENEMY_ASSASSIN_CHEAP_RECOVERY] failByStage{s0=0 s1=0 s2=0} recoverByStage{s0=0 s1=0 s2=0} emergency{attempt=0 success=0} noFlowSkips=0
[ENEMY_ASSASSIN_WALL_ENTRIES] byPhase{cheap=0 uncouple=0 full=0}
[ENEMY_SAP] updates=0 active=0 pairs=0 repairs{x=0 y=0}
[ENEMY_PAIR_TYPES] frontal DD=0 DT=0 DH=0 DA=0 TT=0 TH=0 TA=0 HH=0 HA=0 AA=0 separation DD=0 DT=0 DH=0 DA=0 TT=0 TH=0 TA=0 HH=0 HA=0 AA=0
[ENEMY_KILL_DEBUG_COLLISION] projectile{kills=0 wallContact=0}

[PROFILE] frame=1800 budget=16.667ms alloc(+18/-18, +89904b/-89904b, live=100752b peak=195184b)
  frame.total                      win= 16.875ms avg= 16.875ms p95= 17.269ms max=288.505ms calls(last=  1,win= 120,total=1800) (win 101.3% | avg 101.3% budget)
  frame.render                     win= 15.013ms avg= 15.013ms p95= 15.538ms max=288.455ms calls(last=  1,win= 120,total=1800) (win 90.1% | avg 90.1% budget)
  frame.present                    win= 13.388ms avg= 13.388ms p95= 13.952ms max=288.446ms calls(last=  1,win= 120,total=1800) (win 80.3% | avg 80.3% budget)
  frame.render.world               win=  2.335ms avg=  2.335ms p95=  2.533ms max=  4.862ms calls(last=  1,win= 120,total=453) (win 14.0% | avg 14.0% budget)
  frame.fixed_step                 win=  1.775ms avg=  1.819ms p95=  2.434ms max=  4.453ms calls(last=  1,win= 123,total=1843) (win 10.6% | avg 10.9% budget)
  frame.render.world.maze          win=  0.927ms avg=  0.927ms p95=  1.039ms max=  2.197ms calls(last=  1,win= 120,total=453) (win 5.6% | avg 5.6% budget)
  game.update                      win=  0.912ms avg=  0.935ms p95=  1.469ms max=  2.393ms calls(last=  1,win= 123,total=467) (win 5.5% | avg 5.6% budget)
  frame.render.hud                 win=  0.837ms avg=  0.837ms p95=  0.915ms max=  1.085ms calls(last=  1,win= 120,total=453) (win 5.0% | avg 5.0% budget)
  system.ai_update                 win=  0.761ms avg=  0.780ms p95=  1.299ms max=  2.195ms calls(last=  1,win= 123,total=467) (win 4.6% | avg 4.7% budget)
  enemy.update                     win=  0.756ms avg=  0.775ms p95=  1.294ms max=  2.167ms calls(last=  1,win= 123,total=467) (win 4.5% | avg 4.6% budget)
  frame.render.world.effects       win=  0.443ms avg=  0.443ms p95=  0.510ms max=  1.205ms calls(last=  1,win= 120,total=453) (win 2.7% | avg 2.7% budget)
  frame.render.hud.minimap         win=  0.401ms avg=  0.401ms p95=  0.445ms max=  0.644ms calls(last=  1,win= 120,total=453) (win 2.4% | avg 2.4% budget)
  frame.render.hud.text            win=  0.227ms avg=  0.227ms p95=  0.263ms max=  0.489ms calls(last=  1,win= 120,total=453) (win 1.4% | avg 1.4% budget)
  frame.render.world.enemies       win=  0.177ms avg=  0.177ms p95=  0.201ms max=  0.437ms calls(last=  1,win= 120,total=453) (win 1.1% | avg 1.1% budget)
  frame.render.world.enemies.draw  win=  0.158ms avg=  0.158ms p95=  0.183ms max=  0.398ms calls(last=  1,win= 120,total=453) (win 0.9% | avg 0.9% budget)
  enemy.cheap.segment_build        win=  0.073ms avg=  0.007ms p95=  0.071ms max=  0.113ms calls(last=  1,win=  12,total=28) (win 0.4% | avg 0.0% budget)
  frame.render.hud.lives           win=  0.054ms avg=  0.054ms p95=  0.054ms max=  0.158ms calls(last=  1,win= 120,total=453) (win 0.3% | avg 0.3% budget)
  frame.render.hud.compass         win=  0.050ms avg=  0.050ms p95=  0.052ms max=  0.157ms calls(last=  1,win= 120,total=453) (win 0.3% | avg 0.3% budget)
  frame.render.hud.static          win=  0.044ms avg=  0.044ms p95=  0.061ms max=  0.139ms calls(last=  1,win= 120,total=453) (win 0.3% | avg 0.3% budget)
  frame.render.hud.bars            win=  0.040ms avg=  0.040ms p95=  0.041ms max=  0.129ms calls(last=  1,win= 120,total=453) (win 0.2% | avg 0.2% budget)
  system.spawner_update            win=  0.037ms avg=  0.038ms p95=  0.185ms max=  0.521ms calls(last=  1,win= 123,total=467) (win 0.2% | avg 0.2% budget)
  system.physics_collision         win=  0.030ms avg=  0.030ms p95=  0.053ms max=  0.157ms calls(last=  1,win= 123,total=467) (win 0.2% | avg 0.2% budget)
  system.player_update             win=  0.028ms avg=  0.029ms p95=  0.031ms max=  0.062ms calls(last=  1,win= 123,total=377) (win 0.2% | avg 0.2% budget)
  frame.input_poll                 win=  0.028ms avg=  0.028ms p95=  0.029ms max=  0.078ms calls(last=  1,win= 120,total=1800) (win 0.2% | avg 0.2% budget)
[ENEMY_STATS] frame=1800 alive=26 visible=0 full=0 cheap=26 fullInBase=0 pairs(frontal=0 checks=0 separation=0 resolved=0)
[ENEMY_WINDOW] steps=123 alive[min=20 max=26] visible[min=0 max=0] full[min=0 max=0] collisionPasses[runs=0 skips=123]
[ENEMY_SEGMENTS] window=2.050s D{b/s=5.85 avgLen=4.41 fail=0} T{b/s=0.00 avgLen=0.00 fail=0} H{b/s=0.00 avgLen=0.00 fail=0} A{b/s=0.00 avgLen=0.00 fail=0}
[ENEMY_GRID] frontal{cand/s=0.0 xcell/s=0.0 ins/s=0.0} separation{cand/s=0.0}
[ENEMY_COLLISION_WINDOW] frontal{pairs/s=0.0 checks/s=0.0 baseSkip=0 kill=0(0.0%)} separation{pairs/s=0.0 resolved/s=0.0(0.0%) baseSkip=0 kill=0 wallBlock=0}
[ENEMY_UNCOUPLE] entries=0 reentryResets=0(0.0%) reason{frontal=0 separation=0 wallContact=0}
[ENEMY_KILL_DEBUG] enemyEnemy{events=0 frontal=0 separation=0 reenterEither=0 reenterBoth=0 wallContact=0 dist[min=0.000 avg=0.000 max=0.000]}
[ENEMY_NAV_CACHE] playerCell{changes=0 flowRebuilds=0} flow{hit=0 miss=0 hit%=0.0} pathFallback{calls=0 ok=0 ok%=0.0}
[ENEMY_ASSASSIN_CHEAP_RECOVERY] failByStage{s0=0 s1=0 s2=0} recoverByStage{s0=0 s1=0 s2=0} emergency{attempt=0 success=0} noFlowSkips=0
[ENEMY_ASSASSIN_WALL_ENTRIES] byPhase{cheap=0 uncouple=0 full=0}
[ENEMY_SAP] updates=0 active=0 pairs=0 repairs{x=0 y=0}
[ENEMY_PAIR_TYPES] frontal DD=0 DT=0 DH=0 DA=0 TT=0 TH=0 TA=0 HH=0 HA=0 AA=0 separation DD=0 DT=0 DH=0 DA=0 TT=0 TH=0 TA=0 HH=0 HA=0 AA=0
[ENEMY_KILL_DEBUG_COLLISION] projectile{kills=0 wallContact=0}

[PROFILE] frame=1920 budget=16.667ms alloc(+18/-18, +94080b/-94080b, live=100752b peak=195184b)
  frame.total                      win= 16.871ms avg= 16.871ms p95= 17.298ms max=288.505ms calls(last=  1,win= 120,total=1920) (win 101.2% | avg 101.2% budget)
  frame.render                     win= 14.895ms avg= 14.895ms p95= 15.390ms max=288.455ms calls(last=  1,win= 120,total=1920) (win 89.4% | avg 89.4% budget)
  frame.present                    win= 13.250ms avg= 13.250ms p95= 13.785ms max=288.446ms calls(last=  1,win= 120,total=1920) (win 79.5% | avg 79.5% budget)
  frame.render.world               win=  2.404ms avg=  2.404ms p95=  2.681ms max=  4.862ms calls(last=  1,win= 120,total=573) (win 14.4% | avg 14.4% budget)
  frame.fixed_step                 win=  1.900ms avg=  1.932ms p95=  2.540ms max=  4.821ms calls(last=  1,win= 122,total=1965) (win 11.4% | avg 11.6% budget)
  frame.render.world.maze          win=  0.983ms avg=  0.983ms p95=  1.059ms max=  2.197ms calls(last=  1,win= 120,total=573) (win 5.9% | avg 5.9% budget)
  game.update                      win=  0.971ms avg=  0.987ms p95=  1.611ms max=  2.806ms calls(last=  1,win= 122,total=589) (win 5.8% | avg 5.9% budget)
  frame.render.hud                 win=  0.842ms avg=  0.842ms p95=  0.932ms max=  1.093ms calls(last=  1,win= 120,total=573) (win 5.1% | avg 5.1% budget)
  system.ai_update                 win=  0.827ms avg=  0.841ms p95=  1.464ms max=  2.195ms calls(last=  1,win= 122,total=589) (win 5.0% | avg 5.0% budget)
  enemy.update                     win=  0.822ms avg=  0.836ms p95=  1.459ms max=  2.167ms calls(last=  1,win= 122,total=589) (win 4.9% | avg 5.0% budget)
  frame.render.world.effects       win=  0.450ms avg=  0.450ms p95=  0.572ms max=  1.205ms calls(last=  1,win= 120,total=573) (win 2.7% | avg 2.7% budget)
  frame.render.hud.minimap         win=  0.410ms avg=  0.410ms p95=  0.462ms max=  0.678ms calls(last=  1,win= 120,total=573) (win 2.5% | avg 2.5% budget)
  frame.render.hud.text            win=  0.222ms avg=  0.222ms p95=  0.258ms max=  0.489ms calls(last=  1,win= 120,total=573) (win 1.3% | avg 1.3% budget)
  frame.render.world.enemies       win=  0.178ms avg=  0.178ms p95=  0.189ms max=  0.437ms calls(last=  1,win= 120,total=573) (win 1.1% | avg 1.1% budget)
  frame.render.world.enemies.draw  win=  0.158ms avg=  0.158ms p95=  0.169ms max=  0.398ms calls(last=  1,win= 120,total=573) (win 1.0% | avg 1.0% budget)
  enemy.cheap.segment_build        win=  0.066ms avg=  0.006ms p95=  0.069ms max=  0.113ms calls(last=  0,win=  11,total=39) (win 0.4% | avg 0.0% budget)
  frame.render.hud.lives           win=  0.052ms avg=  0.052ms p95=  0.054ms max=  0.158ms calls(last=  1,win= 120,total=573) (win 0.3% | avg 0.3% budget)
  frame.render.hud.compass         win=  0.052ms avg=  0.052ms p95=  0.055ms max=  0.157ms calls(last=  1,win= 120,total=573) (win 0.3% | avg 0.3% budget)
  frame.render.hud.static          win=  0.047ms avg=  0.047ms p95=  0.062ms max=  0.157ms calls(last=  1,win= 120,total=573) (win 0.3% | avg 0.3% budget)
  system.spawner_update            win=  0.041ms avg=  0.042ms p95=  0.205ms max=  0.521ms calls(last=  1,win= 122,total=589) (win 0.2% | avg 0.3% budget)
  frame.render.hud.bars            win=  0.039ms avg=  0.039ms p95=  0.040ms max=  0.129ms calls(last=  1,win= 120,total=573) (win 0.2% | avg 0.2% budget)
  system.player_update             win=  0.029ms avg=  0.029ms p95=  0.032ms max=  0.065ms calls(last=  1,win= 122,total=499) (win 0.2% | avg 0.2% budget)
  frame.input_poll                 win=  0.028ms avg=  0.028ms p95=  0.029ms max=  0.078ms calls(last=  1,win= 120,total=1920) (win 0.2% | avg 0.2% budget)
  system.physics_collision         win=  0.021ms avg=  0.021ms p95=  0.024ms max=  0.157ms calls(last=  1,win= 122,total=589) (win 0.1% | avg 0.1% budget)
[ENEMY_STATS] frame=1920 alive=30 visible=0 full=0 cheap=30 fullInBase=0 pairs(frontal=0 checks=0 separation=0 resolved=0)
[ENEMY_WINDOW] steps=122 alive[min=26 max=30] visible[min=0 max=0] full[min=0 max=0] collisionPasses[runs=0 skips=122]
[ENEMY_SEGMENTS] window=2.033s D{b/s=5.41 avgLen=4.38 fail=0} T{b/s=0.00 avgLen=0.00 fail=0} H{b/s=0.00 avgLen=0.00 fail=0} A{b/s=0.00 avgLen=0.00 fail=0}
[ENEMY_GRID] frontal{cand/s=0.0 xcell/s=0.0 ins/s=0.0} separation{cand/s=0.0}
[ENEMY_COLLISION_WINDOW] frontal{pairs/s=0.0 checks/s=0.0 baseSkip=0 kill=0(0.0%)} separation{pairs/s=0.0 resolved/s=0.0(0.0%) baseSkip=0 kill=0 wallBlock=0}
[ENEMY_UNCOUPLE] entries=0 reentryResets=0(0.0%) reason{frontal=0 separation=0 wallContact=0}
[ENEMY_KILL_DEBUG] enemyEnemy{events=0 frontal=0 separation=0 reenterEither=0 reenterBoth=0 wallContact=0 dist[min=0.000 avg=0.000 max=0.000]}
[ENEMY_NAV_CACHE] playerCell{changes=0 flowRebuilds=0} flow{hit=0 miss=0 hit%=0.0} pathFallback{calls=0 ok=0 ok%=0.0}
[ENEMY_ASSASSIN_CHEAP_RECOVERY] failByStage{s0=0 s1=0 s2=0} recoverByStage{s0=0 s1=0 s2=0} emergency{attempt=0 success=0} noFlowSkips=0
[ENEMY_ASSASSIN_WALL_ENTRIES] byPhase{cheap=0 uncouple=0 full=0}
[ENEMY_SAP] updates=0 active=0 pairs=0 repairs{x=0 y=0}
[ENEMY_PAIR_TYPES] frontal DD=0 DT=0 DH=0 DA=0 TT=0 TH=0 TA=0 HH=0 HA=0 AA=0 separation DD=0 DT=0 DH=0 DA=0 TT=0 TH=0 TA=0 HH=0 HA=0 AA=0
[ENEMY_KILL_DEBUG_COLLISION] projectile{kills=0 wallContact=0}

[PROFILE] frame=2040 budget=16.667ms alloc(+18/-18, +102432b/-102432b, live=133520b peak=261704b)
  frame.total                      win= 16.873ms avg= 16.873ms p95= 17.229ms max=288.505ms calls(last=  1,win= 120,total=2040) (win 101.2% | avg 101.2% budget)
  frame.render                     win= 14.689ms avg= 14.689ms p95= 15.230ms max=288.455ms calls(last=  1,win= 120,total=2040) (win 88.1% | avg 88.1% budget)
  frame.present                    win= 13.020ms avg= 13.020ms p95= 13.625ms max=288.446ms calls(last=  1,win= 120,total=2040) (win 78.1% | avg 78.1% budget)
  frame.render.world               win=  2.399ms avg=  2.399ms p95=  2.691ms max=  4.862ms calls(last=  1,win= 120,total=693) (win 14.4% | avg 14.4% budget)
  frame.fixed_step                 win=  2.088ms avg=  2.140ms p95=  3.068ms max=  4.821ms calls(last=  1,win= 123,total=2088) (win 12.5% | avg 12.8% budget)
  game.update                      win=  1.071ms avg=  1.098ms p95=  1.791ms max=  2.806ms calls(last=  1,win= 123,total=712) (win 6.4% | avg 6.6% budget)
  frame.render.world.maze          win=  0.994ms avg=  0.994ms p95=  1.130ms max=  2.197ms calls(last=  1,win= 120,total=693) (win 6.0% | avg 6.0% budget)
  system.ai_update                 win=  0.919ms avg=  0.942ms p95=  1.666ms max=  2.472ms calls(last=  1,win= 123,total=712) (win 5.5% | avg 5.7% budget)
  enemy.update                     win=  0.914ms avg=  0.937ms p95=  1.661ms max=  2.464ms calls(last=  1,win= 123,total=712) (win 5.5% | avg 5.6% budget)
  frame.render.hud                 win=  0.843ms avg=  0.843ms p95=  0.930ms max=  1.093ms calls(last=  1,win= 120,total=693) (win 5.1% | avg 5.1% budget)
  frame.render.world.effects       win=  0.442ms avg=  0.442ms p95=  0.543ms max=  1.205ms calls(last=  1,win= 120,total=693) (win 2.6% | avg 2.6% budget)
  frame.render.hud.minimap         win=  0.411ms avg=  0.411ms p95=  0.474ms max=  0.678ms calls(last=  1,win= 120,total=693) (win 2.5% | avg 2.5% budget)
  frame.render.hud.text            win=  0.223ms avg=  0.223ms p95=  0.259ms max=  0.489ms calls(last=  1,win= 120,total=693) (win 1.3% | avg 1.3% budget)
  frame.render.world.enemies       win=  0.183ms avg=  0.183ms p95=  0.224ms max=  0.437ms calls(last=  1,win= 120,total=693) (win 1.1% | avg 1.1% budget)
  frame.render.world.enemies.draw  win=  0.160ms avg=  0.160ms p95=  0.201ms max=  0.398ms calls(last=  1,win= 120,total=693) (win 1.0% | avg 1.0% budget)
  enemy.cheap.segment_build        win=  0.064ms avg=  0.009ms p95=  0.069ms max=  0.113ms calls(last=  0,win=  17,total=56) (win 0.4% | avg 0.1% budget)
  frame.render.hud.lives           win=  0.052ms avg=  0.052ms p95=  0.054ms max=  0.158ms calls(last=  1,win= 120,total=693) (win 0.3% | avg 0.3% budget)
  frame.render.hud.compass         win=  0.052ms avg=  0.052ms p95=  0.054ms max=  0.157ms calls(last=  1,win= 120,total=693) (win 0.3% | avg 0.3% budget)
  frame.render.hud.static          win=  0.047ms avg=  0.047ms p95=  0.060ms max=  0.164ms calls(last=  1,win= 120,total=693) (win 0.3% | avg 0.3% budget)
  system.spawner_update            win=  0.046ms avg=  0.048ms p95=  0.246ms max=  0.521ms calls(last=  1,win= 123,total=712) (win 0.3% | avg 0.3% budget)
  frame.render.hud.bars            win=  0.039ms avg=  0.039ms p95=  0.040ms max=  0.129ms calls(last=  1,win= 120,total=693) (win 0.2% | avg 0.2% budget)
  system.player_update             win=  0.029ms avg=  0.030ms p95=  0.031ms max=  0.074ms calls(last=  1,win= 123,total=622) (win 0.2% | avg 0.2% budget)
  frame.input_poll                 win=  0.027ms avg=  0.027ms p95=  0.029ms max=  0.078ms calls(last=  1,win= 120,total=2040) (win 0.2% | avg 0.2% budget)
  system.physics_collision         win=  0.022ms avg=  0.023ms p95=  0.025ms max=  0.157ms calls(last=  1,win= 123,total=712) (win 0.1% | avg 0.1% budget)
[ENEMY_STATS] frame=2040 alive=38 visible=0 full=0 cheap=38 fullInBase=0 pairs(frontal=0 checks=0 separation=0 resolved=0)
[ENEMY_WINDOW] steps=123 alive[min=30 max=38] visible[min=0 max=0] full[min=0 max=0] collisionPasses[runs=0 skips=123]
[ENEMY_SEGMENTS] window=2.050s D{b/s=8.29 avgLen=4.53 fail=0} T{b/s=0.00 avgLen=0.00 fail=0} H{b/s=0.00 avgLen=0.00 fail=0} A{b/s=0.00 avgLen=0.00 fail=0}
[ENEMY_GRID] frontal{cand/s=0.0 xcell/s=0.0 ins/s=0.0} separation{cand/s=0.0}
[ENEMY_COLLISION_WINDOW] frontal{pairs/s=0.0 checks/s=0.0 baseSkip=0 kill=0(0.0%)} separation{pairs/s=0.0 resolved/s=0.0(0.0%) baseSkip=0 kill=0 wallBlock=0}
[ENEMY_UNCOUPLE] entries=0 reentryResets=0(0.0%) reason{frontal=0 separation=0 wallContact=0}
[ENEMY_KILL_DEBUG] enemyEnemy{events=0 frontal=0 separation=0 reenterEither=0 reenterBoth=0 wallContact=0 dist[min=0.000 avg=0.000 max=0.000]}
[ENEMY_NAV_CACHE] playerCell{changes=0 flowRebuilds=0} flow{hit=0 miss=0 hit%=0.0} pathFallback{calls=0 ok=0 ok%=0.0}
[ENEMY_ASSASSIN_CHEAP_RECOVERY] failByStage{s0=0 s1=0 s2=0} recoverByStage{s0=0 s1=0 s2=0} emergency{attempt=0 success=0} noFlowSkips=0
[ENEMY_ASSASSIN_WALL_ENTRIES] byPhase{cheap=0 uncouple=0 full=0}
[ENEMY_SAP] updates=0 active=0 pairs=0 repairs{x=0 y=0}
[ENEMY_PAIR_TYPES] frontal DD=0 DT=0 DH=0 DA=0 TT=0 TH=0 TA=0 HH=0 HA=0 AA=0 separation DD=0 DT=0 DH=0 DA=0 TT=0 TH=0 TA=0 HH=0 HA=0 AA=0
[ENEMY_KILL_DEBUG_COLLISION] projectile{kills=0 wallContact=0}

[PROFILE] frame=2160 budget=16.667ms alloc(+18/-18, +106640b/-106640b, live=133520b peak=261704b)
  frame.total                      win= 16.866ms avg= 16.866ms p95= 17.207ms max=288.505ms calls(last=  1,win= 120,total=2160) (win 101.2% | avg 101.2% budget)
  frame.render                     win= 14.524ms avg= 14.524ms p95= 15.017ms max=288.455ms calls(last=  1,win= 120,total=2160) (win 87.1% | avg 87.1% budget)
  frame.present                    win= 12.894ms avg= 12.894ms p95= 13.407ms max=288.446ms calls(last=  1,win= 120,total=2160) (win 77.4% | avg 77.4% budget)
  frame.render.world               win=  2.513ms avg=  2.513ms p95=  2.796ms max=  4.862ms calls(last=  1,win= 120,total=813) (win 15.1% | avg 15.1% budget)
  frame.fixed_step                 win=  2.260ms avg=  2.298ms p95=  2.963ms max=  5.097ms calls(last=  1,win= 122,total=2210) (win 13.6% | avg 13.8% budget)
  game.update                      win=  1.145ms avg=  1.164ms p95=  1.853ms max=  3.043ms calls(last=  1,win= 122,total=834) (win 6.9% | avg 7.0% budget)
  frame.render.world.maze          win=  1.084ms avg=  1.084ms p95=  1.275ms max=  2.197ms calls(last=  1,win= 120,total=813) (win 6.5% | avg 6.5% budget)
  system.ai_update                 win=  0.990ms avg=  1.007ms p95=  1.725ms max=  2.821ms calls(last=  1,win= 122,total=834) (win 5.9% | avg 6.0% budget)
  enemy.update                     win=  0.985ms avg=  1.001ms p95=  1.720ms max=  2.812ms calls(last=  1,win= 122,total=834) (win 5.9% | avg 6.0% budget)
  frame.render.hud                 win=  0.858ms avg=  0.858ms p95=  0.945ms max=  1.148ms calls(last=  1,win= 120,total=813) (win 5.1% | avg 5.1% budget)
  frame.render.world.effects       win=  0.445ms avg=  0.445ms p95=  0.531ms max=  1.205ms calls(last=  1,win= 120,total=813) (win 2.7% | avg 2.7% budget)
  frame.render.hud.minimap         win=  0.422ms avg=  0.422ms p95=  0.498ms max=  0.688ms calls(last=  1,win= 120,total=813) (win 2.5% | avg 2.5% budget)
  frame.render.hud.text            win=  0.223ms avg=  0.223ms p95=  0.260ms max=  0.489ms calls(last=  1,win= 120,total=813) (win 1.3% | avg 1.3% budget)
  frame.render.world.enemies       win=  0.183ms avg=  0.183ms p95=  0.225ms max=  0.437ms calls(last=  1,win= 120,total=813) (win 1.1% | avg 1.1% budget)
  frame.render.world.enemies.draw  win=  0.159ms avg=  0.159ms p95=  0.196ms max=  0.398ms calls(last=  1,win= 120,total=813) (win 1.0% | avg 1.0% budget)
  enemy.cheap.segment_build        win=  0.074ms avg=  0.007ms p95=  0.071ms max=  0.115ms calls(last=  1,win=  11,total=67) (win 0.4% | avg 0.0% budget)
  frame.render.hud.compass         win=  0.053ms avg=  0.053ms p95=  0.053ms max=  0.157ms calls(last=  1,win= 120,total=813) (win 0.3% | avg 0.3% budget)
  frame.render.hud.lives           win=  0.052ms avg=  0.052ms p95=  0.053ms max=  0.158ms calls(last=  1,win= 120,total=813) (win 0.3% | avg 0.3% budget)
  system.spawner_update            win=  0.048ms avg=  0.049ms p95=  0.240ms max=  0.521ms calls(last=  1,win= 122,total=834) (win 0.3% | avg 0.3% budget)
  frame.render.hud.static          win=  0.046ms avg=  0.046ms p95=  0.061ms max=  0.164ms calls(last=  1,win= 120,total=813) (win 0.3% | avg 0.3% budget)
  frame.render.hud.bars            win=  0.041ms avg=  0.041ms p95=  0.040ms max=  0.180ms calls(last=  1,win= 120,total=813) (win 0.2% | avg 0.2% budget)
  system.player_update             win=  0.029ms avg=  0.029ms p95=  0.031ms max=  0.074ms calls(last=  1,win= 122,total=744) (win 0.2% | avg 0.2% budget)
  frame.input_poll                 win=  0.028ms avg=  0.028ms p95=  0.030ms max=  0.078ms calls(last=  1,win= 120,total=2160) (win 0.2% | avg 0.2% budget)
  system.physics_collision         win=  0.023ms avg=  0.023ms p95=  0.027ms max=  0.157ms calls(last=  1,win= 122,total=834) (win 0.1% | avg 0.1% budget)
[ENEMY_STATS] frame=2160 alive=42 visible=0 full=0 cheap=42 fullInBase=0 pairs(frontal=0 checks=0 separation=0 resolved=0)
[ENEMY_WINDOW] steps=122 alive[min=38 max=42] visible[min=0 max=0] full[min=0 max=0] collisionPasses[runs=0 skips=122]
[ENEMY_SEGMENTS] window=2.033s D{b/s=5.41 avgLen=4.32 fail=0} T{b/s=0.00 avgLen=0.00 fail=0} H{b/s=0.00 avgLen=0.00 fail=0} A{b/s=0.00 avgLen=0.00 fail=0}
[ENEMY_GRID] frontal{cand/s=0.0 xcell/s=0.0 ins/s=0.0} separation{cand/s=0.0}
[ENEMY_COLLISION_WINDOW] frontal{pairs/s=0.0 checks/s=0.0 baseSkip=0 kill=0(0.0%)} separation{pairs/s=0.0 resolved/s=0.0(0.0%) baseSkip=0 kill=0 wallBlock=0}
[ENEMY_UNCOUPLE] entries=0 reentryResets=0(0.0%) reason{frontal=0 separation=0 wallContact=0}
[ENEMY_KILL_DEBUG] enemyEnemy{events=0 frontal=0 separation=0 reenterEither=0 reenterBoth=0 wallContact=0 dist[min=0.000 avg=0.000 max=0.000]}
[ENEMY_NAV_CACHE] playerCell{changes=0 flowRebuilds=0} flow{hit=0 miss=0 hit%=0.0} pathFallback{calls=0 ok=0 ok%=0.0}
[ENEMY_ASSASSIN_CHEAP_RECOVERY] failByStage{s0=0 s1=0 s2=0} recoverByStage{s0=0 s1=0 s2=0} emergency{attempt=0 success=0} noFlowSkips=0
[ENEMY_ASSASSIN_WALL_ENTRIES] byPhase{cheap=0 uncouple=0 full=0}
[ENEMY_SAP] updates=0 active=0 pairs=0 repairs{x=0 y=0}
[ENEMY_PAIR_TYPES] frontal DD=0 DT=0 DH=0 DA=0 TT=0 TH=0 TA=0 HH=0 HA=0 AA=0 separation DD=0 DT=0 DH=0 DA=0 TT=0 TH=0 TA=0 HH=0 HA=0 AA=0
[ENEMY_KILL_DEBUG_COLLISION] projectile{kills=0 wallContact=0}

[PROFILE] frame=2280 budget=16.667ms alloc(+19/-19, +112952b/-112952b, live=133520b peak=261704b)
  frame.total                      win= 16.890ms avg= 16.890ms p95= 17.350ms max=288.505ms calls(last=  1,win= 120,total=2280) (win 101.3% | avg 101.3% budget)
  frame.render                     win= 14.228ms avg= 14.228ms p95= 15.026ms max=288.455ms calls(last=  1,win= 120,total=2280) (win 85.4% | avg 85.4% budget)
  frame.present                    win= 12.598ms avg= 12.598ms p95= 13.358ms max=288.446ms calls(last=  1,win= 120,total=2280) (win 75.6% | avg 75.6% budget)
  frame.render.world               win=  2.690ms avg=  2.690ms p95=  3.000ms max=  4.862ms calls(last=  1,win= 120,total=933) (win 16.1% | avg 16.1% budget)
  frame.fixed_step                 win=  2.555ms avg=  2.619ms p95=  3.714ms max=  5.983ms calls(last=  1,win= 123,total=2333) (win 15.3% | avg 15.7% budget)
  game.update                      win=  1.288ms avg=  1.320ms p95=  2.208ms max=  3.708ms calls(last=  1,win= 123,total=957) (win 7.7% | avg 7.9% budget)
  frame.render.world.maze          win=  1.250ms avg=  1.250ms p95=  1.377ms max=  2.197ms calls(last=  1,win= 120,total=933) (win 7.5% | avg 7.5% budget)
  system.ai_update                 win=  1.123ms avg=  1.151ms p95=  2.007ms max=  3.343ms calls(last=  1,win= 123,total=957) (win 6.7% | avg 6.9% budget)
  enemy.update                     win=  1.118ms avg=  1.146ms p95=  2.002ms max=  3.338ms calls(last=  1,win= 123,total=957) (win 6.7% | avg 6.9% budget)
  frame.render.hud                 win=  0.862ms avg=  0.862ms p95=  1.010ms max=  1.148ms calls(last=  1,win= 120,total=933) (win 5.2% | avg 5.2% budget)
  frame.render.world.effects       win=  0.458ms avg=  0.458ms p95=  0.568ms max=  1.205ms calls(last=  1,win= 120,total=933) (win 2.7% | avg 2.7% budget)
  frame.render.hud.minimap         win=  0.427ms avg=  0.427ms p95=  0.512ms max=  0.690ms calls(last=  1,win= 120,total=933) (win 2.6% | avg 2.6% budget)
  frame.render.hud.text            win=  0.224ms avg=  0.224ms p95=  0.263ms max=  0.489ms calls(last=  1,win= 120,total=933) (win 1.3% | avg 1.3% budget)
  frame.render.world.enemies       win=  0.185ms avg=  0.185ms p95=  0.218ms max=  0.437ms calls(last=  1,win= 120,total=933) (win 1.1% | avg 1.1% budget)
  frame.render.world.enemies.draw  win=  0.158ms avg=  0.158ms p95=  0.162ms max=  0.398ms calls(last=  1,win= 120,total=933) (win 0.9% | avg 0.9% budget)
  enemy.cheap.segment_build        win=  0.069ms avg=  0.009ms p95=  0.070ms max=  0.131ms calls(last=  0,win=  15,total=82) (win 0.4% | avg 0.1% budget)
  frame.render.hud.lives           win=  0.053ms avg=  0.053ms p95=  0.054ms max=  0.158ms calls(last=  1,win= 120,total=933) (win 0.3% | avg 0.3% budget)
  frame.render.hud.compass         win=  0.052ms avg=  0.052ms p95=  0.053ms max=  0.157ms calls(last=  1,win= 120,total=933) (win 0.3% | avg 0.3% budget)
  system.spawner_update            win=  0.049ms avg=  0.050ms p95=  0.221ms max=  0.548ms calls(last=  1,win= 123,total=957) (win 0.3% | avg 0.3% budget)
  frame.render.hud.static          win=  0.046ms avg=  0.046ms p95=  0.058ms max=  0.164ms calls(last=  1,win= 120,total=933) (win 0.3% | avg 0.3% budget)
  frame.render.hud.bars            win=  0.040ms avg=  0.040ms p95=  0.041ms max=  0.180ms calls(last=  1,win= 120,total=933) (win 0.2% | avg 0.2% budget)
  frame.render.world.effects.projectiles win=  0.032ms avg=  0.006ms p95=  0.029ms max=  0.090ms calls(last=  1,win=  22,total=217) (win 0.2% | avg 0.0% budget)
  system.physics_collision         win=  0.029ms avg=  0.030ms p95=  0.059ms max=  0.157ms calls(last=  1,win= 123,total=957) (win 0.2% | avg 0.2% budget)
  system.player_update             win=  0.029ms avg=  0.029ms p95=  0.032ms max=  0.074ms calls(last=  1,win= 123,total=867) (win 0.2% | avg 0.2% budget)
[ENEMY_STATS] frame=2280 alive=48 visible=0 full=0 cheap=48 fullInBase=0 pairs(frontal=0 checks=0 separation=0 resolved=0)
[ENEMY_WINDOW] steps=123 alive[min=42 max=48] visible[min=0 max=0] full[min=0 max=0] collisionPasses[runs=0 skips=123]
[ENEMY_SEGMENTS] window=2.050s D{b/s=7.32 avgLen=4.58 fail=0} T{b/s=0.00 avgLen=0.00 fail=0} H{b/s=0.00 avgLen=0.00 fail=0} A{b/s=0.00 avgLen=0.00 fail=0}
[ENEMY_GRID] frontal{cand/s=0.0 xcell/s=0.0 ins/s=0.0} separation{cand/s=0.0}
[ENEMY_COLLISION_WINDOW] frontal{pairs/s=0.0 checks/s=0.0 baseSkip=0 kill=0(0.0%)} separation{pairs/s=0.0 resolved/s=0.0(0.0%) baseSkip=0 kill=0 wallBlock=0}
[ENEMY_UNCOUPLE] entries=0 reentryResets=0(0.0%) reason{frontal=0 separation=0 wallContact=0}
[ENEMY_KILL_DEBUG] enemyEnemy{events=0 frontal=0 separation=0 reenterEither=0 reenterBoth=0 wallContact=0 dist[min=0.000 avg=0.000 max=0.000]}
[ENEMY_NAV_CACHE] playerCell{changes=0 flowRebuilds=0} flow{hit=0 miss=0 hit%=0.0} pathFallback{calls=0 ok=0 ok%=0.0}
[ENEMY_ASSASSIN_CHEAP_RECOVERY] failByStage{s0=0 s1=0 s2=0} recoverByStage{s0=0 s1=0 s2=0} emergency{attempt=0 success=0} noFlowSkips=0
[ENEMY_ASSASSIN_WALL_ENTRIES] byPhase{cheap=0 uncouple=0 full=0}
[ENEMY_SAP] updates=0 active=0 pairs=0 repairs{x=0 y=0}
[ENEMY_PAIR_TYPES] frontal DD=0 DT=0 DH=0 DA=0 TT=0 TH=0 TA=0 HH=0 HA=0 AA=0 separation DD=0 DT=0 DH=0 DA=0 TT=0 TH=0 TA=0 HH=0 HA=0 AA=0
[ENEMY_KILL_DEBUG_COLLISION] projectile{kills=0 wallContact=0}

[PROFILE] frame=2400 budget=16.667ms alloc(+18/-18, +119168b/-119168b, live=133520b peak=261704b)
  frame.total                      win= 16.881ms avg= 16.881ms p95= 17.350ms max=288.505ms calls(last=  1,win= 120,total=2400) (win 101.3% | avg 101.3% budget)
  frame.render                     win= 14.049ms avg= 14.049ms p95= 14.756ms max=288.455ms calls(last=  1,win= 120,total=2400) (win 84.3% | avg 84.3% budget)
  frame.present                    win= 12.394ms avg= 12.394ms p95= 13.086ms max=288.446ms calls(last=  1,win= 120,total=2400) (win 74.4% | avg 74.4% budget)
  frame.fixed_step                 win=  2.742ms avg=  2.787ms p95=  3.546ms max=  5.983ms calls(last=  1,win= 122,total=2455) (win 16.5% | avg 16.7% budget)
  frame.render.world               win=  2.449ms avg=  2.449ms p95=  2.681ms max=  4.862ms calls(last=  1,win= 120,total=1053) (win 14.7% | avg 14.7% budget)
  game.update                      win=  1.362ms avg=  1.385ms p95=  2.152ms max=  3.708ms calls(last=  1,win= 122,total=1079) (win 8.2% | avg 8.3% budget)
  system.ai_update                 win=  1.194ms avg=  1.214ms p95=  2.008ms max=  3.343ms calls(last=  1,win= 122,total=1079) (win 7.2% | avg 7.3% budget)
  enemy.update                     win=  1.189ms avg=  1.209ms p95=  2.002ms max=  3.338ms calls(last=  1,win= 122,total=1079) (win 7.1% | avg 7.3% budget)
  frame.render.world.maze          win=  1.040ms avg=  1.040ms p95=  1.193ms max=  2.197ms calls(last=  1,win= 120,total=1053) (win 6.2% | avg 6.2% budget)
  frame.render.hud                 win=  0.849ms avg=  0.849ms p95=  0.912ms max=  1.148ms calls(last=  1,win= 120,total=1053) (win 5.1% | avg 5.1% budget)
  frame.render.world.effects       win=  0.450ms avg=  0.450ms p95=  0.557ms max=  1.205ms calls(last=  1,win= 120,total=1053) (win 2.7% | avg 2.7% budget)
  frame.render.hud.minimap         win=  0.419ms avg=  0.419ms p95=  0.460ms max=  0.690ms calls(last=  1,win= 120,total=1053) (win 2.5% | avg 2.5% budget)
  frame.render.hud.text            win=  0.220ms avg=  0.220ms p95=  0.242ms max=  0.489ms calls(last=  1,win= 120,total=1053) (win 1.3% | avg 1.3% budget)
  frame.render.world.enemies       win=  0.185ms avg=  0.185ms p95=  0.214ms max=  0.437ms calls(last=  1,win= 120,total=1053) (win 1.1% | avg 1.1% budget)
  frame.render.world.enemies.draw  win=  0.157ms avg=  0.157ms p95=  0.160ms max=  0.398ms calls(last=  1,win= 120,total=1053) (win 0.9% | avg 0.9% budget)
  enemy.cheap.segment_build        win=  0.068ms avg=  0.011ms p95=  0.072ms max=  0.131ms calls(last=  0,win=  19,total=101) (win 0.4% | avg 0.1% budget)
  frame.render.hud.lives           win=  0.052ms avg=  0.052ms p95=  0.053ms max=  0.158ms calls(last=  1,win= 120,total=1053) (win 0.3% | avg 0.3% budget)
  frame.render.hud.compass         win=  0.052ms avg=  0.052ms p95=  0.052ms max=  0.157ms calls(last=  1,win= 120,total=1053) (win 0.3% | avg 0.3% budget)
  system.spawner_update            win=  0.051ms avg=  0.052ms p95=  0.231ms max=  0.548ms calls(last=  1,win= 122,total=1079) (win 0.3% | avg 0.3% budget)
  frame.render.hud.static          win=  0.048ms avg=  0.048ms p95=  0.066ms max=  0.164ms calls(last=  1,win= 120,total=1053) (win 0.3% | avg 0.3% budget)
  frame.render.hud.bars            win=  0.039ms avg=  0.039ms p95=  0.040ms max=  0.180ms calls(last=  1,win= 120,total=1053) (win 0.2% | avg 0.2% budget)
  frame.render.world.effects.projectiles win=  0.031ms avg=  0.004ms p95=  0.029ms max=  0.090ms calls(last=  0,win=  16,total=233) (win 0.2% | avg 0.0% budget)
  system.player_update             win=  0.029ms avg=  0.029ms p95=  0.031ms max=  0.074ms calls(last=  1,win= 122,total=989) (win 0.2% | avg 0.2% budget)
  system.physics_collision         win=  0.028ms avg=  0.029ms p95=  0.059ms max=  0.157ms calls(last=  1,win= 122,total=1079) (win 0.2% | avg 0.2% budget)
[ENEMY_STATS] frame=2400 alive=54 visible=0 full=0 cheap=54 fullInBase=0 pairs(frontal=0 checks=0 separation=0 resolved=0)
[ENEMY_WINDOW] steps=122 alive[min=48 max=54] visible[min=0 max=0] full[min=0 max=0] collisionPasses[runs=0 skips=122]
[ENEMY_SEGMENTS] window=2.033s D{b/s=9.34 avgLen=5.26 fail=0} T{b/s=0.00 avgLen=0.00 fail=0} H{b/s=0.00 avgLen=0.00 fail=0} A{b/s=0.00 avgLen=0.00 fail=0}
[ENEMY_GRID] frontal{cand/s=0.0 xcell/s=0.0 ins/s=0.0} separation{cand/s=0.0}
[ENEMY_COLLISION_WINDOW] frontal{pairs/s=0.0 checks/s=0.0 baseSkip=0 kill=0(0.0%)} separation{pairs/s=0.0 resolved/s=0.0(0.0%) baseSkip=0 kill=0 wallBlock=0}
[ENEMY_UNCOUPLE] entries=0 reentryResets=0(0.0%) reason{frontal=0 separation=0 wallContact=0}
[ENEMY_KILL_DEBUG] enemyEnemy{events=0 frontal=0 separation=0 reenterEither=0 reenterBoth=0 wallContact=0 dist[min=0.000 avg=0.000 max=0.000]}
[ENEMY_NAV_CACHE] playerCell{changes=0 flowRebuilds=0} flow{hit=0 miss=0 hit%=0.0} pathFallback{calls=0 ok=0 ok%=0.0}
[ENEMY_ASSASSIN_CHEAP_RECOVERY] failByStage{s0=0 s1=0 s2=0} recoverByStage{s0=0 s1=0 s2=0} emergency{attempt=0 success=0} noFlowSkips=0
[ENEMY_ASSASSIN_WALL_ENTRIES] byPhase{cheap=0 uncouple=0 full=0}
[ENEMY_SAP] updates=0 active=0 pairs=0 repairs{x=0 y=0}
[ENEMY_PAIR_TYPES] frontal DD=0 DT=0 DH=0 DA=0 TT=0 TH=0 TA=0 HH=0 HA=0 AA=0 separation DD=0 DT=0 DH=0 DA=0 TT=0 TH=0 TA=0 HH=0 HA=0 AA=0
[ENEMY_KILL_DEBUG_COLLISION] projectile{kills=0 wallContact=0}

[PROFILE] frame=2520 budget=16.667ms alloc(+18/-18, +128592b/-128592b, live=133520b peak=261704b)
  frame.total                      win= 16.899ms avg= 16.899ms p95= 17.461ms max=288.505ms calls(last=  1,win= 120,total=2520) (win 101.4% | avg 101.4% budget)
  frame.render                     win= 13.656ms avg= 13.656ms p95= 14.565ms max=288.455ms calls(last=  1,win= 120,total=2520) (win 81.9% | avg 81.9% budget)
  frame.present                    win= 12.016ms avg= 12.016ms p95= 12.938ms max=288.446ms calls(last=  1,win= 120,total=2520) (win 72.1% | avg 72.1% budget)
  frame.fixed_step                 win=  3.120ms avg=  3.197ms p95=  4.289ms max=  6.427ms calls(last=  1,win= 123,total=2578) (win 18.7% | avg 19.2% budget)
  frame.render.world               win=  2.409ms avg=  2.409ms p95=  2.586ms max=  4.862ms calls(last=  1,win= 120,total=1173) (win 14.5% | avg 14.5% budget)
  game.update                      win=  1.508ms avg=  1.545ms p95=  2.464ms max=  3.708ms calls(last=  1,win= 123,total=1202) (win 9.0% | avg 9.3% budget)
  system.ai_update                 win=  1.334ms avg=  1.368ms p95=  2.309ms max=  3.343ms calls(last=  1,win= 123,total=1202) (win 8.0% | avg 8.2% budget)
  enemy.update                     win=  1.328ms avg=  1.361ms p95=  2.304ms max=  3.338ms calls(last=  1,win= 123,total=1202) (win 8.0% | avg 8.2% budget)
  frame.render.world.maze          win=  0.987ms avg=  0.987ms p95=  1.050ms max=  2.197ms calls(last=  1,win= 120,total=1173) (win 5.9% | avg 5.9% budget)
  frame.render.hud                 win=  0.853ms avg=  0.853ms p95=  0.918ms max=  1.148ms calls(last=  1,win= 120,total=1173) (win 5.1% | avg 5.1% budget)
  frame.render.world.effects       win=  0.447ms avg=  0.447ms p95=  0.536ms max=  1.205ms calls(last=  1,win= 120,total=1173) (win 2.7% | avg 2.7% budget)
  frame.render.hud.minimap         win=  0.420ms avg=  0.420ms p95=  0.461ms max=  0.690ms calls(last=  1,win= 120,total=1173) (win 2.5% | avg 2.5% budget)
  frame.render.hud.text            win=  0.223ms avg=  0.223ms p95=  0.260ms max=  0.489ms calls(last=  1,win= 120,total=1173) (win 1.3% | avg 1.3% budget)
  frame.render.world.enemies       win=  0.188ms avg=  0.188ms p95=  0.222ms max=  0.437ms calls(last=  1,win= 120,total=1173) (win 1.1% | avg 1.1% budget)
  frame.render.world.enemies.draw  win=  0.159ms avg=  0.159ms p95=  0.195ms max=  0.398ms calls(last=  1,win= 120,total=1173) (win 1.0% | avg 1.0% budget)
  enemy.cheap.segment_build        win=  0.069ms avg=  0.009ms p95=  0.074ms max=  0.131ms calls(last=  0,win=  15,total=116) (win 0.4% | avg 0.1% budget)
  system.spawner_update            win=  0.059ms avg=  0.061ms p95=  0.254ms max=  0.552ms calls(last=  1,win= 123,total=1202) (win 0.4% | avg 0.4% budget)
  frame.render.hud.lives           win=  0.052ms avg=  0.052ms p95=  0.054ms max=  0.158ms calls(last=  1,win= 120,total=1173) (win 0.3% | avg 0.3% budget)
  frame.render.hud.compass         win=  0.051ms avg=  0.051ms p95=  0.053ms max=  0.157ms calls(last=  1,win= 120,total=1173) (win 0.3% | avg 0.3% budget)
  frame.render.hud.static          win=  0.047ms avg=  0.047ms p95=  0.060ms max=  0.164ms calls(last=  1,win= 120,total=1173) (win 0.3% | avg 0.3% budget)
  frame.render.hud.bars            win=  0.040ms avg=  0.040ms p95=  0.040ms max=  0.180ms calls(last=  1,win= 120,total=1173) (win 0.2% | avg 0.2% budget)
  system.player_update             win=  0.029ms avg=  0.029ms p95=  0.031ms max=  0.074ms calls(last=  1,win= 123,total=1112) (win 0.2% | avg 0.2% budget)
  frame.input_poll                 win=  0.028ms avg=  0.028ms p95=  0.029ms max=  0.078ms calls(last=  1,win= 120,total=2520) (win 0.2% | avg 0.2% budget)
  system.physics_collision         win=  0.025ms avg=  0.026ms p95=  0.028ms max=  0.157ms calls(last=  1,win= 123,total=1202) (win 0.1% | avg 0.2% budget)
[ENEMY_STATS] frame=2520 alive=63 visible=0 full=0 cheap=63 fullInBase=0 pairs(frontal=0 checks=0 separation=0 resolved=0)
[ENEMY_WINDOW] steps=123 alive[min=54 max=63] visible[min=0 max=0] full[min=0 max=0] collisionPasses[runs=0 skips=123]
[ENEMY_SEGMENTS] window=2.050s D{b/s=7.32 avgLen=5.29 fail=0} T{b/s=0.00 avgLen=0.00 fail=0} H{b/s=0.00 avgLen=0.00 fail=0} A{b/s=0.00 avgLen=0.00 fail=0}
[ENEMY_GRID] frontal{cand/s=0.0 xcell/s=0.0 ins/s=0.0} separation{cand/s=0.0}
[ENEMY_COLLISION_WINDOW] frontal{pairs/s=0.0 checks/s=0.0 baseSkip=0 kill=0(0.0%)} separation{pairs/s=0.0 resolved/s=0.0(0.0%) baseSkip=0 kill=0 wallBlock=0}
[ENEMY_UNCOUPLE] entries=0 reentryResets=0(0.0%) reason{frontal=0 separation=0 wallContact=0}
[ENEMY_KILL_DEBUG] enemyEnemy{events=0 frontal=0 separation=0 reenterEither=0 reenterBoth=0 wallContact=0 dist[min=0.000 avg=0.000 max=0.000]}
[ENEMY_NAV_CACHE] playerCell{changes=0 flowRebuilds=0} flow{hit=0 miss=0 hit%=0.0} pathFallback{calls=0 ok=0 ok%=0.0}
[ENEMY_ASSASSIN_CHEAP_RECOVERY] failByStage{s0=0 s1=0 s2=0} recoverByStage{s0=0 s1=0 s2=0} emergency{attempt=0 success=0} noFlowSkips=0
[ENEMY_ASSASSIN_WALL_ENTRIES] byPhase{cheap=0 uncouple=0 full=0}
[ENEMY_SAP] updates=0 active=0 pairs=0 repairs{x=0 y=0}
[ENEMY_PAIR_TYPES] frontal DD=0 DT=0 DH=0 DA=0 TT=0 TH=0 TA=0 HH=0 HA=0 AA=0 separation DD=0 DT=0 DH=0 DA=0 TT=0 TH=0 TA=0 HH=0 HA=0 AA=0
[ENEMY_KILL_DEBUG_COLLISION] projectile{kills=0 wallContact=0}

[PROFILE] frame=2640 budget=16.667ms alloc(+18/-18, +131728b/-131728b, live=199056b peak=392776b)
  frame.total                      win= 16.882ms avg= 16.882ms p95= 17.417ms max=288.505ms calls(last=  1,win= 120,total=2640) (win 101.3% | avg 101.3% budget)
  frame.render                     win= 13.370ms avg= 13.370ms p95= 14.151ms max=288.455ms calls(last=  1,win= 120,total=2640) (win 80.2% | avg 80.2% budget)
  frame.present                    win= 11.738ms avg= 11.738ms p95= 12.432ms max=288.446ms calls(last=  1,win= 120,total=2640) (win 70.4% | avg 70.4% budget)
  frame.fixed_step                 win=  3.412ms avg=  3.469ms p95=  4.297ms max=  6.812ms calls(last=  1,win= 122,total=2700) (win 20.5% | avg 20.8% budget)
  frame.render.world               win=  2.356ms avg=  2.356ms p95=  2.534ms max=  4.862ms calls(last=  1,win= 120,total=1293) (win 14.1% | avg 14.1% budget)
  game.update                      win=  1.588ms avg=  1.615ms p95=  2.454ms max=  3.708ms calls(last=  1,win= 122,total=1324) (win 9.5% | avg 9.7% budget)
  system.ai_update                 win=  1.410ms avg=  1.434ms p95=  2.288ms max=  3.343ms calls(last=  1,win= 122,total=1324) (win 8.5% | avg 8.6% budget)
  enemy.update                     win=  1.405ms avg=  1.428ms p95=  2.283ms max=  3.338ms calls(last=  1,win= 122,total=1324) (win 8.4% | avg 8.6% budget)
  frame.render.world.maze          win=  0.946ms avg=  0.946ms p95=  1.031ms max=  2.197ms calls(last=  1,win= 120,total=1293) (win 5.7% | avg 5.7% budget)
  frame.render.hud                 win=  0.856ms avg=  0.856ms p95=  0.951ms max=  1.148ms calls(last=  1,win= 120,total=1293) (win 5.1% | avg 5.1% budget)
  frame.render.world.effects       win=  0.445ms avg=  0.445ms p95=  0.530ms max=  1.205ms calls(last=  1,win= 120,total=1293) (win 2.7% | avg 2.7% budget)
  frame.render.hud.minimap         win=  0.421ms avg=  0.421ms p95=  0.469ms max=  0.690ms calls(last=  1,win= 120,total=1293) (win 2.5% | avg 2.5% budget)
  frame.render.hud.text            win=  0.222ms avg=  0.222ms p95=  0.253ms max=  0.489ms calls(last=  1,win= 120,total=1293) (win 1.3% | avg 1.3% budget)
  frame.render.world.enemies       win=  0.197ms avg=  0.197ms p95=  0.237ms max=  0.462ms calls(last=  1,win= 120,total=1293) (win 1.2% | avg 1.2% budget)
  frame.render.world.enemies.draw  win=  0.161ms avg=  0.161ms p95=  0.201ms max=  0.431ms calls(last=  1,win= 120,total=1293) (win 1.0% | avg 1.0% budget)
  enemy.cheap.segment_build        win=  0.063ms avg=  0.010ms p95=  0.073ms max=  0.131ms calls(last=  0,win=  18,total=134) (win 0.4% | avg 0.1% budget)
  system.spawner_update            win=  0.060ms avg=  0.061ms p95=  0.221ms max=  0.617ms calls(last=  1,win= 122,total=1324) (win 0.4% | avg 0.4% budget)
  frame.render.hud.lives           win=  0.054ms avg=  0.054ms p95=  0.056ms max=  0.158ms calls(last=  1,win= 120,total=1293) (win 0.3% | avg 0.3% budget)
  frame.render.hud.compass         win=  0.052ms avg=  0.052ms p95=  0.053ms max=  0.157ms calls(last=  1,win= 120,total=1293) (win 0.3% | avg 0.3% budget)
  frame.render.hud.static          win=  0.046ms avg=  0.046ms p95=  0.066ms max=  0.164ms calls(last=  1,win= 120,total=1293) (win 0.3% | avg 0.3% budget)
  frame.render.hud.bars            win=  0.040ms avg=  0.040ms p95=  0.041ms max=  0.180ms calls(last=  1,win= 120,total=1293) (win 0.2% | avg 0.2% budget)
  system.player_update             win=  0.029ms avg=  0.030ms p95=  0.032ms max=  0.074ms calls(last=  1,win= 122,total=1234) (win 0.2% | avg 0.2% budget)
  frame.render.world.enemies.cull  win=  0.029ms avg=  0.029ms p95=  0.034ms max=  0.104ms calls(last=  1,win= 120,total=1293) (win 0.2% | avg 0.2% budget)
  frame.input_poll                 win=  0.028ms avg=  0.028ms p95=  0.029ms max=  0.078ms calls(last=  1,win= 120,total=2640) (win 0.2% | avg 0.2% budget)
[ENEMY_STATS] frame=2640 alive=66 visible=0 full=0 cheap=66 fullInBase=0 pairs(frontal=0 checks=0 separation=0 resolved=0)
[ENEMY_WINDOW] steps=122 alive[min=63 max=66] visible[min=0 max=0] full[min=0 max=0] collisionPasses[runs=0 skips=122]
[ENEMY_SEGMENTS] window=2.033s D{b/s=8.85 avgLen=4.88 fail=0} T{b/s=0.00 avgLen=0.00 fail=0} H{b/s=0.00 avgLen=0.00 fail=0} A{b/s=0.00 avgLen=0.00 fail=0}
[ENEMY_GRID] frontal{cand/s=0.0 xcell/s=0.0 ins/s=0.0} separation{cand/s=0.0}
[ENEMY_COLLISION_WINDOW] frontal{pairs/s=0.0 checks/s=0.0 baseSkip=0 kill=0(0.0%)} separation{pairs/s=0.0 resolved/s=0.0(0.0%) baseSkip=0 kill=0 wallBlock=0}
[ENEMY_UNCOUPLE] entries=0 reentryResets=0(0.0%) reason{frontal=0 separation=0 wallContact=0}
[ENEMY_KILL_DEBUG] enemyEnemy{events=0 frontal=0 separation=0 reenterEither=0 reenterBoth=0 wallContact=0 dist[min=0.000 avg=0.000 max=0.000]}
[ENEMY_NAV_CACHE] playerCell{changes=0 flowRebuilds=0} flow{hit=0 miss=0 hit%=0.0} pathFallback{calls=0 ok=0 ok%=0.0}
[ENEMY_ASSASSIN_CHEAP_RECOVERY] failByStage{s0=0 s1=0 s2=0} recoverByStage{s0=0 s1=0 s2=0} emergency{attempt=0 success=0} noFlowSkips=0
[ENEMY_ASSASSIN_WALL_ENTRIES] byPhase{cheap=0 uncouple=0 full=0}
[ENEMY_SAP] updates=0 active=0 pairs=0 repairs{x=0 y=0}
[ENEMY_PAIR_TYPES] frontal DD=0 DT=0 DH=0 DA=0 TT=0 TH=0 TA=0 HH=0 HA=0 AA=0 separation DD=0 DT=0 DH=0 DA=0 TT=0 TH=0 TA=0 HH=0 HA=0 AA=0
[ENEMY_KILL_DEBUG_COLLISION] projectile{kills=0 wallContact=0}

[PROFILE] frame=2760 budget=16.667ms alloc(+18/-18, +135904b/-135904b, live=199056b peak=392776b)
  frame.total                      win= 16.903ms avg= 16.903ms p95= 17.467ms max=288.505ms calls(last=  1,win= 120,total=2760) (win 101.4% | avg 101.4% budget)
  frame.render                     win= 12.947ms avg= 12.947ms p95= 13.834ms max=288.455ms calls(last=  1,win= 120,total=2760) (win 77.7% | avg 77.7% budget)
  frame.present                    win= 11.300ms avg= 11.300ms p95= 12.198ms max=288.446ms calls(last=  1,win= 120,total=2760) (win 67.8% | avg 67.8% budget)
  frame.fixed_step                 win=  3.816ms avg=  3.911ms p95=  5.141ms max= 10.064ms calls(last=  1,win= 123,total=2823) (win 22.9% | avg 23.5% budget)
  frame.render.world               win=  2.406ms avg=  2.406ms p95=  2.614ms max=  4.862ms calls(last=  1,win= 120,total=1413) (win 14.4% | avg 14.4% budget)
  game.update                      win=  1.877ms avg=  1.924ms p95=  3.147ms max=  6.242ms calls(last=  1,win= 123,total=1447) (win 11.3% | avg 11.5% budget)
  system.ai_update                 win=  1.708ms avg=  1.751ms p95=  2.898ms max=  5.911ms calls(last=  1,win= 123,total=1447) (win 10.2% | avg 10.5% budget)
  enemy.update                     win=  1.703ms avg=  1.745ms p95=  2.888ms max=  5.901ms calls(last=  1,win= 123,total=1447) (win 10.2% | avg 10.5% budget)
  frame.render.world.maze          win=  0.991ms avg=  0.991ms p95=  1.132ms max=  2.197ms calls(last=  1,win= 120,total=1413) (win 5.9% | avg 5.9% budget)
  frame.render.hud                 win=  0.858ms avg=  0.858ms p95=  0.977ms max=  1.148ms calls(last=  1,win= 120,total=1413) (win 5.1% | avg 5.1% budget)
  frame.render.world.effects       win=  0.448ms avg=  0.448ms p95=  0.552ms max=  1.205ms calls(last=  1,win= 120,total=1413) (win 2.7% | avg 2.7% budget)
  frame.render.hud.minimap         win=  0.424ms avg=  0.424ms p95=  0.485ms max=  0.690ms calls(last=  1,win= 120,total=1413) (win 2.5% | avg 2.5% budget)
  frame.render.hud.text            win=  0.224ms avg=  0.224ms p95=  0.256ms max=  0.489ms calls(last=  1,win= 120,total=1413) (win 1.3% | avg 1.3% budget)
  frame.render.world.enemies       win=  0.208ms avg=  0.208ms p95=  0.248ms max=  0.462ms calls(last=  1,win= 120,total=1413) (win 1.2% | avg 1.2% budget)
  enemy.ai.movement                win=  0.182ms avg=  0.126ms p95=  0.192ms max=  0.357ms calls(last=  1,win=  83,total=83) (win 1.1% | avg 0.8% budget)
  frame.render.world.enemies.draw  win=  0.165ms avg=  0.165ms p95=  0.206ms max=  0.431ms calls(last=  1,win= 120,total=1413) (win 1.0% | avg 1.0% budget)
  enemy.movement.overlap_check     win=  0.089ms avg=  0.061ms p95=  0.091ms max=  0.178ms calls(last=  1,win=  83,total=83) (win 0.5% | avg 0.4% budget)
  enemy.movement.overlap.is_blocked win=  0.085ms avg=  0.059ms p95=  0.088ms max=  0.170ms calls(last=  1,win=  83,total=83) (win 0.5% | avg 0.4% budget)
  enemy.cheap.segment_build        win=  0.068ms avg=  0.009ms p95=  0.069ms max=  0.131ms calls(last=  0,win=  16,total=150) (win 0.4% | avg 0.1% budget)
  system.spawner_update            win=  0.054ms avg=  0.056ms p95=  0.197ms max=  0.617ms calls(last=  1,win= 123,total=1447) (win 0.3% | avg 0.3% budget)
  frame.render.hud.compass         win=  0.052ms avg=  0.052ms p95=  0.054ms max=  0.157ms calls(last=  1,win= 120,total=1413) (win 0.3% | avg 0.3% budget)
  frame.render.hud.lives           win=  0.051ms avg=  0.051ms p95=  0.053ms max=  0.158ms calls(last=  1,win= 120,total=1413) (win 0.3% | avg 0.3% budget)
  frame.render.hud.static          win=  0.046ms avg=  0.046ms p95=  0.061ms max=  0.164ms calls(last=  1,win= 120,total=1413) (win 0.3% | avg 0.3% budget)
  enemy.ai.perception              win=  0.039ms avg=  0.027ms p95=  0.045ms max=  0.073ms calls(last=  1,win=  83,total=83) (win 0.2% | avg 0.2% budget)
[ENEMY_STATS] frame=2760 alive=70 visible=1 full=1 cheap=69 fullInBase=0 pairs(frontal=0 checks=0 separation=0 resolved=0)
[ENEMY_WINDOW] steps=123 alive[min=66 max=70] visible[min=0 max=1] full[min=0 max=1] collisionPasses[runs=0 skips=123]
[ENEMY_SEGMENTS] window=2.050s D{b/s=7.80 avgLen=5.29 fail=0} T{b/s=0.00 avgLen=0.00 fail=0} H{b/s=0.00 avgLen=0.00 fail=0} A{b/s=0.00 avgLen=0.00 fail=0}
[ENEMY_GRID] frontal{cand/s=0.0 xcell/s=0.0 ins/s=0.0} separation{cand/s=0.0}
[ENEMY_COLLISION_WINDOW] frontal{pairs/s=0.0 checks/s=0.0 baseSkip=0 kill=0(0.0%)} separation{pairs/s=0.0 resolved/s=0.0(0.0%) baseSkip=0 kill=0 wallBlock=0}
[ENEMY_UNCOUPLE] entries=0 reentryResets=0(0.0%) reason{frontal=0 separation=0 wallContact=0}
[ENEMY_KILL_DEBUG] enemyEnemy{events=0 frontal=0 separation=0 reenterEither=0 reenterBoth=0 wallContact=0 dist[min=0.000 avg=0.000 max=0.000]}
[ENEMY_NAV_CACHE] playerCell{changes=0 flowRebuilds=0} flow{hit=0 miss=0 hit%=0.0} pathFallback{calls=0 ok=0 ok%=0.0}
[ENEMY_ASSASSIN_CHEAP_RECOVERY] failByStage{s0=0 s1=0 s2=0} recoverByStage{s0=0 s1=0 s2=0} emergency{attempt=0 success=0} noFlowSkips=0
[ENEMY_ASSASSIN_WALL_ENTRIES] byPhase{cheap=0 uncouple=0 full=0}
[ENEMY_SAP] updates=0 active=0 pairs=0 repairs{x=0 y=0}
[ENEMY_PAIR_TYPES] frontal DD=0 DT=0 DH=0 DA=0 TT=0 TH=0 TA=0 HH=0 HA=0 AA=0 separation DD=0 DT=0 DH=0 DA=0 TT=0 TH=0 TA=0 HH=0 HA=0 AA=0
[ENEMY_KILL_DEBUG_COLLISION] projectile{kills=0 wallContact=0}

[PROFILE] frame=2880 budget=16.667ms alloc(+18/-18, +140112b/-140112b, live=199056b peak=392776b)
  frame.total                      win= 16.923ms avg= 16.923ms p95= 17.531ms max=288.505ms calls(last=  1,win= 120,total=2880) (win 101.5% | avg 101.5% budget)
  frame.render                     win= 12.626ms avg= 12.626ms p95= 13.417ms max=288.455ms calls(last=  1,win= 120,total=2880) (win 75.8% | avg 75.8% budget)
  frame.present                    win= 10.962ms avg= 10.962ms p95= 11.784ms max=288.446ms calls(last=  1,win= 120,total=2880) (win 65.8% | avg 65.8% budget)
  frame.fixed_step                 win=  4.149ms avg=  4.253ms p95=  5.384ms max= 11.481ms calls(last=  1,win= 123,total=2946) (win 24.9% | avg 25.5% budget)
  frame.render.world               win=  2.446ms avg=  2.446ms p95=  2.652ms max=  4.862ms calls(last=  1,win= 120,total=1533) (win 14.7% | avg 14.7% budget)
  game.update                      win=  2.060ms avg=  2.112ms p95=  3.298ms max=  7.479ms calls(last=  1,win= 123,total=1570) (win 12.4% | avg 12.7% budget)
  system.ai_update                 win=  1.883ms avg=  1.930ms p95=  3.145ms max=  6.707ms calls(last=  1,win= 123,total=1570) (win 11.3% | avg 11.6% budget)
  enemy.update                     win=  1.878ms avg=  1.925ms p95=  3.140ms max=  6.695ms calls(last=  1,win= 123,total=1570) (win 11.3% | avg 11.5% budget)
  frame.render.world.maze          win=  0.997ms avg=  0.997ms p95=  1.068ms max=  2.197ms calls(last=  1,win= 120,total=1533) (win 6.0% | avg 6.0% budget)
  frame.render.hud                 win=  0.857ms avg=  0.857ms p95=  0.971ms max=  1.148ms calls(last=  1,win= 120,total=1533) (win 5.1% | avg 5.1% budget)
  frame.render.world.effects       win=  0.453ms avg=  0.453ms p95=  0.537ms max=  1.205ms calls(last=  1,win= 120,total=1533) (win 2.7% | avg 2.7% budget)
  frame.render.hud.minimap         win=  0.427ms avg=  0.427ms p95=  0.510ms max=  0.694ms calls(last=  1,win= 120,total=1533) (win 2.6% | avg 2.6% budget)
  frame.render.world.enemies       win=  0.231ms avg=  0.231ms p95=  0.271ms max=  0.504ms calls(last=  1,win= 120,total=1533) (win 1.4% | avg 1.4% budget)
  frame.render.hud.text            win=  0.221ms avg=  0.221ms p95=  0.252ms max=  0.489ms calls(last=  1,win= 120,total=1533) (win 1.3% | avg 1.3% budget)
  enemy.ai.movement                win=  0.191ms avg=  0.195ms p95=  0.250ms max=  0.401ms calls(last=  1,win= 123,total=206) (win 1.1% | avg 1.2% budget)
  frame.render.world.enemies.draw  win=  0.186ms avg=  0.186ms p95=  0.223ms max=  0.458ms calls(last=  1,win= 120,total=1533) (win 1.1% | avg 1.1% budget)
  enemy.movement.overlap_check     win=  0.095ms avg=  0.097ms p95=  0.106ms max=  0.303ms calls(last=  1,win= 123,total=206) (win 0.6% | avg 0.6% budget)
  enemy.movement.overlap.is_blocked win=  0.092ms avg=  0.094ms p95=  0.102ms max=  0.297ms calls(last=  1,win= 123,total=206) (win 0.5% | avg 0.6% budget)
  enemy.cheap.segment_build        win=  0.063ms avg=  0.009ms p95=  0.068ms max=  0.131ms calls(last=  0,win=  17,total=167) (win 0.4% | avg 0.1% budget)
  system.spawner_update            win=  0.061ms avg=  0.063ms p95=  0.236ms max=  0.617ms calls(last=  1,win= 123,total=1570) (win 0.4% | avg 0.4% budget)
  frame.render.hud.compass         win=  0.052ms avg=  0.052ms p95=  0.053ms max=  0.192ms calls(last=  1,win= 120,total=1533) (win 0.3% | avg 0.3% budget)
  frame.render.hud.lives           win=  0.052ms avg=  0.052ms p95=  0.053ms max=  0.158ms calls(last=  1,win= 120,total=1533) (win 0.3% | avg 0.3% budget)
  frame.render.hud.static          win=  0.046ms avg=  0.046ms p95=  0.061ms max=  0.164ms calls(last=  1,win= 120,total=1533) (win 0.3% | avg 0.3% budget)
  enemy.ai.perception              win=  0.040ms avg=  0.041ms p95=  0.058ms max=  0.082ms calls(last=  1,win= 123,total=206) (win 0.2% | avg 0.2% budget)
[ENEMY_STATS] frame=2880 alive=74 visible=1 full=1 cheap=73 fullInBase=0 pairs(frontal=0 checks=0 separation=0 resolved=0)
[ENEMY_WINDOW] steps=123 alive[min=70 max=74] visible[min=1 max=1] full[min=1 max=1] collisionPasses[runs=0 skips=123]
[ENEMY_SEGMENTS] window=2.050s D{b/s=8.78 avgLen=5.15 fail=0} T{b/s=0.00 avgLen=0.00 fail=0} H{b/s=0.00 avgLen=0.00 fail=0} A{b/s=0.00 avgLen=0.00 fail=0}
[ENEMY_GRID] frontal{cand/s=0.0 xcell/s=0.0 ins/s=0.0} separation{cand/s=0.0}
[ENEMY_COLLISION_WINDOW] frontal{pairs/s=0.0 checks/s=0.0 baseSkip=0 kill=0(0.0%)} separation{pairs/s=0.0 resolved/s=0.0(0.0%) baseSkip=0 kill=0 wallBlock=0}
[ENEMY_UNCOUPLE] entries=0 reentryResets=0(0.0%) reason{frontal=0 separation=0 wallContact=0}
[ENEMY_KILL_DEBUG] enemyEnemy{events=0 frontal=0 separation=0 reenterEither=0 reenterBoth=0 wallContact=0 dist[min=0.000 avg=0.000 max=0.000]}
[ENEMY_NAV_CACHE] playerCell{changes=0 flowRebuilds=0} flow{hit=0 miss=0 hit%=0.0} pathFallback{calls=0 ok=0 ok%=0.0}
[ENEMY_ASSASSIN_CHEAP_RECOVERY] failByStage{s0=0 s1=0 s2=0} recoverByStage{s0=0 s1=0 s2=0} emergency{attempt=0 success=0} noFlowSkips=0
[ENEMY_ASSASSIN_WALL_ENTRIES] byPhase{cheap=0 uncouple=0 full=0}
[ENEMY_SAP] updates=0 active=0 pairs=0 repairs{x=0 y=0}
[ENEMY_PAIR_TYPES] frontal DD=0 DT=0 DH=0 DA=0 TT=0 TH=0 TA=0 HH=0 HA=0 AA=0 separation DD=0 DT=0 DH=0 DA=0 TT=0 TH=0 TA=0 HH=0 HA=0 AA=0
[ENEMY_KILL_DEBUG_COLLISION] projectile{kills=0 wallContact=0}

[PROFILE] frame=3000 budget=16.667ms alloc(+19/-19, +147528b/-147528b, live=199056b peak=392776b)
  frame.total                      win= 16.921ms avg= 16.921ms p95= 17.399ms max=288.505ms calls(last=  1,win= 120,total=3000) (win 101.5% | avg 101.5% budget)
  frame.render                     win= 12.166ms avg= 12.166ms p95= 13.009ms max=288.455ms calls(last=  1,win= 120,total=3000) (win 73.0% | avg 73.0% budget)
  frame.present                    win= 10.524ms avg= 10.524ms p95= 11.375ms max=288.446ms calls(last=  1,win= 120,total=3000) (win 63.1% | avg 63.1% budget)
  frame.fixed_step                 win=  4.594ms avg=  4.708ms p95=  5.672ms max= 11.481ms calls(last=  1,win= 123,total=3069) (win 27.6% | avg 28.3% budget)
  frame.render.world               win=  2.530ms avg=  2.530ms p95=  2.742ms max=  4.862ms calls(last=  1,win= 120,total=1653) (win 15.2% | avg 15.2% budget)
  game.update                      win=  2.217ms avg=  2.272ms p95=  3.433ms max=  7.479ms calls(last=  1,win= 123,total=1693) (win 13.3% | avg 13.6% budget)
  system.ai_update                 win=  2.015ms avg=  2.065ms p95=  3.276ms max=  6.707ms calls(last=  1,win= 123,total=1693) (win 12.1% | avg 12.4% budget)
  enemy.update                     win=  2.009ms avg=  2.059ms p95=  3.271ms max=  6.695ms calls(last=  1,win= 123,total=1693) (win 12.1% | avg 12.4% budget)
  frame.render.world.maze          win=  1.018ms avg=  1.018ms p95=  1.108ms max=  2.197ms calls(last=  1,win= 120,total=1653) (win 6.1% | avg 6.1% budget)
  frame.render.hud                 win=  0.857ms avg=  0.857ms p95=  0.931ms max=  1.148ms calls(last=  1,win= 120,total=1653) (win 5.1% | avg 5.1% budget)
  frame.render.world.effects       win=  0.476ms avg=  0.476ms p95=  0.569ms max=  1.205ms calls(last=  1,win= 120,total=1653) (win 2.9% | avg 2.9% budget)
  frame.render.hud.minimap         win=  0.418ms avg=  0.418ms p95=  0.461ms max=  0.694ms calls(last=  1,win= 120,total=1653) (win 2.5% | avg 2.5% budget)
  frame.render.world.enemies       win=  0.236ms avg=  0.236ms p95=  0.272ms max=  0.504ms calls(last=  1,win= 120,total=1653) (win 1.4% | avg 1.4% budget)
  frame.render.hud.text            win=  0.225ms avg=  0.225ms p95=  0.260ms max=  0.495ms calls(last=  1,win= 120,total=1653) (win 1.3% | avg 1.3% budget)
  enemy.ai.movement                win=  0.202ms avg=  0.207ms p95=  0.257ms max=  0.401ms calls(last=  1,win= 123,total=329) (win 1.2% | avg 1.2% budget)
  frame.render.world.enemies.draw  win=  0.186ms avg=  0.186ms p95=  0.223ms max=  0.458ms calls(last=  1,win= 120,total=1653) (win 1.1% | avg 1.1% budget)
  enemy.movement.overlap_check     win=  0.102ms avg=  0.105ms p95=  0.110ms max=  0.303ms calls(last=  1,win= 123,total=329) (win 0.6% | avg 0.6% budget)
  enemy.movement.overlap.is_blocked win=  0.098ms avg=  0.101ms p95=  0.106ms max=  0.297ms calls(last=  1,win= 123,total=329) (win 0.6% | avg 0.6% budget)
  system.spawner_update            win=  0.066ms avg=  0.068ms p95=  0.215ms max=  0.617ms calls(last=  1,win= 123,total=1693) (win 0.4% | avg 0.4% budget)
  enemy.cheap.segment_build        win=  0.064ms avg=  0.012ms p95=  0.074ms max=  0.131ms calls(last=  0,win=  22,total=189) (win 0.4% | avg 0.1% budget)
  frame.render.hud.lives           win=  0.055ms avg=  0.055ms p95=  0.055ms max=  0.212ms calls(last=  1,win= 120,total=1653) (win 0.3% | avg 0.3% budget)
  frame.render.hud.compass         win=  0.053ms avg=  0.053ms p95=  0.057ms max=  0.192ms calls(last=  1,win= 120,total=1653) (win 0.3% | avg 0.3% budget)
  frame.render.world.effects.projectiles win=  0.050ms avg=  0.017ms p95=  0.071ms max=  0.090ms calls(last=  1,win=  41,total=274) (win 0.3% | avg 0.1% budget)
  frame.render.hud.static          win=  0.047ms avg=  0.047ms p95=  0.059ms max=  0.164ms calls(last=  1,win= 120,total=1653) (win 0.3% | avg 0.3% budget)
[ENEMY_STATS] frame=3000 alive=81 visible=1 full=1 cheap=80 fullInBase=0 pairs(frontal=0 checks=0 separation=0 resolved=0)
[ENEMY_WINDOW] steps=123 alive[min=74 max=81] visible[min=1 max=1] full[min=1 max=1] collisionPasses[runs=0 skips=123]
[ENEMY_SEGMENTS] window=2.050s D{b/s=10.24 avgLen=4.98 fail=0} T{b/s=0.00 avgLen=0.00 fail=0} H{b/s=0.00 avgLen=0.00 fail=0} A{b/s=0.00 avgLen=0.00 fail=0}
[ENEMY_GRID] frontal{cand/s=0.0 xcell/s=0.0 ins/s=0.0} separation{cand/s=0.0}
[ENEMY_COLLISION_WINDOW] frontal{pairs/s=0.0 checks/s=0.0 baseSkip=0 kill=0(0.0%)} separation{pairs/s=0.0 resolved/s=0.0(0.0%) baseSkip=0 kill=0 wallBlock=0}
[ENEMY_UNCOUPLE] entries=0 reentryResets=0(0.0%) reason{frontal=0 separation=0 wallContact=0}
[ENEMY_KILL_DEBUG] enemyEnemy{events=0 frontal=0 separation=0 reenterEither=0 reenterBoth=0 wallContact=0 dist[min=0.000 avg=0.000 max=0.000]}
[ENEMY_NAV_CACHE] playerCell{changes=0 flowRebuilds=0} flow{hit=0 miss=0 hit%=0.0} pathFallback{calls=0 ok=0 ok%=0.0}
[ENEMY_ASSASSIN_CHEAP_RECOVERY] failByStage{s0=0 s1=0 s2=0} recoverByStage{s0=0 s1=0 s2=0} emergency{attempt=0 success=0} noFlowSkips=0
[ENEMY_ASSASSIN_WALL_ENTRIES] byPhase{cheap=0 uncouple=0 full=0}
[ENEMY_SAP] updates=0 active=0 pairs=0 repairs{x=0 y=0}
[ENEMY_PAIR_TYPES] frontal DD=0 DT=0 DH=0 DA=0 TT=0 TH=0 TA=0 HH=0 HA=0 AA=0 separation DD=0 DT=0 DH=0 DA=0 TT=0 TH=0 TA=0 HH=0 HA=0 AA=0
[ENEMY_KILL_DEBUG_COLLISION] projectile{kills=0 wallContact=0}

[PROFILE] frame=3120 budget=16.667ms alloc(+20/-20, +155888b/-155888b, live=199056b peak=392776b)
  frame.total                      win= 16.890ms avg= 16.890ms p95= 17.381ms max=288.505ms calls(last=  1,win= 120,total=3120) (win 101.3% | avg 101.3% budget)
  frame.render                     win= 12.059ms avg= 12.059ms p95= 12.944ms max=288.455ms calls(last=  1,win= 120,total=3120) (win 72.4% | avg 72.4% budget)
  frame.present                    win= 10.379ms avg= 10.379ms p95= 11.269ms max=288.446ms calls(last=  1,win= 120,total=3120) (win 62.3% | avg 62.3% budget)
  frame.fixed_step                 win=  4.707ms avg=  4.786ms p95=  5.809ms max= 11.481ms calls(last=  1,win= 122,total=3191) (win 28.2% | avg 28.7% budget)
  frame.render.world               win=  2.561ms avg=  2.561ms p95=  2.788ms max=  6.118ms calls(last=  1,win= 120,total=1773) (win 15.4% | avg 15.4% budget)
  game.update                      win=  2.056ms avg=  2.090ms p95=  3.085ms max=  7.479ms calls(last=  1,win= 122,total=1815) (win 12.3% | avg 12.5% budget)
  system.ai_update                 win=  1.790ms avg=  1.820ms p95=  2.828ms max=  6.707ms calls(last=  1,win= 122,total=1815) (win 10.7% | avg 10.9% budget)
  enemy.update                     win=  1.785ms avg=  1.815ms p95=  2.823ms max=  6.695ms calls(last=  1,win= 122,total=1815) (win 10.7% | avg 10.9% budget)
  frame.render.world.maze          win=  1.061ms avg=  1.061ms p95=  1.169ms max=  3.017ms calls(last=  1,win= 120,total=1773) (win 6.4% | avg 6.4% budget)
  frame.render.hud                 win=  0.862ms avg=  0.862ms p95=  0.978ms max=  1.148ms calls(last=  1,win= 120,total=1773) (win 5.2% | avg 5.2% budget)
  frame.render.world.effects       win=  0.496ms avg=  0.496ms p95=  0.598ms max=  1.205ms calls(last=  1,win= 120,total=1773) (win 3.0% | avg 3.0% budget)
  frame.render.hud.minimap         win=  0.429ms avg=  0.429ms p95=  0.543ms max=  0.694ms calls(last=  1,win= 120,total=1773) (win 2.6% | avg 2.6% budget)
  frame.render.world.enemies       win=  0.226ms avg=  0.226ms p95=  0.276ms max=  0.537ms calls(last=  1,win= 120,total=1773) (win 1.4% | avg 1.4% budget)
  frame.render.hud.text            win=  0.224ms avg=  0.224ms p95=  0.265ms max=  0.495ms calls(last=  1,win= 120,total=1773) (win 1.3% | avg 1.3% budget)
  enemy.ai.movement                win=  0.213ms avg=  0.005ms p95=  0.000ms max=  0.401ms calls(last=  0,win=   3,total=332) (win 1.3% | avg 0.0% budget)
  frame.render.world.enemies.draw  win=  0.176ms avg=  0.176ms p95=  0.227ms max=  0.458ms calls(last=  1,win= 120,total=1773) (win 1.1% | avg 1.1% budget)
  enemy.movement.overlap_check     win=  0.111ms avg=  0.003ms p95=  0.000ms max=  0.303ms calls(last=  0,win=   3,total=332) (win 0.7% | avg 0.0% budget)
  enemy.movement.overlap.is_blocked win=  0.109ms avg=  0.003ms p95=  0.000ms max=  0.297ms calls(last=  0,win=   3,total=332) (win 0.7% | avg 0.0% budget)
  system.physics_collision         win=  0.097ms avg=  0.099ms p95=  0.129ms max=  0.205ms calls(last=  1,win= 122,total=1815) (win 0.6% | avg 0.6% budget)
  enemy.cheap.segment_build        win=  0.075ms avg=  0.014ms p95=  0.073ms max=  0.213ms calls(last=  0,win=  22,total=211) (win 0.4% | avg 0.1% budget)
  system.spawner_update            win=  0.066ms avg=  0.067ms p95=  0.248ms max=  0.617ms calls(last=  1,win= 122,total=1815) (win 0.4% | avg 0.4% budget)
  enemy.ai.perception              win=  0.054ms avg=  0.001ms p95=  0.000ms max=  0.122ms calls(last=  0,win=   3,total=332) (win 0.3% | avg 0.0% budget)
  frame.render.hud.lives           win=  0.052ms avg=  0.052ms p95=  0.053ms max=  0.212ms calls(last=  1,win= 120,total=1773) (win 0.3% | avg 0.3% budget)
  frame.render.hud.compass         win=  0.051ms avg=  0.051ms p95=  0.053ms max=  0.192ms calls(last=  1,win= 120,total=1773) (win 0.3% | avg 0.3% budget)
[ENEMY_STATS] frame=3120 alive=89 visible=0 full=0 cheap=89 fullInBase=0 pairs(frontal=0 checks=0 separation=0 resolved=0)
[ENEMY_WINDOW] steps=122 alive[min=80 max=89] visible[min=0 max=1] full[min=0 max=1] collisionPasses[runs=0 skips=122]
[ENEMY_SEGMENTS] window=2.033s D{b/s=10.82 avgLen=5.08 fail=0} T{b/s=0.00 avgLen=0.00 fail=0} H{b/s=0.00 avgLen=0.00 fail=0} A{b/s=0.00 avgLen=0.00 fail=0}
[ENEMY_GRID] frontal{cand/s=0.0 xcell/s=0.0 ins/s=0.0} separation{cand/s=0.0}
[ENEMY_COLLISION_WINDOW] frontal{pairs/s=0.0 checks/s=0.0 baseSkip=0 kill=0(0.0%)} separation{pairs/s=0.0 resolved/s=0.0(0.0%) baseSkip=0 kill=0 wallBlock=0}
[ENEMY_UNCOUPLE] entries=0 reentryResets=0(0.0%) reason{frontal=0 separation=0 wallContact=0}
[ENEMY_KILL_DEBUG] enemyEnemy{events=0 frontal=0 separation=0 reenterEither=0 reenterBoth=0 wallContact=0 dist[min=0.000 avg=0.000 max=0.000]}
[ENEMY_NAV_CACHE] playerCell{changes=0 flowRebuilds=0} flow{hit=0 miss=0 hit%=0.0} pathFallback{calls=0 ok=0 ok%=0.0}
[ENEMY_ASSASSIN_CHEAP_RECOVERY] failByStage{s0=0 s1=0 s2=0} recoverByStage{s0=0 s1=0 s2=0} emergency{attempt=0 success=0} noFlowSkips=0
[ENEMY_ASSASSIN_WALL_ENTRIES] byPhase{cheap=0 uncouple=0 full=0}
[ENEMY_SAP] updates=0 active=0 pairs=0 repairs{x=0 y=0}
[ENEMY_PAIR_TYPES] frontal DD=0 DT=0 DH=0 DA=0 TT=0 TH=0 TA=0 HH=0 HA=0 AA=0 separation DD=0 DT=0 DH=0 DA=0 TT=0 TH=0 TA=0 HH=0 HA=0 AA=0
[ENEMY_KILL_DEBUG_COLLISION] projectile{kills=1 wallContact=0}

[PROFILE] frame=3240 budget=16.667ms alloc(+18/-18, +164144b/-164144b, live=199056b peak=392776b)
  frame.total                      win= 16.929ms avg= 16.929ms p95= 17.393ms max=288.505ms calls(last=  1,win= 120,total=3240) (win 101.6% | avg 101.6% budget)
  frame.render                     win= 11.592ms avg= 11.592ms p95= 12.354ms max=288.455ms calls(last=  1,win= 120,total=3240) (win 69.5% | avg 69.5% budget)
  frame.present                    win=  9.942ms avg=  9.942ms p95= 10.753ms max=288.446ms calls(last=  1,win= 120,total=3240) (win 59.6% | avg 59.6% budget)
  frame.fixed_step                 win=  5.164ms avg=  5.293ms p95=  6.516ms max= 11.481ms calls(last=  1,win= 123,total=3314) (win 31.0% | avg 31.8% budget)
  frame.render.world               win=  2.503ms avg=  2.503ms p95=  2.755ms max=  6.118ms calls(last=  1,win= 120,total=1893) (win 15.0% | avg 15.0% budget)
  game.update                      win=  2.188ms avg=  2.242ms p95=  3.368ms max=  7.479ms calls(last=  1,win= 123,total=1938) (win 13.1% | avg 13.5% budget)
  system.ai_update                 win=  1.978ms avg=  2.027ms p95=  3.110ms max=  6.707ms calls(last=  1,win= 123,total=1938) (win 11.9% | avg 12.2% budget)
  enemy.update                     win=  1.973ms avg=  2.022ms p95=  3.104ms max=  6.695ms calls(last=  1,win= 123,total=1938) (win 11.8% | avg 12.1% budget)
  frame.render.world.maze          win=  1.043ms avg=  1.043ms p95=  1.175ms max=  3.017ms calls(last=  1,win= 120,total=1893) (win 6.3% | avg 6.3% budget)
  frame.render.hud                 win=  0.872ms avg=  0.872ms p95=  1.011ms max=  1.348ms calls(last=  1,win= 120,total=1893) (win 5.2% | avg 5.2% budget)
  frame.render.world.effects       win=  0.447ms avg=  0.447ms p95=  0.549ms max=  1.205ms calls(last=  1,win= 120,total=1893) (win 2.7% | avg 2.7% budget)
  frame.render.hud.minimap         win=  0.424ms avg=  0.424ms p95=  0.484ms max=  0.694ms calls(last=  1,win= 120,total=1893) (win 2.5% | avg 2.5% budget)
  frame.render.hud.text            win=  0.233ms avg=  0.233ms p95=  0.296ms max=  0.567ms calls(last=  1,win= 120,total=1893) (win 1.4% | avg 1.4% budget)
  frame.render.world.enemies       win=  0.219ms avg=  0.219ms p95=  0.274ms max=  0.553ms calls(last=  1,win= 120,total=1893) (win 1.3% | avg 1.3% budget)
  frame.render.world.enemies.draw  win=  0.165ms avg=  0.165ms p95=  0.207ms max=  0.458ms calls(last=  1,win= 120,total=1893) (win 1.0% | avg 1.0% budget)
  system.spawner_update            win=  0.072ms avg=  0.074ms p95=  0.251ms max=  0.617ms calls(last=  1,win= 123,total=1938) (win 0.4% | avg 0.4% budget)
  enemy.cheap.segment_build        win=  0.069ms avg=  0.013ms p95=  0.074ms max=  0.213ms calls(last=  0,win=  22,total=233) (win 0.4% | avg 0.1% budget)
  frame.render.hud.lives           win=  0.054ms avg=  0.054ms p95=  0.054ms max=  0.294ms calls(last=  1,win= 120,total=1893) (win 0.3% | avg 0.3% budget)
  frame.render.hud.compass         win=  0.052ms avg=  0.052ms p95=  0.053ms max=  0.192ms calls(last=  1,win= 120,total=1893) (win 0.3% | avg 0.3% budget)
  frame.render.hud.static          win=  0.048ms avg=  0.048ms p95=  0.068ms max=  0.169ms calls(last=  1,win= 120,total=1893) (win 0.3% | avg 0.3% budget)
  frame.render.world.enemies.cull  win=  0.047ms avg=  0.047ms p95=  0.049ms max=  0.166ms calls(last=  1,win= 120,total=1893) (win 0.3% | avg 0.3% budget)
  system.physics_collision         win=  0.041ms avg=  0.042ms p95=  0.087ms max=  0.205ms calls(last=  1,win= 123,total=1938) (win 0.2% | avg 0.3% budget)
  frame.render.hud.bars            win=  0.040ms avg=  0.040ms p95=  0.040ms max=  0.180ms calls(last=  1,win= 120,total=1893) (win 0.2% | avg 0.2% budget)
  frame.input_poll                 win=  0.028ms avg=  0.028ms p95=  0.030ms max=  0.121ms calls(last=  1,win= 120,total=3240) (win 0.2% | avg 0.2% budget)
[ENEMY_STATS] frame=3240 alive=97 visible=0 full=0 cheap=97 fullInBase=0 pairs(frontal=0 checks=0 separation=0 resolved=0)
[ENEMY_WINDOW] steps=123 alive[min=89 max=97] visible[min=0 max=0] full[min=0 max=0] collisionPasses[runs=0 skips=123]
[ENEMY_SEGMENTS] window=2.050s D{b/s=10.73 avgLen=4.76 fail=0} T{b/s=0.00 avgLen=0.00 fail=0} H{b/s=0.00 avgLen=0.00 fail=0} A{b/s=0.00 avgLen=0.00 fail=0}
[ENEMY_GRID] frontal{cand/s=0.0 xcell/s=0.0 ins/s=0.0} separation{cand/s=0.0}
[ENEMY_COLLISION_WINDOW] frontal{pairs/s=0.0 checks/s=0.0 baseSkip=0 kill=0(0.0%)} separation{pairs/s=0.0 resolved/s=0.0(0.0%) baseSkip=0 kill=0 wallBlock=0}
[ENEMY_UNCOUPLE] entries=0 reentryResets=0(0.0%) reason{frontal=0 separation=0 wallContact=0}
[ENEMY_KILL_DEBUG] enemyEnemy{events=0 frontal=0 separation=0 reenterEither=0 reenterBoth=0 wallContact=0 dist[min=0.000 avg=0.000 max=0.000]}
[ENEMY_NAV_CACHE] playerCell{changes=0 flowRebuilds=0} flow{hit=0 miss=0 hit%=0.0} pathFallback{calls=0 ok=0 ok%=0.0}
[ENEMY_ASSASSIN_CHEAP_RECOVERY] failByStage{s0=0 s1=0 s2=0} recoverByStage{s0=0 s1=0 s2=0} emergency{attempt=0 success=0} noFlowSkips=0
[ENEMY_ASSASSIN_WALL_ENTRIES] byPhase{cheap=0 uncouple=0 full=0}
[ENEMY_SAP] updates=0 active=0 pairs=0 repairs{x=0 y=0}
[ENEMY_PAIR_TYPES] frontal DD=0 DT=0 DH=0 DA=0 TT=0 TH=0 TA=0 HH=0 HA=0 AA=0 separation DD=0 DT=0 DH=0 DA=0 TT=0 TH=0 TA=0 HH=0 HA=0 AA=0
[ENEMY_KILL_DEBUG_COLLISION] projectile{kills=0 wallContact=0}

[PROFILE] frame=3360 budget=16.667ms alloc(+29/-29, +174936b/-174936b, live=203672b peak=392776b)
  frame.total                      win= 17.044ms avg= 17.044ms p95= 17.917ms max=288.505ms calls(last=  1,win= 120,total=3360) (win 102.3% | avg 102.3% budget)
  frame.render                     win= 11.132ms avg= 11.132ms p95= 12.070ms max=288.455ms calls(last=  1,win= 120,total=3360) (win 66.8% | avg 66.8% budget)
  frame.present                    win=  9.469ms avg=  9.469ms p95= 10.379ms max=288.446ms calls(last=  1,win= 120,total=3360) (win 56.8% | avg 56.8% budget)
  frame.fixed_step                 win=  5.676ms avg=  5.865ms p95=  7.244ms max= 11.693ms calls(last=  1,win= 124,total=3438) (win 34.1% | avg 35.2% budget)
  frame.render.world               win=  2.447ms avg=  2.447ms p95=  2.696ms max=  6.118ms calls(last=  1,win= 120,total=2013) (win 14.7% | avg 14.7% budget)
  game.update                      win=  2.358ms avg=  2.437ms p95=  3.598ms max=  7.479ms calls(last=  1,win= 124,total=2062) (win 14.2% | avg 14.6% budget)
  system.ai_update                 win=  2.152ms avg=  2.224ms p95=  3.354ms max=  6.707ms calls(last=  1,win= 124,total=2062) (win 12.9% | avg 13.3% budget)
  enemy.update                     win=  2.147ms avg=  2.218ms p95=  3.350ms max=  6.695ms calls(last=  1,win= 124,total=2062) (win 12.9% | avg 13.3% budget)
  frame.render.world.maze          win=  1.026ms avg=  1.026ms p95=  1.160ms max=  3.017ms calls(last=  1,win= 120,total=2013) (win 6.2% | avg 6.2% budget)
  frame.render.hud                 win=  0.859ms avg=  0.859ms p95=  0.937ms max=  1.348ms calls(last=  1,win= 120,total=2013) (win 5.2% | avg 5.2% budget)
  frame.render.world.effects       win=  0.430ms avg=  0.430ms p95=  0.514ms max=  1.205ms calls(last=  1,win= 120,total=2013) (win 2.6% | avg 2.6% budget)
  frame.render.hud.minimap         win=  0.426ms avg=  0.426ms p95=  0.497ms max=  0.694ms calls(last=  1,win= 120,total=2013) (win 2.6% | avg 2.6% budget)
  enemy.physics.frontal_collisions win=  0.401ms avg=  0.013ms p95=  0.000ms max=  0.572ms calls(last=  1,win=   4,total=4) (win 2.4% | avg 0.1% budget)
  enemy.physics.frontal_grid_build win=  0.308ms avg=  0.010ms p95=  0.000ms max=  0.485ms calls(last=  1,win=   4,total=4) (win 1.8% | avg 0.1% budget)
  frame.render.hud.text            win=  0.222ms avg=  0.222ms p95=  0.233ms max=  0.567ms calls(last=  1,win= 120,total=2013) (win 1.3% | avg 1.3% budget)
  enemy.ai.movement                win=  0.220ms avg=  0.024ms p95=  0.218ms max=  0.661ms calls(last=  2,win=  13,total=345) (win 1.3% | avg 0.1% budget)
  frame.render.world.enemies       win=  0.216ms avg=  0.216ms p95=  0.259ms max=  0.553ms calls(last=  1,win= 120,total=2013) (win 1.3% | avg 1.3% budget)
  frame.render.world.enemies.draw  win=  0.160ms avg=  0.160ms p95=  0.198ms max=  0.458ms calls(last=  1,win= 120,total=2013) (win 1.0% | avg 1.0% budget)
  enemy.movement.overlap_check     win=  0.129ms avg=  0.014ms p95=  0.129ms max=  0.409ms calls(last=  2,win=  13,total=345) (win 0.8% | avg 0.1% budget)
  enemy.movement.overlap.is_blocked win=  0.126ms avg=  0.014ms p95=  0.126ms max=  0.399ms calls(last=  2,win=  13,total=345) (win 0.8% | avg 0.1% budget)
  system.spawner_update            win=  0.074ms avg=  0.077ms p95=  0.287ms max=  0.617ms calls(last=  1,win= 124,total=2062) (win 0.4% | avg 0.5% budget)
  enemy.physics.frontal_pair_traverse win=  0.067ms avg=  0.002ms p95=  0.000ms max=  0.070ms calls(last=  1,win=   4,total=4) (win 0.4% | avg 0.0% budget)
  enemy.cheap.segment_build        win=  0.064ms avg=  0.013ms p95=  0.073ms max=  0.213ms calls(last=  0,win=  25,total=258) (win 0.4% | avg 0.1% budget)
  frame.render.hud.lives           win=  0.052ms avg=  0.052ms p95=  0.053ms max=  0.294ms calls(last=  1,win= 120,total=2013) (win 0.3% | avg 0.3% budget)
[ENEMY_STATS] frame=3360 alive=102 visible=0 full=2 cheap=100 fullInBase=0 pairs(frontal=0 checks=0 separation=0 resolved=0)
[ENEMY_WINDOW] steps=124 alive[min=97 max=102] visible[min=0 max=0] full[min=0 max=2] collisionPasses[runs=5 skips=119]
[ENEMY_SEGMENTS] window=2.067s D{b/s=12.10 avgLen=5.19 fail=0} T{b/s=0.00 avgLen=0.00 fail=0} H{b/s=0.00 avgLen=0.00 fail=0} A{b/s=0.00 avgLen=0.00 fail=0}
[ENEMY_GRID] frontal{cand/s=4.8 xcell/s=0.0 ins/s=4.8} separation{cand/s=4.8}
[ENEMY_COLLISION_WINDOW] frontal{pairs/s=0.0 checks/s=0.0 baseSkip=0 kill=0(0.0%)} separation{pairs/s=0.0 resolved/s=0.0(0.0%) baseSkip=0 kill=0 wallBlock=0}
[ENEMY_UNCOUPLE] entries=0 reentryResets=0(0.0%) reason{frontal=0 separation=0 wallContact=0}
[ENEMY_KILL_DEBUG] enemyEnemy{events=0 frontal=0 separation=0 reenterEither=0 reenterBoth=0 wallContact=0 dist[min=0.000 avg=0.000 max=0.000]}
[ENEMY_NAV_CACHE] playerCell{changes=0 flowRebuilds=0} flow{hit=0 miss=0 hit%=0.0} pathFallback{calls=0 ok=0 ok%=0.0}
[ENEMY_ASSASSIN_CHEAP_RECOVERY] failByStage{s0=0 s1=0 s2=0} recoverByStage{s0=0 s1=0 s2=0} emergency{attempt=0 success=0} noFlowSkips=0
[ENEMY_ASSASSIN_WALL_ENTRIES] byPhase{cheap=0 uncouple=0 full=0}
[ENEMY_SAP] updates=510 active=10 pairs=0 repairs{x=62 y=63}
[ENEMY_PAIR_TYPES] frontal DD=0 DT=0 DH=0 DA=0 TT=0 TH=0 TA=0 HH=0 HA=0 AA=0 separation DD=0 DT=0 DH=0 DA=0 TT=0 TH=0 TA=0 HH=0 HA=0 AA=0
[ENEMY_KILL_DEBUG_COLLISION] projectile{kills=0 wallContact=0}

[PROFILE] frame=3480 budget=16.667ms alloc(+29/-29, +183880b/-183880b, live=203880b peak=392776b)
  frame.total                      win= 17.185ms avg= 17.185ms p95= 18.516ms max=288.505ms calls(last=  1,win= 120,total=3480) (win 103.1% | avg 103.1% budget)
  frame.render                     win=  9.682ms avg=  9.682ms p95= 10.853ms max=288.455ms calls(last=  1,win= 120,total=3480) (win 58.1% | avg 58.1% budget)
  frame.present                    win=  8.037ms avg=  8.037ms p95=  9.194ms max=288.446ms calls(last=  1,win= 120,total=3480) (win 48.2% | avg 48.2% budget)
  frame.fixed_step                 win=  7.217ms avg=  7.457ms p95=  9.035ms max= 16.613ms calls(last=  1,win= 124,total=3562) (win 43.3% | avg 44.7% budget)
  game.update                      win=  3.490ms avg=  3.606ms p95=  5.202ms max=  8.693ms calls(last=  1,win= 124,total=2186) (win 20.9% | avg 21.6% budget)
  system.ai_update                 win=  3.278ms avg=  3.387ms p95=  5.018ms max=  8.305ms calls(last=  1,win= 124,total=2186) (win 19.7% | avg 20.3% budget)
  enemy.update                     win=  3.273ms avg=  3.382ms p95=  5.013ms max=  8.296ms calls(last=  1,win= 124,total=2186) (win 19.6% | avg 20.3% budget)
  frame.render.world               win=  2.510ms avg=  2.510ms p95=  2.834ms max=  6.118ms calls(last=  1,win= 120,total=2133) (win 15.1% | avg 15.1% budget)
  frame.render.world.maze          win=  1.029ms avg=  1.029ms p95=  1.185ms max=  3.017ms calls(last=  1,win= 120,total=2133) (win 6.2% | avg 6.2% budget)
  frame.render.hud                 win=  0.854ms avg=  0.854ms p95=  0.904ms max=  1.348ms calls(last=  1,win= 120,total=2133) (win 5.1% | avg 5.1% budget)
  frame.render.world.effects       win=  0.459ms avg=  0.459ms p95=  0.556ms max=  1.205ms calls(last=  1,win= 120,total=2133) (win 2.8% | avg 2.8% budget)
  frame.render.hud.minimap         win=  0.425ms avg=  0.425ms p95=  0.479ms max=  0.694ms calls(last=  1,win= 120,total=2133) (win 2.5% | avg 2.5% budget)
  enemy.physics.frontal_collisions win=  0.379ms avg=  0.391ms p95=  0.557ms max=  0.922ms calls(last=  1,win= 124,total=128) (win 2.3% | avg 2.3% budget)
  enemy.physics.frontal_grid_build win=  0.277ms avg=  0.286ms p95=  0.462ms max=  0.730ms calls(last=  1,win= 124,total=128) (win 1.7% | avg 1.7% budget)
  frame.render.world.enemies       win=  0.237ms avg=  0.237ms p95=  0.268ms max=  0.553ms calls(last=  1,win= 120,total=2133) (win 1.4% | avg 1.4% budget)
  enemy.ai.movement                win=  0.223ms avg=  0.577ms p95=  0.968ms max=  1.863ms calls(last=  5,win= 310,total=655) (win 1.3% | avg 3.5% budget)
  frame.render.hud.text            win=  0.222ms avg=  0.222ms p95=  0.262ms max=  0.567ms calls(last=  1,win= 120,total=2133) (win 1.3% | avg 1.3% budget)
  frame.render.world.enemies.draw  win=  0.177ms avg=  0.177ms p95=  0.204ms max=  0.458ms calls(last=  1,win= 120,total=2133) (win 1.1% | avg 1.1% budget)
  enemy.movement.overlap_check     win=  0.134ms avg=  0.347ms p95=  0.614ms max=  1.104ms calls(last=  5,win= 310,total=655) (win 0.8% | avg 2.1% budget)
  enemy.movement.overlap.is_blocked win=  0.131ms avg=  0.340ms p95=  0.601ms max=  1.078ms calls(last=  5,win= 310,total=655) (win 0.8% | avg 2.0% budget)
  system.spawner_update            win=  0.082ms avg=  0.085ms p95=  0.267ms max=  0.617ms calls(last=  1,win= 124,total=2186) (win 0.5% | avg 0.5% budget)
  enemy.physics.frontal_pair_traverse win=  0.073ms avg=  0.076ms p95=  0.089ms max=  0.185ms calls(last=  1,win= 124,total=128) (win 0.4% | avg 0.5% budget)
  frame.render.world.enemies.cull  win=  0.053ms avg=  0.053ms p95=  0.056ms max=  0.166ms calls(last=  1,win= 120,total=2133) (win 0.3% | avg 0.3% budget)
  frame.render.hud.lives           win=  0.052ms avg=  0.052ms p95=  0.054ms max=  0.294ms calls(last=  1,win= 120,total=2133) (win 0.3% | avg 0.3% budget)
[ENEMY_STATS] frame=3480 alive=110 visible=2 full=5 cheap=105 fullInBase=0 pairs(frontal=0 checks=0 separation=0 resolved=0)
[ENEMY_WINDOW] steps=124 alive[min=102 max=110] visible[min=0 max=2] full[min=2 max=5] collisionPasses[runs=124 skips=0]
[ENEMY_SEGMENTS] window=2.067s D{b/s=12.58 avgLen=5.58 fail=0} T{b/s=0.00 avgLen=0.00 fail=0} H{b/s=0.00 avgLen=0.00 fail=0} A{b/s=0.00 avgLen=0.00 fail=0}
[ENEMY_GRID] frontal{cand/s=151.5 xcell/s=0.0 ins/s=151.5} separation{cand/s=151.5}
[ENEMY_COLLISION_WINDOW] frontal{pairs/s=0.0 checks/s=0.0 baseSkip=0 kill=0(0.0%)} separation{pairs/s=0.0 resolved/s=0.0(0.0%) baseSkip=0 kill=0 wallBlock=0}
[ENEMY_UNCOUPLE] entries=0 reentryResets=0(0.0%) reason{frontal=0 separation=0 wallContact=0}
[ENEMY_KILL_DEBUG] enemyEnemy{events=0 frontal=0 separation=0 reenterEither=0 reenterBoth=0 wallContact=0 dist[min=0.000 avg=0.000 max=0.000]}
[ENEMY_NAV_CACHE] playerCell{changes=0 flowRebuilds=0} flow{hit=0 miss=0 hit%=0.0} pathFallback{calls=0 ok=0 ok%=0.0}
[ENEMY_ASSASSIN_CHEAP_RECOVERY] failByStage{s0=0 s1=0 s2=0} recoverByStage{s0=0 s1=0 s2=0} emergency{attempt=0 success=0} noFlowSkips=0
[ENEMY_ASSASSIN_WALL_ENTRIES] byPhase{cheap=0 uncouple=0 full=0}
[ENEMY_SAP] updates=13197 active=313 pairs=0 repairs{x=750 y=764}
[ENEMY_PAIR_TYPES] frontal DD=0 DT=0 DH=0 DA=0 TT=0 TH=0 TA=0 HH=0 HA=0 AA=0 separation DD=0 DT=0 DH=0 DA=0 TT=0 TH=0 TA=0 HH=0 HA=0 AA=0
[ENEMY_KILL_DEBUG_COLLISION] projectile{kills=0 wallContact=0}

[PROFILE] frame=3600 budget=16.667ms alloc(+30/-30, +188368b/-188368b, live=203976b peak=392776b)
  frame.total                      win= 18.422ms avg= 18.422ms p95= 26.762ms max=288.505ms calls(last=  1,win= 120,total=3600) (win 110.5% | avg 110.5% budget)
  frame.fixed_step                 win=  8.730ms avg=  9.749ms p95= 18.334ms max= 20.031ms calls(last=  1,win= 134,total=3696) (win 52.4% | avg 58.5% budget)
  frame.render                     win=  8.627ms avg=  8.627ms p95= 10.032ms max=288.455ms calls(last=  1,win= 120,total=3600) (win 51.8% | avg 51.8% budget)
  frame.present                    win=  6.985ms avg=  6.985ms p95=  8.436ms max=288.446ms calls(last=  1,win= 120,total=3600) (win 41.9% | avg 41.9% budget)
  game.update                      win=  4.642ms avg=  5.184ms p95= 10.079ms max= 11.992ms calls(last=  1,win= 134,total=2320) (win 27.9% | avg 31.1% budget)
  system.ai_update                 win=  4.422ms avg=  4.938ms p95=  9.650ms max= 11.089ms calls(last=  1,win= 134,total=2320) (win 26.5% | avg 29.6% budget)
  enemy.update                     win=  4.417ms avg=  4.932ms p95=  9.640ms max= 11.080ms calls(last=  1,win= 134,total=2320) (win 26.5% | avg 29.6% budget)
  frame.render.world               win=  2.396ms avg=  2.396ms p95=  2.713ms max=  6.118ms calls(last=  1,win= 120,total=2253) (win 14.4% | avg 14.4% budget)
  frame.render.hud                 win=  0.854ms avg=  0.854ms p95=  0.913ms max=  1.348ms calls(last=  1,win= 120,total=2253) (win 5.1% | avg 5.1% budget)
  frame.render.world.maze          win=  0.846ms avg=  0.846ms p95=  1.056ms max=  3.017ms calls(last=  1,win= 120,total=2253) (win 5.1% | avg 5.1% budget)
  frame.render.world.effects       win=  0.464ms avg=  0.464ms p95=  0.563ms max=  1.205ms calls(last=  1,win= 120,total=2253) (win 2.8% | avg 2.8% budget)
  frame.render.hud.minimap         win=  0.420ms avg=  0.420ms p95=  0.466ms max=  0.694ms calls(last=  1,win= 120,total=2253) (win 2.5% | avg 2.5% budget)
  enemy.physics.frontal_collisions win=  0.404ms avg=  0.451ms p95=  0.783ms max=  1.069ms calls(last=  1,win= 134,total=262) (win 2.4% | avg 2.7% budget)
  frame.render.world.enemies       win=  0.302ms avg=  0.302ms p95=  0.349ms max=  0.553ms calls(last=  1,win= 120,total=2253) (win 1.8% | avg 1.8% budget)
  enemy.physics.frontal_grid_build win=  0.296ms avg=  0.330ms p95=  0.571ms max=  0.961ms calls(last=  1,win= 134,total=262) (win 1.8% | avg 2.0% budget)
  frame.render.world.enemies.draw  win=  0.235ms avg=  0.235ms p95=  0.276ms max=  0.458ms calls(last=  1,win= 120,total=2253) (win 1.4% | avg 1.4% budget)
  enemy.ai.movement                win=  0.230ms avg=  1.511ms p95=  3.178ms max=  3.661ms calls(last=  7,win= 787,total=1442) (win 1.4% | avg 9.1% budget)
  frame.render.hud.text            win=  0.223ms avg=  0.223ms p95=  0.255ms max=  0.567ms calls(last=  1,win= 120,total=2253) (win 1.3% | avg 1.3% budget)
  enemy.movement.overlap_check     win=  0.139ms avg=  0.912ms p95=  1.898ms max=  2.204ms calls(last=  7,win= 787,total=1442) (win 0.8% | avg 5.5% budget)
  enemy.movement.overlap.is_blocked win=  0.136ms avg=  0.894ms p95=  1.860ms max=  2.157ms calls(last=  7,win= 787,total=1442) (win 0.8% | avg 5.4% budget)
  system.spawner_update            win=  0.080ms avg=  0.089ms p95=  0.250ms max=  0.636ms calls(last=  1,win= 134,total=2320) (win 0.5% | avg 0.5% budget)
  enemy.physics.frontal_pair_traverse win=  0.076ms avg=  0.085ms p95=  0.151ms max=  0.202ms calls(last=  1,win= 134,total=262) (win 0.5% | avg 0.5% budget)
  frame.render.world.enemies.cull  win=  0.057ms avg=  0.057ms p95=  0.060ms max=  0.166ms calls(last=  1,win= 120,total=2253) (win 0.3% | avg 0.3% budget)
  frame.render.hud.lives           win=  0.053ms avg=  0.053ms p95=  0.055ms max=  0.294ms calls(last=  1,win= 120,total=2253) (win 0.3% | avg 0.3% budget)
[ENEMY_STATS] frame=3600 alive=114 visible=3 full=7 cheap=107 fullInBase=0 pairs(frontal=1 checks=1 separation=1 resolved=0)
[ENEMY_WINDOW] steps=134 alive[min=110 max=114] visible[min=2 max=3] full[min=4 max=8] collisionPasses[runs=134 skips=0]
[ENEMY_SEGMENTS] window=2.233s D{b/s=11.19 avgLen=4.56 fail=0} T{b/s=0.00 avgLen=0.00 fail=0} H{b/s=0.00 avgLen=0.00 fail=0} A{b/s=0.00 avgLen=0.00 fail=0}
[ENEMY_GRID] frontal{cand/s=353.3 xcell/s=2.2 ins/s=355.5} separation{cand/s=353.3}
[ENEMY_COLLISION_WINDOW] frontal{pairs/s=2.7 checks/s=2.7 baseSkip=0 kill=0(0.0%)} separation{pairs/s=2.7 resolved/s=0.0(0.0%) baseSkip=0 kill=0 wallBlock=0}
[ENEMY_UNCOUPLE] entries=0 reentryResets=0(0.0%) reason{frontal=0 separation=0 wallContact=0}
[ENEMY_KILL_DEBUG] enemyEnemy{events=0 frontal=0 separation=0 reenterEither=0 reenterBoth=0 wallContact=0 dist[min=0.000 avg=0.000 max=0.000]}
[ENEMY_NAV_CACHE] playerCell{changes=0 flowRebuilds=0} flow{hit=0 miss=0 hit%=0.0} pathFallback{calls=0 ok=0 ok%=0.0}
[ENEMY_ASSASSIN_CHEAP_RECOVERY] failByStage{s0=0 s1=0 s2=0} recoverByStage{s0=0 s1=0 s2=0} emergency{attempt=0 success=0} noFlowSkips=0
[ENEMY_ASSASSIN_WALL_ENTRIES] byPhase{cheap=0 uncouple=0 full=0}
[ENEMY_SAP] updates=15094 active=789 pairs=6 repairs{x=1620 y=1651}
[ENEMY_PAIR_TYPES] frontal DD=0 DT=6 DH=0 DA=0 TT=0 TH=0 TA=0 HH=0 HA=0 AA=0 separation DD=0 DT=6 DH=0 DA=0 TT=0 TH=0 TA=0 HH=0 HA=0 AA=0
[ENEMY_KILL_DEBUG_COLLISION] projectile{kills=0 wallContact=0}

[PROFILE] frame=3720 budget=16.667ms alloc(+60/-60, +394688b/-394688b, live=204184b peak=400520b)
  frame.total                      win= 20.578ms avg= 20.578ms p95= 28.483ms max=288.505ms calls(last=  1,win= 120,total=3720) (win 123.5% | avg 123.5% budget)
  frame.fixed_step                 win=  9.832ms avg= 12.208ms p95= 20.378ms max= 24.678ms calls(last=  2,win= 149,total=3845) (win 59.0% | avg 73.2% budget)
  frame.render                     win=  8.323ms avg=  8.323ms p95=  9.117ms max=288.455ms calls(last=  1,win= 120,total=3720) (win 49.9% | avg 49.9% budget)
  frame.present                    win=  6.693ms avg=  6.693ms p95=  7.622ms max=288.446ms calls(last=  1,win= 120,total=3720) (win 40.2% | avg 40.2% budget)
  game.update                      win=  5.390ms avg=  6.693ms p95= 11.420ms max= 15.158ms calls(last=  2,win= 149,total=2469) (win 32.3% | avg 40.2% budget)
  system.ai_update                 win=  5.153ms avg=  6.399ms p95= 10.755ms max= 14.507ms calls(last=  2,win= 149,total=2469) (win 30.9% | avg 38.4% budget)
  enemy.update                     win=  5.148ms avg=  6.392ms p95= 10.745ms max= 14.485ms calls(last=  2,win= 149,total=2469) (win 30.9% | avg 38.4% budget)
  frame.render.world               win=  2.403ms avg=  2.403ms p95=  2.631ms max=  6.118ms calls(last=  1,win= 120,total=2373) (win 14.4% | avg 14.4% budget)
  frame.render.hud                 win=  0.853ms avg=  0.853ms p95=  0.924ms max=  1.348ms calls(last=  1,win= 120,total=2373) (win 5.1% | avg 5.1% budget)
  frame.render.world.maze          win=  0.812ms avg=  0.812ms p95=  0.927ms max=  3.017ms calls(last=  1,win= 120,total=2373) (win 4.9% | avg 4.9% budget)
  frame.render.world.effects       win=  0.493ms avg=  0.493ms p95=  0.579ms max=  1.205ms calls(last=  1,win= 120,total=2373) (win 3.0% | avg 3.0% budget)
  enemy.physics.frontal_collisions win=  0.437ms avg=  0.542ms p95=  0.940ms max=  1.452ms calls(last=  2,win= 149,total=411) (win 2.6% | avg 3.3% budget)
  frame.render.hud.minimap         win=  0.424ms avg=  0.424ms p95=  0.495ms max=  0.726ms calls(last=  1,win= 120,total=2373) (win 2.5% | avg 2.5% budget)
  frame.render.world.enemies       win=  0.319ms avg=  0.319ms p95=  0.360ms max=  0.553ms calls(last=  1,win= 120,total=2373) (win 1.9% | avg 1.9% budget)
  enemy.physics.frontal_grid_build win=  0.315ms avg=  0.392ms p95=  0.712ms max=  1.199ms calls(last=  2,win= 149,total=411) (win 1.9% | avg 2.4% budget)
  frame.render.world.enemies.draw  win=  0.248ms avg=  0.248ms p95=  0.287ms max=  0.458ms calls(last=  1,win= 120,total=2373) (win 1.5% | avg 1.5% budget)
  enemy.ai.movement                win=  0.238ms avg=  2.065ms p95=  3.395ms max=  4.349ms calls(last= 14,win=1043,total=2485) (win 1.4% | avg 12.4% budget)
  frame.render.hud.text            win=  0.222ms avg=  0.222ms p95=  0.259ms max=  0.567ms calls(last=  1,win= 120,total=2373) (win 1.3% | avg 1.3% budget)
  enemy.movement.overlap_check     win=  0.145ms avg=  1.257ms p95=  2.078ms max=  2.572ms calls(last= 14,win=1043,total=2485) (win 0.9% | avg 7.5% budget)
  enemy.movement.overlap.is_blocked win=  0.142ms avg=  1.231ms p95=  2.032ms max=  2.503ms calls(last= 14,win=1043,total=2485) (win 0.9% | avg 7.4% budget)
  enemy.physics.frontal_pair_traverse win=  0.085ms avg=  0.106ms p95=  0.198ms max=  0.313ms calls(last=  2,win= 149,total=411) (win 0.5% | avg 0.6% budget)
  system.spawner_update            win=  0.084ms avg=  0.104ms p95=  0.231ms max=  0.671ms calls(last=  2,win= 149,total=2469) (win 0.5% | avg 0.6% budget)
  frame.render.world.enemies.cull  win=  0.060ms avg=  0.060ms p95=  0.062ms max=  0.169ms calls(last=  1,win= 120,total=2373) (win 0.4% | avg 0.4% budget)
  enemy.ai.decision                win=  0.059ms avg=  0.514ms p95=  1.001ms max=  2.648ms calls(last= 14,win=1043,total=2485) (win 0.4% | avg 3.1% budget)
[ENEMY_STATS] frame=3720 alive=122 visible=4 full=7 cheap=115 fullInBase=0 pairs(frontal=0 checks=0 separation=0 resolved=0)
[ENEMY_WINDOW] steps=149 alive[min=114 max=122] visible[min=3 max=4] full[min=7 max=7] collisionPasses[runs=149 skips=0]
[ENEMY_SEGMENTS] window=2.483s D{b/s=13.29 avgLen=5.32 fail=0} T{b/s=0.00 avgLen=0.00 fail=0} H{b/s=0.00 avgLen=0.00 fail=0} A{b/s=0.00 avgLen=0.00 fail=0}
[ENEMY_GRID] frontal{cand/s=420.0 xcell/s=2.0 ins/s=422.0} separation{cand/s=420.0}
[ENEMY_COLLISION_WINDOW] frontal{pairs/s=16.9 checks/s=16.9 baseSkip=0 kill=0(0.0%)} separation{pairs/s=16.9 resolved/s=0.0(0.0%) baseSkip=0 kill=0 wallBlock=0}
[ENEMY_UNCOUPLE] entries=0 reentryResets=0(0.0%) reason{frontal=0 separation=0 wallContact=0}
[ENEMY_KILL_DEBUG] enemyEnemy{events=0 frontal=0 separation=0 reenterEither=0 reenterBoth=0 wallContact=0 dist[min=0.000 avg=0.000 max=0.000]}
[ENEMY_NAV_CACHE] playerCell{changes=0 flowRebuilds=0} flow{hit=0 miss=0 hit%=0.0} pathFallback{calls=0 ok=0 ok%=0.0}
[ENEMY_ASSASSIN_CHEAP_RECOVERY] failByStage{s0=0 s1=0 s2=0} recoverByStage{s0=0 s1=0 s2=0} emergency{attempt=0 success=0} noFlowSkips=0
[ENEMY_ASSASSIN_WALL_ENTRIES] byPhase{cheap=0 uncouple=0 full=0}
[ENEMY_SAP] updates=17638 active=1043 pairs=42 repairs{x=2311 y=2333}
[ENEMY_PAIR_TYPES] frontal DD=0 DT=42 DH=0 DA=0 TT=0 TH=0 TA=0 HH=0 HA=0 AA=0 separation DD=0 DT=42 DH=0 DA=0 TT=0 TH=0 TA=0 HH=0 HA=0 AA=0
[ENEMY_KILL_DEBUG_COLLISION] projectile{kills=0 wallContact=0}

[PROFILE] frame=3840 budget=16.667ms alloc(+59/-59, +408088b/-408088b, live=335448b peak=665600b)
  frame.total                      win= 23.053ms avg= 23.053ms p95= 30.793ms max=288.505ms calls(last=  1,win= 120,total=3840) (win 138.3% | avg 138.3% budget)
  frame.fixed_step                 win= 10.619ms avg= 14.779ms p95= 22.599ms max= 24.695ms calls(last=  2,win= 167,total=4012) (win 63.7% | avg 88.7% budget)
  frame.render                     win=  8.227ms avg=  8.227ms p95=  8.649ms max=288.455ms calls(last=  1,win= 120,total=3840) (win 49.4% | avg 49.4% budget)
  frame.present                    win=  6.587ms avg=  6.587ms p95=  6.939ms max=288.446ms calls(last=  1,win= 120,total=3840) (win 39.5% | avg 39.5% budget)
  game.update                      win=  5.743ms avg=  7.993ms p95= 12.966ms max= 15.158ms calls(last=  2,win= 167,total=2636) (win 34.5% | avg 48.0% budget)
  system.ai_update                 win=  5.502ms avg=  7.657ms p95= 12.355ms max= 14.507ms calls(last=  2,win= 167,total=2636) (win 33.0% | avg 45.9% budget)
  enemy.update                     win=  5.497ms avg=  7.650ms p95= 12.345ms max= 14.485ms calls(last=  2,win= 167,total=2636) (win 33.0% | avg 45.9% budget)
  frame.render.world               win=  2.376ms avg=  2.376ms p95=  2.608ms max=  6.118ms calls(last=  1,win= 120,total=2493) (win 14.3% | avg 14.3% budget)
  frame.render.hud                 win=  0.860ms avg=  0.860ms p95=  0.935ms max=  1.348ms calls(last=  1,win= 120,total=2493) (win 5.2% | avg 5.2% budget)
  frame.render.world.maze          win=  0.750ms avg=  0.750ms p95=  0.810ms max=  3.017ms calls(last=  1,win= 120,total=2493) (win 4.5% | avg 4.5% budget)
  frame.render.world.effects       win=  0.510ms avg=  0.510ms p95=  0.604ms max=  1.205ms calls(last=  1,win= 120,total=2493) (win 3.1% | avg 3.1% budget)
  enemy.physics.frontal_collisions win=  0.445ms avg=  0.619ms p95=  0.899ms max=  1.618ms calls(last=  2,win= 167,total=578) (win 2.7% | avg 3.7% budget)
  frame.render.hud.minimap         win=  0.424ms avg=  0.424ms p95=  0.492ms max=  0.726ms calls(last=  1,win= 120,total=2493) (win 2.5% | avg 2.5% budget)
  frame.render.world.enemies       win=  0.331ms avg=  0.331ms p95=  0.365ms max=  0.553ms calls(last=  1,win= 120,total=2493) (win 2.0% | avg 2.0% budget)
  enemy.physics.frontal_grid_build win=  0.323ms avg=  0.450ms p95=  0.639ms max=  1.384ms calls(last=  2,win= 167,total=578) (win 1.9% | avg 2.7% budget)
  frame.render.world.enemies.draw  win=  0.258ms avg=  0.258ms p95=  0.300ms max=  0.458ms calls(last=  1,win= 120,total=2493) (win 1.5% | avg 1.5% budget)
  enemy.ai.movement                win=  0.247ms avg=  2.714ms p95=  4.454ms max=  4.575ms calls(last= 12,win=1319,total=3804) (win 1.5% | avg 16.3% budget)
  frame.render.hud.text            win=  0.224ms avg=  0.224ms p95=  0.260ms max=  0.567ms calls(last=  1,win= 120,total=2493) (win 1.3% | avg 1.3% budget)
  enemy.movement.overlap_check     win=  0.152ms avg=  1.669ms p95=  2.743ms max=  2.824ms calls(last= 12,win=1318,total=3803) (win 0.9% | avg 10.0% budget)
  enemy.movement.overlap.is_blocked win=  0.149ms avg=  1.635ms p95=  2.691ms max=  2.776ms calls(last= 12,win=1318,total=3803) (win 0.9% | avg 9.8% budget)
  enemy.physics.frontal_pair_traverse win=  0.086ms avg=  0.120ms p95=  0.191ms max=  0.313ms calls(last=  2,win= 167,total=578) (win 0.5% | avg 0.7% budget)
  system.spawner_update            win=  0.086ms avg=  0.119ms p95=  0.249ms max=  0.708ms calls(last=  2,win= 167,total=2636) (win 0.5% | avg 0.7% budget)
  frame.render.world.enemies.cull  win=  0.061ms avg=  0.061ms p95=  0.065ms max=  0.169ms calls(last=  1,win= 120,total=2493) (win 0.4% | avg 0.4% budget)
  enemy.movement.separation_probe  win=  0.056ms avg=  0.616ms p95=  1.024ms max=  1.130ms calls(last= 12,win=1318,total=3803) (win 0.3% | avg 3.7% budget)
[ENEMY_STATS] frame=3840 alive=128 visible=3 full=6 cheap=122 fullInBase=0 pairs(frontal=1 checks=1 separation=1 resolved=0)
[ENEMY_WINDOW] steps=167 alive[min=122 max=128] visible[min=3 max=5] full[min=6 max=9] collisionPasses[runs=167 skips=0]
[ENEMY_SEGMENTS] window=2.783s D{b/s=12.57 avgLen=4.89 fail=0} T{b/s=0.00 avgLen=0.00 fail=0} H{b/s=0.00 avgLen=0.00 fail=0} A{b/s=0.00 avgLen=0.00 fail=0}
[ENEMY_GRID] frontal{cand/s=473.2 xcell/s=3.6 ins/s=476.8} separation{cand/s=473.2}
[ENEMY_COLLISION_WINDOW] frontal{pairs/s=3.6 checks/s=3.6 baseSkip=0 kill=0(0.0%)} separation{pairs/s=3.6 resolved/s=0.0(0.0%) baseSkip=0 kill=0 wallBlock=0}
[ENEMY_UNCOUPLE] entries=0 reentryResets=0(0.0%) reason{frontal=0 separation=0 wallContact=0}
[ENEMY_KILL_DEBUG] enemyEnemy{events=0 frontal=0 separation=0 reenterEither=0 reenterBoth=0 wallContact=0 dist[min=0.000 avg=0.000 max=0.000]}
[ENEMY_NAV_CACHE] playerCell{changes=0 flowRebuilds=0} flow{hit=0 miss=0 hit%=0.0} pathFallback{calls=0 ok=0 ok%=0.0}
[ENEMY_ASSASSIN_CHEAP_RECOVERY] failByStage{s0=0 s1=0 s2=0} recoverByStage{s0=0 s1=0 s2=0} emergency{attempt=0 success=0} noFlowSkips=0
[ENEMY_ASSASSIN_WALL_ENTRIES] byPhase{cheap=0 uncouple=0 full=0}
[ENEMY_SAP] updates=20995 active=1317 pairs=10 repairs{x=2018 y=2017}
[ENEMY_PAIR_TYPES] frontal DD=0 DT=10 DH=0 DA=0 TT=0 TH=0 TA=0 HH=0 HA=0 AA=0 separation DD=0 DT=10 DH=0 DA=0 TT=0 TH=0 TA=0 HH=0 HA=0 AA=0
[ENEMY_KILL_DEBUG_COLLISION] projectile{kills=0 wallContact=0}

[PROFILE] frame=3960 budget=16.667ms alloc(+60/-60, +419168b/-419168b, live=337592b peak=665600b)
  frame.total                      win= 25.036ms avg= 25.036ms p95= 31.684ms max=288.505ms calls(last=  1,win= 120,total=3960) (win 150.2% | avg 150.2% budget)
  frame.fixed_step                 win= 11.052ms avg= 16.671ms p95= 23.450ms max= 26.132ms calls(last=  2,win= 181,total=4193) (win 66.3% | avg 100.0% budget)
  frame.render                     win=  8.315ms avg=  8.315ms p95=  8.819ms max=288.455ms calls(last=  1,win= 120,total=3960) (win 49.9% | avg 49.9% budget)
  frame.present                    win=  6.642ms avg=  6.642ms p95=  7.044ms max=288.446ms calls(last=  1,win= 120,total=3960) (win 39.9% | avg 39.9% budget)
  game.update                      win=  5.883ms avg=  8.874ms p95= 13.029ms max= 15.603ms calls(last=  2,win= 181,total=2817) (win 35.3% | avg 53.2% budget)
  system.ai_update                 win=  5.641ms avg=  8.508ms p95= 12.587ms max= 15.142ms calls(last=  2,win= 181,total=2817) (win 33.8% | avg 51.0% budget)
  enemy.update                     win=  5.636ms avg=  8.501ms p95= 12.579ms max= 15.133ms calls(last=  2,win= 181,total=2817) (win 33.8% | avg 51.0% budget)
  frame.render.world               win=  2.416ms avg=  2.416ms p95=  2.672ms max=  6.118ms calls(last=  1,win= 120,total=2613) (win 14.5% | avg 14.5% budget)
  frame.render.hud                 win=  0.864ms avg=  0.864ms p95=  0.983ms max=  1.348ms calls(last=  1,win= 120,total=2613) (win 5.2% | avg 5.2% budget)
  frame.render.world.maze          win=  0.815ms avg=  0.815ms p95=  0.914ms max=  3.017ms calls(last=  1,win= 120,total=2613) (win 4.9% | avg 4.9% budget)
  frame.render.world.effects       win=  0.500ms avg=  0.500ms p95=  0.612ms max=  1.205ms calls(last=  1,win= 120,total=2613) (win 3.0% | avg 3.0% budget)
  enemy.physics.frontal_collisions win=  0.498ms avg=  0.751ms p95=  1.119ms max=  1.697ms calls(last=  2,win= 181,total=759) (win 3.0% | avg 4.5% budget)
  frame.render.hud.minimap         win=  0.427ms avg=  0.427ms p95=  0.535ms max=  0.726ms calls(last=  1,win= 120,total=2613) (win 2.6% | avg 2.6% budget)
  enemy.physics.frontal_grid_build win=  0.341ms avg=  0.514ms p95=  0.818ms max=  1.384ms calls(last=  2,win= 181,total=759) (win 2.0% | avg 3.1% budget)
  frame.render.world.enemies       win=  0.333ms avg=  0.333ms p95=  0.404ms max=  0.556ms calls(last=  1,win= 120,total=2613) (win 2.0% | avg 2.0% budget)
  frame.render.world.enemies.draw  win=  0.272ms avg=  0.272ms p95=  0.334ms max=  0.495ms calls(last=  1,win= 120,total=2613) (win 1.6% | avg 1.6% budget)
  enemy.ai.movement                win=  0.249ms avg=  2.940ms p95=  4.575ms max=  6.091ms calls(last= 22,win=1419,total=5223) (win 1.5% | avg 17.6% budget)
  frame.render.hud.text            win=  0.226ms avg=  0.226ms p95=  0.262ms max=  0.567ms calls(last=  1,win= 120,total=2613) (win 1.4% | avg 1.4% budget)
  enemy.movement.overlap.is_blocked win=  0.155ms avg=  1.775ms p95=  2.766ms max=  3.573ms calls(last= 22,win=1371,total=5174) (win 0.9% | avg 10.6% budget)
  enemy.movement.overlap_check     win=  0.153ms avg=  1.808ms p95=  2.826ms max=  3.637ms calls(last= 22,win=1419,total=5222) (win 0.9% | avg 10.8% budget)
  enemy.physics.frontal_pair_traverse win=  0.122ms avg=  0.184ms p95=  0.276ms max=  0.313ms calls(last=  2,win= 181,total=759) (win 0.7% | avg 1.1% budget)
  system.spawner_update            win=  0.088ms avg=  0.132ms p95=  0.280ms max=  0.708ms calls(last=  2,win= 181,total=2817) (win 0.5% | avg 0.8% budget)
  enemy.movement.separation_probe  win=  0.056ms avg=  0.659ms p95=  1.001ms max=  1.293ms calls(last= 22,win=1419,total=5222) (win 0.3% | avg 4.0% budget)
  frame.render.hud.lives           win=  0.053ms avg=  0.053ms p95=  0.054ms max=  0.294ms calls(last=  1,win= 120,total=2613) (win 0.3% | avg 0.3% budget)
[ENEMY_STATS] frame=3960 alive=133 visible=2 full=11 cheap=122 fullInBase=2 pairs(frontal=1 checks=1 separation=1 resolved=0)
[ENEMY_WINDOW] steps=181 alive[min=128 max=133] visible[min=2 max=4] full[min=6 max=11] collisionPasses[runs=181 skips=0]
[ENEMY_SEGMENTS] window=3.017s D{b/s=13.59 avgLen=4.63 fail=0} T{b/s=0.00 avgLen=0.00 fail=0} H{b/s=0.00 avgLen=0.00 fail=0} A{b/s=0.00 avgLen=0.00 fail=0}
[ENEMY_GRID] frontal{cand/s=472.0 xcell/s=3.0 ins/s=475.0} separation{cand/s=472.0}
[ENEMY_COLLISION_WINDOW] frontal{pairs/s=46.7 checks/s=46.7 baseSkip=0 kill=0(0.0%)} separation{pairs/s=46.7 resolved/s=0.0(0.0%) baseSkip=0 kill=0 wallBlock=0}
[ENEMY_UNCOUPLE] entries=0 reentryResets=0(0.0%) reason{frontal=0 separation=0 wallContact=0}
[ENEMY_KILL_DEBUG] enemyEnemy{events=0 frontal=0 separation=0 reenterEither=0 reenterBoth=0 wallContact=0 dist[min=0.000 avg=0.000 max=0.000]}
[ENEMY_NAV_CACHE] playerCell{changes=0 flowRebuilds=0} flow{hit=0 miss=0 hit%=0.0} pathFallback{calls=0 ok=0 ok%=0.0}
[ENEMY_ASSASSIN_CHEAP_RECOVERY] failByStage{s0=0 s1=0 s2=0} recoverByStage{s0=0 s1=0 s2=0} emergency{attempt=0 success=0} noFlowSkips=0
[ENEMY_ASSASSIN_WALL_ENTRIES] byPhase{cheap=0 uncouple=0 full=0}
[ENEMY_SAP] updates=23581 active=1424 pairs=141 repairs{x=3158 y=3180}
[ENEMY_PAIR_TYPES] frontal DD=93 DT=48 DH=0 DA=0 TT=0 TH=0 TA=0 HH=0 HA=0 AA=0 separation DD=93 DT=48 DH=0 DA=0 TT=0 TH=0 TA=0 HH=0 HA=0 AA=0
[ENEMY_KILL_DEBUG_COLLISION] projectile{kills=0 wallContact=0}
[ENEMY_UNCOUPLE_EVENT] id=23 reason=wallContact alreadyUncouple=0 timerBeforeReset=0.000 movedLastFrame=0.017 pos=(60.53,298.35) headingBefore=3.927 desiredHeading=3.927 leader=23 preMode=0

[PROFILE] frame=4080 budget=16.667ms alloc(+30/-30, +212256b/-212256b, live=337704b peak=665600b)
  frame.total                      win= 32.169ms avg= 32.169ms p95= 48.040ms max=288.505ms calls(last=  1,win= 120,total=4080) (win 193.0% | avg 193.0% budget)
  frame.fixed_step                 win= 12.340ms avg= 23.960ms p95= 39.513ms max= 42.142ms calls(last=  1,win= 233,total=4426) (win 74.0% | avg 143.8% budget)
  frame.render                     win=  8.156ms avg=  8.156ms p95=  8.588ms max=288.455ms calls(last=  1,win= 120,total=4080) (win 48.9% | avg 48.9% budget)
  game.update                      win=  6.784ms avg= 13.172ms p95= 22.888ms max= 25.513ms calls(last=  1,win= 233,total=3050) (win 40.7% | avg 79.0% budget)
  system.ai_update                 win=  6.547ms avg= 12.712ms p95= 22.115ms max= 24.646ms calls(last=  1,win= 233,total=3050) (win 39.3% | avg 76.3% budget)
  enemy.update                     win=  6.542ms avg= 12.702ms p95= 22.103ms max= 24.630ms calls(last=  1,win= 233,total=3050) (win 39.3% | avg 76.2% budget)
  frame.present                    win=  6.501ms avg=  6.501ms p95=  6.869ms max=288.446ms calls(last=  1,win= 120,total=4080) (win 39.0% | avg 39.0% budget)
  frame.render.world               win=  2.281ms avg=  2.281ms p95=  2.609ms max=  6.118ms calls(last=  1,win= 120,total=2733) (win 13.7% | avg 13.7% budget)
  frame.render.world.maze          win=  0.887ms avg=  0.887ms p95=  0.975ms max=  3.017ms calls(last=  1,win= 120,total=2733) (win 5.3% | avg 5.3% budget)
  frame.render.hud                 win=  0.858ms avg=  0.858ms p95=  0.928ms max=  1.348ms calls(last=  1,win= 120,total=2733) (win 5.1% | avg 5.1% budget)
  frame.render.world.effects       win=  0.556ms avg=  0.556ms p95=  0.910ms max=  1.205ms calls(last=  1,win= 120,total=2733) (win 3.3% | avg 3.3% budget)
  enemy.physics.frontal_collisions win=  0.504ms avg=  0.958ms p95=  1.542ms max=  2.335ms calls(last=  0,win= 228,total=987) (win 3.0% | avg 5.7% budget)
  frame.render.hud.minimap         win=  0.423ms avg=  0.423ms p95=  0.479ms max=  0.726ms calls(last=  1,win= 120,total=2733) (win 2.5% | avg 2.5% budget)
  frame.render.world.enemies       win=  0.355ms avg=  0.355ms p95=  0.432ms max=  0.556ms calls(last=  1,win= 120,total=2733) (win 2.1% | avg 2.1% budget)
  enemy.physics.frontal_grid_build win=  0.351ms avg=  0.666ms p95=  1.114ms max=  1.889ms calls(last=  0,win= 228,total=987) (win 2.1% | avg 4.0% budget)
  frame.render.world.enemies.draw  win=  0.293ms avg=  0.293ms p95=  0.350ms max=  0.495ms calls(last=  1,win= 120,total=2733) (win 1.8% | avg 1.8% budget)
  enemy.ai.movement                win=  0.258ms avg=  5.241ms p95=  9.458ms max= 10.143ms calls(last=  1,win=2439,total=7662) (win 1.5% | avg 31.4% budget)
  frame.render.hud.text            win=  0.222ms avg=  0.222ms p95=  0.260ms max=  0.567ms calls(last=  1,win= 120,total=2733) (win 1.3% | avg 1.3% budget)
  enemy.movement.overlap_check     win=  0.164ms avg=  3.341ms p95=  6.142ms max=  6.342ms calls(last=  1,win=2439,total=7661) (win 1.0% | avg 20.0% budget)
  enemy.movement.overlap.is_blocked win=  0.162ms avg=  3.283ms p95=  6.041ms max=  6.240ms calls(last=  1,win=2439,total=7613) (win 1.0% | avg 19.7% budget)
  enemy.physics.frontal_pair_traverse win=  0.114ms avg=  0.217ms p95=  0.328ms max=  0.438ms calls(last=  0,win= 228,total=987) (win 0.7% | avg 1.3% budget)
  system.spawner_update            win=  0.092ms avg=  0.178ms p95=  0.351ms max=  0.708ms calls(last=  1,win= 233,total=3050) (win 0.5% | avg 1.1% budget)
  enemy.movement.separation_probe  win=  0.057ms avg=  1.158ms p95=  2.174ms max=  2.265ms calls(last=  1,win=2439,total=7661) (win 0.3% | avg 6.9% budget)
  system.physics_collision         win=  0.056ms avg=  0.109ms p95=  0.264ms max=  0.380ms calls(last=  1,win= 233,total=3050) (win 0.3% | avg 0.7% budget)
[ENEMY_STATS] frame=4080 alive=138 visible=0 full=1 cheap=137 fullInBase=0 pairs(frontal=0 checks=0 separation=0 resolved=0)
[ENEMY_WINDOW] steps=233 alive[min=133 max=138] visible[min=0 max=5] full[min=1 max=13] collisionPasses[runs=227 skips=6]
[ENEMY_SEGMENTS] window=3.883s D{b/s=16.48 avgLen=4.96 fail=0} T{b/s=0.00 avgLen=0.00 fail=0} H{b/s=0.00 avgLen=0.00 fail=0} A{b/s=0.00 avgLen=0.00 fail=0}
[ENEMY_GRID] frontal{cand/s=623.9 xcell/s=4.9 ins/s=628.8} separation{cand/s=623.9}
[ENEMY_COLLISION_WINDOW] frontal{pairs/s=58.5 checks/s=58.5 baseSkip=0 kill=0(0.0%)} separation{pairs/s=58.5 resolved/s=0.0(0.0%) baseSkip=0 kill=0 wallBlock=0}
[ENEMY_UNCOUPLE] entries=1 reentryResets=0(0.0%) reason{frontal=0 separation=0 wallContact=1}
[ENEMY_KILL_DEBUG] enemyEnemy{events=0 frontal=0 separation=0 reenterEither=0 reenterBoth=0 wallContact=0 dist[min=0.000 avg=0.000 max=0.000]}
[ENEMY_NAV_CACHE] playerCell{changes=0 flowRebuilds=0} flow{hit=0 miss=0 hit%=0.0} pathFallback{calls=0 ok=0 ok%=0.0}
[ENEMY_ASSASSIN_CHEAP_RECOVERY] failByStage{s0=0 s1=0 s2=0} recoverByStage{s0=0 s1=0 s2=0} emergency{attempt=0 success=0} noFlowSkips=0
[ENEMY_ASSASSIN_WALL_ENTRIES] byPhase{cheap=0 uncouple=0 full=0}
[ENEMY_SAP] updates=30829 active=2423 pairs=227 repairs{x=3322 y=3364}
[ENEMY_PAIR_TYPES] frontal DD=227 DT=0 DH=0 DA=0 TT=0 TH=0 TA=0 HH=0 HA=0 AA=0 separation DD=227 DT=0 DH=0 DA=0 TT=0 TH=0 TA=0 HH=0 HA=0 AA=0
[ENEMY_KILL_DEBUG_COLLISION] projectile{kills=1 wallContact=0}

[PROFILE] frame=4200 budget=16.667ms alloc(+27/-27, +214808b/-214808b, live=337704b peak=665600b)
  frame.total                      win= 18.393ms avg= 18.393ms p95= 26.362ms max=288.505ms calls(last=  1,win= 120,total=4200) (win 110.4% | avg 110.4% budget)
  frame.fixed_step                 win=  9.122ms avg= 10.111ms p95= 18.253ms max= 42.142ms calls(last=  1,win= 133,total=4559) (win 54.7% | avg 60.7% budget)
  frame.render                     win=  8.236ms avg=  8.236ms p95=  9.280ms max=288.455ms calls(last=  1,win= 120,total=4200) (win 49.4% | avg 49.4% budget)
  frame.present                    win=  6.602ms avg=  6.602ms p95=  7.613ms max=288.446ms calls(last=  1,win= 120,total=4200) (win 39.6% | avg 39.6% budget)
  game.update                      win=  3.353ms avg=  3.716ms p95=  6.651ms max= 25.513ms calls(last=  1,win= 133,total=3183) (win 20.1% | avg 22.3% budget)
  system.ai_update                 win=  3.141ms avg=  3.481ms p95=  6.330ms max= 24.646ms calls(last=  1,win= 133,total=3183) (win 18.8% | avg 20.9% budget)
  enemy.update                     win=  3.135ms avg=  3.475ms p95=  6.325ms max= 24.630ms calls(last=  1,win= 133,total=3183) (win 18.8% | avg 20.8% budget)
  frame.render.world               win=  2.233ms avg=  2.233ms p95=  2.491ms max=  6.118ms calls(last=  1,win= 120,total=2853) (win 13.4% | avg 13.4% budget)
  frame.render.hud                 win=  0.848ms avg=  0.848ms p95=  0.921ms max=  1.348ms calls(last=  1,win= 120,total=2853) (win 5.1% | avg 5.1% budget)
  frame.render.world.maze          win=  0.784ms avg=  0.784ms p95=  0.872ms max=  3.017ms calls(last=  1,win= 120,total=2853) (win 4.7% | avg 4.7% budget)
  frame.render.world.effects       win=  0.431ms avg=  0.431ms p95=  0.514ms max=  1.205ms calls(last=  1,win= 120,total=2853) (win 2.6% | avg 2.6% budget)
  frame.render.hud.minimap         win=  0.420ms avg=  0.420ms p95=  0.465ms max=  0.726ms calls(last=  1,win= 120,total=2853) (win 2.5% | avg 2.5% budget)
  enemy.ai.movement                win=  0.298ms avg=  0.330ms p95=  0.576ms max= 10.143ms calls(last=  1,win= 133,total=7795) (win 1.8% | avg 2.0% budget)
  frame.render.hud.text            win=  0.227ms avg=  0.227ms p95=  0.262ms max=  0.567ms calls(last=  1,win= 120,total=2853) (win 1.4% | avg 1.4% budget)
  frame.render.world.enemies       win=  0.211ms avg=  0.211ms p95=  0.232ms max=  0.556ms calls(last=  1,win= 120,total=2853) (win 1.3% | avg 1.3% budget)
  enemy.movement.overlap_check     win=  0.175ms avg=  0.194ms p95=  0.337ms max=  6.342ms calls(last=  1,win= 133,total=7794) (win 1.0% | avg 1.2% budget)
  enemy.movement.overlap.is_blocked win=  0.171ms avg=  0.190ms p95=  0.330ms max=  6.240ms calls(last=  1,win= 133,total=7746) (win 1.0% | avg 1.1% budget)
  frame.render.world.enemies.draw  win=  0.157ms avg=  0.157ms p95=  0.160ms max=  0.495ms calls(last=  1,win= 120,total=2853) (win 0.9% | avg 0.9% budget)
  system.spawner_update            win=  0.086ms avg=  0.096ms p95=  0.194ms max=  0.708ms calls(last=  1,win= 133,total=3183) (win 0.5% | avg 0.6% budget)
  enemy.movement.separation_probe  win=  0.061ms avg=  0.068ms p95=  0.120ms max=  2.265ms calls(last=  1,win= 133,total=7794) (win 0.4% | avg 0.4% budget)
  enemy.cheap.segment_build        win=  0.059ms avg=  0.017ms p95=  0.072ms max=  0.245ms calls(last=  0,win=  34,total=516) (win 0.4% | avg 0.1% budget)
  frame.render.hud.compass         win=  0.052ms avg=  0.052ms p95=  0.053ms max=  0.192ms calls(last=  1,win= 120,total=2853) (win 0.3% | avg 0.3% budget)
  frame.render.hud.static          win=  0.047ms avg=  0.047ms p95=  0.060ms max=  0.169ms calls(last=  1,win= 120,total=2853) (win 0.3% | avg 0.3% budget)
  frame.render.world.enemies.cull  win=  0.046ms avg=  0.046ms p95=  0.048ms max=  0.169ms calls(last=  1,win= 120,total=2853) (win 0.3% | avg 0.3% budget)
[ENEMY_STATS] frame=4200 alive=140 visible=0 full=1 cheap=139 fullInBase=0 pairs(frontal=0 checks=0 separation=0 resolved=0)
[ENEMY_WINDOW] steps=133 alive[min=138 max=140] visible[min=0 max=0] full[min=1 max=1] collisionPasses[runs=0 skips=133]
[ENEMY_SEGMENTS] window=2.217s D{b/s=15.34 avgLen=4.71 fail=0} T{b/s=0.00 avgLen=0.00 fail=0} H{b/s=0.00 avgLen=0.00 fail=0} A{b/s=0.00 avgLen=0.00 fail=0}
[ENEMY_GRID] frontal{cand/s=0.0 xcell/s=0.0 ins/s=0.0} separation{cand/s=0.0}
[ENEMY_COLLISION_WINDOW] frontal{pairs/s=0.0 checks/s=0.0 baseSkip=0 kill=0(0.0%)} separation{pairs/s=0.0 resolved/s=0.0(0.0%) baseSkip=0 kill=0 wallBlock=0}
[ENEMY_UNCOUPLE] entries=0 reentryResets=0(0.0%) reason{frontal=0 separation=0 wallContact=0}
[ENEMY_KILL_DEBUG] enemyEnemy{events=0 frontal=0 separation=0 reenterEither=0 reenterBoth=0 wallContact=0 dist[min=0.000 avg=0.000 max=0.000]}
[ENEMY_NAV_CACHE] playerCell{changes=0 flowRebuilds=0} flow{hit=0 miss=0 hit%=0.0} pathFallback{calls=0 ok=0 ok%=0.0}
[ENEMY_ASSASSIN_CHEAP_RECOVERY] failByStage{s0=0 s1=0 s2=0} recoverByStage{s0=0 s1=0 s2=0} emergency{attempt=0 success=0} noFlowSkips=0
[ENEMY_ASSASSIN_WALL_ENTRIES] byPhase{cheap=0 uncouple=0 full=0}
[ENEMY_SAP] updates=0 active=0 pairs=0 repairs{x=0 y=0}
[ENEMY_PAIR_TYPES] frontal DD=0 DT=0 DH=0 DA=0 TT=0 TH=0 TA=0 HH=0 HA=0 AA=0 separation DD=0 DT=0 DH=0 DA=0 TT=0 TH=0 TA=0 HH=0 HA=0 AA=0
[ENEMY_KILL_DEBUG_COLLISION] projectile{kills=0 wallContact=0}

[PROFILE] frame=4320 budget=16.667ms alloc(+29/-29, +220840b/-220840b, live=337896b peak=665600b)
  frame.total                      win= 19.731ms avg= 19.731ms p95= 28.290ms max=288.505ms calls(last=  1,win= 120,total=4320) (win 118.4% | avg 118.4% budget)
  frame.fixed_step                 win=  9.536ms avg= 11.363ms p95= 19.936ms max= 42.142ms calls(last=  1,win= 143,total=4702) (win 57.2% | avg 68.2% budget)
  frame.render                     win=  8.320ms avg=  8.320ms p95=  9.606ms max=288.455ms calls(last=  1,win= 120,total=4320) (win 49.9% | avg 49.9% budget)
  frame.present                    win=  6.686ms avg=  6.686ms p95=  7.910ms max=288.446ms calls(last=  1,win= 120,total=4320) (win 40.1% | avg 40.1% budget)
  game.update                      win=  3.614ms avg=  4.307ms p95=  8.249ms max= 25.513ms calls(last=  1,win= 143,total=3326) (win 21.7% | avg 25.8% budget)
  system.ai_update                 win=  3.382ms avg=  4.030ms p95=  7.758ms max= 24.646ms calls(last=  1,win= 143,total=3326) (win 20.3% | avg 24.2% budget)
  enemy.update                     win=  3.377ms avg=  4.024ms p95=  7.749ms max= 24.630ms calls(last=  1,win= 143,total=3326) (win 20.3% | avg 24.1% budget)
  frame.render.world               win=  2.315ms avg=  2.315ms p95=  2.560ms max=  6.118ms calls(last=  1,win= 120,total=2973) (win 13.9% | avg 13.9% budget)
  frame.render.hud                 win=  0.851ms avg=  0.851ms p95=  0.925ms max=  1.348ms calls(last=  1,win= 120,total=2973) (win 5.1% | avg 5.1% budget)
  frame.render.world.maze          win=  0.829ms avg=  0.829ms p95=  0.937ms max=  3.017ms calls(last=  1,win= 120,total=2973) (win 5.0% | avg 5.0% budget)
  enemy.physics.frontal_collisions win=  0.481ms avg=  0.184ms p95=  0.909ms max=  2.335ms calls(last=  1,win=  46,total=1033) (win 2.9% | avg 1.1% budget)
  frame.render.world.effects       win=  0.437ms avg=  0.437ms p95=  0.536ms max=  1.205ms calls(last=  1,win= 120,total=2973) (win 2.6% | avg 2.6% budget)
  frame.render.hud.minimap         win=  0.426ms avg=  0.426ms p95=  0.503ms max=  0.764ms calls(last=  1,win= 120,total=2973) (win 2.6% | avg 2.6% budget)
  enemy.physics.frontal_grid_build win=  0.367ms avg=  0.141ms p95=  0.682ms max=  1.889ms calls(last=  1,win=  46,total=1033) (win 2.2% | avg 0.8% budget)
  enemy.ai.movement                win=  0.296ms avg=  0.466ms p95=  1.145ms max= 10.143ms calls(last=  2,win= 189,total=7984) (win 1.8% | avg 2.8% budget)
  frame.render.world.enemies       win=  0.231ms avg=  0.231ms p95=  0.261ms max=  0.556ms calls(last=  1,win= 120,total=2973) (win 1.4% | avg 1.4% budget)
  frame.render.hud.text            win=  0.222ms avg=  0.222ms p95=  0.255ms max=  0.567ms calls(last=  1,win= 120,total=2973) (win 1.3% | avg 1.3% budget)
  enemy.movement.overlap_check     win=  0.178ms avg=  0.280ms p95=  0.714ms max=  6.342ms calls(last=  2,win= 189,total=7983) (win 1.1% | avg 1.7% budget)
  enemy.movement.overlap.is_blocked win=  0.174ms avg=  0.274ms p95=  0.700ms max=  6.240ms calls(last=  2,win= 189,total=7935) (win 1.0% | avg 1.6% budget)
  frame.render.world.enemies.draw  win=  0.173ms avg=  0.173ms p95=  0.204ms max=  0.495ms calls(last=  1,win= 120,total=2973) (win 1.0% | avg 1.0% budget)
  system.spawner_update            win=  0.085ms avg=  0.102ms p95=  0.186ms max=  0.708ms calls(last=  1,win= 143,total=3326) (win 0.5% | avg 0.6% budget)
  enemy.physics.frontal_pair_traverse win=  0.084ms avg=  0.032ms p95=  0.163ms max=  0.438ms calls(last=  1,win=  46,total=1033) (win 0.5% | avg 0.2% budget)
  enemy.movement.separation_probe  win=  0.062ms avg=  0.098ms p95=  0.241ms max=  2.265ms calls(last=  2,win= 189,total=7983) (win 0.4% | avg 0.6% budget)
  enemy.cheap.segment_build        win=  0.056ms avg=  0.017ms p95=  0.074ms max=  0.245ms calls(last=  0,win=  36,total=552) (win 0.3% | avg 0.1% budget)
[ENEMY_STATS] frame=4320 alive=143 visible=2 full=2 cheap=141 fullInBase=0 pairs(frontal=0 checks=0 separation=0 resolved=0)
[ENEMY_WINDOW] steps=143 alive[min=140 max=143] visible[min=0 max=2] full[min=1 max=2] collisionPasses[runs=47 skips=96]
[ENEMY_SEGMENTS] window=2.383s D{b/s=15.10 avgLen=5.13 fail=0} T{b/s=0.00 avgLen=0.00 fail=0} H{b/s=0.00 avgLen=0.00 fail=0} A{b/s=0.00 avgLen=0.00 fail=0}
[ENEMY_GRID] frontal{cand/s=39.4 xcell/s=0.0 ins/s=39.4} separation{cand/s=39.4}
[ENEMY_COLLISION_WINDOW] frontal{pairs/s=0.0 checks/s=0.0 baseSkip=0 kill=0(0.0%)} separation{pairs/s=0.0 resolved/s=0.0(0.0%) baseSkip=0 kill=0 wallBlock=0}
[ENEMY_UNCOUPLE] entries=0 reentryResets=0(0.0%) reason{frontal=0 separation=0 wallContact=0}
[ENEMY_KILL_DEBUG] enemyEnemy{events=0 frontal=0 separation=0 reenterEither=0 reenterBoth=0 wallContact=0 dist[min=0.000 avg=0.000 max=0.000]}
[ENEMY_NAV_CACHE] playerCell{changes=0 flowRebuilds=0} flow{hit=0 miss=0 hit%=0.0} pathFallback{calls=0 ok=0 ok%=0.0}
[ENEMY_ASSASSIN_CHEAP_RECOVERY] failByStage{s0=0 s1=0 s2=0} recoverByStage{s0=0 s1=0 s2=0} emergency{attempt=0 success=0} noFlowSkips=0
[ENEMY_ASSASSIN_WALL_ENTRIES] byPhase{cheap=0 uncouple=0 full=0}
[ENEMY_SAP] updates=6687 active=94 pairs=0 repairs{x=372 y=375}
[ENEMY_PAIR_TYPES] frontal DD=0 DT=0 DH=0 DA=0 TT=0 TH=0 TA=0 HH=0 HA=0 AA=0 separation DD=0 DT=0 DH=0 DA=0 TT=0 TH=0 TA=0 HH=0 HA=0 AA=0
[ENEMY_KILL_DEBUG_COLLISION] projectile{kills=0 wallContact=0}

[PROFILE] frame=4440 budget=16.667ms alloc(+27/-27, +219304b/-219304b, live=337896b peak=665600b)
  frame.total                      win= 21.744ms avg= 21.744ms p95= 30.182ms max=288.505ms calls(last=  1,win= 120,total=4440) (win 130.5% | avg 130.5% budget)
  frame.fixed_step                 win= 10.144ms avg= 13.356ms p95= 21.869ms max= 42.142ms calls(last=  1,win= 158,total=4860) (win 60.9% | avg 80.1% budget)
  frame.render                     win=  8.338ms avg=  8.338ms p95=  9.114ms max=288.455ms calls(last=  1,win= 120,total=4440) (win 50.0% | avg 50.0% budget)
  frame.present                    win=  6.677ms avg=  6.677ms p95=  7.397ms max=288.446ms calls(last=  1,win= 120,total=4440) (win 40.1% | avg 40.1% budget)
  game.update                      win=  4.002ms avg=  5.269ms p95=  9.430ms max= 25.513ms calls(last=  1,win= 158,total=3484) (win 24.0% | avg 31.6% budget)
  system.ai_update                 win=  3.758ms avg=  4.948ms p95=  8.920ms max= 24.646ms calls(last=  1,win= 158,total=3484) (win 22.5% | avg 29.7% budget)
  enemy.update                     win=  3.753ms avg=  4.942ms p95=  8.911ms max= 24.630ms calls(last=  1,win= 158,total=3484) (win 22.5% | avg 29.7% budget)
  frame.render.world               win=  2.420ms avg=  2.420ms p95=  2.698ms max=  6.118ms calls(last=  1,win= 120,total=3093) (win 14.5% | avg 14.5% budget)
  frame.render.world.maze          win=  0.922ms avg=  0.922ms p95=  1.027ms max=  3.017ms calls(last=  1,win= 120,total=3093) (win 5.5% | avg 5.5% budget)
  frame.render.hud                 win=  0.849ms avg=  0.849ms p95=  0.936ms max=  1.348ms calls(last=  1,win= 120,total=3093) (win 5.1% | avg 5.1% budget)
  frame.render.world.effects       win=  0.645ms avg=  0.645ms p95=  0.931ms max=  1.205ms calls(last=  1,win= 120,total=3093) (win 3.9% | avg 3.9% budget)
  enemy.physics.frontal_collisions win=  0.484ms avg=  0.363ms p95=  0.998ms max=  2.335ms calls(last=  0,win=  90,total=1123) (win 2.9% | avg 2.2% budget)
  frame.render.hud.minimap         win=  0.425ms avg=  0.425ms p95=  0.481ms max=  0.764ms calls(last=  1,win= 120,total=3093) (win 2.5% | avg 2.5% budget)
  enemy.physics.frontal_grid_build win=  0.355ms avg=  0.266ms p95=  0.715ms max=  1.889ms calls(last=  0,win=  90,total=1123) (win 2.1% | avg 1.6% budget)
  enemy.ai.movement                win=  0.291ms avg=  0.601ms p95=  1.171ms max= 10.143ms calls(last=  1,win= 248,total=8232) (win 1.7% | avg 3.6% budget)
  frame.render.world.enemies       win=  0.262ms avg=  0.262ms p95=  0.299ms max=  0.556ms calls(last=  1,win= 120,total=3093) (win 1.6% | avg 1.6% budget)
  frame.render.hud.text            win=  0.222ms avg=  0.222ms p95=  0.253ms max=  0.567ms calls(last=  1,win= 120,total=3093) (win 1.3% | avg 1.3% budget)
  frame.render.world.enemies.draw  win=  0.205ms avg=  0.205ms p95=  0.225ms max=  0.495ms calls(last=  1,win= 120,total=3093) (win 1.2% | avg 1.2% budget)
  enemy.movement.overlap_check     win=  0.177ms avg=  0.367ms p95=  0.709ms max=  6.342ms calls(last=  1,win= 248,total=8231) (win 1.1% | avg 2.2% budget)
  enemy.movement.overlap.is_blocked win=  0.173ms avg=  0.358ms p95=  0.681ms max=  6.240ms calls(last=  1,win= 248,total=8183) (win 1.0% | avg 2.1% budget)
  enemy.physics.frontal_pair_traverse win=  0.098ms avg=  0.074ms p95=  0.205ms max=  0.438ms calls(last=  0,win=  90,total=1123) (win 0.6% | avg 0.4% budget)
  enemy.ai.decision                win=  0.083ms avg=  0.172ms p95=  0.552ms max=  2.849ms calls(last=  1,win= 248,total=8232) (win 0.5% | avg 1.0% budget)
  system.spawner_update            win=  0.083ms avg=  0.109ms p95=  0.168ms max=  0.708ms calls(last=  1,win= 158,total=3484) (win 0.5% | avg 0.7% budget)
  enemy.movement.separation_probe  win=  0.063ms avg=  0.129ms p95=  0.248ms max=  2.265ms calls(last=  1,win= 248,total=8231) (win 0.4% | avg 0.8% budget)
[ENEMY_STATS] frame=4440 alive=144 visible=1 full=1 cheap=143 fullInBase=0 pairs(frontal=0 checks=0 separation=0 resolved=0)
[ENEMY_WINDOW] steps=158 alive[min=143 max=144] visible[min=1 max=2] full[min=1 max=2] collisionPasses[runs=89 skips=69]
[ENEMY_SEGMENTS] window=2.633s D{b/s=17.09 avgLen=5.02 fail=0} T{b/s=0.00 avgLen=0.00 fail=0} H{b/s=0.00 avgLen=0.00 fail=0} A{b/s=0.00 avgLen=0.00 fail=0}
[ENEMY_GRID] frontal{cand/s=67.6 xcell/s=0.4 ins/s=68.0} separation{cand/s=67.6}
[ENEMY_COLLISION_WINDOW] frontal{pairs/s=0.8 checks/s=0.8 baseSkip=0 kill=0(0.0%)} separation{pairs/s=0.8 resolved/s=0.0(0.0%) baseSkip=0 kill=0 wallBlock=0}
[ENEMY_UNCOUPLE] entries=0 reentryResets=0(0.0%) reason{frontal=0 separation=0 wallContact=0}
[ENEMY_KILL_DEBUG] enemyEnemy{events=0 frontal=0 separation=0 reenterEither=0 reenterBoth=0 wallContact=0 dist[min=0.000 avg=0.000 max=0.000]}
[ENEMY_NAV_CACHE] playerCell{changes=0 flowRebuilds=0} flow{hit=0 miss=0 hit%=0.0} pathFallback{calls=0 ok=0 ok%=0.0}
[ENEMY_ASSASSIN_CHEAP_RECOVERY] failByStage{s0=0 s1=0 s2=0} recoverByStage{s0=0 s1=0 s2=0} emergency{attempt=0 success=0} noFlowSkips=0
[ENEMY_ASSASSIN_WALL_ENTRIES] byPhase{cheap=0 uncouple=0 full=0}
[ENEMY_SAP] updates=12788 active=178 pairs=2 repairs{x=125 y=125}
[ENEMY_PAIR_TYPES] frontal DD=0 DT=2 DH=0 DA=0 TT=0 TH=0 TA=0 HH=0 HA=0 AA=0 separation DD=0 DT=2 DH=0 DA=0 TT=0 TH=0 TA=0 HH=0 HA=0 AA=0
[ENEMY_KILL_DEBUG_COLLISION] projectile{kills=1 wallContact=0}

[PROFILE] frame=4560 budget=16.667ms alloc(+27/-27, +219304b/-219304b, live=337896b peak=665600b)
  frame.total                      win= 18.776ms avg= 18.776ms p95= 26.533ms max=288.505ms calls(last=  1,win= 120,total=4560) (win 112.7% | avg 112.7% budget)
  frame.fixed_step                 win=  9.389ms avg= 10.641ms p95= 18.584ms max= 42.142ms calls(last=  1,win= 136,total=4996) (win 56.3% | avg 63.8% budget)
  frame.render                     win=  8.087ms avg=  8.087ms p95=  8.987ms max=288.455ms calls(last=  1,win= 120,total=4560) (win 48.5% | avg 48.5% budget)
  frame.present                    win=  6.439ms avg=  6.439ms p95=  7.289ms max=288.446ms calls(last=  1,win= 120,total=4560) (win 38.6% | avg 38.6% budget)
  game.update                      win=  3.251ms avg=  3.685ms p95=  6.286ms max= 25.513ms calls(last=  1,win= 136,total=3620) (win 19.5% | avg 22.1% budget)
  system.ai_update                 win=  3.072ms avg=  3.482ms p95=  5.966ms max= 24.646ms calls(last=  1,win= 136,total=3620) (win 18.4% | avg 20.9% budget)
  enemy.update                     win=  3.067ms avg=  3.475ms p95=  5.955ms max= 24.630ms calls(last=  1,win= 136,total=3620) (win 18.4% | avg 20.9% budget)
  frame.render.world               win=  2.124ms avg=  2.124ms p95=  2.446ms max=  6.118ms calls(last=  1,win= 120,total=3213) (win 12.7% | avg 12.7% budget)
  frame.render.world.maze          win=  0.921ms avg=  0.921ms p95=  1.024ms max=  3.017ms calls(last=  1,win= 120,total=3213) (win 5.5% | avg 5.5% budget)
  frame.render.hud                 win=  0.849ms avg=  0.849ms p95=  0.933ms max=  1.348ms calls(last=  1,win= 120,total=3213) (win 5.1% | avg 5.1% budget)
  frame.render.world.effects       win=  0.454ms avg=  0.454ms p95=  0.572ms max=  1.205ms calls(last=  1,win= 120,total=3213) (win 2.7% | avg 2.7% budget)
  frame.render.hud.minimap         win=  0.429ms avg=  0.429ms p95=  0.500ms max=  0.764ms calls(last=  1,win= 120,total=3213) (win 2.6% | avg 2.6% budget)
  enemy.ai.movement                win=  0.306ms avg=  0.268ms p95=  0.588ms max= 10.143ms calls(last=  0,win= 105,total=8337) (win 1.8% | avg 1.6% budget)
  frame.render.world.enemies       win=  0.231ms avg=  0.231ms p95=  0.264ms max=  0.556ms calls(last=  1,win= 120,total=3213) (win 1.4% | avg 1.4% budget)
  frame.render.hud.text            win=  0.219ms avg=  0.219ms p95=  0.264ms max=  0.567ms calls(last=  1,win= 120,total=3213) (win 1.3% | avg 1.3% budget)
  enemy.movement.overlap_check     win=  0.180ms avg=  0.158ms p95=  0.348ms max=  6.342ms calls(last=  0,win= 105,total=8336) (win 1.1% | avg 0.9% budget)
  enemy.movement.overlap.is_blocked win=  0.176ms avg=  0.154ms p95=  0.341ms max=  6.240ms calls(last=  0,win= 105,total=8288) (win 1.1% | avg 0.9% budget)
  frame.render.world.enemies.draw  win=  0.175ms avg=  0.175ms p95=  0.199ms max=  0.495ms calls(last=  1,win= 120,total=3213) (win 1.1% | avg 1.1% budget)
  system.spawner_update            win=  0.081ms avg=  0.092ms p95=  0.156ms max=  0.708ms calls(last=  1,win= 136,total=3620) (win 0.5% | avg 0.6% budget)
  enemy.movement.separation_probe  win=  0.064ms avg=  0.056ms p95=  0.124ms max=  2.265ms calls(last=  0,win= 105,total=8336) (win 0.4% | avg 0.3% budget)
  enemy.cheap.segment_build        win=  0.064ms avg=  0.018ms p95=  0.095ms max=  0.245ms calls(last=  1,win=  34,total=631) (win 0.4% | avg 0.1% budget)
  frame.render.hud.compass         win=  0.053ms avg=  0.053ms p95=  0.054ms max=  0.192ms calls(last=  1,win= 120,total=3213) (win 0.3% | avg 0.3% budget)
  frame.render.hud.static          win=  0.050ms avg=  0.050ms p95=  0.060ms max=  0.169ms calls(last=  1,win= 120,total=3213) (win 0.3% | avg 0.3% budget)
  frame.render.world.enemies.cull  win=  0.048ms avg=  0.048ms p95=  0.050ms max=  0.174ms calls(last=  1,win= 120,total=3213) (win 0.3% | avg 0.3% budget)
[ENEMY_STATS] frame=4560 alive=144 visible=0 full=0 cheap=144 fullInBase=0 pairs(frontal=0 checks=0 separation=0 resolved=0)
[ENEMY_WINDOW] steps=136 alive[min=144 max=144] visible[min=0 max=1] full[min=0 max=1] collisionPasses[runs=0 skips=136]
[ENEMY_SEGMENTS] window=2.267s D{b/s=15.00 avgLen=4.54 fail=0} T{b/s=0.00 avgLen=0.00 fail=0} H{b/s=0.00 avgLen=0.00 fail=0} A{b/s=0.00 avgLen=0.00 fail=0}
[ENEMY_GRID] frontal{cand/s=0.0 xcell/s=0.0 ins/s=0.0} separation{cand/s=0.0}
[ENEMY_COLLISION_WINDOW] frontal{pairs/s=0.0 checks/s=0.0 baseSkip=0 kill=0(0.0%)} separation{pairs/s=0.0 resolved/s=0.0(0.0%) baseSkip=0 kill=0 wallBlock=0}
[ENEMY_UNCOUPLE] entries=0 reentryResets=0(0.0%) reason{frontal=0 separation=0 wallContact=0}
[ENEMY_KILL_DEBUG] enemyEnemy{events=0 frontal=0 separation=0 reenterEither=0 reenterBoth=0 wallContact=0 dist[min=0.000 avg=0.000 max=0.000]}
[ENEMY_NAV_CACHE] playerCell{changes=0 flowRebuilds=0} flow{hit=0 miss=0 hit%=0.0} pathFallback{calls=0 ok=0 ok%=0.0}
[ENEMY_ASSASSIN_CHEAP_RECOVERY] failByStage{s0=0 s1=0 s2=0} recoverByStage{s0=0 s1=0 s2=0} emergency{attempt=0 success=0} noFlowSkips=0
[ENEMY_ASSASSIN_WALL_ENTRIES] byPhase{cheap=0 uncouple=0 full=0}
[ENEMY_SAP] updates=0 active=0 pairs=0 repairs{x=0 y=0}
[ENEMY_PAIR_TYPES] frontal DD=0 DT=0 DH=0 DA=0 TT=0 TH=0 TA=0 HH=0 HA=0 AA=0 separation DD=0 DT=0 DH=0 DA=0 TT=0 TH=0 TA=0 HH=0 HA=0 AA=0
[ENEMY_KILL_DEBUG_COLLISION] projectile{kills=0 wallContact=0}

[PROFILE] frame=4680 budget=16.667ms alloc(+27/-27, +219304b/-219304b, live=337896b peak=665600b)
  frame.total                      win= 18.598ms avg= 18.598ms p95= 26.595ms max=288.505ms calls(last=  1,win= 120,total=4680) (win 111.6% | avg 111.6% budget)
  frame.fixed_step                 win=  9.100ms avg= 10.237ms p95= 18.200ms max= 42.142ms calls(last=  1,win= 135,total=5131) (win 54.6% | avg 61.4% budget)
  frame.render                     win=  8.314ms avg=  8.314ms p95=  9.307ms max=288.455ms calls(last=  1,win= 120,total=4680) (win 49.9% | avg 49.9% budget)
  frame.present                    win=  6.691ms avg=  6.691ms p95=  7.749ms max=288.446ms calls(last=  1,win= 120,total=4680) (win 40.1% | avg 40.1% budget)
  game.update                      win=  2.996ms avg=  3.371ms p95=  6.076ms max= 25.513ms calls(last=  1,win= 135,total=3755) (win 18.0% | avg 20.2% budget)
  system.ai_update                 win=  2.785ms avg=  3.134ms p95=  5.654ms max= 24.646ms calls(last=  1,win= 135,total=3755) (win 16.7% | avg 18.8% budget)
  enemy.update                     win=  2.779ms avg=  3.127ms p95=  5.644ms max= 24.630ms calls(last=  1,win= 135,total=3755) (win 16.7% | avg 18.8% budget)
  frame.render.world               win=  2.315ms avg=  2.315ms p95=  2.596ms max=  6.118ms calls(last=  1,win= 120,total=3333) (win 13.9% | avg 13.9% budget)
  frame.render.world.maze          win=  0.873ms avg=  0.873ms p95=  0.948ms max=  3.017ms calls(last=  1,win= 120,total=3333) (win 5.2% | avg 5.2% budget)
  frame.render.hud                 win=  0.838ms avg=  0.838ms p95=  0.897ms max=  1.348ms calls(last=  1,win= 120,total=3333) (win 5.0% | avg 5.0% budget)
  frame.render.world.effects       win=  0.443ms avg=  0.443ms p95=  0.539ms max=  1.205ms calls(last=  1,win= 120,total=3333) (win 2.7% | avg 2.7% budget)
  frame.render.hud.minimap         win=  0.427ms avg=  0.427ms p95=  0.474ms max=  0.764ms calls(last=  1,win= 120,total=3333) (win 2.6% | avg 2.6% budget)
  frame.render.hud.text            win=  0.222ms avg=  0.222ms p95=  0.235ms max=  0.567ms calls(last=  1,win= 120,total=3333) (win 1.3% | avg 1.3% budget)
  frame.render.world.enemies       win=  0.212ms avg=  0.212ms p95=  0.218ms max=  0.556ms calls(last=  1,win= 120,total=3333) (win 1.3% | avg 1.3% budget)
  frame.render.world.enemies.draw  win=  0.156ms avg=  0.156ms p95=  0.158ms max=  0.495ms calls(last=  1,win= 120,total=3333) (win 0.9% | avg 0.9% budget)
  system.spawner_update            win=  0.076ms avg=  0.086ms p95=  0.149ms max=  0.708ms calls(last=  1,win= 135,total=3755) (win 0.5% | avg 0.5% budget)
  enemy.cheap.segment_build        win=  0.065ms avg=  0.022ms p95=  0.077ms max=  0.245ms calls(last=  0,win=  40,total=671) (win 0.4% | avg 0.1% budget)
  frame.render.hud.compass         win=  0.052ms avg=  0.052ms p95=  0.053ms max=  0.192ms calls(last=  1,win= 120,total=3333) (win 0.3% | avg 0.3% budget)
  frame.render.world.enemies.cull  win=  0.049ms avg=  0.049ms p95=  0.050ms max=  0.174ms calls(last=  1,win= 120,total=3333) (win 0.3% | avg 0.3% budget)
  frame.render.hud.static          win=  0.046ms avg=  0.046ms p95=  0.059ms max=  0.169ms calls(last=  1,win= 120,total=3333) (win 0.3% | avg 0.3% budget)
  frame.render.hud.bars            win=  0.039ms avg=  0.039ms p95=  0.040ms max=  0.180ms calls(last=  1,win= 120,total=3333) (win 0.2% | avg 0.2% budget)
  system.physics_collision         win=  0.038ms avg=  0.043ms p95=  0.073ms max=  0.380ms calls(last=  1,win= 135,total=3755) (win 0.2% | avg 0.3% budget)
  frame.render.hud.lives           win=  0.031ms avg=  0.031ms p95=  0.033ms max=  0.294ms calls(last=  1,win= 120,total=3333) (win 0.2% | avg 0.2% budget)
  system.player_update             win=  0.028ms avg=  0.018ms p95=  0.051ms max=  0.177ms calls(last=  1,win=  76,total=3123) (win 0.2% | avg 0.1% budget)
[ENEMY_STATS] frame=4680 alive=144 visible=0 full=0 cheap=144 fullInBase=0 pairs(frontal=0 checks=0 separation=0 resolved=0)
[ENEMY_WINDOW] steps=135 alive[min=144 max=144] visible[min=0 max=0] full[min=0 max=0] collisionPasses[runs=0 skips=135]
[ENEMY_SEGMENTS] window=2.250s D{b/s=17.78 avgLen=5.13 fail=0} T{b/s=0.00 avgLen=0.00 fail=0} H{b/s=0.00 avgLen=0.00 fail=0} A{b/s=0.00 avgLen=0.00 fail=0}
[ENEMY_GRID] frontal{cand/s=0.0 xcell/s=0.0 ins/s=0.0} separation{cand/s=0.0}
[ENEMY_COLLISION_WINDOW] frontal{pairs/s=0.0 checks/s=0.0 baseSkip=0 kill=0(0.0%)} separation{pairs/s=0.0 resolved/s=0.0(0.0%) baseSkip=0 kill=0 wallBlock=0}
[ENEMY_UNCOUPLE] entries=0 reentryResets=0(0.0%) reason{frontal=0 separation=0 wallContact=0}
[ENEMY_KILL_DEBUG] enemyEnemy{events=0 frontal=0 separation=0 reenterEither=0 reenterBoth=0 wallContact=0 dist[min=0.000 avg=0.000 max=0.000]}
[ENEMY_NAV_CACHE] playerCell{changes=0 flowRebuilds=0} flow{hit=0 miss=0 hit%=0.0} pathFallback{calls=0 ok=0 ok%=0.0}
[ENEMY_ASSASSIN_CHEAP_RECOVERY] failByStage{s0=0 s1=0 s2=0} recoverByStage{s0=0 s1=0 s2=0} emergency{attempt=0 success=0} noFlowSkips=0
[ENEMY_ASSASSIN_WALL_ENTRIES] byPhase{cheap=0 uncouple=0 full=0}
[ENEMY_SAP] updates=0 active=0 pairs=0 repairs{x=0 y=0}
[ENEMY_PAIR_TYPES] frontal DD=0 DT=0 DH=0 DA=0 TT=0 TH=0 TA=0 HH=0 HA=0 AA=0 separation DD=0 DT=0 DH=0 DA=0 TT=0 TH=0 TA=0 HH=0 HA=0 AA=0
[ENEMY_KILL_DEBUG_COLLISION] projectile{kills=0 wallContact=0}

[PROFILE] frame=4800 budget=16.667ms alloc(+54/-54, +438608b/-438608b, live=337896b peak=665600b)
  frame.total                      win= 18.740ms avg= 18.740ms p95= 26.236ms max=288.505ms calls(last=  1,win= 120,total=4800) (win 112.4% | avg 112.4% budget)
  frame.fixed_step                 win=  9.160ms avg= 10.381ms p95= 17.906ms max= 42.142ms calls(last=  2,win= 136,total=5267) (win 55.0% | avg 62.3% budget)
  frame.render                     win=  8.312ms avg=  8.312ms p95=  9.047ms max=288.455ms calls(last=  1,win= 120,total=4800) (win 49.9% | avg 49.9% budget)
  frame.present                    win=  6.673ms avg=  6.673ms p95=  7.539ms max=288.446ms calls(last=  1,win= 120,total=4800) (win 40.0% | avg 40.0% budget)
  game.update                      win=  3.046ms avg=  3.453ms p95=  5.821ms max= 25.513ms calls(last=  2,win= 136,total=3891) (win 18.3% | avg 20.7% budget)
  system.ai_update                 win=  2.820ms avg=  3.196ms p95=  5.382ms max= 24.646ms calls(last=  2,win= 136,total=3891) (win 16.9% | avg 19.2% budget)
  enemy.update                     win=  2.815ms avg=  3.190ms p95=  5.373ms max= 24.630ms calls(last=  2,win= 136,total=3891) (win 16.9% | avg 19.1% budget)
  frame.render.world               win=  2.386ms avg=  2.386ms p95=  2.555ms max=  6.118ms calls(last=  1,win= 120,total=3453) (win 14.3% | avg 14.3% budget)
  frame.render.world.maze          win=  0.952ms avg=  0.952ms p95=  1.061ms max=  3.017ms calls(last=  1,win= 120,total=3453) (win 5.7% | avg 5.7% budget)
  frame.render.hud                 win=  0.837ms avg=  0.837ms p95=  0.917ms max=  1.348ms calls(last=  1,win= 120,total=3453) (win 5.0% | avg 5.0% budget)
  frame.render.world.effects       win=  0.435ms avg=  0.435ms p95=  0.498ms max=  1.205ms calls(last=  1,win= 120,total=3453) (win 2.6% | avg 2.6% budget)
  frame.render.hud.minimap         win=  0.426ms avg=  0.426ms p95=  0.490ms max=  0.764ms calls(last=  1,win= 120,total=3453) (win 2.6% | avg 2.6% budget)
  frame.render.hud.text            win=  0.223ms avg=  0.223ms p95=  0.257ms max=  0.567ms calls(last=  1,win= 120,total=3453) (win 1.3% | avg 1.3% budget)
  frame.render.world.enemies       win=  0.214ms avg=  0.214ms p95=  0.253ms max=  0.556ms calls(last=  1,win= 120,total=3453) (win 1.3% | avg 1.3% budget)
  frame.render.world.enemies.draw  win=  0.159ms avg=  0.159ms p95=  0.196ms max=  0.495ms calls(last=  1,win= 120,total=3453) (win 1.0% | avg 1.0% budget)
  system.spawner_update            win=  0.077ms avg=  0.087ms p95=  0.148ms max=  0.708ms calls(last=  2,win= 136,total=3891) (win 0.5% | avg 0.5% budget)
  enemy.cheap.segment_build        win=  0.071ms avg=  0.017ms p95=  0.073ms max=  0.245ms calls(last=  0,win=  29,total=700) (win 0.4% | avg 0.1% budget)
  frame.render.hud.compass         win=  0.051ms avg=  0.051ms p95=  0.053ms max=  0.192ms calls(last=  1,win= 120,total=3453) (win 0.3% | avg 0.3% budget)
  frame.render.world.enemies.cull  win=  0.048ms avg=  0.048ms p95=  0.049ms max=  0.174ms calls(last=  1,win= 120,total=3453) (win 0.3% | avg 0.3% budget)
  frame.render.hud.static          win=  0.046ms avg=  0.046ms p95=  0.063ms max=  0.169ms calls(last=  1,win= 120,total=3453) (win 0.3% | avg 0.3% budget)
  frame.render.hud.bars            win=  0.039ms avg=  0.039ms p95=  0.040ms max=  0.180ms calls(last=  1,win= 120,total=3453) (win 0.2% | avg 0.2% budget)
  system.physics_collision         win=  0.039ms avg=  0.044ms p95=  0.074ms max=  0.380ms calls(last=  2,win= 136,total=3891) (win 0.2% | avg 0.3% budget)
  frame.render.hud.lives           win=  0.032ms avg=  0.032ms p95=  0.033ms max=  0.294ms calls(last=  1,win= 120,total=3453) (win 0.2% | avg 0.2% budget)
  system.player_update             win=  0.030ms avg=  0.034ms p95=  0.055ms max=  0.177ms calls(last=  2,win= 136,total=3259) (win 0.2% | avg 0.2% budget)
[ENEMY_STATS] frame=4800 alive=144 visible=0 full=0 cheap=144 fullInBase=0 pairs(frontal=0 checks=0 separation=0 resolved=0)
[ENEMY_WINDOW] steps=136 alive[min=144 max=144] visible[min=0 max=0] full[min=0 max=0] collisionPasses[runs=0 skips=136]
[ENEMY_SEGMENTS] window=2.267s D{b/s=12.79 avgLen=5.23 fail=0} T{b/s=0.00 avgLen=0.00 fail=0} H{b/s=0.00 avgLen=0.00 fail=0} A{b/s=0.00 avgLen=0.00 fail=0}
[ENEMY_GRID] frontal{cand/s=0.0 xcell/s=0.0 ins/s=0.0} separation{cand/s=0.0}
[ENEMY_COLLISION_WINDOW] frontal{pairs/s=0.0 checks/s=0.0 baseSkip=0 kill=0(0.0%)} separation{pairs/s=0.0 resolved/s=0.0(0.0%) baseSkip=0 kill=0 wallBlock=0}
[ENEMY_UNCOUPLE] entries=0 reentryResets=0(0.0%) reason{frontal=0 separation=0 wallContact=0}
[ENEMY_KILL_DEBUG] enemyEnemy{events=0 frontal=0 separation=0 reenterEither=0 reenterBoth=0 wallContact=0 dist[min=0.000 avg=0.000 max=0.000]}
[ENEMY_NAV_CACHE] playerCell{changes=0 flowRebuilds=0} flow{hit=0 miss=0 hit%=0.0} pathFallback{calls=0 ok=0 ok%=0.0}
[ENEMY_ASSASSIN_CHEAP_RECOVERY] failByStage{s0=0 s1=0 s2=0} recoverByStage{s0=0 s1=0 s2=0} emergency{attempt=0 success=0} noFlowSkips=0
[ENEMY_ASSASSIN_WALL_ENTRIES] byPhase{cheap=0 uncouple=0 full=0}
[ENEMY_SAP] updates=0 active=0 pairs=0 repairs{x=0 y=0}
[ENEMY_PAIR_TYPES] frontal DD=0 DT=0 DH=0 DA=0 TT=0 TH=0 TA=0 HH=0 HA=0 AA=0 separation DD=0 DT=0 DH=0 DA=0 TT=0 TH=0 TA=0 HH=0 HA=0 AA=0
[ENEMY_KILL_DEBUG_COLLISION] projectile{kills=0 wallContact=0}

[PROFILE] frame=4920 budget=16.667ms alloc(+27/-27, +219304b/-219304b, live=337896b peak=665600b)
  frame.total                      win= 18.782ms avg= 18.782ms p95= 26.196ms max=288.505ms calls(last=  1,win= 120,total=4920) (win 112.7% | avg 112.7% budget)
  frame.fixed_step                 win=  9.133ms avg= 10.350ms p95= 17.970ms max= 42.142ms calls(last=  1,win= 136,total=5403) (win 54.8% | avg 62.1% budget)
  frame.render                     win=  8.385ms avg=  8.385ms p95=  9.853ms max=288.455ms calls(last=  1,win= 120,total=4920) (win 50.3% | avg 50.3% budget)
  frame.present                    win=  6.758ms avg=  6.758ms p95=  8.290ms max=288.446ms calls(last=  1,win= 120,total=4920) (win 40.5% | avg 40.5% budget)
  game.update                      win=  3.003ms avg=  3.403ms p95=  6.030ms max= 25.513ms calls(last=  1,win= 136,total=4027) (win 18.0% | avg 20.4% budget)
  system.ai_update                 win=  2.777ms avg=  3.147ms p95=  5.595ms max= 24.646ms calls(last=  1,win= 136,total=4027) (win 16.7% | avg 18.9% budget)
  enemy.update                     win=  2.772ms avg=  3.141ms p95=  5.586ms max= 24.630ms calls(last=  1,win= 136,total=4027) (win 16.6% | avg 18.8% budget)
  frame.render.world               win=  2.393ms avg=  2.393ms p95=  2.655ms max=  6.118ms calls(last=  1,win= 120,total=3573) (win 14.4% | avg 14.4% budget)
  frame.render.world.maze          win=  0.934ms avg=  0.934ms p95=  1.019ms max=  3.017ms calls(last=  1,win= 120,total=3573) (win 5.6% | avg 5.6% budget)
  frame.render.hud                 win=  0.845ms avg=  0.845ms p95=  0.904ms max=  1.348ms calls(last=  1,win= 120,total=3573) (win 5.1% | avg 5.1% budget)
  frame.render.world.effects       win=  0.447ms avg=  0.447ms p95=  0.542ms max=  1.205ms calls(last=  1,win= 120,total=3573) (win 2.7% | avg 2.7% budget)
  frame.render.hud.minimap         win=  0.429ms avg=  0.429ms p95=  0.487ms max=  0.764ms calls(last=  1,win= 120,total=3573) (win 2.6% | avg 2.6% budget)
  frame.render.hud.text            win=  0.225ms avg=  0.225ms p95=  0.263ms max=  0.567ms calls(last=  1,win= 120,total=3573) (win 1.4% | avg 1.4% budget)
  frame.render.world.enemies       win=  0.215ms avg=  0.215ms p95=  0.249ms max=  0.556ms calls(last=  1,win= 120,total=3573) (win 1.3% | avg 1.3% budget)
  frame.render.world.enemies.draw  win=  0.159ms avg=  0.159ms p95=  0.181ms max=  0.495ms calls(last=  1,win= 120,total=3573) (win 1.0% | avg 1.0% budget)
  system.spawner_update            win=  0.076ms avg=  0.086ms p95=  0.147ms max=  0.708ms calls(last=  1,win= 136,total=4027) (win 0.5% | avg 0.5% budget)
  enemy.cheap.segment_build        win=  0.062ms avg=  0.022ms p95=  0.094ms max=  0.245ms calls(last=  1,win=  42,total=742) (win 0.4% | avg 0.1% budget)
  frame.render.hud.compass         win=  0.051ms avg=  0.051ms p95=  0.053ms max=  0.192ms calls(last=  1,win= 120,total=3573) (win 0.3% | avg 0.3% budget)
  frame.render.world.enemies.cull  win=  0.049ms avg=  0.049ms p95=  0.049ms max=  0.174ms calls(last=  1,win= 120,total=3573) (win 0.3% | avg 0.3% budget)
  frame.render.hud.static          win=  0.048ms avg=  0.048ms p95=  0.062ms max=  0.349ms calls(last=  1,win= 120,total=3573) (win 0.3% | avg 0.3% budget)
  frame.render.hud.bars            win=  0.039ms avg=  0.039ms p95=  0.040ms max=  0.180ms calls(last=  1,win= 120,total=3573) (win 0.2% | avg 0.2% budget)
  system.physics_collision         win=  0.039ms avg=  0.044ms p95=  0.076ms max=  0.380ms calls(last=  1,win= 136,total=4027) (win 0.2% | avg 0.3% budget)
  frame.render.hud.lives           win=  0.032ms avg=  0.032ms p95=  0.033ms max=  0.294ms calls(last=  1,win= 120,total=3573) (win 0.2% | avg 0.2% budget)
  system.player_update             win=  0.028ms avg=  0.032ms p95=  0.055ms max=  0.177ms calls(last=  1,win= 136,total=3395) (win 0.2% | avg 0.2% budget)
[ENEMY_STATS] frame=4920 alive=144 visible=0 full=0 cheap=144 fullInBase=0 pairs(frontal=0 checks=0 separation=0 resolved=0)
[ENEMY_WINDOW] steps=136 alive[min=144 max=144] visible[min=0 max=0] full[min=0 max=0] collisionPasses[runs=0 skips=136]
[ENEMY_SEGMENTS] window=2.267s D{b/s=18.53 avgLen=4.85 fail=0} T{b/s=0.00 avgLen=0.00 fail=0} H{b/s=0.00 avgLen=0.00 fail=0} A{b/s=0.00 avgLen=0.00 fail=0}
[ENEMY_GRID] frontal{cand/s=0.0 xcell/s=0.0 ins/s=0.0} separation{cand/s=0.0}
[ENEMY_COLLISION_WINDOW] frontal{pairs/s=0.0 checks/s=0.0 baseSkip=0 kill=0(0.0%)} separation{pairs/s=0.0 resolved/s=0.0(0.0%) baseSkip=0 kill=0 wallBlock=0}
[ENEMY_UNCOUPLE] entries=0 reentryResets=0(0.0%) reason{frontal=0 separation=0 wallContact=0}
[ENEMY_KILL_DEBUG] enemyEnemy{events=0 frontal=0 separation=0 reenterEither=0 reenterBoth=0 wallContact=0 dist[min=0.000 avg=0.000 max=0.000]}
[ENEMY_NAV_CACHE] playerCell{changes=0 flowRebuilds=0} flow{hit=0 miss=0 hit%=0.0} pathFallback{calls=0 ok=0 ok%=0.0}
[ENEMY_ASSASSIN_CHEAP_RECOVERY] failByStage{s0=0 s1=0 s2=0} recoverByStage{s0=0 s1=0 s2=0} emergency{attempt=0 success=0} noFlowSkips=0
[ENEMY_ASSASSIN_WALL_ENTRIES] byPhase{cheap=0 uncouple=0 full=0}
[ENEMY_SAP] updates=0 active=0 pairs=0 repairs{x=0 y=0}
[ENEMY_PAIR_TYPES] frontal DD=0 DT=0 DH=0 DA=0 TT=0 TH=0 TA=0 HH=0 HA=0 AA=0 separation DD=0 DT=0 DH=0 DA=0 TT=0 TH=0 TA=0 HH=0 HA=0 AA=0
[ENEMY_KILL_DEBUG_COLLISION] projectile{kills=0 wallContact=0}

[PROFILE] frame=5040 budget=16.667ms alloc(+27/-27, +219304b/-219304b, live=337896b peak=665600b)
  frame.total                      win= 18.877ms avg= 18.877ms p95= 26.986ms max=288.505ms calls(last=  1,win= 120,total=5040) (win 113.3% | avg 113.3% budget)
  frame.fixed_step                 win=  9.345ms avg= 10.669ms p95= 18.792ms max= 42.142ms calls(last=  1,win= 137,total=5540) (win 56.1% | avg 64.0% budget)
  frame.render                     win=  8.162ms avg=  8.162ms p95=  8.758ms max=288.455ms calls(last=  1,win= 120,total=5040) (win 49.0% | avg 49.0% budget)
  frame.present                    win=  6.528ms avg=  6.528ms p95=  7.199ms max=288.446ms calls(last=  1,win= 120,total=5040) (win 39.2% | avg 39.2% budget)
  game.update                      win=  3.219ms avg=  3.675ms p95=  6.409ms max= 25.513ms calls(last=  1,win= 137,total=4164) (win 19.3% | avg 22.1% budget)
  system.ai_update                 win=  2.995ms avg=  3.419ms p95=  5.983ms max= 24.646ms calls(last=  1,win= 137,total=4164) (win 18.0% | avg 20.5% budget)
  enemy.update                     win=  2.989ms avg=  3.413ms p95=  5.972ms max= 24.630ms calls(last=  1,win= 137,total=4164) (win 17.9% | avg 20.5% budget)
  frame.render.world               win=  2.267ms avg=  2.267ms p95=  2.434ms max=  6.118ms calls(last=  1,win= 120,total=3693) (win 13.6% | avg 13.6% budget)
  frame.render.hud                 win=  0.836ms avg=  0.836ms p95=  0.927ms max=  1.348ms calls(last=  1,win= 120,total=3693) (win 5.0% | avg 5.0% budget)
  frame.render.world.maze          win=  0.817ms avg=  0.817ms p95=  0.925ms max=  3.017ms calls(last=  1,win= 120,total=3693) (win 4.9% | avg 4.9% budget)
  frame.render.world.effects       win=  0.433ms avg=  0.433ms p95=  0.537ms max=  1.205ms calls(last=  1,win= 120,total=3693) (win 2.6% | avg 2.6% budget)
  frame.render.hud.minimap         win=  0.425ms avg=  0.425ms p95=  0.476ms max=  0.764ms calls(last=  1,win= 120,total=3693) (win 2.5% | avg 2.5% budget)
  enemy.ai.movement                win=  0.314ms avg=  0.191ms p95=  0.604ms max= 10.143ms calls(last=  0,win=  73,total=8410) (win 1.9% | avg 1.1% budget)
  frame.render.hud.text            win=  0.220ms avg=  0.220ms p95=  0.232ms max=  0.567ms calls(last=  1,win= 120,total=3693) (win 1.3% | avg 1.3% budget)
  frame.render.world.enemies       win=  0.217ms avg=  0.217ms p95=  0.256ms max=  0.556ms calls(last=  1,win= 120,total=3693) (win 1.3% | avg 1.3% budget)
  enemy.movement.overlap_check     win=  0.187ms avg=  0.114ms p95=  0.357ms max=  6.342ms calls(last=  0,win=  73,total=8409) (win 1.1% | avg 0.7% budget)
  enemy.movement.overlap.is_blocked win=  0.183ms avg=  0.111ms p95=  0.349ms max=  6.240ms calls(last=  0,win=  73,total=8361) (win 1.1% | avg 0.7% budget)
  frame.render.world.enemies.draw  win=  0.161ms avg=  0.161ms p95=  0.200ms max=  0.495ms calls(last=  1,win= 120,total=3693) (win 1.0% | avg 1.0% budget)
  system.spawner_update            win=  0.078ms avg=  0.089ms p95=  0.153ms max=  0.708ms calls(last=  1,win= 137,total=4164) (win 0.5% | avg 0.5% budget)
  enemy.movement.separation_probe  win=  0.066ms avg=  0.040ms p95=  0.125ms max=  2.265ms calls(last=  0,win=  73,total=8409) (win 0.4% | avg 0.2% budget)
  enemy.cheap.segment_build        win=  0.060ms avg=  0.017ms p95=  0.074ms max=  0.245ms calls(last=  0,win=  34,total=776) (win 0.4% | avg 0.1% budget)
  frame.render.hud.compass         win=  0.051ms avg=  0.051ms p95=  0.053ms max=  0.192ms calls(last=  1,win= 120,total=3693) (win 0.3% | avg 0.3% budget)
  frame.render.world.enemies.cull  win=  0.049ms avg=  0.049ms p95=  0.050ms max=  0.174ms calls(last=  1,win= 120,total=3693) (win 0.3% | avg 0.3% budget)
  frame.render.hud.static          win=  0.048ms avg=  0.048ms p95=  0.065ms max=  0.349ms calls(last=  1,win= 120,total=3693) (win 0.3% | avg 0.3% budget)
[ENEMY_STATS] frame=5040 alive=144 visible=0 full=0 cheap=144 fullInBase=0 pairs(frontal=0 checks=0 separation=0 resolved=0)
[ENEMY_WINDOW] steps=137 alive[min=144 max=144] visible[min=0 max=0] full[min=0 max=1] collisionPasses[runs=0 skips=137]
[ENEMY_SEGMENTS] window=2.283s D{b/s=15.33 avgLen=4.88 fail=0} T{b/s=0.00 avgLen=0.00 fail=0} H{b/s=0.00 avgLen=0.00 fail=0} A{b/s=0.00 avgLen=0.00 fail=0}
[ENEMY_GRID] frontal{cand/s=0.0 xcell/s=0.0 ins/s=0.0} separation{cand/s=0.0}
[ENEMY_COLLISION_WINDOW] frontal{pairs/s=0.0 checks/s=0.0 baseSkip=0 kill=0(0.0%)} separation{pairs/s=0.0 resolved/s=0.0(0.0%) baseSkip=0 kill=0 wallBlock=0}
[ENEMY_UNCOUPLE] entries=0 reentryResets=0(0.0%) reason{frontal=0 separation=0 wallContact=0}
[ENEMY_KILL_DEBUG] enemyEnemy{events=0 frontal=0 separation=0 reenterEither=0 reenterBoth=0 wallContact=0 dist[min=0.000 avg=0.000 max=0.000]}
[ENEMY_NAV_CACHE] playerCell{changes=0 flowRebuilds=0} flow{hit=0 miss=0 hit%=0.0} pathFallback{calls=0 ok=0 ok%=0.0}
[ENEMY_ASSASSIN_CHEAP_RECOVERY] failByStage{s0=0 s1=0 s2=0} recoverByStage{s0=0 s1=0 s2=0} emergency{attempt=0 success=0} noFlowSkips=0
[ENEMY_ASSASSIN_WALL_ENTRIES] byPhase{cheap=0 uncouple=0 full=0}
[ENEMY_SAP] updates=0 active=0 pairs=0 repairs{x=0 y=0}
[ENEMY_PAIR_TYPES] frontal DD=0 DT=0 DH=0 DA=0 TT=0 TH=0 TA=0 HH=0 HA=0 AA=0 separation DD=0 DT=0 DH=0 DA=0 TT=0 TH=0 TA=0 HH=0 HA=0 AA=0
[ENEMY_KILL_DEBUG_COLLISION] projectile{kills=0 wallContact=0}

[PROFILE] frame=5160 budget=16.667ms alloc(+54/-54, +438608b/-438608b, live=337896b peak=665600b)
  frame.total                      win= 19.575ms avg= 19.575ms p95= 27.647ms max=288.505ms calls(last=  1,win= 120,total=5160) (win 117.5% | avg 117.5% budget)
  frame.fixed_step                 win=  9.438ms avg= 11.168ms p95= 19.348ms max= 42.142ms calls(last=  2,win= 142,total=5682) (win 56.6% | avg 67.0% budget)
  frame.render                     win=  8.361ms avg=  8.361ms p95=  9.881ms max=288.455ms calls(last=  1,win= 120,total=5160) (win 50.2% | avg 50.2% budget)
  frame.present                    win=  6.729ms avg=  6.729ms p95=  8.226ms max=288.446ms calls(last=  1,win= 120,total=5160) (win 40.4% | avg 40.4% budget)
  game.update                      win=  3.332ms avg=  3.943ms p95=  7.063ms max= 25.513ms calls(last=  2,win= 142,total=4306) (win 20.0% | avg 23.7% budget)
  system.ai_update                 win=  3.106ms avg=  3.676ms p95=  6.633ms max= 24.646ms calls(last=  2,win= 142,total=4306) (win 18.6% | avg 22.1% budget)
  enemy.update                     win=  3.101ms avg=  3.669ms p95=  6.624ms max= 24.630ms calls(last=  2,win= 142,total=4306) (win 18.6% | avg 22.0% budget)
  frame.render.world               win=  2.341ms avg=  2.341ms p95=  2.454ms max= 11.886ms calls(last=  1,win= 120,total=3813) (win 14.0% | avg 14.0% budget)
  frame.render.hud                 win=  0.844ms avg=  0.844ms p95=  0.929ms max=  1.348ms calls(last=  1,win= 120,total=3813) (win 5.1% | avg 5.1% budget)
  frame.render.world.maze          win=  0.782ms avg=  0.782ms p95=  0.879ms max=  3.017ms calls(last=  1,win= 120,total=3813) (win 4.7% | avg 4.7% budget)
  frame.render.world.effects       win=  0.444ms avg=  0.444ms p95=  0.540ms max=  1.205ms calls(last=  1,win= 120,total=3813) (win 2.7% | avg 2.7% budget)
  frame.render.hud.minimap         win=  0.428ms avg=  0.428ms p95=  0.500ms max=  0.764ms calls(last=  1,win= 120,total=3813) (win 2.6% | avg 2.6% budget)
  enemy.ai.movement                win=  0.303ms avg=  0.291ms p95=  0.610ms max= 10.143ms calls(last=  2,win= 115,total=8525) (win 1.8% | avg 1.7% budget)
  frame.render.world.enemies       win=  0.233ms avg=  0.233ms p95=  0.256ms max=  0.556ms calls(last=  1,win= 120,total=3813) (win 1.4% | avg 1.4% budget)
  frame.render.hud.text            win=  0.225ms avg=  0.225ms p95=  0.266ms max=  0.567ms calls(last=  1,win= 120,total=3813) (win 1.4% | avg 1.4% budget)
  enemy.movement.overlap_check     win=  0.179ms avg=  0.171ms p95=  0.350ms max=  6.342ms calls(last=  2,win= 115,total=8524) (win 1.1% | avg 1.0% budget)
  frame.render.world.enemies.draw  win=  0.177ms avg=  0.177ms p95=  0.200ms max=  0.495ms calls(last=  1,win= 120,total=3813) (win 1.1% | avg 1.1% budget)
  enemy.movement.overlap.is_blocked win=  0.174ms avg=  0.167ms p95=  0.344ms max=  6.240ms calls(last=  2,win= 115,total=8476) (win 1.0% | avg 1.0% budget)
  system.spawner_update            win=  0.079ms avg=  0.094ms p95=  0.157ms max=  0.708ms calls(last=  2,win= 142,total=4306) (win 0.5% | avg 0.6% budget)
  enemy.movement.separation_probe  win=  0.064ms avg=  0.062ms p95=  0.124ms max=  2.265ms calls(last=  2,win= 115,total=8524) (win 0.4% | avg 0.4% budget)
  enemy.cheap.segment_build        win=  0.064ms avg=  0.017ms p95=  0.075ms max=  0.245ms calls(last=  0,win=  31,total=807) (win 0.4% | avg 0.1% budget)
  frame.render.hud.compass         win=  0.053ms avg=  0.053ms p95=  0.058ms max=  0.192ms calls(last=  1,win= 120,total=3813) (win 0.3% | avg 0.3% budget)
  frame.render.world.enemies.cull  win=  0.049ms avg=  0.049ms p95=  0.050ms max=  0.174ms calls(last=  1,win= 120,total=3813) (win 0.3% | avg 0.3% budget)
  frame.render.hud.static          win=  0.047ms avg=  0.047ms p95=  0.063ms max=  0.349ms calls(last=  1,win= 120,total=3813) (win 0.3% | avg 0.3% budget)
[ENEMY_STATS] frame=5160 alive=144 visible=1 full=1 cheap=143 fullInBase=0 pairs(frontal=0 checks=0 separation=0 resolved=0)
[ENEMY_WINDOW] steps=142 alive[min=144 max=144] visible[min=0 max=1] full[min=0 max=1] collisionPasses[runs=0 skips=142]
[ENEMY_SEGMENTS] window=2.367s D{b/s=13.52 avgLen=5.20 fail=0} T{b/s=0.00 avgLen=0.00 fail=0} H{b/s=0.00 avgLen=0.00 fail=0} A{b/s=0.00 avgLen=0.00 fail=0}
[ENEMY_GRID] frontal{cand/s=0.0 xcell/s=0.0 ins/s=0.0} separation{cand/s=0.0}
[ENEMY_COLLISION_WINDOW] frontal{pairs/s=0.0 checks/s=0.0 baseSkip=0 kill=0(0.0%)} separation{pairs/s=0.0 resolved/s=0.0(0.0%) baseSkip=0 kill=0 wallBlock=0}
[ENEMY_UNCOUPLE] entries=0 reentryResets=0(0.0%) reason{frontal=0 separation=0 wallContact=0}
[ENEMY_KILL_DEBUG] enemyEnemy{events=0 frontal=0 separation=0 reenterEither=0 reenterBoth=0 wallContact=0 dist[min=0.000 avg=0.000 max=0.000]}
[ENEMY_NAV_CACHE] playerCell{changes=0 flowRebuilds=0} flow{hit=0 miss=0 hit%=0.0} pathFallback{calls=0 ok=0 ok%=0.0}
[ENEMY_ASSASSIN_CHEAP_RECOVERY] failByStage{s0=0 s1=0 s2=0} recoverByStage{s0=0 s1=0 s2=0} emergency{attempt=0 success=0} noFlowSkips=0
[ENEMY_ASSASSIN_WALL_ENTRIES] byPhase{cheap=0 uncouple=0 full=0}
[ENEMY_SAP] updates=0 active=0 pairs=0 repairs{x=0 y=0}
[ENEMY_PAIR_TYPES] frontal DD=0 DT=0 DH=0 DA=0 TT=0 TH=0 TA=0 HH=0 HA=0 AA=0 separation DD=0 DT=0 DH=0 DA=0 TT=0 TH=0 TA=0 HH=0 HA=0 AA=0
[ENEMY_KILL_DEBUG_COLLISION] projectile{kills=0 wallContact=0}

[PROFILE] frame=5280 budget=16.667ms alloc(+28/-28, +219344b/-219344b, live=337896b peak=665600b)
  frame.total                      win= 19.892ms avg= 19.892ms p95= 27.820ms max=288.505ms calls(last=  1,win= 120,total=5280) (win 119.4% | avg 119.4% budget)
  frame.fixed_step                 win=  9.499ms avg= 11.399ms p95= 19.479ms max= 42.142ms calls(last=  1,win= 144,total=5826) (win 57.0% | avg 68.4% budget)
  frame.render                     win=  8.444ms avg=  8.444ms p95=  9.464ms max=288.455ms calls(last=  1,win= 120,total=5280) (win 50.7% | avg 50.7% budget)
  frame.present                    win=  6.827ms avg=  6.827ms p95=  7.746ms max=288.446ms calls(last=  1,win= 120,total=5280) (win 41.0% | avg 41.0% budget)
  game.update                      win=  3.364ms avg=  4.037ms p95=  7.364ms max= 25.513ms calls(last=  1,win= 144,total=4450) (win 20.2% | avg 24.2% budget)
  system.ai_update                 win=  3.104ms avg=  3.725ms p95=  6.858ms max= 24.646ms calls(last=  1,win= 144,total=4450) (win 18.6% | avg 22.4% budget)
  enemy.update                     win=  3.099ms avg=  3.719ms p95=  6.847ms max= 24.630ms calls(last=  1,win= 144,total=4450) (win 18.6% | avg 22.3% budget)
  frame.render.world               win=  2.551ms avg=  2.551ms p95=  2.866ms max= 11.886ms calls(last=  1,win= 120,total=3933) (win 15.3% | avg 15.3% budget)
  frame.render.world.maze          win=  1.018ms avg=  1.018ms p95=  1.147ms max=  3.017ms calls(last=  1,win= 120,total=3933) (win 6.1% | avg 6.1% budget)
  frame.render.hud                 win=  0.833ms avg=  0.833ms p95=  0.883ms max=  1.348ms calls(last=  1,win= 120,total=3933) (win 5.0% | avg 5.0% budget)
  frame.render.world.effects       win=  0.560ms avg=  0.560ms p95=  0.853ms max=  1.205ms calls(last=  1,win= 120,total=3933) (win 3.4% | avg 3.4% budget)
  frame.render.hud.minimap         win=  0.422ms avg=  0.422ms p95=  0.467ms max=  0.764ms calls(last=  1,win= 120,total=3933) (win 2.5% | avg 2.5% budget)
  enemy.ai.movement                win=  0.302ms avg=  0.297ms p95=  0.595ms max= 10.143ms calls(last=  0,win= 118,total=8643) (win 1.8% | avg 1.8% budget)
  frame.render.world.enemies       win=  0.229ms avg=  0.229ms p95=  0.271ms max=  0.556ms calls(last=  1,win= 120,total=3933) (win 1.4% | avg 1.4% budget)
  frame.render.hud.text            win=  0.222ms avg=  0.222ms p95=  0.259ms max=  0.567ms calls(last=  1,win= 120,total=3933) (win 1.3% | avg 1.3% budget)
  enemy.movement.overlap_check     win=  0.175ms avg=  0.172ms p95=  0.347ms max=  6.342ms calls(last=  0,win= 118,total=8642) (win 1.1% | avg 1.0% budget)
  frame.render.world.enemies.draw  win=  0.173ms avg=  0.173ms p95=  0.186ms max=  0.495ms calls(last=  1,win= 120,total=3933) (win 1.0% | avg 1.0% budget)
  enemy.movement.overlap.is_blocked win=  0.172ms avg=  0.169ms p95=  0.340ms max=  6.240ms calls(last=  0,win= 118,total=8594) (win 1.0% | avg 1.0% budget)
  system.spawner_update            win=  0.079ms avg=  0.094ms p95=  0.156ms max=  0.708ms calls(last=  1,win= 144,total=4450) (win 0.5% | avg 0.6% budget)
  system.physics_collision         win=  0.073ms avg=  0.088ms p95=  0.188ms max=  0.380ms calls(last=  1,win= 144,total=4450) (win 0.4% | avg 0.5% budget)
  enemy.cheap.segment_build        win=  0.064ms avg=  0.023ms p95=  0.101ms max=  0.245ms calls(last=  0,win=  42,total=849) (win 0.4% | avg 0.1% budget)
  enemy.movement.separation_probe  win=  0.063ms avg=  0.062ms p95=  0.125ms max=  2.265ms calls(last=  0,win= 118,total=8642) (win 0.4% | avg 0.4% budget)
  frame.render.hud.compass         win=  0.052ms avg=  0.052ms p95=  0.053ms max=  0.192ms calls(last=  1,win= 120,total=3933) (win 0.3% | avg 0.3% budget)
  frame.render.world.enemies.cull  win=  0.049ms avg=  0.049ms p95=  0.053ms max=  0.174ms calls(last=  1,win= 120,total=3933) (win 0.3% | avg 0.3% budget)
[ENEMY_STATS] frame=5280 alive=144 visible=0 full=0 cheap=144 fullInBase=0 pairs(frontal=0 checks=0 separation=0 resolved=0)
[ENEMY_WINDOW] steps=144 alive[min=144 max=144] visible[min=0 max=1] full[min=0 max=1] collisionPasses[runs=0 skips=144]
[ENEMY_SEGMENTS] window=2.400s D{b/s=16.67 avgLen=4.84 fail=0} T{b/s=0.00 avgLen=0.00 fail=0} H{b/s=0.00 avgLen=0.00 fail=0} A{b/s=0.00 avgLen=0.00 fail=0}
[ENEMY_GRID] frontal{cand/s=0.0 xcell/s=0.0 ins/s=0.0} separation{cand/s=0.0}
[ENEMY_COLLISION_WINDOW] frontal{pairs/s=0.0 checks/s=0.0 baseSkip=0 kill=0(0.0%)} separation{pairs/s=0.0 resolved/s=0.0(0.0%) baseSkip=0 kill=0 wallBlock=0}
[ENEMY_UNCOUPLE] entries=0 reentryResets=0(0.0%) reason{frontal=0 separation=0 wallContact=0}
[ENEMY_KILL_DEBUG] enemyEnemy{events=0 frontal=0 separation=0 reenterEither=0 reenterBoth=0 wallContact=0 dist[min=0.000 avg=0.000 max=0.000]}
[ENEMY_NAV_CACHE] playerCell{changes=0 flowRebuilds=0} flow{hit=0 miss=0 hit%=0.0} pathFallback{calls=0 ok=0 ok%=0.0}
[ENEMY_ASSASSIN_CHEAP_RECOVERY] failByStage{s0=0 s1=0 s2=0} recoverByStage{s0=0 s1=0 s2=0} emergency{attempt=0 success=0} noFlowSkips=0
[ENEMY_ASSASSIN_WALL_ENTRIES] byPhase{cheap=0 uncouple=0 full=0}
[ENEMY_SAP] updates=0 active=0 pairs=0 repairs{x=0 y=0}
[ENEMY_PAIR_TYPES] frontal DD=0 DT=0 DH=0 DA=0 TT=0 TH=0 TA=0 HH=0 HA=0 AA=0 separation DD=0 DT=0 DH=0 DA=0 TT=0 TH=0 TA=0 HH=0 HA=0 AA=0
[ENEMY_KILL_DEBUG_COLLISION] projectile{kills=0 wallContact=0}

[PROFILE] frame=5400 budget=16.667ms alloc(+27/-27, +219304b/-219304b, live=337896b peak=665600b)
  frame.total                      win= 18.597ms avg= 18.597ms p95= 26.752ms max=288.505ms calls(last=  1,win= 120,total=5400) (win 111.6% | avg 111.6% budget)
  frame.fixed_step                 win=  9.030ms avg= 10.159ms p95= 18.216ms max= 42.142ms calls(last=  1,win= 135,total=5961) (win 54.2% | avg 61.0% budget)
  frame.render                     win=  8.390ms avg=  8.390ms p95=  9.736ms max=288.455ms calls(last=  1,win= 120,total=5400) (win 50.3% | avg 50.3% budget)
  frame.present                    win=  6.750ms avg=  6.750ms p95=  8.062ms max=288.446ms calls(last=  1,win= 120,total=5400) (win 40.5% | avg 40.5% budget)
  game.update                      win=  2.926ms avg=  3.292ms p95=  6.131ms max= 25.513ms calls(last=  1,win= 135,total=4585) (win 17.6% | avg 19.8% budget)
  system.ai_update                 win=  2.748ms avg=  3.092ms p95=  5.779ms max= 24.646ms calls(last=  1,win= 135,total=4585) (win 16.5% | avg 18.6% budget)
  enemy.update                     win=  2.743ms avg=  3.086ms p95=  5.768ms max= 24.630ms calls(last=  1,win= 135,total=4585) (win 16.5% | avg 18.5% budget)
  frame.render.world               win=  2.302ms avg=  2.302ms p95=  2.682ms max= 11.886ms calls(last=  1,win= 120,total=4053) (win 13.8% | avg 13.8% budget)
  frame.render.world.maze          win=  1.100ms avg=  1.100ms p95=  1.168ms max=  3.017ms calls(last=  1,win= 120,total=4053) (win 6.6% | avg 6.6% budget)
  frame.render.hud                 win=  0.831ms avg=  0.831ms p95=  0.874ms max=  1.348ms calls(last=  1,win= 120,total=4053) (win 5.0% | avg 5.0% budget)
  frame.render.world.effects       win=  0.549ms avg=  0.549ms p95=  0.880ms max=  1.366ms calls(last=  1,win= 120,total=4053) (win 3.3% | avg 3.3% budget)
  frame.render.hud.minimap         win=  0.424ms avg=  0.424ms p95=  0.466ms max=  0.764ms calls(last=  1,win= 120,total=4053) (win 2.5% | avg 2.5% budget)
  frame.render.hud.text            win=  0.217ms avg=  0.217ms p95=  0.253ms max=  0.567ms calls(last=  1,win= 120,total=4053) (win 1.3% | avg 1.3% budget)
  frame.render.world.enemies       win=  0.212ms avg=  0.212ms p95=  0.231ms max=  0.556ms calls(last=  1,win= 120,total=4053) (win 1.3% | avg 1.3% budget)
  frame.render.world.enemies.draw  win=  0.158ms avg=  0.158ms p95=  0.163ms max=  0.495ms calls(last=  1,win= 120,total=4053) (win 0.9% | avg 0.9% budget)
  system.spawner_update            win=  0.081ms avg=  0.091ms p95=  0.155ms max=  0.708ms calls(last=  1,win= 135,total=4585) (win 0.5% | avg 0.5% budget)
  enemy.cheap.segment_build        win=  0.071ms avg=  0.022ms p95=  0.099ms max=  0.376ms calls(last=  1,win=  38,total=887) (win 0.4% | avg 0.1% budget)
  frame.render.hud.compass         win=  0.051ms avg=  0.051ms p95=  0.053ms max=  0.192ms calls(last=  1,win= 120,total=4053) (win 0.3% | avg 0.3% budget)
  frame.render.hud.static          win=  0.050ms avg=  0.050ms p95=  0.058ms max=  0.349ms calls(last=  1,win= 120,total=4053) (win 0.3% | avg 0.3% budget)
  frame.render.world.enemies.cull  win=  0.048ms avg=  0.048ms p95=  0.049ms max=  0.174ms calls(last=  1,win= 120,total=4053) (win 0.3% | avg 0.3% budget)
  frame.render.hud.bars            win=  0.039ms avg=  0.039ms p95=  0.040ms max=  0.180ms calls(last=  1,win= 120,total=4053) (win 0.2% | avg 0.2% budget)
  frame.render.hud.lives           win=  0.031ms avg=  0.031ms p95=  0.032ms max=  0.294ms calls(last=  1,win= 120,total=4053) (win 0.2% | avg 0.2% budget)
  frame.input_poll                 win=  0.029ms avg=  0.029ms p95=  0.029ms max=  0.136ms calls(last=  1,win= 120,total=5400) (win 0.2% | avg 0.2% budget)
  enemy.type.torpedo               win=  0.015ms avg=  1.149ms p95=  2.609ms max=  8.458ms calls(last= 68,win=9180,total=205149) (win 0.1% | avg 6.9% budget)
[ENEMY_STATS] frame=5400 alive=144 visible=0 full=0 cheap=144 fullInBase=0 pairs(frontal=0 checks=0 separation=0 resolved=0)
[ENEMY_WINDOW] steps=135 alive[min=144 max=144] visible[min=0 max=0] full[min=0 max=0] collisionPasses[runs=0 skips=135]
[ENEMY_SEGMENTS] window=2.250s D{b/s=17.33 avgLen=5.58 fail=0} T{b/s=0.00 avgLen=0.00 fail=0} H{b/s=0.00 avgLen=0.00 fail=0} A{b/s=0.00 avgLen=0.00 fail=0}
[ENEMY_GRID] frontal{cand/s=0.0 xcell/s=0.0 ins/s=0.0} separation{cand/s=0.0}
[ENEMY_COLLISION_WINDOW] frontal{pairs/s=0.0 checks/s=0.0 baseSkip=0 kill=0(0.0%)} separation{pairs/s=0.0 resolved/s=0.0(0.0%) baseSkip=0 kill=0 wallBlock=0}
[ENEMY_UNCOUPLE] entries=0 reentryResets=0(0.0%) reason{frontal=0 separation=0 wallContact=0}
[ENEMY_KILL_DEBUG] enemyEnemy{events=0 frontal=0 separation=0 reenterEither=0 reenterBoth=0 wallContact=0 dist[min=0.000 avg=0.000 max=0.000]}
[ENEMY_NAV_CACHE] playerCell{changes=0 flowRebuilds=0} flow{hit=0 miss=0 hit%=0.0} pathFallback{calls=0 ok=0 ok%=0.0}
[ENEMY_ASSASSIN_CHEAP_RECOVERY] failByStage{s0=0 s1=0 s2=0} recoverByStage{s0=0 s1=0 s2=0} emergency{attempt=0 success=0} noFlowSkips=0
[ENEMY_ASSASSIN_WALL_ENTRIES] byPhase{cheap=0 uncouple=0 full=0}
[ENEMY_SAP] updates=0 active=0 pairs=0 repairs{x=0 y=0}
[ENEMY_PAIR_TYPES] frontal DD=0 DT=0 DH=0 DA=0 TT=0 TH=0 TA=0 HH=0 HA=0 AA=0 separation DD=0 DT=0 DH=0 DA=0 TT=0 TH=0 TA=0 HH=0 HA=0 AA=0
[ENEMY_KILL_DEBUG_COLLISION] projectile{kills=0 wallContact=0}

[PROFILE] frame=5520 budget=16.667ms alloc(+27/-27, +219304b/-219304b, live=337896b peak=665600b)
  frame.total                      win= 18.745ms avg= 18.745ms p95= 26.728ms max=288.505ms calls(last=  1,win= 120,total=5520) (win 112.5% | avg 112.5% budget)
  frame.fixed_step                 win=  9.152ms avg= 10.372ms p95= 18.679ms max= 42.142ms calls(last=  1,win= 136,total=6097) (win 54.9% | avg 62.2% budget)
  frame.render                     win=  8.325ms avg=  8.325ms p95=  9.706ms max=288.455ms calls(last=  1,win= 120,total=5520) (win 49.9% | avg 49.9% budget)
  frame.present                    win=  6.677ms avg=  6.677ms p95=  7.958ms max=288.446ms calls(last=  1,win= 120,total=5520) (win 40.1% | avg 40.1% budget)
  game.update                      win=  3.020ms avg=  3.423ms p95=  6.279ms max= 25.513ms calls(last=  1,win= 136,total=4721) (win 18.1% | avg 20.5% budget)
  system.ai_update                 win=  2.823ms avg=  3.200ms p95=  5.916ms max= 24.646ms calls(last=  1,win= 136,total=4721) (win 16.9% | avg 19.2% budget)
  enemy.update                     win=  2.818ms avg=  3.193ms p95=  5.907ms max= 24.630ms calls(last=  1,win= 136,total=4721) (win 16.9% | avg 19.2% budget)
  frame.render.world               win=  2.291ms avg=  2.291ms p95=  2.509ms max= 11.886ms calls(last=  1,win= 120,total=4173) (win 13.7% | avg 13.7% budget)
  frame.render.world.maze          win=  0.923ms avg=  0.923ms p95=  1.122ms max=  3.017ms calls(last=  1,win= 120,total=4173) (win 5.5% | avg 5.5% budget)
  frame.render.hud                 win=  0.835ms avg=  0.835ms p95=  0.918ms max=  1.348ms calls(last=  1,win= 120,total=4173) (win 5.0% | avg 5.0% budget)
  frame.render.world.effects       win=  0.443ms avg=  0.443ms p95=  0.516ms max=  1.366ms calls(last=  1,win= 120,total=4173) (win 2.7% | avg 2.7% budget)
  frame.render.hud.minimap         win=  0.428ms avg=  0.428ms p95=  0.466ms max=  0.764ms calls(last=  1,win= 120,total=4173) (win 2.6% | avg 2.6% budget)
  enemy.ai.decision                win=  0.303ms avg=  0.008ms p95=  0.000ms max=  2.849ms calls(last=  1,win=   3,total=8646) (win 1.8% | avg 0.0% budget)
  enemy.ai.movement                win=  0.300ms avg=  0.008ms p95=  0.000ms max= 10.143ms calls(last=  1,win=   3,total=8646) (win 1.8% | avg 0.0% budget)
  frame.render.hud.text            win=  0.222ms avg=  0.222ms p95=  0.263ms max=  0.567ms calls(last=  1,win= 120,total=4173) (win 1.3% | avg 1.3% budget)
  frame.render.world.enemies       win=  0.214ms avg=  0.214ms p95=  0.253ms max=  0.556ms calls(last=  1,win= 120,total=4173) (win 1.3% | avg 1.3% budget)
  enemy.movement.overlap_check     win=  0.175ms avg=  0.004ms p95=  0.000ms max=  6.342ms calls(last=  1,win=   3,total=8645) (win 1.1% | avg 0.0% budget)
  enemy.movement.overlap.is_blocked win=  0.172ms avg=  0.004ms p95=  0.000ms max=  6.240ms calls(last=  1,win=   3,total=8597) (win 1.0% | avg 0.0% budget)
  frame.render.world.enemies.draw  win=  0.159ms avg=  0.159ms p95=  0.192ms max=  0.495ms calls(last=  1,win= 120,total=4173) (win 1.0% | avg 1.0% budget)
  system.spawner_update            win=  0.077ms avg=  0.087ms p95=  0.153ms max=  0.708ms calls(last=  1,win= 136,total=4721) (win 0.5% | avg 0.5% budget)
  enemy.cheap.segment_build        win=  0.069ms avg=  0.020ms p95=  0.075ms max=  0.376ms calls(last=  0,win=  34,total=921) (win 0.4% | avg 0.1% budget)
  enemy.movement.separation_probe  win=  0.063ms avg=  0.002ms p95=  0.000ms max=  2.265ms calls(last=  1,win=   3,total=8645) (win 0.4% | avg 0.0% budget)
  frame.render.hud.compass         win=  0.053ms avg=  0.053ms p95=  0.054ms max=  0.192ms calls(last=  1,win= 120,total=4173) (win 0.3% | avg 0.3% budget)
  frame.render.hud.static          win=  0.048ms avg=  0.048ms p95=  0.062ms max=  0.349ms calls(last=  1,win= 120,total=4173) (win 0.3% | avg 0.3% budget)
[ENEMY_STATS] frame=5520 alive=144 visible=0 full=1 cheap=143 fullInBase=0 pairs(frontal=0 checks=0 separation=0 resolved=0)
[ENEMY_WINDOW] steps=136 alive[min=144 max=144] visible[min=0 max=0] full[min=0 max=1] collisionPasses[runs=0 skips=136]
[ENEMY_SEGMENTS] window=2.267s D{b/s=14.56 avgLen=4.38 fail=0} T{b/s=0.00 avgLen=0.00 fail=0} H{b/s=0.00 avgLen=0.00 fail=0} A{b/s=0.00 avgLen=0.00 fail=0}
[ENEMY_GRID] frontal{cand/s=0.0 xcell/s=0.0 ins/s=0.0} separation{cand/s=0.0}
[ENEMY_COLLISION_WINDOW] frontal{pairs/s=0.0 checks/s=0.0 baseSkip=0 kill=0(0.0%)} separation{pairs/s=0.0 resolved/s=0.0(0.0%) baseSkip=0 kill=0 wallBlock=0}
[ENEMY_UNCOUPLE] entries=0 reentryResets=0(0.0%) reason{frontal=0 separation=0 wallContact=0}
[ENEMY_KILL_DEBUG] enemyEnemy{events=0 frontal=0 separation=0 reenterEither=0 reenterBoth=0 wallContact=0 dist[min=0.000 avg=0.000 max=0.000]}
[ENEMY_NAV_CACHE] playerCell{changes=0 flowRebuilds=0} flow{hit=0 miss=0 hit%=0.0} pathFallback{calls=0 ok=0 ok%=0.0}
[ENEMY_ASSASSIN_CHEAP_RECOVERY] failByStage{s0=0 s1=0 s2=0} recoverByStage{s0=0 s1=0 s2=0} emergency{attempt=0 success=0} noFlowSkips=0
[ENEMY_ASSASSIN_WALL_ENTRIES] byPhase{cheap=0 uncouple=0 full=0}
[ENEMY_SAP] updates=0 active=0 pairs=0 repairs{x=0 y=0}
[ENEMY_PAIR_TYPES] frontal DD=0 DT=0 DH=0 DA=0 TT=0 TH=0 TA=0 HH=0 HA=0 AA=0 separation DD=0 DT=0 DH=0 DA=0 TT=0 TH=0 TA=0 HH=0 HA=0 AA=0
[ENEMY_KILL_DEBUG_COLLISION] projectile{kills=0 wallContact=0}

[PROFILE] frame=5640 budget=16.667ms alloc(+27/-27, +219304b/-219304b, live=337896b peak=665600b)
  frame.total                      win= 19.590ms avg= 19.590ms p95= 27.660ms max=288.505ms calls(last=  1,win= 120,total=5640) (win 117.5% | avg 117.5% budget)
  frame.fixed_step                 win=  9.481ms avg= 11.219ms p95= 19.236ms max= 42.142ms calls(last=  1,win= 142,total=6239) (win 56.9% | avg 67.3% budget)
  frame.render                     win=  8.324ms avg=  8.324ms p95=  9.369ms max=288.455ms calls(last=  1,win= 120,total=5640) (win 49.9% | avg 49.9% budget)
  frame.present                    win=  6.706ms avg=  6.706ms p95=  7.779ms max=288.446ms calls(last=  1,win= 120,total=5640) (win 40.2% | avg 40.2% budget)
  game.update                      win=  3.372ms avg=  3.990ms p95=  7.210ms max= 25.513ms calls(last=  1,win= 142,total=4863) (win 20.2% | avg 23.9% budget)
  system.ai_update                 win=  3.147ms avg=  3.723ms p95=  6.728ms max= 24.646ms calls(last=  1,win= 142,total=4863) (win 18.9% | avg 22.3% budget)
  enemy.update                     win=  3.141ms avg=  3.717ms p95=  6.717ms max= 24.630ms calls(last=  1,win= 142,total=4863) (win 18.8% | avg 22.3% budget)
  frame.render.world               win=  2.420ms avg=  2.420ms p95=  2.718ms max= 11.886ms calls(last=  1,win= 120,total=4293) (win 14.5% | avg 14.5% budget)
  frame.render.world.maze          win=  0.932ms avg=  0.932ms p95=  1.046ms max=  3.017ms calls(last=  1,win= 120,total=4293) (win 5.6% | avg 5.6% budget)
  frame.render.hud                 win=  0.830ms avg=  0.830ms p95=  0.908ms max=  1.348ms calls(last=  1,win= 120,total=4293) (win 5.0% | avg 5.0% budget)
  frame.render.world.effects       win=  0.450ms avg=  0.450ms p95=  0.531ms max=  1.366ms calls(last=  1,win= 120,total=4293) (win 2.7% | avg 2.7% budget)
  frame.render.hud.minimap         win=  0.432ms avg=  0.432ms p95=  0.518ms max=  0.764ms calls(last=  1,win= 120,total=4293) (win 2.6% | avg 2.6% budget)
  enemy.ai.movement                win=  0.305ms avg=  0.361ms p95=  0.600ms max= 10.143ms calls(last=  1,win= 142,total=8788) (win 1.8% | avg 2.2% budget)
  frame.render.world.enemies       win=  0.224ms avg=  0.224ms p95=  0.243ms max=  0.556ms calls(last=  1,win= 120,total=4293) (win 1.3% | avg 1.3% budget)
  frame.render.hud.text            win=  0.219ms avg=  0.219ms p95=  0.231ms max=  0.567ms calls(last=  1,win= 120,total=4293) (win 1.3% | avg 1.3% budget)
  enemy.movement.overlap_check     win=  0.178ms avg=  0.211ms p95=  0.351ms max=  6.342ms calls(last=  1,win= 142,total=8787) (win 1.1% | avg 1.3% budget)
  enemy.movement.overlap.is_blocked win=  0.174ms avg=  0.206ms p95=  0.344ms max=  6.240ms calls(last=  1,win= 142,total=8739) (win 1.0% | avg 1.2% budget)
  frame.render.world.enemies.draw  win=  0.169ms avg=  0.169ms p95=  0.184ms max=  0.495ms calls(last=  1,win= 120,total=4293) (win 1.0% | avg 1.0% budget)
  system.spawner_update            win=  0.081ms avg=  0.096ms p95=  0.157ms max=  0.708ms calls(last=  1,win= 142,total=4863) (win 0.5% | avg 0.6% budget)
  enemy.movement.separation_probe  win=  0.064ms avg=  0.076ms p95=  0.125ms max=  2.265ms calls(last=  1,win= 142,total=8787) (win 0.4% | avg 0.5% budget)
  enemy.cheap.segment_build        win=  0.059ms avg=  0.018ms p95=  0.072ms max=  0.376ms calls(last=  0,win=  36,total=957) (win 0.4% | avg 0.1% budget)
  frame.render.hud.compass         win=  0.052ms avg=  0.052ms p95=  0.053ms max=  0.192ms calls(last=  1,win= 120,total=4293) (win 0.3% | avg 0.3% budget)
  frame.render.world.enemies.cull  win=  0.048ms avg=  0.048ms p95=  0.049ms max=  0.174ms calls(last=  1,win= 120,total=4293) (win 0.3% | avg 0.3% budget)
  frame.render.hud.static          win=  0.047ms avg=  0.047ms p95=  0.064ms max=  0.349ms calls(last=  1,win= 120,total=4293) (win 0.3% | avg 0.3% budget)
[ENEMY_STATS] frame=5640 alive=144 visible=0 full=1 cheap=143 fullInBase=0 pairs(frontal=0 checks=0 separation=0 resolved=0)
[ENEMY_WINDOW] steps=142 alive[min=144 max=144] visible[min=0 max=1] full[min=1 max=1] collisionPasses[runs=0 skips=142]
[ENEMY_SEGMENTS] window=2.367s D{b/s=15.21 avgLen=4.51 fail=0} T{b/s=0.00 avgLen=0.00 fail=0} H{b/s=0.00 avgLen=0.00 fail=0} A{b/s=0.00 avgLen=0.00 fail=0}
[ENEMY_GRID] frontal{cand/s=0.0 xcell/s=0.0 ins/s=0.0} separation{cand/s=0.0}
[ENEMY_COLLISION_WINDOW] frontal{pairs/s=0.0 checks/s=0.0 baseSkip=0 kill=0(0.0%)} separation{pairs/s=0.0 resolved/s=0.0(0.0%) baseSkip=0 kill=0 wallBlock=0}
[ENEMY_UNCOUPLE] entries=0 reentryResets=0(0.0%) reason{frontal=0 separation=0 wallContact=0}
[ENEMY_KILL_DEBUG] enemyEnemy{events=0 frontal=0 separation=0 reenterEither=0 reenterBoth=0 wallContact=0 dist[min=0.000 avg=0.000 max=0.000]}
[ENEMY_NAV_CACHE] playerCell{changes=0 flowRebuilds=0} flow{hit=0 miss=0 hit%=0.0} pathFallback{calls=0 ok=0 ok%=0.0}
[ENEMY_ASSASSIN_CHEAP_RECOVERY] failByStage{s0=0 s1=0 s2=0} recoverByStage{s0=0 s1=0 s2=0} emergency{attempt=0 success=0} noFlowSkips=0
[ENEMY_ASSASSIN_WALL_ENTRIES] byPhase{cheap=0 uncouple=0 full=0}
[ENEMY_SAP] updates=0 active=0 pairs=0 repairs{x=0 y=0}
[ENEMY_PAIR_TYPES] frontal DD=0 DT=0 DH=0 DA=0 TT=0 TH=0 TA=0 HH=0 HA=0 AA=0 separation DD=0 DT=0 DH=0 DA=0 TT=0 TH=0 TA=0 HH=0 HA=0 AA=0
[ENEMY_KILL_DEBUG_COLLISION] projectile{kills=0 wallContact=0}

[PROFILE] frame=5760 budget=16.667ms alloc(+27/-27, +219304b/-219304b, live=337896b peak=665600b)
  frame.total                      win= 19.166ms avg= 19.166ms p95= 26.762ms max=288.505ms calls(last=  1,win= 120,total=5760) (win 115.0% | avg 115.0% budget)
  frame.fixed_step                 win=  9.204ms avg= 10.662ms p95= 18.407ms max= 42.142ms calls(last=  1,win= 139,total=6378) (win 55.2% | avg 64.0% budget)
  frame.render                     win=  8.457ms avg=  8.457ms p95=  9.460ms max=288.455ms calls(last=  1,win= 120,total=5760) (win 50.7% | avg 50.7% budget)
  frame.present                    win=  6.836ms avg=  6.836ms p95=  7.866ms max=288.446ms calls(last=  1,win= 120,total=5760) (win 41.0% | avg 41.0% budget)
  game.update                      win=  3.086ms avg=  3.575ms p95=  6.340ms max= 25.513ms calls(last=  1,win= 139,total=5002) (win 18.5% | avg 21.4% budget)
  system.ai_update                 win=  2.860ms avg=  3.313ms p95=  5.882ms max= 24.646ms calls(last=  1,win= 139,total=5002) (win 17.2% | avg 19.9% budget)
  enemy.update                     win=  2.854ms avg=  3.306ms p95=  5.873ms max= 24.630ms calls(last=  1,win= 139,total=5002) (win 17.1% | avg 19.8% budget)
  frame.render.world               win=  2.543ms avg=  2.543ms p95=  2.829ms max= 11.886ms calls(last=  1,win= 120,total=4413) (win 15.3% | avg 15.3% budget)
  frame.render.world.maze          win=  1.092ms avg=  1.092ms p95=  1.192ms max=  3.017ms calls(last=  1,win= 120,total=4413) (win 6.6% | avg 6.6% budget)
  frame.render.hud                 win=  0.825ms avg=  0.825ms p95=  0.895ms max=  1.348ms calls(last=  1,win= 120,total=4413) (win 5.0% | avg 5.0% budget)
  frame.render.world.effects       win=  0.444ms avg=  0.444ms p95=  0.524ms max=  1.366ms calls(last=  1,win= 120,total=4413) (win 2.7% | avg 2.7% budget)
  frame.render.hud.minimap         win=  0.425ms avg=  0.425ms p95=  0.465ms max=  0.764ms calls(last=  1,win= 120,total=4413) (win 2.6% | avg 2.6% budget)
  enemy.ai.movement                win=  0.309ms avg=  0.057ms p95=  0.312ms max= 10.143ms calls(last=  0,win=  22,total=8810) (win 1.9% | avg 0.3% budget)
  frame.render.hud.text            win=  0.221ms avg=  0.221ms p95=  0.255ms max=  0.567ms calls(last=  1,win= 120,total=4413) (win 1.3% | avg 1.3% budget)
  frame.render.world.enemies       win=  0.215ms avg=  0.215ms p95=  0.250ms max=  0.556ms calls(last=  1,win= 120,total=4413) (win 1.3% | avg 1.3% budget)
  enemy.movement.overlap_check     win=  0.182ms avg=  0.033ms p95=  0.179ms max=  6.342ms calls(last=  0,win=  22,total=8809) (win 1.1% | avg 0.2% budget)
  enemy.movement.overlap.is_blocked win=  0.178ms avg=  0.033ms p95=  0.176ms max=  6.240ms calls(last=  0,win=  22,total=8761) (win 1.1% | avg 0.2% budget)
  frame.render.world.enemies.draw  win=  0.159ms avg=  0.159ms p95=  0.195ms max=  0.495ms calls(last=  1,win= 120,total=4413) (win 1.0% | avg 1.0% budget)
  system.spawner_update            win=  0.078ms avg=  0.090ms p95=  0.150ms max=  0.708ms calls(last=  1,win= 139,total=5002) (win 0.5% | avg 0.5% budget)
  enemy.movement.separation_probe  win=  0.066ms avg=  0.012ms p95=  0.065ms max=  2.265ms calls(last=  0,win=  22,total=8809) (win 0.4% | avg 0.1% budget)
  enemy.cheap.segment_build        win=  0.059ms avg=  0.024ms p95=  0.086ms max=  0.376ms calls(last=  0,win=  48,total=1005) (win 0.4% | avg 0.1% budget)
  frame.render.hud.compass         win=  0.051ms avg=  0.051ms p95=  0.052ms max=  0.192ms calls(last=  1,win= 120,total=4413) (win 0.3% | avg 0.3% budget)
  frame.render.world.enemies.cull  win=  0.048ms avg=  0.048ms p95=  0.049ms max=  0.174ms calls(last=  1,win= 120,total=4413) (win 0.3% | avg 0.3% budget)
  frame.render.hud.static          win=  0.047ms avg=  0.047ms p95=  0.064ms max=  0.349ms calls(last=  1,win= 120,total=4413) (win 0.3% | avg 0.3% budget)
[ENEMY_STATS] frame=5760 alive=144 visible=0 full=0 cheap=144 fullInBase=0 pairs(frontal=0 checks=0 separation=0 resolved=0)
[ENEMY_WINDOW] steps=139 alive[min=144 max=144] visible[min=0 max=0] full[min=0 max=1] collisionPasses[runs=0 skips=139]
[ENEMY_SEGMENTS] window=2.317s D{b/s=21.15 avgLen=4.73 fail=0} T{b/s=0.00 avgLen=0.00 fail=0} H{b/s=0.00 avgLen=0.00 fail=0} A{b/s=0.00 avgLen=0.00 fail=0}
[ENEMY_GRID] frontal{cand/s=0.0 xcell/s=0.0 ins/s=0.0} separation{cand/s=0.0}
[ENEMY_COLLISION_WINDOW] frontal{pairs/s=0.0 checks/s=0.0 baseSkip=0 kill=0(0.0%)} separation{pairs/s=0.0 resolved/s=0.0(0.0%) baseSkip=0 kill=0 wallBlock=0}
[ENEMY_UNCOUPLE] entries=0 reentryResets=0(0.0%) reason{frontal=0 separation=0 wallContact=0}
[ENEMY_KILL_DEBUG] enemyEnemy{events=0 frontal=0 separation=0 reenterEither=0 reenterBoth=0 wallContact=0 dist[min=0.000 avg=0.000 max=0.000]}
[ENEMY_NAV_CACHE] playerCell{changes=0 flowRebuilds=0} flow{hit=0 miss=0 hit%=0.0} pathFallback{calls=0 ok=0 ok%=0.0}
[ENEMY_ASSASSIN_CHEAP_RECOVERY] failByStage{s0=0 s1=0 s2=0} recoverByStage{s0=0 s1=0 s2=0} emergency{attempt=0 success=0} noFlowSkips=0
[ENEMY_ASSASSIN_WALL_ENTRIES] byPhase{cheap=0 uncouple=0 full=0}
[ENEMY_SAP] updates=0 active=0 pairs=0 repairs{x=0 y=0}
[ENEMY_PAIR_TYPES] frontal DD=0 DT=0 DH=0 DA=0 TT=0 TH=0 TA=0 HH=0 HA=0 AA=0 separation DD=0 DT=0 DH=0 DA=0 TT=0 TH=0 TA=0 HH=0 HA=0 AA=0
[ENEMY_KILL_DEBUG_COLLISION] projectile{kills=0 wallContact=0}

[PROFILE] frame=5880 budget=16.667ms alloc(+27/-27, +219304b/-219304b, live=337896b peak=665600b)
  frame.total                      win= 18.871ms avg= 18.871ms p95= 26.824ms max=288.505ms calls(last=  1,win= 120,total=5880) (win 113.2% | avg 113.2% budget)
  frame.fixed_step                 win=  9.097ms avg= 10.385ms p95= 18.591ms max= 42.142ms calls(last=  1,win= 137,total=6515) (win 54.6% | avg 62.3% budget)
  frame.render                     win=  8.439ms avg=  8.439ms p95=  9.956ms max=288.455ms calls(last=  1,win= 120,total=5880) (win 50.6% | avg 50.6% budget)
  frame.present                    win=  6.816ms avg=  6.816ms p95=  8.140ms max=288.446ms calls(last=  1,win= 120,total=5880) (win 40.9% | avg 40.9% budget)
  game.update                      win=  2.993ms avg=  3.417ms p95=  6.495ms max= 25.513ms calls(last=  1,win= 137,total=5139) (win 18.0% | avg 20.5% budget)
  system.ai_update                 win=  2.766ms avg=  3.158ms p95=  6.067ms max= 24.646ms calls(last=  1,win= 137,total=5139) (win 16.6% | avg 18.9% budget)
  enemy.update                     win=  2.761ms avg=  3.152ms p95=  6.057ms max= 24.630ms calls(last=  1,win= 137,total=5139) (win 16.6% | avg 18.9% budget)
  frame.render.world               win=  2.474ms avg=  2.474ms p95=  2.697ms max= 11.886ms calls(last=  1,win= 120,total=4533) (win 14.8% | avg 14.8% budget)
  frame.render.world.maze          win=  1.038ms avg=  1.038ms p95=  1.122ms max=  3.017ms calls(last=  1,win= 120,total=4533) (win 6.2% | avg 6.2% budget)
  frame.render.hud                 win=  0.828ms avg=  0.828ms p95=  0.902ms max=  1.348ms calls(last=  1,win= 120,total=4533) (win 5.0% | avg 5.0% budget)
  frame.render.world.effects       win=  0.448ms avg=  0.448ms p95=  0.548ms max=  1.366ms calls(last=  1,win= 120,total=4533) (win 2.7% | avg 2.7% budget)
  frame.render.hud.minimap         win=  0.428ms avg=  0.428ms p95=  0.477ms max=  0.764ms calls(last=  1,win= 120,total=4533) (win 2.6% | avg 2.6% budget)
  frame.render.hud.text            win=  0.223ms avg=  0.223ms p95=  0.254ms max=  0.567ms calls(last=  1,win= 120,total=4533) (win 1.3% | avg 1.3% budget)
  frame.render.world.enemies       win=  0.214ms avg=  0.214ms p95=  0.253ms max=  0.556ms calls(last=  1,win= 120,total=4533) (win 1.3% | avg 1.3% budget)
  frame.render.world.enemies.draw  win=  0.159ms avg=  0.159ms p95=  0.199ms max=  0.495ms calls(last=  1,win= 120,total=4533) (win 1.0% | avg 1.0% budget)
  system.spawner_update            win=  0.077ms avg=  0.088ms p95=  0.149ms max=  0.708ms calls(last=  1,win= 137,total=5139) (win 0.5% | avg 0.5% budget)
  enemy.cheap.segment_build        win=  0.064ms avg=  0.019ms p95=  0.074ms max=  0.376ms calls(last=  0,win=  35,total=1040) (win 0.4% | avg 0.1% budget)
  frame.render.hud.compass         win=  0.052ms avg=  0.052ms p95=  0.053ms max=  0.192ms calls(last=  1,win= 120,total=4533) (win 0.3% | avg 0.3% budget)
  frame.render.world.enemies.cull  win=  0.047ms avg=  0.047ms p95=  0.050ms max=  0.174ms calls(last=  1,win= 120,total=4533) (win 0.3% | avg 0.3% budget)
  frame.render.hud.static          win=  0.046ms avg=  0.046ms p95=  0.059ms max=  0.349ms calls(last=  1,win= 120,total=4533) (win 0.3% | avg 0.3% budget)
  frame.render.hud.bars            win=  0.040ms avg=  0.040ms p95=  0.040ms max=  0.180ms calls(last=  1,win= 120,total=4533) (win 0.2% | avg 0.2% budget)
  system.physics_collision         win=  0.038ms avg=  0.044ms p95=  0.073ms max=  0.380ms calls(last=  1,win= 137,total=5139) (win 0.2% | avg 0.3% budget)
  system.player_update             win=  0.030ms avg=  0.034ms p95=  0.057ms max=  0.177ms calls(last=  1,win= 137,total=4236) (win 0.2% | avg 0.2% budget)
  frame.input_poll                 win=  0.028ms avg=  0.028ms p95=  0.029ms max=  0.136ms calls(last=  1,win= 120,total=5880) (win 0.2% | avg 0.2% budget)
[ENEMY_STATS] frame=5880 alive=144 visible=0 full=0 cheap=144 fullInBase=0 pairs(frontal=0 checks=0 separation=0 resolved=0)
[ENEMY_WINDOW] steps=137 alive[min=144 max=144] visible[min=0 max=0] full[min=0 max=0] collisionPasses[runs=0 skips=137]
[ENEMY_SEGMENTS] window=2.283s D{b/s=14.89 avgLen=5.24 fail=0} T{b/s=0.00 avgLen=0.00 fail=0} H{b/s=0.00 avgLen=0.00 fail=0} A{b/s=0.00 avgLen=0.00 fail=0}
[ENEMY_GRID] frontal{cand/s=0.0 xcell/s=0.0 ins/s=0.0} separation{cand/s=0.0}
[ENEMY_COLLISION_WINDOW] frontal{pairs/s=0.0 checks/s=0.0 baseSkip=0 kill=0(0.0%)} separation{pairs/s=0.0 resolved/s=0.0(0.0%) baseSkip=0 kill=0 wallBlock=0}
[ENEMY_UNCOUPLE] entries=0 reentryResets=0(0.0%) reason{frontal=0 separation=0 wallContact=0}
[ENEMY_KILL_DEBUG] enemyEnemy{events=0 frontal=0 separation=0 reenterEither=0 reenterBoth=0 wallContact=0 dist[min=0.000 avg=0.000 max=0.000]}
[ENEMY_NAV_CACHE] playerCell{changes=0 flowRebuilds=0} flow{hit=0 miss=0 hit%=0.0} pathFallback{calls=0 ok=0 ok%=0.0}
[ENEMY_ASSASSIN_CHEAP_RECOVERY] failByStage{s0=0 s1=0 s2=0} recoverByStage{s0=0 s1=0 s2=0} emergency{attempt=0 success=0} noFlowSkips=0
[ENEMY_ASSASSIN_WALL_ENTRIES] byPhase{cheap=0 uncouple=0 full=0}
[ENEMY_SAP] updates=0 active=0 pairs=0 repairs{x=0 y=0}
[ENEMY_PAIR_TYPES] frontal DD=0 DT=0 DH=0 DA=0 TT=0 TH=0 TA=0 HH=0 HA=0 AA=0 separation DD=0 DT=0 DH=0 DA=0 TT=0 TH=0 TA=0 HH=0 HA=0 AA=0
[ENEMY_KILL_DEBUG_COLLISION] projectile{kills=0 wallContact=0}

[PROFILE] frame=6000 budget=16.667ms alloc(+54/-54, +438608b/-438608b, live=337896b peak=665600b)
  frame.total                      win= 19.018ms avg= 19.018ms p95= 26.912ms max=288.505ms calls(last=  1,win= 120,total=6000) (win 114.1% | avg 114.1% budget)
  frame.fixed_step                 win=  9.133ms avg= 10.502ms p95= 18.146ms max= 42.142ms calls(last=  2,win= 138,total=6653) (win 54.8% | avg 63.0% budget)
  frame.render                     win=  8.470ms avg=  8.470ms p95=  9.875ms max=288.455ms calls(last=  1,win= 120,total=6000) (win 50.8% | avg 50.8% budget)
  frame.present                    win=  6.844ms avg=  6.844ms p95=  8.275ms max=288.446ms calls(last=  1,win= 120,total=6000) (win 41.1% | avg 41.1% budget)
  game.update                      win=  2.992ms avg=  3.441ms p95=  6.032ms max= 25.513ms calls(last=  2,win= 138,total=5277) (win 18.0% | avg 20.6% budget)
  system.ai_update                 win=  2.764ms avg=  3.179ms p95=  5.608ms max= 24.646ms calls(last=  2,win= 138,total=5277) (win 16.6% | avg 19.1% budget)
  enemy.update                     win=  2.758ms avg=  3.172ms p95=  5.596ms max= 24.630ms calls(last=  2,win= 138,total=5277) (win 16.6% | avg 19.0% budget)
  frame.render.world               win=  2.508ms avg=  2.508ms p95=  2.707ms max= 11.886ms calls(last=  1,win= 120,total=4653) (win 15.0% | avg 15.0% budget)
  frame.render.world.maze          win=  1.062ms avg=  1.062ms p95=  1.177ms max=  3.017ms calls(last=  1,win= 120,total=4653) (win 6.4% | avg 6.4% budget)
  frame.render.hud                 win=  0.829ms avg=  0.829ms p95=  0.896ms max=  1.348ms calls(last=  1,win= 120,total=4653) (win 5.0% | avg 5.0% budget)
  frame.render.world.effects       win=  0.448ms avg=  0.448ms p95=  0.525ms max=  1.366ms calls(last=  1,win= 120,total=4653) (win 2.7% | avg 2.7% budget)
  frame.render.hud.minimap         win=  0.425ms avg=  0.425ms p95=  0.484ms max=  0.764ms calls(last=  1,win= 120,total=4653) (win 2.6% | avg 2.6% budget)
  enemy.ai.movement                win=  0.299ms avg=  0.015ms p95=  0.000ms max= 10.143ms calls(last=  2,win=   6,total=8816) (win 1.8% | avg 0.1% budget)
  frame.render.hud.text            win=  0.223ms avg=  0.223ms p95=  0.240ms max=  0.567ms calls(last=  1,win= 120,total=4653) (win 1.3% | avg 1.3% budget)
  frame.render.world.enemies       win=  0.213ms avg=  0.213ms p95=  0.252ms max=  0.556ms calls(last=  1,win= 120,total=4653) (win 1.3% | avg 1.3% budget)
  enemy.movement.overlap_check     win=  0.173ms avg=  0.009ms p95=  0.000ms max=  6.342ms calls(last=  2,win=   6,total=8815) (win 1.0% | avg 0.1% budget)
  enemy.movement.overlap.is_blocked win=  0.170ms avg=  0.008ms p95=  0.000ms max=  6.240ms calls(last=  2,win=   6,total=8767) (win 1.0% | avg 0.1% budget)
  enemy.ai.decision                win=  0.159ms avg=  0.008ms p95=  0.000ms max=  2.849ms calls(last=  2,win=   6,total=8816) (win 1.0% | avg 0.0% budget)
  frame.render.world.enemies.draw  win=  0.158ms avg=  0.158ms p95=  0.167ms max=  0.495ms calls(last=  1,win= 120,total=4653) (win 0.9% | avg 0.9% budget)
  system.spawner_update            win=  0.078ms avg=  0.090ms p95=  0.153ms max=  0.708ms calls(last=  2,win= 138,total=5277) (win 0.5% | avg 0.5% budget)
  enemy.cheap.segment_build        win=  0.070ms avg=  0.017ms p95=  0.076ms max=  0.376ms calls(last=  0,win=  30,total=1070) (win 0.4% | avg 0.1% budget)
  enemy.movement.separation_probe  win=  0.065ms avg=  0.003ms p95=  0.000ms max=  2.265ms calls(last=  2,win=   6,total=8815) (win 0.4% | avg 0.0% budget)
  frame.render.hud.compass         win=  0.052ms avg=  0.052ms p95=  0.054ms max=  0.192ms calls(last=  1,win= 120,total=4653) (win 0.3% | avg 0.3% budget)
  frame.render.world.enemies.cull  win=  0.048ms avg=  0.048ms p95=  0.049ms max=  0.174ms calls(last=  1,win= 120,total=4653) (win 0.3% | avg 0.3% budget)
[ENEMY_STATS] frame=6000 alive=144 visible=0 full=1 cheap=143 fullInBase=0 pairs(frontal=0 checks=0 separation=0 resolved=0)
[ENEMY_WINDOW] steps=138 alive[min=144 max=144] visible[min=0 max=0] full[min=0 max=1] collisionPasses[runs=0 skips=138]
[ENEMY_SEGMENTS] window=2.300s D{b/s=13.48 avgLen=5.43 fail=0} T{b/s=0.00 avgLen=0.00 fail=0} H{b/s=0.00 avgLen=0.00 fail=0} A{b/s=0.00 avgLen=0.00 fail=0}
[ENEMY_GRID] frontal{cand/s=0.0 xcell/s=0.0 ins/s=0.0} separation{cand/s=0.0}
[ENEMY_COLLISION_WINDOW] frontal{pairs/s=0.0 checks/s=0.0 baseSkip=0 kill=0(0.0%)} separation{pairs/s=0.0 resolved/s=0.0(0.0%) baseSkip=0 kill=0 wallBlock=0}
[ENEMY_UNCOUPLE] entries=0 reentryResets=0(0.0%) reason{frontal=0 separation=0 wallContact=0}
[ENEMY_KILL_DEBUG] enemyEnemy{events=0 frontal=0 separation=0 reenterEither=0 reenterBoth=0 wallContact=0 dist[min=0.000 avg=0.000 max=0.000]}
[ENEMY_NAV_CACHE] playerCell{changes=0 flowRebuilds=0} flow{hit=0 miss=0 hit%=0.0} pathFallback{calls=0 ok=0 ok%=0.0}
[ENEMY_ASSASSIN_CHEAP_RECOVERY] failByStage{s0=0 s1=0 s2=0} recoverByStage{s0=0 s1=0 s2=0} emergency{attempt=0 success=0} noFlowSkips=0
[ENEMY_ASSASSIN_WALL_ENTRIES] byPhase{cheap=0 uncouple=0 full=0}
[ENEMY_SAP] updates=0 active=0 pairs=0 repairs{x=0 y=0}
[ENEMY_PAIR_TYPES] frontal DD=0 DT=0 DH=0 DA=0 TT=0 TH=0 TA=0 HH=0 HA=0 AA=0 separation DD=0 DT=0 DH=0 DA=0 TT=0 TH=0 TA=0 HH=0 HA=0 AA=0
[ENEMY_KILL_DEBUG_COLLISION] projectile{kills=0 wallContact=0}

[PROFILE] frame=6120 budget=16.667ms alloc(+58/-58, +443920b/-443920b, live=337896b peak=665600b)
  frame.total                      win= 22.526ms avg= 22.526ms p95= 31.284ms max=288.505ms calls(last=  1,win= 120,total=6120) (win 135.2% | avg 135.2% budget)
  frame.fixed_step                 win= 10.353ms avg= 14.063ms p95= 22.681ms max= 42.142ms calls(last=  2,win= 163,total=6816) (win 62.1% | avg 84.4% budget)
  frame.render                     win=  8.413ms avg=  8.413ms p95=  8.951ms max=288.455ms calls(last=  1,win= 120,total=6120) (win 50.5% | avg 50.5% budget)
  frame.present                    win=  6.783ms avg=  6.783ms p95=  7.544ms max=288.446ms calls(last=  1,win= 120,total=6120) (win 40.7% | avg 40.7% budget)
  game.update                      win=  4.245ms avg=  5.766ms p95= 10.505ms max= 25.513ms calls(last=  2,win= 163,total=5440) (win 25.5% | avg 34.6% budget)
  system.ai_update                 win=  4.017ms avg=  5.457ms p95= 10.017ms max= 24.646ms calls(last=  2,win= 163,total=5440) (win 24.1% | avg 32.7% budget)
  enemy.update                     win=  4.012ms avg=  5.450ms p95= 10.007ms max= 24.630ms calls(last=  2,win= 163,total=5440) (win 24.1% | avg 32.7% budget)
  frame.render.world               win=  2.571ms avg=  2.571ms p95=  2.866ms max= 11.886ms calls(last=  1,win= 120,total=4773) (win 15.4% | avg 15.4% budget)
  frame.render.world.maze          win=  1.120ms avg=  1.120ms p95=  1.195ms max=  3.017ms calls(last=  1,win= 120,total=4773) (win 6.7% | avg 6.7% budget)
  frame.render.hud                 win=  0.829ms avg=  0.829ms p95=  0.907ms max=  1.348ms calls(last=  1,win= 120,total=4773) (win 5.0% | avg 5.0% budget)
  enemy.physics.frontal_collisions win=  0.469ms avg=  0.402ms p95=  0.962ms max=  2.335ms calls(last=  2,win= 103,total=1226) (win 2.8% | avg 2.4% budget)
  frame.render.world.effects       win=  0.448ms avg=  0.448ms p95=  0.560ms max=  1.366ms calls(last=  1,win= 120,total=4773) (win 2.7% | avg 2.7% budget)
  frame.render.hud.minimap         win=  0.423ms avg=  0.423ms p95=  0.465ms max=  0.764ms calls(last=  1,win= 120,total=4773) (win 2.5% | avg 2.5% budget)
  enemy.physics.frontal_grid_build win=  0.352ms avg=  0.302ms p95=  0.712ms max=  1.889ms calls(last=  2,win= 103,total=1226) (win 2.1% | avg 1.8% budget)
  enemy.ai.movement                win=  0.285ms avg=  0.989ms p95=  2.287ms max= 10.143ms calls(last=  8,win= 416,total=9232) (win 1.7% | avg 5.9% budget)
  frame.render.world.enemies       win=  0.238ms avg=  0.238ms p95=  0.337ms max=  0.556ms calls(last=  1,win= 120,total=4773) (win 1.4% | avg 1.4% budget)
  frame.render.hud.text            win=  0.227ms avg=  0.227ms p95=  0.282ms max=  0.567ms calls(last=  1,win= 120,total=4773) (win 1.4% | avg 1.4% budget)
  frame.render.world.enemies.draw  win=  0.181ms avg=  0.181ms p95=  0.269ms max=  0.495ms calls(last=  1,win= 120,total=4773) (win 1.1% | avg 1.1% budget)
  enemy.movement.overlap_check     win=  0.177ms avg=  0.612ms p95=  1.448ms max=  6.342ms calls(last=  8,win= 416,total=9231) (win 1.1% | avg 3.7% budget)
  enemy.movement.overlap.is_blocked win=  0.174ms avg=  0.602ms p95=  1.420ms max=  6.240ms calls(last=  8,win= 416,total=9183) (win 1.0% | avg 3.6% budget)
  enemy.physics.frontal_pair_traverse win=  0.085ms avg=  0.073ms p95=  0.171ms max=  0.438ms calls(last=  2,win= 103,total=1226) (win 0.5% | avg 0.4% budget)
  system.spawner_update            win=  0.080ms avg=  0.109ms p95=  0.163ms max=  0.708ms calls(last=  2,win= 163,total=5440) (win 0.5% | avg 0.7% budget)
  enemy.movement.separation_probe  win=  0.063ms avg=  0.217ms p95=  0.493ms max=  2.265ms calls(last=  8,win= 416,total=9231) (win 0.4% | avg 1.3% budget)
  enemy.cheap.segment_build        win=  0.054ms avg=  0.020ms p95=  0.073ms max=  0.376ms calls(last=  1,win=  44,total=1114) (win 0.3% | avg 0.1% budget)
[ENEMY_STATS] frame=6120 alive=144 visible=4 full=4 cheap=140 fullInBase=0 pairs(frontal=0 checks=0 separation=0 resolved=0)
[ENEMY_WINDOW] steps=163 alive[min=144 max=144] visible[min=0 max=4] full[min=1 max=4] collisionPasses[runs=104 skips=59]
[ENEMY_SEGMENTS] window=2.717s D{b/s=15.83 avgLen=4.67 fail=0} T{b/s=0.00 avgLen=0.00 fail=0} H{b/s=0.00 avgLen=0.00 fail=0} A{b/s=0.00 avgLen=0.00 fail=0}
[ENEMY_GRID] frontal{cand/s=132.5 xcell/s=1.1 ins/s=133.6} separation{cand/s=132.5}
[ENEMY_COLLISION_WINDOW] frontal{pairs/s=0.0 checks/s=0.0 baseSkip=0 kill=0(0.0%)} separation{pairs/s=0.0 resolved/s=0.0(0.0%) baseSkip=0 kill=0 wallBlock=0}
[ENEMY_UNCOUPLE] entries=0 reentryResets=0(0.0%) reason{frontal=0 separation=0 wallContact=0}
[ENEMY_KILL_DEBUG] enemyEnemy{events=0 frontal=0 separation=0 reenterEither=0 reenterBoth=0 wallContact=0 dist[min=0.000 avg=0.000 max=0.000]}
[ENEMY_NAV_CACHE] playerCell{changes=0 flowRebuilds=0} flow{hit=0 miss=0 hit%=0.0} pathFallback{calls=0 ok=0 ok%=0.0}
[ENEMY_ASSASSIN_CHEAP_RECOVERY] failByStage{s0=0 s1=0 s2=0} recoverByStage{s0=0 s1=0 s2=0} emergency{attempt=0 success=0} noFlowSkips=0
[ENEMY_ASSASSIN_WALL_ENTRIES] byPhase{cheap=0 uncouple=0 full=0}
[ENEMY_SAP] updates=14976 active=360 pairs=0 repairs{x=306 y=303}
[ENEMY_PAIR_TYPES] frontal DD=0 DT=0 DH=0 DA=0 TT=0 TH=0 TA=0 HH=0 HA=0 AA=0 separation DD=0 DT=0 DH=0 DA=0 TT=0 TH=0 TA=0 HH=0 HA=0 AA=0
[ENEMY_KILL_DEBUG_COLLISION] projectile{kills=0 wallContact=0}

[PROFILE] frame=6240 budget=16.667ms alloc(+58/-58, +443920b/-443920b, live=337896b peak=665600b)
  frame.total                      win= 25.148ms avg= 25.148ms p95= 32.829ms max=288.505ms calls(last=  1,win= 120,total=6240) (win 150.9% | avg 150.9% budget)
  frame.fixed_step                 win= 10.957ms avg= 16.618ms p95= 23.964ms max= 42.142ms calls(last=  2,win= 182,total=6998) (win 65.7% | avg 99.7% budget)
  frame.render                     win=  8.479ms avg=  8.479ms p95=  8.900ms max=288.455ms calls(last=  1,win= 120,total=6240) (win 50.9% | avg 50.9% budget)
  frame.present                    win=  6.892ms avg=  6.892ms p95=  7.270ms max=288.446ms calls(last=  1,win= 120,total=6240) (win 41.4% | avg 41.4% budget)
  game.update                      win=  4.900ms avg=  7.432ms p95= 11.633ms max= 25.513ms calls(last=  2,win= 182,total=5622) (win 29.4% | avg 44.6% budget)
  system.ai_update                 win=  4.674ms avg=  7.089ms p95= 11.193ms max= 24.646ms calls(last=  2,win= 182,total=5622) (win 28.0% | avg 42.5% budget)
  enemy.update                     win=  4.669ms avg=  7.081ms p95= 11.184ms max= 24.630ms calls(last=  2,win= 182,total=5622) (win 28.0% | avg 42.5% budget)
  frame.render.world               win=  2.740ms avg=  2.740ms p95=  2.910ms max= 11.886ms calls(last=  1,win= 120,total=4893) (win 16.4% | avg 16.4% budget)
  frame.render.world.maze          win=  1.144ms avg=  1.144ms p95=  1.229ms max=  3.017ms calls(last=  1,win= 120,total=4893) (win 6.9% | avg 6.9% budget)
  frame.render.hud                 win=  0.829ms avg=  0.829ms p95=  0.889ms max=  1.348ms calls(last=  1,win= 120,total=4893) (win 5.0% | avg 5.0% budget)
  frame.render.world.effects       win=  0.477ms avg=  0.477ms p95=  0.544ms max=  1.465ms calls(last=  1,win= 120,total=4893) (win 2.9% | avg 2.9% budget)
  enemy.physics.frontal_collisions win=  0.476ms avg=  0.722ms p95=  0.989ms max=  2.335ms calls(last=  2,win= 182,total=1408) (win 2.9% | avg 4.3% budget)
  frame.render.hud.minimap         win=  0.426ms avg=  0.426ms p95=  0.466ms max=  0.764ms calls(last=  1,win= 120,total=4893) (win 2.6% | avg 2.6% budget)
  enemy.physics.frontal_grid_build win=  0.347ms avg=  0.526ms p95=  0.718ms max=  1.889ms calls(last=  2,win= 182,total=1408) (win 2.1% | avg 3.2% budget)
  frame.render.world.enemies       win=  0.313ms avg=  0.313ms p95=  0.352ms max=  0.556ms calls(last=  1,win= 120,total=4893) (win 1.9% | avg 1.9% budget)
  enemy.ai.movement                win=  0.252ms avg=  1.820ms p95=  2.743ms max= 10.143ms calls(last= 10,win= 866,total=10098) (win 1.5% | avg 10.9% budget)
  frame.render.world.enemies.draw  win=  0.252ms avg=  0.252ms p95=  0.289ms max=  0.495ms calls(last=  1,win= 120,total=4893) (win 1.5% | avg 1.5% budget)
  frame.render.hud.text            win=  0.226ms avg=  0.226ms p95=  0.267ms max=  0.567ms calls(last=  1,win= 120,total=4893) (win 1.4% | avg 1.4% budget)
  enemy.movement.overlap.is_blocked win=  0.174ms avg=  1.096ms p95=  1.699ms max=  6.240ms calls(last=  8,win= 757,total=9940) (win 1.0% | avg 6.6% budget)
  enemy.movement.overlap_check     win=  0.155ms avg=  1.116ms p95=  1.727ms max=  6.342ms calls(last= 10,win= 866,total=10097) (win 0.9% | avg 6.7% budget)
  enemy.physics.frontal_pair_traverse win=  0.095ms avg=  0.143ms p95=  0.206ms max=  0.438ms calls(last=  2,win= 182,total=1408) (win 0.6% | avg 0.9% budget)
  system.spawner_update            win=  0.080ms avg=  0.122ms p95=  0.167ms max=  0.708ms calls(last=  2,win= 182,total=5622) (win 0.5% | avg 0.7% budget)
  enemy.movement.separation_probe  win=  0.061ms avg=  0.438ms p95=  0.635ms max=  2.265ms calls(last= 10,win= 866,total=10097) (win 0.4% | avg 2.6% budget)
  frame.render.hud.compass         win=  0.052ms avg=  0.052ms p95=  0.053ms max=  0.192ms calls(last=  1,win= 120,total=4893) (win 0.3% | avg 0.3% budget)
[ENEMY_STATS] frame=6240 alive=144 visible=3 full=5 cheap=139 fullInBase=0 pairs(frontal=0 checks=0 separation=0 resolved=0)
[ENEMY_WINDOW] steps=182 alive[min=144 max=144] visible[min=3 max=4] full[min=4 max=5] collisionPasses[runs=182 skips=0]
[ENEMY_SEGMENTS] window=3.033s D{b/s=15.82 avgLen=4.65 fail=0} T{b/s=0.00 avgLen=0.00 fail=0} H{b/s=0.00 avgLen=0.00 fail=0} A{b/s=0.00 avgLen=0.00 fail=0}
[ENEMY_GRID] frontal{cand/s=285.8 xcell/s=1.3 ins/s=287.1} separation{cand/s=285.8}
[ENEMY_COLLISION_WINDOW] frontal{pairs/s=0.0 checks/s=0.0 baseSkip=0 kill=0(0.0%)} separation{pairs/s=0.0 resolved/s=0.0(0.0%) baseSkip=0 kill=0 wallBlock=0}
[ENEMY_UNCOUPLE] entries=0 reentryResets=0(0.0%) reason{frontal=0 separation=0 wallContact=0}
[ENEMY_KILL_DEBUG] enemyEnemy{events=0 frontal=0 separation=0 reenterEither=0 reenterBoth=0 wallContact=0 dist[min=0.000 avg=0.000 max=0.000]}
[ENEMY_NAV_CACHE] playerCell{changes=0 flowRebuilds=0} flow{hit=0 miss=0 hit%=0.0} pathFallback{calls=0 ok=0 ok%=0.0}
[ENEMY_ASSASSIN_CHEAP_RECOVERY] failByStage{s0=0 s1=0 s2=0} recoverByStage{s0=0 s1=0 s2=0} emergency{attempt=0 success=0} noFlowSkips=0
[ENEMY_ASSASSIN_WALL_ENTRIES] byPhase{cheap=0 uncouple=0 full=0}
[ENEMY_SAP] updates=26208 active=867 pairs=0 repairs{x=38 y=37}
[ENEMY_PAIR_TYPES] frontal DD=0 DT=0 DH=0 DA=0 TT=0 TH=0 TA=0 HH=0 HA=0 AA=0 separation DD=0 DT=0 DH=0 DA=0 TT=0 TH=0 TA=0 HH=0 HA=0 AA=0
[ENEMY_KILL_DEBUG_COLLISION] projectile{kills=0 wallContact=0}

[PROFILE] frame=6360 budget=16.667ms alloc(+58/-58, +443920b/-443920b, live=337896b peak=665600b)
  frame.total                      win= 24.308ms avg= 24.308ms p95= 31.352ms max=288.505ms calls(last=  1,win= 120,total=6360) (win 145.8% | avg 145.8% budget)
  frame.fixed_step                 win= 10.758ms avg= 15.778ms p95= 22.829ms max= 42.142ms calls(last=  2,win= 176,total=7174) (win 64.5% | avg 94.7% budget)
  frame.render                     win=  8.481ms avg=  8.481ms p95=  8.755ms max=288.455ms calls(last=  1,win= 120,total=6360) (win 50.9% | avg 50.9% budget)
  frame.present                    win=  6.847ms avg=  6.847ms p95=  7.027ms max=288.446ms calls(last=  1,win= 120,total=6360) (win 41.1% | avg 41.1% budget)
  game.update                      win=  4.672ms avg=  6.852ms p95= 10.646ms max= 25.513ms calls(last=  2,win= 176,total=5798) (win 28.0% | avg 41.1% budget)
  system.ai_update                 win=  4.444ms avg=  6.518ms p95= 10.220ms max= 24.646ms calls(last=  2,win= 176,total=5798) (win 26.7% | avg 39.1% budget)
  enemy.update                     win=  4.440ms avg=  6.511ms p95= 10.209ms max= 24.630ms calls(last=  2,win= 176,total=5798) (win 26.6% | avg 39.1% budget)
  frame.render.world               win=  2.683ms avg=  2.683ms p95=  2.876ms max= 11.886ms calls(last=  1,win= 120,total=5013) (win 16.1% | avg 16.1% budget)
  frame.render.world.maze          win=  1.135ms avg=  1.135ms p95=  1.225ms max=  3.017ms calls(last=  1,win= 120,total=5013) (win 6.8% | avg 6.8% budget)
  frame.render.hud                 win=  0.827ms avg=  0.827ms p95=  0.896ms max=  1.348ms calls(last=  1,win= 120,total=5013) (win 5.0% | avg 5.0% budget)
  enemy.physics.frontal_collisions win=  0.471ms avg=  0.690ms p95=  0.979ms max=  2.335ms calls(last=  2,win= 176,total=1584) (win 2.8% | avg 4.1% budget)
  frame.render.world.effects       win=  0.465ms avg=  0.465ms p95=  0.550ms max=  1.465ms calls(last=  1,win= 120,total=5013) (win 2.8% | avg 2.8% budget)
  frame.render.hud.minimap         win=  0.424ms avg=  0.424ms p95=  0.466ms max=  0.764ms calls(last=  1,win= 120,total=5013) (win 2.5% | avg 2.5% budget)
  enemy.physics.frontal_grid_build win=  0.351ms avg=  0.514ms p95=  0.731ms max=  1.889ms calls(last=  2,win= 176,total=1584) (win 2.1% | avg 3.1% budget)
  frame.render.world.enemies       win=  0.301ms avg=  0.301ms p95=  0.354ms max=  0.556ms calls(last=  1,win= 120,total=5013) (win 1.8% | avg 1.8% budget)
  frame.render.world.enemies.draw  win=  0.238ms avg=  0.238ms p95=  0.274ms max=  0.495ms calls(last=  1,win= 120,total=5013) (win 1.4% | avg 1.4% budget)
  frame.render.hud.text            win=  0.223ms avg=  0.223ms p95=  0.261ms max=  0.567ms calls(last=  1,win= 120,total=5013) (win 1.3% | avg 1.3% budget)
  enemy.ai.movement                win=  0.183ms avg=  1.388ms p95=  2.371ms max= 10.143ms calls(last= 10,win= 912,total=11010) (win 1.1% | avg 8.3% budget)
  enemy.movement.overlap.is_blocked win=  0.175ms avg=  0.712ms p95=  1.400ms max=  6.240ms calls(last=  4,win= 488,total=10428) (win 1.1% | avg 4.3% budget)
  enemy.movement.overlap_check     win=  0.096ms avg=  0.727ms p95=  1.425ms max=  6.342ms calls(last= 10,win= 912,total=11009) (win 0.6% | avg 4.4% budget)
  enemy.physics.frontal_pair_traverse win=  0.086ms avg=  0.126ms p95=  0.185ms max=  0.438ms calls(last=  2,win= 176,total=1584) (win 0.5% | avg 0.8% budget)
  system.spawner_update            win=  0.080ms avg=  0.118ms p95=  0.168ms max=  0.708ms calls(last=  2,win= 176,total=5798) (win 0.5% | avg 0.7% budget)
  enemy.movement.separation_probe  win=  0.061ms avg=  0.462ms p95=  0.712ms max=  2.265ms calls(last= 10,win= 912,total=11009) (win 0.4% | avg 2.8% budget)
  frame.render.world.enemies.cull  win=  0.052ms avg=  0.052ms p95=  0.053ms max=  0.174ms calls(last=  1,win= 120,total=5013) (win 0.3% | avg 0.3% budget)
[ENEMY_STATS] frame=6360 alive=144 visible=4 full=5 cheap=139 fullInBase=0 pairs(frontal=1 checks=1 separation=1 resolved=0)
[ENEMY_WINDOW] steps=176 alive[min=144 max=144] visible[min=3 max=4] full[min=5 max=6] collisionPasses[runs=176 skips=0]
[ENEMY_SEGMENTS] window=2.933s D{b/s=16.02 avgLen=4.62 fail=1} T{b/s=0.00 avgLen=0.00 fail=0} H{b/s=0.00 avgLen=0.00 fail=0} A{b/s=0.00 avgLen=0.00 fail=0}
[ENEMY_GRID] frontal{cand/s=310.9 xcell/s=1.0 ins/s=311.9} separation{cand/s=310.9}
[ENEMY_COLLISION_WINDOW] frontal{pairs/s=4.1 checks/s=4.1 baseSkip=0 kill=0(0.0%)} separation{pairs/s=4.1 resolved/s=0.0(0.0%) baseSkip=0 kill=0 wallBlock=0}
[ENEMY_UNCOUPLE] entries=0 reentryResets=0(0.0%) reason{frontal=0 separation=0 wallContact=0}
[ENEMY_KILL_DEBUG] enemyEnemy{events=0 frontal=0 separation=0 reenterEither=0 reenterBoth=0 wallContact=0 dist[min=0.000 avg=0.000 max=0.000]}
[ENEMY_NAV_CACHE] playerCell{changes=0 flowRebuilds=0} flow{hit=0 miss=0 hit%=0.0} pathFallback{calls=0 ok=0 ok%=0.0}
[ENEMY_ASSASSIN_CHEAP_RECOVERY] failByStage{s0=0 s1=0 s2=0} recoverByStage{s0=0 s1=0 s2=0} emergency{attempt=0 success=0} noFlowSkips=0
[ENEMY_ASSASSIN_WALL_ENTRIES] byPhase{cheap=0 uncouple=0 full=0}
[ENEMY_SAP] updates=25344 active=912 pairs=12 repairs{x=19 y=21}
[ENEMY_PAIR_TYPES] frontal DD=12 DT=0 DH=0 DA=0 TT=0 TH=0 TA=0 HH=0 HA=0 AA=0 separation DD=12 DT=0 DH=0 DA=0 TT=0 TH=0 TA=0 HH=0 HA=0 AA=0
[ENEMY_KILL_DEBUG_COLLISION] projectile{kills=0 wallContact=0}

[PROFILE] frame=6480 budget=16.667ms alloc(+58/-58, +443920b/-443920b, live=337896b peak=665600b)
  frame.total                      win= 24.345ms avg= 24.345ms p95= 31.705ms max=288.505ms calls(last=  1,win= 120,total=6480) (win 146.1% | avg 146.1% budget)
  frame.fixed_step                 win= 10.719ms avg= 15.721ms p95= 22.998ms max= 42.142ms calls(last=  2,win= 176,total=7350) (win 64.3% | avg 94.3% budget)
  frame.render                     win=  8.576ms avg=  8.576ms p95=  8.939ms max=288.455ms calls(last=  1,win= 120,total=6480) (win 51.5% | avg 51.5% budget)
  frame.present                    win=  6.924ms avg=  6.924ms p95=  7.233ms max=288.446ms calls(last=  1,win= 120,total=6480) (win 41.5% | avg 41.5% budget)
  game.update                      win=  4.619ms avg=  6.774ms p95= 10.781ms max= 25.513ms calls(last=  2,win= 176,total=5974) (win 27.7% | avg 40.6% budget)
  system.ai_update                 win=  4.389ms avg=  6.437ms p95= 10.324ms max= 24.646ms calls(last=  2,win= 176,total=5974) (win 26.3% | avg 38.6% budget)
  enemy.update                     win=  4.384ms avg=  6.430ms p95= 10.314ms max= 24.630ms calls(last=  2,win= 176,total=5974) (win 26.3% | avg 38.6% budget)
  frame.render.world               win=  2.763ms avg=  2.763ms p95=  3.066ms max= 11.886ms calls(last=  1,win= 120,total=5133) (win 16.6% | avg 16.6% budget)
  frame.render.world.maze          win=  1.188ms avg=  1.188ms p95=  1.328ms max=  3.017ms calls(last=  1,win= 120,total=5133) (win 7.1% | avg 7.1% budget)
  frame.render.hud                 win=  0.829ms avg=  0.829ms p95=  0.914ms max=  1.348ms calls(last=  1,win= 120,total=5133) (win 5.0% | avg 5.0% budget)
  enemy.physics.frontal_collisions win=  0.478ms avg=  0.701ms p95=  1.012ms max=  2.335ms calls(last=  2,win= 176,total=1760) (win 2.9% | avg 4.2% budget)
  frame.render.world.effects       win=  0.471ms avg=  0.471ms p95=  0.563ms max=  1.465ms calls(last=  1,win= 120,total=5133) (win 2.8% | avg 2.8% budget)
  frame.render.hud.minimap         win=  0.423ms avg=  0.423ms p95=  0.466ms max=  0.764ms calls(last=  1,win= 120,total=5133) (win 2.5% | avg 2.5% budget)
  enemy.physics.frontal_grid_build win=  0.350ms avg=  0.514ms p95=  0.711ms max=  1.889ms calls(last=  2,win= 176,total=1760) (win 2.1% | avg 3.1% budget)
  frame.render.world.enemies       win=  0.315ms avg=  0.315ms p95=  0.355ms max=  0.556ms calls(last=  1,win= 120,total=5133) (win 1.9% | avg 1.9% budget)
  frame.render.world.enemies.draw  win=  0.253ms avg=  0.253ms p95=  0.293ms max=  0.495ms calls(last=  1,win= 120,total=5133) (win 1.5% | avg 1.5% budget)
  frame.render.hud.text            win=  0.228ms avg=  0.228ms p95=  0.296ms max=  0.567ms calls(last=  1,win= 120,total=5133) (win 1.4% | avg 1.4% budget)
  enemy.ai.movement                win=  0.205ms avg=  1.355ms p95=  2.748ms max= 10.143ms calls(last= 16,win= 793,total=11803) (win 1.2% | avg 8.1% budget)
  enemy.movement.overlap.is_blocked win=  0.176ms avg=  0.749ms p95=  1.739ms max=  6.240ms calls(last= 14,win= 511,total=10939) (win 1.1% | avg 4.5% budget)
  enemy.movement.overlap_check     win=  0.116ms avg=  0.764ms p95=  1.766ms max=  6.342ms calls(last= 16,win= 793,total=11802) (win 0.7% | avg 4.6% budget)
  enemy.physics.frontal_pair_traverse win=  0.093ms avg=  0.137ms p95=  0.217ms max=  0.438ms calls(last=  2,win= 176,total=1760) (win 0.6% | avg 0.8% budget)
  system.spawner_update            win=  0.081ms avg=  0.119ms p95=  0.175ms max=  0.708ms calls(last=  2,win= 176,total=5974) (win 0.5% | avg 0.7% budget)
  enemy.movement.separation_probe  win=  0.061ms avg=  0.404ms p95=  0.628ms max=  2.265ms calls(last= 16,win= 793,total=11802) (win 0.4% | avg 2.4% budget)
  frame.render.hud.compass         win=  0.052ms avg=  0.052ms p95=  0.052ms max=  0.192ms calls(last=  1,win= 120,total=5133) (win 0.3% | avg 0.3% budget)
[ENEMY_STATS] frame=6480 alive=144 visible=1 full=8 cheap=136 fullInBase=0 pairs(frontal=0 checks=0 separation=0 resolved=0)
[ENEMY_WINDOW] steps=176 alive[min=144 max=144] visible[min=1 max=4] full[min=4 max=8] collisionPasses[runs=176 skips=0]
[ENEMY_SEGMENTS] window=2.933s D{b/s=16.70 avgLen=5.03 fail=0} T{b/s=0.00 avgLen=0.00 fail=0} H{b/s=0.00 avgLen=0.00 fail=0} A{b/s=0.00 avgLen=0.00 fail=0}
[ENEMY_GRID] frontal{cand/s=271.4 xcell/s=0.3 ins/s=271.7} separation{cand/s=271.4}
[ENEMY_COLLISION_WINDOW] frontal{pairs/s=18.1 checks/s=18.1 baseSkip=0 kill=0(0.0%)} separation{pairs/s=18.1 resolved/s=0.0(0.0%) baseSkip=0 kill=0 wallBlock=0}
[ENEMY_UNCOUPLE] entries=0 reentryResets=0(0.0%) reason{frontal=0 separation=0 wallContact=0}
[ENEMY_KILL_DEBUG] enemyEnemy{events=0 frontal=0 separation=0 reenterEither=0 reenterBoth=0 wallContact=0 dist[min=0.000 avg=0.000 max=0.000]}
[ENEMY_NAV_CACHE] playerCell{changes=0 flowRebuilds=0} flow{hit=0 miss=0 hit%=0.0} pathFallback{calls=0 ok=0 ok%=0.0}
[ENEMY_ASSASSIN_CHEAP_RECOVERY] failByStage{s0=0 s1=0 s2=0} recoverByStage{s0=0 s1=0 s2=0} emergency{attempt=0 success=0} noFlowSkips=0
[ENEMY_ASSASSIN_WALL_ENTRIES] byPhase{cheap=0 uncouple=0 full=0}
[ENEMY_SAP] updates=25344 active=796 pairs=53 repairs{x=286 y=271}
[ENEMY_PAIR_TYPES] frontal DD=53 DT=0 DH=0 DA=0 TT=0 TH=0 TA=0 HH=0 HA=0 AA=0 separation DD=53 DT=0 DH=0 DA=0 TT=0 TH=0 TA=0 HH=0 HA=0 AA=0
[ENEMY_KILL_DEBUG_COLLISION] projectile{kills=0 wallContact=0}

[PROFILE] frame=6600 budget=16.667ms alloc(+60/-60, +444224b/-444224b, live=338040b peak=665600b)
  frame.total                      win= 34.735ms avg= 34.735ms p95= 46.775ms max=288.505ms calls(last=  1,win= 120,total=6600) (win 208.4% | avg 208.4% budget)
  frame.fixed_step                 win= 12.428ms avg= 25.995ms p95= 38.155ms max= 43.040ms calls(last=  2,win= 251,total=7601) (win 74.6% | avg 156.0% budget)
  frame.render                     win=  8.686ms avg=  8.686ms p95=  9.316ms max=288.455ms calls(last=  1,win= 120,total=6600) (win 52.1% | avg 52.1% budget)
  frame.present                    win=  7.055ms avg=  7.055ms p95=  7.520ms max=288.446ms calls(last=  1,win= 120,total=6600) (win 42.3% | avg 42.3% budget)
  game.update                      win=  6.328ms avg= 13.237ms p95= 20.154ms max= 25.513ms calls(last=  2,win= 251,total=6225) (win 38.0% | avg 79.4% budget)
  system.ai_update                 win=  6.025ms avg= 12.603ms p95= 19.280ms max= 24.646ms calls(last=  2,win= 251,total=6225) (win 36.2% | avg 75.6% budget)
  enemy.update                     win=  6.021ms avg= 12.593ms p95= 19.268ms max= 24.630ms calls(last=  2,win= 251,total=6225) (win 36.1% | avg 75.6% budget)
  frame.render.world               win=  2.874ms avg=  2.874ms p95=  3.216ms max= 11.886ms calls(last=  1,win= 120,total=5253) (win 17.2% | avg 17.2% budget)
  frame.render.world.maze          win=  1.141ms avg=  1.141ms p95=  1.237ms max=  3.017ms calls(last=  1,win= 120,total=5253) (win 6.8% | avg 6.8% budget)
  frame.render.hud                 win=  0.831ms avg=  0.831ms p95=  0.905ms max=  1.348ms calls(last=  1,win= 120,total=5253) (win 5.0% | avg 5.0% budget)
  frame.render.world.effects       win=  0.574ms avg=  0.574ms p95=  0.681ms max=  1.465ms calls(last=  1,win= 120,total=5253) (win 3.4% | avg 3.4% budget)
  enemy.physics.frontal_collisions win=  0.487ms avg=  1.018ms p95=  1.406ms max=  2.335ms calls(last=  2,win= 251,total=2011) (win 2.9% | avg 6.1% budget)
  frame.render.hud.minimap         win=  0.426ms avg=  0.426ms p95=  0.469ms max=  0.764ms calls(last=  1,win= 120,total=5253) (win 2.6% | avg 2.6% budget)
  frame.render.world.enemies       win=  0.357ms avg=  0.357ms p95=  0.412ms max=  0.556ms calls(last=  1,win= 120,total=5253) (win 2.1% | avg 2.1% budget)
  enemy.physics.frontal_grid_build win=  0.355ms avg=  0.743ms p95=  1.049ms max=  1.889ms calls(last=  2,win= 251,total=2011) (win 2.1% | avg 4.5% budget)
  frame.render.world.enemies.draw  win=  0.295ms avg=  0.295ms p95=  0.336ms max=  0.495ms calls(last=  1,win= 120,total=5253) (win 1.8% | avg 1.8% budget)
  enemy.ai.movement                win=  0.270ms avg=  3.947ms p95=  5.601ms max= 10.143ms calls(last= 12,win=1755,total=13558) (win 1.6% | avg 23.7% budget)
  frame.render.hud.text            win=  0.224ms avg=  0.224ms p95=  0.263ms max=  0.567ms calls(last=  1,win= 120,total=5253) (win 1.3% | avg 1.3% budget)
  enemy.movement.overlap_check     win=  0.173ms avg=  2.531ms p95=  3.613ms max=  6.342ms calls(last= 12,win=1755,total=13557) (win 1.0% | avg 15.2% budget)
  enemy.movement.overlap.is_blocked win=  0.172ms avg=  2.489ms p95=  3.553ms max=  6.240ms calls(last= 12,win=1735,total=12674) (win 1.0% | avg 14.9% budget)
  frame.render.world.effects.projectiles win=  0.109ms avg=  0.091ms p95=  0.147ms max=  0.253ms calls(last=  1,win= 100,total=1211) (win 0.7% | avg 0.5% budget)
  system.physics_collision         win=  0.103ms avg=  0.216ms p95=  0.373ms max=  0.652ms calls(last=  2,win= 251,total=6225) (win 0.6% | avg 1.3% budget)
  enemy.physics.frontal_pair_traverse win=  0.095ms avg=  0.198ms p95=  0.259ms max=  0.438ms calls(last=  2,win= 251,total=2011) (win 0.6% | avg 1.2% budget)
  enemy.ai.decision                win=  0.092ms avg=  1.340ms p95=  2.996ms max=  3.318ms calls(last= 12,win=1755,total=13558) (win 0.5% | avg 8.0% budget)
[ENEMY_STATS] frame=6600 alive=144 visible=5 full=6 cheap=138 fullInBase=0 pairs(frontal=1 checks=1 separation=1 resolved=0)
[ENEMY_WINDOW] steps=251 alive[min=143 max=144] visible[min=1 max=6] full[min=6 max=8] collisionPasses[runs=251 skips=0]
[ENEMY_SEGMENTS] window=4.183s D{b/s=14.10 avgLen=4.73 fail=1} T{b/s=0.00 avgLen=0.00 fail=0} H{b/s=0.00 avgLen=0.00 fail=0} A{b/s=0.00 avgLen=0.00 fail=0}
[ENEMY_GRID] frontal{cand/s=419.0 xcell/s=1.7 ins/s=420.7} separation{cand/s=419.0}
[ENEMY_COLLISION_WINDOW] frontal{pairs/s=7.2 checks/s=7.2 baseSkip=0 kill=0(0.0%)} separation{pairs/s=7.2 resolved/s=0.0(0.0%) baseSkip=0 kill=0 wallBlock=0}
[ENEMY_UNCOUPLE] entries=0 reentryResets=0(0.0%) reason{frontal=0 separation=0 wallContact=0}
[ENEMY_KILL_DEBUG] enemyEnemy{events=0 frontal=0 separation=0 reenterEither=0 reenterBoth=0 wallContact=0 dist[min=0.000 avg=0.000 max=0.000]}
[ENEMY_NAV_CACHE] playerCell{changes=0 flowRebuilds=0} flow{hit=0 miss=0 hit%=0.0} pathFallback{calls=0 ok=0 ok%=0.0}
[ENEMY_ASSASSIN_CHEAP_RECOVERY] failByStage{s0=0 s1=0 s2=0} recoverByStage{s0=0 s1=0 s2=0} emergency{attempt=0 success=0} noFlowSkips=0
[ENEMY_ASSASSIN_WALL_ENTRIES] byPhase{cheap=0 uncouple=0 full=0}
[ENEMY_SAP] updates=36077 active=1753 pairs=30 repairs{x=1033 y=1025}
[ENEMY_PAIR_TYPES] frontal DD=30 DT=0 DH=0 DA=0 TT=0 TH=0 TA=0 HH=0 HA=0 AA=0 separation DD=30 DT=0 DH=0 DA=0 TT=0 TH=0 TA=0 HH=0 HA=0 AA=0
[ENEMY_KILL_DEBUG_COLLISION] projectile{kills=2 wallContact=0}

[PROFILE] frame=6720 budget=16.667ms alloc(+58/-58, +443920b/-443920b, live=338040b peak=665600b)
  frame.total                      win= 26.070ms avg= 26.070ms p95= 32.213ms max=288.505ms calls(last=  1,win= 120,total=6720) (win 156.4% | avg 156.4% budget)
  frame.fixed_step                 win= 11.036ms avg= 17.381ms p95= 23.659ms max= 43.040ms calls(last=  2,win= 189,total=7790) (win 66.2% | avg 104.3% budget)
  frame.render                     win=  8.639ms avg=  8.639ms p95=  9.035ms max=288.455ms calls(last=  1,win= 120,total=6720) (win 51.8% | avg 51.8% budget)
  frame.present                    win=  7.008ms avg=  7.008ms p95=  7.343ms max=288.446ms calls(last=  1,win= 120,total=6720) (win 42.0% | avg 42.0% budget)
  game.update                      win=  4.939ms avg=  7.779ms p95= 11.645ms max= 25.513ms calls(last=  2,win= 189,total=6414) (win 29.6% | avg 46.7% budget)
  system.ai_update                 win=  4.709ms avg=  7.417ms p95= 11.176ms max= 24.646ms calls(last=  2,win= 189,total=6414) (win 28.3% | avg 44.5% budget)
  enemy.update                     win=  4.705ms avg=  7.410ms p95= 11.166ms max= 24.630ms calls(last=  2,win= 189,total=6414) (win 28.2% | avg 44.5% budget)
  frame.render.world               win=  2.852ms avg=  2.852ms p95=  3.101ms max= 11.886ms calls(last=  1,win= 120,total=5373) (win 17.1% | avg 17.1% budget)
  frame.render.world.maze          win=  1.212ms avg=  1.212ms p95=  1.301ms max=  3.017ms calls(last=  1,win= 120,total=5373) (win 7.3% | avg 7.3% budget)
  frame.render.hud                 win=  0.831ms avg=  0.831ms p95=  0.903ms max=  1.348ms calls(last=  1,win= 120,total=5373) (win 5.0% | avg 5.0% budget)
  enemy.physics.frontal_collisions win=  0.497ms avg=  0.782ms p95=  1.046ms max=  2.335ms calls(last=  2,win= 189,total=2200) (win 3.0% | avg 4.7% budget)
  frame.render.world.effects       win=  0.492ms avg=  0.492ms p95=  0.564ms max=  2.700ms calls(last=  1,win= 120,total=5373) (win 3.0% | avg 3.0% budget)
  frame.render.hud.minimap         win=  0.425ms avg=  0.425ms p95=  0.466ms max=  0.764ms calls(last=  1,win= 120,total=5373) (win 2.6% | avg 2.6% budget)
  frame.render.world.enemies       win=  0.352ms avg=  0.352ms p95=  0.398ms max=  0.556ms calls(last=  1,win= 120,total=5373) (win 2.1% | avg 2.1% budget)
  enemy.physics.frontal_grid_build win=  0.351ms avg=  0.553ms p95=  0.729ms max=  1.889ms calls(last=  2,win= 189,total=2200) (win 2.1% | avg 3.3% budget)
  frame.render.world.enemies.draw  win=  0.290ms avg=  0.290ms p95=  0.330ms max=  0.495ms calls(last=  1,win= 120,total=5373) (win 1.7% | avg 1.7% budget)
  frame.render.hud.text            win=  0.227ms avg=  0.227ms p95=  0.269ms max=  0.567ms calls(last=  1,win= 120,total=5373) (win 1.4% | avg 1.4% budget)
  enemy.ai.movement                win=  0.188ms avg=  1.774ms p95=  3.230ms max= 10.143ms calls(last= 12,win=1134,total=14692) (win 1.1% | avg 10.6% budget)
  enemy.movement.overlap.is_blocked win=  0.174ms avg=  0.952ms p95=  2.066ms max=  6.240ms calls(last=  4,win= 658,total=13332) (win 1.0% | avg 5.7% budget)
  enemy.physics.frontal_pair_traverse win=  0.111ms avg=  0.174ms p95=  0.255ms max=  0.438ms calls(last=  2,win= 189,total=2200) (win 0.7% | avg 1.0% budget)
  enemy.movement.overlap_check     win=  0.103ms avg=  0.971ms p95=  2.103ms max=  6.342ms calls(last= 12,win=1134,total=14691) (win 0.6% | avg 5.8% budget)
  system.spawner_update            win=  0.080ms avg=  0.127ms p95=  0.166ms max=  0.708ms calls(last=  2,win= 189,total=6414) (win 0.5% | avg 0.8% budget)
  enemy.movement.separation_probe  win=  0.060ms avg=  0.571ms p95=  0.760ms max=  2.265ms calls(last= 12,win=1134,total=14691) (win 0.4% | avg 3.4% budget)
  frame.render.world.enemies.cull  win=  0.051ms avg=  0.051ms p95=  0.053ms max=  0.174ms calls(last=  1,win= 120,total=5373) (win 0.3% | avg 0.3% budget)
[ENEMY_STATS] frame=6720 alive=144 visible=6 full=6 cheap=138 fullInBase=0 pairs(frontal=0 checks=0 separation=0 resolved=0)
[ENEMY_WINDOW] steps=189 alive[min=144 max=144] visible[min=5 max=6] full[min=6 max=6] collisionPasses[runs=189 skips=0]
[ENEMY_SEGMENTS] window=3.150s D{b/s=15.87 avgLen=5.32 fail=0} T{b/s=0.00 avgLen=0.00 fail=0} H{b/s=0.00 avgLen=0.00 fail=0} A{b/s=0.00 avgLen=0.00 fail=0}
[ENEMY_GRID] frontal{cand/s=360.0 xcell/s=1.0 ins/s=361.0} separation{cand/s=360.0}
[ENEMY_COLLISION_WINDOW] frontal{pairs/s=19.0 checks/s=19.0 baseSkip=0 kill=0(0.0%)} separation{pairs/s=19.0 resolved/s=0.0(0.0%) baseSkip=0 kill=0 wallBlock=0}
[ENEMY_UNCOUPLE] entries=0 reentryResets=0(0.0%) reason{frontal=0 separation=0 wallContact=0}
[ENEMY_KILL_DEBUG] enemyEnemy{events=0 frontal=0 separation=0 reenterEither=0 reenterBoth=0 wallContact=0 dist[min=0.000 avg=0.000 max=0.000]}
[ENEMY_NAV_CACHE] playerCell{changes=0 flowRebuilds=0} flow{hit=0 miss=0 hit%=0.0} pathFallback{calls=0 ok=0 ok%=0.0}
[ENEMY_ASSASSIN_CHEAP_RECOVERY] failByStage{s0=0 s1=0 s2=0} recoverByStage{s0=0 s1=0 s2=0} emergency{attempt=0 success=0} noFlowSkips=0
[ENEMY_ASSASSIN_WALL_ENTRIES] byPhase{cheap=0 uncouple=0 full=0}
[ENEMY_SAP] updates=27216 active=1134 pairs=60 repairs{x=2 y=0}
[ENEMY_PAIR_TYPES] frontal DD=60 DT=0 DH=0 DA=0 TT=0 TH=0 TA=0 HH=0 HA=0 AA=0 separation DD=60 DT=0 DH=0 DA=0 TT=0 TH=0 TA=0 HH=0 HA=0 AA=0
[ENEMY_KILL_DEBUG_COLLISION] projectile{kills=0 wallContact=0}

[PROFILE] frame=6840 budget=16.667ms alloc(+60/-60, +444512b/-444512b, live=338040b peak=665600b)
  frame.total                      win= 26.925ms avg= 26.925ms p95= 34.373ms max=288.505ms calls(last=  1,win= 120,total=6840) (win 161.6% | avg 161.6% budget)
  frame.fixed_step                 win= 11.250ms avg= 18.188ms p95= 25.468ms max= 43.040ms calls(last=  2,win= 194,total=7984) (win 67.5% | avg 109.1% budget)
  frame.render                     win=  8.687ms avg=  8.687ms p95=  9.046ms max=288.455ms calls(last=  1,win= 120,total=6840) (win 52.1% | avg 52.1% budget)
  frame.present                    win=  7.024ms avg=  7.024ms p95=  7.313ms max=288.446ms calls(last=  1,win= 120,total=6840) (win 42.1% | avg 42.1% budget)
  game.update                      win=  5.117ms avg=  8.273ms p95= 13.136ms max= 25.513ms calls(last=  2,win= 194,total=6608) (win 30.7% | avg 49.6% budget)
  system.ai_update                 win=  4.859ms avg=  7.856ms p95= 12.479ms max= 24.646ms calls(last=  2,win= 194,total=6608) (win 29.2% | avg 47.1% budget)
  enemy.update                     win=  4.855ms avg=  7.848ms p95= 12.469ms max= 24.630ms calls(last=  2,win= 194,total=6608) (win 29.1% | avg 47.1% budget)
  frame.render.world               win=  2.851ms avg=  2.851ms p95=  3.131ms max= 11.886ms calls(last=  1,win= 120,total=5493) (win 17.1% | avg 17.1% budget)
  frame.render.world.maze          win=  1.225ms avg=  1.225ms p95=  1.308ms max=  3.017ms calls(last=  1,win= 120,total=5493) (win 7.3% | avg 7.3% budget)
  frame.render.hud                 win=  0.833ms avg=  0.833ms p95=  0.905ms max=  1.348ms calls(last=  1,win= 120,total=5493) (win 5.0% | avg 5.0% budget)
  frame.render.world.effects       win=  0.515ms avg=  0.515ms p95=  0.692ms max=  2.700ms calls(last=  1,win= 120,total=5493) (win 3.1% | avg 3.1% budget)
  enemy.physics.frontal_collisions win=  0.490ms avg=  0.792ms p95=  1.022ms max=  2.335ms calls(last=  2,win= 194,total=2394) (win 2.9% | avg 4.8% budget)
  frame.render.hud.minimap         win=  0.427ms avg=  0.427ms p95=  0.467ms max=  0.764ms calls(last=  1,win= 120,total=5493) (win 2.6% | avg 2.6% budget)
  enemy.physics.frontal_grid_build win=  0.351ms avg=  0.567ms p95=  0.743ms max=  1.889ms calls(last=  2,win= 194,total=2394) (win 2.1% | avg 3.4% budget)
  frame.render.world.enemies       win=  0.350ms avg=  0.350ms p95=  0.390ms max=  0.572ms calls(last=  1,win= 120,total=5493) (win 2.1% | avg 2.1% budget)
  frame.render.world.enemies.draw  win=  0.289ms avg=  0.289ms p95=  0.330ms max=  0.512ms calls(last=  1,win= 120,total=5493) (win 1.7% | avg 1.7% budget)
  frame.render.hud.text            win=  0.226ms avg=  0.226ms p95=  0.276ms max=  0.567ms calls(last=  1,win= 120,total=5493) (win 1.4% | avg 1.4% budget)
  enemy.ai.movement                win=  0.176ms avg=  1.740ms p95=  3.322ms max= 10.143ms calls(last= 12,win=1188,total=15880) (win 1.1% | avg 10.4% budget)
  enemy.movement.overlap.is_blocked win=  0.173ms avg=  0.896ms p95=  2.072ms max=  6.240ms calls(last= 10,win= 623,total=13955) (win 1.0% | avg 5.4% budget)
  enemy.physics.frontal_pair_traverse win=  0.104ms avg=  0.168ms p95=  0.232ms max=  0.438ms calls(last=  2,win= 194,total=2394) (win 0.6% | avg 1.0% budget)
  enemy.movement.overlap_check     win=  0.092ms avg=  0.915ms p95=  2.108ms max=  6.342ms calls(last= 12,win=1188,total=15879) (win 0.6% | avg 5.5% budget)
  frame.render.world.effects.projectiles win=  0.085ms avg=  0.036ms p95=  0.164ms max=  0.253ms calls(last=  1,win=  51,total=1284) (win 0.5% | avg 0.2% budget)
  system.spawner_update            win=  0.083ms avg=  0.134ms p95=  0.167ms max=  0.708ms calls(last=  2,win= 194,total=6608) (win 0.5% | avg 0.8% budget)
  system.physics_collision         win=  0.064ms avg=  0.104ms p95=  0.286ms max=  0.652ms calls(last=  2,win= 194,total=6608) (win 0.4% | avg 0.6% budget)
[ENEMY_STATS] frame=6840 alive=144 visible=5 full=6 cheap=138 fullInBase=0 pairs(frontal=0 checks=0 separation=0 resolved=0)
[ENEMY_WINDOW] steps=194 alive[min=144 max=144] visible[min=5 max=6] full[min=6 max=7] collisionPasses[runs=194 skips=0]
[ENEMY_SEGMENTS] window=3.233s D{b/s=12.06 avgLen=5.24 fail=0} T{b/s=0.00 avgLen=0.00 fail=0} H{b/s=0.00 avgLen=0.00 fail=0} A{b/s=0.00 avgLen=0.00 fail=0}
[ENEMY_GRID] frontal{cand/s=367.4 xcell/s=0.0 ins/s=367.4} separation{cand/s=367.4}
[ENEMY_COLLISION_WINDOW] frontal{pairs/s=3.4 checks/s=3.4 baseSkip=0 kill=0(0.0%)} separation{pairs/s=3.4 resolved/s=0.0(0.0%) baseSkip=0 kill=0 wallBlock=0}
[ENEMY_UNCOUPLE] entries=0 reentryResets=0(0.0%) reason{frontal=0 separation=0 wallContact=0}
[ENEMY_KILL_DEBUG] enemyEnemy{events=0 frontal=0 separation=0 reenterEither=0 reenterBoth=0 wallContact=0 dist[min=0.000 avg=0.000 max=0.000]}
[ENEMY_NAV_CACHE] playerCell{changes=0 flowRebuilds=0} flow{hit=0 miss=0 hit%=0.0} pathFallback{calls=0 ok=0 ok%=0.0}
[ENEMY_ASSASSIN_CHEAP_RECOVERY] failByStage{s0=0 s1=0 s2=0} recoverByStage{s0=0 s1=0 s2=0} emergency{attempt=0 success=0} noFlowSkips=0
[ENEMY_ASSASSIN_WALL_ENTRIES] byPhase{cheap=0 uncouple=0 full=0}
[ENEMY_SAP] updates=27936 active=1188 pairs=11 repairs{x=519 y=520}
[ENEMY_PAIR_TYPES] frontal DD=11 DT=0 DH=0 DA=0 TT=0 TH=0 TA=0 HH=0 HA=0 AA=0 separation DD=11 DT=0 DH=0 DA=0 TT=0 TH=0 TA=0 HH=0 HA=0 AA=0
[ENEMY_KILL_DEBUG_COLLISION] projectile{kills=1 wallContact=0}

[PROFILE] frame=6960 budget=16.667ms alloc(+60/-60, +439424b/-439424b, live=338328b peak=665600b)
  frame.total                      win= 27.824ms avg= 27.824ms p95= 34.741ms max=288.505ms calls(last=  1,win= 120,total=6960) (win 166.9% | avg 166.9% budget)
  frame.fixed_step                 win= 11.317ms avg= 19.050ms p95= 26.003ms max= 43.040ms calls(last=  2,win= 202,total=8186) (win 67.9% | avg 114.3% budget)
  frame.render                     win=  8.720ms avg=  8.720ms p95=  9.125ms max=288.455ms calls(last=  1,win= 120,total=6960) (win 52.3% | avg 52.3% budget)
  frame.present                    win=  7.052ms avg=  7.052ms p95=  7.451ms max=288.446ms calls(last=  1,win= 120,total=6960) (win 42.3% | avg 42.3% budget)
  game.update                      win=  5.241ms avg=  8.823ms p95= 13.693ms max= 25.513ms calls(last=  2,win= 202,total=6810) (win 31.4% | avg 52.9% budget)
  system.ai_update                 win=  4.902ms avg=  8.251ms p95= 12.721ms max= 24.646ms calls(last=  2,win= 202,total=6810) (win 29.4% | avg 49.5% budget)
  enemy.update                     win=  4.897ms avg=  8.243ms p95= 12.711ms max= 24.630ms calls(last=  2,win= 202,total=6810) (win 29.4% | avg 49.5% budget)
  frame.render.world               win=  2.849ms avg=  2.849ms p95=  3.261ms max= 11.886ms calls(last=  1,win= 120,total=5613) (win 17.1% | avg 17.1% budget)
  frame.render.world.maze          win=  1.177ms avg=  1.177ms p95=  1.273ms max=  3.017ms calls(last=  1,win= 120,total=5613) (win 7.1% | avg 7.1% budget)
  frame.render.hud                 win=  0.841ms avg=  0.841ms p95=  0.921ms max=  1.348ms calls(last=  1,win= 120,total=5613) (win 5.0% | avg 5.0% budget)
  frame.render.world.effects       win=  0.578ms avg=  0.578ms p95=  0.708ms max=  2.700ms calls(last=  1,win= 120,total=5613) (win 3.5% | avg 3.5% budget)
  enemy.physics.frontal_collisions win=  0.486ms avg=  0.818ms p95=  1.221ms max=  2.335ms calls(last=  2,win= 202,total=2596) (win 2.9% | avg 4.9% budget)
  frame.render.hud.minimap         win=  0.430ms avg=  0.430ms p95=  0.512ms max=  0.764ms calls(last=  1,win= 120,total=5613) (win 2.6% | avg 2.6% budget)
  enemy.physics.frontal_grid_build win=  0.354ms avg=  0.596ms p95=  0.964ms max=  1.889ms calls(last=  2,win= 202,total=2596) (win 2.1% | avg 3.6% budget)
  frame.render.world.enemies       win=  0.308ms avg=  0.308ms p95=  0.384ms max=  0.572ms calls(last=  1,win= 120,total=5613) (win 1.9% | avg 1.9% budget)
  frame.render.world.enemies.draw  win=  0.249ms avg=  0.249ms p95=  0.303ms max=  0.512ms calls(last=  1,win= 120,total=5613) (win 1.5% | avg 1.5% budget)
  enemy.ai.movement                win=  0.239ms avg=  1.541ms p95=  2.981ms max= 10.143ms calls(last=  4,win= 775,total=16655) (win 1.4% | avg 9.2% budget)
  frame.render.hud.text            win=  0.230ms avg=  0.230ms p95=  0.276ms max=  0.567ms calls(last=  1,win= 120,total=5613) (win 1.4% | avg 1.4% budget)
  enemy.movement.overlap.is_blocked win=  0.174ms avg=  0.925ms p95=  1.799ms max=  6.240ms calls(last=  4,win= 640,total=14595) (win 1.0% | avg 5.6% budget)
  enemy.movement.overlap_check     win=  0.146ms avg=  0.943ms p95=  1.852ms max=  6.342ms calls(last=  4,win= 775,total=16654) (win 0.9% | avg 5.7% budget)
  enemy.ai.decision                win=  0.145ms avg=  0.937ms p95=  2.025ms max=  3.318ms calls(last=  4,win= 775,total=16655) (win 0.9% | avg 5.6% budget)
  system.physics_collision         win=  0.136ms avg=  0.229ms p95=  0.420ms max=  0.652ms calls(last=  2,win= 202,total=6810) (win 0.8% | avg 1.4% budget)
  enemy.physics.frontal_pair_traverse win=  0.099ms avg=  0.166ms p95=  0.232ms max=  0.438ms calls(last=  2,win= 202,total=2596) (win 0.6% | avg 1.0% budget)
  frame.render.world.effects.projectiles win=  0.096ms avg=  0.096ms p95=  0.183ms max=  0.253ms calls(last=  0,win= 119,total=1403) (win 0.6% | avg 0.6% budget)
[ENEMY_STATS] frame=6960 alive=142 visible=1 full=2 cheap=140 fullInBase=0 pairs(frontal=0 checks=0 separation=0 resolved=0)
[ENEMY_WINDOW] steps=202 alive[min=142 max=144] visible[min=1 max=5] full[min=2 max=6] collisionPasses[runs=202 skips=0]
[ENEMY_SEGMENTS] window=3.367s D{b/s=16.04 avgLen=5.08 fail=0} T{b/s=0.00 avgLen=0.00 fail=0} H{b/s=0.00 avgLen=0.00 fail=0} A{b/s=0.00 avgLen=0.00 fail=0}
[ENEMY_GRID] frontal{cand/s=229.0 xcell/s=0.3 ins/s=229.3} separation{cand/s=229.0}
[ENEMY_COLLISION_WINDOW] frontal{pairs/s=0.0 checks/s=0.0 baseSkip=0 kill=0(0.0%)} separation{pairs/s=0.0 resolved/s=0.0(0.0%) baseSkip=0 kill=0 wallBlock=0}
[ENEMY_UNCOUPLE] entries=0 reentryResets=0(0.0%) reason{frontal=0 separation=0 wallContact=0}
[ENEMY_KILL_DEBUG] enemyEnemy{events=0 frontal=0 separation=0 reenterEither=0 reenterBoth=0 wallContact=0 dist[min=0.000 avg=0.000 max=0.000]}
[ENEMY_NAV_CACHE] playerCell{changes=0 flowRebuilds=0} flow{hit=0 miss=0 hit%=0.0} pathFallback{calls=0 ok=0 ok%=0.0}
[ENEMY_ASSASSIN_CHEAP_RECOVERY] failByStage{s0=0 s1=0 s2=0} recoverByStage{s0=0 s1=0 s2=0} emergency{attempt=0 success=0} noFlowSkips=0
[ENEMY_ASSASSIN_WALL_ENTRIES] byPhase{cheap=0 uncouple=0 full=0}
[ENEMY_SAP] updates=28867 active=771 pairs=0 repairs{x=779 y=776}
[ENEMY_PAIR_TYPES] frontal DD=0 DT=0 DH=0 DA=0 TT=0 TH=0 TA=0 HH=0 HA=0 AA=0 separation DD=0 DT=0 DH=0 DA=0 TT=0 TH=0 TA=0 HH=0 HA=0 AA=0
[ENEMY_KILL_DEBUG_COLLISION] projectile{kills=3 wallContact=0}

[PROFILE] frame=7080 budget=16.667ms alloc(+58/-58, +441680b/-441680b, live=338328b peak=665600b)
  frame.total                      win= 21.630ms avg= 21.630ms p95= 29.315ms max=288.505ms calls(last=  1,win= 120,total=7080) (win 129.8% | avg 129.8% budget)
  frame.fixed_step                 win=  9.952ms avg= 13.020ms p95= 20.861ms max= 43.040ms calls(last=  2,win= 157,total=8343) (win 59.7% | avg 78.1% budget)
  frame.render                     win=  8.560ms avg=  8.560ms p95=  9.321ms max=288.455ms calls(last=  1,win= 120,total=7080) (win 51.4% | avg 51.4% budget)
  frame.present                    win=  6.924ms avg=  6.924ms p95=  7.478ms max=288.446ms calls(last=  1,win= 120,total=7080) (win 41.5% | avg 41.5% budget)
  game.update                      win=  3.949ms avg=  5.166ms p95=  8.968ms max= 25.513ms calls(last=  2,win= 157,total=6967) (win 23.7% | avg 31.0% budget)
  system.ai_update                 win=  3.718ms avg=  4.864ms p95=  8.516ms max= 24.646ms calls(last=  2,win= 157,total=6967) (win 22.3% | avg 29.2% budget)
  enemy.update                     win=  3.713ms avg=  4.857ms p95=  8.506ms max= 24.630ms calls(last=  2,win= 157,total=6967) (win 22.3% | avg 29.1% budget)
  frame.render.world               win=  2.719ms avg=  2.719ms p95=  3.043ms max= 11.886ms calls(last=  1,win= 120,total=5733) (win 16.3% | avg 16.3% budget)
  frame.render.world.maze          win=  1.247ms avg=  1.247ms p95=  1.402ms max=  3.017ms calls(last=  1,win= 120,total=5733) (win 7.5% | avg 7.5% budget)
  frame.render.hud                 win=  0.827ms avg=  0.827ms p95=  0.903ms max=  1.348ms calls(last=  1,win= 120,total=5733) (win 5.0% | avg 5.0% budget)
  enemy.physics.frontal_collisions win=  0.483ms avg=  0.435ms p95=  0.972ms max=  2.335ms calls(last=  2,win= 108,total=2704) (win 2.9% | avg 2.6% budget)
  frame.render.world.effects       win=  0.459ms avg=  0.459ms p95=  0.586ms max=  2.700ms calls(last=  1,win= 120,total=5733) (win 2.8% | avg 2.8% budget)
  frame.render.hud.minimap         win=  0.425ms avg=  0.425ms p95=  0.473ms max=  0.764ms calls(last=  1,win= 120,total=5733) (win 2.6% | avg 2.6% budget)
  enemy.physics.frontal_grid_build win=  0.354ms avg=  0.319ms p95=  0.707ms max=  1.889ms calls(last=  2,win= 108,total=2704) (win 2.1% | avg 1.9% budget)
  enemy.ai.movement                win=  0.278ms avg=  0.588ms p95=  1.612ms max= 10.143ms calls(last=  6,win= 254,total=16909) (win 1.7% | avg 3.5% budget)
  frame.render.world.enemies       win=  0.230ms avg=  0.230ms p95=  0.279ms max=  0.572ms calls(last=  1,win= 120,total=5733) (win 1.4% | avg 1.4% budget)
  frame.render.hud.text            win=  0.224ms avg=  0.224ms p95=  0.266ms max=  0.567ms calls(last=  1,win= 120,total=5733) (win 1.3% | avg 1.3% budget)
  enemy.movement.overlap_check     win=  0.176ms avg=  0.373ms p95=  1.017ms max=  6.342ms calls(last=  6,win= 254,total=16908) (win 1.1% | avg 2.2% budget)
  frame.render.world.enemies.draw  win=  0.174ms avg=  0.174ms p95=  0.213ms max=  0.512ms calls(last=  1,win= 120,total=5733) (win 1.0% | avg 1.0% budget)
  enemy.movement.overlap.is_blocked win=  0.173ms avg=  0.366ms p95=  0.999ms max=  6.240ms calls(last=  6,win= 254,total=14849) (win 1.0% | avg 2.2% budget)
  enemy.physics.frontal_pair_traverse win=  0.098ms avg=  0.089ms p95=  0.204ms max=  0.438ms calls(last=  2,win= 108,total=2704) (win 0.6% | avg 0.5% budget)
  system.spawner_update            win=  0.084ms avg=  0.109ms p95=  0.186ms max=  0.708ms calls(last=  2,win= 157,total=6967) (win 0.5% | avg 0.7% budget)
  enemy.movement.separation_probe  win=  0.062ms avg=  0.131ms p95=  0.359ms max=  2.265ms calls(last=  6,win= 254,total=16908) (win 0.4% | avg 0.8% budget)
  enemy.cheap.segment_build        win=  0.058ms avg=  0.019ms p95=  0.078ms max=  0.376ms calls(last=  0,win=  39,total=1501) (win 0.3% | avg 0.1% budget)
[ENEMY_STATS] frame=7080 alive=143 visible=0 full=3 cheap=140 fullInBase=0 pairs(frontal=0 checks=0 separation=0 resolved=0)
[ENEMY_WINDOW] steps=157 alive[min=142 max=143] visible[min=0 max=1] full[min=0 max=3] collisionPasses[runs=108 skips=49]
[ENEMY_SEGMENTS] window=2.617s D{b/s=15.29 avgLen=5.00 fail=0} T{b/s=0.00 avgLen=0.00 fail=0} H{b/s=0.00 avgLen=0.00 fail=0} A{b/s=0.00 avgLen=0.00 fail=0}
[ENEMY_GRID] frontal{cand/s=93.6 xcell/s=0.0 ins/s=93.6} separation{cand/s=93.6}
[ENEMY_COLLISION_WINDOW] frontal{pairs/s=0.0 checks/s=0.0 baseSkip=0 kill=0(0.0%)} separation{pairs/s=0.0 resolved/s=0.0(0.0%) baseSkip=0 kill=0 wallBlock=0}
[ENEMY_UNCOUPLE] entries=0 reentryResets=0(0.0%) reason{frontal=0 separation=0 wallContact=0}
[ENEMY_KILL_DEBUG] enemyEnemy{events=0 frontal=0 separation=0 reenterEither=0 reenterBoth=0 wallContact=0 dist[min=0.000 avg=0.000 max=0.000]}
[ENEMY_NAV_CACHE] playerCell{changes=0 flowRebuilds=0} flow{hit=0 miss=0 hit%=0.0} pathFallback{calls=0 ok=0 ok%=0.0}
[ENEMY_ASSASSIN_CHEAP_RECOVERY] failByStage{s0=0 s1=0 s2=0} recoverByStage{s0=0 s1=0 s2=0} emergency{attempt=0 success=0} noFlowSkips=0
[ENEMY_ASSASSIN_WALL_ENTRIES] byPhase{cheap=0 uncouple=0 full=0}
[ENEMY_SAP] updates=15371 active=245 pairs=0 repairs{x=273 y=273}
[ENEMY_PAIR_TYPES] frontal DD=0 DT=0 DH=0 DA=0 TT=0 TH=0 TA=0 HH=0 HA=0 AA=0 separation DD=0 DT=0 DH=0 DA=0 TT=0 TH=0 TA=0 HH=0 HA=0 AA=0
[ENEMY_KILL_DEBUG_COLLISION] projectile{kills=0 wallContact=0}
[ENEMY_UNCOUPLE_EVENT] id=96 reason=separation alreadyUncouple=1 timerBeforeReset=0.983 movedLastFrame=-1.000 pos=(79.39,274.19) headingBefore=0.785 desiredHeading=0.785 leader=132 preMode=1
[ENEMY_UNCOUPLE_EVENT] id=132 reason=separation alreadyUncouple=1 timerBeforeReset=0.983 movedLastFrame=-1.000 pos=(78.62,275.41) headingBefore=4.712 desiredHeading=4.712 leader=96 preMode=1
[ENEMY_UNCOUPLE_EVENT] id=96 reason=separation alreadyUncouple=1 timerBeforeReset=0.967 movedLastFrame=-1.000 pos=(79.41,274.18) headingBefore=0.785 desiredHeading=0.785 leader=132 preMode=1
[ENEMY_UNCOUPLE_EVENT] id=96 reason=separation alreadyUncouple=1 timerBeforeReset=0.950 movedLastFrame=-1.000 pos=(79.42,274.17) headingBefore=0.785 desiredHeading=0.785 leader=132 preMode=1
[ENEMY_UNCOUPLE_EVENT] id=132 reason=separation alreadyUncouple=1 timerBeforeReset=0.983 movedLastFrame=-1.000 pos=(78.61,275.41) headingBefore=4.712 desiredHeading=4.712 leader=96 preMode=1
[ENEMY_UNCOUPLE_EVENT] id=96 reason=separation alreadyUncouple=1 timerBeforeReset=0.933 movedLastFrame=-1.000 pos=(79.43,274.15) headingBefore=0.785 desiredHeading=0.785 leader=132 preMode=1
[ENEMY_UNCOUPLE_EVENT] id=96 reason=separation alreadyUncouple=1 timerBeforeReset=0.900 movedLastFrame=-1.000 pos=(79.45,274.13) headingBefore=0.785 desiredHeading=0.785 leader=132 preMode=1
[ENEMY_UNCOUPLE_EVENT] id=96 reason=separation alreadyUncouple=1 timerBeforeReset=0.867 movedLastFrame=-1.000 pos=(79.48,274.11) headingBefore=0.785 desiredHeading=0.785 leader=132 preMode=1
[ENEMY_UNCOUPLE_EVENT] id=96 reason=separation alreadyUncouple=1 timerBeforeReset=0.833 movedLastFrame=-1.000 pos=(79.50,274.08) headingBefore=0.785 desiredHeading=0.785 leader=132 preMode=1
[ENEMY_UNCOUPLE_EVENT] id=96 reason=separation alreadyUncouple=1 timerBeforeReset=0.800 movedLastFrame=-1.000 pos=(79.52,274.06) headingBefore=0.785 desiredHeading=0.785 leader=132 preMode=1
[ENEMY_UNCOUPLE_EVENT] id=96 reason=separation alreadyUncouple=1 timerBeforeReset=0.767 movedLastFrame=-1.000 pos=(79.55,274.04) headingBefore=0.785 desiredHeading=0.785 leader=132 preMode=1
[ENEMY_UNCOUPLE_EVENT] id=96 reason=separation alreadyUncouple=1 timerBeforeReset=0.733 movedLastFrame=-1.000 pos=(79.57,274.01) headingBefore=0.785 desiredHeading=0.785 leader=132 preMode=1
[ENEMY_UNCOUPLE_EVENT] id=96 reason=separation alreadyUncouple=1 timerBeforeReset=0.700 movedLastFrame=-1.000 pos=(79.59,273.99) headingBefore=0.785 desiredHeading=0.785 leader=132 preMode=1
[ENEMY_UNCOUPLE_EVENT] id=96 reason=separation alreadyUncouple=1 timerBeforeReset=0.683 movedLastFrame=-1.000 pos=(79.61,273.98) headingBefore=0.785 desiredHeading=0.785 leader=132 preMode=1
[ENEMY_UNCOUPLE_EVENT] id=96 reason=separation alreadyUncouple=1 timerBeforeReset=0.667 movedLastFrame=-1.000 pos=(79.62,273.96) headingBefore=0.785 desiredHeading=0.785 leader=132 preMode=1
[ENEMY_UNCOUPLE_EVENT] id=96 reason=separation alreadyUncouple=1 timerBeforeReset=0.633 movedLastFrame=-1.000 pos=(79.64,273.94) headingBefore=0.785 desiredHeading=0.785 leader=132 preMode=1

[PROFILE] frame=7200 budget=16.667ms alloc(+60/-60, +441984b/-441984b, live=338328b peak=665600b)
  frame.total                      win= 31.833ms avg= 31.833ms p95= 48.957ms max=288.505ms calls(last=  1,win= 120,total=7200) (win 191.0% | avg 191.0% budget)
  frame.fixed_step                 win= 12.070ms avg= 23.135ms p95= 40.307ms max= 43.040ms calls(last=  2,win= 230,total=8573) (win 72.4% | avg 138.8% budget)
  frame.render                     win=  8.645ms avg=  8.645ms p95=  8.965ms max=288.455ms calls(last=  1,win= 120,total=7200) (win 51.9% | avg 51.9% budget)
  frame.present                    win=  7.026ms avg=  7.026ms p95=  7.309ms max=288.446ms calls(last=  1,win= 120,total=7200) (win 42.2% | avg 42.2% budget)
  game.update                      win=  6.032ms avg= 11.560ms p95= 22.006ms max= 25.513ms calls(last=  2,win= 230,total=7197) (win 36.2% | avg 69.4% budget)
  system.ai_update                 win=  5.738ms avg= 10.998ms p95= 21.067ms max= 24.646ms calls(last=  2,win= 230,total=7197) (win 34.4% | avg 66.0% budget)
  enemy.update                     win=  5.733ms avg= 10.989ms p95= 21.050ms max= 24.630ms calls(last=  2,win= 230,total=7197) (win 34.4% | avg 65.9% budget)
  frame.render.world               win=  2.883ms avg=  2.883ms p95=  3.102ms max= 11.886ms calls(last=  1,win= 120,total=5853) (win 17.3% | avg 17.3% budget)
  frame.render.world.maze          win=  1.241ms avg=  1.241ms p95=  1.358ms max=  3.017ms calls(last=  1,win= 120,total=5853) (win 7.4% | avg 7.4% budget)
  frame.render.hud                 win=  0.818ms avg=  0.818ms p95=  0.851ms max=  1.348ms calls(last=  1,win= 120,total=5853) (win 4.9% | avg 4.9% budget)
  frame.render.world.effects       win=  0.547ms avg=  0.547ms p95=  0.660ms max=  2.700ms calls(last=  1,win= 120,total=5853) (win 3.3% | avg 3.3% budget)
  enemy.physics.frontal_collisions win=  0.500ms avg=  0.959ms p95=  1.514ms max=  2.335ms calls(last=  2,win= 230,total=2934) (win 3.0% | avg 5.8% budget)
  frame.render.hud.minimap         win=  0.418ms avg=  0.418ms p95=  0.459ms max=  0.764ms calls(last=  1,win= 120,total=5853) (win 2.5% | avg 2.5% budget)
  enemy.physics.frontal_grid_build win=  0.359ms avg=  0.689ms p95=  1.037ms max=  1.889ms calls(last=  2,win= 230,total=2934) (win 2.2% | avg 4.1% budget)
  frame.render.world.enemies       win=  0.304ms avg=  0.304ms p95=  0.402ms max=  0.572ms calls(last=  1,win= 120,total=5853) (win 1.8% | avg 1.8% budget)
  enemy.ai.movement                win=  0.245ms avg=  3.272ms p95=  7.163ms max= 10.143ms calls(last= 14,win=1602,total=18511) (win 1.5% | avg 19.6% budget)
  frame.render.world.enemies.draw  win=  0.244ms avg=  0.244ms p95=  0.342ms max=  0.512ms calls(last=  1,win= 120,total=5853) (win 1.5% | avg 1.5% budget)
  frame.render.hud.text            win=  0.225ms avg=  0.225ms p95=  0.254ms max=  0.567ms calls(last=  1,win= 120,total=5853) (win 1.3% | avg 1.3% budget)
  enemy.movement.overlap.is_blocked win=  0.168ms avg=  1.995ms p95=  4.522ms max=  6.240ms calls(last= 10,win=1426,total=16275) (win 1.0% | avg 12.0% budget)
  enemy.movement.overlap_check     win=  0.152ms avg=  2.030ms p95=  4.597ms max=  6.342ms calls(last= 14,win=1602,total=18510) (win 0.9% | avg 12.2% budget)
  enemy.physics.frontal_pair_traverse win=  0.105ms avg=  0.200ms p95=  0.412ms max=  0.620ms calls(last=  2,win= 230,total=2934) (win 0.6% | avg 1.2% budget)
  system.physics_collision         win=  0.092ms avg=  0.176ms p95=  0.327ms max=  0.652ms calls(last=  2,win= 230,total=7197) (win 0.6% | avg 1.1% budget)
  system.spawner_update            win=  0.086ms avg=  0.165ms p95=  0.277ms max=  0.708ms calls(last=  2,win= 230,total=7197) (win 0.5% | avg 1.0% budget)
  enemy.ai.decision                win=  0.073ms avg=  0.969ms p95=  2.598ms max=  4.031ms calls(last= 14,win=1602,total=18511) (win 0.4% | avg 5.8% budget)
[ENEMY_STATS] frame=7200 alive=143 visible=5 full=7 cheap=136 fullInBase=0 pairs(frontal=0 checks=0 separation=0 resolved=0)
[ENEMY_WINDOW] steps=230 alive[min=142 max=143] visible[min=0 max=5] full[min=3 max=9] collisionPasses[runs=230 skips=0]
[ENEMY_SEGMENTS] window=3.833s D{b/s=13.57 avgLen=5.14 fail=0} T{b/s=0.00 avgLen=0.00 fail=0} H{b/s=0.00 avgLen=0.00 fail=0} A{b/s=0.00 avgLen=0.00 fail=0}
[ENEMY_GRID] frontal{cand/s=419.0 xcell/s=0.8 ins/s=419.7} separation{cand/s=419.0}
[ENEMY_COLLISION_WINDOW] frontal{pairs/s=19.8 checks/s=19.8 baseSkip=0 kill=0(0.0%)} separation{pairs/s=19.8 resolved/s=4.4(22.4%) baseSkip=0 kill=0 wallBlock=0}
[ENEMY_UNCOUPLE] entries=34 reentryResets=18(52.9%) reason{frontal=0 separation=34 wallContact=0}
[ENEMY_KILL_DEBUG] enemyEnemy{events=0 frontal=0 separation=0 reenterEither=0 reenterBoth=0 wallContact=0 dist[min=0.000 avg=0.000 max=0.000]}
[ENEMY_NAV_CACHE] playerCell{changes=0 flowRebuilds=0} flow{hit=0 miss=0 hit%=0.0} pathFallback{calls=0 ok=0 ok%=0.0}
[ENEMY_ASSASSIN_CHEAP_RECOVERY] failByStage{s0=0 s1=0 s2=0} recoverByStage{s0=0 s1=0 s2=0} emergency{attempt=0 success=0} noFlowSkips=0
[ENEMY_ASSASSIN_WALL_ENTRIES] byPhase{cheap=0 uncouple=0 full=0}
[ENEMY_SAP] updates=32878 active=1606 pairs=76 repairs{x=2211 y=2206}
[ENEMY_PAIR_TYPES] frontal DD=76 DT=0 DH=0 DA=0 TT=0 TH=0 TA=0 HH=0 HA=0 AA=0 separation DD=76 DT=0 DH=0 DA=0 TT=0 TH=0 TA=0 HH=0 HA=0 AA=0
[ENEMY_KILL_DEBUG_COLLISION] projectile{kills=1 wallContact=0}

[PROFILE] frame=7320 budget=16.667ms alloc(+58/-58, +441680b/-441680b, live=338328b peak=665600b)
  frame.total                      win= 30.594ms avg= 30.594ms p95= 35.085ms max=288.505ms calls(last=  1,win= 120,total=7320) (win 183.6% | avg 183.6% budget)
  frame.fixed_step                 win= 11.862ms avg= 21.845ms p95= 26.468ms max= 43.040ms calls(last=  2,win= 221,total=8794) (win 71.2% | avg 131.1% budget)
  frame.render                     win=  8.695ms avg=  8.695ms p95=  8.995ms max=288.455ms calls(last=  1,win= 120,total=7320) (win 52.2% | avg 52.2% budget)
  frame.present                    win=  7.032ms avg=  7.032ms p95=  7.322ms max=288.446ms calls(last=  1,win= 120,total=7320) (win 42.2% | avg 42.2% budget)
  game.update                      win=  5.783ms avg= 10.649ms p95= 14.257ms max= 25.513ms calls(last=  2,win= 221,total=7418) (win 34.7% | avg 63.9% budget)
  system.ai_update                 win=  5.495ms avg= 10.120ms p95= 13.710ms max= 24.646ms calls(last=  2,win= 221,total=7418) (win 33.0% | avg 60.7% budget)
  enemy.update                     win=  5.489ms avg= 10.109ms p95= 13.700ms max= 24.630ms calls(last=  2,win= 221,total=7418) (win 32.9% | avg 60.7% budget)
  frame.render.world               win=  2.852ms avg=  2.852ms p95=  3.063ms max= 11.886ms calls(last=  1,win= 120,total=5973) (win 17.1% | avg 17.1% budget)
  frame.render.world.maze          win=  1.225ms avg=  1.225ms p95=  1.303ms max=  3.017ms calls(last=  1,win= 120,total=5973) (win 7.3% | avg 7.3% budget)
  frame.render.hud                 win=  0.829ms avg=  0.829ms p95=  0.910ms max=  1.348ms calls(last=  1,win= 120,total=5973) (win 5.0% | avg 5.0% budget)
  frame.render.world.effects       win=  0.502ms avg=  0.502ms p95=  0.605ms max=  2.700ms calls(last=  1,win= 120,total=5973) (win 3.0% | avg 3.0% budget)
  enemy.physics.frontal_collisions win=  0.484ms avg=  0.892ms p95=  1.018ms max=  2.335ms calls(last=  2,win= 221,total=3155) (win 2.9% | avg 5.4% budget)
  frame.render.hud.minimap         win=  0.426ms avg=  0.426ms p95=  0.484ms max=  0.764ms calls(last=  1,win= 120,total=5973) (win 2.6% | avg 2.6% budget)
  enemy.physics.frontal_grid_build win=  0.358ms avg=  0.660ms p95=  0.763ms max=  1.889ms calls(last=  2,win= 221,total=3155) (win 2.1% | avg 4.0% budget)
  frame.render.world.enemies       win=  0.344ms avg=  0.344ms p95=  0.393ms max=  0.572ms calls(last=  1,win= 120,total=5973) (win 2.1% | avg 2.1% budget)
  frame.render.world.enemies.draw  win=  0.282ms avg=  0.282ms p95=  0.320ms max=  0.512ms calls(last=  1,win= 120,total=5973) (win 1.7% | avg 1.7% budget)
  enemy.ai.movement                win=  0.229ms avg=  3.269ms p95=  3.982ms max= 10.143ms calls(last= 14,win=1715,total=20226) (win 1.4% | avg 19.6% budget)
  frame.render.hud.text            win=  0.226ms avg=  0.226ms p95=  0.264ms max=  0.567ms calls(last=  1,win= 120,total=5973) (win 1.4% | avg 1.4% budget)
  enemy.movement.overlap.is_blocked win=  0.168ms avg=  1.951ms p95=  2.374ms max=  6.240ms calls(last= 14,win=1391,total=17666) (win 1.0% | avg 11.7% budget)
  enemy.movement.overlap_check     win=  0.139ms avg=  1.986ms p95=  2.416ms max=  6.342ms calls(last= 14,win=1715,total=20225) (win 0.8% | avg 11.9% budget)
  system.physics_collision         win=  0.090ms avg=  0.166ms p95=  0.268ms max=  0.652ms calls(last=  2,win= 221,total=7418) (win 0.5% | avg 1.0% budget)
  enemy.physics.frontal_pair_traverse win=  0.088ms avg=  0.163ms p95=  0.181ms max=  0.620ms calls(last=  2,win= 221,total=3155) (win 0.5% | avg 1.0% budget)
  system.spawner_update            win=  0.085ms avg=  0.156ms p95=  0.194ms max=  0.708ms calls(last=  2,win= 221,total=7418) (win 0.5% | avg 0.9% budget)
  enemy.movement.separation_probe  win=  0.060ms avg=  0.860ms p95=  1.084ms max=  2.265ms calls(last= 14,win=1715,total=20225) (win 0.4% | avg 5.2% budget)
[ENEMY_STATS] frame=7320 alive=143 visible=4 full=7 cheap=136 fullInBase=0 pairs(frontal=0 checks=0 separation=0 resolved=0)
[ENEMY_WINDOW] steps=221 alive[min=142 max=143] visible[min=4 max=6] full[min=7 max=9] collisionPasses[runs=221 skips=0]
[ENEMY_SEGMENTS] window=3.683s D{b/s=12.76 avgLen=4.63 fail=0} T{b/s=0.00 avgLen=0.00 fail=0} H{b/s=0.00 avgLen=0.00 fail=0} A{b/s=0.00 avgLen=0.00 fail=0}
[ENEMY_GRID] frontal{cand/s=465.6 xcell/s=1.4 ins/s=467.0} separation{cand/s=465.6}
[ENEMY_COLLISION_WINDOW] frontal{pairs/s=0.0 checks/s=0.0 baseSkip=0 kill=0(0.0%)} separation{pairs/s=0.0 resolved/s=0.0(0.0%) baseSkip=0 kill=0 wallBlock=0}
[ENEMY_UNCOUPLE] entries=0 reentryResets=0(0.0%) reason{frontal=0 separation=0 wallContact=0}
[ENEMY_KILL_DEBUG] enemyEnemy{events=0 frontal=0 separation=0 reenterEither=0 reenterBoth=0 wallContact=0 dist[min=0.000 avg=0.000 max=0.000]}
[ENEMY_NAV_CACHE] playerCell{changes=0 flowRebuilds=0} flow{hit=0 miss=0 hit%=0.0} pathFallback{calls=0 ok=0 ok%=0.0}
[ENEMY_ASSASSIN_CHEAP_RECOVERY] failByStage{s0=0 s1=0 s2=0} recoverByStage{s0=0 s1=0 s2=0} emergency{attempt=0 success=0} noFlowSkips=0
[ENEMY_ASSASSIN_WALL_ENTRIES] byPhase{cheap=0 uncouple=0 full=0}
[ENEMY_SAP] updates=31594 active=1715 pairs=0 repairs{x=1866 y=1858}
[ENEMY_PAIR_TYPES] frontal DD=0 DT=0 DH=0 DA=0 TT=0 TH=0 TA=0 HH=0 HA=0 AA=0 separation DD=0 DT=0 DH=0 DA=0 TT=0 TH=0 TA=0 HH=0 HA=0 AA=0
[ENEMY_KILL_DEBUG_COLLISION] projectile{kills=1 wallContact=0}

[PROFILE] frame=7440 budget=16.667ms alloc(+90/-90, +666096b/-666096b, live=338328b peak=665600b)
  frame.total                      win= 33.305ms avg= 33.305ms p95= 47.046ms max=288.505ms calls(last=  1,win= 120,total=7440) (win 199.8% | avg 199.8% budget)
  frame.fixed_step                 win= 12.253ms avg= 24.506ms p95= 38.375ms max= 43.040ms calls(last=  3,win= 240,total=9034) (win 73.5% | avg 147.0% budget)
  frame.render                     win=  8.746ms avg=  8.746ms p95=  8.994ms max=288.455ms calls(last=  1,win= 120,total=7440) (win 52.5% | avg 52.5% budget)
  frame.present                    win=  7.092ms avg=  7.092ms p95=  7.342ms max=288.446ms calls(last=  1,win= 120,total=7440) (win 42.5% | avg 42.5% budget)
  game.update                      win=  6.118ms avg= 12.237ms p95= 20.043ms max= 25.513ms calls(last=  3,win= 240,total=7658) (win 36.7% | avg 73.4% budget)
  system.ai_update                 win=  5.872ms avg= 11.744ms p95= 19.135ms max= 24.646ms calls(last=  3,win= 240,total=7658) (win 35.2% | avg 70.5% budget)
  enemy.update                     win=  5.867ms avg= 11.734ms p95= 19.120ms max= 24.630ms calls(last=  3,win= 240,total=7658) (win 35.2% | avg 70.4% budget)
  frame.render.world               win=  2.829ms avg=  2.829ms p95=  3.073ms max= 11.886ms calls(last=  1,win= 120,total=6093) (win 17.0% | avg 17.0% budget)
  frame.render.world.maze          win=  1.217ms avg=  1.217ms p95=  1.302ms max=  3.017ms calls(last=  1,win= 120,total=6093) (win 7.3% | avg 7.3% budget)
  frame.render.hud                 win=  0.849ms avg=  0.849ms p95=  0.903ms max=  2.830ms calls(last=  1,win= 120,total=6093) (win 5.1% | avg 5.1% budget)
  enemy.physics.frontal_collisions win=  0.481ms avg=  0.963ms p95=  1.411ms max=  2.335ms calls(last=  3,win= 240,total=3395) (win 2.9% | avg 5.8% budget)
  frame.render.world.effects       win=  0.481ms avg=  0.481ms p95=  0.598ms max=  2.700ms calls(last=  1,win= 120,total=6093) (win 2.9% | avg 2.9% budget)
  frame.render.hud.minimap         win=  0.437ms avg=  0.437ms p95=  0.464ms max=  1.799ms calls(last=  1,win= 120,total=6093) (win 2.6% | avg 2.6% budget)
  frame.render.world.enemies       win=  0.363ms avg=  0.363ms p95=  0.412ms max=  0.705ms calls(last=  1,win= 120,total=6093) (win 2.2% | avg 2.2% budget)
  enemy.physics.frontal_grid_build win=  0.356ms avg=  0.713ms p95=  1.048ms max=  1.889ms calls(last=  3,win= 240,total=3395) (win 2.1% | avg 4.3% budget)
  frame.render.world.enemies.draw  win=  0.300ms avg=  0.300ms p95=  0.351ms max=  0.636ms calls(last=  1,win= 120,total=6093) (win 1.8% | avg 1.8% budget)
  enemy.ai.movement                win=  0.268ms avg=  4.331ms p95=  7.350ms max= 10.143ms calls(last= 33,win=1942,total=22168) (win 1.6% | avg 26.0% budget)
  frame.render.hud.text            win=  0.229ms avg=  0.229ms p95=  0.264ms max=  0.570ms calls(last=  1,win= 120,total=6093) (win 1.4% | avg 1.4% budget)
  enemy.movement.overlap_check     win=  0.172ms avg=  2.779ms p95=  4.796ms max=  6.342ms calls(last= 33,win=1942,total=22167) (win 1.0% | avg 16.7% budget)
  enemy.movement.overlap.is_blocked win=  0.169ms avg=  2.733ms p95=  4.714ms max=  6.240ms calls(last= 33,win=1942,total=19608) (win 1.0% | avg 16.4% budget)
  enemy.physics.frontal_pair_traverse win=  0.087ms avg=  0.174ms p95=  0.257ms max=  0.620ms calls(last=  3,win= 240,total=3395) (win 0.5% | avg 1.0% budget)
  system.spawner_update            win=  0.083ms avg=  0.165ms p95=  0.243ms max=  0.708ms calls(last=  3,win= 240,total=7658) (win 0.5% | avg 1.0% budget)
  enemy.movement.separation_probe  win=  0.060ms avg=  0.978ms p95=  1.600ms max=  2.265ms calls(last= 33,win=1942,total=22167) (win 0.4% | avg 5.9% budget)
  frame.render.world.effects.projectiles win=  0.056ms avg=  0.015ms p95=  0.071ms max=  0.253ms calls(last=  1,win=  33,total=1626) (win 0.3% | avg 0.1% budget)
[ENEMY_STATS] frame=7440 alive=144 visible=7 full=11 cheap=133 fullInBase=0 pairs(frontal=0 checks=0 separation=0 resolved=0)
[ENEMY_WINDOW] steps=240 alive[min=143 max=144] visible[min=4 max=7] full[min=7 max=11] collisionPasses[runs=240 skips=0]
[ENEMY_SEGMENTS] window=4.000s D{b/s=15.25 avgLen=5.04 fail=0} T{b/s=0.00 avgLen=0.00 fail=0} H{b/s=0.00 avgLen=0.00 fail=0} A{b/s=0.00 avgLen=0.00 fail=0}
[ENEMY_GRID] frontal{cand/s=486.5 xcell/s=1.3 ins/s=487.8} separation{cand/s=486.5}
[ENEMY_COLLISION_WINDOW] frontal{pairs/s=0.0 checks/s=0.0 baseSkip=0 kill=0(0.0%)} separation{pairs/s=0.0 resolved/s=0.0(0.0%) baseSkip=0 kill=0 wallBlock=0}
[ENEMY_UNCOUPLE] entries=0 reentryResets=0(0.0%) reason{frontal=0 separation=0 wallContact=0}
[ENEMY_KILL_DEBUG] enemyEnemy{events=0 frontal=0 separation=0 reenterEither=0 reenterBoth=0 wallContact=0 dist[min=0.000 avg=0.000 max=0.000]}
[ENEMY_NAV_CACHE] playerCell{changes=0 flowRebuilds=0} flow{hit=0 miss=0 hit%=0.0} pathFallback{calls=0 ok=0 ok%=0.0}
[ENEMY_ASSASSIN_CHEAP_RECOVERY] failByStage{s0=0 s1=0 s2=0} recoverByStage{s0=0 s1=0 s2=0} emergency{attempt=0 success=0} noFlowSkips=0
[ENEMY_ASSASSIN_WALL_ENTRIES] byPhase{cheap=0 uncouple=0 full=0}
[ENEMY_SAP] updates=34527 active=1946 pairs=0 repairs{x=1157 y=1127}
[ENEMY_PAIR_TYPES] frontal DD=0 DT=0 DH=0 DA=0 TT=0 TH=0 TA=0 HH=0 HA=0 AA=0 separation DD=0 DT=0 DH=0 DA=0 TT=0 TH=0 TA=0 HH=0 HA=0 AA=0
[ENEMY_KILL_DEBUG_COLLISION] projectile{kills=0 wallContact=0}

[PROFILE] frame=7560 budget=16.667ms alloc(+60/-60, +444000b/-444000b, live=338328b peak=665600b)
  frame.total                      win= 39.858ms avg= 39.858ms p95= 49.956ms max=288.505ms calls(last=  1,win= 120,total=7560) (win 239.1% | avg 239.1% budget)
  frame.fixed_step                 win= 12.950ms avg= 31.081ms p95= 41.113ms max= 43.040ms calls(last=  2,win= 288,total=9322) (win 77.7% | avg 186.5% budget)
  frame.render                     win=  8.721ms avg=  8.721ms p95=  9.067ms max=288.455ms calls(last=  1,win= 120,total=7560) (win 52.3% | avg 52.3% budget)
  frame.present                    win=  7.064ms avg=  7.064ms p95=  7.282ms max=288.446ms calls(last=  1,win= 120,total=7560) (win 42.4% | avg 42.4% budget)
  game.update                      win=  6.849ms avg= 16.436ms p95= 22.720ms max= 25.513ms calls(last=  2,win= 288,total=7946) (win 41.1% | avg 98.6% budget)
  system.ai_update                 win=  6.574ms avg= 15.777ms p95= 21.808ms max= 24.646ms calls(last=  2,win= 288,total=7946) (win 39.4% | avg 94.7% budget)
  enemy.update                     win=  6.569ms avg= 15.766ms p95= 21.794ms max= 24.630ms calls(last=  2,win= 288,total=7946) (win 39.4% | avg 94.6% budget)
  frame.render.world               win=  2.889ms avg=  2.889ms p95=  3.104ms max= 11.886ms calls(last=  1,win= 120,total=6213) (win 17.3% | avg 17.3% budget)
  frame.render.world.maze          win=  1.180ms avg=  1.180ms p95=  1.246ms max=  3.017ms calls(last=  1,win= 120,total=6213) (win 7.1% | avg 7.1% budget)
  frame.render.hud                 win=  0.826ms avg=  0.826ms p95=  0.895ms max=  2.830ms calls(last=  1,win= 120,total=6213) (win 5.0% | avg 5.0% budget)
  frame.render.world.effects       win=  0.529ms avg=  0.529ms p95=  0.620ms max=  2.700ms calls(last=  1,win= 120,total=6213) (win 3.2% | avg 3.2% budget)
  enemy.physics.frontal_collisions win=  0.481ms avg=  1.155ms p95=  1.466ms max=  2.335ms calls(last=  2,win= 288,total=3683) (win 2.9% | avg 6.9% budget)
  frame.render.hud.minimap         win=  0.423ms avg=  0.423ms p95=  0.470ms max=  1.799ms calls(last=  1,win= 120,total=6213) (win 2.5% | avg 2.5% budget)
  frame.render.world.enemies       win=  0.401ms avg=  0.401ms p95=  0.446ms max=  0.705ms calls(last=  1,win= 120,total=6213) (win 2.4% | avg 2.4% budget)
  enemy.physics.frontal_grid_build win=  0.354ms avg=  0.850ms p95=  1.077ms max=  1.889ms calls(last=  2,win= 288,total=3683) (win 2.1% | avg 5.1% budget)
  frame.render.world.enemies.draw  win=  0.338ms avg=  0.338ms p95=  0.383ms max=  0.636ms calls(last=  1,win= 120,total=6213) (win 2.0% | avg 2.0% budget)
  enemy.ai.movement                win=  0.269ms avg=  5.949ms p95=  8.804ms max= 10.143ms calls(last= 18,win=2656,total=24824) (win 1.6% | avg 35.7% budget)
  frame.render.hud.text            win=  0.225ms avg=  0.225ms p95=  0.262ms max=  0.570ms calls(last=  1,win= 120,total=6213) (win 1.3% | avg 1.3% budget)
  enemy.movement.overlap_check     win=  0.172ms avg=  3.796ms p95=  5.605ms max=  6.342ms calls(last= 18,win=2656,total=24823) (win 1.0% | avg 22.8% budget)
  enemy.movement.overlap.is_blocked win=  0.169ms avg=  3.732ms p95=  5.509ms max=  6.240ms calls(last= 18,win=2656,total=22264) (win 1.0% | avg 22.4% budget)
  enemy.physics.frontal_pair_traverse win=  0.088ms avg=  0.212ms p95=  0.273ms max=  0.620ms calls(last=  2,win= 288,total=3683) (win 0.5% | avg 1.3% budget)
  system.spawner_update            win=  0.084ms avg=  0.201ms p95=  0.256ms max=  0.708ms calls(last=  2,win= 288,total=7946) (win 0.5% | avg 1.2% budget)
  system.physics_collision         win=  0.081ms avg=  0.194ms p95=  0.331ms max=  0.652ms calls(last=  2,win= 288,total=7946) (win 0.5% | avg 1.2% budget)
  enemy.movement.separation_probe  win=  0.060ms avg=  1.334ms p95=  1.966ms max=  2.265ms calls(last= 18,win=2656,total=24823) (win 0.4% | avg 8.0% budget)
[ENEMY_STATS] frame=7560 alive=144 visible=8 full=9 cheap=135 fullInBase=0 pairs(frontal=0 checks=0 separation=0 resolved=0)
[ENEMY_WINDOW] steps=288 alive[min=144 max=144] visible[min=7 max=8] full[min=8 max=11] collisionPasses[runs=288 skips=0]
[ENEMY_SEGMENTS] window=4.800s D{b/s=13.33 avgLen=5.36 fail=1} T{b/s=0.00 avgLen=0.00 fail=0} H{b/s=0.00 avgLen=0.00 fail=0} A{b/s=0.00 avgLen=0.00 fail=0}
[ENEMY_GRID] frontal{cand/s=552.9 xcell/s=2.7 ins/s=555.6} separation{cand/s=552.9}
[ENEMY_COLLISION_WINDOW] frontal{pairs/s=0.0 checks/s=0.0 baseSkip=0 kill=0(0.0%)} separation{pairs/s=0.0 resolved/s=0.0(0.0%) baseSkip=0 kill=0 wallBlock=0}
[ENEMY_UNCOUPLE] entries=0 reentryResets=0(0.0%) reason{frontal=0 separation=0 wallContact=0}
[ENEMY_KILL_DEBUG] enemyEnemy{events=0 frontal=0 separation=0 reenterEither=0 reenterBoth=0 wallContact=0 dist[min=0.000 avg=0.000 max=0.000]}
[ENEMY_NAV_CACHE] playerCell{changes=0 flowRebuilds=0} flow{hit=0 miss=0 hit%=0.0} pathFallback{calls=0 ok=0 ok%=0.0}
[ENEMY_ASSASSIN_CHEAP_RECOVERY] failByStage{s0=0 s1=0 s2=0} recoverByStage{s0=0 s1=0 s2=0} emergency{attempt=0 success=0} noFlowSkips=0
[ENEMY_ASSASSIN_WALL_ENTRIES] byPhase{cheap=0 uncouple=0 full=0}
[ENEMY_SAP] updates=41472 active=2654 pairs=0 repairs{x=1668 y=1647}
[ENEMY_PAIR_TYPES] frontal DD=0 DT=0 DH=0 DA=0 TT=0 TH=0 TA=0 HH=0 HA=0 AA=0 separation DD=0 DT=0 DH=0 DA=0 TT=0 TH=0 TA=0 HH=0 HA=0 AA=0
[ENEMY_KILL_DEBUG_COLLISION] projectile{kills=2 wallContact=0}

[PROFILE] frame=7680 budget=16.667ms alloc(+30/-30, +222032b/-222032b, live=338328b peak=665600b)
  frame.total                      win= 39.200ms avg= 39.200ms p95= 50.207ms max=288.505ms calls(last=  1,win= 120,total=7680) (win 235.2% | avg 235.2% budget)
  frame.fixed_step                 win= 12.887ms avg= 30.500ms p95= 41.490ms max= 43.661ms calls(last=  1,win= 284,total=9606) (win 77.3% | avg 183.0% budget)
  frame.render                     win=  8.644ms avg=  8.644ms p95=  8.974ms max=288.455ms calls(last=  1,win= 120,total=7680) (win 51.9% | avg 51.9% budget)
  frame.present                    win=  7.003ms avg=  7.003ms p95=  7.279ms max=288.446ms calls(last=  1,win= 120,total=7680) (win 42.0% | avg 42.0% budget)
  game.update                      win=  6.774ms avg= 16.033ms p95= 23.039ms max= 25.513ms calls(last=  1,win= 284,total=8230) (win 40.6% | avg 96.2% budget)
  system.ai_update                 win=  6.466ms avg= 15.304ms p95= 21.900ms max= 24.646ms calls(last=  1,win= 284,total=8230) (win 38.8% | avg 91.8% budget)
  enemy.update                     win=  6.462ms avg= 15.293ms p95= 21.884ms max= 24.630ms calls(last=  1,win= 284,total=8230) (win 38.8% | avg 91.8% budget)
  frame.render.world               win=  2.848ms avg=  2.848ms p95=  3.132ms max= 11.886ms calls(last=  1,win= 120,total=6333) (win 17.1% | avg 17.1% budget)
  frame.render.world.maze          win=  1.146ms avg=  1.146ms p95=  1.227ms max=  3.017ms calls(last=  1,win= 120,total=6333) (win 6.9% | avg 6.9% budget)
  frame.render.hud                 win=  0.826ms avg=  0.826ms p95=  0.888ms max=  2.830ms calls(last=  1,win= 120,total=6333) (win 5.0% | avg 5.0% budget)
  frame.render.world.effects       win=  0.568ms avg=  0.568ms p95=  0.669ms max=  2.700ms calls(last=  1,win= 120,total=6333) (win 3.4% | avg 3.4% budget)
  enemy.physics.frontal_collisions win=  0.489ms avg=  1.157ms p95=  1.528ms max=  2.335ms calls(last=  1,win= 284,total=3967) (win 2.9% | avg 6.9% budget)
  frame.render.hud.minimap         win=  0.423ms avg=  0.423ms p95=  0.466ms max=  1.799ms calls(last=  1,win= 120,total=6333) (win 2.5% | avg 2.5% budget)
  frame.render.world.enemies       win=  0.373ms avg=  0.373ms p95=  0.428ms max=  0.705ms calls(last=  1,win= 120,total=6333) (win 2.2% | avg 2.2% budget)
  enemy.physics.frontal_grid_build win=  0.351ms avg=  0.831ms p95=  1.071ms max=  1.889ms calls(last=  1,win= 284,total=3967) (win 2.1% | avg 5.0% budget)
  frame.render.world.enemies.draw  win=  0.310ms avg=  0.310ms p95=  0.364ms max=  0.636ms calls(last=  1,win= 120,total=6333) (win 1.9% | avg 1.9% budget)
  enemy.ai.movement                win=  0.258ms avg=  5.513ms p95=  7.951ms max= 10.143ms calls(last=  8,win=2565,total=27389) (win 1.5% | avg 33.1% budget)
  frame.render.hud.text            win=  0.226ms avg=  0.226ms p95=  0.268ms max=  0.570ms calls(last=  1,win= 120,total=6333) (win 1.4% | avg 1.4% budget)
  enemy.movement.overlap.is_blocked win=  0.169ms avg=  3.396ms p95=  4.990ms max=  6.240ms calls(last=  7,win=2410,total=24674) (win 1.0% | avg 20.4% budget)
  enemy.movement.overlap_check     win=  0.162ms avg=  3.456ms p95=  5.077ms max=  6.342ms calls(last=  8,win=2565,total=27388) (win 1.0% | avg 20.7% budget)
  system.physics_collision         win=  0.110ms avg=  0.261ms p95=  0.544ms max=  0.670ms calls(last=  1,win= 284,total=8230) (win 0.7% | avg 1.6% budget)
  enemy.physics.frontal_pair_traverse win=  0.098ms avg=  0.233ms p95=  0.331ms max=  0.620ms calls(last=  1,win= 284,total=3967) (win 0.6% | avg 1.4% budget)
  frame.render.world.effects.projectiles win=  0.093ms avg=  0.093ms p95=  0.147ms max=  0.253ms calls(last=  1,win= 119,total=1865) (win 0.6% | avg 0.6% budget)
  system.spawner_update            win=  0.083ms avg=  0.196ms p95=  0.252ms max=  0.708ms calls(last=  1,win= 284,total=8230) (win 0.5% | avg 1.2% budget)
[ENEMY_STATS] frame=7680 alive=144 visible=5 full=8 cheap=136 fullInBase=0 pairs(frontal=0 checks=0 separation=0 resolved=0)
[ENEMY_WINDOW] steps=284 alive[min=144 max=144] visible[min=3 max=8] full[min=7 max=10] collisionPasses[runs=284 skips=0]
[ENEMY_SEGMENTS] window=4.733s D{b/s=13.52 avgLen=5.19 fail=5} T{b/s=0.00 avgLen=0.00 fail=0} H{b/s=0.00 avgLen=0.00 fail=0} A{b/s=0.00 avgLen=0.00 fail=0}
[ENEMY_GRID] frontal{cand/s=541.7 xcell/s=2.1 ins/s=543.8} separation{cand/s=541.7}
[ENEMY_COLLISION_WINDOW] frontal{pairs/s=5.9 checks/s=5.9 baseSkip=0 kill=0(0.0%)} separation{pairs/s=5.9 resolved/s=0.0(0.0%) baseSkip=0 kill=0 wallBlock=0}
[ENEMY_UNCOUPLE] entries=0 reentryResets=0(0.0%) reason{frontal=0 separation=0 wallContact=0}
[ENEMY_KILL_DEBUG] enemyEnemy{events=0 frontal=0 separation=0 reenterEither=0 reenterBoth=0 wallContact=0 dist[min=0.000 avg=0.000 max=0.000]}
[ENEMY_NAV_CACHE] playerCell{changes=0 flowRebuilds=0} flow{hit=0 miss=0 hit%=0.0} pathFallback{calls=0 ok=0 ok%=0.0}
[ENEMY_ASSASSIN_CHEAP_RECOVERY] failByStage{s0=0 s1=0 s2=0} recoverByStage{s0=0 s1=0 s2=0} emergency{attempt=0 success=0} noFlowSkips=0
[ENEMY_ASSASSIN_WALL_ENTRIES] byPhase{cheap=0 uncouple=0 full=0}
[ENEMY_SAP] updates=40896 active=2564 pairs=28 repairs{x=298 y=312}
[ENEMY_PAIR_TYPES] frontal DD=0 DT=28 DH=0 DA=0 TT=0 TH=0 TA=0 HH=0 HA=0 AA=0 separation DD=0 DT=28 DH=0 DA=0 TT=0 TH=0 TA=0 HH=0 HA=0 AA=0
[ENEMY_KILL_DEBUG_COLLISION] projectile{kills=0 wallContact=0}

[PROFILE] frame=7800 budget=16.667ms alloc(+60/-60, +444000b/-444000b, live=338328b peak=665600b)
  frame.total                      win= 31.486ms avg= 31.486ms p95= 34.305ms max=288.505ms calls(last=  1,win= 120,total=7800) (win 188.9% | avg 188.9% budget)
  frame.fixed_step                 win= 12.051ms avg= 22.897ms p95= 25.523ms max= 43.661ms calls(last=  2,win= 228,total=9834) (win 72.3% | avg 137.4% budget)
  frame.render                     win=  8.535ms avg=  8.535ms p95=  8.876ms max=288.455ms calls(last=  1,win= 120,total=7800) (win 51.2% | avg 51.2% budget)
  frame.present                    win=  6.872ms avg=  6.872ms p95=  7.228ms max=288.446ms calls(last=  1,win= 120,total=7800) (win 41.2% | avg 41.2% budget)
  game.update                      win=  5.882ms avg= 11.176ms p95= 13.222ms max= 25.513ms calls(last=  2,win= 228,total=8458) (win 35.3% | avg 67.1% budget)
  system.ai_update                 win=  5.661ms avg= 10.756ms p95= 12.723ms max= 24.646ms calls(last=  2,win= 228,total=8458) (win 34.0% | avg 64.5% budget)
  enemy.update                     win=  5.656ms avg= 10.747ms p95= 12.708ms max= 24.630ms calls(last=  2,win= 228,total=8458) (win 33.9% | avg 64.5% budget)
  frame.render.world               win=  2.721ms avg=  2.721ms p95=  3.051ms max= 11.886ms calls(last=  1,win= 120,total=6453) (win 16.3% | avg 16.3% budget)
  frame.render.world.maze          win=  1.252ms avg=  1.252ms p95=  1.357ms max=  3.017ms calls(last=  1,win= 120,total=6453) (win 7.5% | avg 7.5% budget)
  frame.render.hud                 win=  0.823ms avg=  0.823ms p95=  0.875ms max=  2.830ms calls(last=  1,win= 120,total=6453) (win 4.9% | avg 4.9% budget)
  frame.render.world.effects       win=  0.599ms avg=  0.599ms p95=  0.914ms max=  2.700ms calls(last=  1,win= 120,total=6453) (win 3.6% | avg 3.6% budget)
  enemy.physics.frontal_collisions win=  0.481ms avg=  0.914ms p95=  1.027ms max=  2.335ms calls(last=  2,win= 228,total=4195) (win 2.9% | avg 5.5% budget)
  frame.render.hud.minimap         win=  0.423ms avg=  0.423ms p95=  0.472ms max=  1.799ms calls(last=  1,win= 120,total=6453) (win 2.5% | avg 2.5% budget)
  enemy.physics.frontal_grid_build win=  0.353ms avg=  0.670ms p95=  0.754ms max=  1.889ms calls(last=  2,win= 228,total=4195) (win 2.1% | avg 4.0% budget)
  frame.render.world.enemies       win=  0.335ms avg=  0.335ms p95=  0.383ms max=  0.705ms calls(last=  1,win= 120,total=6453) (win 2.0% | avg 2.0% budget)
  frame.render.world.enemies.draw  win=  0.270ms avg=  0.270ms p95=  0.318ms max=  0.636ms calls(last=  1,win= 120,total=6453) (win 1.6% | avg 1.6% budget)
  enemy.ai.movement                win=  0.236ms avg=  3.619ms p95=  4.146ms max= 10.143ms calls(last= 18,win=1843,total=29232) (win 1.4% | avg 21.7% budget)
  frame.render.hud.text            win=  0.220ms avg=  0.220ms p95=  0.255ms max=  0.570ms calls(last=  1,win= 120,total=6453) (win 1.3% | avg 1.3% budget)
  enemy.movement.overlap.is_blocked win=  0.170ms avg=  2.143ms p95=  2.483ms max=  6.240ms calls(last= 12,win=1517,total=26191) (win 1.0% | avg 12.9% budget)
  enemy.movement.overlap_check     win=  0.142ms avg=  2.180ms p95=  2.525ms max=  6.342ms calls(last= 18,win=1843,total=29231) (win 0.9% | avg 13.1% budget)
  enemy.physics.frontal_pair_traverse win=  0.090ms avg=  0.172ms p95=  0.232ms max=  0.620ms calls(last=  2,win= 228,total=4195) (win 0.5% | avg 1.0% budget)
  system.spawner_update            win=  0.086ms avg=  0.163ms p95=  0.202ms max=  0.708ms calls(last=  2,win= 228,total=8458) (win 0.5% | avg 1.0% budget)
  enemy.movement.separation_probe  win=  0.061ms avg=  0.932ms p95=  1.105ms max=  2.265ms calls(last= 18,win=1843,total=29231) (win 0.4% | avg 5.6% budget)
  enemy.cheap.segment_build        win=  0.059ms avg=  0.027ms p95=  0.120ms max=  0.376ms calls(last=  1,win=  56,total=1852) (win 0.4% | avg 0.2% budget)
[ENEMY_STATS] frame=7800 alive=144 visible=3 full=9 cheap=135 fullInBase=0 pairs(frontal=1 checks=1 separation=1 resolved=0)
[ENEMY_WINDOW] steps=228 alive[min=144 max=144] visible[min=3 max=5] full[min=7 max=9] collisionPasses[runs=228 skips=0]
[ENEMY_SEGMENTS] window=3.800s D{b/s=14.21 avgLen=4.77 fail=2} T{b/s=0.00 avgLen=0.00 fail=0} H{b/s=0.00 avgLen=0.00 fail=0} A{b/s=0.00 avgLen=0.00 fail=0}
[ENEMY_GRID] frontal{cand/s=485.3 xcell/s=2.6 ins/s=487.9} separation{cand/s=485.3}
[ENEMY_COLLISION_WINDOW] frontal{pairs/s=1.8 checks/s=1.8 baseSkip=0 kill=0(0.0%)} separation{pairs/s=1.8 resolved/s=0.0(0.0%) baseSkip=0 kill=0 wallBlock=0}
[ENEMY_UNCOUPLE] entries=0 reentryResets=0(0.0%) reason{frontal=0 separation=0 wallContact=0}
[ENEMY_KILL_DEBUG] enemyEnemy{events=0 frontal=0 separation=0 reenterEither=0 reenterBoth=0 wallContact=0 dist[min=0.000 avg=0.000 max=0.000]}
[ENEMY_NAV_CACHE] playerCell{changes=0 flowRebuilds=0} flow{hit=0 miss=0 hit%=0.0} pathFallback{calls=0 ok=0 ok%=0.0}
[ENEMY_ASSASSIN_CHEAP_RECOVERY] failByStage{s0=0 s1=0 s2=0} recoverByStage{s0=0 s1=0 s2=0} emergency{attempt=0 success=0} noFlowSkips=0
[ENEMY_ASSASSIN_WALL_ENTRIES] byPhase{cheap=0 uncouple=0 full=0}
[ENEMY_SAP] updates=32832 active=1844 pairs=7 repairs{x=233 y=232}
[ENEMY_PAIR_TYPES] frontal DD=0 DT=7 DH=0 DA=0 TT=0 TH=0 TA=0 HH=0 HA=0 AA=0 separation DD=0 DT=7 DH=0 DA=0 TT=0 TH=0 TA=0 HH=0 HA=0 AA=0
[ENEMY_KILL_DEBUG_COLLISION] projectile{kills=0 wallContact=0}

[PROFILE] frame=7920 budget=16.667ms alloc(+0/-0, +0b/-0b, live=338328b peak=665600b)
  frame.total                      win= 19.443ms avg= 19.443ms p95= 31.968ms max=288.505ms calls(last=  1,win= 120,total=7920) (win 116.7% | avg 116.7% budget)
  frame.render                     win= 14.745ms avg= 14.745ms p95= 17.110ms max=288.455ms calls(last=  1,win= 120,total=7920) (win 88.5% | avg 88.5% budget)
  frame.present                    win= 14.397ms avg= 14.397ms p95= 17.102ms max=288.446ms calls(last=  1,win= 120,total=7920) (win 86.4% | avg 86.4% budget)
  game.update                      win=  5.619ms avg=  2.107ms p95= 11.543ms max= 25.513ms calls(last=  0,win=  45,total=8503) (win 33.7% | avg 12.6% budget)
  system.ai_update                 win=  5.448ms avg=  2.043ms p95= 11.206ms max= 24.646ms calls(last=  0,win=  45,total=8503) (win 32.7% | avg 12.3% budget)
  enemy.update                     win=  5.443ms avg=  2.041ms p95= 11.196ms max= 24.630ms calls(last=  0,win=  45,total=8503) (win 32.7% | avg 12.2% budget)
  frame.fixed_step                 win=  3.735ms avg=  4.389ms p95= 23.700ms max= 43.661ms calls(last=  1,win= 141,total=9975) (win 22.4% | avg 26.3% budget)
  frame.render.world               win=  2.476ms avg=  0.516ms p95=  2.518ms max= 11.886ms calls(last=  0,win=  25,total=6478) (win 14.9% | avg 3.1% budget)
  frame.render.world.maze          win=  1.255ms avg=  0.262ms p95=  1.255ms max=  3.017ms calls(INFO: TEXTURE: [ID 10] Unloaded texture data from VRAM (GPU)
INFO: TEXTURE: [ID 11] Unloaded texture data from VRAM (GPU)
INFO: FBO: [ID 1] Unloaded framebuffer from VRAM (GPU)
INFO: FBO: [ID 2] Unloaded framebuffer from VRAM (GPU)
INFO: FBO: [ID 3] Unloaded framebuffer from VRAM (GPU)
INFO: TEXTURE: [ID 15] Unloaded texture data from VRAM (GPU)
INFO: TEXTURE: [ID 16] Unloaded texture data from VRAM (GPU)
INFO: TEXTURE: [ID 17] Unloaded texture data from VRAM (GPU)
INFO: TEXTURE: [ID 18] Unloaded texture data from VRAM (GPU)
INFO: TEXTURE: [ID 19] Unloaded texture data from VRAM (GPU)
INFO: TEXTURE: [ID 3] Unloaded texture data from VRAM (GPU)
INFO: TEXTURE: [ID 4] Unloaded texture data from VRAM (GPU)
INFO: TEXTURE: [ID 5] Unloaded texture data from VRAM (GPU)
INFO: TEXTURE: [ID 6] Unloaded texture data from VRAM (GPU)
INFO: TEXTURE: [ID 7] Unloaded texture data from VRAM (GPU)
INFO: TEXTURE: [ID 8] Unloaded texture data from VRAM (GPU)
INFO: TEXTURE: [ID 9] Unloaded texture data from VRAM (GPU)
INFO: STREAM: Unloaded audio stream data from RAM
INFO: AUDIO: Device closed successfully
INFO: TEXTURE: [ID 2] Unloaded texture data from VRAM (GPU)
INFO: SHADER: [ID 3] Default shader unloaded successfully
INFO: TEXTURE: [ID 1] Default texture unloaded successfully
ERROR: Could not restore CRTC
INFO: Window closed successfully
last=  0,win=  25,total=6478) (win 7.5% | avg 1.6% budget)
  frame.render.hud                 win=  0.818ms avg=  0.170ms p95=  0.837ms max=  2.830ms calls(last=  0,win=  25,total=6478) (win 4.9% | avg 1.0% budget)
  enemy.physics.frontal_collisions win=  0.491ms avg=  0.184ms p95=  0.988ms max=  2.335ms calls(last=  0,win=  45,total=4240) (win 2.9% | avg 1.1% budget)
  frame.render.world.effects       win=  0.465ms avg=  0.097ms p95=  0.490ms max=  2.700ms calls(last=  0,win=  25,total=6478) (win 2.8% | avg 0.6% budget)
  frame.render.hud.minimap         win=  0.414ms avg=  0.086ms p95=  0.413ms max=  1.799ms calls(last=  0,win=  25,total=6478) (win 2.5% | avg 0.5% budget)
  enemy.physics.frontal_grid_build win=  0.349ms avg=  0.131ms p95=  0.703ms max=  1.889ms calls(last=  0,win=  45,total=4240) (win 2.1% | avg 0.8% budget)
  frame.render.world.enemies       win=  0.330ms avg=  0.069ms p95=  0.328ms max=  0.705ms calls(last=  0,win=  25,total=6478) (win 2.0% | avg 0.4% budget)
  frame.render.world.enemies.draw  win=  0.266ms avg=  0.055ms p95=  0.263ms max=  0.636ms calls(last=  0,win=  25,total=6478) (win 1.6% | avg 0.3% budget)
  menu.music                       win=  0.254ms avg=  0.254ms p95=  0.756ms max=  3.546ms calls(last=  1,win= 120,total=7920) (win 1.5% | avg 1.5% budget)
  frame.render.hud.text            win=  0.221ms avg=  0.046ms p95=  0.220ms max=  0.570ms calls(last=  0,win=  25,total=6478) (win 1.3% | avg 0.3% budget)
  enemy.ai.movement                win=  0.203ms avg=  0.686ms p95=  3.657ms max= 10.143ms calls(last=  0,win= 405,total=29637) (win 1.2% | avg 4.1% budget)
  enemy.movement.overlap.is_blocked win=  0.168ms avg=  0.379ms p95=  2.018ms max=  6.240ms calls(last=  0,win= 270,total=26461) (win 1.0% | avg 2.3% budget)
  enemy.movement.overlap_check     win=  0.114ms avg=  0.386ms p95=  2.058ms max=  6.342ms calls(last=  0,win= 405,total=29636) (win 0.7% | avg 2.3% budget)
  enemy.physics.frontal_pair_traverse win=  0.103ms avg=  0.039ms p95=  0.222ms max=  0.620ms calls(last=  0,win=  45,total=4240) (win 0.6% | avg 0.2% budget)
  system.spawner_update            win=  0.085ms avg=  0.032ms p95=  0.173ms max=  0.708ms calls(last=  0,win=  45,total=8503) (win 0.5% | avg 0.2% budget)
  enemy.movement.separation_probe  win=  0.060ms avg=  0.203ms p95=  1.076ms max=  2.265ms calls(last=  0,win= 405,total=29636) (win 0.4% | avg 1.2% budget)
