ark@rg353v:/roms2/ports/bolt$ rm profile.log
ark@rg353v:/roms2/ports/bolt$ rm profile.log
ark@rg353v:/roms2/ports/bolt$ cat profile.log
INFO: Initializing raylib 5.6-dev
INFO: Platform backend: DESKTOP (SDL)
INFO: Supported raylib modules:
INFO:     > rcore:..... loaded (mandatory)
INFO:     > rlgl:...... loaded (mandatory)
INFO:     > rshapes:... loaded (optional)
INFO:     > rtextures:. loaded (optional)
INFO:     > rtext:..... loaded (optional)
INFO:     > rmodels:... loaded (optional)
INFO:     > raudio:.... loaded (optional)
arm_release_ver: g13p0-01eac0, rk_so_ver: 11
INFO: DISPLAY: Device initialized successfully
INFO:     > Display size: 640 x 480
INFO:     > Screen size:  640 x 480
INFO:     > Render size:  640 x 480
INFO:     > Viewport offsets: 0, 0
INFO: GLAD: OpenGL ES 2.0 loaded successfully
INFO: GL: Supported extensions count: 99
INFO: GL: OpenGL device information:
INFO:     > Vendor:   ARM
INFO:     > Renderer: Mali-G52
INFO:     > Version:  OpenGL ES 3.2 v1.g13p0-01eac0.fdf91928d758c45c1787782175b35c6a
INFO:     > GLSL:     OpenGL ES GLSL ES 3.20
INFO: GL: VAO extension detected, VAO functions loaded successfully
INFO: GL: NPOT textures extension detected, full NPOT textures supported
INFO: GL: ETC1 compressed textures supported
INFO: GL: ASTC compressed textures supported
INFO: PLATFORM: DESKTOP (SDL2): Initialized successfully
INFO: TEXTURE: [ID 1] Texture loaded successfully (1x1 | R8G8B8A8 | 1 mipmaps)
INFO: TEXTURE: [ID 1] Default texture loaded successfully
INFO: SHADER: [ID 1] Vertex shader compiled successfully
INFO: SHADER: [ID 2] Fragment shader compiled successfully
INFO: SHADER: [ID 3] Program shader loaded successfully
INFO: SHADER: [ID 3] Default shader loaded successfully
INFO: RLGL: Render batch vertex buffers loaded successfully in RAM (CPU)
INFO: RLGL: Render batch vertex buffers loaded successfully in VRAM (GPU)
INFO: RLGL: Default OpenGL state initialized successfully
INFO: TEXTURE: [ID 2] Texture loaded successfully (128x128 | GRAY_ALPHA | 1 mipmaps)
INFO: FONT: Default font loaded successfully (224 glyphs)
INFO: SYSTEM: Working Directory: /roms2/ports/bolt
INFO: TIMER: Target time per frame: 16.667 milliseconds
INFO: FILEIO: [resources/textures/sprites.png] File loaded successfully
INFO: IMAGE: Data loaded successfully (18x63 | R8G8B8A8 | 1 mipmaps)
INFO: TEXTURE: [ID 3] Texture loaded successfully (72x9 | R8G8B8A8 | 1 mipmaps)
INFO: TEXTURE: [ID 4] Texture loaded successfully (72x36 | R8G8B8A8 | 1 mipmaps)
INFO: AUDIO: Device initialized successfully
INFO:     > Backend:       miniaudio | ALSA
INFO:     > Format:        32-bit IEEE Floating Point -> 32-bit IEEE Floating Point
INFO:     > Channels:      2 -> 2
INFO:     > Sample rate:   44100 -> 44100
INFO:     > Periods size:  3072
INFO: FILEIO: [resources/audio/keyboard-click.wav] File loaded successfully
INFO: WAVE: Data loaded successfully (48000 Hz, 16 bit, 1 channels)
INFO: AUDIO: menu click sound loaded from: resources/audio/keyboard-click.wav
INFO: FILEIO: [resources/audio/power-up.wav] File loaded successfully
INFO: WAVE: Data loaded successfully (48000 Hz, 16 bit, 1 channels)
INFO: AUDIO: power-up sound loaded from: resources/audio/power-up.wav
INFO: FILEIO: [resources/audio/player-shot.wav] File loaded successfully
INFO: WAVE: Data loaded successfully (48000 Hz, 16 bit, 1 channels)
INFO: AUDIO: player-shot sound loaded from: resources/audio/player-shot.wav
INFO: FILEIO: [resources/audio/enemy-shot.wav] File loaded successfully
INFO: WAVE: Data loaded successfully (48000 Hz, 16 bit, 1 channels)
INFO: AUDIO: enemy-shot sound loaded from: resources/audio/enemy-shot.wav
INFO: FILEIO: [resources/audio/enemy-spawning.wav] File loaded successfully
INFO: WAVE: Data loaded successfully (48000 Hz, 16 bit, 1 channels)
INFO: AUDIO: enemy-spawning sound loaded from: resources/audio/enemy-spawning.wav
INFO: FILEIO: [resources/audio/enemy-exploding.wav] File loaded successfully
INFO: WAVE: Data loaded successfully (48000 Hz, 16 bit, 1 channels)
INFO: AUDIO: enemy-exploding sound loaded from: resources/audio/enemy-exploding.wav
INFO: FILEIO: [resources/audio/base-exploding.wav] File loaded successfully
INFO: WAVE: Data loaded successfully (48000 Hz, 16 bit, 1 channels)
INFO: AUDIO: base-exploding sound loaded from: resources/audio/base-exploding.wav

[PROFILE] frame=120 budget=16.667ms alloc(+0/-0, +0b/-0b, live=0b peak=56b)
  frame.total                      win= 17.116ms avg= 17.116ms p95= 16.976ms max= 38.666ms calls(last=  1,win= 120,total=120) (win 102.7% | avg 102.7% budget)
  frame.render                     win= 17.077ms avg= 17.077ms p95= 16.936ms max= 38.623ms calls(last=  1,win= 120,total=120) (win 102.5% | avg 102.5% budget)
  frame.present                    win= 17.070ms avg= 17.070ms p95= 16.929ms max= 38.615ms calls(last=  1,win= 120,total=120) (win 102.4% | avg 102.4% budget)
  frame.input_poll                 win=  0.027ms avg=  0.027ms p95=  0.029ms max=  0.043ms calls(last=  1,win= 120,total=120) (win 0.2% | avg 0.2% budget)
  frame.fixed_step                 win=  0.002ms avg=  0.002ms p95=  0.003ms max=  0.040ms calls(last=  1,win= 124,total=124) (win 0.0% | avg 0.0% budget)

[PROFILE] frame=240 budget=16.667ms alloc(+0/-0, +0b/-0b, live=0b peak=488b)
  frame.total                      win= 16.907ms avg= 16.907ms p95= 16.975ms max= 38.666ms calls(last=  1,win= 120,total=240) (win 101.4% | avg 101.4% budget)
  frame.render                     win= 16.868ms avg= 16.868ms p95= 16.932ms max= 38.623ms calls(last=  1,win= 120,total=240) (win 101.2% | avg 101.2% budget)
  frame.present                    win= 16.861ms avg= 16.861ms p95= 16.924ms max= 38.615ms calls(last=  1,win= 120,total=240) (win 101.2% | avg 101.2% budget)
  frame.input_poll                 win=  0.027ms avg=  0.027ms p95=  0.028ms max=  0.043ms calls(last=  1,win= 120,total=240) (win 0.2% | avg 0.2% budget)
  frame.fixed_step                 win=  0.002ms avg=  0.002ms p95=  0.003ms max=  0.040ms calls(last=  1,win= 122,total=246) (win 0.0% | avg 0.0% budget)

[PROFILE] frame=360 budget=16.667ms alloc(+0/-0, +0b/-0b, live=0b peak=488b)
  frame.total                      win= 16.908ms avg= 16.908ms p95= 17.037ms max= 38.666ms calls(last=  1,win= 120,total=360) (win 101.4% | avg 101.4% budget)
  frame.render                     win= 16.869ms avg= 16.869ms p95= 16.996ms max= 38.623ms calls(last=  1,win= 120,total=360) (win 101.2% | avg 101.2% budget)
  frame.present                    win= 16.862ms avg= 16.862ms p95= 16.989ms max= 38.615ms calls(last=  1,win= 120,total=360) (win 101.2% | avg 101.2% budget)
  frame.input_poll                 win=  0.027ms avg=  0.027ms p95=  0.029ms max=  0.043ms calls(last=  1,win= 120,total=360) (win 0.2% | avg 0.2% budget)
  frame.fixed_step                 win=  0.002ms avg=  0.002ms p95=  0.003ms max=  0.040ms calls(last=  1,win= 123,total=369) (win 0.0% | avg 0.0% budget)

[PROFILE] frame=480 budget=16.667ms alloc(+21/-21, +136664b/-136664b, live=50744b peak=187256b)
  frame.total                      win= 17.557ms avg= 17.557ms p95= 17.367ms max= 82.653ms calls(last=  1,win= 120,total=480) (win 105.3% | avg 105.3% budget)
  frame.render                     win= 15.665ms avg= 15.665ms p95= 16.896ms max= 82.616ms calls(last=  1,win= 120,total=480) (win 94.0% | avg 94.0% budget)
  frame.present                    win= 15.658ms avg= 15.658ms p95= 16.890ms max= 82.609ms calls(last=  1,win= 120,total=480) (win 93.9% | avg 93.9% budget)
  frame.render.world               win=  4.267ms avg=  7.609ms p95=  8.992ms max= 10.844ms calls(last=  2,win= 214,total=214) (win 25.6% | avg 45.7% budget)
  frame.render.overlay             win=  2.968ms avg=  2.646ms p95=  3.628ms max=  3.862ms calls(last=  1,win= 107,total=107) (win 17.8% | avg 15.9% budget)
  frame.fixed_step                 win=  1.764ms avg=  1.853ms p95=  2.173ms max= 17.040ms calls(last=  1,win= 126,total=495) (win 10.6% | avg 11.1% budget)
  game.update                      win=  1.475ms avg=  1.389ms p95=  1.600ms max= 15.748ms calls(last=  1,win= 113,total=113) (win 8.8% | avg 8.3% budget)
  system.ai_update                 win=  1.397ms avg=  1.316ms p95=  1.516ms max= 15.588ms calls(last=  1,win= 113,total=113) (win 8.4% | avg 7.9% budget)
  enemy.update                     win=  1.390ms avg=  1.309ms p95=  1.510ms max= 15.524ms calls(last=  1,win= 113,total=113) (win 8.3% | avg 7.9% budget)
  frame.render.world.enemies       win=  1.131ms avg=  1.008ms p95=  1.249ms max=  1.438ms calls(last=  1,win= 107,total=107) (win 6.8% | avg 6.0% budget)
  frame.render.world.maze          win=  0.895ms avg=  0.798ms p95=  0.996ms max=  1.229ms calls(last=  1,win= 107,total=107) (win 5.4% | avg 4.8% budget)
  frame.render.world.effects       win=  0.405ms avg=  0.361ms p95=  0.514ms max=  0.855ms calls(last=  1,win= 107,total=107) (win 2.4% | avg 2.2% budget)
  enemy.type.torpedo               win=  0.110ms avg=  0.001ms p95=  0.000ms max=  0.110ms calls(last=  1,win=   1,total=1) (win 0.7% | avg 0.0% budget)
  enemy.cheap.segment_build        win=  0.072ms avg=  0.005ms p95=  0.067ms max=  0.078ms calls(last=  1,win=   8,total=8) (win 0.4% | avg 0.0% budget)
  frame.input_poll                 win=  0.028ms avg=  0.028ms p95=  0.029ms max=  0.047ms calls(last=  1,win= 120,total=480) (win 0.2% | avg 0.2% budget)
  system.spawner_update            win=  0.026ms avg=  0.024ms p95=  0.162ms max=  0.194ms calls(last=  1,win= 113,total=113) (win 0.2% | avg 0.1% budget)
  system.physics_collision         win=  0.017ms avg=  0.016ms p95=  0.022ms max=  0.055ms calls(last=  1,win= 113,total=113) (win 0.1% | avg 0.1% budget)
  enemy.type.hunter                win=  0.012ms avg=  0.018ms p95=  0.031ms max=  0.106ms calls(last=  3,win= 191,total=191) (win 0.1% | avg 0.1% budget)
  enemy.type.drone                 win=  0.006ms avg=  0.006ms p95=  0.009ms max=  0.082ms calls(last=  2,win= 129,total=129) (win 0.0% | avg 0.0% budget)
  enemy.type.assassin              win=  0.005ms avg=  0.002ms p95=  0.003ms max=  0.086ms calls(last=  1,win=  56,total=56) (win 0.0% | avg 0.0% budget)
  system.projectile_update         win=  0.003ms avg=  0.003ms p95=  0.004ms max=  0.009ms calls(last=  1,win= 113,total=113) (win 0.0% | avg 0.0% budget)
  system.maze_update               win=  0.001ms avg=  0.001ms p95=  0.002ms max=  0.003ms calls(last=  1,win= 113,total=113) (win 0.0% | avg 0.0% budget)
[ENEMY_STATS] frame=480 alive=7 visible=0 full=0 cheap=7 fullInBase=0 pairs(frontal=0 checks=0 separation=0 resolved=0)
[ENEMY_WINDOW] steps=114 alive[min=0 max=7] visible[min=0 max=0] full[min=0 max=0] collisionPasses[runs=0 skips=114]
[ENEMY_SEGMENTS] window=1.900s D{b/s=1.05 avgLen=5.03 fail=0} T{b/s=0.53 avgLen=2.83 fail=0} H{b/s=2.11 avgLen=4.68 fail=0} A{b/s=0.53 avgLen=7.68 fail=0}
[ENEMY_GRID] frontal{cand/s=0.0 xcell/s=0.0 ins/s=0.0} separation{cand/s=0.0}
[ENEMY_COLLISION_WINDOW] frontal{pairs/s=0.0 checks/s=0.0 baseSkip=0 kill=0(0.0%)} separation{pairs/s=0.0 resolved/s=0.0(0.0%) baseSkip=0 kill=0 wallBlock=0}
[ENEMY_NAV_CACHE] playerCell{changes=1 flowRebuilds=1} flow{hit=0 miss=0 hit%=0.0} pathFallback{calls=0 ok=0 ok%=0.0}
[ENEMY_SAP] updates=0 active=0 pairs=0 repairs{x=0 y=0}
[ENEMY_PAIR_TYPES] frontal DD=0 DT=0 DH=0 DA=0 TT=0 TH=0 TA=0 HH=0 HA=0 AA=0 separation DD=0 DT=0 DH=0 DA=0 TT=0 TH=0 TA=0 HH=0 HA=0 AA=0

[PROFILE] frame=600 budget=16.667ms alloc(+30/-30, +144416b/-144416b, live=58104b peak=202240b)
  frame.total                      win= 16.905ms avg= 16.905ms p95= 17.269ms max= 82.653ms calls(last=  1,win= 120,total=600) (win 101.4% | avg 101.4% budget)
  frame.render                     win= 14.762ms avg= 14.762ms p95= 15.154ms max= 82.616ms calls(last=  1,win= 120,total=600) (win 88.6% | avg 88.6% budget)
  frame.present                    win= 14.755ms avg= 14.755ms p95= 15.148ms max= 82.609ms calls(last=  1,win= 120,total=600) (win 88.5% | avg 88.5% budget)
  frame.render.world               win=  4.254ms avg=  8.508ms p95=  8.903ms max= 10.844ms calls(last=  2,win= 240,total=454) (win 25.5% | avg 51.0% budget)
  frame.render.overlay             win=  2.978ms avg=  2.978ms p95=  3.597ms max=  3.862ms calls(last=  1,win= 120,total=227) (win 17.9% | avg 17.9% budget)
  frame.fixed_step                 win=  2.070ms avg=  2.105ms p95=  2.247ms max= 17.040ms calls(last=  1,win= 122,total=617) (win 12.4% | avg 12.6% budget)
  game.update                      win=  1.522ms avg=  1.548ms p95=  1.687ms max= 15.748ms calls(last=  1,win= 122,total=235) (win 9.1% | avg 9.3% budget)
  system.ai_update                 win=  1.413ms avg=  1.437ms p95=  1.559ms max= 15.588ms calls(last=  1,win= 122,total=235) (win 8.5% | avg 8.6% budget)
  enemy.update                     win=  1.408ms avg=  1.431ms p95=  1.554ms max= 15.524ms calls(last=  1,win= 122,total=235) (win 8.4% | avg 8.6% budget)
  frame.render.world.enemies       win=  1.116ms avg=  1.116ms p95=  1.196ms max=  1.438ms calls(last=  1,win= 120,total=227) (win 6.7% | avg 6.7% budget)
  frame.render.world.maze          win=  0.878ms avg=  0.878ms p95=  0.958ms max=  1.229ms calls(last=  1,win= 120,total=227) (win 5.3% | avg 5.3% budget)
  frame.render.world.effects       win=  0.380ms avg=  0.380ms p95=  0.466ms max=  0.855ms calls(last=  1,win= 120,total=227) (win 2.3% | avg 2.3% budget)
  enemy.cheap.segment_build        win=  0.081ms avg=  0.009ms p95=  0.075ms max=  0.166ms calls(last=  0,win=  14,total=22) (win 0.5% | avg 0.1% budget)
  system.spawner_update            win=  0.033ms avg=  0.034ms p95=  0.186ms max=  0.201ms calls(last=  1,win= 122,total=235) (win 0.2% | avg 0.2% budget)
  frame.input_poll                 win=  0.027ms avg=  0.027ms p95=  0.028ms max=  0.047ms calls(last=  1,win= 120,total=600) (win 0.2% | avg 0.2% budget)
  system.player_update             win=  0.025ms avg=  0.024ms p95=  0.027ms max=  0.064ms calls(last=  1,win= 115,total=115) (win 0.1% | avg 0.1% budget)
  system.physics_collision         win=  0.019ms avg=  0.019ms p95=  0.021ms max=  0.055ms calls(last=  1,win= 122,total=235) (win 0.1% | avg 0.1% budget)
  enemy.type.hunter                win=  0.010ms avg=  0.036ms p95=  0.083ms max=  0.128ms calls(last=  4,win= 430,total=621) (win 0.1% | avg 0.2% budget)
  enemy.type.torpedo               win=  0.004ms avg=  0.009ms p95=  0.016ms max=  0.110ms calls(last=  4,win= 271,total=272) (win 0.0% | avg 0.1% budget)
  enemy.type.assassin              win=  0.004ms avg=  0.007ms p95=  0.009ms max=  0.093ms calls(last=  3,win= 221,total=277) (win 0.0% | avg 0.0% budget)
  enemy.type.drone                 win=  0.004ms avg=  0.016ms p95=  0.018ms max=  0.184ms calls(last=  4,win= 471,total=600) (win 0.0% | avg 0.1% budget)
  system.projectile_update         win=  0.004ms avg=  0.004ms p95=  0.004ms max=  0.027ms calls(last=  1,win= 122,total=235) (win 0.0% | avg 0.0% budget)
  system.maze_update               win=  0.001ms avg=  0.001ms p95=  0.001ms max=  0.003ms calls(last=  1,win= 122,total=235) (win 0.0% | avg 0.0% budget)
[ENEMY_STATS] frame=600 alive=15 visible=0 full=0 cheap=15 fullInBase=0 pairs(frontal=0 checks=0 separation=0 resolved=0)
[ENEMY_WINDOW] steps=122 alive[min=8 max=15] visible[min=0 max=0] full[min=0 max=0] collisionPasses[runs=0 skips=122]
[ENEMY_SEGMENTS] window=2.033s D{b/s=0.98 avgLen=6.63 fail=0} T{b/s=1.97 avgLen=6.46 fail=0} H{b/s=2.95 avgLen=4.52 fail=0} A{b/s=0.98 avgLen=6.28 fail=0}
[ENEMY_GRID] frontal{cand/s=0.0 xcell/s=0.0 ins/s=0.0} separation{cand/s=0.0}
[ENEMY_COLLISION_WINDOW] frontal{pairs/s=0.0 checks/s=0.0 baseSkip=0 kill=0(0.0%)} separation{pairs/s=0.0 resolved/s=0.0(0.0%) baseSkip=0 kill=0 wallBlock=0}
[ENEMY_NAV_CACHE] playerCell{changes=0 flowRebuilds=0} flow{hit=0 miss=0 hit%=0.0} pathFallback{calls=0 ok=0 ok%=0.0}
[ENEMY_SAP] updates=0 active=0 pairs=0 repairs{x=0 y=0}
[ENEMY_PAIR_TYPES] frontal DD=0 DT=0 DH=0 DA=0 TT=0 TH=0 TA=0 HH=0 HA=0 AA=0 separation DD=0 DT=0 DH=0 DA=0 TT=0 TH=0 TA=0 HH=0 HA=0 AA=0

[PROFILE] frame=720 budget=16.667ms alloc(+37/-37, +150392b/-150392b, live=72824b peak=222800b)
  frame.total                      win= 16.959ms avg= 16.959ms p95= 17.432ms max= 82.653ms calls(last=  1,win= 120,total=720) (win 101.8% | avg 101.8% budget)
  frame.render                     win= 14.566ms avg= 14.566ms p95= 15.212ms max= 82.616ms calls(last=  1,win= 120,total=720) (win 87.4% | avg 87.4% budget)
  frame.present                    win= 14.559ms avg= 14.559ms p95= 15.206ms max= 82.609ms calls(last=  1,win= 120,total=720) (win 87.4% | avg 87.4% budget)
  frame.render.world               win=  4.524ms avg=  9.049ms p95=  9.441ms max= 10.844ms calls(last=  2,win= 240,total=694) (win 27.1% | avg 54.3% budget)
  frame.render.overlay             win=  3.009ms avg=  3.009ms p95=  3.649ms max=  3.862ms calls(last=  1,win= 120,total=347) (win 18.1% | avg 18.1% budget)
  frame.fixed_step                 win=  2.297ms avg=  2.354ms p95=  2.446ms max= 17.040ms calls(last=  1,win= 123,total=740) (win 13.8% | avg 14.1% budget)
  game.update                      win=  1.691ms avg=  1.733ms p95=  1.832ms max= 15.748ms calls(last=  1,win= 123,total=358) (win 10.1% | avg 10.4% budget)
  system.ai_update                 win=  1.570ms avg=  1.609ms p95=  1.703ms max= 15.588ms calls(last=  1,win= 123,total=358) (win 9.4% | avg 9.7% budget)
  enemy.update                     win=  1.564ms avg=  1.603ms p95=  1.697ms max= 15.524ms calls(last=  1,win= 123,total=358) (win 9.4% | avg 9.6% budget)
  frame.render.world.enemies       win=  1.128ms avg=  1.128ms p95=  1.260ms max=  1.438ms calls(last=  1,win= 120,total=347) (win 6.8% | avg 6.8% budget)
  frame.render.world.maze          win=  1.083ms avg=  1.083ms p95=  1.191ms max=  1.391ms calls(last=  1,win= 120,total=347) (win 6.5% | avg 6.5% budget)
  frame.render.world.effects       win=  0.385ms avg=  0.385ms p95=  0.465ms max=  0.855ms calls(last=  1,win= 120,total=347) (win 2.3% | avg 2.3% budget)
  enemy.cheap.segment_build        win=  0.073ms avg=  0.010ms p95=  0.074ms max=  0.173ms calls(last=  1,win=  17,total=39) (win 0.4% | avg 0.1% budget)
  system.spawner_update            win=  0.037ms avg=  0.038ms p95=  0.186ms max=  0.203ms calls(last=  1,win= 123,total=358) (win 0.2% | avg 0.2% budget)
  frame.input_poll                 win=  0.028ms avg=  0.028ms p95=  0.029ms max=  0.047ms calls(last=  1,win= 120,total=720) (win 0.2% | avg 0.2% budget)
  system.player_update             win=  0.027ms avg=  0.028ms p95=  0.030ms max=  0.064ms calls(last=  1,win= 123,total=238) (win 0.2% | avg 0.2% budget)
  system.physics_collision         win=  0.020ms avg=  0.021ms p95=  0.023ms max=  0.056ms calls(last=  1,win= 123,total=358) (win 0.1% | avg 0.1% budget)
  enemy.type.hunter                win=  0.009ms avg=  0.041ms p95=  0.109ms max=  0.142ms calls(last=  6,win= 570,total=1191) (win 0.1% | avg 0.2% budget)
  enemy.type.torpedo               win=  0.004ms avg=  0.019ms p95=  0.038ms max=  0.110ms calls(last=  6,win= 631,total=903) (win 0.0% | avg 0.1% budget)
  enemy.type.drone                 win=  0.004ms avg=  0.018ms p95=  0.027ms max=  0.184ms calls(last=  6,win= 586,total=1186) (win 0.0% | avg 0.1% budget)
  system.projectile_update         win=  0.003ms avg=  0.004ms p95=  0.004ms max=  0.043ms calls(last=  1,win= 123,total=358) (win 0.0% | avg 0.0% budget)
  enemy.type.assassin              win=  0.003ms avg=  0.010ms p95=  0.010ms max=  0.187ms calls(last=  3,win= 369,total=646) (win 0.0% | avg 0.1% budget)
  system.maze_update               win=  0.001ms avg=  0.001ms p95=  0.001ms max=  0.003ms calls(last=  1,win= 123,total=358) (win 0.0% | avg 0.0% budget)
[ENEMY_STATS] frame=720 alive=21 visible=0 full=0 cheap=21 fullInBase=0 pairs(frontal=0 checks=0 separation=0 resolved=0)
[ENEMY_WINDOW] steps=123 alive[min=15 max=21] visible[min=0 max=0] full[min=0 max=0] collisionPasses[runs=0 skips=123]
[ENEMY_SEGMENTS] window=2.050s D{b/s=1.46 avgLen=3.98 fail=0} T{b/s=1.95 avgLen=5.93 fail=2} H{b/s=3.90 avgLen=4.71 fail=0} A{b/s=0.49 avgLen=3.58 fail=0}
[ENEMY_GRID] frontal{cand/s=0.0 xcell/s=0.0 ins/s=0.0} separation{cand/s=0.0}
[ENEMY_COLLISION_WINDOW] frontal{pairs/s=0.0 checks/s=0.0 baseSkip=0 kill=0(0.0%)} separation{pairs/s=0.0 resolved/s=0.0(0.0%) baseSkip=0 kill=0 wallBlock=0}
[ENEMY_NAV_CACHE] playerCell{changes=1 flowRebuilds=1} flow{hit=0 miss=0 hit%=0.0} pathFallback{calls=0 ok=0 ok%=0.0}
[ENEMY_SAP] updates=0 active=0 pairs=0 repairs{x=0 y=0}
[ENEMY_PAIR_TYPES] frontal DD=0 DT=0 DH=0 DA=0 TT=0 TH=0 TA=0 HH=0 HA=0 AA=0 separation DD=0 DT=0 DH=0 DA=0 TT=0 TH=0 TA=0 HH=0 HA=0 AA=0

[PROFILE] frame=840 budget=16.667ms alloc(+41/-41, +154248b/-154248b, live=72824b peak=226616b)
  frame.total                      win= 17.020ms avg= 17.020ms p95= 17.492ms max= 82.653ms calls(last=  1,win= 120,total=840) (win 102.1% | avg 102.1% budget)
  frame.render                     win= 14.416ms avg= 14.416ms p95= 15.078ms max= 82.616ms calls(last=  1,win= 120,total=840) (win 86.5% | avg 86.5% budget)
  frame.present                    win= 14.408ms avg= 14.408ms p95= 15.072ms max= 82.609ms calls(last=  1,win= 120,total=840) (win 86.5% | avg 86.5% budget)
  frame.render.world               win=  4.502ms avg=  9.003ms p95=  9.379ms max= 10.844ms calls(last=  2,win= 240,total=934) (win 27.0% | avg 54.0% budget)
  frame.render.overlay             win=  2.987ms avg=  2.987ms p95=  3.579ms max=  3.862ms calls(last=  1,win= 120,total=467) (win 17.9% | avg 17.9% budget)
  frame.fixed_step                 win=  2.503ms avg=  2.565ms p95=  2.593ms max= 17.040ms calls(last=  1,win= 123,total=863) (win 15.0% | avg 15.4% budget)
  game.update                      win=  1.830ms avg=  1.875ms p95=  1.950ms max= 15.748ms calls(last=  1,win= 123,total=481) (win 11.0% | avg 11.3% budget)
  system.ai_update                 win=  1.705ms avg=  1.748ms p95=  1.736ms max= 15.588ms calls(last=  1,win= 123,total=481) (win 10.2% | avg 10.5% budget)
  enemy.update                     win=  1.700ms avg=  1.742ms p95=  1.730ms max= 15.524ms calls(last=  1,win= 123,total=481) (win 10.2% | avg 10.5% budget)
  frame.render.world.enemies       win=  1.113ms avg=  1.113ms p95=  1.200ms max=  1.438ms calls(last=  1,win= 120,total=467) (win 6.7% | avg 6.7% budget)
  frame.render.world.maze          win=  1.051ms avg=  1.051ms p95=  1.162ms max=  1.391ms calls(last=  1,win= 120,total=467) (win 6.3% | avg 6.3% budget)
  frame.render.world.effects       win=  0.374ms avg=  0.374ms p95=  0.441ms max=  0.855ms calls(last=  1,win= 120,total=467) (win 2.2% | avg 2.2% budget)
  enemy.cheap.segment_build        win=  0.068ms avg=  0.014ms p95=  0.074ms max=  0.173ms calls(last=  1,win=  24,total=63) (win 0.4% | avg 0.1% budget)
  system.spawner_update            win=  0.039ms avg=  0.040ms p95=  0.189ms max=  0.333ms calls(last=  1,win= 123,total=481) (win 0.2% | avg 0.2% budget)
  system.player_update             win=  0.028ms avg=  0.028ms p95=  0.037ms max=  0.066ms calls(last=  1,win= 123,total=361) (win 0.2% | avg 0.2% budget)
  frame.input_poll                 win=  0.027ms avg=  0.027ms p95=  0.029ms max=  0.047ms calls(last=  1,win= 120,total=840) (win 0.2% | avg 0.2% budget)
  system.physics_collision         win=  0.021ms avg=  0.021ms p95=  0.024ms max=  0.056ms calls(last=  1,win= 123,total=481) (win 0.1% | avg 0.1% budget)
  enemy.type.hunter                win=  0.007ms avg=  0.048ms p95=  0.115ms max=  0.153ms calls(last=  7,win= 805,total=1996) (win 0.0% | avg 0.3% budget)
  enemy.type.torpedo               win=  0.004ms avg=  0.023ms p95=  0.059ms max=  0.115ms calls(last=  7,win= 763,total=1666) (win 0.0% | avg 0.1% budget)
  system.projectile_update         win=  0.004ms avg=  0.004ms p95=  0.004ms max=  0.043ms calls(last=  1,win= 123,total=481) (win 0.0% | avg 0.0% budget)
  enemy.type.drone                 win=  0.003ms avg=  0.026ms p95=  0.033ms max=  0.184ms calls(last=  8,win= 916,total=2102) (win 0.0% | avg 0.2% budget)
  enemy.type.assassin              win=  0.003ms avg=  0.010ms p95=  0.010ms max=  0.187ms calls(last=  3,win= 369,total=1015) (win 0.0% | avg 0.1% budget)
  system.maze_update               win=  0.001ms avg=  0.001ms p95=  0.001ms max=  0.003ms calls(last=  1,win= 123,total=481) (win 0.0% | avg 0.0% budget)
[ENEMY_STATS] frame=840 alive=25 visible=0 full=0 cheap=25 fullInBase=0 pairs(frontal=0 checks=0 separation=0 resolved=0)
[ENEMY_WINDOW] steps=123 alive[min=21 max=25] visible[min=0 max=0] full[min=0 max=0] collisionPasses[runs=0 skips=123]
[ENEMY_SEGMENTS] window=2.050s D{b/s=1.95 avgLen=6.02 fail=0} T{b/s=2.93 avgLen=7.11 fail=0} H{b/s=3.90 avgLen=4.44 fail=4} A{b/s=0.98 avgLen=5.31 fail=0}
[ENEMY_GRID] frontal{cand/s=0.0 xcell/s=0.0 ins/s=0.0} separation{cand/s=0.0}
[ENEMY_COLLISION_WINDOW] frontal{pairs/s=0.0 checks/s=0.0 baseSkip=0 kill=0(0.0%)} separation{pairs/s=0.0 resolved/s=0.0(0.0%) baseSkip=0 kill=0 wallBlock=0}
[ENEMY_NAV_CACHE] playerCell{changes=2 flowRebuilds=2} flow{hit=0 miss=0 hit%=0.0} pathFallback{calls=0 ok=0 ok%=0.0}
[ENEMY_SAP] updates=0 active=0 pairs=0 repairs{x=0 y=0}
[ENEMY_PAIR_TYPES] frontal DD=0 DT=0 DH=0 DA=0 TT=0 TH=0 TA=0 HH=0 HA=0 AA=0 separation DD=0 DT=0 DH=0 DA=0 TT=0 TH=0 TA=0 HH=0 HA=0 AA=0

[PROFILE] frame=960 budget=16.667ms alloc(+49/-49, +162072b/-162072b, live=102264b peak=263800b)
  frame.total                      win= 17.084ms avg= 17.084ms p95= 17.385ms max= 82.653ms calls(last=  1,win= 120,total=960) (win 102.5% | avg 102.5% budget)
  frame.render                     win= 14.148ms avg= 14.148ms p95= 14.717ms max= 82.616ms calls(last=  1,win= 120,total=960) (win 84.9% | avg 84.9% budget)
  frame.present                    win= 14.140ms avg= 14.140ms p95= 14.710ms max= 82.609ms calls(last=  1,win= 120,total=960) (win 84.8% | avg 84.8% budget)
  frame.render.world               win=  4.586ms avg=  9.171ms p95=  9.629ms max= 10.844ms calls(last=  2,win= 240,total=1174) (win 27.5% | avg 55.0% budget)
  frame.render.overlay             win=  3.005ms avg=  3.005ms p95=  3.598ms max=  3.862ms calls(last=  1,win= 120,total=587) (win 18.0% | avg 18.0% budget)
  frame.fixed_step                 win=  2.804ms avg=  2.897ms p95=  4.839ms max= 17.040ms calls(last=  1,win= 124,total=987) (win 16.8% | avg 17.4% budget)
  game.update                      win=  2.052ms avg=  2.120ms p95=  3.443ms max= 15.748ms calls(last=  1,win= 124,total=605) (win 12.3% | avg 12.7% budget)
  system.ai_update                 win=  1.927ms avg=  1.992ms p95=  3.107ms max= 15.588ms calls(last=  1,win= 124,total=605) (win 11.6% | avg 11.9% budget)
  enemy.update                     win=  1.922ms avg=  1.986ms p95=  3.098ms max= 15.524ms calls(last=  1,win= 124,total=605) (win 11.5% | avg 11.9% budget)
  frame.render.world.enemies       win=  1.117ms avg=  1.117ms p95=  1.191ms max=  1.438ms calls(last=  1,win= 120,total=587) (win 6.7% | avg 6.7% budget)
  frame.render.world.maze          win=  1.108ms avg=  1.108ms p95=  1.232ms max=  1.448ms calls(last=  1,win= 120,total=587) (win 6.7% | avg 6.7% budget)
  frame.render.world.effects       win=  0.382ms avg=  0.382ms p95=  0.475ms max=  0.855ms calls(last=  1,win= 120,total=587) (win 2.3% | avg 2.3% budget)
  system.spawner_update            win=  0.041ms avg=  0.042ms p95=  0.179ms max=  0.333ms calls(last=  1,win= 124,total=605) (win 0.2% | avg 0.3% budget)
  enemy.cheap.segment_build        win=  0.040ms avg=  0.085ms p95=  0.132ms max=  0.202ms calls(last=  2,win= 253,total=316) (win 0.2% | avg 0.5% budget)
  frame.input_poll                 win=  0.028ms avg=  0.028ms p95=  0.028ms max=  0.078ms calls(last=  1,win= 120,total=960) (win 0.2% | avg 0.2% budget)
  system.player_update             win=  0.027ms avg=  0.028ms p95=  0.029ms max=  0.121ms calls(last=  1,win= 124,total=485) (win 0.2% | avg 0.2% budget)
  system.physics_collision         win=  0.020ms avg=  0.020ms p95=  0.023ms max=  0.056ms calls(last=  1,win= 124,total=605) (win 0.1% | avg 0.1% budget)
  enemy.type.hunter                win=  0.016ms avg=  0.130ms p95=  0.171ms max=  0.240ms calls(last=  9,win= 980,total=2976) (win 0.1% | avg 0.8% budget)
  enemy.type.assassin              win=  0.004ms avg=  0.015ms p95=  0.026ms max=  0.187ms calls(last=  4,win= 487,total=1502) (win 0.0% | avg 0.1% budget)
  enemy.type.torpedo               win=  0.004ms avg=  0.030ms p95=  0.064ms max=  0.115ms calls(last=  9,win=1013,total=2679) (win 0.0% | avg 0.2% budget)
  system.projectile_update         win=  0.003ms avg=  0.003ms p95=  0.004ms max=  0.043ms calls(last=  1,win= 124,total=605) (win 0.0% | avg 0.0% budget)
  enemy.type.drone                 win=  0.003ms avg=  0.031ms p95=  0.064ms max=  0.184ms calls(last= 11,win=1137,total=3239) (win 0.0% | avg 0.2% budget)
  system.maze_update               win=  0.001ms avg=  0.001ms p95=  0.002ms max=  0.003ms calls(last=  1,win= 124,total=605) (win 0.0% | avg 0.0% budget)
[ENEMY_STATS] frame=960 alive=33 visible=0 full=0 cheap=33 fullInBase=0 pairs(frontal=0 checks=0 separation=0 resolved=0)
[ENEMY_WINDOW] steps=124 alive[min=25 max=33] visible[min=0 max=0] full[min=0 max=0] collisionPasses[runs=0 skips=124]
[ENEMY_SEGMENTS] window=2.067s D{b/s=2.90 avgLen=4.48 fail=0} T{b/s=2.42 avgLen=4.94 fail=0} H{b/s=4.84 avgLen=4.33 fail=230} A{b/s=1.45 avgLen=4.64 fail=0}
[ENEMY_GRID] frontal{cand/s=0.0 xcell/s=0.0 ins/s=0.0} separation{cand/s=0.0}
[ENEMY_COLLISION_WINDOW] frontal{pairs/s=0.0 checks/s=0.0 baseSkip=0 kill=0(0.0%)} separation{pairs/s=0.0 resolved/s=0.0(0.0%) baseSkip=0 kill=0 wallBlock=0}
[ENEMY_NAV_CACHE] playerCell{changes=3 flowRebuilds=3} flow{hit=0 miss=0 hit%=0.0} pathFallback{calls=0 ok=0 ok%=0.0}
[ENEMY_SAP] updates=0 active=0 pairs=0 repairs{x=0 y=0}
[ENEMY_PAIR_TYPES] frontal DD=0 DT=0 DH=0 DA=0 TT=0 TH=0 TA=0 HH=0 HA=0 AA=0 separation DD=0 DT=0 DH=0 DA=0 TT=0 TH=0 TA=0 HH=0 HA=0 AA=0

[PROFILE] frame=1080 budget=16.667ms alloc(+57/-57, +168344b/-168344b, live=102264b peak=269696b)
  frame.total                      win= 17.028ms avg= 17.028ms p95= 17.513ms max= 82.653ms calls(last=  1,win= 120,total=1080) (win 102.2% | avg 102.2% budget)
  frame.render                     win= 13.990ms avg= 13.990ms p95= 14.653ms max= 82.616ms calls(last=  1,win= 120,total=1080) (win 83.9% | avg 83.9% budget)
  frame.present                    win= 13.983ms avg= 13.983ms p95= 14.645ms max= 82.609ms calls(last=  1,win= 120,total=1080) (win 83.9% | avg 83.9% budget)
  frame.render.world               win=  4.564ms avg=  9.128ms p95=  9.575ms max= 10.943ms calls(last=  2,win= 240,total=1414) (win 27.4% | avg 54.8% budget)
  frame.render.overlay             win=  3.047ms avg=  3.047ms p95=  3.669ms max=  3.904ms calls(last=  1,win= 120,total=707) (win 18.3% | avg 18.3% budget)
  frame.fixed_step                 win=  2.926ms avg=  2.999ms p95=  3.049ms max= 17.040ms calls(last=  1,win= 123,total=1110) (win 17.6% | avg 18.0% budget)
  game.update                      win=  2.050ms avg=  2.101ms p95=  2.106ms max= 15.748ms calls(last=  1,win= 123,total=728) (win 12.3% | avg 12.6% budget)
  system.ai_update                 win=  1.923ms avg=  1.971ms p95=  1.992ms max= 15.588ms calls(last=  1,win= 123,total=728) (win 11.5% | avg 11.8% budget)
  enemy.update                     win=  1.917ms avg=  1.965ms p95=  1.986ms max= 15.524ms calls(last=  1,win= 123,total=728) (win 11.5% | avg 11.8% budget)
  frame.render.world.enemies       win=  1.128ms avg=  1.128ms p95=  1.360ms max=  1.438ms calls(last=  1,win= 120,total=707) (win 6.8% | avg 6.8% budget)
  frame.render.world.maze          win=  1.015ms avg=  1.015ms p95=  1.121ms max=  1.448ms calls(last=  1,win= 120,total=707) (win 6.1% | avg 6.1% budget)
  frame.render.world.effects       win=  0.388ms avg=  0.388ms p95=  0.483ms max=  0.855ms calls(last=  1,win= 120,total=707) (win 2.3% | avg 2.3% budget)
  system.spawner_update            win=  0.041ms avg=  0.043ms p95=  0.169ms max=  0.333ms calls(last=  1,win= 123,total=728) (win 0.2% | avg 0.3% budget)
  enemy.cheap.segment_build        win=  0.040ms avg=  0.091ms p95=  0.135ms max=  0.202ms calls(last=  2,win= 275,total=591) (win 0.2% | avg 0.5% budget)
  frame.input_poll                 win=  0.027ms avg=  0.027ms p95=  0.029ms max=  0.078ms calls(last=  1,win= 120,total=1080) (win 0.2% | avg 0.2% budget)
  system.player_update             win=  0.026ms avg=  0.027ms p95=  0.028ms max=  0.121ms calls(last=  1,win= 123,total=608) (win 0.2% | avg 0.2% budget)
  system.physics_collision         win=  0.021ms avg=  0.022ms p95=  0.024ms max=  0.056ms calls(last=  1,win= 123,total=728) (win 0.1% | avg 0.1% budget)
  enemy.type.hunter                win=  0.014ms avg=  0.139ms p95=  0.176ms max=  0.274ms calls(last= 11,win=1214,total=4190) (win 0.1% | avg 0.8% budget)
  enemy.type.assassin              win=  0.004ms avg=  0.017ms p95=  0.029ms max=  0.187ms calls(last=  4,win= 492,total=1994) (win 0.0% | avg 0.1% budget)
  system.projectile_update         win=  0.003ms avg=  0.003ms p95=  0.004ms max=  0.043ms calls(last=  1,win= 123,total=728) (win 0.0% | avg 0.0% budget)
  enemy.type.torpedo               win=  0.003ms avg=  0.039ms p95=  0.074ms max=  0.115ms calls(last= 12,win=1379,total=4058) (win 0.0% | avg 0.2% budget)
  enemy.type.drone                 win=  0.003ms avg=  0.035ms p95=  0.063ms max=  0.184ms calls(last= 12,win=1367,total=4606) (win 0.0% | avg 0.2% budget)
  system.maze_update               win=  0.001ms avg=  0.001ms p95=  0.002ms max=  0.003ms calls(last=  1,win= 123,total=728) (win 0.0% | avg 0.0% budget)
[ENEMY_STATS] frame=1080 alive=39 visible=0 full=0 cheap=39 fullInBase=0 pairs(frontal=0 checks=0 separation=0 resolved=0)
[ENEMY_WINDOW] steps=123 alive[min=33 max=39] visible[min=0 max=0] full[min=0 max=0] collisionPasses[runs=0 skips=123]
[ENEMY_SEGMENTS] window=2.050s D{b/s=2.44 avgLen=5.74 fail=0} T{b/s=4.39 avgLen=5.60 fail=0} H{b/s=5.37 avgLen=4.54 fail=246} A{b/s=1.95 avgLen=5.67 fail=0}
[ENEMY_GRID] frontal{cand/s=0.0 xcell/s=0.0 ins/s=0.0} separation{cand/s=0.0}
[ENEMY_COLLISION_WINDOW] frontal{pairs/s=0.0 checks/s=0.0 baseSkip=0 kill=0(0.0%)} separation{pairs/s=0.0 resolved/s=0.0(0.0%) baseSkip=0 kill=0 wallBlock=0}
[ENEMY_NAV_CACHE] playerCell{changes=2 flowRebuilds=2} flow{hit=0 miss=0 hit%=0.0} pathFallback{calls=0 ok=0 ok%=0.0}
[ENEMY_SAP] updates=0 active=0 pairs=0 repairs{x=0 y=0}
[ENEMY_PAIR_TYPES] frontal DD=0 DT=0 DH=0 DA=0 TT=0 TH=0 TA=0 HH=0 HA=0 AA=0 separation DD=0 DT=0 DH=0 DA=0 TT=0 TH=0 TA=0 HH=0 HA=0 AA=0

[PROFILE] frame=1200 budget=16.667ms alloc(+60/-60, +172128b/-172128b, live=102264b peak=273704b)
  frame.total                      win= 17.086ms avg= 17.086ms p95= 17.472ms max= 82.653ms calls(last=  1,win= 120,total=1200) (win 102.5% | avg 102.5% budget)
  frame.render                     win= 13.848ms avg= 13.848ms p95= 14.502ms max= 82.616ms calls(last=  1,win= 120,total=1200) (win 83.1% | avg 83.1% budget)
  frame.present                    win= 13.840ms avg= 13.840ms p95= 14.495ms max= 82.609ms calls(last=  1,win= 120,total=1200) (win 83.0% | avg 83.0% budget)
  frame.render.world               win=  4.452ms avg=  8.905ms p95=  9.216ms max= 10.943ms calls(last=  2,win= 240,total=1654) (win 26.7% | avg 53.4% budget)
  frame.fixed_step                 win=  3.096ms avg=  3.199ms p95=  3.236ms max= 17.040ms calls(last=  1,win= 124,total=1234) (win 18.6% | avg 19.2% budget)
  frame.render.overlay             win=  3.045ms avg=  3.045ms p95=  3.682ms max=  3.904ms calls(last=  1,win= 120,total=827) (win 18.3% | avg 18.3% budget)
  game.update                      win=  2.117ms avg=  2.187ms p95=  2.220ms max= 15.748ms calls(last=  1,win= 124,total=852) (win 12.7% | avg 13.1% budget)
  system.ai_update                 win=  1.981ms avg=  2.047ms p95=  2.102ms max= 15.588ms calls(last=  1,win= 124,total=852) (win 11.9% | avg 12.3% budget)
  enemy.update                     win=  1.975ms avg=  2.041ms p95=  2.097ms max= 15.524ms calls(last=  1,win= 124,total=852) (win 11.9% | avg 12.2% budget)
  frame.render.world.enemies       win=  1.126ms avg=  1.126ms p95=  1.202ms max=  1.462ms calls(last=  1,win= 120,total=827) (win 6.8% | avg 6.8% budget)
  frame.render.world.maze          win=  0.885ms avg=  0.885ms p95=  1.034ms max=  1.448ms calls(last=  1,win= 120,total=827) (win 5.3% | avg 5.3% budget)
  frame.render.world.effects       win=  0.380ms avg=  0.380ms p95=  0.471ms max=  0.855ms calls(last=  1,win= 120,total=827) (win 2.3% | avg 2.3% budget)
  system.spawner_update            win=  0.047ms avg=  0.049ms p95=  0.171ms max=  0.372ms calls(last=  1,win= 124,total=852) (win 0.3% | avg 0.3% budget)
  enemy.cheap.segment_build        win=  0.039ms avg=  0.092ms p95=  0.126ms max=  0.247ms calls(last=  2,win= 281,total=872) (win 0.2% | avg 0.6% budget)
  frame.input_poll                 win=  0.027ms avg=  0.027ms p95=  0.028ms max=  0.078ms calls(last=  1,win= 120,total=1200) (win 0.2% | avg 0.2% budget)
  system.player_update             win=  0.026ms avg=  0.027ms p95=  0.030ms max=  0.121ms calls(last=  1,win= 124,total=732) (win 0.2% | avg 0.2% budget)
  system.physics_collision         win=  0.023ms avg=  0.024ms p95=  0.031ms max=  0.157ms calls(last=  1,win= 124,total=852) (win 0.1% | avg 0.1% budget)
  enemy.type.hunter                win=  0.013ms avg=  0.144ms p95=  0.193ms max=  0.274ms calls(last= 11,win=1364,total=5554) (win 0.1% | avg 0.9% budget)
  enemy.type.assassin              win=  0.004ms avg=  0.018ms p95=  0.028ms max=  0.187ms calls(last=  5,win= 613,total=2607) (win 0.0% | avg 0.1% budget)
  enemy.type.torpedo               win=  0.003ms avg=  0.045ms p95=  0.081ms max=  0.193ms calls(last= 14,win=1575,total=5633) (win 0.0% | avg 0.3% budget)
  enemy.type.drone                 win=  0.003ms avg=  0.044ms p95=  0.081ms max=  0.184ms calls(last= 13,win=1604,total=6210) (win 0.0% | avg 0.3% budget)
  system.projectile_update         win=  0.003ms avg=  0.003ms p95=  0.004ms max=  0.043ms calls(last=  1,win= 124,total=852) (win 0.0% | avg 0.0% budget)
  system.maze_update               win=  0.001ms avg=  0.001ms p95=  0.001ms max=  0.003ms calls(last=  1,win= 124,total=852) (win 0.0% | avg 0.0% budget)
[ENEMY_STATS] frame=1200 alive=43 visible=0 full=0 cheap=43 fullInBase=0 pairs(frontal=0 checks=0 separation=0 resolved=0)
[ENEMY_WINDOW] steps=124 alive[min=39 max=43] visible[min=0 max=0] full[min=0 max=0] collisionPasses[runs=0 skips=124]
[ENEMY_SEGMENTS] window=2.067s D{b/s=3.87 avgLen=4.81 fail=0} T{b/s=5.32 avgLen=7.42 fail=0} H{b/s=6.29 avgLen=5.33 fail=248} A{b/s=0.48 avgLen=3.62 fail=0}
[ENEMY_GRID] frontal{cand/s=0.0 xcell/s=0.0 ins/s=0.0} separation{cand/s=0.0}
[ENEMY_COLLISION_WINDOW] frontal{pairs/s=0.0 checks/s=0.0 baseSkip=0 kill=0(0.0%)} separation{pairs/s=0.0 resolved/s=0.0(0.0%) baseSkip=0 kill=0 wallBlock=0}
[ENEMY_NAV_CACHE] playerCell{changes=2 flowRebuilds=2} flow{hit=0 miss=0 hit%=0.0} pathFallback{calls=0 ok=0 ok%=0.0}
[ENEMY_SAP] updates=0 active=0 pairs=0 repairs{x=0 y=0}
[ENEMY_PAIR_TYPES] frontal DD=0 DT=0 DH=0 DA=0 TT=0 TH=0 TA=0 HH=0 HA=0 AA=0 separation DD=0 DT=0 DH=0 DA=0 TT=0 TH=0 TA=0 HH=0 HA=0 AA=0

[PROFILE] frame=1320 budget=16.667ms alloc(+69/-69, +180840b/-180840b, live=102264b peak=282232b)
  frame.total                      win= 17.050ms avg= 17.050ms p95= 17.519ms max= 82.653ms calls(last=  1,win= 120,total=1320) (win 102.3% | avg 102.3% budget)
  frame.render                     win= 13.592ms avg= 13.592ms p95= 14.400ms max= 82.616ms calls(last=  1,win= 120,total=1320) (win 81.6% | avg 81.6% budget)
  frame.present                    win= 13.585ms avg= 13.585ms p95= 14.392ms max= 82.609ms calls(last=  1,win= 120,total=1320) (win 81.5% | avg 81.5% budget)
  frame.render.world               win=  4.447ms avg=  8.893ms p95=  9.359ms max= 10.943ms calls(last=  2,win= 240,total=1894) (win 26.7% | avg 53.4% budget)
  frame.fixed_step                 win=  3.335ms avg=  3.418ms p95=  3.528ms max= 17.040ms calls(last=  1,win= 123,total=1357) (win 20.0% | avg 20.5% budget)
  frame.render.overlay             win=  3.053ms avg=  3.053ms p95=  3.809ms max=  3.904ms calls(last=  1,win= 120,total=947) (win 18.3% | avg 18.3% budget)
  game.update                      win=  2.198ms avg=  2.253ms p95=  2.312ms max= 15.748ms calls(last=  1,win= 123,total=975) (win 13.2% | avg 13.5% budget)
  system.ai_update                 win=  2.056ms avg=  2.107ms p95=  2.116ms max= 15.588ms calls(last=  1,win= 123,total=975) (win 12.3% | avg 12.6% budget)
  enemy.update                     win=  2.050ms avg=  2.101ms p95=  2.111ms max= 15.524ms calls(last=  1,win= 123,total=975) (win 12.3% | avg 12.6% budget)
  frame.render.world.enemies       win=  1.125ms avg=  1.125ms p95=  1.229ms max=  1.462ms calls(last=  1,win= 120,total=947) (win 6.7% | avg 6.7% budget)
  frame.render.world.maze          win=  0.832ms avg=  0.832ms p95=  0.984ms max=  1.448ms calls(last=  1,win= 120,total=947) (win 5.0% | avg 5.0% budget)
  frame.render.world.effects       win=  0.379ms avg=  0.379ms p95=  0.519ms max=  0.855ms calls(last=  1,win= 120,total=947) (win 2.3% | avg 2.3% budget)
  system.spawner_update            win=  0.053ms avg=  0.054ms p95=  0.205ms max=  0.372ms calls(last=  1,win= 123,total=975) (win 0.3% | avg 0.3% budget)
  enemy.cheap.segment_build        win=  0.039ms avg=  0.092ms p95=  0.142ms max=  0.247ms calls(last=  2,win= 284,total=1156) (win 0.2% | avg 0.6% budget)
  frame.input_poll                 win=  0.028ms avg=  0.028ms p95=  0.029ms max=  0.078ms calls(last=  1,win= 120,total=1320) (win 0.2% | avg 0.2% budget)
  system.player_update             win=  0.026ms avg=  0.027ms p95=  0.029ms max=  0.121ms calls(last=  1,win= 123,total=855) (win 0.2% | avg 0.2% budget)
  system.physics_collision         win=  0.023ms avg=  0.023ms p95=  0.027ms max=  0.157ms calls(last=  1,win= 123,total=975) (win 0.1% | avg 0.1% budget)
  enemy.type.hunter                win=  0.011ms avg=  0.151ms p95=  0.195ms max=  0.278ms calls(last= 15,win=1650,total=7204) (win 0.1% | avg 0.9% budget)
  enemy.type.assassin              win=  0.004ms avg=  0.021ms p95=  0.037ms max=  0.187ms calls(last=  6,win= 708,total=3315) (win 0.0% | avg 0.1% budget)
  system.projectile_update         win=  0.003ms avg=  0.003ms p95=  0.004ms max=  0.043ms calls(last=  1,win= 123,total=975) (win 0.0% | avg 0.0% budget)
  enemy.type.torpedo               win=  0.003ms avg=  0.052ms p95=  0.089ms max=  0.193ms calls(last= 18,win=1931,total=7564) (win 0.0% | avg 0.3% budget)
  enemy.type.drone                 win=  0.003ms avg=  0.042ms p95=  0.076ms max=  0.184ms calls(last= 13,win=1599,total=7809) (win 0.0% | avg 0.2% budget)
  system.maze_update               win=  0.001ms avg=  0.001ms p95=  0.001ms max=  0.003ms calls(last=  1,win= 123,total=975) (win 0.0% | avg 0.0% budget)
[ENEMY_STATS] frame=1320 alive=52 visible=0 full=0 cheap=52 fullInBase=0 pairs(frontal=0 checks=0 separation=0 resolved=0)
[ENEMY_WINDOW] steps=123 alive[min=43 max=52] visible[min=0 max=0] full[min=0 max=0] collisionPasses[runs=0 skips=123]
[ENEMY_SEGMENTS] window=2.050s D{b/s=1.95 avgLen=4.64 fail=0} T{b/s=5.37 avgLen=6.64 fail=0} H{b/s=8.29 avgLen=4.83 fail=246} A{b/s=2.93 avgLen=5.34 fail=0}
[ENEMY_GRID] frontal{cand/s=0.0 xcell/s=0.0 ins/s=0.0} separation{cand/s=0.0}
[ENEMY_COLLISION_WINDOW] frontal{pairs/s=0.0 checks/s=0.0 baseSkip=0 kill=0(0.0%)} separation{pairs/s=0.0 resolved/s=0.0(0.0%) baseSkip=0 kill=0 wallBlock=0}
[ENEMY_NAV_CACHE] playerCell{changes=3 flowRebuilds=3} flow{hit=0 miss=0 hit%=0.0} pathFallback{calls=0 ok=0 ok%=0.0}
[ENEMY_SAP] updates=0 active=0 pairs=0 repairs{x=0 y=0}
[ENEMY_PAIR_TYPES] frontal DD=0 DT=0 DH=0 DA=0 TT=0 TH=0 TA=0 HH=0 HA=0 AA=0 separation DD=0 DT=0 DH=0 DA=0 TT=0 TH=0 TA=0 HH=0 HA=0 AA=0

[PROFILE] frame=1440 budget=16.667ms alloc(+76/-76, +187552b/-187552b, live=102264b peak=288776b)
  frame.total                      win= 17.202ms avg= 17.202ms p95= 18.087ms max= 82.653ms calls(last=  1,win= 120,total=1440) (win 103.2% | avg 103.2% budget)
  frame.render                     win= 13.331ms avg= 13.331ms p95= 14.025ms max= 82.616ms calls(last=  1,win= 120,total=1440) (win 80.0% | avg 80.0% budget)
  frame.present                    win= 13.324ms avg= 13.324ms p95= 14.018ms max= 82.609ms calls(last=  1,win= 120,total=1440) (win 79.9% | avg 79.9% budget)
  frame.render.world               win=  4.495ms avg=  8.991ms p95=  9.518ms max= 10.943ms calls(last=  2,win= 240,total=2134) (win 27.0% | avg 53.9% budget)
  frame.fixed_step                 win=  3.677ms avg=  3.830ms p95=  6.554ms max= 17.040ms calls(last=  1,win= 125,total=1482) (win 22.1% | avg 23.0% budget)
  frame.render.overlay             win=  3.070ms avg=  3.070ms p95=  3.675ms max=  4.434ms calls(last=  1,win= 120,total=1067) (win 18.4% | avg 18.4% budget)
  game.update                      win=  2.359ms avg=  2.457ms p95=  4.080ms max= 15.748ms calls(last=  1,win= 125,total=1100) (win 14.2% | avg 14.7% budget)
  system.ai_update                 win=  2.215ms avg=  2.307ms p95=  3.800ms max= 15.588ms calls(last=  1,win= 125,total=1100) (win 13.3% | avg 13.8% budget)
  enemy.update                     win=  2.209ms avg=  2.301ms p95=  3.787ms max= 15.524ms calls(last=  1,win= 125,total=1100) (win 13.3% | avg 13.8% budget)
  frame.render.world.enemies       win=  1.132ms avg=  1.132ms p95=  1.276ms max=  1.462ms calls(last=  1,win= 120,total=1067) (win 6.8% | avg 6.8% budget)
  frame.render.world.maze          win=  0.851ms avg=  0.851ms p95=  1.043ms max=  1.448ms calls(last=  1,win= 120,total=1067) (win 5.1% | avg 5.1% budget)
  frame.render.world.effects       win=  0.380ms avg=  0.380ms p95=  0.512ms max=  0.855ms calls(last=  1,win= 120,total=1067) (win 2.3% | avg 2.3% budget)
  system.spawner_update            win=  0.051ms avg=  0.053ms p95=  0.196ms max=  0.372ms calls(last=  1,win= 125,total=1100) (win 0.3% | avg 0.3% budget)
  enemy.cheap.segment_build        win=  0.039ms avg=  0.095ms p95=  0.143ms max=  0.247ms calls(last=  2,win= 292,total=1448) (win 0.2% | avg 0.6% budget)
  frame.input_poll                 win=  0.028ms avg=  0.028ms p95=  0.029ms max=  0.078ms calls(last=  1,win= 120,total=1440) (win 0.2% | avg 0.2% budget)
  system.player_update             win=  0.026ms avg=  0.027ms p95=  0.031ms max=  0.121ms calls(last=  1,win= 125,total=980) (win 0.2% | avg 0.2% budget)
  system.physics_collision         win=  0.025ms avg=  0.026ms p95=  0.047ms max=  0.157ms calls(last=  1,win= 125,total=1100) (win 0.2% | avg 0.2% budget)
  enemy.type.hunter                win=  0.010ms avg=  0.165ms p95=  0.273ms max=  0.372ms calls(last= 18,win=2052,total=9256) (win 0.1% | avg 1.0% budget)
  system.projectile_update         win=  0.004ms avg=  0.004ms p95=  0.004ms max=  0.043ms calls(last=  1,win= 125,total=1100) (win 0.0% | avg 0.0% budget)
  enemy.type.assassin              win=  0.003ms avg=  0.022ms p95=  0.039ms max=  0.187ms calls(last=  7,win= 775,total=4090) (win 0.0% | avg 0.1% budget)
  enemy.type.torpedo               win=  0.003ms avg=  0.063ms p95=  0.107ms max=  0.193ms calls(last= 19,win=2267,total=9831) (win 0.0% | avg 0.4% budget)
  enemy.type.drone                 win=  0.003ms avg=  0.044ms p95=  0.080ms max=  0.184ms calls(last= 15,win=1732,total=9541) (win 0.0% | avg 0.3% budget)
  system.maze_update               win=  0.001ms avg=  0.001ms p95=  0.002ms max=  0.003ms calls(last=  1,win= 125,total=1100) (win 0.0% | avg 0.0% budget)
[ENEMY_STATS] frame=1440 alive=59 visible=0 full=0 cheap=59 fullInBase=0 pairs(frontal=0 checks=0 separation=0 resolved=0)
[ENEMY_WINDOW] steps=125 alive[min=52 max=59] visible[min=0 max=0] full[min=0 max=0] collisionPasses[runs=0 skips=125]
[ENEMY_SEGMENTS] window=2.083s D{b/s=2.88 avgLen=4.10 fail=0} T{b/s=5.76 avgLen=5.72 fail=0} H{b/s=9.60 avgLen=4.91 fail=250} A{b/s=1.92 avgLen=5.78 fail=0}
[ENEMY_GRID] frontal{cand/s=0.0 xcell/s=0.0 ins/s=0.0} separation{cand/s=0.0}
[ENEMY_COLLISION_WINDOW] frontal{pairs/s=0.0 checks/s=0.0 baseSkip=0 kill=0(0.0%)} separation{pairs/s=0.0 resolved/s=0.0(0.0%) baseSkip=0 kill=0 wallBlock=0}
[ENEMY_NAV_CACHE] playerCell{changes=2 flowRebuilds=2} flow{hit=0 miss=0 hit%=0.0} pathFallback{calls=0 ok=0 ok%=0.0}
[ENEMY_SAP] updates=0 active=0 pairs=0 repairs{x=0 y=0}
[ENEMY_PAIR_TYPES] frontal DD=0 DT=0 DH=0 DA=0 TT=0 TH=0 TA=0 HH=0 HA=0 AA=0 separation DD=0 DT=0 DH=0 DA=0 TT=0 TH=0 TA=0 HH=0 HA=0 AA=0

[PROFILE] frame=1560 budget=16.667ms alloc(+82/-82, +193312b/-193312b, live=161144b peak=353464b)
  frame.total                      win= 17.144ms avg= 17.144ms p95= 18.127ms max= 82.653ms calls(last=  1,win= 120,total=1560) (win 102.9% | avg 102.9% budget)
  frame.render                     win= 13.069ms avg= 13.069ms p95= 13.788ms max= 82.616ms calls(last=  1,win= 120,total=1560) (win 78.4% | avg 78.4% budget)
  frame.present                    win= 13.061ms avg= 13.061ms p95= 13.780ms max= 82.609ms calls(last=  1,win= 120,total=1560) (win 78.4% | avg 78.4% budget)
  frame.render.world               win=  4.524ms avg=  9.047ms p95=  9.351ms max= 19.801ms calls(last=  2,win= 240,total=2374) (win 27.1% | avg 54.3% budget)
  frame.fixed_step                 win=  3.905ms avg=  4.036ms p95=  4.132ms max= 17.040ms calls(last=  1,win= 124,total=1606) (win 23.4% | avg 24.2% budget)
  frame.render.overlay             win=  3.072ms avg=  3.072ms p95=  3.820ms max=  4.434ms calls(last=  1,win= 120,total=1187) (win 18.4% | avg 18.4% budget)
  game.update                      win=  2.355ms avg=  2.434ms p95=  2.574ms max= 15.748ms calls(last=  1,win= 124,total=1224) (win 14.1% | avg 14.6% budget)
  system.ai_update                 win=  2.211ms avg=  2.285ms p95=  2.309ms max= 15.588ms calls(last=  1,win= 124,total=1224) (win 13.3% | avg 13.7% budget)
  enemy.update                     win=  2.204ms avg=  2.278ms p95=  2.299ms max= 15.524ms calls(last=  1,win= 124,total=1224) (win 13.2% | avg 13.7% budget)
  frame.render.world.enemies       win=  1.152ms avg=  1.152ms p95=  1.224ms max=  3.582ms calls(last=  1,win= 120,total=1187) (win 6.9% | avg 6.9% budget)
  frame.render.world.maze          win=  0.788ms avg=  0.788ms p95=  0.894ms max=  2.139ms calls(last=  1,win= 120,total=1187) (win 4.7% | avg 4.7% budget)
  frame.render.world.effects       win=  0.379ms avg=  0.379ms p95=  0.470ms max=  1.029ms calls(last=  1,win= 120,total=1187) (win 2.3% | avg 2.3% budget)
  system.spawner_update            win=  0.051ms avg=  0.052ms p95=  0.186ms max=  0.372ms calls(last=  1,win= 124,total=1224) (win 0.3% | avg 0.3% budget)
  enemy.cheap.segment_build        win=  0.039ms avg=  0.098ms p95=  0.155ms max=  0.247ms calls(last=  3,win= 302,total=1750) (win 0.2% | avg 0.6% budget)
  frame.input_poll                 win=  0.028ms avg=  0.028ms p95=  0.029ms max=  0.086ms calls(last=  1,win= 120,total=1560) (win 0.2% | avg 0.2% budget)
  system.physics_collision         win=  0.026ms avg=  0.027ms p95=  0.046ms max=  0.157ms calls(last=  1,win= 124,total=1224) (win 0.2% | avg 0.2% budget)
  system.player_update             win=  0.026ms avg=  0.027ms p95=  0.032ms max=  0.121ms calls(last=  1,win= 124,total=1104) (win 0.2% | avg 0.2% budget)
  enemy.type.hunter                win=  0.009ms avg=  0.168ms p95=  0.236ms max=  0.372ms calls(last= 19,win=2259,total=11515) (win 0.1% | avg 1.0% budget)
  enemy.type.torpedo               win=  0.003ms avg=  0.068ms p95=  0.114ms max=  0.335ms calls(last= 20,win=2404,total=12235) (win 0.0% | avg 0.4% budget)
  system.projectile_update         win=  0.003ms avg=  0.003ms p95=  0.004ms max=  0.043ms calls(last=  1,win= 124,total=1224) (win 0.0% | avg 0.0% budget)
  enemy.type.assassin              win=  0.003ms avg=  0.030ms p95=  0.056ms max=  0.187ms calls(last=  9,win=1090,total=5180) (win 0.0% | avg 0.2% budget)
  enemy.type.drone                 win=  0.003ms avg=  0.052ms p95=  0.093ms max=  0.184ms calls(last= 17,win=1984,total=11525) (win 0.0% | avg 0.3% budget)
  system.maze_update               win=  0.001ms avg=  0.001ms p95=  0.002ms max=  0.003ms calls(last=  1,win= 124,total=1224) (win 0.0% | avg 0.0% budget)
[ENEMY_STATS] frame=1560 alive=65 visible=0 full=0 cheap=65 fullInBase=0 pairs(frontal=0 checks=0 separation=0 resolved=0)
[ENEMY_WINDOW] steps=124 alive[min=59 max=65] visible[min=0 max=0] full[min=0 max=0] collisionPasses[runs=0 skips=124]
[ENEMY_SEGMENTS] window=2.067s D{b/s=5.32 avgLen=4.68 fail=0} T{b/s=8.23 avgLen=5.93 fail=0} H{b/s=9.68 avgLen=5.90 fail=248} A{b/s=2.90 avgLen=4.88 fail=0}
[ENEMY_GRID] frontal{cand/s=0.0 xcell/s=0.0 ins/s=0.0} separation{cand/s=0.0}
[ENEMY_COLLISION_WINDOW] frontal{pairs/s=0.0 checks/s=0.0 baseSkip=0 kill=0(0.0%)} separation{pairs/s=0.0 resolved/s=0.0(0.0%) baseSkip=0 kill=0 wallBlock=0}
[ENEMY_NAV_CACHE] playerCell{changes=2 flowRebuilds=2} flow{hit=0 miss=0 hit%=0.0} pathFallback{calls=0 ok=0 ok%=0.0}
[ENEMY_SAP] updates=0 active=0 pairs=0 repairs{x=0 y=0}
[ENEMY_PAIR_TYPES] frontal DD=0 DT=0 DH=0 DA=0 TT=0 TH=0 TA=0 HH=0 HA=0 AA=0 separation DD=0 DT=0 DH=0 DA=0 TT=0 TH=0 TA=0 HH=0 HA=0 AA=0

[PROFILE] frame=1680 budget=16.667ms alloc(+83/-83, +194296b/-194296b, live=161144b peak=354448b)
  frame.total                      win= 17.139ms avg= 17.139ms p95= 17.901ms max= 82.653ms calls(last=  1,win= 120,total=1680) (win 102.8% | avg 102.8% budget)
  frame.render                     win= 12.935ms avg= 12.935ms p95= 13.695ms max= 82.616ms calls(last=  1,win= 120,total=1680) (win 77.6% | avg 77.6% budget)
  frame.present                    win= 12.928ms avg= 12.928ms p95= 13.686ms max= 82.609ms calls(last=  1,win= 120,total=1680) (win 77.6% | avg 77.6% budget)
  frame.render.world               win=  4.557ms avg=  9.114ms p95=  9.649ms max= 19.801ms calls(last=  2,win= 240,total=2614) (win 27.3% | avg 54.7% budget)
  frame.fixed_step                 win=  4.030ms avg=  4.165ms p95=  4.174ms max= 17.040ms calls(last=  1,win= 124,total=1730) (win 24.2% | avg 25.0% budget)
  frame.render.overlay             win=  3.087ms avg=  3.087ms p95=  3.813ms max=  4.434ms calls(last=  1,win= 120,total=1307) (win 18.5% | avg 18.5% budget)
  game.update                      win=  2.365ms avg=  2.444ms p95=  2.486ms max= 15.748ms calls(last=  1,win= 124,total=1348) (win 14.2% | avg 14.7% budget)
  system.ai_update                 win=  2.225ms avg=  2.300ms p95=  2.355ms max= 15.588ms calls(last=  1,win= 124,total=1348) (win 13.4% | avg 13.8% budget)
  enemy.update                     win=  2.220ms avg=  2.294ms p95=  2.350ms max= 15.524ms calls(last=  1,win= 124,total=1348) (win 13.3% | avg 13.8% budget)
  frame.render.world.enemies       win=  1.133ms avg=  1.133ms p95=  1.313ms max=  3.582ms calls(last=  1,win= 120,total=1307) (win 6.8% | avg 6.8% budget)
  frame.render.world.maze          win=  0.829ms avg=  0.829ms p95=  0.913ms max=  2.139ms calls(last=  1,win= 120,total=1307) (win 5.0% | avg 5.0% budget)
  frame.render.world.effects       win=  0.376ms avg=  0.376ms p95=  0.469ms max=  1.029ms calls(last=  1,win= 120,total=1307) (win 2.3% | avg 2.3% budget)
  system.spawner_update            win=  0.046ms avg=  0.047ms p95=  0.130ms max=  0.372ms calls(last=  1,win= 124,total=1348) (win 0.3% | avg 0.3% budget)
  enemy.cheap.segment_build        win=  0.039ms avg=  0.097ms p95=  0.146ms max=  0.247ms calls(last=  3,win= 300,total=2050) (win 0.2% | avg 0.6% budget)
  frame.input_poll                 win=  0.027ms avg=  0.027ms p95=  0.029ms max=  0.086ms calls(last=  1,win= 120,total=1680) (win 0.2% | avg 0.2% budget)
  system.physics_collision         win=  0.026ms avg=  0.027ms p95=  0.031ms max=  0.157ms calls(last=  1,win= 124,total=1348) (win 0.2% | avg 0.2% budget)
  system.player_update             win=  0.026ms avg=  0.027ms p95=  0.031ms max=  0.121ms calls(last=  1,win= 124,total=1228) (win 0.2% | avg 0.2% budget)
  enemy.type.hunter                win=  0.008ms avg=  0.170ms p95=  0.238ms max=  0.372ms calls(last= 20,win=2462,total=13977) (win 0.0% | avg 1.0% budget)
  system.projectile_update         win=  0.003ms avg=  0.004ms p95=  0.004ms max=  0.043ms calls(last=  1,win= 124,total=1348) (win 0.0% | avg 0.0% budget)
  enemy.type.torpedo               win=  0.003ms avg=  0.068ms p95=  0.111ms max=  0.335ms calls(last= 20,win=2480,total=14715) (win 0.0% | avg 0.4% budget)
  enemy.type.assassin              win=  0.003ms avg=  0.030ms p95=  0.061ms max=  0.187ms calls(last=  9,win=1116,total=6296) (win 0.0% | avg 0.2% budget)
  enemy.type.drone                 win=  0.003ms avg=  0.054ms p95=  0.093ms max=  0.184ms calls(last= 17,win=2108,total=13633) (win 0.0% | avg 0.3% budget)
  system.maze_update               win=  0.001ms avg=  0.001ms p95=  0.001ms max=  0.003ms calls(last=  1,win= 124,total=1348) (win 0.0% | avg 0.0% budget)
[ENEMY_STATS] frame=1680 alive=66 visible=0 full=0 cheap=66 fullInBase=0 pairs(frontal=0 checks=0 separation=0 resolved=0)
[ENEMY_WINDOW] steps=124 alive[min=65 max=66] visible[min=0 max=0] full[min=0 max=0] collisionPasses[runs=0 skips=124]
[ENEMY_SEGMENTS] window=2.067s D{b/s=4.35 avgLen=4.94 fail=0} T{b/s=8.23 avgLen=6.45 fail=0} H{b/s=9.68 avgLen=4.96 fail=248} A{b/s=3.39 avgLen=4.65 fail=0}
[ENEMY_GRID] frontal{cand/s=0.0 xcell/s=0.0 ins/s=0.0} separation{cand/s=0.0}
[ENEMY_COLLISION_WINDOW] frontal{pairs/s=0.0 checks/s=0.0 baseSkip=0 kill=0(0.0%)} separation{pairs/s=0.0 resolved/s=0.0(0.0%) baseSkip=0 kill=0 wallBlock=0}
[ENEMY_NAV_CACHE] playerCell{changes=2 flowRebuilds=2} flow{hit=0 miss=0 hit%=0.0} pathFallback{calls=0 ok=0 ok%=0.0}
[ENEMY_SAP] updates=0 active=0 pairs=0 repairs{x=0 y=0}
[ENEMY_PAIR_TYPES] frontal DD=0 DT=0 DH=0 DA=0 TT=0 TH=0 TA=0 HH=0 HA=0 AA=0 separation DD=0 DT=0 DH=0 DA=0 TT=0 TH=0 TA=0 HH=0 HA=0 AA=0

[PROFILE] frame=1800 budget=16.667ms alloc(+87/-87, +198136b/-198136b, live=161144b peak=358168b)
  frame.total                      win= 17.249ms avg= 17.249ms p95= 19.550ms max= 82.653ms calls(last=  1,win= 120,total=1800) (win 103.5% | avg 103.5% budget)
  frame.render                     win= 12.827ms avg= 12.827ms p95= 13.461ms max= 82.616ms calls(last=  1,win= 120,total=1800) (win 77.0% | avg 77.0% budget)
  frame.present                    win= 12.820ms avg= 12.820ms p95= 13.454ms max= 82.609ms calls(last=  1,win= 120,total=1800) (win 76.9% | avg 76.9% budget)
  frame.render.world               win=  4.636ms avg=  9.272ms p95=  9.730ms max= 19.801ms calls(last=  2,win= 240,total=2854) (win 27.8% | avg 55.6% budget)
  frame.fixed_step                 win=  4.207ms avg=  4.383ms p95=  7.815ms max= 17.040ms calls(last=  1,win= 125,total=1855) (win 25.2% | avg 26.3% budget)
  frame.render.overlay             win=  3.098ms avg=  3.098ms p95=  3.769ms max=  4.434ms calls(last=  1,win= 120,total=1427) (win 18.6% | avg 18.6% budget)
  game.update                      win=  2.475ms avg=  2.578ms p95=  4.371ms max= 15.748ms calls(last=  1,win= 125,total=1473) (win 14.8% | avg 15.5% budget)
  system.ai_update                 win=  2.332ms avg=  2.430ms p95=  4.061ms max= 15.588ms calls(last=  1,win= 125,total=1473) (win 14.0% | avg 14.6% budget)
  enemy.update                     win=  2.327ms avg=  2.424ms p95=  4.049ms max= 15.524ms calls(last=  1,win= 125,total=1473) (win 14.0% | avg 14.5% budget)
  frame.render.world.enemies       win=  1.134ms avg=  1.134ms p95=  1.231ms max=  3.582ms calls(last=  1,win= 120,total=1427) (win 6.8% | avg 6.8% budget)
  frame.render.world.maze          win=  0.894ms avg=  0.894ms p95=  0.977ms max=  2.139ms calls(last=  1,win= 120,total=1427) (win 5.4% | avg 5.4% budget)
  frame.render.world.effects       win=  0.377ms avg=  0.377ms p95=  0.458ms max=  1.029ms calls(last=  1,win= 120,total=1427) (win 2.3% | avg 2.3% budget)
  system.spawner_update            win=  0.046ms avg=  0.048ms p95=  0.179ms max=  0.372ms calls(last=  1,win= 125,total=1473) (win 0.3% | avg 0.3% budget)
  enemy.cheap.segment_build        win=  0.039ms avg=  0.098ms p95=  0.150ms max=  0.300ms calls(last=  4,win= 303,total=2353) (win 0.2% | avg 0.6% budget)
  frame.input_poll                 win=  0.028ms avg=  0.028ms p95=  0.028ms max=  0.086ms calls(last=  1,win= 120,total=1800) (win 0.2% | avg 0.2% budget)
  system.physics_collision         win=  0.027ms avg=  0.029ms p95=  0.034ms max=  0.157ms calls(last=  1,win= 125,total=1473) (win 0.2% | avg 0.2% budget)
  system.player_update             win=  0.026ms avg=  0.028ms p95=  0.036ms max=  0.121ms calls(last=  1,win= 125,total=1353) (win 0.2% | avg 0.2% budget)
  enemy.type.hunter                win=  0.008ms avg=  0.176ms p95=  0.253ms max=  0.404ms calls(last= 21,win=2597,total=16574) (win 0.0% | avg 1.1% budget)
  system.projectile_update         win=  0.003ms avg=  0.004ms p95=  0.004ms max=  0.043ms calls(last=  1,win= 125,total=1473) (win 0.0% | avg 0.0% budget)
  enemy.type.assassin              win=  0.003ms avg=  0.031ms p95=  0.062ms max=  0.187ms calls(last=  9,win=1125,total=7421) (win 0.0% | avg 0.2% budget)
  enemy.type.torpedo               win=  0.003ms avg=  0.070ms p95=  0.122ms max=  0.335ms calls(last= 22,win=2606,total=17321) (win 0.0% | avg 0.4% budget)
  enemy.type.drone                 win=  0.003ms avg=  0.054ms p95=  0.094ms max=  0.184ms calls(last= 18,win=2172,total=15805) (win 0.0% | avg 0.3% budget)
  system.maze_update               win=  0.001ms avg=  0.001ms p95=  0.001ms max=  0.003ms calls(last=  1,win= 125,total=1473) (win 0.0% | avg 0.0% budget)
[ENEMY_STATS] frame=1800 alive=70 visible=0 full=0 cheap=70 fullInBase=0 pairs(frontal=0 checks=0 separation=0 resolved=0)
[ENEMY_WINDOW] steps=125 alive[min=66 max=70] visible[min=0 max=0] full[min=0 max=0] collisionPasses[runs=0 skips=125]
[ENEMY_SEGMENTS] window=2.083s D{b/s=2.40 avgLen=5.33 fail=0} T{b/s=5.76 avgLen=6.17 fail=0} H{b/s=14.40 avgLen=4.49 fail=250} A{b/s=2.88 avgLen=5.45 fail=0}
[ENEMY_GRID] frontal{cand/s=0.0 xcell/s=0.0 ins/s=0.0} separation{cand/s=0.0}
[ENEMY_COLLISION_WINDOW] frontal{pairs/s=0.0 checks/s=0.0 baseSkip=0 kill=0(0.0%)} separation{pairs/s=0.0 resolved/s=0.0(0.0%) baseSkip=0 kill=0 wallBlock=0}
[ENEMY_NAV_CACHE] playerCell{changes=3 flowRebuilds=3} flow{hit=0 miss=0 hit%=0.0} pathFallback{calls=0 ok=0 ok%=0.0}
[ENEMY_SAP] updates=0 active=0 pairs=0 repairs{x=0 y=0}
[ENEMY_PAIR_TYPES] frontal DD=0 DT=0 DH=0 DA=0 TT=0 TH=0 TA=0 HH=0 HA=0 AA=0 separation DD=0 DT=0 DH=0 DA=0 TT=0 TH=0 TA=0 HH=0 HA=0 AA=0

[PROFILE] frame=1920 budget=16.667ms alloc(+176/-176, +397312b/-397312b, live=161144b peak=358688b)
  frame.total                      win= 17.228ms avg= 17.228ms p95= 19.637ms max= 82.653ms calls(last=  1,win= 120,total=1920) (win 103.4% | avg 103.4% budget)
  frame.render                     win= 12.763ms avg= 12.763ms p95= 13.237ms max= 82.616ms calls(last=  1,win= 120,total=1920) (win 76.6% | avg 76.6% budget)
  frame.present                    win= 12.756ms avg= 12.756ms p95= 13.231ms max= 82.609ms calls(last=  1,win= 120,total=1920) (win 76.5% | avg 76.5% budget)
  frame.render.world               win=  4.721ms avg=  9.442ms p95=  9.964ms max= 19.801ms calls(last=  2,win= 240,total=3094) (win 28.3% | avg 56.7% budget)
  frame.fixed_step                 win=  4.241ms avg=  4.418ms p95=  7.824ms max= 17.040ms calls(last=  2,win= 125,total=1980) (win 25.4% | avg 26.5% budget)
  frame.render.overlay             win=  3.100ms avg=  3.100ms p95=  3.729ms max=  7.130ms calls(last=  1,win= 120,total=1547) (win 18.6% | avg 18.6% budget)
  game.update                      win=  2.432ms avg=  2.533ms p95=  4.270ms max= 15.748ms calls(last=  2,win= 125,total=1598) (win 14.6% | avg 15.2% budget)
  system.ai_update                 win=  2.290ms avg=  2.386ms p95=  4.033ms max= 15.588ms calls(last=  2,win= 125,total=1598) (win 13.7% | avg 14.3% budget)
  enemy.update                     win=  2.285ms avg=  2.380ms p95=  4.023ms max= 15.524ms calls(last=  2,win= 125,total=1598) (win 13.7% | avg 14.3% budget)
  frame.render.world.enemies       win=  1.122ms avg=  1.122ms p95=  1.194ms max=  3.582ms calls(last=  1,win= 120,total=1547) (win 6.7% | avg 6.7% budget)
  frame.render.world.maze          win=  0.995ms avg=  0.995ms p95=  1.070ms max=  2.139ms calls(last=  1,win= 120,total=1547) (win 6.0% | avg 6.0% budget)
  frame.render.world.effects       win=  0.371ms avg=  0.371ms p95=  0.444ms max=  1.029ms calls(last=  1,win= 120,total=1547) (win 2.2% | avg 2.2% budget)
  system.spawner_update            win=  0.044ms avg=  0.046ms p95=  0.084ms max=  0.372ms calls(last=  2,win= 125,total=1598) (win 0.3% | avg 0.3% budget)
  enemy.cheap.segment_build        win=  0.040ms avg=  0.102ms p95=  0.167ms max=  0.300ms calls(last=  7,win= 308,total=2661) (win 0.2% | avg 0.6% budget)
  system.physics_collision         win=  0.028ms avg=  0.029ms p95=  0.040ms max=  0.157ms calls(last=  2,win= 125,total=1598) (win 0.2% | avg 0.2% budget)
  frame.input_poll                 win=  0.028ms avg=  0.028ms p95=  0.029ms max=  0.086ms calls(last=  1,win= 120,total=1920) (win 0.2% | avg 0.2% budget)
  system.player_update             win=  0.027ms avg=  0.028ms p95=  0.042ms max=  0.126ms calls(last=  2,win= 125,total=1478) (win 0.2% | avg 0.2% budget)
  enemy.type.hunter                win=  0.008ms avg=  0.182ms p95=  0.275ms max=  0.404ms calls(last= 42,win=2625,total=19199) (win 0.0% | avg 1.1% budget)
  system.projectile_update         win=  0.004ms avg=  0.004ms p95=  0.004ms max=  0.055ms calls(last=  2,win= 125,total=1598) (win 0.0% | avg 0.0% budget)
  enemy.type.assassin              win=  0.003ms avg=  0.031ms p95=  0.067ms max=  0.187ms calls(last= 18,win=1125,total=8546) (win 0.0% | avg 0.2% budget)
  enemy.type.torpedo               win=  0.003ms avg=  0.076ms p95=  0.141ms max=  0.335ms calls(last= 44,win=2750,total=20071) (win 0.0% | avg 0.5% budget)
  enemy.type.drone                 win=  0.003ms avg=  0.056ms p95=  0.093ms max=  0.210ms calls(last= 36,win=2250,total=18055) (win 0.0% | avg 0.3% budget)
  system.maze_update               win=  0.001ms avg=  0.001ms p95=  0.002ms max=  0.003ms calls(last=  2,win= 125,total=1598) (win 0.0% | avg 0.0% budget)
[ENEMY_STATS] frame=1920 alive=70 visible=0 full=0 cheap=70 fullInBase=0 pairs(frontal=0 checks=0 separation=0 resolved=0)
[ENEMY_WINDOW] steps=125 alive[min=70 max=70] visible[min=0 max=0] full[min=0 max=0] collisionPasses[runs=0 skips=125]
[ENEMY_SEGMENTS] window=2.083s D{b/s=4.80 avgLen=4.81 fail=0} T{b/s=6.72 avgLen=7.12 fail=0} H{b/s=12.48 avgLen=4.94 fail=250} A{b/s=3.36 avgLen=4.73 fail=0}
[ENEMY_GRID] frontal{cand/s=0.0 xcell/s=0.0 ins/s=0.0} separation{cand/s=0.0}
[ENEMY_COLLISION_WINDOW] frontal{pairs/s=0.0 checks/s=0.0 baseSkip=0 kill=0(0.0%)} separation{pairs/s=0.0 resolved/s=0.0(0.0%) baseSkip=0 kill=0 wallBlock=0}
[ENEMY_NAV_CACHE] playerCell{changes=2 flowRebuilds=2} flow{hit=0 miss=0 hit%=0.0} pathFallback{calls=0 ok=0 ok%=0.0}
[ENEMY_SAP] updates=0 active=0 pairs=0 repairs{x=0 y=0}
[ENEMY_PAIR_TYPES] frontal DD=0 DT=0 DH=0 DA=0 TT=0 TH=0 TA=0 HH=0 HA=0 AA=0 separation DD=0 DT=0 DH=0 DA=0 TT=0 TH=0 TA=0 HH=0 HA=0 AA=0

[PROFILE] frame=2040 budget=16.667ms alloc(+90/-90, +200576b/-200576b, live=161144b peak=360544b)
  frame.total                      win= 17.190ms avg= 17.190ms p95= 19.244ms max= 82.653ms calls(last=  1,win= 120,total=2040) (win 103.1% | avg 103.1% budget)
  frame.render                     win= 12.721ms avg= 12.721ms p95= 13.312ms max= 82.616ms calls(last=  1,win= 120,total=2040) (win 76.3% | avg 76.3% budget)
  frame.present                    win= 12.713ms avg= 12.713ms p95= 13.304ms max= 82.609ms calls(last=  1,win= 120,total=2040) (win 76.3% | avg 76.3% budget)
  frame.render.world               win=  4.839ms avg=  9.679ms p95= 10.136ms max= 19.801ms calls(last=  2,win= 240,total=3334) (win 29.0% | avg 58.1% budget)
  frame.fixed_step                 win=  4.286ms avg=  4.429ms p95=  7.599ms max= 17.040ms calls(last=  1,win= 124,total=2104) (win 25.7% | avg 26.6% budget)
  frame.render.overlay             win=  3.090ms avg=  3.090ms p95=  3.785ms max=  7.130ms calls(last=  1,win= 120,total=1667) (win 18.5% | avg 18.5% budget)
  game.update                      win=  2.451ms avg=  2.533ms p95=  4.338ms max= 15.748ms calls(last=  1,win= 124,total=1722) (win 14.7% | avg 15.2% budget)
  system.ai_update                 win=  2.310ms avg=  2.387ms p95=  4.099ms max= 15.588ms calls(last=  1,win= 124,total=1722) (win 13.9% | avg 14.3% budget)
  enemy.update                     win=  2.304ms avg=  2.380ms p95=  4.088ms max= 15.524ms calls(last=  1,win= 124,total=1722) (win 13.8% | avg 14.3% budget)
  frame.render.world.enemies       win=  1.143ms avg=  1.143ms p95=  1.237ms max=  3.582ms calls(last=  1,win= 120,total=1667) (win 6.9% | avg 6.9% budget)
  frame.render.world.maze          win=  1.080ms avg=  1.080ms p95=  1.193ms max=  2.139ms calls(last=  1,win= 120,total=1667) (win 6.5% | avg 6.5% budget)
  frame.render.world.effects       win=  0.397ms avg=  0.397ms p95=  0.502ms max=  1.029ms calls(last=  1,win= 120,total=1667) (win 2.4% | avg 2.4% budget)
  system.spawner_update            win=  0.044ms avg=  0.045ms p95=  0.074ms max=  0.372ms calls(last=  1,win= 124,total=1722) (win 0.3% | avg 0.3% budget)
  enemy.cheap.segment_build        win=  0.040ms avg=  0.100ms p95=  0.173ms max=  0.300ms calls(last=  2,win= 297,total=2958) (win 0.2% | avg 0.6% budget)
  frame.input_poll                 win=  0.028ms avg=  0.028ms p95=  0.029ms max=  0.092ms calls(last=  1,win= 120,total=2040) (win 0.2% | avg 0.2% budget)
  system.physics_collision         win=  0.028ms avg=  0.029ms p95=  0.044ms max=  0.157ms calls(last=  1,win= 124,total=1722) (win 0.2% | avg 0.2% budget)
  system.player_update             win=  0.026ms avg=  0.027ms p95=  0.030ms max=  0.126ms calls(last=  1,win= 124,total=1602) (win 0.2% | avg 0.2% budget)
  enemy.type.hunter                win=  0.008ms avg=  0.180ms p95=  0.265ms max=  0.418ms calls(last= 21,win=2604,total=21803) (win 0.0% | avg 1.1% budget)
  system.projectile_update         win=  0.003ms avg=  0.003ms p95=  0.004ms max=  0.055ms calls(last=  1,win= 124,total=1722) (win 0.0% | avg 0.0% budget)
  enemy.type.torpedo               win=  0.003ms avg=  0.074ms p95=  0.118ms max=  0.335ms calls(last= 22,win=2728,total=22799) (win 0.0% | avg 0.4% budget)
  enemy.type.assassin              win=  0.003ms avg=  0.032ms p95=  0.059ms max=  0.187ms calls(last= 11,win=1224,total=9770) (win 0.0% | avg 0.2% budget)
  enemy.type.drone                 win=  0.003ms avg=  0.057ms p95=  0.099ms max=  0.216ms calls(last= 18,win=2232,total=20287) (win 0.0% | avg 0.3% budget)
  system.maze_update               win=  0.001ms avg=  0.001ms p95=  0.001ms max=  0.003ms calls(last=  1,win= 124,total=1722) (win 0.0% | avg 0.0% budget)
[ENEMY_STATS] frame=2040 alive=72 visible=0 full=0 cheap=72 fullInBase=0 pairs(frontal=0 checks=0 separation=0 resolved=0)
[ENEMY_WINDOW] steps=124 alive[min=70 max=72] visible[min=0 max=0] full[min=0 max=0] collisionPasses[runs=0 skips=124]
[ENEMY_SEGMENTS] window=2.067s D{b/s=3.87 avgLen=4.60 fail=0} T{b/s=6.29 avgLen=7.15 fail=0} H{b/s=10.65 avgLen=5.40 fail=248} A{b/s=2.90 avgLen=4.96 fail=0}
[ENEMY_GRID] frontal{cand/s=0.0 xcell/s=0.0 ins/s=0.0} separation{cand/s=0.0}
[ENEMY_COLLISION_WINDOW] frontal{pairs/s=0.0 checks/s=0.0 b
aseSkip=0 kill=0(0.0%)} separation{pairs/s=0.0 resolved/s=0.0(0.0%) baseSkip=0 kill=0 wallBlock=0}
[ENEMY_NAV_CACHE] playerCell{changes=2 flowRebuilds=2} flow{hit=0 miss=0 hit%=0.0} pathFallback{calls=0 ok=0 ok%=0.0}
[ENEMY_SAP] updates=0 active=0 pairs=0 repairs{x=0 y=0}
[ENEMY_PAIR_TYPES] frontal DD=0 DT=0 DH=0 DA=0 TT=0 TH=0 TA=0 HH=0 HA=0 AA=0 separation DD=0 DT=0 DH=0 DA=0 TT=0 TH=0 TA=0 HH=0 HA=0 AA=0

[PROFILE] frame=2160 budget=16.667ms alloc(+90/-90, +200576b/-200576b, live=161144b peak=360560b)
  frame.total                      win= 17.338ms avg= 17.338ms p95= 19.812ms max= 82.653ms calls(last=  1,win= 120,total=2160) (win 104.0% | avg 104.0% budget)
  frame.render                     win= 12.673ms avg= 12.673ms p95= 13.286ms max= 82.616ms calls(last=  1,win= 120,total=2160) (win 76.0% | avg 76.0% budget)
  frame.present                    win= 12.666ms avg= 12.666ms p95= 13.279ms max= 82.609ms calls(last=  1,win= 120,total=2160) (win 76.0% | avg 76.0% budget)
  frame.render.world               win=  4.835ms avg=  9.670ms p95=  9.968ms max= 19.801ms calls(last=  2,win= 240,total=3574) (win 29.0% | avg 58.0% budget)
  frame.fixed_step                 win=  4.404ms avg=  4.624ms p95=  8.092ms max= 17.040ms calls(last=  1,win= 126,total=2230) (win 26.4% | avg 27.7% budget)
  frame.render.overlay             win=  3.125ms avg=  3.125ms p95=  3.763ms max=  7.638ms calls(last=  1,win= 120,total=1787) (win 18.7% | avg 18.7% budget)
  game.update                      win=  2.527ms avg=  2.653ms p95=  4.440ms max= 15.748ms calls(last=  1,win= 126,total=1848) (win 15.2% | avg 15.9% budget)
  system.ai_update                 win=  2.391ms avg=  2.510ms p95=  4.187ms max= 15.588ms calls(last=  1,win= 126,total=1848) (win 14.3% | avg 15.1% budget)
  enemy.update                     win=  2.385ms avg=  2.504ms p95=  4.177ms max= 15.524ms calls(last=  1,win= 126,total=1848) (win 14.3% | avg 15.0% budget)
  frame.render.world.enemies       win=  1.127ms avg=  1.127ms p95=  1.256ms max=  3.582ms calls(last=  1,win= 120,total=1787) (win 6.8% | avg 6.8% budget)
  frame.render.world.maze          win=  1.095ms avg=  1.095ms p95=  1.223ms max=  2.139ms calls(last=  1,win= 120,total=1787) (win 6.6% | avg 6.6% budget)
  frame.render.world.effects       win=  0.385ms avg=  0.385ms p95=  0.490ms max=  1.029ms calls(last=  1,win= 120,total=1787) (win 2.3% | avg 2.3% budget)
  enemy.cheap.segment_build        win=  0.041ms avg=  0.104ms p95=  0.180ms max=  0.347ms calls(last=  2,win= 305,total=3263) (win 0.2% | avg 0.6% budget)
  system.spawner_update            win=  0.039ms avg=  0.041ms p95=  0.042ms max=  0.372ms calls(last=  1,win= 126,total=1848) (win 0.2% | avg 0.2% budget)
  system.physics_collision         win=  0.028ms avg=  0.029ms p95=  0.039ms max=  0.157ms calls(last=  1,win= 126,total=1848) (win 0.2% | avg 0.2% budget)
  frame.input_poll                 win=  0.028ms avg=  0.028ms p95=  0.029ms max=  0.092ms calls(last=  1,win= 120,total=2160) (win 0.2% | avg 0.2% budget)
  system.player_update             win=  0.027ms avg=  0.028ms p95=  0.043ms max=  0.126ms calls(last=  1,win= 126,total=1728) (win 0.2% | avg 0.2% budget)
  enemy.type.hunter                win=  0.008ms avg=  0.184ms p95=  0.320ms max=  0.431ms calls(last= 21,win=2646,total=24449) (win 0.1% | avg 1.1% budget)
  system.projectile_update         win=  0.003ms avg=  0.004ms p95=  0.004ms max=  0.055ms calls(last=  1,win= 126,total=1848) (win 0.0% | avg 0.0% budget)
  enemy.type.torpedo               win=  0.003ms avg=  0.078ms p95=  0.126ms max=  0.335ms calls(last= 22,win=2772,total=25571) (win 0.0% | avg 0.5% budget)
  enemy.type.assassin              win=  0.003ms avg=  0.037ms p95=  0.073ms max=  0.187ms calls(last= 11,win=1386,total=11156) (win 0.0% | avg 0.2% budget)
  enemy.type.drone                 win=  0.003ms avg=  0.057ms p95=  0.099ms max=  0.216ms calls(last= 18,win=2268,total=22555) (win 0.0% | avg 0.3% budget)
  system.maze_update               win=  0.001ms avg=  0.001ms p95=  0.002ms max=  0.003ms calls(last=  1,win= 126,total=1848) (win 0.0% | avg 0.0% budget)
[ENEMY_STATS] frame=2160 alive=72 visible=0 full=0 cheap=72 fullInBase=0 pairs(frontal=0 checks=0 separation=0 resolved=0)
[ENEMY_WINDOW] steps=126 alive[min=72 max=72] visible[min=0 max=0] full[min=0 max=0] collisionPasses[runs=0 skips=126]
[ENEMY_SEGMENTS] window=2.100s D{b/s=2.86 avgLen=5.37 fail=0} T{b/s=6.67 avgLen=6.14 fail=0} H{b/s=12.38 avgLen=4.77 fail=252} A{b/s=3.33 avgLen=5.36 fail=0}
[ENEMY_GRID] frontal{cand/s=0.0 xcell/s=0.0 ins/s=0.0} separation{cand/s=0.0}
[ENEMY_COLLISION_WINDOW] frontal{pairs/s=0.0 checks/s=0.0 baseSkip=0 kill=0(0.0%)} separation{pairs/s=0.0 resolved/s=0.0(0.0%) baseSkip=0 kill=0 wallBlock=0}
[ENEMY_NAV_CACHE] playerCell{changes=3 flowRebuilds=3} flow{hit=0 miss=0 hit%=0.0} pathFallback{calls=0 ok=0 ok%=0.0}
[ENEMY_SAP] updates=0 active=0 pairs=0 repairs{x=0 y=0}
[ENEMY_PAIR_TYPES] frontal DD=0 DT=0 DH=0 DA=0 TT=0 TH=0 TA=0 HH=0 HA=0 AA=0 separation DD=0 DT=0 DH=0 DA=0 TT=0 TH=0 TA=0 HH=0 HA=0 AA=0

[PROFILE] frame=2280 budget=16.667ms alloc(+90/-90, +200576b/-200576b, live=161144b peak=360560b)
  frame.total                      win= 17.210ms avg= 17.210ms p95= 19.377ms max= 82.653ms calls(last=  1,win= 120,total=2280) (win 103.3% | avg 103.3% budget)
  frame.render                     win= 12.696ms avg= 12.696ms p95= 13.233ms max= 82.616ms calls(last=  1,win= 120,total=2280) (win 76.2% | avg 76.2% budget)
  frame.present                    win= 12.688ms avg= 12.688ms p95= 13.226ms max= 82.609ms calls(last=  1,win= 120,total=2280) (win 76.1% | avg 76.1% budget)
  frame.render.world               win=  4.736ms avg=  9.473ms p95= 10.002ms max= 19.801ms calls(last=  2,win= 240,total=3814) (win 28.4% | avg 56.8% budget)
  frame.fixed_step                 win=  4.331ms avg=  4.475ms p95=  4.436ms max= 17.040ms calls(last=  1,win= 124,total=2354) (win 26.0% | avg 26.9% budget)
  frame.render.overlay             win=  3.097ms avg=  3.097ms p95=  3.724ms max=  7.638ms calls(last=  1,win= 120,total=1907) (win 18.6% | avg 18.6% budget)
  game.update                      win=  2.458ms avg=  2.540ms p95=  2.527ms max= 15.748ms calls(last=  1,win= 124,total=1972) (win 14.7% | avg 15.2% budget)
  system.ai_update                 win=  2.321ms avg=  2.398ms p95=  2.385ms max= 15.588ms calls(last=  1,win= 124,total=1972) (win 13.9% | avg 14.4% budget)
  enemy.update                     win=  2.315ms avg=  2.392ms p95=  2.380ms max= 15.524ms calls(last=  1,win= 124,total=1972) (win 13.9% | avg 14.4% budget)
  frame.render.world.enemies       win=  1.131ms avg=  1.131ms p95=  1.210ms max=  3.582ms calls(last=  1,win= 120,total=1907) (win 6.8% | avg 6.8% budget)
  frame.render.world.maze          win=  0.974ms avg=  0.974ms p95=  1.093ms max=  2.139ms calls(last=  1,win= 120,total=1907) (win 5.8% | avg 5.8% budget)
  frame.render.world.effects       win=  0.381ms avg=  0.381ms p95=  0.487ms max=  1.029ms calls(last=  1,win= 120,total=1907) (win 2.3% | avg 2.3% budget)
  enemy.cheap.segment_build        win=  0.041ms avg=  0.102ms p95=  0.174ms max=  0.347ms calls(last=  3,win= 302,total=3565) (win 0.2% | avg 0.6% budget)
  system.spawner_update            win=  0.040ms avg=  0.041ms p95=  0.047ms max=  0.372ms calls(last=  1,win= 124,total=1972) (win 0.2% | avg 0.2% budget)
  system.physics_collision         win=  0.028ms avg=  0.029ms p95=  0.044ms max=  0.157ms calls(last=  1,win= 124,total=1972) (win 0.2% | avg 0.2% budget)
  frame.input_poll                 win=  0.027ms avg=  0.027ms p95=  0.028ms max=  0.092ms calls(last=  1,win= 120,total=2280) (win 0.2% | avg 0.2% budget)
  system.player_update             win=  0.026ms avg=  0.027ms p95=  0.030ms max=  0.126ms calls(last=  1,win= 124,total=1852) (win 0.2% | avg 0.2% budget)
  enemy.type.hunter                win=  0.008ms avg=  0.181ms p95=  0.249ms max=  0.431ms calls(last= 21,win=2604,total=27053) (win 0.0% | avg 1.1% budget)
  system.projectile_update         win=  0.003ms avg=  0.004ms p95=  0.004ms max=  0.055ms calls(last=  1,win= 124,total=1972) (win 0.0% | avg 0.0% budget)
  enemy.type.torpedo               win=  0.003ms avg=  0.076ms p95=  0.124ms max=  0.335ms calls(last= 22,win=2728,total=28299) (win 0.0% | avg 0.5% budget)
  enemy.type.assassin              win=  0.003ms avg=  0.037ms p95=  0.077ms max=  0.187ms calls(last= 11,win=1364,total=12520) (win 0.0% | avg 0.2% budget)
  enemy.type.drone                 win=  0.003ms avg=  0.060ms p95=  0.109ms max=  0.216ms calls(last= 18,win=2232,total=24787) (win 0.0% | avg 0.4% budget)
  system.maze_update               win=  0.001ms avg=  0.001ms p95=  0.001ms max=  0.003ms calls(last=  1,win= 124,total=1972) (win 0.0% | avg 0.0% budget)
[ENEMY_STATS] frame=2280 alive=72 visible=0 full=0 cheap=72 fullInBase=0 pairs(frontal=0 checks=0 separation=0 resolved=0)
[ENEMY_WINDOW] steps=124 alive[min=72 max=72] visible[min=0 max=0] full[min=0 max=0] collisionPasses[runs=0 skips=124]
[ENEMY_SEGMENTS] window=2.067s D{b/s=5.32 avgLen=4.17 fail=0} T{b/s=6.77 avgLen=6.62 fail=0} H{b/s=11.13 avgLen=5.17 fail=248} A{b/s=2.90 avgLen=3.03 fail=0}
[ENEMY_GRID] frontal{cand/s=0.0 xcell/s=0.0 ins/s=0.0} separation{cand/s=0.0}
[ENEMY_COLLISION_WINDOW] frontal{pairs/s=0.0 checks/s=0.0 baseSkip=0 kill=0(0.0%)} separation{pairs/s=0.0 resolved/s=0.0(0.0%) baseSkip=0 kill=0 wallBlock=0}
[ENEMY_NAV_CACHE] playerCell{changes=2 flowRebuilds=2} flow{hit=0 miss=0 hit%=0.0} pathFallback{calls=0 ok=0 ok%=0.0}
[ENEMY_SAP] updates=0 active=0 pairs=0 repairs{x=0 y=0}
[ENEMY_PAIR_TYPES] frontal DD=0 DT=0 DH=0 DA=0 TT=0 TH=0 TA=0 HH=0 HA=0 AA=0 separation DD=0 DT=0 DH=0 DA=0 TT=0 TH=0 TA=0 HH=0 HA=0 AA=0

[PROFILE] frame=2400 budget=16.667ms alloc(+90/-90, +200576b/-200576b, live=161144b peak=360560b)
  frame.total                      win= 17.325ms avg= 17.325ms p95= 20.359ms max= 82.653ms calls(last=  1,win= 120,total=2400) (win 104.0% | avg 104.0% budget)
  frame.render                     win= 12.626ms avg= 12.626ms p95= 13.389ms max= 82.616ms calls(last=  1,win= 120,total=2400) (win 75.8% | avg 75.8% budget)
  frame.present                    win= 12.619ms avg= 12.619ms p95= 13.382ms max= 82.609ms calls(last=  1,win= 120,total=2400) (win 75.7% | avg 75.7% budget)
  frame.render.world               win=  4.839ms avg=  9.679ms p95= 10.100ms max= 19.801ms calls(last=  2,win= 240,total=4054) (win 29.0% | avg 58.1% budget)
  frame.fixed_step                 win=  4.437ms avg=  4.659ms p95=  8.155ms max= 17.040ms calls(last=  1,win= 126,total=2480) (win 26.6% | avg 28.0% budget)
  frame.render.overlay             win=  3.111ms avg=  3.111ms p95=  3.760ms max=  7.638ms calls(last=  1,win= 120,total=2027) (win 18.7% | avg 18.7% budget)
  game.update                      win=  2.545ms avg=  2.672ms p95=  4.485ms max= 15.748ms calls(last=  1,win= 126,total=2098) (win 15.3% | avg 16.0% budget)
  system.ai_update                 win=  2.406ms avg=  2.527ms p95=  4.212ms max= 15.588ms calls(last=  1,win= 126,total=2098) (win 14.4% | avg 15.2% budget)
  enemy.update                     win=  2.401ms avg=  2.521ms p95=  4.200ms max= 15.524ms calls(last=  1,win= 126,total=2098) (win 14.4% | avg 15.1% budget)
  frame.render.world.enemies       win=  1.127ms avg=  1.127ms p95=  1.198ms max=  3.582ms calls(last=  1,win= 120,total=2027) (win 6.8% | avg 6.8% budget)
  frame.render.world.maze          win=  1.079ms avg=  1.079ms p95=  1.267ms max=  2.139ms calls(last=  1,win= 120,total=2027) (win 6.5% | avg 6.5% budget)
  frame.render.world.effects       win=  0.388ms avg=  0.388ms p95=  0.449ms max=  1.029ms calls(last=  1,win= 120,total=2027) (win 2.3% | avg 2.3% budget)
  system.spawner_update            win=  0.040ms avg=  0.042ms p95=  0.073ms max=  0.372ms calls(last=  1,win= 126,total=2098) (win 0.2% | avg 0.3% budget)
  enemy.cheap.segment_build        win=  0.038ms avg=  0.116ms p95=  0.210ms max=  0.398ms calls(last=  3,win= 362,total=3927) (win 0.2% | avg 0.7% budget)
  system.physics_collision         win=  0.029ms avg=  0.031ms p95=  0.046ms max=  0.157ms calls(last=  1,win= 126,total=2098) (win 0.2% | avg 0.2% budget)
  frame.input_poll                 win=  0.028ms avg=  0.028ms p95=  0.028ms max=  0.092ms calls(last=  1,win= 120,total=2400) (win 0.2% | avg 0.2% budget)
  system.player_update             win=  0.027ms avg=  0.028ms p95=  0.037ms max=  0.126ms calls(last=  1,win= 126,total=1978) (win 0.2% | avg 0.2% budget)
  enemy.type.hunter                win=  0.009ms avg=  0.195ms p95=  0.308ms max=  0.499ms calls(last= 21,win=2646,total=29699) (win 0.1% | avg 1.2% budget)
  enemy.type.assassin              win=  0.004ms avg=  0.041ms p95=  0.077ms max=  0.187ms calls(last= 11,win=1386,total=13906) (win 0.0% | avg 0.2% budget)
  enemy.type.torpedo               win=  0.003ms avg=  0.078ms p95=  0.132ms max=  0.335ms calls(last= 22,win=2772,total=31071) (win 0.0% | avg 0.5% budget)
  system.projectile_update         win=  0.003ms avg=  0.003ms p95=  0.004ms max=  0.055ms calls(last=  1,win= 126,total=2098) (win 0.0% | avg 0.0% budget)
  enemy.type.drone                 win=  0.003ms avg=  0.057ms p95=  0.097ms max=  0.216ms calls(last= 18,win=2268,total=27055) (win 0.0% | avg 0.3% budget)
  system.maze_update               win=  0.001ms avg=  0.001ms p95=  0.001ms max=  0.003ms calls(last=  1,win= 126,total=2098) (win 0.0% | avg 0.0% budget)
[ENEMY_STATS] frame=2400 alive=72 visible=0 full=0 cheap=72 fullInBase=0 pairs(frontal=0 checks=0 separation=0 resolved=0)
[ENEMY_WINDOW] steps=126 alive[min=72 max=72] visible[min=0 max=0] full[min=0 max=0] collisionPasses[runs=0 skips=126]
[ENEMY_SEGMENTS] window=2.100s D{b/s=3.33 avgLen=4.03 fail=0} T{b/s=7.14 avgLen=6.66 fail=0} H{b/s=11.90 avgLen=4.98 fail=305} A{b/s=5.71 avgLen=4.54 fail=0}
[ENEMY_GRID] frontal{cand/s=0.0 xcell/s=0.0 ins/s=0.0} separation{cand/s=0.0}
[ENEMY_COLLISION_WINDOW] frontal{pairs/s=0.0 checks/s=0.0 baseSkip=0 kill=0(0.0%)} separation{pairs/s=0.0 resolved/s=0.0(0.0%) baseSkip=0 kill=0 wallBlock=0}
[ENEMY_NAV_CACHE] playerCell{changes=3 flowRebuilds=3} flow{hit=0 miss=0 hit%=0.0} pathFallback{calls=0 ok=0 ok%=0.0}
[ENEMY_SAP] updates=0 active=0 pairs=0 repairs{x=0 y=0}
[ENEMY_PAIR_TYPES] frontal DD=0 DT=0 DH=0 DA=0 TT=0 TH=0 TA=0 HH=0 HA=0 AA=0 separation DD=0 DT=0 DH=0 DA=0 TT=0 TH=0 TA=0 HH=0 HA=0 AA=0

[PROFILE] frame=2520 budget=16.667ms alloc(+90/-90, +200576b/-200576b, live=161144b peak=360560b)
  frame.total                      win= 17.254ms avg= 17.254ms p95= 19.619ms max= 82.653ms calls(last=  1,win= 120,total=2520) (win 103.5% | avg 103.5% budget)
  frame.render                     win= 12.697ms avg= 12.697ms p95= 13.412ms max= 82.616ms calls(last=  1,win= 120,total=2520) (win 76.2% | avg 76.2% budget)
  frame.present                    win= 12.690ms avg= 12.690ms p95= 13.405ms max= 82.609ms calls(last=  1,win= 120,total=2520) (win 76.1% | avg 76.1% budget)
  frame.render.world               win=  4.992ms avg=  9.985ms p95= 10.536ms max= 19.801ms calls(last=  2,win= 240,total=4294) (win 30.0% | avg 59.9% budget)
  frame.fixed_step                 win=  4.336ms avg=  4.517ms p95=  7.983ms max= 17.040ms calls(last=  1,win= 125,total=2605) (win 26.0% | avg 27.1% budget)
  frame.render.overlay             win=  3.091ms avg=  3.091ms p95=  3.764ms max=  7.638ms calls(last=  1,win= 120,total=2147) (win 18.5% | avg 18.5% budget)
  game.update                      win=  2.460ms avg=  2.563ms p95=  4.367ms max= 15.748ms calls(last=  1,win= 125,total=2223) (win 14.8% | avg 15.4% budget)
  system.ai_update                 win=  2.323ms avg=  2.419ms p95=  4.121ms max= 15.588ms calls(last=  1,win= 125,total=2223) (win 13.9% | avg 14.5% budget)
  enemy.update                     win=  2.317ms avg=  2.414ms p95=  4.111ms max= 15.524ms calls(last=  1,win= 125,total=2223) (win 13.9% | avg 14.5% budget)
  frame.render.world.maze          win=  1.226ms avg=  1.226ms p95=  1.344ms max=  2.139ms calls(last=  1,win= 120,total=2147) (win 7.4% | avg 7.4% budget)
  frame.render.world.enemies       win=  1.141ms avg=  1.141ms p95=  1.363ms max=  3.582ms calls(last=  1,win= 120,total=2147) (win 6.8% | avg 6.8% budget)
  frame.render.world.effects       win=  0.384ms avg=  0.384ms p95=  0.454ms max=  1.029ms calls(last=  1,win= 120,total=2147) (win 2.3% | avg 2.3% budget)
  system.spawner_update            win=  0.041ms avg=  0.042ms p95=  0.074ms max=  0.372ms calls(last=  1,win= 125,total=2223) (win 0.2% | avg 0.3% budget)
  enemy.cheap.segment_build        win=  0.035ms avg=  0.124ms p95=  0.191ms max=  0.398ms calls(last=  3,win= 431,total=4358) (win 0.2% | avg 0.7% budget)
  frame.input_poll                 win=  0.028ms avg=  0.028ms p95=  0.029ms max=  0.092ms calls(last=  1,win= 120,total=2520) (win 0.2% | avg 0.2% budget)
  system.physics_collision         win=  0.027ms avg=  0.029ms p95=  0.033ms max=  0.157ms calls(last=  1,win= 125,total=2223) (win 0.2% | avg 0.2% budget)
  system.player_update             win=  0.027ms avg=  0.028ms p95=  0.029ms max=  0.126ms calls(last=  1,win= 125,total=2103) (win 0.2% | avg 0.2% budget)
  enemy.type.hunter                win=  0.009ms avg=  0.203ms p95=  0.277ms max=  0.499ms calls(last= 21,win=2625,total=32324) (win 0.1% | avg 1.2% budget)
  enemy.type.torpedo               win=  0.003ms avg=  0.078ms p95=  0.133ms max=  0.335ms calls(last= 22,win=2750,total=33821) (win 0.0% | avg 0.5% budget)
  system.projectile_update         win=  0.003ms avg=  0.003ms p95=  0.004ms max=  0.055ms calls(last=  1,win= 125,total=2223) (win 0.0% | avg 0.0% budget)
  enemy.type.assassin              win=  0.003ms avg=  0.037ms p95=  0.072ms max=  0.187ms calls(last= 11,win=1375,total=15281) (win 0.0% | avg 0.2% budget)
  enemy.type.drone                 win=  0.003ms avg=  0.058ms p95=  0.097ms max=  0.216ms calls(last= 18,win=2250,total=29305) (win 0.0% | avg 0.3% budget)
  system.maze_update               win=  0.001ms avg=  0.001ms p95=  0.001ms max=  0.003ms calls(last=  1,win= 125,total=2223) (win 0.0% | avg 0.0% budget)
[ENEMY_STATS] frame=2520 alive=72 visible=0 full=0 cheap=72 fullInBase=0 pairs(frontal=0 checks=0 separation=0 resolved=0)
[ENEMY_WINDOW] steps=125 alive[min=72 max=72] visible[min=0 max=0] full[min=0 max=0] collisionPasses[runs=0 skips=125]
[ENEMY_SEGMENTS] window=2.083s D{b/s=4.80 avgLen=5.41 fail=0} T{b/s=7.20 avgLen=5.57 fail=0} H{b/s=11.04 avgLen=4.74 fail=375} A{b/s=3.84 avgLen=4.85 fail=0}
[ENEMY_GRID] frontal{cand/s=0.0 xcell/s=0.0 ins/s=0.0} separation{cand/s=0.0}
[ENEMY_COLLISION_WINDOW] frontal{pairs/s=0.0 checks/s=0.0 baseSkip=0 kill=0(0.0%)} separation{pairs/s=0.0 resolved/s=0.0(0.0%) baseSkip=0 kill=0 wallBlock=0}
[ENEMY_NAV_CACHE] playerCell{changes=2 flowRebuilds=2} flow{hit=0 miss=0 hit%=0.0} pathFallback{calls=0 ok=0 ok%=0.0}
[ENEMY_SAP] updates=0 active=0 pairs=0 repairs{x=0 y=0}
[ENEMY_PAIR_TYPES] frontal DD=0 DT=0 DH=0 DA=0 TT=0 TH=0 TA=0 HH=0 HA=0 AA=0 separation DD=0 DT=0 DH=0 DA=0 TT=0 TH=0 TA=0 HH=0 HA=0 AA=0

[PROFILE] frame=2640 budget=16.667ms alloc(+90/-90, +200576b/-200576b, live=161144b peak=360560b)
  frame.total                      win= 17.191ms avg= 17.191ms p95= 18.248ms max= 82.653ms calls(last=  1,win= 120,total=2640) (win 103.1% | avg 103.1% budget)
  frame.render                     win= 12.633ms avg= 12.633ms p95= 13.307ms max= 82.616ms calls(last=  1,win= 120,total=2640) (win 75.8% | avg 75.8% budget)
  frame.present                    win= 12.625ms avg= 12.625ms p95= 13.300ms max= 82.609ms calls(last=  1,win= 120,total=2640) (win 75.8% | avg 75.8% budget)
  frame.render.world               win=  4.909ms avg=  9.817ms p95= 10.260ms max= 19.801ms calls(last=  2,win= 240,total=4534) (win 29.5% | avg 58.9% budget)
  frame.fixed_step                 win=  4.372ms avg=  4.518ms p95=  4.616ms max= 17.040ms calls(last=  1,win= 124,total=2729) (win 26.2% | avg 27.1% budget)
  frame.render.overlay             win=  3.101ms avg=  3.101ms p95=  3.742ms max=  7.638ms calls(last=  1,win= 120,total=2267) (win 18.6% | avg 18.6% budget)
  game.update                      win=  2.477ms avg=  2.560ms p95=  2.718ms max= 15.748ms calls(last=  1,win= 124,total=2347) (win 14.9% | avg 15.4% budget)
  system.ai_update                 win=  2.339ms avg=  2.417ms p95=  2.572ms max= 15.588ms calls(last=  1,win= 124,total=2347) (win 14.0% | avg 14.5% budget)
  enemy.update                     win=  2.333ms avg=  2.411ms p95=  2.566ms max= 15.524ms calls(last=  1,win= 124,total=2347) (win 14.0% | avg 14.5% budget)
  frame.render.world.enemies       win=  1.134ms avg=  1.134ms p95=  1.207ms max=  3.582ms calls(last=  1,win= 120,total=2267) (win 6.8% | avg 6.8% budget)
  frame.render.world.maze          win=  1.130ms avg=  1.130ms p95=  1.329ms max=  2.139ms calls(last=  1,win= 120,total=2267) (win 6.8% | avg 6.8% budget)
  frame.render.world.effects       win=  0.389ms avg=  0.389ms p95=  0.503ms max=  1.029ms calls(last=  1,win= 120,total=2267) (win 2.3% | avg 2.3% budget)
  system.spawner_update            win=  0.040ms avg=  0.042ms p95=  0.070ms max=  0.372ms calls(last=  1,win= 124,total=2347) (win 0.2% | avg 0.3% budget)
  enemy.cheap.segment_build        win=  0.034ms avg=  0.123ms p95=  0.203ms max=  0.398ms calls(last=  3,win= 428,total=4786) (win 0.2% | avg 0.7% budget)
  system.physics_collision         win=  0.029ms avg=  0.030ms p95=  0.036ms max=  0.157ms calls(last=  1,win= 124,total=2347) (win 0.2% | avg 0.2% budget)
  frame.input_poll                 win=  0.028ms avg=  0.028ms p95=  0.030ms max=  0.092ms calls(last=  1,win= 120,total=2640) (win 0.2% | avg 0.2% budget)
  system.player_update             win=  0.027ms avg=  0.028ms p95=  0.034ms max=  0.126ms calls(last=  1,win= 124,total=2227) (win 0.2% | avg 0.2% budget)
  enemy.type.hunter                win=  0.009ms avg=  0.201ms p95=  0.264ms max=  0.499ms calls(last= 21,win=2604,total=34928) (win 0.1% | avg 1.2% budget)
  enemy.type.torpedo               win=  0.003ms avg=  0.078ms p95=  0.131ms max=  0.335ms calls(last= 22,win=2728,total=36549) (win 0.0% | avg 0.5% budget)
  system.projectile_update         win=  0.003ms avg=  0.003ms p95=  0.004ms max=  0.055ms calls(last=  1,win= 124,total=2347) (win 0.0% | avg 0.0% budget)
  enemy.type.assassin              win=  0.003ms avg=  0.036ms p95=  0.065ms max=  0.187ms calls(last= 11,win=1364,total=16645) (win 0.0% | avg 0.2% budget)
  enemy.type.drone                 win=  0.003ms avg=  0.058ms p95=  0.101ms max=  0.269ms calls(last= 18,win=2232,total=31537) (win 0.0% | avg 0.4% budget)
  system.maze_update               win=  0.001ms avg=  0.001ms p95=  0.002ms max=  0.003ms calls(last=  1,win= 124,total=2347) (win 0.0% | avg 0.0% budget)
[ENEMY_STATS] frame=2640 alive=72 visible=0 full=0 cheap=72 fullInBase=0 pairs(frontal=0 checks=0 separation=0 resolved=0)
[ENEMY_WINDOW] steps=124 alive[min=72 max=72] visible[min=0 max=0] full[min=0 max=0] collisionPasses[runs=0 skips=124]
[ENEMY_SEGMENTS] window=2.067s D{b/s=4.84 avgLen=5.06 fail=0} T{b/s=8.23 avgLen=6.53 fail=0} H{b/s=11.13 avgLen=4.92 fail=372} A{b/s=2.42 avgLen=5.65 fail=0}
[ENEMY_GRID] frontal{cand/s=0.0 xcell/s=0.0 ins/s=0.0} separation{cand/s=0.0}
[ENEMY_COLLISION_WINDOW] frontal{pairs/s=0.0 checks/s=0.0 baseSkip=0 kill=0(0.0%)} separation{pairs/s=0.0 resolved/s=0.0(0.0%) baseSkip=0 kill=0 wallBlock=0}
[ENEMY_NAV_CACHE] playerCell{changes=2 flowRebuilds=2} flow{hit=0 miss=0 hit%=0.0} pathFallback{calls=0 ok=0 ok%=0.0}
[ENEMY_SAP] updates=0 active=0 pairs=0 repairs{x=0 y=0}
[ENEMY_PAIR_TYPES] frontal DD=0 DT=0 DH=0 DA=0 TT=0 TH=0 TA=0 HH=0 HA=0 AA=0 separation DD=0 DT=0 DH=0 DA=0 TT=0 TH=0 TA=0 HH=0 HA=0 AA=0

[PROFILE] frame=2760 budget=16.667ms alloc(+90/-90, +200576b/-200576b, live=161144b peak=360560b)
  frame.total                      win= 17.322ms avg= 17.322ms p95= 19.619ms max= 82.653ms calls(last=  1,win= 120,total=2760) (win 103.9% | avg 103.9% budget)
  frame.render                     win= 12.653ms avg= 12.653ms p95= 13.273ms max= 82.616ms calls(last=  1,win= 120,total=2760) (win 75.9% | avg 75.9% budget)
  frame.present                    win= 12.645ms avg= 12.645ms p95= 13.266ms max= 82.609ms calls(last=  1,win= 120,total=2760) (win 75.9% | avg 75.9% budget)
  frame.render.world               win=  4.817ms avg=  9.633ms p95= 10.078ms max= 19.801ms calls(last=  2,win= 240,total=4774) (win 28.9% | avg 57.8% budget)
  frame.fixed_step                 win=  4.409ms avg=  4.630ms p95=  8.189ms max= 17.040ms calls(last=  1,win= 126,total=2855) (win 26.5% | avg 27.8% budget)
  frame.render.overlay             win=  3.090ms avg=  3.090ms p95=  3.732ms max=  7.638ms calls(last=  1,win= 120,total=2387) (win 18.5% | avg 18.5% budget)
  game.update                      win=  2.526ms avg=  2.652ms p95=  4.486ms max= 15.748ms calls(last=  1,win= 126,total=2473) (win 15.2% | avg 15.9% budget)
  system.ai_update                 win=  2.391ms avg=  2.510ms p95=  4.226ms max= 15.588ms calls(last=  1,win= 126,total=2473) (win 14.3% | avg 15.1% budget)
  enemy.update                     win=  2.385ms avg=  2.505ms p95=  4.215ms max= 15.524ms calls(last=  1,win= 126,total=2473) (win 14.3% | avg 15.0% budget)
  frame.render.world.enemies       win=  1.138ms avg=  1.138ms p95=  1.320ms max=  3.582ms calls(last=  1,win= 120,total=2387) (win 6.8% | avg 6.8% budget)
  frame.render.world.maze          win=  1.051ms avg=  1.051ms p95=  1.159ms max=  2.139ms calls(last=  1,win= 120,total=2387) (win 6.3% | avg 6.3% budget)
  frame.render.world.effects       win=  0.383ms avg=  0.383ms p95=  0.474ms max=  1.029ms calls(last=  1,win= 120,total=2387) (win 2.3% | avg 2.3% budget)
  system.spawner_update            win=  0.039ms avg=  0.041ms p95=  0.042ms max=  0.372ms calls(last=  1,win= 126,total=2473) (win 0.2% | avg 0.2% budget)
  enemy.cheap.segment_build        win=  0.034ms avg=  0.120ms p95=  0.196ms max=  0.398ms calls(last=  3,win= 424,total=5210) (win 0.2% | avg 0.7% budget)
  system.physics_collision         win=  0.028ms avg=  0.029ms p95=  0.047ms max=  0.157ms calls(last=  1,win= 126,total=2473) (win 0.2% | avg 0.2% budget)
  frame.input_poll                 win=  0.027ms avg=  0.027ms p95=  0.028ms max=  0.092ms calls(last=  1,win= 120,total=2760) (win 0.2% | avg 0.2% budget)
  system.player_update             win=  0.026ms avg=  0.027ms p95=  0.040ms max=  0.126ms calls(last=  1,win= 126,total=2353) (win 0.2% | avg 0.2% budget)
  enemy.type.hunter                win=  0.009ms avg=  0.202ms p95=  0.327ms max=  0.499ms calls(last= 21,win=2646,total=37574) (win 0.1% | avg 1.2% budget)
  system.projectile_update         win=  0.003ms avg=  0.003ms p95=  0.004ms max=  0.055ms calls(last=  1,win= 126,total=2473) (win 0.0% | avg 0.0% budget)
  enemy.type.torpedo               win=  0.003ms avg=  0.076ms p95=  0.129ms max=  0.335ms calls(last= 22,win=2772,total=39321) (win 0.0% | avg 0.5% budget)
  enemy.type.assassin              win=  0.003ms avg=  0.037ms p95=  0.068ms max=  0.187ms calls(last= 11,win=1386,total=18031) (win 0.0% | avg 0.2% budget)
  enemy.type.drone                 win=  0.003ms avg=  0.055ms p95=  0.101ms max=  0.269ms calls(last= 18,win=2268,total=33805) (win 0.0% | avg 0.3% budget)
  system.maze_update               win=  0.001ms avg=  0.001ms p95=  0.002ms max=  0.003ms calls(last=  1,win= 126,total=2473) (win 0.0% | avg 0.0% budget)
[ENEMY_STATS] frame=2760 alive=72 visible=0 full=0 cheap=72 fullInBase=0 pairs(frontal=0 checks=0 separation=0 resolved=0)
[ENEMY_WINDOW] steps=126 alive[min=72 max=72] visible[min=0 max=0] full[min=0 max=0] collisionPasses[runs=0 skips=126]
[ENEMY_SEGMENTS] window=2.100s D{b/s=1.43 avgLen=6.64 fail=0} T{b/s=5.71 avgLen=6.51 fail=0} H{b/s=11.43 avgLen=5.28 fail=378} A{b/s=3.81 avgLen=5.77 fail=0}
[ENEMY_GRID] frontal{cand/s=0.0 xcell/s=0.0 ins/s=0.0} separation{cand/s=0.0}
[ENEMY_COLLISION_WINDOW] frontal{pairs/s=0.0 checks/s=0.0 baseSkip=0 kill=0(0.0%)} separation{pairs/s=0.0 resolved/s=0.0(0.0%) baseSkip=0 kill=0 wallBlock=0}
[ENEMY_NAV_CACHE] playerCell{changes=3 flowRebuilds=3} flow{hit=0 miss=0 hit%=0.0} pathFallback{calls=0 ok=0 ok%=0.0}
[ENEMY_SAP] updates=0 active=0 pairs=0 repairs{x=0 y=0}
[ENEMY_PAIR_TYPES] frontal DD=0 DT=0 DH=0 DA=0 TT=0 TH=0 TA=0 HH=0 HA=0 AA=0 separation DD=0 DT=0 DH=0 DA=0 TT=0 TH=0 TA=0 HH=0 HA=0 AA=0

[PROFILE] frame=2880 budget=16.667ms alloc(+90/-90, +200576b/-200576b, live=161144b peak=360560b)
  frame.total                      win= 17.194ms avg= 17.194ms p95= 18.307ms max= 82.653ms calls(last=  1,win= 120,total=2880) (win 103.2% | avg 103.2% budget)
  frame.render                     win= 12.691ms avg= 12.691ms p95= 13.309ms max= 82.616ms calls(last=  1,win= 120,total=2880) (win 76.1% | avg 76.1% budget)
  frame.present                    win= 12.684ms avg= 12.684ms p95= 13.302ms max= 82.609ms calls(last=  1,win= 120,total=2880) (win 76.1% | avg 76.1% budget)
  frame.render.world               win=  4.777ms avg=  9.553ms p95=  9.936ms max= 19.801ms calls(last=  2,win= 240,total=5014) (win 28.7% | avg 57.3% budget)
  frame.fixed_step                 win=  4.320ms avg=  4.464ms p95=  4.453ms max= 17.040ms calls(last=  1,win= 124,total=2979) (win 25.9% | avg 26.8% budget)
  frame.render.overlay             win=  3.096ms avg=  3.096ms p95=  3.780ms max=  7.638ms calls(last=  1,win= 120,total=2507) (win 18.6% | avg 18.6% budget)
  game.update                      win=  2.446ms avg=  2.528ms p95=  2.587ms max= 15.748ms calls(last=  1,win= 124,total=2597) (win 14.7% | avg 15.2% budget)
  system.ai_update                 win=  2.310ms avg=  2.387ms p95=  2.456ms max= 15.588ms calls(last=  1,win= 124,total=2597) (win 13.9% | avg 14.3% budget)
  enemy.update                     win=  2.305ms avg=  2.382ms p95=  2.450ms max= 15.524ms calls(last=  1,win= 124,total=2597) (win 13.8% | avg 14.3% budget)
  frame.render.world.enemies       win=  1.127ms avg=  1.127ms p95=  1.198ms max=  3.582ms calls(last=  1,win= 120,total=2507) (win 6.8% | avg 6.8% budget)
  frame.render.world.maze          win=  1.044ms avg=  1.044ms p95=  1.120ms max=  2.139ms calls(last=  1,win= 120,total=2507) (win 6.3% | avg 6.3% budget)
  frame.render.world.effects       win=  0.373ms avg=  0.373ms p95=  0.464ms max=  1.029ms calls(last=  1,win= 120,total=2507) (win 2.2% | avg 2.2% budget)
  system.spawner_update            win=  0.041ms avg=  0.042ms p95=  0.074ms max=  0.372ms calls(last=  1,win= 124,total=2597) (win 0.2% | avg 0.3% budget)
  enemy.cheap.segment_build        win=  0.034ms avg=  0.121ms p95=  0.172ms max=  0.398ms calls(last=  3,win= 427,total=5637) (win 0.2% | avg 0.7% budget)
  frame.input_poll                 win=  0.027ms avg=  0.027ms p95=  0.028ms max=  0.092ms calls(last=  1,win= 120,total=2880) (win 0.2% | avg 0.2% budget)
  system.physics_collision         win=  0.027ms avg=  0.027ms p95=  0.032ms max=  0.157ms calls(last=  1,win= 124,total=2597) (win 0.2% | avg 0.2% budget)
  system.player_update             win=  0.026ms avg=  0.027ms p95=  0.042ms max=  0.126ms calls(last=  1,win= 124,total=2477) (win 0.2% | avg 0.2% budget)
  enemy.type.hunter                win=  0.009ms avg=  0.202ms p95=  0.254ms max=  0.499ms calls(last= 21,win=2604,total=40178) (win 0.1% | avg 1.2% budget)
  system.projectile_update         win=  0.003ms avg=  0.004ms p95=  0.004ms max=  0.055ms calls(last=  1,win= 124,total=2597) (win 0.0% | avg 0.0% budget)
  enemy.type.torpedo               win=  0.003ms avg=  0.076ms p95=  0.113ms max=  0.335ms calls(last= 22,win=2728,total=42049) (win 0.0% | avg 0.5% budget)
  enemy.type.assassin              win=  0.003ms avg=  0.036ms p95=  0.066ms max=  0.187ms calls(last= 11,win=1364,total=19395) (win 0.0% | avg 0.2% budget)
  enemy.type.drone                 win=  0.003ms avg=  0.056ms p95=  0.097ms max=  0.269ms calls(last= 18,win=2232,total=36037) (win 0.0% | avg 0.3% budget)
  system.maze_update               win=  0.001ms avg=  0.001ms p95=  0.001ms max=  0.003ms calls(last=  1,win= 124,total=2597) (win 0.0% | avg 0.0% budget)
[ENEMY_STATS] frame=2880 alive=72 visible=0 full=0 cheap=72 fullInBase=0 pairs(frontal=0 checks=0 separation=0 resolved=0)
[ENEMY_WINDOW] steps=124 alive[min=72 max=72] visible[min=0 max=0] full[min=0 max=0] collisionPasses[runs=0 skips=124]
[ENEMY_SEGMENTS] window=2.067s D{b/s=3.87 avgLen=3.93 fail=0} T{b/s=8.71 avgLen=6.42 fail=0} H{b/s=12.10 avgLen=5.18 fail=372} A{b/s=2.42 avgLen=6.22 fail=0}
[ENEMY_GRID] frontal{cand/s=0.0 xcell/s=0.0 ins/s=0.0} separation{cand/s=0.0}
[ENEMY_COLLISION_WINDOW] frontal{pairs/s=0.0 checks/s=0.0 baseSkip=0 kill=0(0.0%)} separation{pairs/s=0.0 resolved/s=0.0(0.0%) baseSkip=0 kill=0 wallBlock=0}
[ENEMY_NAV_CACHE] playerCell{changes=2 flowRebuilds=2} flow{hit=0 miss=0 hit%=0.0} pathFallback{calls=0 ok=0 ok%=0.0}
[ENEMY_SAP] updates=0 active=0 pairs=0 repairs{x=0 y=0}
[ENEMY_PAIR_TYPES] frontal DD=0 DT=0 DH=0 DA=0 TT=0 TH=0 TA=0 HH=0 HA=0 AA=0 separation DD=0 DT=0 DH=0 DA=0 TT=0 TH=0 TA=0 HH=0 HA=0 AA=0

[PROFILE] frame=3000 budget=16.667ms alloc(+90/-90, +200576b/-200576b, live=161144b peak=360560b)
  frame.total                      win= 17.262ms avg= 17.262ms p95= 19.730ms max= 82.653ms calls(last=  1,win= 120,total=3000) (win 103.6% | avg 103.6% budget)
  frame.render                     win= 12.683ms avg= 12.683ms p95= 13.274ms max= 82.616ms calls(last=  1,win= 120,total=3000) (win 76.1% | avg 76.1% budget)
  frame.present                    win= 12.675ms avg= 12.675ms p95= 13.266ms max= 82.609ms calls(last=  1,win= 120,total=3000) (win 76.1% | avg 76.1% budget)
  frame.render.world               win=  4.748ms avg=  9.497ms p95=  9.823ms max= 19.801ms calls(last=  2,win= 240,total=5254) (win 28.5% | avg 57.0% budget)
  frame.fixed_step                 win=  4.358ms avg=  4.539ms p95=  8.049ms max= 17.040ms calls(last=  1,win= 125,total=3104) (win 26.1% | avg 27.2% budget)
  frame.render.overlay             win=  3.144ms avg=  3.144ms p95=  3.779ms max=  7.638ms calls(last=  1,win= 120,total=2627) (win 18.9% | avg 18.9% budget)
  game.update                      win=  2.478ms avg=  2.581ms p95=  4.453ms max= 15.748ms calls(last=  1,win= 125,total=2722) (win 14.9% | avg 15.5% budget)
  system.ai_update                 win=  2.339ms avg=  2.437ms p95=  4.215ms max= 15.588ms calls(last=  1,win= 125,total=2722) (win 14.0% | avg 14.6% budget)
  enemy.update                     win=  2.334ms avg=  2.431ms p95=  4.204ms max= 15.524ms calls(last=  1,win= 125,total=2722) (win 14.0% | avg 14.6% budget)
  frame.render.world.enemies       win=  1.139ms avg=  1.139ms p95=  1.269ms max=  3.582ms calls(last=  1,win= 120,total=2627) (win 6.8% | avg 6.8% budget)
  frame.render.world.maze          win=  0.967ms avg=  0.967ms p95=  1.098ms max=  2.139ms calls(last=  1,win= 120,total=2627) (win 5.8% | avg 5.8% budget)
  frame.render.world.effects       win=  0.383ms avg=  0.383ms p95=  0.476ms max=  1.042ms calls(last=  1,win= 120,total=2627) (win 2.3% | avg 2.3% budget)
  system.spawner_update            win=  0.041ms avg=  0.043ms p95=  0.074ms max=  0.372ms calls(last=  1,win= 125,total=2722) (win 0.2% | avg 0.3% budget)
  enemy.cheap.segment_build        win=  0.034ms avg=  0.120ms p95=  0.184ms max=  0.398ms calls(last=  3,win= 419,total=6056) (win 0.2% | avg 0.7% budget)
  system.physics_collision         win=  0.028ms avg=  0.029ms p95=  0.037ms max=  0.157ms calls(last=  1,win= 125,total=2722) (win 0.2% | avg 0.2% budget)
  frame.input_poll                 win=  0.027ms avg=  0.027ms p95=  0.029ms max=  0.092ms calls(last=  1,win= 120,total=3000) (win 0.2% | avg 0.2% budget)
  system.player_update             win=  0.026ms avg=  0.027ms p95=  0.040ms max=  0.126ms calls(last=  1,win= 125,total=2602) (win 0.2% | avg 0.2% budget)
  enemy.type.hunter                win=  0.009ms avg=  0.201ms p95=  0.267ms max=  0.499ms calls(last= 21,win=2625,total=42803) (win 0.1% | avg 1.2% budget)
  system.projectile_update         win=  0.003ms avg=  0.004ms p95=  0.005ms max=  0.055ms calls(last=  1,win= 125,total=2722) (win 0.0% | avg 0.0% budget)
  enemy.type.torpedo               win=  0.003ms avg=  0.078ms p95=  0.129ms max=  0.335ms calls(last= 22,win=2750,total=44799) (win 0.0% | avg 0.5% budget)
  enemy.type.assassin              win=  0.003ms avg=  0.037ms p95=  0.068ms max=  0.187ms calls(last= 11,win=1375,total=20770) (win 0.0% | avg 0.2% budget)
  enemy.type.drone                 win=  0.003ms avg=  0.058ms p95=  0.099ms max=  0.269ms calls(last= 18,win=2250,total=38287) (win 0.0% | avg 0.3% budget)
  system.maze_update               win=  0.001ms avg=  0.001ms p95=  0.001ms max=  0.003ms calls(last=  1,win= 125,total=2722) (win 0.0% | avg 0.0% budget)
[ENEMY_STATS] frame=3000 alive=72 visible=0 full=0 cheap=72 fullInBase=0 pairs(frontal=0 checks=0 separation=0 resolved=0)
[ENEMY_WINDOW] steps=125 alive[min=72 max=72] visible[min=0 max=0] full[min=0 max=0] collisionPasses[runs=0 skips=125]
[ENEMY_SEGMENTS] window=2.083s D{b/s=4.32 avgLen=4.42 fail=0} T{b/s=5.28 avgLen=5.63 fail=0} H{b/s=8.64 avgLen=4.87 fail=375} A{b/s=1.92 avgLen=4.88 fail=0}
[ENEMY_GRID] frontal{cand/s=0.0 xcell/s=0.0 ins/s=0.0} separation{cand/s=0.0}
[ENEMY_COLLISION_WINDOW] frontal{pairs/s=0.0 checks/s=0.0 baseSkip=0 kill=0(0.0%)} separation{pairs/s=0.0 resolved/s=0.0(0.0%) baseSkip=0 kill=0 wallBlock=0}
[ENEMY_NAV_CACHE] playerCell{changes=2 flowRebuilds=2} flow{hit=0 miss=0 hit%=0.0} pathFallback{calls=0 ok=0 ok%=0.0}
[ENEMY_SAP] updates=0 active=0 pairs=0 repairs{x=0 y=0}
[ENEMY_PAIR_TYPES] frontal DD=0 DT=0 DH=0 DA=0 TT=0 TH=0 TA=0 HH=0 HA=0 AA=0 separation DD=0 DT=0 DH=0 DA=0 TT=0 TH=0 TA=0 HH=0 HA=0 AA=0

[PROFILE] frame=3120 budget=16.667ms alloc(+91/-91, +200632b/-200632b, live=161216b peak=360720b)
  frame.total                      win= 17.337ms avg= 17.337ms p95= 19.800ms max= 82.653ms calls(last=  1,win= 120,total=3120) (win 104.0% | avg 104.0% budget)
  frame.render                     win= 12.582ms avg= 12.582ms p95= 13.348ms max= 82.616ms calls(last=  1,win= 120,total=3120) (win 75.5% | avg 75.5% budget)
  frame.present                    win= 12.575ms avg= 12.575ms p95= 13.342ms max= 82.609ms calls(last=  1,win= 120,total=3120) (win 75.4% | avg 75.4% budget)
  frame.render.world               win=  4.962ms avg=  9.924ms p95= 10.704ms max= 19.801ms calls(last=  2,win= 240,total=5494) (win 29.8% | avg 59.5% budget)
  frame.fixed_step                 win=  4.492ms avg=  4.716ms p95=  8.415ms max= 17.040ms calls(last=  1,win= 126,total=3230) (win 26.9% | avg 28.3% budget)
  frame.render.overlay             win=  3.115ms avg=  3.115ms p95=  3.778ms max=  7.638ms calls(last=  1,win= 120,total=2747) (win 18.7% | avg 18.7% budget)
  game.update                      win=  2.587ms avg=  2.717ms p95=  4.533ms max= 15.748ms calls(last=  1,win= 126,total=2848) (win 15.5% | avg 16.3% budget)
  system.ai_update                 win=  2.434ms avg=  2.556ms p95=  4.236ms max= 15.588ms calls(last=  1,win= 126,total=2848) (win 14.6% | avg 15.3% budget)
  enemy.update                     win=  2.428ms avg=  2.550ms p95=  4.225ms max= 15.524ms calls(last=  1,win= 126,total=2848) (win 14.6% | avg 15.3% budget)
  frame.render.world.enemies       win=  1.140ms avg=  1.140ms p95=  1.388ms max=  3.582ms calls(last=  1,win= 120,total=2747) (win 6.8% | avg 6.8% budget)
  frame.render.world.maze          win=  0.935ms avg=  0.935ms p95=  1.062ms max=  2.139ms calls(last=  1,win= 120,total=2747) (win 5.6% | avg 5.6% budget)
  frame.render.world.effects       win=  0.659ms avg=  0.659ms p95=  1.018ms max=  1.414ms calls(last=  1,win= 120,total=2747) (win 4.0% | avg 4.0% budget)
  system.physics_collision         win=  0.042ms avg=  0.044ms p95=  0.060ms max=  0.157ms calls(last=  1,win= 126,total=2848) (win 0.3% | avg 0.3% budget)
  system.spawner_update            win=  0.040ms avg=  0.042ms p95=  0.074ms max=  0.372ms calls(last=  1,win= 126,total=2848) (win 0.2% | avg 0.3% budget)
  enemy.cheap.segment_build        win=  0.035ms avg=  0.131ms p95=  0.196ms max=  0.597ms calls(last=  3,win= 445,total=6501) (win 0.2% | avg 0.8% budget)
  frame.input_poll                 win=  0.027ms avg=  0.027ms p95=  0.029ms max=  0.092ms calls(last=  1,win= 120,total=3120) (win 0.2% | avg 0.2% budget)
  system.player_update             win=  0.027ms avg=  0.028ms p95=  0.045ms max=  0.126ms calls(last=  1,win= 126,total=2728) (win 0.2% | avg 0.2% budget)
  enemy.type.hunter                win=  0.010ms avg=  0.210ms p95=  0.341ms max=  0.499ms calls(last= 21,win=2646,total=45449) (win 0.1% | avg 1.3% budget)
  system.projectile_update         win=  0.006ms avg=  0.006ms p95=  0.008ms max=  0.055ms calls(last=  1,win= 126,total=2848) (win 0.0% | avg 0.0% budget)
  enemy.type.assassin              win=  0.004ms avg=  0.045ms p95=  0.073ms max=  0.517ms calls(last= 11,win=1386,total=22156) (win 0.0% | avg 0.3% budget)
  enemy.type.torpedo               win=  0.004ms avg=  0.082ms p95=  0.143ms max=  0.335ms calls(last= 22,win=2772,total=47571) (win 0.0% | avg 0.5% budget)
  enemy.type.drone                 win=  0.003ms avg=  0.057ms p95=  0.099ms max=  0.269ms calls(last= 18,win=2268,total=40555) (win 0.0% | avg 0.3% budget)
  system.maze_update               win=  0.001ms avg=  0.001ms p95=  0.002ms max=  0.003ms calls(last=  1,win= 126,total=2848) (win 0.0% | avg 0.0% budget)
[ENEMY_STATS] frame=3120 alive=72 visible=0 full=0 cheap=72 fullInBase=0 pairs(frontal=0 checks=0 separation=0 resolved=0)
[ENEMY_WINDOW] steps=126 alive[min=72 max=72] visible[min=0 max=0] full[min=0 max=0] collisionPasses[runs=0 skips=126]
[ENEMY_SEGMENTS] window=2.100s D{b/s=4.76 avgLen=5.67 fail=0} T{b/s=9.05 avgLen=5.47 fail=0} H{b/s=12.86 avgLen=4.66 fail=378} A{b/s=5.24 avgLen=4.85 fail=0}
[ENEMY_GRID] frontal{cand/s=0.0 xcell/s=0.0 ins/s=0.0} separation{cand/s=0.0}
[ENEMY_COLLISION_WINDOW] frontal{pairs/s=0.0 checks/s=0.0 baseSkip=0 kill=0(0.0%)} separation{pairs/s=0.0 resolved/s=0.0(0.0%) baseSkip=0 kill=0 wallBlock=0}
[ENEMY_NAV_CACHE] playerCell{changes=3 flowRebuilds=3} flow{hit=0 miss=0 hit%=0.0} pathFallback{calls=0 ok=0 ok%=0.0}
[ENEMY_SAP] updates=0 active=0 pairs=0 repairs{x=0 y=0}
[ENEMY_PAIR_TYPES] frontal DD=0 DT=0 DH=0 DA=0 TT=0 TH=0 TA=0 HH=0 HA=0 AA=0 separation DD=0 DT=0 DH=0 DA=0 TT=0 TH=0 TA=0 HH=0 HA=0 AA=0

[PROFILE] frame=3240 budget=16.667ms alloc(+91/-91, +200728b/-200728b, live=161216b peak=360720b)
  frame.total                      win= 17.206ms avg= 17.206ms p95= 18.317ms max= 82.653ms calls(last=  1,win= 120,total=3240) (win 103.2% | avg 103.2% budget)
  frame.render                     win= 12.630ms avg= 12.630ms p95= 13.309ms max= 82.616ms calls(last=  1,win= 120,total=3240) (win 75.8% | avg 75.8% budget)
  frame.present                    win= 12.622ms avg= 12.622ms p95= 13.301ms max= 82.609ms calls(last=  1,win= 120,total=3240) (win 75.7% | avg 75.7% budget)
  frame.render.world               win=  4.992ms avg=  9.985ms p95= 10.708ms max= 19.801ms calls(last=  2,win= 240,total=5734) (win 30.0% | avg 59.9% budget)
  frame.fixed_step                 win=  4.390ms avg=  4.536ms p95=  4.513ms max= 17.040ms calls(last=  1,win= 124,total=3354) (win 26.3% | avg 27.2% budget)
  frame.render.overlay             win=  3.092ms avg=  3.092ms p95=  3.778ms max=  7.638ms calls(last=  1,win= 120,total=2867) (win 18.6% | avg 18.6% budget)
  game.update                      win=  2.487ms avg=  2.570ms p95=  2.593ms max= 15.748ms calls(last=  1,win= 124,total=2972) (win 14.9% | avg 15.4% budget)
  system.ai_update                 win=  2.326ms avg=  2.404ms p95=  2.434ms max= 15.588ms calls(last=  1,win= 124,total=2972) (win 14.0% | avg 14.4% budget)
  enemy.update                     win=  2.320ms avg=  2.397ms p95=  2.429ms max= 15.524ms calls(last=  1,win= 124,total=2972) (win 13.9% | avg 14.4% budget)
  frame.render.world.enemies       win=  1.129ms avg=  1.129ms p95=  1.216ms max=  3.582ms calls(last=  1,win= 120,total=2867) (win 6.8% | avg 6.8% budget)
  frame.render.world.maze          win=  0.876ms avg=  0.876ms p95=  0.958ms max=  2.139ms calls(last=  1,win= 120,total=2867) (win 5.3% | avg 5.3% budget)
  frame.render.world.effects       win=  0.829ms avg=  0.829ms p95=  1.018ms max=  1.414ms calls(last=  1,win= 120,total=2867) (win 5.0% | avg 5.0% budget)
  system.physics_collision         win=  0.050ms avg=  0.051ms p95=  0.068ms max=  0.157ms calls(last=  1,win= 124,total=2972) (win 0.3% | avg 0.3% budget)
  system.spawner_update            win=  0.040ms avg=  0.041ms p95=  0.074ms max=  0.372ms calls(last=  1,win= 124,total=2972) (win 0.2% | avg 0.2% budget)
  enemy.cheap.segment_build        win=  0.034ms avg=  0.121ms p95=  0.187ms max=  0.597ms calls(last=  3,win= 425,total=6926) (win 0.2% | avg 0.7% budget)
  frame.input_poll                 win=  0.028ms avg=  0.028ms p95=  0.028ms max=  0.092ms calls(last=  1,win= 120,total=3240) (win 0.2% | avg 0.2% budget)
  system.player_update             win=  0.026ms avg=  0.027ms p95=  0.033ms max=  0.126ms calls(last=  1,win= 124,total=2852) (win 0.2% | avg 0.2% budget)
  enemy.type.hunter                win=  0.009ms avg=  0.202ms p95=  0.273ms max=  0.499ms calls(last= 21,win=2604,total=48053) (win 0.1% | avg 1.2% budget)
  system.projectile_update         win=  0.006ms avg=  0.006ms p95=  0.007ms max=  0.055ms calls(last=  1,win= 124,total=2972) (win 0.0% | avg 0.0% budget)
  enemy.type.torpedo               win=  0.003ms avg=  0.077ms p95=  0.116ms max=  0.335ms calls(last= 22,win=2728,total=50299) (win 0.0% | avg 0.5% budget)
  enemy.type.assassin              win=  0.003ms avg=  0.036ms p95=  0.069ms max=  0.517ms calls(last= 11,win=1364,total=23520) (win 0.0% | avg 0.2% budget)
  enemy.type.drone                 win=  0.003ms avg=  0.056ms p95=  0.089ms max=  0.269ms calls(last= 18,win=2232,total=42787) (win 0.0% | avg 0.3% budget)
  system.maze_update               win=  0.001ms avg=  0.001ms p95=  0.001ms max=  0.003ms calls(last=  1,win= 124,total=2972) (win 0.0% | avg 0.0% budget)
[ENEMY_STATS] frame=3240 alive=72 visible=0 full=0 cheap=72 fullInBase=0 pairs(frontal=0 checks=0 separation=0 resolved=0)
[ENEMY_WINDOW] steps=124 alive[min=72 max=72] visible[min=0 max=0] full[min=0 max=0] collisionPasses[runs=0 skips=124]
[ENEMY_SEGMENTS] window=2.067s D{b/s=3.39 avgLen=4.02 fail=0} T{b/s=8.71 avgLen=5.79 fail=0} H{b/s=11.61 avgLen=4.86 fail=372} A{b/s=2.42 avgLen=4.38 fail=0}
[ENEMY_GRID] frontal{cand/s=0.0 xcell/s=0.0 ins/s=0.0} separation{cand/s=0.0}
[ENEMY_COLLISION_WINDOW] frontal{pairs/s=0.0 checks/s=0.0 baseSkip=0 kill=0(0.0%)} separation{pairs/s=0.0 resolved/s=0.0(0.0%) baseSkip=0 kill=0 wallBlock=0}
[ENEMY_NAV_CACHE] playerCell{changes=2 flowRebuilds=2} flow{hit=0 miss=0 hit%=0.0} pathFallback{calls=0 ok=0 ok%=0.0}
[ENEMY_SAP] updates=0 active=0 pairs=0 repairs{x=0 y=0}
[ENEMY_PAIR_TYPES] frontal DD=0 DT=0 DH=0 DA=0 TT=0 TH=0 TA=0 HH=0 HA=0 AA=0 separation DD=0 DT=0 DH=0 DA=0 TT=0 TH=0 TA=0 HH=0 HA=0 AA=0

[PROFILE] frame=3360 budget=16.667ms alloc(+104/-104, +204400b/-204400b, live=165208b peak=368408b)
  frame.total                      win= 17.685ms avg= 17.685ms p95= 21.521ms max= 82.653ms calls(last=  1,win= 120,total=3360) (win 106.1% | avg 106.1% budget)
  frame.render                     win= 12.206ms avg= 12.206ms p95= 12.920ms max= 82.616ms calls(last=  1,win= 120,total=3360) (win 73.2% | avg 73.2% budget)
  frame.present                    win= 12.199ms avg= 12.199ms p95= 12.913ms max= 82.609ms calls(last=  1,win= 120,total=3360) (win 73.2% | avg 73.2% budget)
  frame.fixed_step                 win=  5.099ms avg=  5.439ms p95=  9.656ms max= 17.040ms calls(last=  1,win= 128,total=3482) (win 30.6% | avg 32.6% budget)
  frame.render.world               win=  5.070ms avg= 10.141ms p95= 10.699ms max= 19.801ms calls(last=  2,win= 240,total=5974) (win 30.4% | avg 60.8% budget)
  game.update                      win=  3.130ms avg=  3.339ms p95=  5.809ms max= 15.748ms calls(last=  1,win= 128,total=3100) (win 18.8% | avg 20.0% budget)
  frame.render.overlay             win=  3.128ms avg=  3.128ms p95=  3.760ms max=  7.705ms calls(last=  1,win= 120,total=2987) (win 18.8% | avg 18.8% budget)
  system.ai_update                 win=  2.961ms avg=  3.158ms p95=  5.493ms max= 15.588ms calls(last=  1,win= 128,total=3100) (win 17.8% | avg 18.9% budget)
  enemy.update                     win=  2.955ms avg=  3.152ms p95=  5.483ms max= 15.524ms calls(last=  1,win= 128,total=3100) (win 17.7% | avg 18.9% budget)
  frame.render.world.enemies       win=  1.137ms avg=  1.137ms p95=  1.228ms max=  3.582ms calls(last=  1,win= 120,total=2987) (win 6.8% | avg 6.8% budget)
  frame.render.world.effects       win=  0.903ms avg=  0.903ms p95=  1.164ms max=  1.414ms calls(last=  1,win= 120,total=2987) (win 5.4% | avg 5.4% budget)
  frame.render.world.maze          win=  0.885ms avg=  0.885ms p95=  0.953ms max=  2.139ms calls(last=  1,win= 120,total=2987) (win 5.3% | avg 5.3% budget)
  enemy.torpedo.select_heading     win=  0.361ms avg=  0.003ms p95=  0.000ms max=  0.361ms calls(last=  0,win=   1,total=1) (win 2.2% | avg 0.0% budget)
  enemy.physics.frontal_collisions win=  0.246ms avg=  0.223ms p95=  0.462ms max=  0.749ms calls(last=  1,win= 109,total=109) (win 1.5% | avg 1.3% budget)
  enemy.physics.frontal_grid_build win=  0.177ms avg=  0.161ms p95=  0.338ms max=  0.575ms calls(last=  1,win= 109,total=109) (win 1.1% | avg 1.0% budget)
  enemy.ai.movement                win=  0.114ms avg=  0.212ms p95=  0.438ms max=  0.627ms calls(last=  2,win= 224,total=224) (win 0.7% | avg 1.3% budget)
  enemy.ai.decision                win=  0.061ms avg=  0.113ms p95=  0.193ms max=  0.608ms calls(last=  2,win= 224,total=224) (win 0.4% | avg 0.7% budget)
  system.physics_collision         win=  0.051ms avg=  0.055ms p95=  0.099ms max=  0.157ms calls(last=  1,win= 128,total=3100) (win 0.3% | avg 0.3% budget)
  enemy.physics.frontal_pair_traverse win=  0.044ms avg=  0.040ms p95=  0.081ms max=  0.152ms calls(last=  1,win= 109,total=109) (win 0.3% | avg 0.2% budget)
  system.spawner_update            win=  0.042ms avg=  0.045ms p95=  0.077ms max=  0.372ms calls(last=  1,win= 128,total=3100) (win 0.3% | avg 0.3% budget)
  enemy.cheap.segment_build        win=  0.035ms avg=  0.127ms p95=  0.226ms max=  0.597ms calls(last=  3,win= 442,total=7368) (win 0.2% | avg 0.8% budget)
  system.player_update             win=  0.028ms avg=  0.030ms p95=  0.050ms max=  0.142ms calls(last=  1,win= 128,total=2980) (win 0.2% | avg 0.2% budget)
  frame.input_poll                 win=  0.027ms avg=  0.027ms p95=  0.028ms max=  0.092ms calls(last=  1,win= 120,total=3360) (win 0.2% | avg 0.2% budget)
  enemy.type.torpedo               win=  0.012ms avg=  0.281ms p95=  0.524ms max=  0.855ms calls(last= 22,win=2816,total=53115) (win 0.1% | avg 1.7% budget)
[ENEMY_STATS] frame=3360 alive=72 visible=0 full=2 cheap=70 fullInBase=0 pairs(frontal=0 checks=0 separation=0 resolved=0)
[ENEMY_WINDOW] steps=128 alive[min=72 max=72] visible[min=0 max=0] full[min=0 max=2] collisionPasses[runs=110 skips=18]
[ENEMY_SEGMENTS] window=2.133s D{b/s=3.75 avgLen=4.36 fail=0} T{b/s=6.56 avgLen=6.26 fail=0} H{b/s=12.66 avgLen=4.67 fail=384} A{b/s=4.22 avgLen=3.79 fail=0}
[ENEMY_GRID] frontal{cand/s=103.1 xcell/s=0.9 ins/s=104.1} separation{cand/s=103.1}
[ENEMY_COLLISION_WINDOW] frontal{pairs/s=0.0 checks/s=0.0 baseSkip=0 kill=0(0.0%)} separation{pairs/s=0.0 resolved/s=0.0(0.0%) baseSkip=0 kill=0 wallBlock=0}
[ENEMY_NAV_CACHE] playerCell{changes=3 flowRebuilds=3} flow{hit=0 miss=0 hit%=0.0} pathFallback{calls=0 ok=0 ok%=0.0}
[ENEMY_SAP] updates=7920 active=220 pairs=0 repairs{x=63 y=62}
[ENEMY_PAIR_TYPES] frontal DD=0 DT=0 DH=0 DA=0 TT=0 TH=0 TA=0 HH=0 HA=0 AA=0 separation DD=0 DT=0 DH=0 DA=0 TT=0 TH=0 TA=0 HH=0 HA=0 AA=0
[TORPEDO_HEADING] eval/s=0.47 retreat/s=0.00 pick[straight=100.0% left=0.0% right=0.0%] clear[best=15.00 chosen=15.00]

[PROFILE] frame=3480 budget=16.667ms alloc(+105/-105, +204488b/-204488b, live=165208b peak=368408b)
  frame.total                      win= 17.698ms avg= 17.698ms p95= 21.845ms max= 82.653ms calls(last=  1,win= 120,total=3480) (win 106.2% | avg 106.2% budget)
  frame.render                     win= 12.079ms avg= 12.079ms p95= 12.849ms max= 82.616ms calls(last=  1,win= 120,total=3480) (win 72.5% | avg 72.5% budget)
  frame.present                    win= 12.071ms avg= 12.071ms p95= 12.842ms max= 82.609ms calls(last=  1,win= 120,total=3480) (win 72.4% | avg 72.4% budget)
  frame.fixed_step                 win=  5.230ms avg=  5.578ms p95=  9.817ms max= 17.040ms calls(last=  1,win= 128,total=3610) (win 31.4% | avg 33.5% budget)
  frame.render.world               win=  5.020ms avg= 10.040ms p95= 10.961ms max= 19.801ms calls(last=  2,win= 240,total=6214) (win 30.1% | avg 60.2% budget)
  game.update                      win=  3.234ms avg=  3.450ms p95=  5.857ms max= 15.748ms calls(last=  1,win= 128,total=3228) (win 19.4% | avg 20.7% budget)
  frame.render.overlay             win=  3.102ms avg=  3.102ms p95=  3.837ms max=  7.705ms calls(last=  1,win= 120,total=3107) (win 18.6% | avg 18.6% budget)
  system.ai_update                 win=  3.074ms avg=  3.279ms p95=  5.575ms max= 15.588ms calls(last=  1,win= 128,total=3228) (win 18.4% | avg 19.7% budget)
  enemy.update                     win=  3.067ms avg=  3.272ms p95=  5.540ms max= 15.524ms calls(last=  1,win= 128,total=3228) (win 18.4% | avg 19.6% budget)
  frame.render.world.enemies       win=  1.170ms avg=  1.170ms p95=  1.255ms max=  3.582ms calls(last=  1,win= 120,total=3107) (win 7.0% | avg 7.0% budget)
  frame.render.world.maze          win=  0.907ms avg=  0.907ms p95=  1.009ms max=  2.139ms calls(last=  1,win= 120,total=3107) (win 5.4% | avg 5.4% budget)
  frame.render.world.effects       win=  0.768ms avg=  0.768ms p95=  1.144ms max=  1.414ms calls(last=  1,win= 120,total=3107) (win 4.6% | avg 4.6% budget)
  enemy.torpedo.select_heading     win=  0.276ms avg=  0.002ms p95=  0.000ms max=  0.361ms calls(last=  0,win=   1,total=2) (win 1.7% | avg 0.0% budget)
  enemy.physics.frontal_collisions win=  0.246ms avg=  0.263ms p95=  0.468ms max=  0.749ms calls(last=  1,win= 128,total=237) (win 1.5% | avg 1.6% budget)
  enemy.physics.frontal_grid_build win=  0.178ms avg=  0.190ms p95=  0.341ms max=  0.575ms calls(last=  1,win= 128,total=237) (win 1.1% | avg 1.1% budget)
  enemy.ai.movement                win=  0.113ms avg=  0.299ms p95=  0.449ms max=  0.755ms calls(last=  3,win= 317,total=541) (win 0.7% | avg 1.8% budget)
  enemy.ai.decision                win=  0.049ms avg=  0.129ms p95=  0.208ms max=  0.608ms calls(last=  3,win= 317,total=541) (win 0.3% | avg 0.8% budget)
  enemy.physics.frontal_pair_traverse win=  0.044ms avg=  0.047ms p95=  0.082ms max=  0.152ms calls(last=  1,win= 128,total=237) (win 0.3% | avg 0.3% budget)
  system.physics_collision         win=  0.043ms avg=  0.046ms p95=  0.085ms max=  0.157ms calls(last=  1,win= 128,total=3228) (win 0.3% | avg 0.3% budget)
  system.spawner_update            win=  0.042ms avg=  0.044ms p95=  0.078ms max=  0.372ms calls(last=  1,win= 128,total=3228) (win 0.2% | avg 0.3% budget)
  enemy.cheap.segment_build        win=  0.036ms avg=  0.130ms p95=  0.213ms max=  0.597ms calls(last=  3,win= 437,total=7805) (win 0.2% | avg 0.8% budget)
  frame.input_poll                 win=  0.028ms avg=  0.028ms p95=  0.029ms max=  0.092ms calls(last=  1,win= 120,total=3480) (win 0.2% | avg 0.2% budget)
  system.player_update             win=  0.027ms avg=  0.029ms p95=  0.048ms max=  0.142ms calls(last=  1,win= 128,total=3108) (win 0.2% | avg 0.2% budget)
  enemy.type.drone                 win=  0.016ms avg=  0.299ms p95=  0.503ms max=  0.779ms calls(last= 18,win=2304,total=47395) (win 0.1% | avg 1.8% budget)
[ENEMY_STATS] frame=3480 alive=72 visible=1 full=3 cheap=69 fullInBase=0 pairs(frontal=0 checks=0 separation=0 resolved=0)
[ENEMY_WINDOW] steps=128 alive[min=72 max=72] visible[min=0 max=1] full[min=2 max=3] collisionPasses[runs=128 skips=0]
[ENEMY_SEGMENTS] window=2.133s D{b/s=2.34 avgLen=3.76 fail=0} T{b/s=7.03 avgLen=5.07 fail=0} H{b/s=9.84 avgLen=4.83 fail=384} A{b/s=5.16 avgLen=4.40 fail=0}
[ENEMY_GRID] frontal{cand/s=149.1 xcell/s=0.0 ins/s=149.1} separation{cand/s=149.1}
[ENEMY_COLLISION_WINDOW] frontal{pairs/s=0.0 checks/s=0.0 baseSkip=0 kill=0(0.0%)} separation{pairs/s=0.0 resolved/s=0.0(0.0%) baseSkip=0 kill=0 wallBlock=0}
[ENEMY_NAV_CACHE] playerCell{changes=2 flowRebuilds=2} flow{hit=0 miss=0 hit%=0.0} pathFallback{calls=0 ok=0 ok%=0.0}
[ENEMY_SAP] updates=9216 active=318 pairs=0 repairs{x=54 y=55}
[ENEMY_PAIR_TYPES] frontal DD=0 DT=0 DH=0 DA=0 TT=0 TH=0 TA=0 HH=0 HA=0 AA=0 separation DD=0 DT=0 DH=0 DA=0 TT=0 TH=0 TA=0 HH=0 HA=0 AA=0
[TORPEDO_HEADING] eval/s=0.47 retreat/s=0.00 pick[straight=0.0% left=0.0% right=100.0%] clear[best=15.00 chosen=15.00]

[PROFILE] frame=3600 budget=16.667ms alloc(+102/-102, +204416b/-204416b, live=165352b peak=368616b)
  frame.total                      win= 18.012ms avg= 18.012ms p95= 22.089ms max= 82.653ms calls(last=  1,win= 120,total=3600) (win 108.1% | avg 108.1% budget)
  frame.render                     win= 12.344ms avg= 12.344ms p95= 13.191ms max= 82.616ms calls(last=  1,win= 120,total=3600) (win 74.1% | avg 74.1% budget)
  frame.present                    win= 12.337ms avg= 12.337ms p95= 13.184ms max= 82.609ms calls(last=  1,win= 120,total=3600) (win 74.0% | avg 74.0% budget)
  frame.render.world               win=  5.403ms avg= 10.806ms p95= 11.568ms max= 19.801ms calls(last=  2,win= 240,total=6454) (win 32.4% | avg 64.8% budget)
  frame.fixed_step                 win=  5.156ms avg=  5.628ms p95=  9.764ms max= 17.040ms calls(last=  1,win= 131,total=3741) (win 30.9% | avg 33.8% budget)
  game.update                      win=  3.148ms avg=  3.437ms p95=  5.829ms max= 15.748ms calls(last=  1,win= 131,total=3359) (win 18.9% | avg 20.6% budget)
  frame.render.overlay             win=  3.098ms avg=  3.098ms p95=  3.781ms max=  7.705ms calls(last=  1,win= 120,total=3227) (win 18.6% | avg 18.6% budget)
  system.ai_update                 win=  2.955ms avg=  3.226ms p95=  5.475ms max= 15.588ms calls(last=  1,win= 131,total=3359) (win 17.7% | avg 19.4% budget)
  enemy.update                     win=  2.950ms avg=  3.220ms p95=  5.464ms max= 15.524ms calls(last=  1,win= 131,total=3359) (win 17.7% | avg 19.3% budget)
  frame.render.world.enemies       win=  1.174ms avg=  1.174ms p95=  1.258ms max=  3.582ms calls(last=  1,win= 120,total=3227) (win 7.0% | avg 7.0% budget)
  frame.render.world.effects       win=  1.105ms avg=  1.105ms p95=  1.305ms max=  1.513ms calls(last=  1,win= 120,total=3227) (win 6.6% | avg 6.6% budget)
  frame.render.world.maze          win=  0.982ms avg=  0.982ms p95=  1.192ms max=  2.139ms calls(last=  1,win= 120,total=3227) (win 5.9% | avg 5.9% budget)
  enemy.physics.frontal_collisions win=  0.248ms avg=  0.271ms p95=  0.477ms max=  0.749ms calls(last=  1,win= 131,total=368) (win 1.5% | avg 1.6% budget)
  enemy.physics.frontal_grid_build win=  0.174ms avg=  0.190ms p95=  0.341ms max=  0.575ms calls(last=  1,win= 131,total=368) (win 1.0% | avg 1.1% budget)
  enemy.ai.movement                win=  0.112ms avg=  0.285ms p95=  0.437ms max=  0.755ms calls(last=  3,win= 305,total=846) (win 0.7% | avg 1.7% budget)
  system.physics_collision         win=  0.075ms avg=  0.082ms p95=  0.144ms max=  0.212ms calls(last=  1,win= 131,total=3359) (win 0.5% | avg 0.5% budget)
  enemy.physics.frontal_pair_traverse win=  0.051ms avg=  0.056ms p95=  0.098ms max=  0.152ms calls(last=  1,win= 131,total=368) (win 0.3% | avg 0.3% budget)
  system.spawner_update            win=  0.042ms avg=  0.045ms p95=  0.078ms max=  0.372ms calls(last=  1,win= 131,total=3359) (win 0.2% | avg 0.3% budget)
  enemy.cheap.segment_build        win=  0.035ms avg=  0.131ms p95=  0.237ms max=  0.597ms calls(last=  3,win= 447,total=8252) (win 0.2% | avg 0.8% budget)
  system.player_update             win=  0.028ms avg=  0.030ms p95=  0.052ms max=  0.142ms calls(last=  1,win= 131,total=3239) (win 0.2% | avg 0.2% budget)
  frame.input_poll                 win=  0.027ms avg=  0.027ms p95=  0.028ms max=  0.092ms calls(last=  1,win= 120,total=3600) (win 0.2% | avg 0.2% budget)
  enemy.ai.decision                win=  0.026ms avg=  0.066ms p95=  0.134ms max=  0.608ms calls(last=  3,win= 305,total=846) (win 0.2% | avg 0.4% budget)
  enemy.type.drone                 win=  0.019ms avg=  0.372ms p95=  0.659ms max=  0.852ms calls(last= 18,win=2358,total=49753) (win 0.1% | avg 2.2% budget)
  enemy.type.hunter                win=  0.010ms avg=  0.249ms p95=  0.413ms max=  0.656ms calls(last= 22,win=2854,total=56283) (win 0.1% | avg 1.5% budget)
[ENEMY_STATS] frame=3600 alive=72 visible=1 full=3 cheap=69 fullInBase=0 pairs(frontal=0 checks=0 separation=0 resolved=0)
[ENEMY_WINDOW] steps=131 alive[min=72 max=72] visible[min=1 max=1] full[min=2 max=3] collisionPasses[runs=131 skips=0]
[ENEMY_SEGMENTS] window=2.183s D{b/s=5.50 avgLen=4.84 fail=0} T{b/s=8.24 avgLen=6.15 fail=0} H{b/s=14.20 avgLen=4.71 fail=377} A{b/s=3.66 avgLen=3.57 fail=0}
[ENEMY_GRID] frontal{cand/s=139.7 xcell/s=0.5 ins/s=140.2} separation{cand/s=139.7}
[ENEMY_COLLISION_WINDOW] frontal{pairs/s=0.0 checks/s=0.0 baseSkip=0 kill=0(0.0%)} separation{pairs/s=0.0 resolved/s=0.0(0.0%) baseSkip=0 kill=0 wallBlock=0}
[ENEMY_NAV_CACHE] playerCell{changes=2 flo
                                          wRebuilds=2} flow{hit=0 miss=0 hit%=0.0} pathFallback{calls=0 ok=0 ok%=0.0}
[ENEMY_SAP] updates=9432 active=305 pairs=0 repairs{x=66 y=62}
[ENEMY_PAIR_TYPES] frontal DD=0 DT=0 DH=0 DA=0 TT=0 TH=0 TA=0 HH=0 HA=0 AA=0 separation DD=0 DT=0 DH=0 DA=0 TT=0 TH=0 TA=0 HH=0 HA=0 AA=0

[PROFILE] frame=3720 budget=16.667ms alloc(+102/-102, +204336b/-204336b, live=165352b peak=368616b)
  frame.total                      win= 17.981ms avg= 17.981ms p95= 22.281ms max= 82.653ms calls(last=  1,win= 120,total=3720) (win 107.9% | avg 107.9% budget)
  frame.render                     win= 12.115ms avg= 12.115ms p95= 13.000ms max= 82.616ms calls(last=  1,win= 120,total=3720) (win 72.7% | avg 72.7% budget)
  frame.present                    win= 12.108ms avg= 12.108ms p95= 12.992ms max= 82.609ms calls(last=  1,win= 120,total=3720) (win 72.6% | avg 72.6% budget)
  frame.fixed_step                 win=  5.377ms avg=  5.825ms p95= 10.043ms max= 20.801ms calls(last=  1,win= 130,total=3871) (win 32.3% | avg 35.0% budget)
  frame.render.world               win=  5.087ms avg= 10.174ms p95= 11.112ms max= 19.801ms calls(last=  2,win= 240,total=6694) (win 30.5% | avg 61.0% budget)
  game.update                      win=  3.362ms avg=  3.642ms p95=  6.088ms max= 16.912ms calls(last=  1,win= 130,total=3489) (win 20.2% | avg 21.9% budget)
  system.ai_update                 win=  3.204ms avg=  3.471ms p95=  5.828ms max= 16.499ms calls(last=  1,win= 130,total=3489) (win 19.2% | avg 20.8% budget)
  enemy.update                     win=  3.198ms avg=  3.465ms p95=  5.818ms max= 16.487ms calls(last=  1,win= 130,total=3489) (win 19.2% | avg 20.8% budget)
  frame.render.overlay             win=  3.121ms avg=  3.121ms p95=  3.860ms max=  7.705ms calls(last=  1,win= 120,total=3347) (win 18.7% | avg 18.7% budget)
  frame.render.world.enemies       win=  1.173ms avg=  1.173ms p95=  1.303ms max=  3.582ms calls(last=  1,win= 120,total=3347) (win 7.0% | avg 7.0% budget)
  frame.render.world.maze          win=  1.004ms avg=  1.004ms p95=  1.259ms max=  2.139ms calls(last=  1,win= 120,total=3347) (win 6.0% | avg 6.0% budget)
  frame.render.world.effects       win=  0.720ms avg=  0.720ms p95=  1.204ms max=  1.513ms calls(last=  1,win= 120,total=3347) (win 4.3% | avg 4.3% budget)
  enemy.physics.frontal_collisions win=  0.254ms avg=  0.275ms p95=  0.485ms max=  0.749ms calls(last=  1,win= 130,total=498) (win 1.5% | avg 1.6% budget)
  enemy.physics.frontal_grid_build win=  0.175ms avg=  0.190ms p95=  0.342ms max=  0.575ms calls(last=  1,win= 130,total=498) (win 1.1% | avg 1.1% budget)
  enemy.ai.movement                win=  0.109ms avg=  0.457ms p95=  0.839ms max=  0.982ms calls(last=  4,win= 505,total=1351) (win 0.7% | avg 2.7% budget)
  enemy.physics.frontal_pair_traverse win=  0.052ms avg=  0.057ms p95=  0.094ms max=  0.152ms calls(last=  1,win= 130,total=498) (win 0.3% | avg 0.3% budget)
  system.physics_collision         win=  0.046ms avg=  0.049ms p95=  0.086ms max=  0.212ms calls(last=  1,win= 130,total=3489) (win 0.3% | avg 0.3% budget)
  system.spawner_update            win=  0.040ms avg=  0.043ms p95=  0.077ms max=  0.372ms calls(last=  1,win= 130,total=3489) (win 0.2% | avg 0.3% budget)
  enemy.cheap.segment_build        win=  0.032ms avg=  0.083ms p95=  0.156ms max=  0.597ms calls(last=  3,win= 315,total=8567) (win 0.2% | avg 0.5% budget)
  frame.input_poll                 win=  0.027ms avg=  0.027ms p95=  0.029ms max=  0.092ms calls(last=  1,win= 120,total=3720) (win 0.2% | avg 0.2% budget)
  system.player_update             win=  0.027ms avg=  0.029ms p95=  0.047ms max=  0.142ms calls(last=  1,win= 130,total=3369) (win 0.2% | avg 0.2% budget)
  enemy.type.hunter                win=  0.021ms avg=  0.489ms p95=  0.887ms max=  0.975ms calls(last= 22,win=2860,total=59143) (win 0.1% | avg 2.9% budget)
  enemy.ai.decision                win=  0.020ms avg=  0.086ms p95=  0.143ms max=  0.608ms calls(last=  4,win= 505,total=1351) (win 0.1% | avg 0.5% budget)
  enemy.type.drone                 win=  0.017ms avg=  0.340ms p95=  0.601ms max=  0.852ms calls(last= 18,win=2340,total=52093) (win 0.1% | avg 2.0% budget)
[ENEMY_STATS] frame=3720 alive=72 visible=0 full=4 cheap=68 fullInBase=0 pairs(frontal=0 checks=0 separation=0 resolved=0)
[ENEMY_WINDOW] steps=130 alive[min=72 max=72] visible[min=0 max=1] full[min=3 max=4] collisionPasses[runs=130 skips=0]
[ENEMY_SEGMENTS] window=2.167s D{b/s=3.69 avgLen=5.37 fail=0} T{b/s=6.00 avgLen=6.98 fail=0} H{b/s=11.08 avgLen=4.95 fail=260} A{b/s=4.62 avgLen=4.31 fail=0}
[ENEMY_GRID] frontal{cand/s=233.5 xcell/s=0.9 ins/s=234.5} separation{cand/s=233.5}
[ENEMY_COLLISION_WINDOW] frontal{pairs/s=0.0 checks/s=0.0 baseSkip=0 kill=0(0.0%)} separation{pairs/s=0.0 resolved/s=0.0(0.0%) baseSkip=0 kill=0 wallBlock=0}
[ENEMY_NAV_CACHE] playerCell{changes=3 flowRebuilds=3} flow{hit=0 miss=0 hit%=0.0} pathFallback{calls=0 ok=0 ok%=0.0}
[ENEMY_SAP] updates=9360 active=506 pairs=0 repairs{x=70 y=71}
[ENEMY_PAIR_TYPES] frontal DD=0 DT=0 DH=0 DA=0 TT=0 TH=0 TA=0 HH=0 HA=0 AA=0 separation DD=0 DT=0 DH=0 DA=0 TT=0 TH=0 TA=0 HH=0 HA=0 AA=0

[PROFILE] frame=3840 budget=16.667ms alloc(+102/-102, +204512b/-204512b, live=165352b peak=368648b)
  frame.total                      win= 18.628ms avg= 18.628ms p95= 22.540ms max= 82.653ms calls(last=  1,win= 120,total=3840) (win 111.8% | avg 111.8% budget)
  frame.render                     win= 12.535ms avg= 12.535ms p95= 13.325ms max= 82.616ms calls(last=  1,win= 120,total=3840) (win 75.2% | avg 75.2% budget)
  frame.present                    win= 12.528ms avg= 12.528ms p95= 13.318ms max= 82.609ms calls(last=  1,win= 120,total=3840) (win 75.2% | avg 75.2% budget)
  frame.render.world               win=  5.533ms avg= 11.066ms p95= 11.738ms max= 19.801ms calls(last=  2,win= 240,total=6934) (win 33.2% | avg 66.4% budget)
  frame.fixed_step                 win=  5.381ms avg=  6.053ms p95= 10.249ms max= 21.377ms calls(last=  1,win= 135,total=4006) (win 32.3% | avg 36.3% budget)
  game.update                      win=  3.377ms avg=  3.800ms p95=  6.218ms max= 17.239ms calls(last=  1,win= 135,total=3624) (win 20.3% | avg 22.8% budget)
  system.ai_update                 win=  3.186ms avg=  3.584ms p95=  5.828ms max= 16.894ms calls(last=  1,win= 135,total=3624) (win 19.1% | avg 21.5% budget)
  enemy.update                     win=  3.180ms avg=  3.577ms p95=  5.816ms max= 16.880ms calls(last=  1,win= 135,total=3624) (win 19.1% | avg 21.5% budget)
  frame.render.overlay             win=  3.136ms avg=  3.136ms p95=  3.869ms max=  7.705ms calls(last=  1,win= 120,total=3467) (win 18.8% | avg 18.8% budget)
  frame.render.world.effects       win=  1.236ms avg=  1.236ms p95=  1.547ms max=  2.075ms calls(last=  1,win= 120,total=3467) (win 7.4% | avg 7.4% budget)
  frame.render.world.enemies       win=  1.171ms avg=  1.171ms p95=  1.428ms max=  3.582ms calls(last=  1,win= 120,total=3467) (win 7.0% | avg 7.0% budget)
  frame.render.world.maze          win=  0.979ms avg=  0.979ms p95=  1.174ms max=  2.139ms calls(last=  1,win= 120,total=3467) (win 5.9% | avg 5.9% budget)
  enemy.physics.frontal_collisions win=  0.255ms avg=  0.287ms p95=  0.496ms max=  0.749ms calls(last=  1,win= 135,total=633) (win 1.5% | avg 1.7% budget)
  enemy.physics.frontal_grid_build win=  0.177ms avg=  0.199ms p95=  0.345ms max=  0.575ms calls(last=  1,win= 135,total=633) (win 1.1% | avg 1.2% budget)
  enemy.ai.movement                win=  0.110ms avg=  0.458ms p95=  0.838ms max=  1.017ms calls(last=  3,win= 501,total=1852) (win 0.7% | avg 2.7% budget)
  system.physics_collision         win=  0.075ms avg=  0.085ms p95=  0.155ms max=  0.212ms calls(last=  1,win= 135,total=3624) (win 0.5% | avg 0.5% budget)
  enemy.physics.frontal_pair_traverse win=  0.053ms avg=  0.059ms p95=  0.102ms max=  0.186ms calls(last=  1,win= 135,total=633) (win 0.3% | avg 0.4% budget)
  system.spawner_update            win=  0.041ms avg=  0.046ms p95=  0.079ms max=  0.372ms calls(last=  1,win= 135,total=3624) (win 0.2% | avg 0.3% budget)
  enemy.cheap.segment_build        win=  0.031ms avg=  0.093ms p95=  0.180ms max=  0.597ms calls(last=  4,win= 364,total=8931) (win 0.2% | avg 0.6% budget)
  system.player_update             win=  0.027ms avg=  0.031ms p95=  0.051ms max=  0.142ms calls(last=  1,win= 135,total=3504) (win 0.2% | avg 0.2% budget)
  frame.input_poll                 win=  0.027ms avg=  0.027ms p95=  0.028ms max=  0.092ms calls(last=  1,win= 120,total=3840) (win 0.2% | avg 0.2% budget)
  enemy.type.hunter                win=  0.021ms avg=  0.528ms p95=  0.949ms max=  1.093ms calls(last= 22,win=2970,total=62113) (win 0.1% | avg 3.2% budget)
  enemy.ai.decision                win=  0.021ms avg=  0.088ms p95=  0.148ms max=  0.608ms calls(last=  3,win= 501,total=1852) (win 0.1% | avg 0.5% budget)
  enemy.type.drone                 win=  0.015ms avg=  0.312ms p95=  0.603ms max=  0.852ms calls(last= 18,win=2430,total=54523) (win 0.1% | avg 1.9% budget)
[ENEMY_STATS] frame=3840 alive=72 visible=1 full=3 cheap=69 fullInBase=0 pairs(frontal=0 checks=0 separation=0 resolved=0)
[ENEMY_WINDOW] steps=135 alive[min=72 max=72] visible[min=0 max=1] full[min=3 max=4] collisionPasses[runs=135 skips=0]
[ENEMY_SEGMENTS] window=2.250s D{b/s=3.11 avgLen=5.79 fail=0} T{b/s=7.11 avgLen=6.49 fail=0} H{b/s=12.00 avgLen=4.59 fail=270} A{b/s=3.56 avgLen=4.51 fail=37}
[ENEMY_GRID] frontal{cand/s=222.2 xcell/s=0.9 ins/s=223.1} separation{cand/s=222.2}
[ENEMY_COLLISION_WINDOW] frontal{pairs/s=0.0 checks/s=0.0 baseSkip=0 kill=0(0.0%)} separation{pairs/s=0.0 resolved/s=0.0(0.0%) baseSkip=0 kill=0 wallBlock=0}
[ENEMY_NAV_CACHE] playerCell{changes=3 flowRebuilds=3} flow{hit=0 miss=0 hit%=0.0} pathFallback{calls=0 ok=0 ok%=0.0}
[ENEMY_SAP] updates=9720 active=500 pairs=0 repairs{x=0 y=1}
[ENEMY_PAIR_TYPES] frontal DD=0 DT=0 DH=0 DA=0 TT=0 TH=0 TA=0 HH=0 HA=0 AA=0 separation DD=0 DT=0 DH=0 DA=0 TT=0 TH=0 TA=0 HH=0 HA=0 AA=0

[PROFILE] frame=3960 budget=16.667ms alloc(+100/-100, +203648b/-203648b, live=165352b peak=368648b)
  frame.total                      win= 18.137ms avg= 18.137ms p95= 22.272ms max= 82.653ms calls(last=  1,win= 120,total=3960) (win 108.8% | avg 108.8% budget)
  frame.render                     win= 12.403ms avg= 12.403ms p95= 13.235ms max= 82.616ms calls(last=  1,win= 120,total=3960) (win 74.4% | avg 74.4% budget)
  frame.present                    win= 12.396ms avg= 12.396ms p95= 13.228ms max= 82.609ms calls(last=  1,win= 120,total=3960) (win 74.4% | avg 74.4% budget)
  frame.render.world               win=  5.369ms avg= 10.737ms p95= 11.354ms max= 19.801ms calls(last=  2,win= 240,total=7174) (win 32.2% | avg 64.4% budget)
  frame.fixed_step                 win=  5.215ms avg=  5.693ms p95=  9.925ms max= 21.377ms calls(last=  1,win= 131,total=4137) (win 31.3% | avg 34.2% budget)
  game.update                      win=  3.202ms avg=  3.496ms p95=  5.950ms max= 17.239ms calls(last=  1,win= 131,total=3755) (win 19.2% | avg 21.0% budget)
  frame.render.overlay             win=  3.126ms avg=  3.126ms p95=  3.936ms max=  7.705ms calls(last=  1,win= 120,total=3587) (win 18.8% | avg 18.8% budget)
  system.ai_update                 win=  3.016ms avg=  3.292ms p95=  5.597ms max= 16.894ms calls(last=  1,win= 131,total=3755) (win 18.1% | avg 19.8% budget)
  enemy.update                     win=  3.011ms avg=  3.287ms p95=  5.585ms max= 16.880ms calls(last=  1,win= 131,total=3755) (win 18.1% | avg 19.7% budget)
  frame.render.world.enemies       win=  1.188ms avg=  1.188ms p95=  1.407ms max=  3.582ms calls(last=  1,win= 120,total=3587) (win 7.1% | avg 7.1% budget)
  frame.render.world.effects       win=  1.034ms avg=  1.034ms p95=  1.323ms max=  2.075ms calls(last=  1,win= 120,total=3587) (win 6.2% | avg 6.2% budget)
  frame.render.world.maze          win=  0.986ms avg=  0.986ms p95=  1.185ms max=  2.139ms calls(last=  1,win= 120,total=3587) (win 5.9% | avg 5.9% budget)
  enemy.physics.frontal_collisions win=  0.252ms avg=  0.221ms p95=  0.485ms max=  0.749ms calls(last=  0,win= 105,total=738) (win 1.5% | avg 1.3% budget)
  enemy.physics.frontal_grid_build win=  0.176ms avg=  0.154ms p95=  0.344ms max=  0.575ms calls(last=  0,win= 105,total=738) (win 1.1% | avg 0.9% budget)
  enemy.ai.movement                win=  0.112ms avg=  0.260ms p95=  0.434ms max=  1.017ms calls(last=  1,win= 278,total=2130) (win 0.7% | avg 1.6% budget)
  system.physics_collision         win=  0.068ms avg=  0.074ms p95=  0.125ms max=  0.295ms calls(last=  1,win= 131,total=3755) (win 0.4% | avg 0.4% budget)
  enemy.physics.frontal_pair_traverse win=  0.052ms avg=  0.046ms p95=  0.099ms max=  0.186ms calls(last=  0,win= 105,total=738) (win 0.3% | avg 0.3% budget)
  system.spawner_update            win=  0.042ms avg=  0.045ms p95=  0.078ms max=  0.372ms calls(last=  1,win= 131,total=3755) (win 0.2% | avg 0.3% budget)
  enemy.cheap.segment_build        win=  0.031ms avg=  0.117ms p95=  0.228ms max=  0.597ms calls(last=  3,win= 453,total=9384) (win 0.2% | avg 0.7% budget)
  frame.input_poll                 win=  0.027ms avg=  0.027ms p95=  0.029ms max=  0.092ms calls(last=  1,win= 120,total=3960) (win 0.2% | avg 0.2% budget)
  system.player_update             win=  0.027ms avg=  0.029ms p95=  0.050ms max=  0.142ms calls(last=  1,win= 131,total=3635) (win 0.2% | avg 0.2% budget)
  enemy.ai.decision                win=  0.023ms avg=  0.052ms p95=  0.101ms max=  0.608ms calls(last=  1,win= 278,total=2130) (win 0.1% | avg 0.3% budget)
  enemy.type.hunter                win=  0.018ms avg=  0.437ms p95=  0.653ms max=  1.093ms calls(last= 22,win=2882,total=64995) (win 0.1% | avg 2.6% budget)
  enemy.type.drone                 win=  0.008ms avg=  0.148ms p95=  0.355ms max=  0.852ms calls(last= 18,win=2358,total=56881) (win 0.0% | avg 0.9% budget)
[ENEMY_STATS] frame=3960 alive=72 visible=0 full=1 cheap=71 fullInBase=0 pairs(frontal=0 checks=0 separation=0 resolved=0)
[ENEMY_WINDOW] steps=131 alive[min=72 max=72] visible[min=0 max=1] full[min=1 max=3] collisionPasses[runs=104 skips=27]
[ENEMY_SEGMENTS] window=2.183s D{b/s=4.58 avgLen=5.03 fail=0} T{b/s=7.79 avgLen=5.84 fail=0} H{b/s=11.45 avgLen=5.21 fail=262} A{b/s=3.66 avgLen=3.45 fail=131}
[ENEMY_GRID] frontal{cand/s=114.0 xcell/s=0.9 ins/s=115.0} separation{cand/s=114.0}
[ENEMY_COLLISION_WINDOW] frontal{pairs/s=0.0 checks/s=0.0 baseSkip=0 kill=0(0.0%)} separation{pairs/s=0.0 resolved/s=0.0(0.0%) baseSkip=0 kill=0 wallBlock=0}
[ENEMY_NAV_CACHE] playerCell{changes=4 flowRebuilds=4} flow{hit=0 miss=0 hit%=0.0} pathFallback{calls=0 ok=0 ok%=0.0}
[ENEMY_SAP] updates=7488 active=249 pairs=0 repairs{x=61 y=60}
[ENEMY_PAIR_TYPES] frontal DD=0 DT=0 DH=0 DA=0 TT=0 TH=0 TA=0 HH=0 HA=0 AA=0 separation DD=0 DT=0 DH=0 DA=0 TT=0 TH=0 TA=0 HH=0 HA=0 AA=0

[PROFILE] frame=4080 budget=16.667ms alloc(+202/-202, +408528b/-408528b, live=165352b peak=368648b)
  frame.total                      win= 17.780ms avg= 17.780ms p95= 21.593ms max= 82.653ms calls(last=  1,win= 120,total=4080) (win 106.7% | avg 106.7% budget)
  frame.render                     win= 12.281ms avg= 12.281ms p95= 13.001ms max= 82.616ms calls(last=  1,win= 120,total=4080) (win 73.7% | avg 73.7% budget)
  frame.present                    win= 12.274ms avg= 12.274ms p95= 12.993ms max= 82.609ms calls(last=  1,win= 120,total=4080) (win 73.6% | avg 73.6% budget)
  frame.render.world               win=  5.295ms avg= 10.589ms p95= 11.304ms max= 19.801ms calls(last=  2,win= 240,total=7414) (win 31.8% | avg 63.5% budget)
  frame.fixed_step                 win=  5.078ms avg=  5.459ms p95=  9.621ms max= 21.377ms calls(last=  2,win= 129,total=4266) (win 30.5% | avg 32.8% budget)
  frame.render.overlay             win=  3.107ms avg=  3.107ms p95=  3.808ms max=  7.705ms calls(last=  1,win= 120,total=3707) (win 18.6% | avg 18.6% budget)
  game.update                      win=  3.086ms avg=  3.317ms p95=  5.728ms max= 17.239ms calls(last=  2,win= 129,total=3884) (win 18.5% | avg 19.9% budget)
  system.ai_update                 win=  2.921ms avg=  3.140ms p95=  5.435ms max= 16.894ms calls(last=  2,win= 129,total=3884) (win 17.5% | avg 18.8% budget)
  enemy.update                     win=  2.916ms avg=  3.135ms p95=  5.425ms max= 16.880ms calls(last=  2,win= 129,total=3884) (win 17.5% | avg 18.8% budget)
  frame.render.world.enemies       win=  1.177ms avg=  1.177ms p95=  1.283ms max=  3.582ms calls(last=  1,win= 120,total=3707) (win 7.1% | avg 7.1% budget)
  frame.render.world.maze          win=  1.031ms avg=  1.031ms p95=  1.115ms max=  2.139ms calls(last=  1,win= 120,total=3707) (win 6.2% | avg 6.2% budget)
  frame.render.world.effects       win=  0.930ms avg=  0.930ms p95=  1.140ms max=  2.075ms calls(last=  1,win= 120,total=3707) (win 5.6% | avg 5.6% budget)
  enemy.physics.frontal_collisions win=  0.249ms avg=  0.245ms p95=  0.477ms max=  0.749ms calls(last=  2,win= 118,total=856) (win 1.5% | avg 1.5% budget)
  enemy.physics.frontal_grid_build win=  0.175ms avg=  0.172ms p95=  0.338ms max=  0.575ms calls(last=  2,win= 118,total=856) (win 1.0% | avg 1.0% budget)
  enemy.ai.movement                win=  0.110ms avg=  0.227ms p95=  0.424ms max=  1.017ms calls(last=  4,win= 247,total=2377) (win 0.7% | avg 1.4% budget)
  enemy.physics.frontal_pair_traverse win=  0.050ms avg=  0.050ms p95=  0.094ms max=  0.186ms calls(last=  2,win= 118,total=856) (win 0.3% | avg 0.3% budget)
  system.physics_collision         win=  0.048ms avg=  0.051ms p95=  0.091ms max=  0.295ms calls(last=  2,win= 129,total=3884) (win 0.3% | avg 0.3% budget)
  system.spawner_update            win=  0.040ms avg=  0.043ms p95=  0.076ms max=  0.372ms calls(last=  2,win= 129,total=3884) (win 0.2% | avg 0.3% budget)
  enemy.cheap.segment_build        win=  0.035ms avg=  0.128ms p95=  0.228ms max=  0.597ms calls(last=  6,win= 442,total=9826) (win 0.2% | avg 0.8% budget)
  frame.input_poll                 win=  0.028ms avg=  0.028ms p95=  0.029ms max=  0.092ms calls(last=  1,win= 120,total=4080) (win 0.2% | avg 0.2% budget)
  system.player_update             win=  0.027ms avg=  0.029ms p95=  0.045ms max=  0.142ms calls(last=  2,win= 129,total=3764) (win 0.2% | avg 0.2% budget)
  enemy.ai.decision                win=  0.019ms avg=  0.039ms p95=  0.071ms max=  0.608ms calls(last=  4,win= 247,total=2377) (win 0.1% | avg 0.2% budget)
  enemy.type.hunter                win=  0.014ms avg=  0.332ms p95=  0.588ms max=  1.093ms calls(last= 44,win=2838,total=67833) (win 0.1% | avg 2.0% budget)
  enemy.type.drone                 win=  0.011ms avg=  0.214ms p95=  0.401ms max=  0.852ms calls(last= 36,win=2322,total=59203) (win 0.1% | avg 1.3% budget)
[ENEMY_STATS] frame=4080 alive=72 visible=1 full=2 cheap=70 fullInBase=0 pairs(frontal=0 checks=0 separation=0 resolved=0)
[ENEMY_WINDOW] steps=129 alive[min=72 max=72] visible[min=0 max=1] full[min=1 max=2] collisionPasses[runs=119 skips=10]
[ENEMY_SEGMENTS] window=2.150s D{b/s=2.33 avgLen=4.72 fail=0} T{b/s=6.98 avgLen=5.15 fail=2} H{b/s=11.16 avgLen=5.29 fail=258} A{b/s=4.19 avgLen=4.65 fail=129}
[ENEMY_GRID] frontal{cand/s=110.7 xcell/s=0.5 ins/s=111.2} separation{cand/s=110.7}
[ENEMY_COLLISION_WINDOW] frontal{pairs/s=0.0 checks/s=0.0 baseSkip=0 kill=0(0.0%)} separation{pairs/s=0.0 resolved/s=0.0(0.0%) baseSkip=0 kill=0 wallBlock=0}
[ENEMY_NAV_CACHE] playerCell{changes=3 flowRebuilds=3} flow{hit=0 miss=0 hit%=0.0} pathFallback{calls=0 ok=0 ok%=0.0}
[ENEMY_SAP] updates=8568 active=238 pairs=0 repairs{x=3 y=2}
[ENEMY_PAIR_TYPES] frontal DD=0 DT=0 DH=0 DA=0 TT=0 TH=0 TA=0 HH=0 HA=0 AA=0 separation DD=0 DT=0 DH=0 DA=0 TT=0 TH=0 TA=0 HH=0 HA=0 AA=0

[PROFILE] frame=4200 budget=16.667ms alloc(+99/-99, +203576b/-203576b, live=165352b peak=368648b)
  frame.total                      win= 17.262ms avg= 17.262ms p95= 20.128ms max= 82.653ms calls(last=  1,win= 120,total=4200) (win 103.6% | avg 103.6% budget)
  frame.render                     win= 12.377ms avg= 12.377ms p95= 13.140ms max= 82.616ms calls(last=  1,win= 120,total=4200) (win 74.3% | avg 74.3% budget)
  frame.present                    win= 12.370ms avg= 12.370ms p95= 13.133ms max= 82.609ms calls(last=  1,win= 120,total=4200) (win 74.2% | avg 74.2% budget)
  frame.render.world               win=  4.889ms avg=  9.777ms p95= 10.232ms max= 19.801ms calls(last=  2,win= 240,total=7654) (win 29.3% | avg 58.7% budget)
  frame.fixed_step                 win=  4.651ms avg=  4.845ms p95=  8.689ms max= 21.377ms calls(last=  1,win= 125,total=4391) (win 27.9% | avg 29.1% budget)
  frame.render.overlay             win=  3.101ms avg=  3.101ms p95=  3.742ms max=  7.705ms calls(last=  1,win= 120,total=3827) (win 18.6% | avg 18.6% budget)
  game.update                      win=  2.670ms avg=  2.781ms p95=  4.661ms max= 17.239ms calls(last=  1,win= 125,total=4009) (win 16.0% | avg 16.7% budget)
  system.ai_update                 win=  2.533ms avg=  2.639ms p95=  4.424ms max= 16.894ms calls(last=  1,win= 125,total=4009) (win 15.2% | avg 15.8% budget)
  enemy.update                     win=  2.528ms avg=  2.633ms p95=  4.411ms max= 16.880ms calls(last=  1,win= 125,total=4009) (win 15.2% | avg 15.8% budget)
  frame.render.world.enemies       win=  1.191ms avg=  1.191ms p95=  1.401ms max=  3.582ms calls(last=  1,win= 120,total=3827) (win 7.1% | avg 7.1% budget)
  frame.render.world.maze          win=  1.063ms avg=  1.063ms p95=  1.209ms max=  2.139ms calls(last=  1,win= 120,total=3827) (win 6.4% | avg 6.4% budget)
  frame.render.world.effects       win=  0.421ms avg=  0.421ms p95=  0.523ms max=  2.075ms calls(last=  1,win= 120,total=3827) (win 2.5% | avg 2.5% budget)
  enemy.physics.frontal_collisions win=  0.253ms avg=  0.027ms p95=  0.244ms max=  0.749ms calls(last=  0,win=  13,total=869) (win 1.5% | avg 0.2% budget)
  enemy.physics.frontal_grid_build win=  0.176ms avg=  0.019ms p95=  0.171ms max=  0.575ms calls(last=  0,win=  13,total=869) (win 1.1% | avg 0.1% budget)
  enemy.ai.movement                win=  0.116ms avg=  0.133ms p95=  0.224ms max=  1.017ms calls(last=  1,win= 138,total=2515) (win 0.7% | avg 0.8% budget)
  enemy.physics.frontal_pair_traverse win=  0.053ms avg=  0.006ms p95=  0.050ms max=  0.186ms calls(last=  0,win=  13,total=869) (win 0.3% | avg 0.0% budget)
  system.spawner_update            win=  0.040ms avg=  0.042ms p95=  0.074ms max=  0.372ms calls(last=  1,win= 125,total=4009) (win 0.2% | avg 0.2% budget)
  enemy.cheap.segment_build        win=  0.033ms avg=  0.121ms p95=  0.193ms max=  0.597ms calls(last=  5,win= 437,total=10263) (win 0.2% | avg 0.7% budget)
  frame.input_poll                 win=  0.028ms avg=  0.028ms p95=  0.029ms max=  0.092ms calls(last=  1,win= 120,total=4200) (win 0.2% | avg 0.2% budget)
  system.physics_collision         win=  0.026ms avg=  0.028ms p95=  0.046ms max=  0.295ms calls(last=  1,win= 125,total=4009) (win 0.2% | avg 0.2% budget)
  system.player_update             win=  0.026ms avg=  0.027ms p95=  0.035ms max=  0.142ms calls(last=  1,win= 125,total=3889) (win 0.2% | avg 0.2% budget)
  enemy.ai.decision                win=  0.023ms avg=  0.027ms p95=  0.058ms max=  0.608ms calls(last=  1,win= 138,total=2515) (win 0.1% | avg 0.2% budget)
  enemy.type.hunter                win=  0.015ms avg=  0.341ms p95=  0.413ms max=  1.093ms calls(last= 22,win=2750,total=70583) (win 0.1% | avg 2.0% budget)
  enemy.type.assassin              win=  0.005ms avg=  0.058ms p95=  0.102ms max=  0.517ms calls(last= 11,win=1375,total=34927) (win 0.0% | avg 0.3% budget)
[ENEMY_STATS] frame=4200 alive=72 visible=1 full=1 cheap=71 fullInBase=0 pairs(frontal=0 checks=0 separation=0 resolved=0)
[ENEMY_WINDOW] steps=125 alive[min=72 max=72] visible[min=1 max=1] full[min=1 max=2] collisionPasses[runs=12 skips=113]
[ENEMY_SEGMENTS] window=2.083s D{b/s=4.80 avgLen=4.71 fail=0} T{b/s=8.64 avgLen=5.99 fail=2} H{b/s=12.48 avgLen=4.74 fail=250} A{b/s=2.88 avgLen=5.42 fail=125}
[ENEMY_GRID] frontal{cand/s=11.5 xcell/s=0.0 ins/s=11.5} separation{cand/s=11.5}
[ENEMY_COLLISION_WINDOW] frontal{pairs/s=0.0 checks/s=0.0 baseSkip=0 kill=0(0.0%)} separation{pairs/s=0.0 resolved/s=0.0(0.0%) baseSkip=0 kill=0 wallBlock=0}
[ENEMY_NAV_CACHE] playerCell{changes=2 flowRebuilds=2} flow{hit=0 miss=0 hit%=0.0} pathFallback{calls=0 ok=0 ok%=0.0}
[ENEMY_SAP] updates=864 active=24 pairs=0 repairs{x=12 y=13}
[ENEMY_PAIR_TYPES] frontal DD=0 DT=0 DH=0 DA=0 TT=0 TH=0 TA=0 HH=0 HA=0 AA=0 separation DD=0 DT=0 DH=0 DA=0 TT=0 TH=0 TA=0 HH=0 HA=0 AA=0

[PROFILE] frame=4320 budget=16.667ms alloc(+104/-104, +204368b/-204368b, live=165352b peak=368648b)
  frame.total                      win= 17.571ms avg= 17.571ms p95= 21.054ms max= 82.653ms calls(last=  1,win= 120,total=4320) (win 105.4% | avg 105.4% budget)
  frame.render                     win= 12.158ms avg= 12.158ms p95= 12.734ms max= 82.616ms calls(last=  1,win= 120,total=4320) (win 72.9% | avg 72.9% budget)
  frame.present                    win= 12.150ms avg= 12.150ms p95= 12.727ms max= 82.609ms calls(last=  1,win= 120,total=4320) (win 72.9% | avg 72.9% budget)
  frame.fixed_step                 win=  5.076ms avg=  5.372ms p95=  9.450ms max= 21.377ms calls(last=  1,win= 127,total=4518) (win 30.5% | avg 32.2% budget)
  frame.render.world               win=  4.951ms avg=  9.901ms p95= 10.315ms max= 19.801ms calls(last=  2,win= 240,total=7894) (win 29.7% | avg 59.4% budget)
  frame.render.overlay             win=  3.152ms avg=  3.152ms p95=  3.831ms max=  7.794ms calls(last=  1,win= 120,total=3947) (win 18.9% | avg 18.9% budget)
  game.update                      win=  3.105ms avg=  3.286ms p95=  5.563ms max= 17.239ms calls(last=  1,win= 127,total=4136) (win 18.6% | avg 19.7% budget)
  system.ai_update                 win=  2.967ms avg=  3.141ms p95=  5.315ms max= 16.894ms calls(last=  1,win= 127,total=4136) (win 17.8% | avg 18.8% budget)
  enemy.update                     win=  2.961ms avg=  3.134ms p95=  5.306ms max= 16.880ms calls(last=  1,win= 127,total=4136) (win 17.8% | avg 18.8% budget)
  frame.render.world.enemies       win=  1.178ms avg=  1.178ms p95=  1.264ms max=  3.582ms calls(last=  1,win= 120,total=3947) (win 7.1% | avg 7.1% budget)
  frame.render.world.maze          win=  1.139ms avg=  1.139ms p95=  1.244ms max=  2.139ms calls(last=  1,win= 120,total=3947) (win 6.8% | avg 6.8% budget)
  frame.render.world.effects       win=  0.407ms avg=  0.407ms p95=  0.490ms max=  2.075ms calls(last=  1,win= 120,total=3947) (win 2.4% | avg 2.4% budget)
  enemy.torpedo.select_heading     win=  0.302ms avg=  0.003ms p95=  0.000ms max=  0.361ms calls(last=  0,win=   1,total=3) (win 1.8% | avg 0.0% budget)
  enemy.physics.frontal_collisions win=  0.254ms avg=  0.262ms p95=  0.470ms max=  0.749ms calls(last=  1,win= 124,total=993) (win 1.5% | avg 1.6% budget)
  enemy.physics.frontal_grid_build win=  0.177ms avg=  0.183ms p95=  0.337ms max=  0.575ms calls(last=  1,win= 124,total=993) (win 1.1% | avg 1.1% budget)
  enemy.ai.movement                win=  0.109ms avg=  0.242ms p95=  0.423ms max=  1.017ms calls(last=  3,win= 267,total=2782) (win 0.7% | avg 1.5% budget)
  enemy.physics.frontal_pair_traverse win=  0.053ms avg=  0.055ms p95=  0.098ms max=  0.186ms calls(last=  1,win= 124,total=993) (win 0.3% | avg 0.3% budget)
  system.spawner_update            win=  0.040ms avg=  0.042ms p95=  0.076ms max=  0.372ms calls(last=  1,win= 127,total=4136) (win 0.2% | avg 0.3% budget)
  enemy.cheap.segment_build        win=  0.034ms avg=  0.120ms p95=  0.188ms max=  0.597ms calls(last=  3,win= 4

28,total=10691) (win 0.2% | avg 0.7% budget)
  frame.input_poll                 win=  0.029ms avg=  0.029ms p95=  0.028ms max=  0.227ms calls(last=  1,win= 120,total=4320) (win 0.2% | avg 0.2% budget)
  system.player_update             win=  0.028ms avg=  0.029ms p95=  0.050ms max=  0.142ms calls(last=  1,win= 127,total=4016) (win 0.2% | avg 0.2% budget)
  system.physics_collision         win=  0.027ms avg=  0.029ms p95=  0.049ms max=  0.295ms calls(last=  1,win= 127,total=4136) (win 0.2% | avg 0.2% budget)
  enemy.ai.decision                win=  0.022ms avg=  0.048ms p95=  0.123ms max=  0.608ms calls(last=  3,win= 267,total=2782) (win 0.1% | avg 0.3% budget)
  enemy.type.hunter                win=  0.020ms avg=  0.468ms p95=  0.845ms max=  1.093ms calls(last= 22,win=2794,total=73377) (win 0.1% | avg 2.8% budget)
[ENEMY_STATS] frame=4320 alive=72 visible=1 full=4 cheap=68 fullInBase=0 pairs(frontal=0 checks=0 separation=0 resolved=0)
[ENEMY_WINDOW] steps=127 alive[min=72 max=72] visible[min=1 max=1] full[min=1 max=4] collisionPasses[runs=125 skips=2]
[ENEMY_SEGMENTS] window=2.117s D{b/s=4.25 avgLen=4.35 fail=0} T{b/s=6.14 avgLen=6.40 fail=0} H{b/s=8.98 avgLen=5.14 fail=254} A{b/s=2.83 avgLen=5.05 fail=127}
[ENEMY_GRID] frontal{cand/s=126.6 xcell/s=0.9 ins/s=127.6} separation{cand/s=126.6}
[ENEMY_COLLISION_WINDOW] frontal{pairs/s=0.0 checks/s=0.0 baseSkip=0 kill=0(0.0%)} separation{pairs/s=0.0 resolved/s=0.0(0.0%) baseSkip=0 kill=0 wallBlock=0}
[ENEMY_NAV_CACHE] playerCell{changes=3 flowRebuilds=3} flow{hit=0 miss=0 hit%=0.0} pathFallback{calls=1 ok=1 ok%=100.0}
[ENEMY_SAP] updates=9000 active=268 pairs=0 repairs{x=96 y=99}
[ENEMY_PAIR_TYPES] frontal DD=0 DT=0 DH=0 DA=0 TT=0 TH=0 TA=0 HH=0 HA=0 AA=0 separation DD=0 DT=0 DH=0 DA=0 TT=0 TH=0 TA=0 HH=0 HA=0 AA=0
[TORPEDO_HEADING] eval/s=0.47 retreat/s=0.00 pick[straight=0.0% left=0.0% right=100.0%] clear[best=14.77 chosen=14.77]

[PROFILE] frame=4440 budget=16.667ms alloc(+104/-104, +204368b/-204368b, live=233672b peak=436744b)
  frame.total                      win= 18.681ms avg= 18.681ms p95= 27.863ms max= 82.653ms calls(last=  1,win= 120,total=4440) (win 112.1% | avg 112.1% budget)
  frame.render                     win= 11.903ms avg= 11.903ms p95= 12.798ms max= 82.616ms calls(last=  1,win= 120,total=4440) (win 71.4% | avg 71.4% budget)
  frame.present                    win= 11.896ms avg= 11.896ms p95= 12.791ms max= 82.609ms calls(last=  1,win= 120,total=4440) (win 71.4% | avg 71.4% budget)
  frame.fixed_step                 win=  5.990ms avg=  6.738ms p95= 15.610ms max= 26.026ms calls(last=  1,win= 135,total=4653) (win 35.9% | avg 40.4% budget)
  frame.render.world               win=  4.888ms avg=  9.775ms p95= 10.279ms max= 19.801ms calls(last=  2,win= 240,total=8134) (win 29.3% | avg 58.7% budget)
  enemy.pathfinding.far_target     win=  4.069ms avg=  0.576ms p95=  5.633ms max= 11.024ms calls(last=  0,win=  17,total=17) (win 24.4% | avg 3.5% budget)
  enemy.pathfinding.total          win=  4.049ms avg=  0.574ms p95=  5.612ms max= 10.983ms calls(last=  0,win=  17,total=17) (win 24.3% | avg 3.4% budget)
  game.update                      win=  4.002ms avg=  4.502ms p95= 12.095ms max= 22.172ms calls(last=  1,win= 135,total=4271) (win 24.0% | avg 27.0% budget)
  system.ai_update                 win=  3.863ms avg=  4.346ms p95= 11.830ms max= 21.868ms calls(last=  1,win= 135,total=4271) (win 23.2% | avg 26.1% budget)
  enemy.update                     win=  3.857ms avg=  4.339ms p95= 11.820ms max= 21.856ms calls(last=  1,win= 135,total=4271) (win 23.1% | avg 26.0% budget)
  enemy.pathfinding.search         win=  3.601ms avg=  0.510ms p95=  4.956ms max= 10.147ms calls(last=  0,win=  17,total=17) (win 21.6% | avg 3.1% budget)
  frame.render.overlay             win=  3.147ms avg=  3.147ms p95=  3.921ms max=  7.794ms calls(last=  1,win= 120,total=4067) (win 18.9% | avg 18.9% budget)
  frame.render.world.enemies       win=  1.196ms avg=  1.196ms p95=  1.447ms max=  3.582ms calls(last=  1,win= 120,total=4067) (win 7.2% | avg 7.2% budget)
  frame.render.world.maze          win=  1.055ms avg=  1.055ms p95=  1.202ms max=  2.139ms calls(last=  1,win= 120,total=4067) (win 6.3% | avg 6.3% budget)
  frame.render.world.effects       win=  0.418ms avg=  0.418ms p95=  0.570ms max=  2.075ms calls(last=  1,win= 120,total=4067) (win 2.5% | avg 2.5% budget)
  enemy.physics.frontal_collisions win=  0.250ms avg=  0.282ms p95=  0.484ms max=  0.749ms calls(last=  1,win= 135,total=1128) (win 1.5% | avg 1.7% budget)
  enemy.physics.frontal_grid_build win=  0.179ms avg=  0.201ms p95=  0.345ms max=  0.575ms calls(last=  1,win= 135,total=1128) (win 1.1% | avg 1.2% budget)
  enemy.ai.decision                win=  0.140ms avg=  0.764ms p95=  5.848ms max= 11.341ms calls(last=  5,win= 653,total=3435) (win 0.8% | avg 4.6% budget)
  enemy.ai.movement                win=  0.109ms avg=  0.595ms p95=  1.043ms max=  1.199ms calls(last=  5,win= 653,total=3435) (win 0.7% | avg 3.6% budget)
  enemy.pathfinding.occupancy      win=  0.073ms avg=  0.010ms p95=  0.077ms max=  0.150ms calls(last=  0,win=  17,total=17) (win 0.4% | avg 0.1% budget)
  enemy.type.assassin              win=  0.069ms avg=  0.848ms p95=  5.879ms max= 11.523ms calls(last= 11,win=1485,total=37809) (win 0.4% | avg 5.1% budget)
  enemy.pathfinding.postprocess    win=  0.051ms avg=  0.007ms p95=  0.073ms max=  0.120ms calls(last=  0,win=  17,total=17) (win 0.3% | avg 0.0% budget)
  enemy.physics.frontal_pair_traverse win=  0.044ms avg=  0.050ms p95=  0.085ms max=  0.186ms calls(last=  1,win= 135,total=1128) (win 0.3% | avg 0.3% budget)
  system.spawner_update            win=  0.041ms avg=  0.046ms p95=  0.080ms max=  0.372ms calls(last=  1,win= 135,total=4271) (win 0.2% | avg 0.3% budget)
[ENEMY_STATS] frame=4440 alive=72 visible=2 full=5 cheap=67 fullInBase=0 pairs(frontal=0 checks=0 separation=0 resolved=0)
[ENEMY_WINDOW] steps=135 alive[min=72 max=72] visible[min=1 max=2] full[min=4 max=5] collisionPasses[runs=135 skips=0]
[ENEMY_SEGMENTS] window=2.250s D{b/s=4.89 avgLen=5.67 fail=0} T{b/s=7.11 avgLen=6.02 fail=0} H{b/s=12.89 avgLen=4.30 fail=270} A{b/s=3.11 avgLen=5.32 fail=135}
[ENEMY_GRID] frontal{cand/s=290.7 xcell/s=1.3 ins/s=292.0} separation{cand/s=290.7}
[ENEMY_COLLISION_WINDOW] frontal{pairs/s=2.2 checks/s=2.2 baseSkip=0 kill=0(0.0%)} separation{pairs/s=2.2 resolved/s=0.0(0.0%) baseSkip=0 kill=0 wallBlock=0}
[ENEMY_NAV_CACHE] playerCell{changes=2 flowRebuilds=2} flow{hit=0 miss=0 hit%=0.0} pathFallback{calls=16 ok=16 ok%=100.0}
[ENEMY_SAP] updates=9720 active=654 pairs=5 repairs{x=47 y=45}
[ENEMY_PAIR_TYPES] frontal DD=0 DT=0 DH=5 DA=0 TT=0 TH=0 TA=0 HH=0 HA=0 AA=0 separation DD=0 DT=0 DH=5 DA=0 TT=0 TH=0 TA=0 HH=0 HA=0 AA=0

[PROFILE] frame=4560 budget=16.667ms alloc(+107/-107, +204472b/-204472b, live=233672b peak=436744b)
  frame.total                      win= 18.032ms avg= 18.032ms p95= 23.158ms max= 82.653ms calls(last=  1,win= 120,total=4560) (win 108.2% | avg 108.2% budget)
  frame.render                     win= 11.946ms avg= 11.946ms p95= 12.699ms max= 82.616ms calls(last=  1,win= 120,total=4560) (win 71.7% | avg 71.7% budget)
  frame.present                    win= 11.939ms avg= 11.939ms p95= 12.691ms max= 82.609ms calls(last=  1,win= 120,total=4560) (win 71.6% | avg 71.6% budget)
  frame.fixed_step                 win=  5.536ms avg=  6.044ms p95= 10.759ms max= 26.026ms calls(last=  1,win= 131,total=4784) (win 33.2% | avg 36.3% budget)
  frame.render.world               win=  4.906ms avg=  9.812ms p95= 10.289ms max= 19.801ms calls(last=  2,win= 240,total=8374) (win 29.4% | avg 58.9% budget)
  game.update                      win=  3.543ms avg=  3.867ms p95=  6.714ms max= 22.172ms calls(last=  1,win= 131,total=4402) (win 21.3% | avg 23.2% budget)
  system.ai_update                 win=  3.403ms avg=  3.715ms p95=  6.453ms max= 21.868ms calls(last=  1,win= 131,total=4402) (win 20.4% | avg 22.3% budget)
  enemy.update                     win=  3.397ms avg=  3.709ms p95=  6.443ms max= 21.856ms calls(last=  1,win= 131,total=4402) (win 20.4% | avg 22.3% budget)
  frame.render.overlay             win=  3.106ms avg=  3.106ms p95=  3.771ms max=  7.794ms calls(last=  1,win= 120,total=4187) (win 18.6% | avg 18.6% budget)
  frame.render.world.enemies       win=  1.204ms avg=  1.204ms p95=  1.452ms max=  3.582ms calls(last=  1,win= 120,total=4187) (win 7.2% | avg 7.2% budget)
  frame.render.world.maze          win=  1.068ms avg=  1.068ms p95=  1.168ms max=  2.139ms calls(last=  1,win= 120,total=4187) (win 6.4% | avg 6.4% budget)
  frame.render.world.effects       win=  0.416ms avg=  0.416ms p95=  0.519ms max=  2.075ms calls(last=  1,win= 120,total=4187) (win 2.5% | avg 2.5% budget)
  enemy.torpedo.select_heading     win=  0.276ms avg=  0.005ms p95=  0.000ms max=  0.361ms calls(last=  0,win=   2,total=5) (win 1.7% | avg 0.0% budget)
  enemy.physics.frontal_collisions win=  0.260ms avg=  0.283ms p95=  0.525ms max=  0.749ms calls(last=  1,win= 131,total=1259) (win 1.6% | avg 1.7% budget)
  enemy.physics.frontal_grid_build win=  0.183ms avg=  0.199ms p95=  0.345ms max=  0.602ms calls(last=  1,win= 131,total=1259) (win 1.1% | avg 1.2% budget)
  enemy.ai.movement                win=  0.109ms avg=  0.535ms p95=  0.896ms max=  1.463ms calls(last=  7,win= 589,total=4024) (win 0.7% | avg 3.2% budget)
  enemy.physics.frontal_pair_traverse win=  0.049ms avg=  0.053ms p95=  0.088ms max=  0.186ms calls(last=  1,win= 131,total=1259) (win 0.3% | avg 0.3% budget)
  enemy.ai.decision                win=  0.043ms avg=  0.210ms p95=  0.374ms max= 11.341ms calls(last=  7,win= 589,total=4024) (win 0.3% | avg 1.3% budget)
  system.spawner_update            win=  0.042ms avg=  0.045ms p95=  0.079ms max=  0.372ms calls(last=  1,win= 131,total=4402) (win 0.2% | avg 0.3% budget)
  frame.input_poll                 win=  0.029ms avg=  0.029ms p95=  0.035ms max=  0.227ms calls(last=  1,win= 120,total=4560) (win 0.2% | avg 0.2% budget)
  enemy.cheap.segment_build        win=  0.028ms avg=  0.101ms p95=  0.188ms max=  0.597ms calls(last=  2,win= 428,total=11585) (win 0.2% | avg 0.6% budget)
  system.physics_collision         win=  0.028ms avg=  0.030ms p95=  0.054ms max=  0.295ms calls(last=  1,win= 131,total=4402) (win 0.2% | avg 0.2% budget)
  system.player_update             win=  0.027ms avg=  0.030ms p95=  0.051ms max=  0.142ms calls(last=  1,win= 131,total=4282) (win 0.2% | avg 0.2% budget)
  enemy.type.assassin              win=  0.023ms avg=  0.274ms p95=  0.472ms max= 11.523ms calls(last= 11,win=1441,total=39250) (win 0.1% | avg 1.6% budget)
[ENEMY_STATS] frame=4560 alive=72 visible=2 full=7 cheap=65 fullInBase=0 pairs(frontal=0 checks=0 separation=0 resolved=0)
[ENEMY_WINDOW] steps=131 alive[min=72 max=72] visible[min=2 max=2] full[min=3 max=7] collisionPasses[runs=131 skips=0]
[ENEMY_SEGMENTS] window=2.183s D{b/s=2.29 avgLen=4.69 fail=0} T{b/s=5.95 avgLen=6.51 fail=0} H{b/s=13.74 avgLen=5.04 fail=240} A{b/s=2.75 avgLen=4.70 fail=131}
[ENEMY_GRID] frontal{cand/s=270.7 xcell/s=1.4 ins/s=272.1} separation{cand/s=270.7}
[ENEMY_COLLISION_WINDOW] frontal{pairs/s=10.1 checks/s=10.1 baseSkip=0 kill=0(0.0%)} separation{pairs/s=10.1 resolved/s=0.9(9.1%) baseSkip=0 kill=0 wallBlock=0}
[ENEMY_NAV_CACHE] playerCell{changes=3 flowRebuilds=3} flow{hit=0 miss=0 hit%=0.0} pathFallback{calls=0 ok=0 ok%=0.0}
[ENEMY_SAP] updates=9432 active=591 pairs=22 repairs{x=67 y=64}
[ENEMY_PAIR_TYPES] frontal DD=0 DT=0 DH=22 DA=0 TT=0 TH=0 TA=0 HH=0 HA=0 AA=0 separation DD=0 DT=0 DH=22 DA=0 TT=0 TH=0 TA=0 HH=0 HA=0 AA=0
[TORPEDO_HEADING] eval/s=0.92 retreat/s=0.00 pick[straight=50.0% left=50.0% right=0.0%] clear[best=13.47 chosen=13.47]

[PROFILE] frame=4680 budget=16.667ms alloc(+110/-110, +204656b/-204656b, live=233672b peak=436896b)
  frame.total                      win= 18.530ms avg= 18.530ms p95= 23.566ms max= 82.653ms calls(last=  1,win= 120,total=4680) (win 111.2% | avg 111.2% budget)
  frame.render                     win= 12.041ms avg= 12.041ms p95= 13.079ms max= 82.616ms calls(last=  1,win= 120,total=4680) (win 72.2% | avg 72.2% budget)
  frame.present                    win= 12.034ms avg= 12.034ms p95= 13.072ms max= 82.609ms calls(last=  1,win= 120,total=4680) (win 72.2% | avg 72.2% budget)
  frame.fixed_step                 win=  5.774ms avg=  6.448ms p95= 11.294ms max= 26.026ms calls(last=  1,win= 134,total=4918) (win 34.6% | avg 38.7% budget)
  frame.render.world               win=  5.041ms avg= 10.083ms p95= 11.123ms max= 19.801ms calls(last=  2,win= 240,total=8614) (win 30.2% | avg 60.5% budget)
  game.update                      win=  3.792ms avg=  4.234ms p95=  7.284ms max= 22.172ms calls(last=  1,win= 134,total=4536) (win 22.8% | avg 25.4% budget)
  system.ai_update                 win=  3.643ms avg=  4.068ms p95=  7.018ms max= 21.868ms calls(last=  1,win= 134,total=4536) (win 21.9% | avg 24.4% budget)
  enemy.update                     win=  3.637ms avg=  4.061ms p95=  7.008ms max= 21.856ms calls(last=  1,win= 134,total=4536) (win 21.8% | avg 24.4% budget)
  frame.render.overlay             win=  3.119ms avg=  3.119ms p95=  3.810ms max=  7.794ms calls(last=  1,win= 120,total=4307) (win 18.7% | avg 18.7% budget)
  frame.render.world.enemies       win=  1.185ms avg=  1.185ms p95=  1.256ms max=  3.582ms calls(last=  1,win= 120,total=4307) (win 7.1% | avg 7.1% budget)
  frame.render.world.maze          win=  1.068ms avg=  1.068ms p95=  1.164ms max=  2.139ms calls(last=  1,win= 120,total=4307) (win 6.4% | avg 6.4% budget)
  frame.render.world.effects       win=  0.587ms avg=  0.587ms p95=  1.099ms max=  2.075ms calls(last=  1,win= 120,total=4307) (win 3.5% | avg 3.5% budget)
  enemy.torpedo.select_heading     win=  0.419ms avg=  0.003ms p95=  0.000ms max=  0.419ms calls(last=  0,win=   1,total=6) (win 2.5% | avg 0.0% budget)
  enemy.physics.frontal_collisions win=  0.259ms avg=  0.289ms p95=  0.498ms max=  0.767ms calls(last=  1,win= 134,total=1393) (win 1.6% | avg 1.7% budget)
  enemy.physics.frontal_grid_build win=  0.184ms avg=  0.206ms p95=  0.360ms max=  0.616ms calls(last=  1,win= 134,total=1393) (win 1.1% | avg 1.2% budget)
  enemy.ai.movement                win=  0.102ms avg=  0.789ms p95=  1.478ms max=  1.752ms calls(last=  7,win= 929,total=4953) (win 0.6% | avg 4.7% budget)
  enemy.physics.frontal_pair_traverse win=  0.045ms avg=  0.050ms p95=  0.088ms max=  0.186ms calls(last=  1,win= 134,total=1393) (win 0.3% | avg 0.3% budget)
  system.spawner_update            win=  0.041ms avg=  0.046ms p95=  0.079ms max=  0.372ms calls(last=  1,win= 134,total=4536) (win 0.2% | avg 0.3% budget)
  enemy.ai.decision                win=  0.039ms avg=  0.300ms p95=  0.501ms max= 11.341ms calls(last=  7,win= 929,total=4953) (win 0.2% | avg 1.8% budget)
  system.physics_collision         win=  0.035ms avg=  0.040ms p95=  0.066ms max=  0.295ms calls(last=  1,win= 134,total=4536) (win 0.2% | avg 0.2% budget)
  enemy.type.torpedo               win=  0.032ms avg=  0.741ms p95=  1.292ms max=  1.486ms calls(last= 21,win=2814,total=83427) (win 0.2% | avg 4.4% budget)
  enemy.cheap.segment_build        win=  0.030ms avg=  0.085ms p95=  0.150ms max=  0.597ms calls(last=  3,win= 335,total=11920) (win 0.2% | avg 0.5% budget)
  frame.input_poll                 win=  0.029ms avg=  0.029ms p95=  0.030ms max=  0.227ms calls(last=  1,win= 120,total=4680) (win 0.2% | avg 0.2% budget)
  system.player_update             win=  0.026ms avg=  0.029ms p95=  0.049ms max=  0.142ms calls(last=  1,win= 134,total=4416) (win 0.2% | avg 0.2% budget)
[ENEMY_STATS] frame=4680 alive=72 visible=1 full=7 cheap=65 fullInBase=0 pairs(frontal=0 checks=0 separation=0 resolved=0)
[ENEMY_WINDOW] steps=134 alive[min=72 max=72] visible[min=1 max=2] full[min=6 max=8] collisionPasses[runs=134 skips=0]
[ENEMY_SEGMENTS] window=2.233s D{b/s=4.03 avgLen=4.26 fail=0} T{b/s=5.37 avgLen=6.63 fail=0} H{b/s=12.99 avgLen=4.71 fail=144} A{b/s=3.13 avgLen=5.46 fail=134}
[ENEMY_GRID] frontal{cand/s=416.0 xcell/s=2.7 ins/s=418.7} separation{cand/s=416.0}
[ENEMY_COLLISION_WINDOW] frontal{pairs/s=0.0 checks/s=0.0 baseSkip=0 kill=0(0.0%)} separation{pairs/s=0.0 resolved/s=0.0(0.0%) baseSkip=0 kill=0 wallBlock=0}
[ENEMY_NAV_CACHE] playerCell{changes=2 flowRebuilds=2} flow{hit=0 miss=0 hit%=0.0} pathFallback{calls=0 ok=0 ok%=0.0}
[ENEMY_SAP] updates=9648 active=929 pairs=0 repairs{x=67 y=79}
[ENEMY_PAIR_TYPES] frontal DD=0 DT=0 DH=0 DA=0 TT=0 TH=0 TA=0 HH=0 HA=0 AA=0 separation DD=0 DT=0 DH=0 DA=0 TT=0 TH=0 TA=0 HH=0 HA=0 AA=0
[TORPEDO_HEADING] eval/s=0.45 retreat/s=0.00 pick[straight=100.0% left=0.0% right=0.0%] clear[best=14.39 chosen=14.39]

[PROFILE] frame=4800 budget=16.667ms alloc(+107/-107, +204472b/-204472b, live=233672b peak=436896b)
  frame.total                      win= 18.296ms avg= 18.296ms p95= 23.269ms max= 82.653ms calls(last=  1,win= 120,total=4800) (win 109.8% | avg 109.8% budget)
  frame.render                     win= 12.015ms avg= 12.015ms p95= 12.984ms max= 82.616ms calls(last=  1,win= 120,total=4800) (win 72.1% | avg 72.1% budget)
  frame.present                    win= 12.007ms avg= 12.007ms p95= 12.977ms max= 82.609ms calls(last=  1,win= 120,total=4800) (win 72.0% | avg 72.0% budget)
  frame.fixed_step                 win=  5.672ms avg=  6.240ms p95= 11.060ms max= 26.026ms calls(last=  1,win= 132,total=5050) (win 34.0% | avg 37.4% budget)
  frame.render.world               win=  5.040ms avg= 10.081ms p95= 11.058ms max= 19.801ms calls(last=  2,win= 240,total=8854) (win 30.2% | avg 60.5% budget)
  game.update                      win=  3.679ms avg=  4.047ms p95=  7.092ms max= 22.172ms calls(last=  1,win= 132,total=4668) (win 22.1% | avg 24.3% budget)
  system.ai_update                 win=  3.534ms avg=  3.887ms p95=  6.768ms max= 21.868ms calls(last=  1,win= 132,total=4668) (win 21.2% | avg 23.3% budget)
  enemy.update                     win=  3.528ms avg=  3.881ms p95=  6.757ms max= 21.856ms calls(last=  1,win= 132,total=4668) (win 21.2% | avg 23.3% budget)
  frame.render.overlay             win=  3.101ms avg=  3.101ms p95=  3.786ms max=  7.794ms calls(last=  1,win= 120,total=4427) (win 18.6% | avg 18.6% budget)
  frame.render.world.enemies       win=  1.189ms avg=  1.189ms p95=  1.307ms max=  3.582ms calls(last=  1,win= 120,total=4427) (win 7.1% | avg 7.1% budget)
  frame.render.world.maze          win=  1.096ms avg=  1.096ms p95=  1.207ms max=  2.139ms calls(last=  1,win= 120,total=4427) (win 6.6% | avg 6.6% budget)
  frame.render.world.effects       win=  0.562ms avg=  0.562ms p95=  1.102ms max=  2.075ms calls(last=  1,win= 120,total=4427) (win 3.4% | avg 3.4% budget)
  enemy.torpedo.select_heading     win=  0.365ms avg=  0.009ms p95=  0.000ms max=  0.498ms calls(last=  0,win=   3,total=9) (win 2.2% | avg 0.1% budget)
  enemy.physics.frontal_collisions win=  0.248ms avg=  0.273ms p95=  0.483ms max=  0.767ms calls(last=  1,win= 132,total=1525) (win 1.5% | avg 1.6% budget)
  enemy.physics.frontal_grid_build win=  0.177ms avg=  0.194ms p95=  0.342ms max=  0.616ms calls(last=  1,win= 132,total=1525) (win 1.1% | avg 1.2% budget)
  enemy.ai.movement                win=  0.103ms avg=  0.619ms p95=  1.256ms max=  1.752ms calls(last=  5,win= 719,total=5672) (win 0.6% | avg 3.7% budget)
  enemy.ai.decision                win=  0.044ms avg=  0.265ms p95=  0.486ms max= 11.341ms calls(last=  5,win= 719,total=5672) (win 0.3% | avg 1.6% budget)
  enemy.physics.frontal_pair_traverse win=  0.044ms avg=  0.048ms p95=  0.086ms max=  0.186ms calls(last=  1,win= 132,total=1525) (win 0.3% | avg 0.3% budget)
  system.spawner_update            win=  0.040ms avg=  0.044ms p95=  0.079ms max=  0.372ms calls(last=  1,win= 132,total=4668) (win 0.2% | avg 0.3% budget)
  system.physics_collision         win=  0.035ms avg=  0.038ms p95=  0.067ms max=  0.295ms calls(last=  1,win= 132,total=4668) (win 0.2% | avg 0.2% budget)
  frame.input_poll                 win=  0.028ms avg=  0.028ms p95=  0.029ms max=  0.227ms calls(last=  1,win= 120,total=4800) (win 0.2% | avg 0.2% budget)
  enemy.type.torpedo               win=  0.028ms avg=  0.643ms p95=  1.090ms max=  1.529ms calls(last= 21,win=2772,total=86199) (win 0.2% | avg 3.9% budget)
  enemy.cheap.segment_build        win=  0.028ms avg=  0.101ms p95=  0.186ms max=  0.597ms calls(last=  4,win= 438,total=12358) (win 0.2% | avg 0.6% budget)
  system.player_update             win=  0.025ms avg=  0.028ms p95=  0.048ms max=  0.142ms calls(last=  1,win= 132,total=4548) (win 0.2% | avg 0.2% budget)
[ENEMY_STATS] frame=4800 alive=72 visible=0 full=5 cheap=67 fullInBase=0 pairs(frontal=0 checks=0 separation=0 resolved=0)
[ENEMY_WINDOW] steps=132 alive[min=72 max=72] visible[min=0 max=2] full[min=5 max=7] collisionPasses[runs=132 skips=0]
[ENEMY_SEGMENTS] window=2.200s D{b/s=3.64 avgLen=4.93 fail=0} T{b/s=6.36 avgLen=6.58 fail=0} H{b/s=10.45 avgLen=5.42 fail=257} A{b/s=2.27 avgLen=5.26 fail=132}
[ENEMY_GRID] frontal{cand/s=325.9 xcell/s=1.8 ins/s=327.7} separation{cand/s=325.9}
[ENEMY_COLLISION_WINDOW] frontal{pairs/s=0.0 checks/s=0.0 baseSkip=0 kill=0(0.0%)} separation{pairs/s=0.0 resolved/s=0.0(0.0%) baseSkip=0 kill=0 wallBlock=0}
[ENEMY_NAV_CACHE] playerCell{changes=3 flowRebuilds=3} flow{hit=0 miss=0 hit%=0.0} pathFallback{calls=0 ok=0 ok%=0.0}
[ENEMY_SAP] updates=9504 active=717 pairs=0 repairs{x=6 y=3}
[ENEMY_PAIR_TYPES] frontal DD=0 DT=0 DH=0 DA=0 TT=0 TH=0 TA=0 HH=0 HA=0 AA=0 separation DD=0 DT=0 DH=0 DA=0 TT=0 TH=0 TA=0 HH=0 HA=0 AA=0
[TORPEDO_HEADING] eval/s=1.36 retreat/s=0.00 pick[straight=0.0% left=33.3% right=66.7%] clear[best=15.00 chosen=15.00]

[PROFILE] frame=4920 budget=16.667ms alloc(+116/-116, +204752b/-204752b, live=233672b peak=436896b)
  frame.total                      win= 17.888ms avg= 17.888ms p95= 22.603ms max= 82.653ms calls(last=  1,win= 120,total=4920) (win 107.3% | avg 107.3% budget)
  frame.render                     win= 11.837ms avg= 11.837ms p95= 12.584ms max= 82.616ms calls(last=  1,win= 120,total=4920) (win 71.0% | avg 71.0% budget)
  frame.present                    win= 11.830ms avg= 11.830ms p95= 12.577ms max= 82.609ms calls(last=  1,win= 120,total=4920) (win 71.0% | avg 71.0% budget)
  frame.fixed_step                 win=  5.549ms avg=  6.011ms p95= 10.519ms max= 26.026ms calls(last=  1,win= 130,total=5180) (win 33.3% | avg 36.1% budget)
  frame.render.world               win=  4.925ms avg=  9.850ms p95= 10.239ms max= 19.801ms calls(last=  2,win= 240,total=9094) (win 29.6% | avg 59.1% budget)
  game.update                      win=  3.578ms avg=  3.876ms p95=  6.666ms max= 22.172ms calls(last=  1,win= 130,total=4798) (win 21.5% | avg 23.3% budget)
  system.ai_update                 win=  3.437ms avg=  3.723ms p95=  6.397ms max= 21.868ms calls(last=  1,win= 130,total=4798) (win 20.6% | avg 22.3% budget)
  enemy.update                     win=  3.432ms avg=  3.717ms p95=  6.386ms max= 21.856ms calls(last=  1,win= 130,total=4798) (win 20.6% | avg 22.3% budget)
  frame.render.overlay             win=  3.083ms avg=  3.083ms p95=  3.705ms max=  7.794ms calls(last=  1,win= 120,total=4547) (win 18.5% | avg 18.5% budget)
  frame.render.world.enemies       win=  1.190ms avg=  1.190ms p95=  1.283ms max=  3.582ms calls(last=  1,win= 120,total=4547) (win 7.1% | avg 7.1% budget)
  frame.render.world.maze          win=  1.127ms avg=  1.127ms p95=  1.238ms max=  2.139ms calls(last=  1,win= 120,total=4547) (win 6.8% | avg 6.8% budget)
  frame.render.world.effects       win=  0.408ms avg=  0.408ms p95=  0.504ms max=  2.075ms calls(last=  1,win= 120,total=4547) (win 2.4% | avg 2.4% budget)
  enemy.torpedo.select_heading     win=  0.302ms avg=  0.005ms p95=  0.000ms max=  0.498ms calls(last=  0,win=   2,total=11) (win 1.8% | avg 0.0% budget)
  enemy.physics.frontal_collisions win=  0.247ms avg=  0.268ms p95=  0.479ms max=  0.767ms calls(last=  1,win= 130,total=1655) (win 1.5% | avg 1.6% budget)
  enemy.physics.frontal_grid_build win=  0.176ms avg=  0.191ms p95=  0.342ms max=  0.616ms calls(last=  1,win= 130,total=1655) (win 1.1% | avg 1.1% budget)
  enemy.ai.movement                win=  0.094ms avg=  0.550ms p95=  0.922ms max=  1.752ms calls(last=  6,win= 703,total=6375) (win 0.6% | avg 3.3% budget)
  enemy.ai.decision                win=  0.048ms avg=  0.278ms p95=  0.501ms max= 11.341ms calls(last=  6,win= 703,total=6375) (win 0.3% | avg 1.7% budget)
  enemy.physics.frontal_pair_traverse win=  0.043ms avg=  0.046ms p95=  0.083ms max=  0.186ms calls(last=  1,win= 130,total=1655) (win 0.3% | avg 0.3% budget)
  system.spawner_update            win=  0.041ms avg=  0.044ms p95=  0.079ms max=  0.372ms calls(last=  1,win= 130,total=4798) (win 0.2% | avg 0.3% budget)
  enemy.type.torpedo               win=  0.030ms avg=  0.686ms p95=  1.095ms max=  1.716ms calls(last= 21,win=2730,total=88929) (win 0.2% | avg 4.1% budget)
  enemy.cheap.segment_build        win=  0.028ms avg=  0.126ms p95=  0.199ms max=  0.597ms calls(last=  5,win= 544,total=12902) (win 0.2% | avg 0.8% budget)
  system.physics_collision         win=  0.028ms avg=  0.030ms p95=  0.051ms max=  0.295ms calls(last=  1,win= 130,total=4798) (win 0.2% | avg 0.2% budget)
  frame.input_poll                 win=  0.028ms avg=  0.028ms p95=  0.028ms max=  0.227ms calls(last=  1,win= 120,total=4920) (win 0.2% | avg 0.2% budget)
  system.player_update             win=  0.027ms avg=  0.029ms p95=  0.052ms max=  0.142ms calls(last=  1,win= 130,total=4678) (win 0.2% | avg 0.2% budget)
[ENEMY_STATS] frame=4920 alive=72 visible=1 full=6 cheap=66 fullInBase=0 pairs(frontal=0 checks=0 separation=0 resolved=0)
[ENEMY_WINDOW] steps=130 alive[min=72 max=72] visible[min=0 max=2] full[min=5 max=6] collisionPasses[runs=130 skips=0]
[ENEMY_SEGMENTS] window=2.167s D{b/s=2.31 avgLen=4.08 fail=0} T{b/s=5.54 avgLen=6.80 fail=2} H{b/s=11.54 avgLen=4.68 fail=335} A{b/s=2.77 avgLen=4.30 fail=161}
[ENEMY_GRID] frontal{cand/s=324.9 xcell/s=2.3 ins/s=327.2} separation{cand/s=324.9}
[ENEMY_COLLISION_WINDOW] frontal{pairs/s=0.0 checks/s=0.0 baseSkip=0 kill=0(0.0%)} separation{pairs/s=0.0 resolved/s=0.0(0.0%) baseSkip=0 kill=0 wallBlock=0}
[ENEMY_NAV_CACHE] playerCell{changes=2 flowRebuilds=2} flow{hit=0 miss=0 hit%=0.0} pathFallback{calls=0 ok=0 ok%=0.0}
[ENEMY_SAP] updates=9360 active=704 pairs=0 repairs{x=124 y=126}
[ENEMY_PAIR_TYPES] frontal DD=0 DT=0 DH=0 DA=0 TT=0 TH=0 TA=0 HH=0 HA=0 AA=0 separation DD=0 DT=0 DH=0 DA=0 TT=0 TH=0 TA=0 HH=0 HA=0 AA=0
[TORPEDO_HEADING] eval/s=0.92 retreat/s=0.00 pick[straight=50.0% left=50.0% right=0.0%] clear[best=12.30 chosen=12.30]

[PROFILE] frame=5040 budget=16.667ms alloc(+109/-109, +204552b/-204552b, live=233672b peak=436896b)
  frame.total                      win= 18.930ms avg= 18.930ms p95= 23.542ms max= 82.653ms calls(last=  1,win= 120,total=5040) (win 113.6% | avg 113.6% budget)
  frame.render                     win= 12.238ms avg= 12.238ms p95= 13.172ms max= 82.616ms calls(last=  1,win= 120,total=5040) (win 73.4% | avg 73.4% budget)
  frame.present                    win= 12.230ms avg= 12.230ms p95= 13.165ms max= 82.609ms calls(last=  1,win= 120,total=5040) (win 73.4% | avg 73.4% budget)
  frame.fixed_step                 win=  5.827ms avg=  6.653ms p95= 11.224ms max= 26.026ms calls(last=  1,win= 137,total=5317) (win 35.0% | avg 39.9% budget)
  frame.render.world               win=  5.214ms avg= 10.428ms p95= 11.270ms max= 19.801ms calls(last=  2,win= 240,total=9334) (win 31.3% | avg 62.6% budget)
  game.update                      win=  3.829ms avg=  4.371ms p95=  7.353ms max= 22.172ms calls(last=  1,win= 137,total=4935) (win 23.0% | avg 26.2% budget)
  system.ai_update                 win=  3.670ms avg=  4.189ms p95=  7.047ms max= 21.868ms calls(last=  1,win= 137,total=4935) (win 22.0% | avg 25.1% budget)
  enemy.update                     win=  3.664ms avg=  4.183ms p95=  7.038ms max= 21.856ms calls(last=  1,win= 137,total=4935) (win 22.0% | avg 25.1% budget)
  frame.render.overlay             win=  3.120ms avg=  3.120ms p95=  3.810ms max=  7.794ms calls(last=  1,win= 120,total=4667) (win 18.7% | avg 18.7% budget)
  frame.render.world.enemies       win=  1.185ms avg=  1.185ms p95=  1.350ms max=  3.582ms calls(last=  1,win= 120,total=4667) (win 7.1% | avg 7.1% budget)
  frame.render.world.maze          win=  1.051ms avg=  1.051ms p95=  1.276ms max=  2.139ms calls(last=  1,win= 120,total=4667) (win 6.3% | avg 6.3% budget)
  frame.render.world.effects       win=  0.781ms avg=  0.781ms p95=  1.135ms max=  2.075ms calls(last=  1,win= 120,total=4667) (win 4.7% | avg 4.7% budget)
  enemy.torpedo.select_heading     win=  0.327ms avg=  0.008ms p95=  0.000ms max=  0.498ms calls(last=  0,win=   3,total=14) (win 2.0% | avg 0.0% budget)
  enemy.physics.frontal_collisions win=  0.254ms avg=  0.290ms p95=  0.487ms max=  0.767ms calls(last=  1,win= 137,total=1792) (win 1.5% | avg 1.7% budget)
  enemy.physics.frontal_grid_build win=  0.181ms avg=  0.207ms p95=  0.349ms max=  0.616ms calls(last=  1,win= 137,total=1792) (win 1.1% | avg 1.2% budget)
  enemy.ai.movement                win=  0.108ms avg=  0.643ms p95=  1.251ms max=  1.752ms calls(last=  4,win= 714,total=7089) (win 0.6% | avg 3.9% budget)
  enemy.ai.decision                win=  0.053ms avg=  0.317ms p95=  0.588ms max= 11.341ms calls(last=  4,win= 714,total=7089) (win 0.3% | avg 1.9% budget)
  system.physics_collision         win=  0.045ms avg=  0.052ms p95=  0.105ms max=  0.295ms calls(last=  1,win= 137,total=4935) (win 0.3% | avg 0.3% budget)
  enemy.physics.frontal_pair_traverse win=  0.044ms avg=  0.050ms p95=  0.085ms max=  0.186ms calls(last=  1,win= 137,total=1792) (win 0.3% | avg 0.3% budget)
  system.spawner_update            win=  0.040ms avg=  0.046ms p95=  0.079ms max=  0.372ms calls(last=  1,win= 137,total=4935) (win 0.2% | avg 0.3% budget)
  enemy.type.torpedo               win=  0.037ms avg=  0.876ms p95=  1.640ms max=  1.825ms calls(last= 21,win=2877,total=91806) (win 0.2% | avg 5.3% budget)
  enemy.cheap.segment_build        win=  0.028ms avg=  0.193ms p95=  0.346ms max=  0.597ms calls(last=  7,win= 825,total=13727) (win 0.2% | avg 1.2% budget)
  frame.input_poll                 win=  0.027ms avg=  0.027ms p95=  0.028ms max=  0.227ms calls(last=  1,win= 120,total=5040) (win 0.2% | avg 0.2% budget)
  system.player_update             win=  0.026ms avg=  0.030ms p95=  0.050ms max=  0.142ms calls(last=  1,win= 137,total=4815) (win 0.2% | avg 0.2% budget)
[ENEMY_STATS] frame=5040 alive=72 visible=1 full=4 cheap=68 fullInBase=0 pairs(frontal=0 checks=0 separation=0 resolved=0)
[ENEMY_WINDOW] steps=137 alive[min=72 max=72] visible[min=1 max=1] full[min=4 max=7] collisionPasses[runs=137 skips=0]
[ENEMY_SEGMENTS] window=2.283s D{b/s=6.13 avgLen=3.80 fail=0} T{b/s=6.13 avgLen=5.60 fail=0} H{b/s=12.26 avgLen=4.99 fail=411} A{b/s=3.07 avgLen=5.22 fail=353}
[ENEMY_GRID] frontal{cand/s=311.8 xcell/s=3.5 ins/s=315.3} separation{cand/s=311.8}
[ENEMY_COLLISION_WINDOW] frontal{pairs/s=0.0 checks/s=0.0 baseSkip=0 kill=0(0.0%)} separation{pairs/s=0.0 resolved/s=0.0(0.0%) baseSkip=0 kill=0 wallBlock=0}
[ENEMY_NAV_CACHE] playerCell{changes=3 flowRebuilds=3} flow{hit=0 miss=0 hit%=0.0} pathFallback{calls=0 ok=0 ok%=0.0}
[ENEMY_SAP] updates=9864 active=712 pairs=0 repairs{x=16 y=19}
[ENEMY_PAIR_TYPES] frontal DD=0 DT=0 DH=0 DA=0 TT=0 TH=0 TA=0 HH=0 HA=0 AA=0 separation DD=0 DT=0 DH=0 DA=0 TT=0 TH=0 TA=0 HH=0 HA=0 AA=0
[TORPEDO_HEADING] eval/s=1.31 retreat/s=0.00 pick[straight=33.3% left=0.0% right=66.7%] clear[best=14.06 chosen=14.06]

[PROFILE] frame=5160 budget=16.667ms alloc(+114/-114, +204688b/-204688b, live=233672b peak=436896b)
  frame.total                      win= 17.738ms avg= 17.738ms p95= 21.916ms max= 82.653ms calls(last=  1,win= 120,total=5160) (win 106.4% | avg 106.4% budget)
  frame.render                     win= 11.761ms avg= 11.761ms p95= 12.551ms max= 82.616ms calls(last=  1,win= 120,total=5160) (win 70.6% | avg 70.6% budget)
  frame.present                    win= 11.753ms avg= 11.753ms p95= 12.544ms max= 82.609ms calls(last=  1,win= 120,total=5160) (win 70.5% | avg 70.5% budget)
  frame.fixed_step                 win=  5.566ms avg=  5.937ms p95= 10.456ms max= 26.026ms calls(last=  1,win= 128,total=5445) (win 33.4% | avg 35.6% budget)
  frame.render.world               win=  4.793ms avg=  9.586ms p95= 10.047ms max= 19.801ms calls(last=  2,win= 240,total=9574) (win 28.8% | avg 57.5% budget)
  game.update                      win=  3.585ms avg=  3.824ms p95=  6.552ms max= 22.172ms calls(last=  1,win= 128,total=5063) (win 21.5% | avg 22.9% budget)
  system.ai_update                 win=  3.434ms avg=  3.663ms p95=  6.268ms max= 21.868ms calls(last=  1,win= 128,total=5063) (win 20.6% | avg 22.0% budget)
  enemy.update                     win=  3.429ms avg=  3.657ms p95=  6.257ms max= 21.856ms calls(last=  1,win= 128,total=5063) (win 20.6% | avg 21.9% budget)
  frame.render.overlay             win=  3.099ms avg=  3.099ms p95=  3.741ms max=  7.794ms calls(last=  1,win= 120,total=4787) (win 18.6% | avg 18.6% budget)
  frame.render.world.enemies       win=  1.192ms avg=  1.192ms p95=  1.292ms max=  3.582ms calls(last=  1,win= 120,total=4787) (win 7.2% | avg 7.2% budget)
  frame.render.world.maze          win=  0.977ms avg=  0.977ms p95=  1.100ms max=  2.139ms calls(last=  1,win= 120,total=4787) (win 5.9% | avg 5.9% budget)
  frame.render.world.effects       win=  0.413ms avg=  0.413ms p95=  0.509ms max=  2.075ms calls(last=  1,win= 120,total=4787) (win 2.5% | avg 2.5% budget)
  enemy.torpedo.select_heading     win=  0.338ms avg=  0.011ms p95=  0.000ms max=  0.683ms calls(last=  0,win=   4,total=18) (win 2.0% | avg 0.1% budget)
  enemy.physics.frontal_collisions win=  0.244ms avg=  0.261ms p95=  0.466ms max=  0.767ms calls(last=  1,win= 128,total=1920) (win 1.5% | avg 1.6% budget)
  enemy.physics.frontal_grid_build win=  0.177ms avg=  0.189ms p95=  0.339ms max=  0.616ms calls(last=  1,win= 128,total=1920) (win 1.1% | avg 1.1% budget)
  enemy.ai.movement                win=  0.109ms avg=  0.459ms p95=  0.648ms max=  1.752ms calls(last=  4,win= 505,total=7594) (win 0.7% | avg 2.8% budget)
  enemy.ai.decision                win=  0.066ms avg=  0.280ms p95=  0.450ms max= 11.341ms calls(last=  4,win= 505,total=7594) (win 0.4% | avg 1.7% budget)
  enemy.physics.frontal_pair_traverse win=  0.042ms avg=  0.044ms p95=  0.079ms max=  0.186ms calls(last=  1,win= 128,total=1920) (win 0.2% | avg 0.3% budget)
  system.spawner_update            win=  0.041ms avg=  0.044ms p95=  0.077ms max=  0.372ms calls(last=  1,win= 128,total=5063) (win 0.2% | avg 0.3% budget)
  system.physics_collision         win=  0.039ms avg=  0.042ms p95=  0.067ms max=  0.295ms calls(last=  1,win= 128,total=5063) (win 0.2% | avg 0.3% budget)
  enemy.type.torpedo               win=  0.037ms avg=  0.818ms p95=  1.283ms max=  1.825ms calls(last= 21,win=2688,total=94494) (win 0.2% | avg 4.9% budget)
  enemy.cheap.segment_build        win=  0.029ms avg=  0.196ms p95=  0.316ms max=  0.597ms calls(last=  6,win= 817,total=14544) (win 0.2% | avg 1.2% budget)
  frame.input_poll                 win=  0.028ms avg=  0.028ms p95=  0.030ms max=  0.227ms calls(last=  1,win= 120,total=5160) (win 0.2% | avg 0.2% budget)
  system.player_update             win=  0.026ms avg=  0.028ms p95=  0.043ms max=  0.142ms calls(last=  1,win= 128,total=4943) (win 0.2% | avg 0.2% budget)
[ENEMY_STATS] frame=5160 alive=72 visible=2 full=4 cheap=68 fullInBase=0 pairs(frontal=0 checks=0 separation=0 resolved=0)
[ENEMY_WINDOW] steps=128 alive[min=72 max=72] visible[min=1 max=2] full[min=3 max=4] collisionPasses[runs=128 skips=0]
[ENEMY_SEGMENTS] window=2.133s D{b/s=4.69 avgLen=3.90 fail=0} T{b/s=5.16 avgLen=6.48 fail=0} H{b/s=9.84 avgLen=5.30 fail=384} A{b/s=2.81 avgLen=4.78 fail=384}
[ENEMY_GRID] frontal{cand/s=236.7 xcell/s=0.5 ins/s=237.2} separation{cand/s=236.7}
[ENEMY_COLLISION_WINDOW] frontal{pairs/s=0.0 checks/s=0.0 baseSkip=0 kill=0(0.0%)} separation{pairs/s=0.0 resolved/s=0.0(0.0%) baseSkip=0 kill=0 wallBlock=0}
[ENEMY_NAV_CACHE] playerCell{changes=3 flowRebuilds=3} flow{hit=0 miss=0 hit%=0.0} pathFallback{calls=0 ok=0 ok%=0.0}
[ENEMY_SAP] updates=9216 active=505 pairs=0 repairs{x=53 y=56}
[ENEMY_PAIR_TYPES] frontal DD=0 DT=0 DH=0 DA=0 TT=0 TH=0 TA=0 HH=0 HA=0 AA=0 separation DD=0 DT=0 DH=0 DA=0 TT=0 TH=0 TA=0 HH=0 HA=0 AA=0
[TORPEDO_HEADING] eval/s=1.88 retreat/s=0.00 pick[straight=50.0% left=50.0% right=0.0%] clear[best=15.00 chosen=15.00]

[PROFILE] frame=5280 budget=16.667ms alloc(+112/-112, +204608b/-204608b, live=233672b peak=436896b)
  frame.total                      win= 18.062ms avg= 18.062ms p95= 22.787ms max= 82.653ms calls(last=  1,win= 120,total=5280) (win 108.4% | avg 108.4% budget)
  frame.render                     win= 11.651ms avg= 11.651ms p95= 12.453ms max= 82.616ms calls(last=  1,win= 120,total=5280) (win 69.9% | avg 69.9% budget)
  frame.present                    win= 11.643ms avg= 11.643ms p95= 12.445ms max= 82.609ms calls(last=  1,win= 120,total=5280) (win 69.9% | avg 69.9% budget)
  frame.fixed_step                 win=  5.836ms avg=  6.371ms p95= 10.767ms max= 26.026ms calls(last=  1,win= 131,total=5576) (win 35.0% | avg 38.2% budget)
  frame.render.world               win=  4.687ms avg=  9.375ms p95=  9.832ms max= 19.801ms calls(last=  2,win= 240,total=9814) (win 28.1% | avg 56.2% budget)
  game.update                      win=  3.841ms avg=  4.193ms p95=  6.798ms max= 22.172ms calls(last=  1,win= 131,total=5194) (win 23.0% | avg 25.2% budget)
  system.ai_update                 win=  3.702ms avg=  4.041ms p95=  6.549ms max= 21.868ms calls(last=  1,win= 131,total=5194) (win 22.2% | avg 24.2% budget)
  enemy.update                     win=  3.696ms avg=  4.035ms p95=  6.538ms max= 21.856ms calls(last=  1,win= 131,total=5194) (win 22.2% | avg 24.2% budget)
  frame.render.overlay             win=  3.089ms avg=  3.089ms p95=  3.745ms max=  7.794ms calls(last=  1,win= 120,total=4907) (win 18.5% | avg 18.5% budget)
  frame.render.world.enemies       win=  1.196ms avg=  1.196ms p95=  1.301ms max=  3.582ms calls(last=  1,win= 120,total=4907) (win 7.2% | avg 7.2% budget)
  frame.render.world.maze          win=  0.880ms avg=  0.880ms p95=  1.039ms max=  2.139ms calls(last=  1,win= 120,total=4907) (win 5.3% | avg 5.3% budget)
  frame.render.world.effects       win=  0.418ms avg=  0.418ms p95=  0.578ms max=  2.075ms calls(last=  1,win= 120,total=4907) (win 2.5% | avg 2.5% budget)
  enemy.torpedo.select_heading     win=  0.364ms avg=  0.006ms p95=  0.000ms max=  0.683ms calls(last=  0,win=   2,total=20) (win 2.2% | avg 0.0% budget)
  enemy.physics.frontal_collisions win=  0.245ms avg=  0.267ms p95=  0.474ms max=  0.767ms calls(last=  1,win= 131,total=2051) (win 1.5% | avg 1.6% budget)
  enemy.physics.frontal_grid_build win=  0.175ms avg=  0.191ms p95=  0.341ms max=  0.616ms calls(last=  1,win= 131,total=2051) (win 1.1% | avg 1.1% budget)
  enemy.ai.movement                win=  0.110ms avg=  0.479ms p95=  0.855ms max=  1.752ms calls(last=  4,win= 524,total=8118) (win 0.7% | avg 2.9% budget)
  enemy.ai.decision                win=  0.067ms avg=  0.294ms p95=  0.510ms max= 11.341ms calls(last=  4,win= 524,total=8118) (win 0.4% | avg 1.8% budget)
  enemy.physics.frontal_pair_traverse win=  0.044ms avg=  0.048ms p95=  0.082ms max=  0.186ms calls(last=  1,win= 131,total=2051) (win 0.3% | avg 0.3% budget)
  system.spawner_update            win=  0.040ms avg=  0.044ms p95=  0.078ms max=  0.372ms calls(last=  1,win= 131,total=5194) (win 0.2% | avg 0.3% budget)
  enemy.type.torpedo               win=  0.040ms avg=  0.922ms p95=  1.633ms max=  1.825ms calls(last= 21,win=2751,total=97245) (win 0.2% | avg 5.5% budget)
  enemy.cheap.segment_build        win=  0.028ms avg=  0.198ms p95=  0.324ms max=  0.597ms calls(last=  6,win= 838,total=15382) (win 0.2% | avg 1.2% budget)
  system.physics_collision         win=  0.028ms avg=  0.030ms p95=  0.050ms max=  0.295ms calls(last=  1,win= 131,total=5194) (win 0.2% | avg 0.2% budget)
  frame.input_poll                 win=  0.028ms avg=  0.028ms p95=  0.028ms max=  0.227ms calls(last=  1,win= 120,total=5280) (win 0.2% | avg 0.2% budget)
  system.player_update             win=  0.026ms avg=  0.028ms p95=  0.048ms max=  0.142ms calls(last=  1,win= 131,total=5074) (win 0.2% | avg 0.2% budget)
[ENEMY_STATS] frame=5280 alive=72 visible=0 full=4 cheap=68 fullInBase=0 pairs(frontal=0 checks=0 separation=0 resolved=0)
[ENEMY_WINDOW] steps=131 alive[min=72 max=72] visible[min=0 max=2] full[min=4 max=4] collisionPasses[runs=131 skips=0]
[ENEMY_SEGMENTS] window=2.183s D{b/s=4.12 avgLen=4.01 fail=0} T{b/s=6.87 avgLen=5.76 fail=0} H{b/s=10.53 avgLen=5.07 fail=393} A{b/s=2.29 avgLen=4.27 fail=393}
[ENEMY_GRID] frontal{cand/s=240.0 xcell/s=2.7 ins/s=242.7} separation{cand/s=240.0}
[ENEMY_COLLISION_WINDOW] frontal{pairs/s=0.0 checks/s=0.0 baseSkip=0 kill=0(0.0%)} separation{pairs/s=0.0 resolved/s=0.0(0.0%) baseSkip=0 kill=0 wallBlock=0}
[ENEMY_NAV_CACHE] playerCell{changes=4 flowRebuilds=4} flow{hit=0 miss=0 hit%=0.0} pathFallback{calls=0 ok=0 ok%=0.0}
[ENEMY_SAP] updates=9432 active=524 pairs=0 repairs{x=1 y=0}
[ENEMY_PAIR_TYPES] frontal DD=0 DT=0 DH=0 DA=0 TT=0 TH=0 TA=0 HH=0 HA=0 AA=0 separation DD=0 DT=0 DH=0 DA=0 TT=0 TH=0 TA=0 HH=0 HA=0 AA=0
[TORPEDO_HEADING] eval/s=0.92 retreat/s=0.00 pick[straight=50.0% left=50.0% right=0.0%] clear[best=15.00 chosen=15.00]

[PROFILE] frame=5400 budget=16.667ms alloc(+115/-115, +204728b/-204728b, live=233672b peak=436896b)
  frame.total                      win= 17.668ms avg= 17.668ms p95= 22.225ms max= 82.653ms calls(last=  1,win= 120,total=5400) (win 106.0% | avg 106.0% budget)
  frame.render                     win= 11.693ms avg= 11.693ms p95= 12.324ms max= 82.616ms calls(last=  1,win= 120,total=5400) (win 70.2% | avg 70.2% budget)
  frame.present                    win= 11.686ms avg= 11.686ms p95= 12.317ms max= 82.609ms calls(last=  1,win= 120,total=5400) (win 70.1% | avg 70.1% budget)
  frame.fixed_step                 win=  5.564ms avg=  5.935ms p95= 10.533ms max= 26.026ms calls(last=  1,win= 128,total=5704) (win 33.4% | avg 35.6% budget)
  frame.render.world               win=  4.580ms avg=  9.160ms p95=  9.669ms max= 19.801ms calls(last=  2,win= 240,total=10054) (win 27.5% | avg 55.0% budget)
  game.update                      win=  3.583ms avg=  3.822ms p95=  6.663ms max= 22.172ms calls(last=  1,win= 128,total=5322) (win 21.5% | avg 22.9% budget)
  system.ai_update                 win=  3.442ms avg=  3.671ms p95=  6.382ms max= 21.868ms calls(last=  1,win= 128,total=5322) (win 20.6% | avg 22.0% budget)
  enemy.update                     win=  3.435ms avg=  3.664ms p95=  6.368ms max= 21.856ms calls(last=  1,win= 128,total=5322) (win 20.6% | avg 22.0% budget)
  frame.render.overlay             win=  3.123ms avg=  3.123ms p95=  3.787ms max=  7.794ms calls(last=  1,win= 120,total=5027) (win 18.7% | avg 18.7% budget)
  frame.render.world.enemies       win=  1.183ms avg=  1.183ms p95=  1.316ms max=  3.582ms calls(last=  1,win= 120,total=5027) (win 7.1% | avg 7.1% budget)
  frame.render.world.maze          win=  0.765ms avg=  0.765ms p95=  0.892ms max=  2.139ms calls(last=  1,win= 120,total=5027) (win 4.6% | avg 4.6% budget)
  frame.render.world.effects       win=  0.402ms avg=  0.402ms p95=  0.509ms max=  2.075ms calls(last=  1,win= 120,total=5027) (win 2.4% | avg 2.4% budget)
  enemy.torpedo.select_heading     win=  0.362ms avg=  0.009ms p95=  0.000ms max=  0.683ms calls(last=  0,win=   3,total=23) (win 2.2% | avg 0.1% budget)
  enemy.physics.frontal_collisions win=  0.243ms avg=  0.259ms p95=  0.469ms max=  0.767ms calls(last=  1,win= 128,total=2179) (win 1.5% | avg 1.6% budget)
  enemy.physics.frontal_grid_build win=  0.176ms avg=  0.188ms p95=  0.340ms max=  0.616ms calls(last=  1,win= 128,total=2179) (win 1.1% | avg 1.1% budget)
  enemy.ai.movement                win=  0.111ms avg=  0.391ms p95=  0.650ms max=  1.752ms calls(last=  4,win= 422,total=8540) (win 0.7% | avg 2.3% budget)
  enemy.ai.decision                win=  0.075ms avg=  0.264ms p95=  0.474ms max= 11.341ms calls(last=  4,win= 422,total=8540) (win 0.5% | avg 1.6% budget)
  enemy.physics.frontal_pair_traverse win=  0.042ms avg=  0.045ms p95=  0.081ms max=  0.186ms calls(last=  1,win= 128,total=2179) (win 0.3% | avg 0.3% budget)
  system.spawner_update            win=  0.041ms avg=  0.044ms p95=  0.077ms max=  0.372ms calls(last=  1,win= 128,total=5322) (win 0.2% | avg 0.3% budget)
  enemy.type.torpedo               win=  0.035ms avg=  0.791ms p95=  1.327ms max=  1.825ms calls(last= 21,win=2688,total=99933) (win 0.2% | avg 4.7% budget)
  enemy.cheap.segment_build        win=  0.028ms avg=  0.196ms p95=  0.348ms max=  0.597ms calls(last=  6,win= 828,total=16210) (win 0.2% | avg 1.2% budget)
  system.physics_collision         win=  0.028ms avg=  0.030ms p95=  0.049ms max=  0.295ms calls(last=  1,win= 128,total=5322) (win 0.2% | avg 0.2% budget)
  frame.input_poll                 win=  0.028ms avg=  0.028ms p95=  0.029ms max=  0.227ms calls(last=  1,win= 120,total=5400) (win 0.2% | avg 0.2% budget)
  system.player_update             win=  0.027ms avg=  0.029ms p95=  0.045ms max=  0.142ms calls(last=  1,win= 128,total=5202) (win 0.2% | avg 0.2% budget)
[ENEMY_STATS] frame=5400 alive=72 visible=2 full=4 cheap=68 fullInBase=0 pairs(frontal=0 checks=0 separation=0 resolved=0)
[ENEMY_WINDOW] steps=128 alive[min=72 max=72] visible[min=0 max=2] full[min=3 max=4] collisionPasses[runs=128 skips=0]
[ENEMY_SEGMENTS] window=2.133s D{b/s=5.63 avgLen=5.78 fail=0} T{b/s=7.50 avgLen=6.96 fail=0} H{b/s=12.66 avgLen=5.17 fail=384} A{b/s=2.81 avgLen=5.35 fail=384}
[ENEMY_GRID] frontal{cand/s=197.8 xcell/s=0.9 ins/s=198.8} separation{cand/s=197.8}
[ENEMY_COLLISION_WINDOW] frontal{pairs/s=0.0 checks/s=0.0 baseSkip=0 kill=0(0.0%)} separation{pairs/s=0.0 resolved/s=0.0(0.0%) baseSkip=0 kill=0 wallBlock=0}
[ENEMY_NAV_CACHE] playerCell{changes=3 flowRebuilds=3} flow{hit=0 miss=0 hit%=0.0} pathFallback{calls=0 ok=0 ok%=0.0}
[ENEMY_SAP] updates=9216 active=422 pairs=0 repairs{x=6 y=0}
[ENEMY_PAIR_TYPES] frontal DD=0 DT=0 DH=0 DA=0 TT=0 TH=0 TA=0 HH=0 HA=0 AA=0 separation DD=0 DT=0 DH=0 DA=0 TT=0 TH=0 TA=0 HH=0 HA=0 AA=0
[TORPEDO_HEADING] eval/s=1.41 retreat/s=0.00 pick[straight=66.7% left=0.0% right=33.3%] clear[best=15.00 chosen=15.00]

[PROFILE] frame=5520 budget=16.667ms alloc(+113/-113, +204648b/-204648b, live=233672b peak=436896b)
  frame.total                      win= 17.797ms avg= 17.797ms p95= 22.226ms max= 82.653ms calls(last=  1,win= 120,total=5520) (win 106.8% | avg 106.8% budget)
  frame.render                     win= 11.765ms avg= 11.765ms p95= 12.617ms max= 82.616ms calls(last=  1,win= 120,total=5520) (win 70.6% | avg 70.6% budget)
  frame.present                    win= 11.757ms avg= 11.757ms p95= 12.610ms max= 82.609ms calls(last=  1,win= 120,total=5520) (win 70.5% | avg 70.5% budget)
  frame.fixed_step                 win=  5.574ms avg=  5.992ms p95= 10.673ms max= 26.026ms calls(last=  1,win= 129,total=5833) (win 33.4% | avg 36.0% budget)
  frame.render.world               win=  4.807ms avg=  9.613ms p95= 10.011ms max= 19.801ms calls(last=  2,win= 240,total=10294) (win 28.8% | avg 57.7% budget)
  game.update                      win=  3.595ms avg=  3.865ms p95=  6.719ms max= 22.172ms calls(last=  1,win= 129,total=5451) (win 21.6% | avg 23.2% budget)
  system.ai_update                 win=  3.457ms avg=  3.716ms p95=  6.459ms max= 21.868ms calls(last=  1,win= 129,total=5451) (win 20.7% | avg 22.3% budget)
  enemy.update                     win=  3.452ms avg=  3.710ms p95=  6.447ms max= 21.856ms calls(last=  1,win= 129,total=5451) (win 20.7% | avg 22.3% budget)
  frame.render.overlay             win=  3.114ms avg=  3.114ms p95=  3.799ms max=  7.794ms calls(last=  1,win= 120,total=5147) (win 18.7% | avg 18.7% budget)
  frame.render.world.enemies       win=  1.220ms avg=  1.220ms p95=  1.365ms max=  3.582ms calls(last=  1,win= 120,total=5147) (win 7.3% | avg 7.3% budget)
  frame.render.world.maze          win=  0.958ms avg=  0.958ms p95=  1.065ms max=  2.139ms calls(last=  1,win= 120,total=5147) (win 5.7% | avg 5.7% budget)
  enemy.torpedo.select_heading     win=  0.439ms avg=  0.018ms p95=  0.000ms max=  0.683ms calls(last=  0,win=   5,total=28) (win 2.6% | avg 0.1% budget)
  frame.render.world.effects       win=  0.401ms avg=  0.401ms p95=  0.482ms max=  2.075ms calls(last=  1,win= 120,total=5147) (win 2.4% | avg 2.4% budget)
  enemy.physics.frontal_collisions win=  0.244ms avg=  0.262ms p95=  0.473ms max=  0.767ms calls(last=  1,win= 129,total=2308) (win 1.5% | avg 1.6% budget)
  enemy.physics.frontal_grid_build win=  0.176ms avg=  0.189ms p95=  0.342ms max=  0.616ms calls(last=  1,win= 129,total=2308) (win 1.1% | avg 1.1% budget)
  enemy.ai.movement                win=  0.109ms avg=  0.467ms p95=  0.851ms max=  1.752ms calls(last=  4,win= 515,total=9055) (win 0.7% | avg 2.8% budget)
  enemy.ai.decision                win=  0.072ms avg=  0.308ms p95=  0.550ms max= 11.341ms calls(last=  4,win= 515,total=9055) (win 0.4% | avg 1.8% budget)
  enemy.physics.frontal_pair_traverse win=  0.041ms avg=  0.045ms p95=  0.081ms max=  0.186ms calls(last=  1,win= 129,total=2308) (win 0.2% | avg 0.3% budget)
  system.spawner_update            win=  0.041ms avg=  0.044ms p95=  0.078ms max=  0.372ms calls(last=  1,win= 129,total=5451) (win 0.2% | avg 0.3% budget)
  enemy.type.torpedo               win=  0.041ms avg=  0.918ms p95=  1.646ms max=  1.825ms calls(last= 21,win=2709,total=102642) (win 0.2% | avg 5.5% budget)
  enemy.cheap.segment_build        win=  0.028ms avg=  0.204ms p95=  0.352ms max=  0.597ms calls(last=  7,win= 874,total=17084) (win 0.2% | avg 1.2% budget)
  frame.input_poll                 win=  0.027ms avg=  0.027ms p95=  0.028ms max=  0.227ms calls(last=  1,win= 120,total=5520) (win 0.2% | avg 0.2% budget)
  system.player_update             win=  0.026ms avg=  0.028ms p95=  0.049ms max=  0.142ms calls(last=  1,win= 129,total=5331) (win 0.2% | avg 0.2% budget)
  system.physics_collision         win=  0.026ms avg=  0.028ms p95=  0.049ms max=  0.295ms calls(last=  1,win= 129,total=5451) (win 0.2% | avg 0.2% budget)
[ENEMY_STATS] frame=5520 alive=72 visible=3 full=4 cheap=68 fullInBase=0 pairs(frontal=0 checks=0 separation=0 resolved=0)
[ENEMY_WINDOW] steps=129 alive[min=72 max=72] visible[min=2 max=3] full[min=3 max=4] collisionPasses[runs=129 skips=0]
[ENEMY_SEGMENTS] window=2.150s D{b/s=2.79 avgLen=4.82 fail=0} T{b/s=5.12 avgLen=5.71 fail=0} H{b/s=10.23 avgLen=5.76 fail=441} A{b/s=3.26 avgLen=4.52 fail=387}
[ENEMY_GRID] frontal{cand/s=239.5 xcell/s=1.9 ins/s=241.4} separation{cand/s=239.5}
[ENEMY_COLLISION_WINDOW] frontal{pairs/s=0.0 checks/s=0.0 baseSkip=0 kill=0(0.0%)} separation{pairs/s=0.0 resolved/s=0.0(0.0%) baseSkip=0 kill=0 wallBlock=0}
[ENEMY_NAV_CACHE] playerCell{changes=2 flowRebuilds=2} flow{hit=0 miss=0 hit%=0.0} pathFallback{calls=0 ok=0 ok%=0.0}
[ENEMY_SAP] updates=9288 active=515 pairs=0 repairs{x=6 y=14}
[ENEMY_PAIR_TYPES] frontal DD=0 DT=0 DH=0 DA=0 TT=0 TH=0 TA=0 HH=0 HA=0 AA=0 separation DD=0 DT=0 DH=0 DA=0 TT=0 TH=0 TA=0 HH=0 HA=0 AA=0
[TORPEDO_HEADING] eval/s=2.33 retreat/s=0.00 pick[straight=20.0% left=40.0% right=40.0%] clear[best=15.00 chosen=15.00]

[PROFILE] frame=5640 budget=16.667ms alloc(+111/-111, +204568b/-204568b, live=233672b peak=436896b)
  frame.total                      win= 17.802ms avg= 17.802ms p95= 22.184ms max= 82.653ms calls(last=  1,win= 120,total=5640) (win 106.8% | avg 106.8% budget)
  frame.render                     win= 11.768ms avg= 11.768ms p95= 12.588ms max= 82.616ms calls(last=  1,win= 120,total=5640) (win 70.6% | avg 70.6% budget)
  frame.present                    win= 11.761ms avg= 11.761ms p95= 12.581ms max= 82.609ms calls(last=  1,win= 120,total=5640) (win 70.6% | avg 70.6% budget)
  frame.fixed_step                 win=  5.576ms avg=  5.994ms p95= 10.725ms max= 26.026ms calls(last=  1,win= 129,total=5962) (win 33.5% | avg 36.0% budget)
  frame.render.world               win=  4.810ms avg=  9.621ms p95= 10.051ms max= 19.801ms calls(last=  2,win= 240,total=10534) (win 28.9% | avg 57.7% budget)
  game.update                      win=  3.603ms avg=  3.873ms p95=  6.843ms max= 22.172ms calls(last=  1,win= 129,total=5580) (win 21.6% | avg 23.2% budget)
  system.ai_update                 win=  3.464ms avg=  3.724ms p95=  6.534ms max= 21.868ms calls(last=  1,win= 129,total=5580) (win 20.8% | avg 22.3% budget)
  enemy.update                     win=  3.458ms avg=  3.717ms p95=  6.524ms max= 21.856ms calls(last=  1,win= 129,total=5580) (win 20.7% | avg 22.3% budget)
  frame.render.overlay             win=  3.098ms avg=  3.098ms p95=  3.777ms max=  7.794ms calls(last=  1,win= 120,total=5267) (win 18.6% | avg 18.6% budget)
  frame.render.world.enemies       win=  1.224ms avg=  1.224ms p95=  1.338ms max=  3.582ms calls(last=  1,win= 120,total=5267) (win 7.3% | avg 7.3% budget)
  frame.render.world.maze          win=  0.969ms avg=  0.969ms p95=  1.026ms max=  2.415ms calls(last=  1,win= 120,total=5267) (win 5.8% | avg 5.8% budget)
  enemy.torpedo.select_heading     win=  0.411ms avg=  0.010ms p95=  0.000ms max=  0.683ms calls(last=  0,win=   3,total=31) (win 2.5% | avg 0.1% budget)
  frame.render.world.effects       win=  0.400ms avg=  0.400ms p95=  0.486ms max=  2.075ms calls(last=  1,win= 120,total=5267) (win 2.4% | avg 2.4% budget)
  enemy.physics.frontal_collisions win=  0.247ms avg=  0.266ms p95=  0.477ms max=  0.767ms calls(last=  1,win= 129,total=2437) (win 1.5% | avg 1.6% budget)
  enemy.physics.frontal_grid_build win=  0.177ms avg=  0.190ms p95=  0.344ms max=  0.616ms calls(last=  1,win= 129,total=2437) (win 1.1% | avg 1.1% budget)
  enemy.ai.movement                win=  0.109ms avg=  0.468ms p95=  0.852ms max=  1.752ms calls(last=  4,win= 516,total=9571) (win 0.7% | avg 2.8% budget)
  enemy.ai.decision                win=  0.069ms avg=  0.298ms p95=  0.541ms max= 11.341ms calls(last=  4,win= 516,total=9571) (win 0.4% | avg 1.8% budget)
  enemy.physics.frontal_pair_traverse win=  0.042ms avg=  0.045ms p95=  0.081ms max=  0.186ms calls(last=  1,win= 129,total=2437) (win 0.3% | avg 0.3% budget)
  system.spawner_update            win=  0.041ms avg=  0.044ms p95=  0.079ms max=  0.372ms calls(last=  1,win= 129,total=5580) (win 0.2% | avg 0.3% budget)
  enemy.type.torpedo               win=  0.040ms avg=  0.910ms p95=  1.644ms max=  1.978ms calls(last= 21,win=2709,total=105351) (win 0.2% | avg 5.5% budget)
  enemy.cheap.segment_build        win=  0.027ms avg=  0.215ms p95=  0.367ms max=  0.597ms calls(last=  7,win= 945,total=18029) (win 0.2% | avg 1.3% budget)
  frame.input_poll                 win=  0.027ms avg=  0.027ms p95=  0.028ms max=  0.227ms calls(last=  1,win= 120,total=5640) (win 0.2% | avg 0.2% budget)
  system.physics_collision         win=  0.027ms avg=  0.029ms p95=  0.051ms max=  0.295ms calls(last=  1,win= 129,total=5580) (win 0.2% | avg 0.2% budget)
  system.player_update             win=  0.026ms avg=  0.028ms p95=  0.050ms max=  0.142ms calls(last=  1,win= 129,total=5460) (win 0.2% | avg 0.2% budget)
[ENEMY_STATS] frame=5640 alive=72 visible=3 full=4 cheap=68 fullInBase=0 pairs(frontal=0 checks=0 separation=0 resolved=0)
[ENEMY_WINDOW] steps=129 alive[min=72 max=72] visible[min=3 max=3] full[min=4 max=4] collisionPasses[runs=129 skips=0]
[ENEMY_SEGMENTS] window=2.150s D{b/s=1.40 avgLen=5.29 fail=0} T{b/s=5.12 avgLen=7.10 fail=0} H{b/s=11.16 avgLen=5.41 fail=516} A{b/s=1.86 avgLen=5.21 fail=387}
[ENEMY_GRID] frontal{cand/s=240.0 xcell/s=1.4 ins/s=241.4} separation{cand/s=240.0}
[ENEMY_COLLISION_WINDOW] frontal{pairs/s=0.0 checks/s=0.0 baseSkip=0 kill=0(0.0%)} separation{pairs/s=0.0 resolved/s=0.0(0.0%) baseSkip=0 kill=0 wallBlock=0}
[ENEMY_NAV_CACHE] playerCell{changes=2 flowRebuilds=2} flow{hit=0 miss=0 hit%=0.0} pathFallback{calls=0 ok=0 ok%=0.0}
[ENEMY_SAP] updates=9288 active=516 pairs=0 repairs{x=0 y=1}
[ENEMY_PAIR_TYPES] frontal DD=0 DT=0 DH=0 DA=0 TT=0 TH=0 TA=0 HH=0 HA=0 AA=0 separation DD=0 DT=0 DH=0 DA=0 TT=0 TH=0 TA=0 HH=0 HA=0 AA=0
[TORPEDO_HEADING] eval/s=1.40 retreat/s=0.00 pick[straight=33.3% left=33.3% right=33.3%] clear[best=15.00 chosen=15.00]

[PROFILE] frame=5760 budget=16.667ms alloc(+113/-113, +204632b/-204632b, live=233672b peak=436896b)
  frame.total                      win= 17.886ms avg= 17.886ms p95= 21.948ms max= 82.653ms calls(last=  1,win= 120,total=5760) (win 107.3% | avg 107.3% budget)
  frame.render                     win= 11.757ms avg= 11.757ms p95= 12.498ms max= 82.616ms calls(last=  1,win= 120,total=5760) (win 70.5% | avg 70.5% budget)
  frame.present                    win= 11.750ms avg= 11.750ms p95= 12.491ms max= 82.609ms calls(last=  1,win= 120,total=5760) (win 70.5% | avg 70.5% budget)
  frame.fixed_step                 win=  5.664ms avg=  6.089ms p95= 10.717ms max= 26.026ms calls(last=  1,win= 129,total=6091) (win 34.0% | avg 36.5% budget)
  frame.render.world               win=  4.680ms avg=  9.360ms p95=  9.799ms max= 19.801ms calls(last=  2,win= 240,total=10774) (win 28.1% | avg 56.2% budget)
  game.update                      win=  3.688ms avg=  3.965ms p95=  6.882ms max= 22.172ms calls(last=  1,win= 129,total=5709) (win 22.1% | avg 23.8% budget)
  system.ai_update                 win=  3.550ms avg=  3.816ms p95=  6.619ms max= 21.868ms calls(last=  1,win= 129,total=5709) (win 21.3% | avg 22.9% budget)
  enemy.update                     win=  3.543ms avg=  3.809ms p95=  6.609ms max= 21.856ms calls(last=  1,win= 129,total=5709) (win 21.3% | avg 22.9% budget)
  frame.render.overlay             win=  3.123ms avg=  3.123ms p95=  3.814ms max=  7.794ms calls(last=  1,win= 120,total=5387) (win 18.7% | avg 18.7% budget)
  frame.render.world.enemies       win=  1.216ms avg=  1.216ms p95=  1.316ms max=  3.582ms calls(last=  1,win= 120,total=5387) (win 7.3% | avg 7.3% budget)
  frame.render.world.maze          win=  0.845ms avg=  0.845ms p95=  0.935ms max=  2.415ms calls(last=  1,win= 120,total=5387) (win 5.1% | avg 5.1% budget)
  enemy.torpedo.select_heading     win=  0.401ms avg=  0.010ms p95=  0.000ms max=  0.683ms calls(last=  0,win=   3,total=34) (win 2.4% | avg 0.1% budget)
  frame.render.world.effects       win=  0.392ms avg=  0.392ms p95=  0.469ms max=  2.075ms calls(last=  1,win= 120,total=5387) (win 2.4% | avg 2.4% budget)
  enemy.physics.frontal_collisions win=  0.250ms avg=  0.268ms p95=  0.481ms max=  0.767ms calls(last=  1,win= 129,total=2566) (win 1.5% | avg 1.6% budget)
  enemy.physics.frontal_grid_build win=  0.180ms avg=  0.194ms p95=  0.346ms max=  0.616ms calls(last=  1,win= 129,total=2566) (win 1.1% | avg 1.2% budget)
  enemy.ai.movement                win=  0.113ms avg=  0.425ms p95=  0.693ms max=  1.752ms calls(last=  3,win= 453,total=10024) (win 0.7% | avg 2.6% budget)
  enemy.ai.decision                win=  0.081ms avg=  0.304ms p95=  0.560ms max= 11.341ms calls(last=  3,win= 453,total=10024) (win 0.5% | avg 1.8% budget)
  enemy.physics.frontal_pair_traverse win=  0.043ms avg=  0.046ms p95=  0.082ms max=  0.186ms calls(last=  1,win= 129,total=2566) (win 0.3% | avg 0.3% budget)
  system.spawner_update            win=  0.041ms avg=  0.044ms p95=  0.079ms max=  0.372ms calls(last=  1,win= 129,total=5709) (win 0.2% | avg 0.3% budget)
  enemy.type.torpedo               win=  0.039ms avg=  0.870ms p95=  1.479ms max=  1.978ms calls(last= 21,win=2709,total=108060) (win 0.2% | avg 5.2% budget)
  enemy.cheap.segment_build        win=  0.028ms avg=  0.224ms p95=  0.375ms max=  0.597ms calls(last=  7,win= 953,total=18982) (win 0.2% | avg 1.3% budget)
  frame.input_poll                 win=  0.027ms avg=  0.027ms p95=  0.028ms max=  0.227ms calls(last=  1,win= 120,total=5760) (win 0.2% | avg 0.2% budget)
  system.player_update             win=  0.027ms avg=  0.029ms p95=  0.052ms max=  0.142ms calls(last=  1,win= 129,total=5589) (win 0.2% | avg 0.2% budget)
  system.physics_collision         win=  0.027ms avg=  0.029ms p95=  0.051ms max=  0.295ms calls(last=  1,win= 129,total=5709) (win 0.2% | avg 0.2% budget)
[ENEMY_STATS] frame=5760 alive=72 visible=2 full=3 cheap=69 fullInBase=0 pairs(frontal=0 checks=0 separation=0 resolved=0)
[ENEMY_WINDOW] steps=129 alive[min=72 max=72] visible[min=2 max=3] full[min=3 max=4] collisionPasses[runs=129 skips=0]
[ENEMY_SEGMENTS] window=2.150s D{b/s=4.65 avgLen=4.90 fail=0} T{b/s=5.12 avgLen=5.91 fail=0} H{b/s=10.70 avgLen=4.70 fail=516} A{b/s=2.79 avgLen=5.29 fail=387}
[ENEMY_GRID] frontal{cand/s=210.2 xcell/s=1.4 ins/s=211.6} separation{cand/s=210.2}
[ENEMY_COLLISION_WINDOW] frontal{pairs/s=0.0 checks/s=0.0 baseSkip=0 kill=0(0.0%)} separation{pairs/s=0.0 resolved/s=0.0(0.0%) baseSkip=0 kill=0 wallBlock=0}
[ENEMY_NAV_CACHE] playerCell{changes=3 flowRebuilds=3} flow{hit=0 miss=0 hit%=0.0} pathFallback{calls=0 ok=0 ok%=0.0}
[ENEMY_SAP] updates=9288 active=452 pairs=0 repairs{x=3 y=1}
[ENEMY_PAIR_TYPES] frontal DD=0 DT=0 DH=0 DA=0 TT=0 TH=0 TA=0 HH=0 HA=0 AA=0 separation DD=0 DT=0 DH=0 DA=0 TT=0 TH=0 TA=0 HH=0 HA=0 AA=0
[TORPEDO_HEADING] eval/s=1.40 retreat/s=0.00 pick[straight=0.0% left=100.0% right=0.0%] clear[best=15.00 chosen=15.00]

[PROFILE] frame=5880 budget=16.667ms alloc(+111/-111, +204584b/-204584b, live=233672b peak=436896b)
  frame.total                      win= 17.903ms avg= 17.903ms p95= 22.606ms max= 82.653ms calls(last=  1,win= 120,total=5880) (win 107.4% | avg 107.4% budget)
  frame.render                     win= 11.717ms avg= 11.717ms p95= 12.441ms max= 82.616ms calls(last=  1,win= 120,total=5880) (win 70.3% | avg 70.3% budget)
  frame.present                    win= 11.710ms avg= 11.710ms p95= 12.435ms max= 82.609ms calls(last=  1,win= 120,total=5880) (win 70.3% | avg 70.3% budget)
  enemy.pathfinding.far_target     win=  7.589ms avg=  0.063ms p95=  0.000ms max= 11.024ms calls(last=  0,win=   1,total=18) (win 45.5% | avg 0.4% budget)
  enemy.pathfinding.total          win=  7.570ms avg=  0.063ms p95=  0.000ms max= 10.983ms calls(last=  0,win=   1,total=18) (win 45.4% | avg 0.4% budget)
  enemy.pathfinding.search         win=  7.153ms avg=  0.060ms p95=  0.000ms max= 10.147ms calls(last=  0,win=   1,total=18) (win 42.9% | avg 0.4% budget)
  frame.fixed_step                 win=  5.674ms avg=  6.147ms p95= 10.712ms max= 26.026ms calls(last=  1,win= 130,total=6221) (win 34.0% | avg 36.9% budget)
  frame.render.world               win=  4.586ms avg=  9.173ms p95=  9.604ms max= 19.801ms calls(last=  2,win= 240,total=11014) (win 27.5% | avg 55.0% budget)
  game.update                      win=  3.684ms avg=  3.991ms p95=  6.695ms max= 22.172ms calls(last=  1,win= 130,total=5839) (win 22.1% | avg 23.9% budget)
  system.ai_update                 win=  3.546ms avg=  3.841ms p95=  6.440ms max= 21.868ms calls(last=  1,win= 130,total=5839) (win 21.3% | avg 23.0% budget)
  enemy.update                     win=  3.539ms avg=  3.834ms p95=  6.430ms max= 21.856ms calls(last=  1,win= 130,total=5839) (win 21.2% | avg 23.0% budget)
  frame.render.overlay             win=  3.129ms avg=  3.129ms p95=  3.830ms max=  7.794ms calls(last=  1,win= 120,total=5507) (win 18.8% | avg 18.8% budget)
  frame.render.world.enemies       win=  1.192ms avg=  1.192ms p95=  1.260ms max=  3.582ms calls(last=  1,win= 120,total=5507) (win 7.2% | avg 7.2% budget)
  frame.render.world.maze          win=  0.749ms avg=  0.749ms p95=  0.846ms max=  2.415ms calls(last=  1,win= 120,total=5507) (win 4.5% | avg 4.5% budget)
  frame.render.world.effects       win=  0.396ms avg=  0.396ms p95=  0.479ms max=  2.075ms calls(last=  1,win= 120,total=5507) (win 2.4% | avg 2.4% budget)
  enemy.torpedo.select_heading     win=  0.312ms avg=  0.003ms p95=  0.000ms max=  0.683ms calls(last=  0,win=   1,total=35) (win 1.9% | avg 0.0% budget)
  enemy.physics.frontal_collisions win=  0.250ms avg=  0.270ms p95=  0.471ms max=  0.767ms calls(last=  1,win= 130,total=2696) (win 1.5% | avg 1.6% budget)
  enemy.physics.frontal_grid_build win=  0.182ms avg=  0.197ms p95=  0.341ms max=  0.616ms calls(last=  1,win= 130,total=2696) (win 1.1% | avg 1.2% budget)
  enemy.ai.movement                win=  0.110ms avg=  0.439ms p95=  0.848ms max=  1.752ms calls(last=  4,win= 480,total=10504) (win 0.7% | avg 2.6% budget)
  enemy.ai.decision                win=  0.083ms avg=  0.331ms p95=  0.479ms max= 11.341ms calls(last=  4,win= 480,total=10504) (win 0.5% | avg 2.0% budget)
  enemy.pathfinding.postprocess    win=  0.069ms avg=  0.001ms p95=  0.000ms max=  0.120ms calls(last=  0,win=   1,total=18) (win 0.4% | avg 0.0% budget)
  enemy.pathfinding.occupancy      win=  0.066ms avg=  0.001ms p95=  0.000ms max=  0.150ms calls(last=  0,win=   1,total=18) (win 0.4% | avg 0.0% budget)
  enemy.physics.frontal_pair_traverse win=  0.042ms avg=  0.046ms p95=  0.081ms max=  0.186ms calls(last=  1,win= 130,total=2696) (win 0.3% | avg 0.3% budget)
  system.spawner_update            win=  0.041ms avg=  0.044ms p95=  0.077ms max=  0.372ms calls(last=  1,win= 130,total=5839) (win 0.2% | avg 0.3% budget)
[ENEMY_STATS] frame=5880 alive=72 visible=2 full=4 cheap=68 fullInBase=0 pairs(frontal=0 checks=0 separation=0 resolved=0)
[ENEMY_WINDOW] steps=130 alive[min=72 max=72] visible[min=2 max=2] full[min=3 max=4] collisionPasses[runs=130 skips=0]
[ENEMY_SEGMENTS] window=2.167s D{b/s=3.69 avgLen=4.87 fail=0} T{b/s=6.92 avgLen=5.95 fail=0} H{b/s=10.15 avgLen=5.26 fail=520} A{b/s=1.85 avgLen=4.88 fail=299}
[ENEMY_GRID] frontal{cand/s=222.0 xcell/s=1.8 ins/s=223.8} separation{cand/s=222.0}
[ENEMY_COLLISION_WINDOW] frontal{pairs/s=0.0 checks/s=0.0 baseSkip=0 kill=0(0.0%)} separation{pairs/s=0.0 resolved/s=0.0(0.0%) baseSkip=0 kill=0 wallBlock=0}
[ENEMY_NAV_CACHE] playerCell{changes=3 flowRebuilds=3} flow{hit=0 miss=0 hit%=0.0} pathFallback{calls=1 ok=1 ok%=100.0}
[ENEMY_SAP] updates=9360 active=481 pairs=0 repairs{x=63 y=63}
[ENEMY_PAIR_TYPES] frontal DD=0 DT=0 DH=0 DA=0 TT=0 TH=0 TA=0 HH=0 HA=0 AA=0 separation DD=0 DT=0 DH=0 DA=0 TT=0 TH=0 TA=0 HH=0 HA=0 AA=0
[TORPEDO_HEADING] eval/s=0.46 retreat/s=0.00 pick[straight=0.0% left=0.0% right=100.0%] clear[best=15.00 chosen=15.00]

[PROFILE] frame=6000 budget=16.667ms alloc(+220/-220, +409152b/-409152b, live=233672b peak=436896b)
  frame.total                      win= 17.967ms avg= 17.967ms p95= 22.197ms max= 82.653ms calls(last=  1,win= 120,total=6000) (win 107.8% | avg 107.8% budget)
  frame.render                     win= 11.868ms avg= 11.868ms p95= 12.698ms max= 82.616ms calls(last=  1,win= 120,total=6000) (win 71.2% | avg 71.2% budget)
  frame.present                    win= 11.861ms avg= 11.861ms p95= 12.690ms max= 82.609ms calls(last=  1,win= 120,total=6000) (win 71.2% | avg 71.2% budget)
  frame.fixed_step                 win=  5.591ms avg=  6.057ms p95= 10.514ms max= 26.026ms calls(last=  2,win= 130,total=6351) (win 33.5% | avg 36.3% budget)
  frame.render.world               win=  4.710ms avg=  9.419ms p95= 10.279ms max= 19.801ms calls(last=  2,win= 240,total=11254) (win 28.3% | avg 56.5% budget)
  enemy.pathfinding.far_target     win=  4.383ms avg=  0.037ms p95=  0.000ms max= 11.024ms calls(last=  0,win=   1,total=19) (win 26.3% | avg 0.2% budget)
  enemy.pathfinding.total          win=  4.372ms avg=  0.036ms p95=  0.000ms max= 10.983ms calls(last=  0,win=   1,total=19) (win 26.2% | avg 0.2% budget)
  enemy.pathfinding.search         win=  3.923ms avg=  0.033ms p95=  0.000ms max= 10.147ms calls(last=  0,win=   1,total=19) (win 23.5% | avg 0.2% budget)
  game.update                      win=  3.588ms avg=  3.887ms p95=  6.564ms max= 22.172ms calls(last=  2,win= 130,total=5969) (win 21.5% | avg 23.3% budget)
  system.ai_update                 win=  3.443ms avg=  3.730ms p95=  6.292ms max= 21.868ms calls(last=  2,win= 130,total=5969) (win 20.7% | avg 22.4% budget)
  enemy.update                     win=  3.438ms avg=  3.725ms p95=  6.280ms max= 21.856ms calls(last=  2,win= 130,total=5969) (win 20.6% | avg 22.3% budget)
  frame.render.overlay             win=  3.163ms avg=  3.163ms p95=  3.920ms max=  8.298ms calls(last=  1,win= 120,total=5627) (win 19.0% | avg 19.0% budget)
  frame.render.world.enemies       win=  1.181ms avg=  1.181ms p95=  1.283ms max=  3.582ms calls(last=  1,win= 120,total=5627) (win 7.1% | avg 7.1% budget)
  frame.render.world.maze          win=  0.818ms avg=  0.818ms p95=  0.907ms max=  2.415ms calls(last=  1,win= 120,total=5627) (win 4.9% | avg 4.9% budget)
  frame.render.world.effects       win=  0.501ms avg=  0.501ms p95=  0.939ms max=  2.075ms calls(last=  1,win= 120,total=5627) (win 3.0% | avg 3.0% budget)
  enemy.torpedo.select_heading     win=  0.383ms avg=  0.010ms p95=  0.000ms max=  0.683ms calls(last=  0,win=   3,total=38) (win 2.3% | avg 0.1% budget)
  enemy.physics.frontal_collisions win=  0.245ms avg=  0.266ms p95=  0.473ms max=  0.767ms calls(last=  2,win= 130,total=2826) (win 1.5% | avg 1.6% budget)
  enemy.physics.frontal_grid_build win=  0.177ms avg=  0.192ms p95=  0.342ms max=  0.616ms calls(last=  2,win= 130,total=2826) (win 1.1% | avg 1.2% budget)
  enemy.ai.movement                win=  0.111ms avg=  0.396ms p95=  0.663ms max=  1.752ms calls(last=  6,win= 430,total=10934) (win 0.7% | avg 2.4% budget)
  enemy.ai.decision                win=  0.076ms avg=  0.274ms p95=  0.444ms max= 11.341ms calls(last=  6,win= 430,total=10934) (win 0.5% | avg 1.6% budget)
  enemy.pathfinding.occupancy      win=  0.067ms avg=  0.001ms p95=  0.000ms max=  0.150ms calls(last=  0,win=   1,total=19) (win 0.4% | avg 0.0% budget)
  enemy.pathfinding.postprocess    win=  0.050ms avg=  0.000ms p95=  0.000ms max=  0.120ms calls(last=  0,win=   1,total=19) (win 0.3% | avg 0.0% budget)
  enemy.physics.frontal_pair_traverse win=  0.043ms avg=  0.046ms p95=  0.082ms max=  0.186ms calls(last=  2,win= 130,total=2826) (win 0.3% | avg 0.3% budget)
  system.spawner_update            win=  0.042ms avg=  0.045ms p95=  0.078ms max=  0.372ms calls(last=  2,win= 130,total=5969) (win 0.2% | avg 0.3% budget)
[ENEMY_STATS] frame=6000 alive=72 visible=1 full=3 cheap=69 fullInBase=0 pairs(frontal=0 checks=0 separation=0 resolved=0)
[ENEMY_WINDOW] steps=130 alive[min=72 max=72] visible[min=0 max=2] full[min=3 max=4] collisionPasses[runs=130 skips=0]
[ENEMY_SEGMENTS] window=2.167s D{b/s=3.23 avgLen=2.94 fail=0} T{b/s=6.46 avgLen=6.23 fail=0} H{b/s=13.85 avgLen=4.85 fail=520} A{b/s=3.23 avgLen=5.41 fail=260}
[ENEMY_GRID] frontal{cand/s=198.0 xcell/s=0.5 ins/s=198.5} separation{cand/s=198.0}
[ENEMY_COLLISION_WINDOW] frontal{pairs/s=0.0 checks/s=0.0 baseSkip=0 kill=0(0.0%)} separation{pairs/s=0.0 resolved/s=0.0(0.0%) baseSkip=0 kill=0 wallBlock=0}
[ENEMY_NAV_CACHE] playerCell{changes=3 flowRebuilds=3} flow{hit=0 miss=0 hit%=0.0} pathFallback{calls=1 ok=1 ok%=100.0}
[ENEMY_SAP] updates=9360 active=429 pairs=0 repairs{x=0 y=3}
[ENEMY_PAIR_TYPES] frontal DD=0 DT=0 DH=0 DA=0 TT=0 TH=0 TA=0 HH=0 HA=0 AA=0 separation DD=0 DT=0 DH=0 DA=0 TT=0 TH=0 TA=0 HH=0 HA=0 AA=0
[TORPEDO_HEADING] eval/s=1.38 retreat/s=0.00 pick[straight=33.3% left=66.7% right=0.0%] clear[best=13.03 chosen=13.03]

[PROFILE] frame=6120 budget=16.667ms alloc(+108/-108, +204512b/-204512b, live=233672b peak=436896b)
  frame.total                      win= 18.004ms avg= 18.004ms p95= 22.231ms max= 82.653ms calls(last=  1,win= 120,total=6120) (win 108.0% | avg 108.0% budget)
  frame.render                     win= 11.961ms avg= 11.961ms p95= 12.789ms max= 82.616ms calls(last=  1,win= 120,total=6120) (win 71.8% | avg 71.8% budget)
  frame.present                    win= 11.953ms avg= 11.953ms p95= 12.781ms max= 82.609ms calls(last=  1,win= 120,total=6120) (win 71.7% | avg 71.7% budget)
  frame.fixed_step                 win=  5.540ms avg=  6.002ms p95= 10.387ms max= 26.026ms calls(last=  1,win= 130,total=6481) (win 33.2% | avg 36.0% budget)
  frame.render.world               win=  4.927ms avg=  9.854ms p95= 10.590ms max= 19.801ms calls(last=  2,win= 240,total=11494) (win 29.6% | avg 59.1% budget)
  game.update                      win=  3.538ms avg=  3.833ms p95=  6.463ms max= 22.172ms calls(last=  1,win= 130,total=6099) (win 21.2% | avg 23.0% budget)
  system.ai_update                 win=  3.383ms avg=  3.665ms p95=  6.164ms max= 21.868ms calls(last=  1,win= 130,total=6099) (win 20.3% | avg 22.0% budget)
  enemy.update                     win=  3.378ms avg=  3.659ms p95=  6.152ms max= 21.856ms calls(last=  1,win= 130,total=6099) (win 20.3% | avg 22.0% budget)
  frame.render.overlay             win=  3.114ms avg=  3.114ms p95=  3.767ms max=  8.298ms calls(last=  1,win= 120,total=5747) (win 18.7% | avg 18.7% budget)
  frame.render.world.enemies       win=  1.174ms avg=  1.174ms p95=  1.308ms max=  3.582ms calls(last=  1,win= 120,total=5747) (win 7.0% | avg 7.0% budget)
  frame.render.world.effects       win=  0.822ms avg=  0.822ms p95=  1.149ms max=  2.075ms calls(last=  1,win= 120,total=5747) (win 4.9% | avg 4.9% budget)
  frame.render.world.maze          win=  0.766ms avg=  0.766ms p95=  0.932ms max=  2.415ms calls(last=  1,win= 120,total=5747) (win 4.6% | avg 4.6% budget)
  enemy.torpedo.select_heading     win=  0.311ms avg=  0.003ms p95=  0.000ms max=  0.683ms calls(last=  0,win=   1,total=39) (win 1.9% | avg 0.0% budget)
  enemy.physics.frontal_collisions win=  0.248ms avg=  0.268ms p95=  0.466ms max=  0.767ms calls(last=  1,win= 130,total=2956) (win 1.5% | avg 1.6% budget)
  enemy.physics.frontal_grid_build win=  0.178ms avg=  0.193ms p95=  0.338ms max=  0.616ms calls(last=  1,win= 130,total=2956) (win 1.1% | avg 1.2% budget)
  enemy.ai.movement                win=  0.111ms avg=  0.399ms p95=  0.642ms max=  1.752ms calls(last=  4,win= 430,total=11364) (win 0.7% | avg 2.4% budget)
  enemy.ai.decision                win=  0.061ms avg=  0.218ms p95=  0.359ms max= 11.341ms calls(last=  4,win= 430,total=11364) (win 0.4% | avg 1.3% budget)
  system.physics_collision         win=  0.043ms avg=  0.046ms p95=  0.082ms max=  0.295ms calls(last=  1,win= 130,total=6099) (win 0.3% | avg 0.3% budget)
  enemy.physics.frontal_pair_traverse win=  0.042ms avg=  0.046ms p95=  0.078ms max=  0.186ms calls(last=  1,win= 130,total=2956) (win 0.3% | avg 0.3% budget)
  system.spawner_update            win=  0.040ms avg=  0.044ms p95=  0.077ms max=  0.372ms calls(last=  1,win= 130,total=6099) (win 0.2% | avg 0.3% budget)
  enemy.cheap.segment_build        win=  0.029ms avg=  0.189ms p95=  0.304ms max=  0.597ms calls(last=  5,win= 791,total=21479) (win 0.2% | avg 1.1% budget)
  frame.input_poll                 win=  0.027ms avg=  0.027ms p95=  0.028ms max=  0.227ms calls(last=  1,win= 120,total=6120) (win 0.2% | avg 0.2% budget)
  system.player_update             win=  0.027ms avg=  0.029ms p95=  0.049ms max=  0.142ms calls(last=  1,win= 130,total=5979) (win 0.2% | avg 0.2% budget)
  enemy.type.torpedo               win=  0.024ms avg=  0.557ms p95=  0.952ms max=  1.978ms calls(last= 21,win=2730,total=116250) (win 0.1% | avg 3.3% budget)
[ENEMY_STATS] frame=6120 alive=72 visible=1 full=4 cheap=68 fullInBase=0 pairs(frontal=0 checks=0 separation=0 resolved=0)
[ENEMY_WINDOW] steps=130 alive[min=72 max=72] visible[min=1 max=1] full[min=3 max=4] collisionPasses[runs=130 skips=0]
[ENEMY_SEGMENTS] window=2.167s D{b/s=5.08 avgLen=6.12 fail=0} T{b/s=6.46 avgLen=7.25 fail=0} H{b/s=10.15 avgLen=4.32 fail=479} A{b/s=1.38 avgLen=4.27 fail=260}
[ENEMY_GRID] frontal{cand/s=198.9 xcell/s=1.8 ins/s=200.8} separation{cand/s=198.9}
[ENEMY_COLLISION_WINDOW] frontal{pairs/s=0.0 checks/s=0.0 baseSkip=0 kill=0(0.0%)} separation{pairs/s=0.0 resolved/s=0.0(0.0%) baseSkip=0 kill=0 wallBlock=0}
[ENEMY_NAV_CACHE] playerCell{changes=3 flowRebuilds=3} flow{hit=0 miss=0 hit%=0.0} pathFallback{calls=0 ok=0 ok%=0.0}
[ENEMY_SAP] updates=9360 active=431 pairs=0 repairs{x=34 y=32}
[ENEMY_PAIR_TYPES] frontal DD=0 DT=0 DH=0 DA=0 TT=0 TH=0 TA=0 HH=0 HA=0 AA=0 separation DD=0 DT=0 DH=0 DA=0 TT=0 TH=0 TA=0 HH=0 HA=0 AA=0
[TORPEDO_HEADING] eval/s=0.46 retreat/s=0.00 pick[straight=0.0% left=100.0% right=0.0%] clear[best=12.65 chosen=12.65]

[PROFILE] frame=6240 budget=16.667ms alloc(+114/-114, +204672b/-204672b, live=233672b peak=436896b)
  frame.total                      win= 18.776ms avg= 18.776ms p95= 23.268ms max= 82.653ms calls(last=  1,win= 120,total=6240) (win 112.7% | avg 112.7% budget)
  frame.render                     win= 11.945ms avg= 11.945ms p95= 12.776ms max= 82.616ms calls(last=  1,win= 120,total=6240) (win 71.7% | avg 71.7% budget)
  frame.present                    win= 11.938ms avg= 11.938ms p95= 12.769ms max= 82.609ms calls(last=  1,win= 120,total=6240) (win 71.6% | avg 71.6% budget)
  frame.fixed_step                 win=  5.990ms avg=  6.789ms p95= 11.354ms max= 26.026ms calls(last=  1,win= 136,total=6617) (win 35.9% | avg 40.7% budget)
  enemy.pathfinding.far_target     win=  4.974ms avg=  0.041ms p95=  0.000ms max= 11.024ms calls(last=  0,win=   1,total=20) (win 29.8% | avg 0.2% budget)
  frame.render.world               win=  4.959ms avg=  9.917ms p95= 10.537ms max= 19.801ms calls(last=  2,win= 240,total=11734) (win 29.8% | avg 59.5% budget)
  enemy.pathfinding.total          win=  4.955ms avg=  0.041ms p95=  0.000ms max= 10.983ms calls(last=  0,win=   1,total=20) (win 29.7% | avg 0.2% budget)
  enemy.pathfinding.search         win=  4.492ms avg=  0.037ms p95=  0.000ms max= 10.147ms calls(last=  0,win=   1,total=20) (win 27.0% | avg 0.2% budget)
  game.update                      win=  3.973ms avg=  4.502ms p95=  7.539ms max= 22.172ms calls(last=  1,win= 136,total=6235) (win 23.8% | avg 27.0% budget)
  system.ai_update                 win=  3.815ms avg=  4.324ms p95=  7.288ms max= 21.868ms calls(last=  1,win= 136,total=6235) (win 22.9% | avg 25.9% budget)
  enemy.update                     win=  3.809ms avg=  4.317ms p95=  7.278ms max= 21.856ms calls(last=  1,win= 136,total=6235) (win 22.9% | avg 25.9% budget)
  frame.render.overlay             win=  3.128ms avg=  3.128ms p95=  3.785ms max=  8.298ms calls(last=  1,win= 120,total=5867) (win 18.8% | avg 18.8% budget)
  frame.render.world.enemies       win=  1.216ms avg=  1.216ms p95=  1.456ms max=  3.582ms calls(last=  1,win= 120,total=5867) (win 7.3% | avg 7.3% budget)
  frame.render.world.maze          win=  0.977ms avg=  0.977ms p95=  1.103ms max=  2.415ms calls(last=  1,win= 120,total=5867) (win 5.9% | avg 5.9% budget)
  frame.render.world.effects       win=  0.589ms avg=  0.589ms p95=  1.049ms max=  2.075ms calls(last=  1,win= 120,total=5867) (win 3.5% | avg 3.5% budget)
  enemy.torpedo.select_heading     win=  0.330ms avg=  0.005ms p95=  0.000ms max=  0.683ms calls(last=  0,win=   2,total=41) (win 2.0% | avg 0.0% budget)
  enemy.physics.frontal_collisions win=  0.254ms avg=  0.288ms p95=  0.512ms max=  0.767ms calls(last=  1,win= 136,total=3092) (win 1.5% | avg 1.7% budget)
  enemy.physics.frontal_grid_build win=  0.180ms avg=  0.204ms p95=  0.345ms max=  0.616ms calls(last=  1,win= 136,total=3092) (win 1.1% | avg 1.2% budget)
  enemy.ai.movement                win=  0.099ms avg=  0.659ms p95=  1.106ms max=  1.752ms calls(last=  7,win= 796,total=12160) (win 0.6% | avg 4.0% budget)
  enemy.pathfinding.occupancy      win=  0.066ms avg=  0.001ms p95=  0.000ms max=  0.150ms calls(last=  0,win=   1,total=20) (win 0.4% | avg 0.0% budget)
  enemy.ai.decision                win=  0.057ms avg=  0.376ms p95=  0.625ms max= 11.341ms calls(last=  7,win= 796,total=12160) (win 0.3% | avg 2.3% budget)
  enemy.pathfinding.postprocess    win=  0.049ms avg=  0.000ms p95=  0.000ms max=  0.120ms calls(last=  0,win=   1,total=20) (win 0.3% | avg 0.0% budget)
  enemy.physics.frontal_pair_traverse win=  0.046ms avg=  0.052ms p95=  0.085ms max=  0.274ms calls(last=  1,win= 136,total=3092) (win 0.3% | avg 0.3% budget)
  system.physics_collision         win=  0.045ms avg=  0.051ms p95=  0.091ms max=  0.295ms calls(last=  1,win= 136,total=6235) (win 0.3% | avg 0.3% budget)
[ENEMY_STATS] frame=6240 alive=72 visible=2 full=7 cheap=65 fullInBase=0 pairs(frontal=0 checks=0 separation=0 resolved=0)
[ENEMY_WINDOW] steps=136 alive[min=72 max=72] visible[min=1 max=2] full[min=4 max=7] collisionPasses[runs=136 skips=0]
[ENEMY_SEGMENTS] window=2.267s D{b/s=3.53 avgLen=4.09 fail=0} T{b/s=5.74 avgLen=5.49 fail=0} H{b/s=10.15 avgLen=5.48 fail=408} A{b/s=2.65 avgLen=6.10 fail=272}
[ENEMY_GRID] frontal{cand/s=352.5 xcell/s=0.9 ins/s=353.4} separation{cand/s=352.5}
[ENEMY_COLLISION_WINDOW] frontal{pairs/s=0.0 checks/s=0.0 baseSkip=0 kill=0(0.0%)} separation{pairs/s=0.0 resolved/s=0.0(0.0%) baseSkip=0 kill=0 wallBlock=0}
[ENEMY_NAV_CACHE] playerCell{changes=4 flowRebuilds=4} flow{hit=0 miss=0 hit%=0.0} pathFallback{calls=1 ok=1 ok%=100.0}
[ENEMY_SAP] updates=9792 active=799 pairs=0 repairs{x=9 y=2}
[ENEMY_PAIR_TYPES] frontal DD=0 DT=0 DH=0 DA=0 TT=0 TH=0 TA=0 HH=0 HA=0 AA=0 separation DD=0 DT=0 DH=0 DA=0 TT=0 TH=0 TA=0 HH=0 HA=0 AA=0
[TORPEDO_HEADING] eval/s=0.88 retreat/s=0.00 pick[straight=100.0% left=0.0% right=0.0%] clear[best=11.41 chosen=11.41]

[PROFILE] frame=6360 budget=16.667ms alloc(+113/-113, +204648b/-204648b, live=233672b peak=436896b)
  frame.total                      win= 18.063ms avg= 18.063ms p95= 23.040ms max= 82.653ms calls(last=  1,win= 120,total=6360) (win 108.4% | avg 108.4% budget)
  frame.render                     win= 11.708ms avg= 11.708ms p95= 12.380ms max= 82.616ms calls(last=  1,win= 120,total=6360) (win 70.3% | avg 70.3% budget)
  frame.present                    win= 11.701ms avg= 11.701ms p95= 12.373ms max= 82.609ms calls(last=  1,win= 120,total=6360) (win 70.2% | avg 70.2% budget)
  frame.fixed_step                 win=  5.784ms avg=  6.314ms p95= 11.296ms max= 26.026ms calls(last=  1,win= 131,total=6748) (win 34.7% | avg 37.9% budget)
  frame.render.world               win=  4.735ms avg=  9.471ms p95= 10.033ms max= 19.801ms calls(last=  2,win= 240,total=11974) (win 28.4% | avg 56.8% budget)
  game.update                      win=  3.792ms avg=  4.139ms p95=  7.420ms max= 22.172ms calls(last=  1,win= 131,total=6366) (win 22.7% | avg 24.8% budget)
  system.ai_update                 win=  3.656ms avg=  3.991ms p95=  7.149ms max= 21.868ms calls(last=  1,win= 131,total=6366) (win 21.9% | avg 23.9% budget)
  enemy.update                     win=  3.650ms avg=  3.984ms p95=  7.137ms max= 21.856ms calls(last=  1,win= 131,total=6366) (win 21.9% | avg 23.9% budget)
  frame.render.overlay             win=  3.098ms avg=  3.098ms p95=  3.776ms max=  8.298ms calls(last=  1,win= 120,total=5987) (win 18.6% | avg 18.6% budget)
  frame.render.world.enemies       win=  1.198ms avg=  1.198ms p95=  1.292ms max=  3.582ms calls(last=  1,win= 120,total=5987) (win 7.2% | avg 7.2% budget)
  frame.render.world.maze          win=  0.905ms avg=  0.905ms p95=  1.066ms max=  2.415ms calls(last=  1,win= 120,total=5987) (win 5.4% | avg 5.4% budget)
  frame.render.world.effects       win=  0.407ms avg=  0.407ms p95=  0.506ms max=  2.075ms calls(last=  1,win= 120,total=5987) (win 2.4% | avg 2.4% budget)
  enemy.torpedo.select_heading     win=  0.297ms avg=  0.007ms p95=  0.000ms max=  0.683ms calls(last=  0,win=   3,total=44) (win 1.8% | avg 0.0% budget)
  enemy.physics.frontal_collisions win=  0.248ms avg=  0.271ms p95=  0.479ms max=  0.767ms calls(last=  1,win= 131,total=3223) (win 1.5% | avg 1.6% budget)
  enemy.physics.frontal_grid_build win=  0.177ms avg=  0.193ms p95=  0.341ms max=  0.616ms calls(last=  1,win= 131,total=3223) (win 1.1% | avg 1.2% budget)
  enemy.ai.movement                win=  0.107ms avg=  0.682ms p95=  1.123ms max=  1.752ms calls(last=  5,win= 765,total=12925) (win 0.6% | avg 4.1% budget)
  enemy.ai.decision                win=  0.048ms avg=  0.307ms p95=  0.513ms max= 11.341ms calls(last=  5,win= 765,total=12925) (win 0.3% | avg 1.8% budget)
  enemy.physics.frontal_pair_traverse win=  0.044ms avg=  0.048ms p95=  0.085ms max=  0.274ms calls(last=  1,win= 131,total=3223) (win 0.3% | avg 0.3% budget)
  system.spawner_update            win=  0.040ms avg=  0.044ms p95=  0.077ms max=  0.372ms calls(last=  1,win= 131,total=6366) (win 0.2% | avg 0.3% budget)
  enemy.type.torpedo               win=  0.032ms avg=  0.741ms p95=  1.286ms max=  1.978ms calls(last= 21,win=2751,total=121857) (win 0.2% | avg 4.4% budget)
  enemy.cheap.segment_build        win=  0.029ms avg=  0.188ms p95=  0.308ms max=  0.597ms calls(last=  6,win= 784,total=22993) (win 0.2% | avg 1.1% budget)
  frame.input_poll                 win=  0.028ms avg=  0.028ms p95=  0.028ms max=  0.227ms calls(last=  1,win= 120,total=6360) (win 0.2% | avg 0.2% budget)
  system.physics_collision         win=  0.026ms avg=  0.029ms p95=  0.049ms max=  0.295ms calls(last=  1,win= 131,total=6366) (win 0.2% | avg 0.2% budget)
  system.player_update             win=  0.026ms avg=  0.028ms p95=  0.049ms max=  0.142ms calls(last=  1,win= 131,total=6246) (win 0.2% | avg 0.2% budget)
[ENEMY_STATS] frame=6360 alive=72 visible=1 full=5 cheap=67 fullInBase=0 pairs(frontal=0 checks=0 separation=0 resolved=0)
[ENEMY_WINDOW] steps=131 alive[min=72 max=72] visible[min=1 max=3] full[min=4 max=7] collisionPasses[runs=131 skips=0]
[ENEMY_SEGMENTS] window=2.183s D{b/s=2.29 avgLen=6.28 fail=0} T{b/s=5.50 avgLen=5.67 fail=0} H{b/s=10.53 avgLen=5.01 fail=478} A{b/s=2.29 avgLen=4.37 fail=262}
[ENEMY_GRID] frontal{cand/s=349.5 xcell/s=1.8 ins/s=351.3} separation{cand/s=349.5}
[ENEMY_COLLISION_WINDOW] frontal{pairs/s=0.0 checks/s=0.0 baseSkip=0 kill=0(0.0%)} separation{pairs/s=0.0 resolved/s=0.0(0.0%) baseSkip=0 kill=0 wallBlock=0}
[ENEMY_NAV_CACHE] playerCell{changes=2 flowRebuilds=2} flow{hit=0 miss=0 hit%=0.0} pathFallback{calls=0 ok=0 ok%=0.0}
[ENEMY_SAP] updates=9432 active=763 pairs=0 repairs{x=8 y=4}
[ENEMY_PAIR_TYPES] frontal DD=0 DT=0 DH=0 DA=0 TT=0 TH=0 TA=0 HH=0 HA=0 AA=0 separation DD=0 DT=0 DH=0 DA=0 TT=0 TH=0 TA=0 HH=0 HA=0 AA=0
[TORPEDO_HEADING] eval/s=1.37 retreat/s=0.00 pick[straight=0.0% left=66.7% right=33.3%] clear[best=12.29 chosen=12.29]

[PROFILE] frame=6480 budget=16.667ms alloc(+112/-112, +204608b/-204608b, live=233672b peak=436896b)
  frame.total                      win= 18.550ms avg= 18.550ms p95= 23.504ms max= 82.653ms calls(last=  1,win= 120,total=6480) (win 111.3% | avg 111.3% budget)
  frame.render                     win= 11.959ms avg= 11.959ms p95= 12.870ms max= 82.616ms calls(last=  1,win= 120,total=6480) (win 71.8% | avg 71.8% budget)
  frame.present                    win= 11.951ms avg= 11.951ms p95= 12.863ms max= 82.609ms calls(last=  1,win= 120,total=6480) (win 71.7% | avg 71.7% budget)
  enemy.pathfinding.far_target     win=  7.126ms avg=  0.059ms p95=  0.000ms max= 11.024ms calls(last=  0,win=   1,total=21) (win 42.8% | avg 0.4% budget)
  enemy.pathfinding.total          win=  7.113ms avg=  0.059ms p95=  0.000ms max= 10.983ms calls(last=  0,win=   1,total=21) (win 42.7% | avg 0.4% budget)
  enemy.pathfinding.search         win=  6.479ms avg=  0.054ms p95=  0.000ms max= 10.147ms calls(last=  0,win=   1,total=21) (win 38.9% | avg 0.3% budget)
  frame.fixed_step                 win=  5.865ms avg=  6.550ms p95= 11.079ms max= 26.026ms calls(last=  1,win= 134,total=6882) (win 35.2% | avg 39.3% budget)
  frame.render.world               win=  4.971ms avg=  9.943ms p95= 10.805ms max= 19.801ms calls(last=  2,win= 240,total=12214) (win 29.8% | avg 59.7% budget)
  game.update                      win=  3.878ms avg=  4.331ms p95=  7.107ms max= 22.172ms calls(last=  1,win= 134,total=6500) (win 23.3% | avg 26.0% budget)
  system.ai_update                 win=  3.728ms avg=  4.162ms p95=  6.807ms max= 21.868ms calls(last=  1,win= 134,total=6500) (win 22.4% | avg 25.0% budget)
  enemy.update                     win=  3.722ms avg=  4.156ms p95=  6.796ms max= 21.856ms calls(last=  1,win= 134,total=6500) (win 22.3% | avg 24.9% budget)
  frame.render.overlay             win=  3.110ms avg=  3.110ms p95=  3.780ms max=  8.298ms calls(last=  1,win= 120,total=6107) (win 18.7% | avg 18.7% budget)
  frame.render.world.enemies       win=  1.212ms avg=  1.212ms p95=  1.312ms max=  3.582ms calls(last=  1,win= 120,total=6107) (win 7.3% | avg 7.3% budget)
  frame.render.world.maze          win=  0.859ms avg=  0.859ms p95=  0.952ms max=  2.415ms calls(last=  1,win= 120,total=6107) (win 5.2% | avg 5.2% budget)
  frame.render.world.effects       win=  0.725ms avg=  0.725ms p95=  1.097ms max=  2.075ms calls(last=  1,win= 120,total=6107) (win 4.3% | avg 4.3% budget)
  enemy.torpedo.select_heading     win=  0.406ms avg=  0.007ms p95=  0.000ms max=  0.683ms calls(last=  0,win=   2,total=46) (win 2.4% | avg 0.0% budget)
  enemy.physics.frontal_collisions win=  0.245ms avg=  0.273ms p95=  0.477ms max=  0.767ms calls(last=  1,win= 134,total=3357) (win 1.5% | avg 1.6% budget)
  enemy.physics.frontal_grid_build win=  0.174ms avg=  0.195ms p95=  0.342ms max=  0.616ms calls(last=  1,win= 134,total=3357) (win 1.0% | avg 1.2% budget)
  enemy.ai.movement                win=  0.109ms avg=  0.574ms p95=  1.052ms max=  1.752ms calls(last=  5,win= 631,total=13556) (win 0.7% | avg 3.4% budget)
  enemy.pathfinding.postprocess    win=  0.071ms avg=  0.001ms p95=  0.000ms max=  0.120ms calls(last=  0,win=   1,total=21) (win 0.4% | avg 0.0% budget)
  enemy.ai.decision                win=  0.069ms avg=  0.361ms p95=  0.530ms max= 11.341ms calls(last=  5,win= 631,total=13556) (win 0.4% | avg 2.2% budget)
  enemy.pathfinding.occupancy      win=  0.065ms avg=  0.001ms p95=  0.000ms max=  0.150ms calls(last=  0,win=   1,total=21) (win 0.4% | avg 0.0% budget)
  enemy.physics.frontal_pair_traverse win=  0.043ms avg=  0.048ms p95=  0.082ms max=  0.274ms calls(last=  1,win= 134,total=3357) (win 0.3% | avg 0.3% budget)
  system.spawner_update            win=  0.040ms avg=  0.045ms p95=  0.079ms max=  0.372ms calls(last=  1,win= 134,total=6500) (win 0.2% | avg 0.3% budget)
[ENEMY_STATS] frame=6480 alive=72 visible=4 full=5 cheap=67 fullInBase=0 pairs(frontal=0 checks=0 separation=0 resolved=0)
[ENEMY_WINDOW] steps=134 alive[min=72 max=72] visible[min=1 max=4] full[min=4 max=5] collisionPasses[runs=134 skips=0]
[ENEMY_SEGMENTS] window=2.233s D{b/s=4.48 avgLen=4.42 fail=0} T{b/s=8.51 avgLen=5.71 fail=0} H{b/s=10.30 avgLen=5.43 fail=536} A{b/s=3.13 avgLen=4.65 fail=268}
[ENEMY_GRID] frontal{cand/s=282.5 xcell/s=2.2 ins/s=284.8} separation{cand/s=282.5}
[ENEMY_COLLISION_WINDOW] frontal{pairs/s=0.0 checks/s=0.0 baseSkip=0 kill=0(0.0%)} separation{pairs/s=0.0 resolved/s=0.0(0.0%) baseSkip=0 kill=0 wallBlock=0}
[ENEMY_NAV_CACHE] playerCell{changes=4 flowRebuilds=4} flo
                                                          w{hit=0 miss=0 hit%=0.0} pathFallback{calls=1 ok=1 ok%=100.0}
[ENEMY_SAP] updates=9648 active=631 pairs=0 repairs{x=5 y=1}
[ENEMY_PAIR_TYPES] frontal DD=0 DT=0 DH=0 DA=0 TT=0 TH=0 TA=0 HH=0 HA=0 AA=0 separation DD=0 DT=0 DH=0 DA=0 TT=0 TH=0 TA=0 HH=0 HA=0 AA=0
[TORPEDO_HEADING] eval/s=0.90 retreat/s=0.00 pick[straight=100.0% left=0.0% right=0.0%] clear[best=15.00 chosen=15.00]

[PROFILE] frame=6600 budget=16.667ms alloc(+114/-114, +204752b/-204752b, live=233672b peak=436896b)
  frame.total                      win= 19.198ms avg= 19.198ms p95= 23.969ms max= 82.653ms calls(last=  1,win= 120,total=6600) (win 115.2% | avg 115.2% budget)
  frame.render                     win= 12.369ms avg= 12.369ms p95= 13.434ms max= 82.616ms calls(last=  1,win= 120,total=6600) (win 74.2% | avg 74.2% budget)
  frame.present                    win= 12.361ms avg= 12.361ms p95= 13.427ms max= 82.609ms calls(last=  1,win= 120,total=6600) (win 74.2% | avg 74.2% budget)
  enemy.pathfinding.far_target     win=  6.461ms avg=  0.054ms p95=  0.000ms max= 11.024ms calls(last=  0,win=   1,total=22) (win 38.8% | avg 0.3% budget)
  enemy.pathfinding.total          win=  6.439ms avg=  0.054ms p95=  0.000ms max= 10.983ms calls(last=  0,win=   1,total=22) (win 38.6% | avg 0.3% budget)
  enemy.pathfinding.search         win=  5.988ms avg=  0.050ms p95=  0.000ms max= 10.147ms calls(last=  0,win=   1,total=22) (win 35.9% | avg 0.3% budget)
  frame.fixed_step                 win=  5.861ms avg=  6.789ms p95= 11.481ms max= 26.026ms calls(last=  1,win= 139,total=7021) (win 35.2% | avg 40.7% budget)
  frame.render.world               win=  5.368ms avg= 10.735ms p95= 11.673ms max= 19.801ms calls(last=  2,win= 240,total=12454) (win 32.2% | avg 64.4% budget)
  game.update                      win=  3.868ms avg=  4.480ms p95=  7.555ms max= 22.172ms calls(last=  1,win= 139,total=6639) (win 23.2% | avg 26.9% budget)
  system.ai_update                 win=  3.703ms avg=  4.290ms p95=  7.213ms max= 21.868ms calls(last=  1,win= 139,total=6639) (win 22.2% | avg 25.7% budget)
  enemy.update                     win=  3.698ms avg=  4.283ms p95=  7.201ms max= 21.856ms calls(last=  1,win= 139,total=6639) (win 22.2% | avg 25.7% budget)
  frame.render.overlay             win=  3.137ms avg=  3.137ms p95=  3.932ms max=  8.298ms calls(last=  1,win= 120,total=6227) (win 18.8% | avg 18.8% budget)
  frame.render.world.enemies       win=  1.266ms avg=  1.266ms p95=  1.511ms max=  3.582ms calls(last=  1,win= 120,total=6227) (win 7.6% | avg 7.6% budget)
  frame.render.world.maze          win=  1.054ms avg=  1.054ms p95=  1.269ms max=  2.415ms calls(last=  1,win= 120,total=6227) (win 6.3% | avg 6.3% budget)
  frame.render.world.effects       win=  0.896ms avg=  0.896ms p95=  1.220ms max=  2.075ms calls(last=  1,win= 120,total=6227) (win 5.4% | avg 5.4% budget)
  enemy.torpedo.select_heading     win=  0.374ms avg=  0.006ms p95=  0.000ms max=  0.683ms calls(last=  0,win=   2,total=48) (win 2.2% | avg 0.0% budget)
  enemy.physics.frontal_collisions win=  0.257ms avg=  0.297ms p95=  0.500ms max=  0.767ms calls(last=  1,win= 139,total=3496) (win 1.5% | avg 1.8% budget)
  enemy.physics.frontal_grid_build win=  0.181ms avg=  0.210ms p95=  0.346ms max=  0.616ms calls(last=  1,win= 139,total=3496) (win 1.1% | avg 1.3% budget)
  enemy.ai.movement                win=  0.107ms avg=  0.680ms p95=  1.257ms max=  1.752ms calls(last=  6,win= 760,total=14316) (win 0.6% | avg 4.1% budget)
  enemy.pathfinding.postprocess    win=  0.074ms avg=  0.001ms p95=  0.000ms max=  0.120ms calls(last=  0,win=   1,total=22) (win 0.4% | avg 0.0% budget)
  enemy.pathfinding.occupancy      win=  0.067ms avg=  0.001ms p95=  0.000ms max=  0.150ms calls(last=  0,win=   1,total=22) (win 0.4% | avg 0.0% budget)
  enemy.ai.decision                win=  0.065ms avg=  0.412ms p95=  0.641ms max= 11.341ms calls(last=  6,win= 760,total=14316) (win 0.4% | avg 2.5% budget)
  system.physics_collision         win=  0.050ms avg=  0.058ms p95=  0.124ms max=  0.295ms calls(last=  1,win= 139,total=6639) (win 0.3% | avg 0.3% budget)
  enemy.physics.frontal_pair_traverse win=  0.048ms avg=  0.055ms p95=  0.102ms max=  0.274ms calls(last=  1,win= 139,total=3496) (win 0.3% | avg 0.3% budget)
[ENEMY_STATS] frame=6600 alive=72 visible=3 full=6 cheap=66 fullInBase=0 pairs(frontal=0 checks=0 separation=0 resolved=0)
[ENEMY_WINDOW] steps=139 alive[min=72 max=72] visible[min=3 max=4] full[min=5 max=6] collisionPasses[runs=139 skips=0]
[ENEMY_SEGMENTS] window=2.317s D{b/s=3.88 avgLen=4.53 fail=1} T{b/s=4.75 avgLen=6.36 fail=0} H{b/s=9.50 avgLen=5.52 fail=556} A{b/s=1.73 avgLen=5.01 fail=278}
[ENEMY_GRID] frontal{cand/s=328.5 xcell/s=2.2 ins/s=330.6} separation{cand/s=328.5}
[ENEMY_COLLISION_WINDOW] frontal{pairs/s=0.0 checks/s=0.0 baseSkip=0 kill=0(0.0%)} separation{pairs/s=0.0 resolved/s=0.0(0.0%) baseSkip=0 kill=0 wallBlock=0}
[ENEMY_NAV_CACHE] playerCell{changes=3 flowRebuilds=3} flow{hit=0 miss=0 hit%=0.0} pathFallback{calls=1 ok=1 ok%=100.0}
[ENEMY_SAP] updates=10008 active=761 pairs=0 repairs{x=60 y=59}
[ENEMY_PAIR_TYPES] frontal DD=0 DT=0 DH=0 DA=0 TT=0 TH=0 TA=0 HH=0 HA=0 AA=0 separation DD=0 DT=0 DH=0 DA=0 TT=0 TH=0 TA=0 HH=0 HA=0 AA=0
[TORPEDO_HEADING] eval/s=0.86 retreat/s=0.00 pick[straight=50.0% left=50.0% right=0.0%] clear[best=15.00 chosen=15.00]

[PROFILE] frame=6720 budget=16.667ms alloc(+107/-107, +204552b/-204552b, live=233672b peak=436920b)
  frame.total                      win= 18.671ms avg= 18.671ms p95= 23.459ms max= 82.653ms calls(last=  1,win= 120,total=6720) (win 112.0% | avg 112.0% budget)
  frame.render                     win= 12.062ms avg= 12.062ms p95= 12.871ms max= 82.616ms calls(last=  1,win= 120,total=6720) (win 72.4% | avg 72.4% budget)
  frame.present                    win= 12.055ms avg= 12.055ms p95= 12.863ms max= 82.609ms calls(last=  1,win= 120,total=6720) (win 72.3% | avg 72.3% budget)
  frame.fixed_step                 win=  5.839ms avg=  6.569ms p95= 11.249ms max= 26.026ms calls(last=  1,win= 135,total=7156) (win 35.0% | avg 39.4% budget)
  frame.render.world               win=  5.132ms avg= 10.263ms p95= 10.856ms max= 19.801ms calls(last=  2,win= 240,total=12694) (win 30.8% | avg 61.6% budget)
  game.update                      win=  3.848ms avg=  4.329ms p95=  7.345ms max= 22.172ms calls(last=  1,win= 135,total=6774) (win 23.1% | avg 26.0% budget)
  system.ai_update                 win=  3.659ms avg=  4.116ms p95=  6.966ms max= 21.868ms calls(last=  1,win= 135,total=6774) (win 22.0% | avg 24.7% budget)
  enemy.update                     win=  3.652ms avg=  4.109ms p95=  6.958ms max= 21.856ms calls(last=  1,win= 135,total=6774) (win 21.9% | avg 24.7% budget)
  frame.render.overlay             win=  3.114ms avg=  3.114ms p95=  3.794ms max=  8.298ms calls(last=  1,win= 120,total=6347) (win 18.7% | avg 18.7% budget)
  frame.render.world.enemies       win=  1.202ms avg=  1.202ms p95=  1.304ms max=  3.582ms calls(last=  1,win= 120,total=6347) (win 7.2% | avg 7.2% budget)
  frame.render.world.effects       win=  0.977ms avg=  0.977ms p95=  1.174ms max=  2.075ms calls(last=  1,win= 120,total=6347) (win 5.9% | avg 5.9% budget)
  frame.render.world.maze          win=  0.805ms avg=  0.805ms p95=  0.923ms max=  2.415ms calls(last=  1,win= 120,total=6347) (win 4.8% | avg 4.8% budget)
  enemy.torpedo.select_heading     win=  0.322ms avg=  0.008ms p95=  0.000ms max=  0.683ms calls(last=  0,win=   3,total=51) (win 1.9% | avg 0.0% budget)
  enemy.physics.frontal_collisions win=  0.246ms avg=  0.277ms p95=  0.485ms max=  0.767ms calls(last=  1,win= 135,total=3631) (win 1.5% | avg 1.7% budget)
  enemy.physics.frontal_grid_build win=  0.175ms avg=  0.197ms p95=  0.344ms max=  0.616ms calls(last=  1,win= 135,total=3631) (win 1.0% | avg 1.2% budget)
  enemy.ai.movement                win=  0.107ms avg=  0.642ms p95=  1.250ms max=  1.752ms calls(last=  4,win= 719,total=15035) (win 0.6% | avg 3.8% budget)
  system.physics_collision         win=  0.076ms avg=  0.085ms p95=  0.148ms max=  0.295ms calls(last=  1,win= 135,total=6774) (win 0.5% | avg 0.5% budget)
  enemy.ai.decision                win=  0.052ms avg=  0.312ms p95=  0.630ms max= 11.341ms calls(last=  4,win= 719,total=15035) (win 0.3% | avg 1.9% budget)
  enemy.physics.frontal_pair_traverse win=  0.043ms avg=  0.048ms p95=  0.084ms max=  0.274ms calls(last=  1,win= 135,total=3631) (win 0.3% | avg 0.3% budget)
  system.spawner_update            win=  0.040ms avg=  0.045ms p95=  0.078ms max=  0.372ms calls(last=  1,win= 135,total=6774) (win 0.2% | avg 0.3% budget)
  enemy.type.torpedo               win=  0.035ms avg=  0.826ms p95=  1.619ms max=  1.978ms calls(last= 21,win=2835,total=130425) (win 0.2% | avg 5.0% budget)
  enemy.cheap.segment_build        win=  0.028ms avg=  0.205ms p95=  0.370ms max=  0.597ms calls(last=  7,win= 866,total=25603) (win 0.2% | avg 1.2% budget)
  frame.input_poll                 win=  0.027ms avg=  0.027ms p95=  0.029ms max=  0.227ms calls(last=  1,win= 120,total=6720) (win 0.2% | avg 0.2% budget)
  system.player_update             win=  0.027ms avg=  0.030ms p95=  0.051ms max=  0.142ms calls(last=  1,win= 135,total=6654) (win 0.2% | avg 0.2% budget)
[ENEMY_STATS] frame=6720 alive=72 visible=2 full=4 cheap=68 fullInBase=0 pairs(frontal=0 checks=0 separation=0 resolved=0)
[ENEMY_WINDOW] steps=135 alive[min=72 max=72] visible[min=1 max=2] full[min=4 max=6] collisionPasses[runs=135 skips=0]
[ENEMY_SEGMENTS] window=2.250s D{b/s=3.56 avgLen=5.87 fail=0} T{b/s=7.11 avgLen=6.66 fail=0} H{b/s=11.56 avgLen=4.62 fail=540} A{b/s=3.11 avgLen=5.74 fail=270}
[ENEMY_GRID] frontal{cand/s=318.7 xcell/s=2.2 ins/s=320.9} separation{cand/s=318.7}
[ENEMY_COLLISION_WINDOW] frontal{pairs/s=0.0 checks/s=0.0 baseSkip=0 kill=0(0.0%)} separation{pairs/s=0.0 resolved/s=0.0(0.0%) baseSkip=0 kill=0 wallBlock=0}
[ENEMY_NAV_CACHE] playerCell{changes=2 flowRebuilds=2} flow{hit=0 miss=0 hit%=0.0} pathFallback{calls=0 ok=0 ok%=0.0}
[ENEMY_SAP] updates=9720 active=717 pairs=0 repairs{x=10 y=10}
[ENEMY_PAIR_TYPES] frontal DD=0 DT=0 DH=0 DA=0 TT=0 TH=0 TA=0 HH=0 HA=0 AA=0 separation DD=0 DT=0 DH=0 DA=0 TT=0 TH=0 TA=0 HH=0 HA=0 AA=0
[TORPEDO_HEADING] eval/s=1.33 retreat/s=0.00 pick[straight=33.3% left=66.7% right=0.0%] clear[best=13.04 chosen=13.04]

[PROFILE] frame=6840 budget=16.667ms alloc(+109/-109, +204536b/-204536b, live=233672b peak=436920b)
  frame.total                      win= 18.066ms avg= 18.066ms p95= 22.560ms max= 82.653ms calls(last=  1,win= 120,total=6840) (win 108.4% | avg 108.4% budget)
  frame.render                     win= 12.056ms avg= 12.056ms p95= 12.921ms max= 82.616ms calls(last=  1,win= 120,total=6840) (win 72.3% | avg 72.3% budget)
  frame.present                    win= 12.048ms avg= 12.048ms p95= 12.914ms max= 82.609ms calls(last=  1,win= 120,total=6840) (win 72.3% | avg 72.3% budget)
  frame.fixed_step                 win=  5.469ms avg=  5.970ms p95= 10.575ms max= 26.026ms calls(last=  1,win= 131,total=7287) (win 32.8% | avg 35.8% budget)
  frame.render.world               win=  4.996ms avg=  9.992ms p95= 10.917ms max= 19.801ms calls(last=  2,win= 240,total=12934) (win 30.0% | avg 60.0% budget)
  game.update                      win=  3.466ms avg=  3.783ms p95=  6.542ms max= 22.172ms calls(last=  1,win= 131,total=6905) (win 20.8% | avg 22.7% budget)
  system.ai_update                 win=  3.297ms avg=  3.600ms p95=  6.219ms max= 21.868ms calls(last=  1,win= 131,total=6905) (win 19.8% | avg 21.6% budget)
  enemy.update                     win=  3.292ms avg=  3.594ms p95=  6.209ms max= 21.856ms calls(last=  1,win= 131,total=6905) (win 19.8% | avg 21.6% budget)
  frame.render.overlay             win=  3.098ms avg=  3.098ms p95=  3.790ms max=  8.298ms calls(last=  1,win= 120,total=6467) (win 18.6% | avg 18.6% budget)
  frame.render.world.enemies       win=  1.192ms avg=  1.192ms p95=  1.288ms max=  3.582ms calls(last=  1,win= 120,total=6467) (win 7.2% | avg 7.2% budget)
  frame.render.world.maze          win=  0.944ms avg=  0.944ms p95=  1.084ms max=  2.415ms calls(last=  1,win= 120,total=6467) (win 5.7% | avg 5.7% budget)
  frame.render.world.effects       win=  0.669ms avg=  0.669ms p95=  1.027ms max=  2.075ms calls(last=  1,win= 120,total=6467) (win 4.0% | avg 4.0% budget)
  enemy.torpedo.select_heading     win=  0.259ms avg=  0.004ms p95=  0.000ms max=  0.683ms calls(last=  0,win=   2,total=53) (win 1.6% | avg 0.0% budget)
  enemy.physics.frontal_collisions win=  0.246ms avg=  0.269ms p95=  0.477ms max=  0.767ms calls(last=  1,win= 131,total=3762) (win 1.5% | avg 1.6% budget)
  enemy.physics.frontal_grid_build win=  0.178ms avg=  0.194ms p95=  0.345ms max=  0.616ms calls(last=  1,win= 131,total=3762) (win 1.1% | avg 1.2% budget)
  enemy.ai.movement                win=  0.109ms avg=  0.379ms p95=  0.659ms max=  1.752ms calls(last=  4,win= 417,total=15452) (win 0.7% | avg 2.3% budget)
  system.physics_collision         win=  0.053ms avg=  0.058ms p95=  0.102ms max=  0.295ms calls(last=  1,win= 131,total=6905) (win 0.3% | avg 0.3% budget)
  enemy.ai.decision                win=  0.050ms avg=  0.174ms p95=  0.340ms max= 11.341ms calls(last=  4,win= 417,total=15452) (win 0.3% | avg 1.0% budget)
  enemy.physics.frontal_pair_traverse win=  0.043ms avg=  0.047ms p95=  0.083ms max=  0.274ms calls(last=  1,win= 131,total=3762) (win 0.3% | avg 0.3% budget)
  system.spawner_update            win=  0.041ms avg=  0.045ms p95=  0.078ms max=  0.372ms calls(last=  1,win= 131,total=6905) (win 0.2% | avg 0.3% budget)
  enemy.cheap.segment_build        win=  0.028ms avg=  0.194ms p95=  0.320ms max=  0.597ms calls(last=  7,win= 831,total=26434) (win 0.2% | avg 1.2% budget)
  frame.input_poll                 win=  0.028ms avg=  0.028ms p95=  0.029ms max=  0.227ms calls(last=  1,win= 120,total=6840) (win 0.2% | avg 0.2% budget)
  system.player_update             win=  0.027ms avg=  0.030ms p95=  0.052ms max=  0.142ms calls(last=  1,win= 131,total=6785) (win 0.2% | avg 0.2% budget)
  enemy.type.torpedo               win=  0.022ms avg=  0.493ms p95=  0.920ms max=  1.978ms calls(last= 21,win=2751,total=133176) (win 0.1% | avg 3.0% budget)
[ENEMY_STATS] frame=6840 alive=72 visible=0 full=4 cheap=68 fullInBase=0 pairs(frontal=0 checks=0 separation=0 resolved=0)
[ENEMY_WINDOW] steps=131 alive[min=72 max=72] visible[min=0 max=2] full[min=2 max=4] collisionPasses[runs=131 skips=0]
[ENEMY_SEGMENTS] window=2.183s D{b/s=2.29 avgLen=5.01 fail=0} T{b/s=5.50 avgLen=5.31 fail=0} H{b/s=10.08 avgLen=5.09 fail=524} A{b/s=2.29 avgLen=3.90 fail=262}
[ENEMY_GRID] frontal{cand/s=191.0 xcell/s=1.8 ins/s=192.8} separation{cand/s=191.0}
[ENEMY_COLLISION_WINDOW] frontal{pairs/s=0.0 checks/s=0.0 baseSkip=0 kill=0(0.0%)} separation{pairs/s=0.0 resolved/s=0.0(0.0%) baseSkip=0 kill=0 wallBlock=0}
[ENEMY_NAV_CACHE] playerCell{changes=3 flowRebuilds=3} flow{hit=0 miss=0 hit%=0.0} pathFallback{calls=0 ok=0 ok%=0.0}
[ENEMY_SAP] updates=9432 active=417 pairs=0 repairs{x=85 y=87}
[ENEMY_PAIR_TYPES] frontal DD=0 DT=0 DH=0 DA=0 TT=0 TH=0 TA=0 HH=0 HA=0 AA=0 separation DD=0 DT=0 DH=0 DA=0 TT=0 TH=0 TA=0 HH=0 HA=0 AA=0
[TORPEDO_HEADING] eval/s=0.92 retreat/s=0.00 pick[straight=100.0% left=0.0% right=0.0%] clear[best=15.00 chosen=15.00]

[PROFILE] frame=6960 budget=16.667ms alloc(+110/-110, +204608b/-204608b, live=233672b peak=436920b)
  frame.total                      win= 18.541ms avg= 18.541ms p95= 22.888ms max= 82.653ms calls(last=  1,win= 120,total=6960) (win 111.2% | avg 111.2% budget)
  frame.render                     win= 12.284ms avg= 12.284ms p95= 13.091ms max= 82.616ms calls(last=  1,win= 120,total=6960) (win 73.7% | avg 73.7% budget)
  frame.present                    win= 12.277ms avg= 12.277ms p95= 13.083ms max= 82.609ms calls(last=  1,win= 120,total=6960) (win 73.7% | avg 73.7% budget)
  frame.fixed_step                 win=  5.566ms avg=  6.216ms p95= 10.665ms max= 26.026ms calls(last=  1,win= 134,total=7421) (win 33.4% | avg 37.3% budget)
  frame.render.world               win=  5.328ms avg= 10.656ms p95= 11.221ms max= 19.801ms calls(last=  2,win= 240,total=13174) (win 32.0% | avg 63.9% budget)
  game.update                      win=  3.568ms avg=  3.985ms p95=  6.794ms max= 22.172ms calls(last=  1,win= 134,total=7039) (win 21.4% |

        avg 23.9% budget)
  system.ai_update                 win=  3.392ms avg=  3.788ms p95=  6.456ms max= 21.868ms calls(last=  1,win= 134,total=7039) (win 20.4% | avg 22.7% budget)
  enemy.update                     win=  3.386ms avg=  3.780ms p95=  6.447ms max= 21.856ms calls(last=  1,win= 134,total=7039) (win 20.3% | avg 22.7% budget)
  frame.render.overlay             win=  3.108ms avg=  3.108ms p95=  3.800ms max=  8.298ms calls(last=  1,win= 120,total=6587) (win 18.7% | avg 18.7% budget)
  frame.render.world.enemies       win=  1.193ms avg=  1.193ms p95=  1.271ms max=  3.582ms calls(last=  1,win= 120,total=6587) (win 7.2% | avg 7.2% budget)
  frame.render.world.maze          win=  1.034ms avg=  1.034ms p95=  1.131ms max=  2.415ms calls(last=  1,win= 120,total=6587) (win 6.2% | avg 6.2% budget)
  frame.render.world.effects       win=  0.917ms avg=  0.917ms p95=  1.182ms max=  2.075ms calls(last=  1,win= 120,total=6587) (win 5.5% | avg 5.5% budget)
  enemy.torpedo.select_heading     win=  0.311ms avg=  0.005ms p95=  0.000ms max=  0.683ms calls(last=  0,win=   2,total=55) (win 1.9% | avg 0.0% budget)
  enemy.physics.frontal_collisions win=  0.246ms avg=  0.275ms p95=  0.476ms max=  0.767ms calls(last=  1,win= 134,total=3896) (win 1.5% | avg 1.6% budget)
  enemy.physics.frontal_grid_build win=  0.176ms avg=  0.196ms p95=  0.342ms max=  0.616ms calls(last=  1,win= 134,total=3896) (win 1.1% | avg 1.2% budget)
  enemy.ai.movement                win=  0.109ms avg=  0.488ms p95=  0.873ms max=  1.752ms calls(last=  4,win= 536,total=15988) (win 0.7% | avg 2.9% budget)
  system.physics_collision         win=  0.061ms avg=  0.068ms p95=  0.124ms max=  0.295ms calls(last=  1,win= 134,total=7039) (win 0.4% | avg 0.4% budget)
  enemy.ai.decision                win=  0.054ms avg=  0.242ms p95=  0.415ms max= 11.341ms calls(last=  4,win= 536,total=15988) (win 0.3% | avg 1.4% budget)
  enemy.physics.frontal_pair_traverse win=  0.044ms avg=  0.049ms p95=  0.084ms max=  0.274ms calls(last=  1,win= 134,total=3896) (win 0.3% | avg 0.3% budget)
  system.spawner_update            win=  0.040ms avg=  0.045ms p95=  0.078ms max=  0.372ms calls(last=  1,win= 134,total=7039) (win 0.2% | avg 0.3% budget)
  enemy.type.torpedo               win=  0.031ms avg=  0.737ms p95=  1.289ms max=  1.978ms calls(last= 21,win=2814,total=135990) (win 0.2% | avg 4.4% budget)
  enemy.cheap.segment_build        win=  0.028ms avg=  0.206ms p95=  0.346ms max=  0.597ms calls(last=  7,win= 867,total=27301) (win 0.2% | avg 1.2% budget)
  frame.input_poll                 win=  0.028ms avg=  0.028ms p95=  0.028ms max=  0.227ms calls(last=  1,win= 120,total=6960) (win 0.2% | avg 0.2% budget)
  system.player_update             win=  0.026ms avg=  0.030ms p95=  0.051ms max=  0.142ms calls(last=  1,win= 134,total=6919) (win 0.2% | avg 0.2% budget)
[ENEMY_STATS] frame=6960 alive=72 visible=2 full=4 cheap=68 fullInBase=0 pairs(frontal=0 checks=0 separation=0 resolved=0)
[ENEMY_WINDOW] steps=134 alive[min=72 max=72] visible[min=0 max=2] full[min=4 max=4] collisionPasses[runs=134 skips=0]
[ENEMY_SEGMENTS] window=2.233s D{b/s=4.03 avgLen=4.91 fail=0} T{b/s=8.51 avgLen=5.11 fail=1} H{b/s=11.64 avgLen=4.79 fail=536} A{b/s=3.58 avgLen=5.53 fail=268}
[ENEMY_GRID] frontal{cand/s=240.0 xcell/s=1.8 ins/s=241.8} separation{cand/s=240.0}
[ENEMY_COLLISION_WINDOW] frontal{pairs/s=0.0 checks/s=0.0 baseSkip=0 kill=0(0.0%)} separation{pairs/s=0.0 resolved/s=0.0(0.0%) baseSkip=0 kill=0 wallBlock=0}
[ENEMY_NAV_CACHE] playerCell{changes=2 flowRebuilds=2} flow{hit=0 miss=0 hit%=0.0} pathFallback{calls=0 ok=0 ok%=0.0}
[ENEMY_SAP] updates=9648 active=536 pairs=0 repairs{x=0 y=0}
[ENEMY_PAIR_TYPES] frontal DD=0 DT=0 DH=0 DA=0 TT=0 TH=0 TA=0 HH=0 HA=0 AA=0 separation DD=0 DT=0 DH=0 DA=0 TT=0 TH=0 TA=0 HH=0 HA=0 AA=0
[TORPEDO_HEADING] eval/s=0.90 retreat/s=0.00 pick[straight=100.0% left=0.0% right=0.0%] clear[best=15.00 chosen=15.00]

[PROFILE] frame=7080 budget=16.667ms alloc(+106/-106, +204432b/-204432b, live=233672b peak=436920b)
  frame.total                      win= 17.832ms avg= 17.832ms p95= 21.835ms max= 82.653ms calls(last=  1,win= 120,total=7080) (win 107.0% | avg 107.0% budget)
  frame.render                     win= 11.826ms avg= 11.826ms p95= 12.459ms max= 82.616ms calls(last=  1,win= 120,total=7080) (win 71.0% | avg 71.0% budget)
  frame.present                    win= 11.818ms avg= 11.818ms p95= 12.452ms max= 82.609ms calls(last=  1,win= 120,total=7080) (win 70.9% | avg 70.9% budget)
  frame.fixed_step                 win=  5.550ms avg=  5.966ms p95= 10.409ms max= 26.026ms calls(last=  1,win= 129,total=7550) (win 33.3% | avg 35.8% budget)
  frame.render.world               win=  4.719ms avg=  9.439ms p95=  9.801ms max= 19.801ms calls(last=  2,win= 240,total=13414) (win 28.3% | avg 56.6% budget)
  game.update                      win=  3.545ms avg=  3.811ms p95=  6.426ms max= 22.172ms calls(last=  1,win= 129,total=7168) (win 21.3% | avg 22.9% budget)
  system.ai_update                 win=  3.384ms avg=  3.638ms p95=  6.083ms max= 21.868ms calls(last=  1,win= 129,total=7168) (win 20.3% | avg 21.8% budget)
  enemy.update                     win=  3.378ms avg=  3.631ms p95=  6.071ms max= 21.856ms calls(last=  1,win= 129,total=7168) (win 20.3% | avg 21.8% budget)
  frame.render.overlay             win=  3.107ms avg=  3.107ms p95=  3.735ms max=  8.298ms calls(last=  1,win= 120,total=6707) (win 18.6% | avg 18.6% budget)
  frame.render.world.enemies       win=  1.178ms avg=  1.178ms p95=  1.325ms max=  3.582ms calls(last=  1,win= 120,total=6707) (win 7.1% | avg 7.1% budget)
  frame.render.world.maze          win=  0.889ms avg=  0.889ms p95=  1.040ms max=  2.415ms calls(last=  1,win= 120,total=6707) (win 5.3% | avg 5.3% budget)
  frame.render.world.effects       win=  0.409ms avg=  0.409ms p95=  0.485ms max=  2.075ms calls(last=  1,win= 120,total=6707) (win 2.5% | avg 2.5% budget)
  enemy.torpedo.select_heading     win=  0.262ms avg=  0.002ms p95=  0.000ms max=  0.683ms calls(last=  0,win=   1,total=56) (win 1.6% | avg 0.0% budget)
  enemy.physics.frontal_collisions win=  0.247ms avg=  0.266ms p95=  0.473ms max=  0.767ms calls(last=  1,win= 129,total=4025) (win 1.5% | avg 1.6% budget)
  enemy.physics.frontal_grid_build win=  0.179ms avg=  0.192ms p95=  0.343ms max=  0.616ms calls(last=  1,win= 129,total=4025) (win 1.1% | avg 1.2% budget)
  enemy.ai.movement                win=  0.112ms avg=  0.333ms p95=  0.642ms max=  1.752ms calls(last=  3,win= 356,total=16344) (win 0.7% | avg 2.0% budget)
  enemy.ai.decision                win=  0.062ms avg=  0.183ms p95=  0.305ms max= 11.341ms calls(last=  3,win= 356,total=16344) (win 0.4% | avg 1.1% budget)
  system.physics_collision         win=  0.045ms avg=  0.049ms p95=  0.083ms max=  0.295ms calls(last=  1,win= 129,total=7168) (win 0.3% | avg 0.3% budget)
  enemy.physics.frontal_pair_traverse win=  0.043ms avg=  0.046ms p95=  0.081ms max=  0.274ms calls(last=  1,win= 129,total=4025) (win 0.3% | avg 0.3% budget)
  system.spawner_update            win=  0.041ms avg=  0.045ms p95=  0.079ms max=  0.372ms calls(last=  1,win= 129,total=7168) (win 0.2% | avg 0.3% budget)
  enemy.cheap.segment_build        win=  0.028ms avg=  0.202ms p95=  0.344ms max=  0.597ms calls(last=  8,win= 858,total=28159) (win 0.2% | avg 1.2% budget)
  frame.input_poll                 win=  0.028ms avg=  0.028ms p95=  0.031ms max=  0.227ms calls(last=  1,win= 120,total=7080) (win 0.2% | avg 0.2% budget)
  system.player_update             win=  0.028ms avg=  0.030ms p95=  0.050ms max=  0.142ms calls(last=  1,win= 129,total=7048) (win 0.2% | avg 0.2% budget)
  enemy.type.torpedo               win=  0.026ms avg=  0.582ms p95=  0.937ms max=  1.978ms calls(last= 21,win=2709,total=138699) (win 0.2% | avg 3.5% budget)
[ENEMY_STATS] frame=7080 alive=72 visible=1 full=3 cheap=69 fullInBase=0 pairs(frontal=0 checks=0 separation=0 resolved=0)
[ENEMY_WINDOW] steps=129 alive[min=72 max=72] visible[min=1 max=2] full[min=2 max=3] collisionPasses[runs=129 skips=0]
[ENEMY_SEGMENTS] window=2.150s D{b/s=3.26 avgLen=3.80 fail=0} T{b/s=6.05 avgLen=6.15 fail=0} H{b/s=9.30 avgLen=4.31 fail=556} A{b/s=2.33 avgLen=3.91 fail=258}
[ENEMY_GRID] frontal{cand/s=165.1 xcell/s=0.9 ins/s=166.0} separation{cand/s=165.1}
[ENEMY_COLLISION_WINDOW] frontal{pairs/s=0.0 checks/s=0.0 baseSkip=0 kill=0(0.0%)} separation{pairs/s=0.0 resolved/s=0.0(0.0%) baseSkip=0 kill=0 wallBlock=0}
[ENEMY_NAV_CACHE] playerCell{changes=4 flowRebuilds=4} flow{hit=0 miss=0 hit%=0.0} pathFallback{calls=0 ok=0 ok%=0.0}
[ENEMY_SAP] updates=9288 active=355 pairs=0 repairs{x=8 y=4}
[ENEMY_PAIR_TYPES] frontal DD=0 DT=0 DH=0 DA=0 TT=0 TH=0 TA=0 HH=0 HA=0 AA=0 separation DD=0 DT=0 DH=0 DA=0 TT=0 TH=0 TA=0 HH=0 HA=0 AA=0
[TORPEDO_HEADING] eval/s=0.47 retreat/s=0.00 pick[straight=100.0% left=0.0% right=0.0%] clear[best=15.00 chosen=15.00]

[PROFILE] frame=7200 budget=16.667ms alloc(+111/-111, +204632b/-204632b, live=233672b peak=436920b)
  frame.total                      win= 18.532ms avg= 18.532ms p95= 23.821ms max= 82.653ms calls(last=  1,win= 120,total=7200) (win 111.2% | avg 111.2% budget)
  frame.render                     win= 12.038ms avg= 12.038ms p95= 12.967ms max= 82.616ms calls(last=  1,win= 120,total=7200) (win 72.2% | avg 72.2% budget)
  frame.present                    win= 12.030ms avg= 12.030ms p95= 12.959ms max= 82.609ms calls(last=  1,win= 120,total=7200) (win 72.2% | avg 72.2% budget)
  frame.fixed_step                 win=  5.779ms avg=  6.453ms p95= 11.088ms max= 26.026ms calls(last=  1,win= 134,total=7684) (win 34.7% | avg 38.7% budget)
  frame.render.world               win=  4.900ms avg=  9.801ms p95= 10.658ms max= 19.801ms calls(last=  2,win= 240,total=13654) (win 29.4% | avg 58.8% budget)
  game.update                      win=  3.784ms avg=  4.225ms p95=  7.024ms max= 22.172ms calls(last=  1,win= 134,total=7302) (win 22.7% | avg 25.4% budget)
  system.ai_update                 win=  3.624ms avg=  4.047ms p95=  6.696ms max= 21.868ms calls(last=  1,win= 134,total=7302) (win 21.7% | avg 24.3% budget)
  enemy.update                     win=  3.619ms avg=  4.041ms p95=  6.682ms max= 21.856ms calls(last=  1,win= 134,total=7302) (win 21.7% | avg 24.2% budget)
  frame.render.overlay             win=  3.151ms avg=  3.151ms p95=  3.861ms max=  8.298ms calls(last=  1,win= 120,total=6827) (win 18.9% | avg 18.9% budget)
  enemy.pathfinding.far_target     win=  2.776ms avg=  0.023ms p95=  0.000ms max= 11.024ms calls(last=  0,win=   1,total=23) (win 16.7% | avg 0.1% budget)
  enemy.pathfinding.total          win=  2.764ms avg=  0.023ms p95=  0.000ms max= 10.983ms calls(last=  0,win=   1,total=23) (win 16.6% | avg 0.1% budget)
  enemy.pathfinding.search         win=  2.376ms avg=  0.020ms p95=  0.000ms max= 10.147ms calls(last=  0,win=   1,total=23) (win 14.3% | avg 0.1% budget)
  frame.render.world.enemies       win=  1.186ms avg=  1.186ms p95=  1.271ms max=  3.582ms calls(last=  1,win= 120,total=6827) (win 7.1% | avg 7.1% budget)
  frame.render.world.maze          win=  0.797ms avg=  0.797ms p95=  0.866ms max=  2.415ms calls(last=  1,win= 120,total=6827) (win 4.8% | avg 4.8% budget)
  frame.render.world.effects       win=  0.753ms avg=  0.753ms p95=  1.084ms max=  2.075ms calls(last=  1,win= 120,total=6827) (win 4.5% | avg 4.5% budget)
  enemy.torpedo.select_heading     win=  0.322ms avg=  0.005ms p95=  0.000ms max=  0.683ms calls(last=  0,win=   2,total=58) (win 1.9% | avg 0.0% budget)
  enemy.physics.frontal_collisions win=  0.246ms avg=  0.275ms p95=  0.476ms max=  0.767ms calls(last=  1,win= 134,total=4159) (win 1.5% | avg 1.6% budget)
  enemy.physics.frontal_grid_build win=  0.175ms avg=  0.195ms p95=  0.343ms max=  0.616ms calls(last=  1,win= 134,total=4159) (win 1.0% | avg 1.2% budget)
  enemy.ai.movement                win=  0.109ms avg=  0.505ms p95=  0.885ms max=  1.752ms calls(last=  5,win= 556,total=16900) (win 0.7% | avg 3.0% budget)
  enemy.pathfinding.occupancy      win=  0.066ms avg=  0.001ms p95=  0.000ms max=  0.150ms calls(last=  0,win=   1,total=23) (win 0.4% | avg 0.0% budget)
  enemy.ai.decision                win=  0.063ms avg=  0.290ms p95=  0.478ms max= 11.341ms calls(last=  5,win= 556,total=16900) (win 0.4% | avg 1.7% budget)
  enemy.physics.frontal_pair_traverse win=  0.044ms avg=  0.049ms p95=  0.084ms max=  0.274ms calls(last=  1,win= 134,total=4159) (win 0.3% | avg 0.3% budget)
  system.physics_collision         win=  0.043ms avg=  0.048ms p95=  0.106ms max=  0.295ms calls(last=  1,win= 134,total=7302) (win 0.3% | avg 0.3% budget)
  system.spawner_update            win=  0.041ms avg=  0.046ms p95=  0.078ms max=  0.372ms calls(last=  1,win= 134,total=7302) (win 0.2% | avg 0.3% budget)
[ENEMY_STATS] frame=7200 alive=72 visible=2 full=5 cheap=67 fullInBase=0 pairs(frontal=0 checks=0 separation=0 resolved=0)
[ENEMY_WINDOW] steps=134 alive[min=72 max=72] visible[min=1 max=2] full[min=3 max=5] collisionPasses[runs=134 skips=0]
[ENEMY_SEGMENTS] window=2.233s D{b/s=5.37 avgLen=5.55 fail=0} T{b/s=6.27 avgLen=6.87 fail=0} H{b/s=12.09 avgLen=5.20 fail=670} A{b/s=3.58 avgLen=4.64 fail=268}
[ENEMY_GRID] frontal{cand/s=249.9 xcell/s=1.3 ins/s=251.2} separation{cand/s=249.9}
[ENEMY_COLLISION_WINDOW] frontal{pairs/s=0.0 checks/s=0.0 baseSkip=0 kill=0(0.0%)} separation{pairs/s=0.0 resolved/s=0.0(0.0%) baseSkip=0 kill=0 wallBlock=0}
[ENEMY_NAV_CACHE] playerCell{changes=4 flowRebuilds=4} flow{hit=0 miss=0 hit%=0.0} pathFallback{calls=1 ok=1 ok%=100.0}
[ENEMY_SAP] updates=9648 active=558 pairs=0 repairs{x=6 y=3}
[ENEMY_PAIR_TYPES] frontal DD=0 DT=0 DH=0 DA=0 TT=0 TH=0 TA=0 HH=0 HA=0 AA=0 separation DD=0 DT=0 DH=0 DA=0 TT=0 TH=0 TA=0 HH=0 HA=0 AA=0
[TORPEDO_HEADING] eval/s=0.90 retreat/s=0.00 pick[straight=100.0% left=0.0% right=0.0%] clear[best=15.00 chosen=15.00]

[PROFILE] frame=7320 budget=16.667ms alloc(+111/-111, +204584b/-204584b, live=233672b peak=436920b)
  frame.total                      win= 17.927ms avg= 17.927ms p95= 22.649ms max= 82.653ms calls(last=  1,win= 120,total=7320) (win 107.6% | avg 107.6% budget)
  frame.render                     win= 11.837ms avg= 11.837ms p95= 12.646ms max= 82.616ms calls(last=  1,win= 120,total=7320) (win 71.0% | avg 71.0% budget)
  frame.present                    win= 11.830ms avg= 11.830ms p95= 12.638ms max= 82.609ms calls(last=  1,win= 120,total=7320) (win 71.0% | avg 71.0% budget)
  frame.fixed_step                 win=  5.584ms avg=  6.050ms p95= 10.945ms max= 26.026ms calls(last=  1,win= 130,total=7814) (win 33.5% | avg 36.3% budget)
  frame.render.world               win=  4.902ms avg=  9.804ms p95= 10.399ms max= 19.801ms calls(last=  2,win= 240,total=13894) (win 29.4% | avg 58.8% budget)
  game.update                      win=  3.571ms avg=  3.868ms p95=  6.949ms max= 22.172ms calls(last=  1,win= 130,total=7432) (win 21.4% | avg 23.2% budget)
  system.ai_update                 win=  3.435ms avg=  3.721ms p95=  6.666ms max= 21.868ms calls(last=  1,win= 130,total=7432) (win 20.6% | avg 22.3% budget)
  enemy.update                     win=  3.429ms avg=  3.715ms p95=  6.655ms max= 21.856ms calls(last=  1,win= 130,total=7432) (win 20.6% | avg 22.3% budget)
  frame.render.overlay             win=  3.106ms avg=  3.106ms p95=  3.828ms max=  8.298ms calls(last=  1,win= 120,total=6947) (win 18.6% | avg 18.6% budget)
  frame.render.world.enemies       win=  1.189ms avg=  1.189ms p95=  1.243ms max=  3.582ms calls(last=  1,win= 120,total=6947) (win 7.1% | avg 7.1% budget)
  frame.render.world.effects       win=  1.004ms avg=  1.004ms p95=  1.207ms max=  2.075ms calls(last=  1,win= 120,total=6947) (win 6.0% | avg 6.0% budget)
  frame.render.world.maze          win=  0.830ms avg=  0.830ms p95=  0.913ms max=  2.415ms calls(last=  1,win= 120,total=6947) (win 5.0% | avg 5.0% budget)
  enemy.torpedo.select_heading     win=  0.377ms avg=  0.009ms p95=  0.000ms max=  0.683ms calls(last=  0,win=   3,total=61) (win 2.3% | avg 0.1% budget)
  enemy.physics.frontal_collisions win=  0.255ms avg=  0.276ms p95=  0.482ms max=  0.767ms calls(last=  1,win= 130,total=4289) (win 1.5% | avg 1.7% budget)
  enemy.physics.frontal_grid_build win=  0.176ms avg=  0.191ms p95=  0.342ms max=  0.616ms calls(last=  1,win= 130,total=4289) (win 1.1% | avg 1.1% budget)
  enemy.ai.movement                win=  0.109ms avg=  0.590ms p95=  1.051ms max=  1.752ms calls(last=  5,win= 650,total=17550) (win 0.7% | avg 3.5% budget)
  enemy.ai.decision                win=  0.054ms avg=  0.292ms p95=  0.497ms max= 11.341ms calls(last=  5,win= 650,total=17550) (win 0.3% | avg 1.8% budget)
  enemy.physics.frontal_pair_traverse win=  0.051ms avg=  0.055ms p95=  0.099ms max=  0.274ms calls(last=  1,win= 130,total=4289) (win 0.3% | avg 0.3% budget)
  system.spawner_update            win=  0.045ms avg=  0.049ms p95=  0.079ms max=  0.372ms calls(last=  1,win= 130,total=7432) (win 0.3% | avg 0.3% budget)
  system.physics_collision         win=  0.034ms avg=  0.037ms p95=  0.103ms max=  0.295ms calls(last=  1,win= 130,total=7432) (win 0.2% | avg 0.2% budget)
  enemy.type.torpedo               win=  0.033ms avg=  0.758ms p95=  1.308ms max=  1.978ms calls(last= 21,win=2730,total=144243) (win 0.2% | avg 4.6% budget)
  frame.input_poll                 win=  0.028ms avg=  0.028ms p95=  0.029ms max=  0.227ms calls(last=  1,win= 120,total=7320) (win 0.2% | avg 0.2% budget)
  enemy.cheap.segment_build        win=  0.027ms avg=  0.212ms p95=  0.384ms max=  0.597ms calls(last=  7,win= 952,total=30109) (win 0.2% | avg 1.3% budget)
  system.player_update             win=  0.026ms avg=  0.009ms p95=  0.028ms max=  0.142ms calls(last=  0,win=  39,total=7221) (win 0.2% | avg 0.1% budget)

[PROFILE] frame=7440 budget=16.667ms alloc(+0/-0, +0b/-0b, live=233672b peak=436920b)
  frame.total                      win= 16.917ms avg= 16.917ms p95= 17.405ms max= 82.653ms calls(last=  1,win= 120,total=7440) (win 101.5% | avg 101.5% budget)
  frame.render                     win= 16.876ms avg= 16.876ms p95= 17.367ms max= 82.616ms calls(last=  1,win= 120,total=7440) (win 101.3% | avg 101.3% budget)
  frame.present                    win= 16.869ms avg= 16.869ms p95= 17.360ms max= 82.609ms calls(last=  1,win= 120,total=7440) (win 101.2% | avg 101.2% budget)
  frame.render.world               win=  4.887ms avg=  3.258ms p95=  9.939ms max= 19.801ms calls(last=  0,win=  80,total=13974) (win 29.3% | avg 19.5% budget)
  frame.render.overlay             win=  2.133ms avg=  1.422ms p95=  4.869ms max=  8.298ms calls(last=  0,win=  80,total=7027) (win 12.8% | avg 8.5% budget)
  frame.render.world.enemies       win=  1.205ms avg=  0.402ms p95=  1.223ms max=  3.582ms calls(last=  0,win=  40,total=6987) (win 7.2% | avg 2.4% budget)
  frame.render.world.effects       win=  1.010ms avg=  0.337ms p95=  1.071ms max=  2.075ms calls(last=  0,win=  40,total=6987) (win 6.1% | avg 2.0% budget)
  frame.render.world.maze          win=  0.855ms avg=  0.285ms p95=  0.853ms max=  2.415ms calls(last=  0,win=  40,total=6987) (win 5.1% | avg 1.7% budget)
  frame.input_poll                 win=  0.029ms avg=  0.029ms p95=  0.030ms max=  0.227ms calls(last=  1,win= 120,total=7440) (win 0.2% | avg 0.2% budget)
  frame.fixed_step                 win=  0.002ms avg=  0.002ms p95=  0.003ms max= 26.026ms calls(last=  1,win= 123,total=7937) (win 0.0% | avg 0.0% budget)
  system.ai_update                 win=  0.000ms avg=  0.000ms p95=  0.000ms max= 21.868ms calls(last=  0,win=   0,total=7432) (win 0.0% | avg 0.0% budget)
  enemy.pathfinding.occupancy      win=  0.000ms avg=  0.000ms p95=  0.000ms max=  0.150ms calls(last=  0,win=   0,total=23) (win 0.0% | avg 0.0% budget)
  enemy.type.hunter                win=  0.000ms avg=  0.000ms p95=  0.000ms max=  1.255ms calls(last=  0,win=   0,total=145889) (win 0.0% | avg 0.0% budget)
  enemy.type.assassin              win=  0.000ms avg=  0.000ms p95=  0.000ms max= 11.523ms calls(last=  0,win=   0,total=72580) (win 0.0% | avg 0.0% budget)
  enemy.ai.perception              win=  0.000ms avg=  0.000ms p95=  0.000ms max=  0.136ms calls(last=  0,win=   0,total=17550) (win 0.0% | avg 0.0% budget)
  enemy.ai.decision                win=  0.000ms avg=  0.000ms p95=  0.000ms max= 11.341ms calls(last=  0,win=   0,total=17550) (win 0.0% | avg 0.0% budget)
  enemy.ai.movement                win=  0.000ms avg=  0.000ms p95=  0.000ms max=  1.752ms calls(last=  0,win=   0,total=17550) (win 0.0% | avg 0.0% budget)
  enemy.ai.firing                  win=  0.000ms avg=  0.000ms p95=  0.000ms max=  0.110ms calls(last=  0,win=   0,total=17550) (win 0.0% | avg 0.0% budget)
  enemy.pathfinding.total          win=  0.000ms avg=  0.000ms p95=  0.000ms max= 10.983ms calls(last=  0,win=   0,total=23) (win 0.0% | avg 0.0% budget)
  enemy.pathfinding.far_target     win=  0.000ms avg=  0.000ms p95=  0.000ms max= 11.024ms calls(last=  0,win=   0,total=23) (win 0.0% | avg 0.0% budget)
  game.update                      win=  0.000ms avg=  0.000ms p95=  0.000ms max= 22.172ms calls(last=  0,win=   0,total=7432) (win 0.0% | avg 0.0% budget)
  enemy.pathfinding.search         win=  0.000ms avg=  0.000ms p95=  0.000ms max= 10.147ms calls(last=  0,win=   0,total=23) (win 0.0% | avg 0.0% budget)
  enemy.pathfinding.postprocess    win=  0.000ms avg=  0.000ms p95=  0.000ms max=  0.120ms calls(last=  0,win=   0,total=23) (win 0.0% | avg 0.0% budget)
  enemy.physics.frontal_collisions win=  0.000ms avg=  0.000ms p95=  0.000ms max=  0.767ms calls(last=  0,win=   0,total=4289) (win 0.0% | avg 0.0% budget)
INFO: TEXTURE: [ID 3] Unloaded texture data from VRAM (GPU)
INFO: TEXTURE: [ID 4] Unloaded texture data from VRAM (GPU)
INFO: AUDIO: Device closed successfully
INFO: TEXTURE: [ID 2] Unloaded texture data from VRAM (GPU)
INFO: SHADER: [ID 3] Default shader unloaded successfully
INFO: TEXTURE: [ID 1] Default texture unloaded successfully
INFO: Window closed successfully
ark@rg353v:/roms2/ports/bolt$