ark@rg353v:/roms2/ports/bolt$ cat profile.log
INFO: Initializing raylib 5.6-dev
INFO: Platform backend: DESKTOP (SDL)
INFO: Supported raylib modules:
INFO:     > rcore:..... loaded (mandatory)
INFO:     > rlgl:...... loaded (mandatory)
INFO:     > rshapes:... loaded (optional)
INFO:     > rtextures:. loaded (optional)
INFO:     > rtext:..... loaded (optional)
INFO:     > rmodels:... loaded (optional)
INFO:     > raudio:.... loaded (optional)
arm_release_ver: g13p0-01eac0, rk_so_ver: 11
INFO: DISPLAY: Device initialized successfully
INFO:     > Display size: 640 x 480
INFO:     > Screen size:  640 x 480
INFO:     > Render size:  640 x 480
INFO:     > Viewport offsets: 0, 0
INFO: GLAD: OpenGL ES 2.0 loaded successfully
INFO: GL: Supported extensions count: 99
INFO: GL: OpenGL device information:
INFO:     > Vendor:   ARM
INFO:     > Renderer: Mali-G52
INFO:     > Version:  OpenGL ES 3.2 v1.g13p0-01eac0.fdf91928d758c45c1787782175b35c6a
INFO:     > GLSL:     OpenGL ES GLSL ES 3.20
INFO: GL: VAO extension detected, VAO functions loaded successfully
INFO: GL: NPOT textures extension detected, full NPOT textures supported
INFO: GL: ETC1 compressed textures supported
INFO: GL: ASTC compressed textures supported
INFO: PLATFORM: DESKTOP (SDL2): Initialized successfully
INFO: TEXTURE: [ID 1] Texture loaded successfully (1x1 | R8G8B8A8 | 1 mipmaps)
INFO: TEXTURE: [ID 1] Default texture loaded successfully
INFO: SHADER: [ID 1] Vertex shader compiled successfully
INFO: SHADER: [ID 2] Fragment shader compiled successfully
INFO: SHADER: [ID 3] Program shader loaded successfully
INFO: SHADER: [ID 3] Default shader loaded successfully
INFO: RLGL: Render batch vertex buffers loaded successfully in RAM (CPU)
INFO: RLGL: Render batch vertex buffers loaded successfully in VRAM (GPU)
INFO: RLGL: Default OpenGL state initialized successfully
INFO: TEXTURE: [ID 2] Texture loaded successfully (128x128 | GRAY_ALPHA | 1 mipmaps)
INFO: FONT: Default font loaded successfully (224 glyphs)
INFO: SYSTEM: Working Directory: /roms2/ports/bolt
INFO: TIMER: Target time per frame: 16.667 milliseconds
INFO: FILEIO: [resources/textures/sprites.png] File loaded successfully
INFO: IMAGE: Data loaded successfully (18x63 | R8G8B8A8 | 1 mipmaps)
INFO: TEXTURE: [ID 3] Texture loaded successfully (72x9 | R8G8B8A8 | 1 mipmaps)
INFO: TEXTURE: [ID 4] Texture loaded successfully (72x36 | R8G8B8A8 | 1 mipmaps)
INFO: AUDIO: Device initialized successfully
INFO:     > Backend:       miniaudio | ALSA
INFO:     > Format:        32-bit IEEE Floating Point -> 32-bit IEEE Floating Point
INFO:     > Channels:      2 -> 2
INFO:     > Sample rate:   44100 -> 44100
INFO:     > Periods size:  3072
INFO: FILEIO: [resources/audio/keyboard-click.wav] File loaded successfully
INFO: WAVE: Data loaded successfully (48000 Hz, 16 bit, 1 channels)
INFO: AUDIO: menu click sound loaded from: resources/audio/keyboard-click.wav
INFO: FILEIO: [resources/audio/power-up.wav] File loaded successfully
INFO: WAVE: Data loaded successfully (48000 Hz, 16 bit, 1 channels)
INFO: AUDIO: power-up sound loaded from: resources/audio/power-up.wav
INFO: FILEIO: [resources/audio/player-shot.wav] File loaded successfully
INFO: WAVE: Data loaded successfully (48000 Hz, 16 bit, 1 channels)
INFO: AUDIO: player-shot sound loaded from: resources/audio/player-shot.wav
INFO: FILEIO: [resources/audio/enemy-shot.wav] File loaded successfully
INFO: WAVE: Data loaded successfully (48000 Hz, 16 bit, 1 channels)
INFO: AUDIO: enemy-shot sound loaded from: resources/audio/enemy-shot.wav
INFO: FILEIO: [resources/audio/enemy-spawning.wav] File loaded successfully
INFO: WAVE: Data loaded successfully (48000 Hz, 16 bit, 1 channels)
INFO: AUDIO: enemy-spawning sound loaded from: resources/audio/enemy-spawning.wav
INFO: FILEIO: [resources/audio/enemy-exploding.wav] File loaded successfully
INFO: WAVE: Data loaded successfully (48000 Hz, 16 bit, 1 channels)
INFO: AUDIO: enemy-exploding sound loaded from: resources/audio/enemy-exploding.wav
INFO: FILEIO: [resources/audio/base-exploding.wav] File loaded successfully
INFO: WAVE: Data loaded successfully (48000 Hz, 16 bit, 1 channels)
INFO: AUDIO: base-exploding sound loaded from: resources/audio/base-exploding.wav

[PROFILE] frame=120 budget=16.667ms alloc(+0/-0, +0b/-0b, live=0b peak=56b)
  frame.total                      win= 17.110ms avg= 17.110ms p95= 17.101ms max= 38.317ms calls(last=  1,win= 120,total=120) (win 102.7% | avg 102.7% budget)
  frame.render                     win= 17.069ms avg= 17.069ms p95= 17.059ms max= 38.276ms calls(last=  1,win= 120,total=120) (win 102.4% | avg 102.4% budget)
  frame.present                    win= 17.062ms avg= 17.062ms p95= 17.052ms max= 38.267ms calls(last=  1,win= 120,total=120) (win 102.4% | avg 102.4% budget)
  frame.input_poll                 win=  0.029ms avg=  0.029ms p95=  0.029ms max=  0.105ms calls(last=  1,win= 120,total=120) (win 0.2% | avg 0.2% budget)
  frame.fixed_step                 win=  0.002ms avg=  0.002ms p95=  0.003ms max=  0.004ms calls(last=  1,win= 124,total=124) (win 0.0% | avg 0.0% budget)

[PROFILE] frame=240 budget=16.667ms alloc(+0/-0, +0b/-0b, live=0b peak=488b)
  frame.total                      win= 16.894ms avg= 16.894ms p95= 17.014ms max= 38.317ms calls(last=  1,win= 120,total=240) (win 101.4% | avg 101.4% budget)
  frame.render                     win= 16.855ms avg= 16.855ms p95= 16.977ms max= 38.276ms calls(last=  1,win= 120,total=240) (win 101.1% | avg 101.1% budget)
  frame.present                    win= 16.848ms avg= 16.848ms p95= 16.969ms max= 38.267ms calls(last=  1,win= 120,total=240) (win 101.1% | avg 101.1% budget)
  frame.input_poll                 win=  0.028ms avg=  0.028ms p95=  0.029ms max=  0.105ms calls(last=  1,win= 120,total=240) (win 0.2% | avg 0.2% budget)
  frame.fixed_step                 win=  0.002ms avg=  0.002ms p95=  0.003ms max=  0.004ms calls(last=  1,win= 122,total=246) (win 0.0% | avg 0.0% budget)

[PROFILE] frame=360 budget=16.667ms alloc(+0/-0, +0b/-0b, live=0b peak=488b)
  frame.total                      win= 16.903ms avg= 16.903ms p95= 17.061ms max= 38.317ms calls(last=  1,win= 120,total=360) (win 101.4% | avg 101.4% budget)
  frame.render                     win= 16.864ms avg= 16.864ms p95= 17.022ms max= 38.276ms calls(last=  1,win= 120,total=360) (win 101.2% | avg 101.2% budget)
  frame.present                    win= 16.857ms avg= 16.857ms p95= 17.015ms max= 38.267ms calls(last=  1,win= 120,total=360) (win 101.1% | avg 101.1% budget)
  frame.input_poll                 win=  0.028ms avg=  0.028ms p95=  0.029ms max=  0.105ms calls(last=  1,win= 120,total=360) (win 0.2% | avg 0.2% budget)
  frame.fixed_step                 win=  0.002ms avg=  0.002ms p95=  0.003ms max=  0.004ms calls(last=  1,win= 123,total=369) (win 0.0% | avg 0.0% budget)
INFO: TEXTURE: [ID 5] Texture loaded successfully (160x480 | R8G8B8A8 | 1 mipmaps)
INFO: TEXTURE: [ID 1] Depth renderbuffer loaded successfully (24 bits)
INFO: FBO: [ID 1] Framebuffer object created successfully
INFO: TEXTURE: [ID 6] Texture loaded successfully (60x60 | R8G8B8A8 | 1 mipmaps)
INFO: TEXTURE: [ID 2] Depth renderbuffer loaded successfully (24 bits)
INFO: FBO: [ID 2] Framebuffer object created successfully
INFO: TEXTURE: [ID 7] Texture loaded successfully (66x66 | R8G8B8A8 | 1 mipmaps)
INFO: TEXTURE: [ID 3] Depth renderbuffer loaded successfully (24 bits)
INFO: FBO: [ID 3] Framebuffer object created successfully
INFO: FILEIO: [resources/textures/sprites.png] File loaded successfully
INFO: IMAGE: Data loaded successfully (18x63 | R8G8B8A8 | 1 mipmaps)
INFO: TEXTURE: [ID 8] Texture loaded successfully (36x36 | R8G8B8A8 | 1 mipmaps)
INFO: FILEIO: [resources/textures/sprites.png] File loaded successfully
INFO: IMAGE: Data loaded successfully (18x63 | R8G8B8A8 | 1 mipmaps)
INFO: TEXTURE: [ID 9] Texture loaded successfully (10x10 | R8G8B8A8 | 1 mipmaps)
INFO: TEXTURE: [ID 10] Texture loaded successfully (10x10 | R8G8B8A8 | 1 mipmaps)
INFO: TEXTURE: [ID 11] Texture loaded successfully (10x10 | R8G8B8A8 | 1 mipmaps)
INFO: TEXTURE: [ID 12] Texture loaded successfully (10x10 | R8G8B8A8 | 1 mipmaps)

[PROFILE] frame=480 budget=16.667ms alloc(+35/-35, +139208b/-139208b, live=58768b peak=197784b)
  frame.total                      win= 17.677ms avg= 17.677ms p95= 17.628ms max= 83.488ms calls(last=  1,win= 120,total=480) (win 106.1% | avg 106.1% budget)
  frame.render                     win= 15.460ms avg= 15.460ms p95= 15.597ms max= 83.447ms calls(last=  1,win= 120,total=480) (win 92.8% | avg 92.8% budget)
  frame.present                    win= 13.655ms avg= 13.655ms p95= 13.889ms max= 83.440ms calls(last=  1,win= 120,total=480) (win 81.9% | avg 81.9% budget)
  frame.render.world               win=  3.165ms avg=  3.138ms p95=  3.470ms max=  3.772ms calls(last=  1,win= 119,total=119) (win 19.0% | avg 18.8% budget)
  frame.fixed_step                 win=  2.059ms avg=  2.179ms p95=  2.577ms max= 12.880ms calls(last=  1,win= 127,total=496) (win 12.4% | avg 13.1% budget)
  game.update                      win=  1.664ms avg=  1.747ms p95=  1.973ms max= 12.603ms calls(last=  1,win= 126,total=126) (win 10.0% | avg 10.5% budget)
  system.ai_update                 win=  1.582ms avg=  1.661ms p95=  1.869ms max= 12.537ms calls(last=  1,win= 126,total=126) (win 9.5% | avg 10.0% budget)
  enemy.update                     win=  1.575ms avg=  1.654ms p95=  1.864ms max= 12.532ms calls(last=  1,win= 126,total=126) (win 9.5% | avg 9.9% budget)
  frame.render.world.enemies       win=  1.126ms avg=  1.116ms p95=  1.205ms max=  1.401ms calls(last=  1,win= 119,total=119) (win 6.8% | avg 6.7% budget)
  frame.render.world.maze          win=  0.826ms avg=  0.819ms p95=  0.913ms max=  1.173ms calls(last=  1,win= 119,total=119) (win 5.0% | avg 4.9% budget)
  frame.render.hud                 win=  0.808ms avg=  0.802ms p95=  0.879ms max=  1.110ms calls(last=  1,win= 119,total=119) (win 4.9% | avg 4.8% budget)
  frame.render.world.effects       win=  0.442ms avg=  0.438ms p95=  0.540ms max=  0.725ms calls(last=  1,win= 119,total=119) (win 2.7% | avg 2.6% budget)
  frame.render.hud.minimap         win=  0.381ms avg=  0.378ms p95=  0.424ms max=  0.581ms calls(last=  1,win= 119,total=119) (win 2.3% | avg 2.3% budget)
  frame.render.hud.text            win=  0.219ms avg=  0.217ms p95=  0.255ms max=  0.301ms calls(last=  1,win= 119,total=119) (win 1.3% | avg 1.3% budget)
  enemy.type.drone                 win=  0.139ms avg=  0.109ms p95=  0.180ms max=  0.279ms calls(last=  1,win=  94,total=94) (win 0.8% | avg 0.7% budget)
  enemy.physics.frontal_collisions win=  0.094ms avg=  0.049ms p95=  0.137ms max=  0.175ms calls(last=  1,win=  62,total=62) (win 0.6% | avg 0.3% budget)
  enemy.type.assassin              win=  0.085ms avg=  0.044ms p95=  0.089ms max=  0.177ms calls(last=  1,win=  62,total=62) (win 0.5% | avg 0.3% budget)
  enemy.ai.perception              win=  0.055ms avg=  0.072ms p95=  0.109ms max=  0.213ms calls(last=  2,win= 156,total=156) (win 0.3% | avg 0.4% budget)
  enemy.cheap.segment_build        win=  0.053ms avg=  0.004ms p95=  0.051ms max=  0.055ms calls(last=  0,win=   8,total=8) (win 0.3% | avg 0.0% budget)
  frame.render.hud.lives           win=  0.053ms avg=  0.052ms p95=  0.054ms max=  0.159ms calls(last=  1,win= 119,total=119) (win 0.3% | avg 0.3% budget)
  frame.render.hud.compass         win=  0.050ms avg=  0.050ms p95=  0.053ms max=  0.097ms calls(last=  1,win= 119,total=119) (win 0.3% | avg 0.3% budget)
  frame.render.hud.static          win=  0.045ms avg=  0.045ms p95=  0.058ms max=  0.152ms calls(last=  1,win= 119,total=119) (win 0.3% | avg 0.3% budget)
  enemy.physics.frontal_grid_build win=  0.042ms avg=  0.022ms p95=  0.077ms max=  0.107ms calls(last=  1,win=  62,total=62) (win 0.3% | avg 0.1% budget)
  frame.render.hud.bars            win=  0.040ms avg=  0.040ms p95=  0.041ms max=  0.154ms calls(last=  1,win= 119,total=119) (win 0.2% | avg 0.2% budget)
[ENEMY_STATS] frame=480 alive=9 visible=0 full=2 cheap=7 fullInBase=1 pairs(frontal=0 checks=0 separation=0 resolved=0)
[ENEMY_WINDOW] steps=127 alive[min=0 max=9] visible[min=0 max=0] full[min=0 max=2] collisionPasses[runs=63 skips=64]
[ENEMY_SEGMENTS] window=2.117s D{b/s=0.00 avgLen=0.00 fail=0} T{b/s=2.36 avgLen=7.18 fail=0} H{b/s=1.42 avgLen=4.56 fail=0} A{b/s=0.00 avgLen=0.00 fail=0}
[ENEMY_GRID] frontal{cand/s=59.5 xcell/s=0.0 ins/s=59.5} separation{cand/s=59.5}
[ENEMY_COLLISION_WINDOW] frontal{pairs/s=0.0 checks/s=0.0 baseSkip=0 kill=0(0.0%)} separation{pairs/s=0.0 resolved/s=0.0(0.0%) baseSkip=0 kill=0 wallBlock=0}
[ENEMY_KILL_DEBUG] enemyEnemy{events=0 frontal=0 separation=0 reenterEither=0 reenterBoth=0 wallContact=0 dist[min=0.000 avg=0.000 max=0.000]}
[ENEMY_NAV_CACHE] playerCell{changes=1 flowRebuilds=1} flow{hit=63 miss=0 hit%=100.0} pathFallback{calls=0 ok=0 ok%=0.0}
[ENEMY_SAP] updates=426 active=126 pairs=0 repairs{x=12 y=18}
[ENEMY_PAIR_TYPES] frontal DD=0 DT=0 DH=0 DA=0 TT=0 TH=0 TA=0 HH=0 HA=0 AA=0 separation DD=0 DT=0 DH=0 DA=0 TT=0 TH=0 TA=0 HH=0 HA=0 AA=0
[ENEMY_KILL_DEBUG_COLLISION] projectile{kills=0 wallContact=0}

[PROFILE] frame=600 budget=16.667ms alloc(+44/-44, +147552b/-147552b, live=74064b peak=221320b)
  frame.total                      win= 16.891ms avg= 16.891ms p95= 17.234ms max= 83.488ms calls(last=  1,win= 120,total=600) (win 101.3% | avg 101.3% budget)
  frame.render                     win= 14.190ms avg= 14.190ms p95= 14.533ms max= 83.447ms calls(last=  1,win= 120,total=600) (win 85.1% | avg 85.1% budget)
  frame.present                    win= 12.574ms avg= 12.574ms p95= 12.943ms max= 83.440ms calls(last=  1,win= 120,total=600) (win 75.4% | avg 75.4% budget)
  frame.render.world               win=  3.242ms avg=  3.242ms p95=  3.505ms max=  6.547ms calls(last=  1,win= 120,total=239) (win 19.5% | avg 19.5% budget)
  frame.fixed_step                 win=  2.617ms avg=  2.661ms p95=  2.794ms max= 12.880ms calls(last=  1,win= 122,total=618) (win 15.7% | avg 16.0% budget)
  game.update                      win=  1.981ms avg=  2.014ms p95=  2.135ms max= 12.603ms calls(last=  1,win= 122,total=248) (win 11.9% | avg 12.1% budget)
  system.ai_update                 win=  1.874ms avg=  1.905ms p95=  2.034ms max= 12.537ms calls(last=  1,win= 122,total=248) (win 11.2% | avg 11.4% budget)
  enemy.update                     win=  1.868ms avg=  1.900ms p95=  2.027ms max= 12.532ms calls(last=  1,win= 122,total=248) (win 11.2% | avg 11.4% budget)
  frame.render.world.enemies       win=  1.171ms avg=  1.171ms p95=  1.255ms max=  3.725ms calls(last=  1,win= 120,total=239) (win 7.0% | avg 7.0% budget)
  frame.render.world.maze          win=  0.821ms avg=  0.821ms p95=  0.875ms max=  1.173ms calls(last=  1,win= 120,total=239) (win 4.9% | avg 4.9% budget)
  frame.render.hud                 win=  0.816ms avg=  0.816ms p95=  0.896ms max=  1.110ms calls(last=  1,win= 120,total=239) (win 4.9% | avg 4.9% budget)
  frame.render.world.effects       win=  0.457ms avg=  0.457ms p95=  0.585ms max=  1.303ms calls(last=  1,win= 120,total=239) (win 2.7% | avg 2.7% budget)
  frame.render.hud.minimap         win=  0.380ms avg=  0.380ms p95=  0.420ms max=  0.581ms calls(last=  1,win= 120,total=239) (win 2.3% | avg 2.3% budget)
  frame.render.hud.text            win=  0.223ms avg=  0.223ms p95=  0.259ms max=  0.392ms calls(last=  1,win= 120,total=239) (win 1.3% | avg 1.3% budget)
  enemy.type.drone                 win=  0.136ms avg=  0.161ms p95=  0.211ms max=  0.298ms calls(last=  2,win= 142,total=236) (win 0.8% | avg 1.0% budget)
  enemy.physics.frontal_collisions win=  0.115ms avg=  0.117ms p95=  0.175ms max=  0.243ms calls(last=  1,win= 122,total=184) (win 0.7% | avg 0.7% budget)
  enemy.type.assassin              win=  0.057ms avg=  0.180ms p95=  0.219ms max=  0.365ms calls(last=  5,win= 378,total=440) (win 0.3% | avg 1.1% budget)
  enemy.physics.frontal_grid_build win=  0.056ms avg=  0.057ms p95=  0.114ms max=  0.159ms calls(last=  1,win= 122,total=184) (win 0.3% | avg 0.3% budget)
  frame.render.hud.lives           win=  0.056ms avg=  0.056ms p95=  0.065ms max=  0.159ms calls(last=  1,win= 120,total=239) (win 0.3% | avg 0.3% budget)
  frame.render.hud.compass         win=  0.052ms avg=  0.052ms p95=  0.052ms max=  0.312ms calls(last=  1,win= 120,total=239) (win 0.3% | avg 0.3% budget)
  enemy.cheap.segment_build        win=  0.052ms avg=  0.004ms p95=  0.051ms max=  0.058ms calls(last=  1,win=  10,total=18) (win 0.3% | avg 0.0% budget)
  enemy.ai.perception              win=  0.049ms avg=  0.148ms p95=  0.162ms max=  0.308ms calls(last=  3,win= 364,total=520) (win 0.3% | avg 0.9% budget)
  frame.render.hud.static          win=  0.046ms avg=  0.046ms p95=  0.062ms max=  0.152ms calls(last=  1,win= 120,total=239) (win 0.3% | avg 0.3% budget)
  enemy.physics.frontal_pair_traverse win=  0.040ms avg=  0.041ms p95=  0.046ms max=  0.110ms calls(last=  1,win= 122,total=184) (win 0.2% | avg 0.2% budget)
[ENEMY_STATS] frame=600 alive=17 visible=1 full=3 cheap=14 fullInBase=0 pairs(frontal=0 checks=0 separation=0 resolved=0)
[ENEMY_WINDOW] steps=122 alive[min=9 max=17] visible[min=0 max=1] full[min=2 max=3] collisionPasses[runs=122 skips=0]
[ENEMY_SEGMENTS] window=2.033s D{b/s=0.49 avgLen=4.16 fail=0} T{b/s=1.48 avgLen=5.88 fail=0} H{b/s=1.48 avgLen=6.35 fail=0} A{b/s=1.48 avgLen=4.58 fail=0}
[ENEMY_GRID] frontal{cand/s=179.5 xcell/s=1.5 ins/s=181.0} separation{cand/s=179.5}
[ENEMY_COLLISION_WINDOW] frontal{pairs/s=0.0 checks/s=0.0 baseSkip=0 kill=0(0.0%)} separation{pairs/s=0.0 resolved/s=0.0(0.0%) baseSkip=0 kill=0 wallBlock=0}
[ENEMY_KILL_DEBUG] enemyEnemy{events=0 frontal=0 separation=0 reenterEither=0 reenterBoth=0 wallContact=0 dist[min=0.000 avg=0.000 max=0.000]}
[ENEMY_NAV_CACHE] playerCell{changes=0 flowRebuilds=0} flow{hit=243 miss=0 hit%=100.0} pathFallback{calls=0 ok=0 ok%=0.0}
[ENEMY_SAP] updates=1597 active=365 pairs=0 repairs{x=80 y=96}
[ENEMY_PAIR_TYPES] frontal DD=0 DT=0 DH=0 DA=0 TT=0 TH=0 TA=0 HH=0 HA=0 AA=0 separation DD=0 DT=0 DH=0 DA=0 TT=0 TH=0 TA=0 HH=0 HA=0 AA=0
[ENEMY_KILL_DEBUG_COLLISION] projectile{kills=0 wallContact=0}

[PROFILE] frame=720 budget=16.667ms alloc(+56/-56, +154064b/-154064b, live=74256b peak=227728b)
  frame.total                      win= 16.891ms avg= 16.891ms p95= 17.281ms max= 83.488ms calls(last=  1,win= 120,total=720) (win 101.3% | avg 101.3% budget)
  frame.render                     win= 13.746ms avg= 13.746ms p95= 14.210ms max= 83.447ms calls(last=  1,win= 120,total=720) (win 82.5% | avg 82.5% budget)
  frame.present                    win= 12.143ms avg= 12.143ms p95= 12.708ms max= 83.440ms calls(last=  1,win= 120,total=720) (win 72.9% | avg 72.9% budget)
  frame.render.world               win=  3.359ms avg=  3.359ms p95=  3.669ms max=  6.547ms calls(last=  1,win= 120,total=359) (win 20.2% | avg 20.2% budget)
  frame.fixed_step                 win=  3.054ms avg=  3.105ms p95=  3.310ms max= 12.880ms calls(last=  1,win= 122,total=740) (win 18.3% | avg 18.6% budget)
  game.update                      win=  2.342ms avg=  2.381ms p95=  2.559ms max= 12.603ms calls(last=  1,win= 122,total=370) (win 14.1% | avg 14.3% budget)
  system.ai_update                 win=  2.227ms avg=  2.264ms p95=  2.448ms max= 12.537ms calls(last=  1,win= 122,total=370) (win 13.4% | avg 13.6% budget)
  enemy.update                     win=  2.221ms avg=  2.258ms p95=  2.443ms max= 12.532ms calls(last=  1,win= 122,total=370) (win 13.3% | avg 13.6% budget)
  frame.render.world.enemies       win=  1.196ms avg=  1.196ms p95=  1.265ms max=  3.725ms calls(last=  1,win= 120,total=359) (win 7.2% | avg 7.2% budget)
  frame.render.world.maze          win=  0.928ms avg=  0.928ms p95=  1.085ms max=  1.180ms calls(last=  1,win= 120,total=359) (win 5.6% | avg 5.6% budget)
  frame.render.hud                 win=  0.814ms avg=  0.814ms p95=  0.853ms max=  1.110ms calls(last=  1,win= 120,total=359) (win 4.9% | avg 4.9% budget)
  frame.render.world.effects       win=  0.448ms avg=  0.448ms p95=  0.524ms max=  1.303ms calls(last=  1,win= 120,total=359) (win 2.7% | avg 2.7% budget)
  frame.render.hud.minimap         win=  0.385ms avg=  0.385ms p95=  0.427ms max=  0.634ms calls(last=  1,win= 120,total=359) (win 2.3% | avg 2.3% budget)
  enemy.torpedo.select_heading     win=  0.348ms avg=  0.003ms p95=  0.000ms max=  0.348ms calls(last=  0,win=   1,total=1) (win 2.1% | avg 0.0% budget)
  frame.render.hud.text            win=  0.221ms avg=  0.221ms p95=  0.253ms max=  0.520ms calls(last=  1,win= 120,total=359) (win 1.3% | avg 1.3% budget)
  enemy.physics.frontal_collisions win=  0.125ms avg=  0.127ms p95=  0.195ms max=  0.356ms calls(last=  1,win= 122,total=306) (win 0.7% | avg 0.8% budget)
  enemy.physics.frontal_grid_build win=  0.070ms avg=  0.071ms p95=  0.110ms max=  0.243ms calls(last=  1,win= 122,total=306) (win 0.4% | avg 0.4% budget)
  enemy.type.drone                 win=  0.061ms avg=  0.167ms p95=  0.215ms max=  0.298ms calls(last=  4,win= 326,total=562) (win 0.4% | avg 1.0% budget)
  enemy.cheap.segment_build        win=  0.053ms avg=  0.006ms p95=  0.051ms max=  0.068ms calls(last=  0,win=  14,total=32) (win 0.3% | avg 0.0% budget)
  frame.render.hud.lives           win=  0.053ms avg=  0.053ms p95=  0.053ms max=  0.159ms calls(last=  1,win= 120,total=359) (win 0.3% | avg 0.3% budget)
  frame.render.hud.compass         win=  0.050ms avg=  0.050ms p95=  0.053ms max=  0.312ms calls(last=  1,win= 120,total=359) (win 0.3% | avg 0.3% budget)
  frame.render.hud.static          win=  0.046ms avg=  0.046ms p95=  0.067ms max=  0.152ms calls(last=  1,win= 120,total=359) (win 0.3% | avg 0.3% budget)
  enemy.type.assassin              win=  0.044ms avg=  0.254ms p95=  0.338ms max=  0.620ms calls(last=  6,win= 692,total=1132) (win 0.3% | avg 1.5% budget)
  enemy.ai.perception              win=  0.040ms avg=  0.187ms p95=  0.216ms max=  0.448ms calls(last=  5,win= 562,total=1082) (win 0.2% | avg 1.1% budget)
[ENEMY_STATS] frame=720 alive=23 visible=3 full=5 cheap=18 fullInBase=1 pairs(frontal=0 checks=0 separation=0 resolved=0)
[ENEMY_WINDOW] steps=122 alive[min=17 max=23] visible[min=1 max=3] full[min=3 max=5] collisionPasses[runs=122 skips=0]
[ENEMY_SEGMENTS] window=2.033s D{b/s=0.98 avgLen=4.89 fail=0} T{b/s=2.95 avgLen=6.29 fail=0} H{b/s=2.46 avgLen=6.97 fail=0} A{b/s=0.49 avgLen=4.12 fail=0}
[ENEMY_GRID] frontal{cand/s=277.4 xcell/s=1.0 ins/s=278.4} separation{cand/s=277.4}
[ENEMY_COLLISION_WINDOW] frontal{pairs/s=0.0 checks/s=0.0 baseSkip=0 kill=0(0.0%)} separation{pairs/s=0.0 resolved/s=0.0(0.0%) baseSkip=0 kill=0 wallBlock=0}
[ENEMY_KILL_DEBUG] enemyEnemy{events=0 frontal=0 separation=0 reenterEither=0 reenterBoth=0 wallContact=0 dist[min=0.000 avg=0.000 max=0.000]}
[ENEMY_NAV_CACHE] playerCell{changes=0 flowRebuilds=0} flow{hit=327 miss=0 hit%=100.0} pathFallback{calls=0 ok=0 ok%=0.0}
[ENEMY_SAP] updates=2466 active=564 pairs=0 repairs{x=239 y=260}
[ENEMY_PAIR_TYPES] frontal DD=0 DT=0 DH=0 DA=0 TT=0 TH=0 TA=0 HH=0 HA=0 AA=0 separation DD=0 DT=0 DH=0 DA=0 TT=0 TH=0 TA=0 HH=0 HA=0 AA=0
[TORPEDO_HEADING] eval/s=0.49 retreat/s=0.00 pick[straight=0.0% left=0.0% right=100.0%] clear[best=6.69 chosen=6.69]
[ENEMY_KILL_DEBUG_COLLISION] projectile{kills=0 wallContact=0}

[PROFILE] frame=840 budget=16.667ms alloc(+68/-68, +164368b/-164368b, live=104672b peak=268280b)
  frame.total                      win= 16.891ms avg= 16.891ms p95= 17.303ms max= 83.488ms calls(last=  1,win= 120,total=840) (win 101.3% | avg 101.3% budget)
  frame.render                     win= 13.163ms avg= 13.163ms p95= 13.804ms max= 83.447ms calls(last=  1,win= 120,total=840) (win 79.0% | avg 79.0% budget)
  frame.present                    win= 11.589ms avg= 11.589ms p95= 12.289ms max= 83.440ms calls(last=  1,win= 120,total=840) (win 69.5% | avg 69.5% budget)
  frame.fixed_step                 win=  3.599ms avg=  3.689ms p95=  3.989ms max= 12.880ms calls(last=  1,win= 123,total=863) (win 21.6% | avg 22.1% budget)
  frame.render.world               win=  3.562ms avg=  3.562ms p95=  3.872ms max=  6.547ms calls(last=  1,win= 120,total=479) (win 21.4% | avg 21.4% budget)
  game.update                      win=  2.767ms avg=  2.837ms p95=  3.121ms max= 12.603ms calls(last=  1,win= 123,total=493) (win 16.6% | avg 17.0% budget)
  system.ai_update                 win=  2.638ms avg=  2.704ms p95=  3.013ms max= 12.537ms calls(last=  1,win= 123,total=493) (win 15.8% | avg 16.2% budget)
  enemy.update                     win=  2.632ms avg=  2.698ms p95=  3.009ms max= 12.532ms calls(last=  1,win= 123,total=493) (win 15.8% | avg 16.2% budget)
  frame.render.world.enemies       win=  1.271ms avg=  1.271ms p95=  1.479ms max=  3.725ms calls(last=  1,win= 120,total=479) (win 7.6% | avg 7.6% budget)
  frame.render.world.maze          win=  1.028ms avg=  1.028ms p95=  1.168ms max=  1.275ms calls(last=  1,win= 120,total=479) (win 6.2% | avg 6.2% budget)
  frame.render.hud                 win=  0.828ms avg=  0.828ms p95=  0.899ms max=  1.110ms calls(last=  1,win= 120,total=479) (win 5.0% | avg 5.0% budget)
  frame.render.world.effects       win=  0.466ms avg=  0.466ms p95=  0.534ms max=  1.303ms calls(last=  1,win= 120,total=479) (win 2.8% | avg 2.8% budget)
  frame.render.hud.minimap         win=  0.401ms avg=  0.401ms p95=  0.442ms max=  0.672ms calls(last=  1,win= 120,total=479) (win 2.4% | avg 2.4% budget)
  enemy.torpedo.select_heading     win=  0.357ms avg=  0.003ms p95=  0.000ms max=  0.357ms calls(last=  0,win=   1,total=2) (win 2.1% | avg 0.0% budget)
  frame.render.hud.text            win=  0.220ms avg=  0.220ms p95=  0.253ms max=  0.520ms calls(last=  1,win= 120,total=479) (win 1.3% | avg 1.3% budget)
  enemy.physics.frontal_collisions win=  0.161ms avg=  0.165ms p95=  0.281ms max=  0.356ms calls(last=  1,win= 123,total=429) (win 1.0% | avg 1.0% budget)
  enemy.physics.frontal_grid_build win=  0.099ms avg=  0.101ms p95=  0.215ms max=  0.275ms calls(last=  1,win= 123,total=429) (win 0.6% | avg 0.6% budget)
  enemy.cheap.segment_build        win=  0.053ms avg=  0.010ms p95=  0.054ms max=  0.101ms calls(last=  0,win=  22,total=54) (win 0.3% | avg 0.1% budget)
  frame.render.hud.lives           win=  0.053ms avg=  0.053ms p95=  0.053ms max=  0.159ms calls(last=  1,win= 120,total=479) (win 0.3% | avg 0.3% budget)
  frame.render.hud.compass         win=  0.050ms avg=  0.050ms p95=  0.051ms max=  0.312ms calls(last=  1,win= 120,total=479) (win 0.3% | avg 0.3% budget)
  enemy.type.drone                 win=  0.049ms avg=  0.260ms p95=  0.366ms max=  0.551ms calls(last=  7,win= 637,total=1199) (win 0.3% | avg 1.6% budget)
  enemy.ai.movement                win=  0.049ms avg=  0.324ms p95=  0.382ms max=  0.707ms calls(last=  7,win= 801,total=1883) (win 0.3% | avg 1.9% budget)
  frame.render.hud.static          win=  0.045ms avg=  0.045ms p95=  0.060ms max=  0.152ms calls(last=  1,win= 120,total=479) (win 0.3% | avg 0.3% budget)
  enemy.type.assassin              win=  0.045ms avg=  0.313ms p95=  0.397ms max=  0.620ms calls(last=  7,win= 835,total=1967) (win 0.3% | avg 1.9% budget)
[ENEMY_STATS] frame=840 alive=33 visible=6 full=7 cheap=26 fullInBase=1 pairs(frontal=0 checks=0 separation=0 resolved=0)
[ENEMY_WINDOW] steps=123 alive[min=23 max=33] visible[min=3 max=6] full[min=5 max=7] collisionPasses[runs=123 skips=0]
[ENEMY_SEGMENTS] window=2.050s D{b/s=1.46 avgLen=4.10 fail=0} T{b/s=2.93 avgLen=7.62 fail=0} H{b/s=4.39 avgLen=4.94 fail=0} A{b/s=1.95 avgLen=3.50 fail=0}
[ENEMY_GRID] frontal{cand/s=391.7 xcell/s=1.5 ins/s=393.2} separation{cand/s=391.7}
[ENEMY_COLLISION_WINDOW] frontal{pairs/s=0.0 checks/s=0.0 baseSkip=0 kill=0(0.0%)} separation{pairs/s=0.0 resolved/s=0.0(0.0%) baseSkip=0 kill=0 wallBlock=0}
[ENEMY_KILL_DEBUG] enemyEnemy{events=0 frontal=0 separation=0 reenterEither=0 reenterBoth=0 wallContact=0 dist[min=0.000 avg=0.000 max=0.000]}
[ENEMY_NAV_CACHE] playerCell{changes=1 flowRebuilds=0} flow{hit=369 miss=0 hit%=100.0} pathFallback{calls=0 ok=0 ok%=0.0}
[ENEMY_SAP] updates=3570 active=803 pairs=0 repairs{x=744 y=822}
[ENEMY_PAIR_TYPES] frontal DD=0 DT=0 DH=0 DA=0 TT=0 TH=0 TA=0 HH=0 HA=0 AA=0 separation DD=0 DT=0 DH=0 DA=0 TT=0 TH=0 TA=0 HH=0 HA=0 AA=0
[TORPEDO_HEADING] eval/s=0.49 retreat/s=0.49 pick[straight=100.0% left=0.0% right=0.0%] clear[best=4.53 chosen=4.53]
[ENEMY_KILL_DEBUG_COLLISION] projectile{kills=0 wallContact=0}

[PROFILE] frame=960 budget=16.667ms alloc(+75/-75, +168936b/-168936b, live=104768b peak=272504b)
  frame.total                      win= 16.882ms avg= 16.882ms p95= 17.396ms max= 83.488ms calls(last=  1,win= 120,total=960) (win 101.3% | avg 101.3% budget)
  frame.render                     win= 12.838ms avg= 12.838ms p95= 13.546ms max= 83.447ms calls(last=  1,win= 120,total=960) (win 77.0% | avg 77.0% budget)
  frame.present                    win= 11.289ms avg= 11.289ms p95= 12.007ms max= 83.440ms calls(last=  1,win= 120,total=960) (win 67.7% | avg 67.7% budget)
  frame.fixed_step                 win=  3.939ms avg=  4.005ms p95=  4.206ms max= 12.880ms calls(last=  1,win= 122,total=985) (win 23.6% | avg 24.0% budget)
  frame.render.world               win=  3.536ms avg=  3.536ms p95=  3.850ms max=  6.547ms calls(last=  1,win= 120,total=599) (win 21.2% | avg 21.2% budget)
  game.update                      win=  2.997ms avg=  3.047ms p95=  3.222ms max= 12.603ms calls(last=  1,win= 122,total=615) (win 18.0% | avg 18.3% budget)
  system.ai_update                 win=  2.873ms avg=  2.921ms p95=  3.113ms max= 12.537ms calls(last=  1,win= 122,total=615) (win 17.2% | avg 17.5% budget)
  enemy.update                     win=  2.867ms avg=  2.915ms p95=  3.108ms max= 12.532ms calls(last=  1,win= 122,total=615) (win 17.2% | avg 17.5% budget)
  frame.render.world.enemies       win=  1.275ms avg=  1.275ms p95=  1.325ms max=  3.725ms calls(last=  1,win= 120,total=599) (win 7.7% | avg 7.7% budget)
  frame.render.world.maze          win=  1.012ms avg=  1.012ms p95=  1.083ms max=  1.333ms calls(last=  1,win= 120,total=599) (win 6.1% | avg 6.1% budget)
  frame.render.hud                 win=  0.823ms avg=  0.823ms p95=  0.864ms max=  1.110ms calls(last=  1,win= 120,total=599) (win 4.9% | avg 4.9% budget)
  frame.render.world.effects       win=  0.458ms avg=  0.458ms p95=  0.503ms max=  1.303ms calls(last=  1,win= 120,total=599) (win 2.7% | avg 2.7% budget)
  frame.render.hud.minimap         win=  0.400ms avg=  0.400ms p95=  0.443ms max=  0.672ms calls(last=  1,win= 120,total=599) (win 2.4% | avg 2.4% budget)
  frame.render.hud.text            win=  0.217ms avg=  0.217ms p95=  0.236ms max=  0.520ms calls(last=  1,win= 120,total=599) (win 1.3% | avg 1.3% budget)
  enemy.physics.frontal_collisions win=  0.178ms avg=  0.181ms p95=  0.226ms max=  0.671ms calls(last=  1,win= 122,total=551) (win 1.1% | avg 1.1% budget)
  enemy.physics.frontal_grid_build win=  0.105ms avg=  0.107ms p95=  0.156ms max=  0.485ms calls(last=  1,win= 122,total=551) (win 0.6% | avg 0.6% budget)
  enemy.ai.movement                win=  0.057ms avg=  0.437ms p95=  0.509ms max=  0.969ms calls(last=  8,win= 925,total=2808) (win 0.3% | avg 2.6% budget)
  frame.render.hud.lives           win=  0.053ms avg=  0.053ms p95=  0.055ms max=  0.159ms calls(last=  1,win= 120,total=599) (win 0.3% | avg 0.3% budget)
  frame.render.hud.compass         win=  0.051ms avg=  0.051ms p95=  0.052ms max=  0.312ms calls(last=  1,win= 120,total=599) (win 0.3% | avg 0.3% budget)
  enemy.cheap.segment_build        win=  0.049ms avg=  0.009ms p95=  0.051ms max=  0.101ms calls(last=  0,win=  21,total=75) (win 0.3% | avg 0.1% budget)
  enemy.type.assassin              win=  0.048ms avg=  0.367ms p95=  0.455ms max=  0.817ms calls(last=  8,win= 925,total=2892) (win 0.3% | avg 2.2% budget)
  enemy.physics.frontal_pair_traverse win=  0.045ms avg=  0.046ms p95=  0.051ms max=  0.110ms calls(last=  1,win= 122,total=551) (win 0.3% | avg 0.3% budget)
  frame.render.hud.static          win=  0.044ms avg=  0.044ms p95=  0.057ms max=  0.152ms calls(last=  1,win= 120,total=599) (win 0.3% | avg 0.3% budget)
  system.spawner_update            win=  0.042ms avg=  0.042ms p95=  0.184ms max=  0.282ms calls(last=  1,win= 122,total=615) (win 0.3% | avg 0.3% budget)
[ENEMY_STATS] frame=960 alive=38 visible=7 full=8 cheap=30 fullInBase=0 pairs(frontal=0 checks=0 separation=0 resolved=0)
[ENEMY_WINDOW] steps=122 alive[min=33 max=38] visible[min=6 max=7] full[min=7 max=8] collisionPasses[runs=122 skips=0]
[ENEMY_SEGMENTS] window=2.033s D{b/s=1.48 avgLen=4.09 fail=0} T{b/s=4.43 avgLen=6.78 fail=0} H{b/s=3.44 avgLen=5.10 fail=0} A{b/s=1.97 avgLen=4.18 fail=0}
[ENEMY_GRID] frontal{cand/s=455.4 xcell/s=1.5 ins/s=456.9} separation{cand/s=455.4}
[ENEMY_COLLISION_WINDOW] frontal{pairs/s=0.0 checks/s=0.0 baseSkip=0 kill=0(0.0%)} separation{pairs/s=0.0 resolved/s=0.0(0.0%) baseSkip=0 kill=0 wallBlock=0}
[ENEMY_KILL_DEBUG] enemyEnemy{events=0 frontal=0 separation=0 reenterEither=0 reenterBoth=0 wallContact=0 dist[min=0.000 avg=0.000 max=0.000]}
[ENEMY_NAV_CACHE] playerCell{changes=0 flowRebuilds=0} flow{hit=438 miss=0 hit%=100.0} pathFallback{calls=0 ok=0 ok%=0.0}
[ENEMY_SAP] updates=4332 active=926 pairs=0 repairs{x=543 y=591}
[ENEMY_PAIR_TYPES] frontal DD=0 DT=0 DH=0 DA=0 TT=0 TH=0 TA=0 HH=0 HA=0 AA=0 separation DD=0 DT=0 DH=0 DA=0 TT=0 TH=0 TA=0 HH=0 HA=0 AA=0
[ENEMY_KILL_DEBUG_COLLISION] projectile{kills=0 wallContact=0}

[PROFILE] frame=1080 budget=16.667ms alloc(+85/-85, +176328b/-176328b, live=104976b peak=279936b)
  frame.total                      win= 16.899ms avg= 16.899ms p95= 17.357ms max= 83.488ms calls(last=  1,win= 120,total=1080) (win 101.4% | avg 101.4% budget)
  frame.render                     win= 12.333ms avg= 12.333ms p95= 12.854ms max= 83.447ms calls(last=  1,win= 120,total=1080) (win 74.0% | avg 74.0% budget)
  frame.present                    win= 10.771ms avg= 10.771ms p95= 11.352ms max= 83.440ms calls(last=  1,win= 120,total=1080) (win 64.6% | avg 64.6% budget)
  frame.fixed_step                 win=  4.416ms avg=  4.526ms p95=  4.879ms max= 12.880ms calls(last=  1,win= 123,total=1108) (win 26.5% | avg 27.2% budget)
  frame.render.world               win=  3.538ms avg=  3.538ms p95=  3.791ms max=  6.547ms calls(last=  1,win= 120,total=719) (win 21.2% | avg 21.2% budget)
  game.update                      win=  3.371ms avg=  3.455ms p95=  3.771ms max= 12.603ms calls(last=  1,win= 123,total=738) (win 20.2% | avg 20.7% budget)
  system.ai_update                 win=  3.240ms avg=  3.321ms p95=  3.646ms max= 12.537ms calls(last=  1,win= 123,total=738) (win 19.4% | avg 19.9% budget)
  enemy.update                     win=  3.235ms avg=  3.316ms p95=  3.641ms max= 12.532ms calls(last=  1,win= 123,total=738) (win 19.4% | avg 19.9% budget)
  frame.render.world.enemies       win=  1.278ms avg=  1.278ms p95=  1.333ms max=  3.725ms calls(last=  1,win= 120,total=719) (win 7.7% | avg 7.7% budget)
  frame.render.world.maze          win=  1.015ms avg=  1.015ms p95=  1.066ms max=  1.333ms calls(last=  1,win= 120,total=719) (win 6.1% | avg 6.1% budget)
  frame.render.hud                 win=  0.831ms avg=  0.831ms p95=  0.919ms max=  1.110ms calls(last=  1,win= 120,total=719) (win 5.0% | avg 5.0% budget)
  enemy.torpedo.select_heading     win=  0.604ms avg=  0.005ms p95=  0.000ms max=  0.604ms calls(last=  0,win=   1,total=3) (win 3.6% | avg 0.0% budget)
  frame.render.world.effects       win=  0.458ms avg=  0.458ms p95=  0.522ms max=  1.303ms calls(last=  1,win= 120,total=719) (win 2.7% | avg 2.7% budget)
  frame.render.hud.minimap         win=  0.402ms avg=  0.402ms p95=  0.442ms max=  0.672ms calls(last=  1,win= 120,total=719) (win 2.4% | avg 2.4% budget)
  frame.render.hud.text            win=  0.220ms avg=  0.220ms p95=  0.254ms max=  0.520ms calls(last=  1,win= 120,total=719) (win 1.3% | avg 1.3% budget)
  enemy.physics.frontal_collisions win=  0.201ms avg=  0.206ms p95=  0.377ms max=  0.671ms calls(last=  1,win= 123,total=674) (win 1.2% | avg 1.2% budget)
  enemy.physics.frontal_grid_build win=  0.124ms avg=  0.127ms p95=  0.304ms max=  0.485ms calls(last=  1,win= 123,total=674) (win 0.7% | avg 0.8% budget)
  enemy.ai.movement                win=  0.063ms avg=  0.567ms p95=  0.624ms max=  1.174ms calls(last= 10,win=1084,total=3892) (win 0.4% | avg 3.4% budget)
  frame.render.hud.compass         win=  0.052ms avg=  0.052ms p95=  0.052ms max=  0.312ms calls(last=  1,win= 120,total=719) (win 0.3% | avg 0.3% budget)
  frame.render.hud.lives           win=  0.052ms avg=  0.052ms p95=  0.054ms max=  0.159ms calls(last=  1,win= 120,total=719) (win 0.3% | avg 0.3% budget)
  enemy.type.assassin              win=  0.050ms avg=  0.435ms p95=  0.490ms max=  0.883ms calls(last= 10,win=1040,total=3932) (win 0.3% | avg 2.6% budget)
  enemy.physics.frontal_pair_traverse win=  0.049ms avg=  0.051ms p95=  0.060ms max=  0.110ms calls(last=  1,win= 123,total=674) (win 0.3% | avg 0.3% budget)
  enemy.cheap.segment_build        win=  0.048ms avg=  0.013ms p95=  0.056ms max=  0.101ms calls(last=  0,win=  33,total=108) (win 0.3% | avg 0.1% budget)
  system.spawner_update            win=  0.045ms avg=  0.046ms p95=  0.181ms max=  0.282ms calls(last=  1,win= 123,total=738) (win 0.3% | avg 0.3% budget)
[ENEMY_STATS] frame=1080 alive=44 visible=8 full=10 cheap=34 fullInBase=1 pairs(frontal=0 checks=0 separation=0 resolved=0)
[ENEMY_WINDOW] steps=123 alive[min=39 max=44] visible[min=7 max=8] full[min=8 max=10] collisionPasses[runs=123 skips=0]
[ENEMY_SEGMENTS] window=2.050s D{b/s=2.93 avgLen=5.78 fail=0} T{b/s=4.39 avgLen=6.62 fail=0} H{b/s=6.34 avgLen=4.04 fail=0} A{b/s=1.46 avgLen=4.95 fail=0}
[ENEMY_GRID] frontal{cand/s=529.8 xcell/s=2.9 ins/s=532.7} separation{cand/s=529.8}
[ENEMY_COLLISION_WINDOW] frontal{pairs/s=0.0 checks/s=0.0 baseSkip=0 kill=0(0.0%)} separation{pairs/s=0.0 resolved/s=0.0(0.0%) baseSkip=0 kill=0 wallBlock=0}
[ENEMY_KILL_DEBUG] enemyEnemy{events=0 frontal=0 separation=0 reenterEither=0 reenterBoth=0 wallContact=0 dist[min=0.000 avg=0.000 max=0.000]}
[ENEMY_NAV_CACHE] playerCell{changes=0 flowRebuilds=0} flow{hit=495 miss=0 hit%=100.0} pathFallback{calls=0 ok=0 ok%=0.0}
[ENEMY_SAP] updates=4977 active=1086 pairs=0 repairs{x=947 y=1014}
[ENEMY_PAIR_TYPES] frontal DD=0 DT=0 DH=0 DA=0 TT=0 TH=0 TA=0 HH=0 HA=0 AA=0 separation DD=0 DT=0 DH=0 DA=0 TT=0 TH=0 TA=0 HH=0 HA=0 AA=0
[TORPEDO_HEADING] eval/s=0.49 retreat/s=0.00 pick[straight=0.0% left=0.0% right=100.0%] clear[best=15.00 chosen=15.00]
[ENEMY_KILL_DEBUG_COLLISION] projectile{kills=0 wallContact=0}

[PROFILE] frame=1200 budget=16.667ms alloc(+92/-92, +182368b/-182368b, live=105144b peak=286200b)
  frame.total                      win= 16.930ms avg= 16.930ms p95= 17.498ms max= 83.488ms calls(last=  1,win= 120,total=1200) (win 101.6% | avg 101.6% budget)
  frame.render                     win= 11.851ms avg= 11.851ms p95= 12.624ms max= 83.447ms calls(last=  1,win= 120,total=1200) (win 71.1% | avg 71.1% budget)
  frame.present                    win= 10.176ms avg= 10.176ms p95= 11.017ms max= 83.440ms calls(last=  1,win= 120,total=1200) (win 61.1% | avg 61.1% budget)
  frame.fixed_step                 win=  4.956ms avg=  5.038ms p95=  5.462ms max= 12.880ms calls(last=  1,win= 122,total=1230) (win 29.7% | avg 30.2% budget)
  game.update                      win=  3.763ms avg=  3.826ms p95=  4.200ms max= 12.603ms calls(last=  1,win= 122,total=860) (win 22.6% | avg 23.0% budget)
  frame.render.world               win=  3.702ms avg=  3.702ms p95=  4.090ms max=  7.641ms calls(last=  1,win= 120,total=839) (win 22.2% | avg 22.2% budget)
  system.ai_update                 win=  3.625ms avg=  3.685ms p95=  4.015ms max= 12.537ms calls(last=  1,win= 122,total=860) (win 21.7% | avg 22.1% budget)
  enemy.update                     win=  3.618ms avg=  3.679ms p95=  4.010ms max= 12.532ms calls(last=  1,win= 122,total=860) (win 21.7% | avg 22.1% budget)
  frame.render.world.enemies       win=  1.316ms avg=  1.316ms p95=  1.413ms max=  3.750ms calls(last=  1,win= 120,total=839) (win 7.9% | avg 7.9% budget)
  frame.render.world.maze          win=  1.046ms avg=  1.046ms p95=  1.164ms max=  1.333ms calls(last=  1,win= 120,total=839) (win 6.3% | avg 6.3% budget)
  frame.render.hud                 win=  0.879ms avg=  0.879ms p95=  0.952ms max=  1.607ms calls(last=  1,win= 120,total=839) (win 5.3% | avg 5.3% budget)
  frame.render.world.effects       win=  0.594ms avg=  0.594ms p95=  0.951ms max=  1.737ms calls(last=  1,win= 120,total=839) (win 3.6% | avg 3.6% budget)
  frame.render.hud.minimap         win=  0.444ms avg=  0.444ms p95=  0.490ms max=  0.672ms calls(last=  1,win= 120,total=839) (win 2.7% | avg 2.7% budget)
  enemy.physics.frontal_collisions win=  0.226ms avg=  0.230ms p95=  0.404ms max=  0.671ms calls(last=  1,win= 122,total=796) (win 1.4% | avg 1.4% budget)
  frame.render.hud.text            win=  0.225ms avg=  0.225ms p95=  0.266ms max=  0.538ms calls(last=  1,win= 120,total=839) (win 1.3% | avg 1.3% budget)
  enemy.physics.frontal_grid_build win=  0.139ms avg=  0.141ms p95=  0.246ms max=  0.485ms calls(last=  1,win= 122,total=796) (win 0.8% | avg 0.8% budget)
  enemy.ai.movement                win=  0.070ms avg=  0.732ms p95=  0.842ms max=  1.395ms calls(last= 11,win=1248,total=5140) (win 0.4% | avg 4.4% budget)
  enemy.type.assassin              win=  0.058ms avg=  0.593ms p95=  0.669ms max=  1.171ms calls(last= 11,win=1225,total=5157) (win 0.3% | avg 3.6% budget)
  enemy.physics.frontal_pair_traverse win=  0.057ms avg=  0.058ms p95=  0.091ms max=  0.156ms calls(last=  1,win= 122,total=796) (win 0.3% | avg 0.3% budget)
  frame.render.hud.lives           win=  0.053ms avg=  0.053ms p95=  0.054ms max=  0.159ms calls(last=  1,win= 120,total=839) (win 0.3% | avg 0.3% budget)
  enemy.cheap.segment_build        win=  0.050ms avg=  0.012ms p95=  0.055ms max=  0.101ms calls(last=  0,win=  29,total=137) (win 0.3% | avg 0.1% budget)
  frame.render.hud.compass         win=  0.050ms avg=  0.050ms p95=  0.053ms max=  0.312ms calls(last=  1,win= 120,total=839) (win 0.3% | avg 0.3% budget)
  system.spawner_update            win=  0.048ms avg=  0.049ms p95=  0.196ms max=  0.295ms calls(last=  1,win= 122,total=860) (win 0.3% | avg 0.3% budget)
  frame.render.hud.static          win=  0.046ms avg=  0.046ms p95=  0.058ms max=  0.152ms calls(last=  1,win= 120,total=839) (win 0.3% | avg 0.3% budget)
[ENEMY_STATS] frame=1200 alive=50 visible=8 full=11 cheap=39 fullInBase=2 pairs(frontal=0 checks=0 separation=0 resolved=0)
[ENEMY_WINDOW] steps=122 alive[min=44 max=50] visible[min=7 max=8] full[min=10 max=11] collisionPasses[runs=122 skips=0]
[ENEMY_SEGMENTS] window=2.033s D{b/s=1.48 avgLen=5.69 fail=0} T{b/s=3.44 avgLen=5.64 fail=0} H{b/s=7.38 avgLen=4.28 fail=0} A{b/s=2.46 avgLen=5.44 fail=0}
[ENEMY_GRID] frontal{cand/s=614.3 xcell/s=2.5 ins/s=616.7} separation{cand/s=614.3}
[ENEMY_COLLISION_WINDOW] frontal{pairs/s=0.0 checks/s=0.0 baseSkip=0 kill=0(0.0%)} separation{pairs/s=0.0 resolved/s=0.0(0.0%) baseSkip=0 kill=0 wallBlock=0}
[ENEMY_KILL_DEBUG] enemyEnemy{events=0 frontal=0 separation=0 reenterEither=0 reenterBoth=0 wallContact=0 dist[min=0.000 avg=0.000 max=0.000]}
[ENEMY_NAV_CACHE] playerCell{changes=0 flowRebuilds=0} flow{hit=610 miss=0 hit%=100.0} pathFallback{calls=0 ok=0 ok%=0.0}
[ENEMY_SAP] updates=5589 active=1249 pairs=0 repairs{x=1291 y=1367}
[ENEMY_PAIR_TYPES] frontal DD=0 DT=0 DH=0 DA=0 TT=0 TH=0 TA=0 HH=0 HA=0 AA=0 separation DD=0 DT=0 DH=0 DA=0 TT=0 TH=0 TA=0 HH=0 HA=0 AA=0
[ENEMY_KILL_DEBUG_COLLISION] projectile{kills=0 wallContact=0}

[PROFILE] frame=1320 budget=16.667ms alloc(+92/-92, +184448b/-184448b, live=105464b peak=288768b)
  frame.total                      win= 16.953ms avg= 16.953ms p95= 17.458ms max= 83.488ms calls(last=  1,win= 120,total=1320) (win 101.7% | avg 101.7% budget)
  frame.render                     win= 11.424ms avg= 11.424ms p95= 12.111ms max= 83.447ms calls(last=  1,win= 120,total=1320) (win 68.5% | avg 68.5% budget)
  frame.present                    win=  9.822ms avg=  9.822ms p95= 10.626ms max= 83.440ms calls(last=  1,win= 120,total=1320) (win 58.9% | avg 58.9% budget)
  frame.fixed_step                 win=  5.355ms avg=  5.489ms p95=  5.661ms max= 12.880ms calls(last=  1,win= 123,total=1353) (win 32.1% | avg 32.9% budget)
  game.update                      win=  4.018ms avg=  4.118ms p95=  4.356ms max= 12.603ms calls(last=  1,win= 123,total=983) (win 24.1% | avg 24.7% budget)
  frame.render.world               win=  4.004ms avg=  4.004ms p95=  4.310ms max=  7.641ms calls(last=  1,win= 120,total=959) (win 24.0% | avg 24.0% budget)
  system.ai_update                 win=  3.865ms avg=  3.962ms p95=  4.118ms max= 12.537ms calls(last=  1,win= 123,total=983) (win 23.2% | avg 23.8% budget)
  enemy.update                     win=  3.859ms avg=  3.956ms p95=  4.113ms max= 12.532ms calls(last=  1,win= 123,total=983) (win 23.2% | avg 23.7% budget)
  frame.render.world.enemies       win=  1.292ms avg=  1.292ms p95=  1.383ms max=  3.750ms calls(last=  1,win= 120,total=959) (win 7.8% | avg 7.8% budget)
  frame.render.world.maze          win=  1.043ms avg=  1.043ms p95=  1.225ms max=  1.462ms calls(last=  1,win= 120,total=959) (win 6.3% | avg 6.3% budget)
  frame.render.hud                 win=  0.882ms avg=  0.882ms p95=  0.945ms max=  1.607ms calls(last=  1,win= 120,total=959) (win 5.3% | avg 5.3% budget)
  frame.render.world.effects       win=  0.849ms avg=  0.849ms p95=  1.061ms max=  1.737ms calls(last=  1,win= 120,total=959) (win 5.1% | avg 5.1% budget)
  frame.render.hud.minimap         win=  0.455ms avg=  0.455ms p95=  0.495ms max=  0.696ms calls(last=  1,win= 120,total=959) (win 2.7% | avg 2.7% budget)
  enemy.physics.frontal_collisions win=  0.228ms avg=  0.233ms p95=  0.416ms max=  0.671ms calls(last=  1,win= 123,total=919) (win 1.4% | avg 1.4% budget)
  frame.render.hud.text            win=  0.218ms avg=  0.218ms p95=  0.265ms max=  0.538ms calls(last=  1,win= 120,total=959) (win 1.3% | avg 1.3% budget)
  enemy.physics.frontal_grid_build win=  0.142ms avg=  0.146ms p95=  0.254ms max=  0.501ms calls(last=  1,win= 123,total=919) (win 0.9% | avg 0.9% budget)
  enemy.ai.movement                win=  0.076ms avg=  0.825ms p95=  0.900ms max=  1.705ms calls(last= 11,win=1306,total=6446) (win 0.5% | avg 4.9% budget)
  frame.render.hud.lives           win=  0.054ms avg=  0.054ms p95=  0.053ms max=  0.250ms calls(last=  1,win= 120,total=959) (win 0.3% | avg 0.3% budget)
  enemy.physics.frontal_pair_traverse win=  0.053ms avg=  0.055ms p95=  0.060ms max=  0.156ms calls(last=  1,win= 123,total=919) (win 0.3% | avg 0.3% budget)
  enemy.type.assassin              win=  0.053ms avg=  0.603ms p95=  0.741ms max=  1.236ms calls(last= 12,win=1365,total=6522) (win 0.3% | avg 3.6% budget)
  enemy.ai.perception              win=  0.050ms avg=  0.548ms p95=  0.622ms max=  1.051ms calls(last= 11,win=1306,total=6446) (win 0.3% | avg 3.3% budget)
  frame.render.hud.compass         win=  0.050ms avg=  0.050ms p95=  0.051ms max=  0.312ms calls(last=  1,win= 120,total=959) (win 0.3% | avg 0.3% budget)
  system.spawner_update            win=  0.047ms avg=  0.048ms p95=  0.163ms max=  0.305ms calls(last=  1,win= 123,total=983) (win 0.3% | avg 0.3% budget)
  enemy.cheap.segment_build        win=  0.047ms avg=  0.012ms p95=  0.053ms max=  0.101ms calls(last=  0,win=  31,total=168) (win 0.3% | avg 0.1% budget)
[ENEMY_STATS] frame=1320 alive=52 visible=8 full=11 cheap=41 fullInBase=1 pairs(frontal=0 checks=0 separation=0 resolved=0)
[ENEMY_WINDOW] steps=123 alive[min=50 max=52] visible[min=7 max=8] full[min=10 max=11] collisionPasses[runs=123 skips=0]
[ENEMY_SEGMENTS] window=2.050s D{b/s=1.46 avgLen=4.24 fail=0} T{b/s=5.37 avgLen=5.00 fail=0} H{b/s=5.85 avgLen=5.27 fail=0} A{b/s=1.95 avgLen=4.23 fail=0}
[ENEMY_GRID] frontal{cand/s=637.1 xcell/s=3.4 ins/s=640.5} separation{cand/s=637.1}
[ENEMY_COLLISION_WINDOW] frontal{pairs/s=0.0 checks/s=0.0 baseSkip=0 kill=0(0.0%)} separation{pairs/s=0.0 resolved/s=0.0(0.0%) baseSkip=0 kill=0 wallBlock=0}
[ENEMY_KILL_DEBUG] enemyEnemy{events=0 frontal=0 separation=0 reenterEither=0 reenterBoth=0 wallContact=0 dist[min=0.000 avg=0.000 max=0.000]}
[ENEMY_NAV_CACHE] playerCell{changes=0 flowRebuilds=0} flow{hit=568 miss=0 hit%=100.0} pathFallback{calls=0 ok=0 ok%=0.0}
[ENEMY_SAP] updates=6286 active=1306 pairs=0 repairs{x=966 y=1007}
[ENEMY_PAIR_TYPES] frontal DD=0 DT=0 DH=0 DA=0 TT=0 TH=0 TA=0 HH=0 HA=0 AA=0 separation DD=0 DT=0 DH=0 DA=0 TT=0 TH=0 TA=0 HH=0 HA=0 AA=0
[ENEMY_KILL_DEBUG_COLLISION] projectile{kills=1 wallContact=0}

[PROFILE] frame=1440 budget=16.667ms alloc(+100/-100, +192720b/-192720b, live=105672b peak=297080b)
  frame.total                      win= 16.995ms avg= 16.995ms p95= 17.738ms max= 83.488ms calls(last=  1,win= 120,total=1440) (win 102.0% | avg 102.0% budget)
  frame.render                     win= 11.276ms avg= 11.276ms p95= 12.154ms max= 83.447ms calls(last=  1,win= 120,total=1440) (win 67.7% | avg 67.7% budget)
  frame.present                    win=  9.608ms avg=  9.608ms p95= 10.573ms max= 83.440ms calls(last=  1,win= 120,total=1440) (win 57.6% | avg 57.6% budget)
  frame.fixed_step                 win=  5.541ms avg=  5.680ms p95=  6.035ms max= 12.880ms calls(last=  1,win= 123,total=1476) (win 33.2% | avg 34.1% budget)
  game.update                      win=  4.023ms avg=  4.124ms p95=  4.453ms max= 12.603ms calls(last=  1,win= 123,total=1106) (win 24.1% | avg 24.7% budget)
  frame.render.world               win=  4.021ms avg=  4.021ms p95=  4.360ms max=  8.302ms calls(last=  1,win= 120,total=1079) (win 24.1% | avg 24.1% budget)
  system.ai_update                 win=  3.859ms avg=  3.956ms p95=  4.325ms max= 12.537ms calls(last=  1,win= 123,total=1106) (win 23.2% | avg 23.7% budget)
  enemy.update                     win=  3.854ms avg=  3.950ms p95=  4.320ms max= 12.532ms calls(last=  1,win= 123,total=1106) (win 23.1% | avg 23.7% budget)
  frame.render.world.enemies       win=  1.296ms avg=  1.296ms p95=  1.394ms max=  3.750ms calls(last=  1,win= 120,total=1079) (win 7.8% | avg 7.8% budget)
  frame.render.world.maze          win=  1.052ms avg=  1.052ms p95=  1.161ms max=  1.462ms calls(last=  1,win= 120,total=1079) (win 6.3% | avg 6.3% budget)
  frame.render.world.effects       win=  0.889ms avg=  0.889ms p95=  1.014ms max=  5.102ms calls(last=  1,win= 120,total=1079) (win 5.3% | avg 5.3% budget)
  frame.render.hud                 win=  0.889ms avg=  0.889ms p95=  0.962ms max=  1.607ms calls(last=  1,win= 120,total=1079) (win 5.3% | avg 5.3% budget)
  enemy.torpedo.select_heading     win=  0.561ms avg=  0.009ms p95=  0.000ms max=  0.604ms calls(last=  0,win=   2,total=5) (win 3.4% | avg 0.1% budget)
  frame.render.hud.minimap         win=  0.463ms avg=  0.463ms p95=  0.541ms max=  0.727ms calls(last=  1,win= 120,total=1079) (win 2.8% | avg 2.8% budget)
  enemy.physics.frontal_collisions win=  0.267ms avg=  0.274ms p95=  0.583ms max=  0.674ms calls(last=  1,win= 123,total=1042) (win 1.6% | avg 1.6% budget)
  frame.render.hud.text            win=  0.218ms avg=  0.218ms p95=  0.256ms max=  0.538ms calls(last=  1,win= 120,total=1079) (win 1.3% | avg 1.3% budget)
  enemy.physics.frontal_grid_build win=  0.175ms avg=  0.179ms p95=  0.498ms max=  0.579ms calls(last=  1,win= 123,total=1042) (win 1.0% | avg 1.1% budget)
  enemy.ai.movement                win=  0.077ms avg=  0.784ms p95=  0.874ms max=  1.705ms calls(last= 10,win=1215,total=7661) (win 0.5% | avg 4.7% budget)
  enemy.physics.frontal_pair_traverse win=  0.060ms avg=  0.061ms p95=  0.080ms max=  0.218ms calls(last=  1,win= 123,total=1042) (win 0.4% | avg 0.4% budget)
  system.spawner_update            win=  0.052ms avg=  0.054ms p95=  0.192ms max=  0.305ms calls(last=  1,win= 123,total=1106) (win 0.3% | avg 0.3% budget)
  frame.render.hud.lives           win=  0.052ms avg=  0.052ms p95=  0.053ms max=  0.250ms calls(last=  1,win= 120,total=1079) (win 0.3% | avg 0.3% budget)
  enemy.type.assassin              win=  0.052ms avg=  0.651ms p95=  0.723ms max=  1.331ms calls(last= 12,win=1511,total=8033) (win 0.3% | avg 3.9% budget)
  frame.render.hud.compass         win=  0.050ms avg=  0.050ms p95=  0.052ms max=  0.312ms calls(last=  1,win= 120,total=1079) (win 0.3% | avg 0.3% budget)
  enemy.ai.perception              win=  0.050ms avg=  0.505ms p95=  0.618ms max=  1.142ms calls(last= 10,win=1215,total=7661) (win 0.3% | avg 3.0% budget)
[ENEMY_STATS] frame=1440 alive=60 visible=8 full=10 cheap=50 fullInBase=1 pairs(frontal=0 checks=0 separation=0 resolved=0)
[ENEMY_WINDOW] steps=123 alive[min=53 max=60] visible[min=7 max=8] full[min=9 max=11] collisionPasses[runs=123 skips=0]
[ENEMY_SEGMENTS] window=2.050s D{b/s=1.95 avgLen=4.03 fail=0} T{b/s=7.32 avgLen=6.10 fail=0} H{b/s=8.29 avgLen=5.40 fail=0} A{b/s=2.44 avgLen=4.92 fail=0}
[ENEMY_GRID] frontal{cand/s=592.2 xcell/s=3.4 ins/s=595.6} separation{cand/s=592.2}
[ENEMY_COLLISION_WINDOW] frontal{pairs/s=0.0 checks/s=0.0 baseSkip=0 kill=0(0.0%)} separation{pairs/s=0.0 resolved/s=0.0(0.0%) baseSkip=0 kill=0 wallBlock=0}
[ENEMY_KILL_DEBUG] enemyEnemy{events=0 frontal=0 separation=0 reenterEither=0 reenterBoth=0 wallContact=0 dist[min=0.000 avg=0.000 max=0.000]}
[ENEMY_NAV_CACHE] playerCell{changes=0 flowRebuilds=0} flow{hit=568 miss=0 hit%=100.0} pathFallback{calls=0 ok=0 ok%=0.0}
[ENEMY_SAP] updates=7011 active=1214 pairs=0 repairs{x=2621 y=2729}
[ENEMY_PAIR_TYPES] frontal DD=0 DT=0 DH=0 DA=0 TT=0 TH=0 TA=0 HH=0 HA=0 AA=0 separation DD=0 DT=0 DH=0 DA=0 TT=0 TH=0 TA=0 HH=0 HA=0 AA=0
[TORPEDO_HEADING] eval/s=0.98 retreat/s=0.00 pick[straight=50.0% left=0.0% right=50.0%] clear[best=14.58 chosen=14.58]
[ENEMY_KILL_DEBUG_COLLISION] projectile{kills=1 wallContact=0}

[PROFILE] frame=1560 budget=16.667ms alloc(+113/-113, +198232b/-198232b, live=166184b peak=362616b)
  frame.total                      win= 17.036ms avg= 17.036ms p95= 17.519ms max= 83.488ms calls(last=  1,win= 120,total=1560) (win 102.2% | avg 102.2% budget)
  frame.render                     win= 10.844ms avg= 10.844ms p95= 11.460ms max= 83.447ms calls(last=  1,win= 120,total=1560) (win 65.1% | avg 65.1% budget)
  frame.present                    win=  9.223ms avg=  9.223ms p95=  9.916ms max= 83.440ms calls(last=  1,win= 120,total=1560) (win 55.3% | avg 55.3% budget)
  frame.fixed_step                 win=  5.952ms avg=  6.151ms p95=  6.606ms max= 13.129ms calls(last=  1,win= 124,total=1600) (win 35.7% | avg 36.9% budget)
  game.update                      win=  4.271ms avg=  4.413ms p95=  4.715ms max= 12.603ms calls(last=  1,win= 124,total=1230) (win 25.6% | avg 26.5% budget)
  system.ai_update                 win=  4.099ms avg=  4.236ms p95=  4.472ms max= 12.537ms calls(last=  1,win= 124,total=1230) (win 24.6% | avg 25.4% budget)
  enemy.update                     win=  4.094ms avg=  4.230ms p95=  4.467ms max= 12.532ms calls(last=  1,win= 124,total=1230) (win 24.6% | avg 25.4% budget)
  frame.render.world               win=  3.958ms avg=  3.958ms p95=  4.271ms max=  8.302ms calls(last=  1,win= 120,total=1199) (win 23.7% | avg 23.7% budget)
  frame.render.world.enemies       win=  1.303ms avg=  1.303ms p95=  1.408ms max=  3.750ms calls(last=  1,win= 120,total=1199) (win 7.8% | avg 7.8% budget)
  frame.render.world.maze          win=  1.038ms avg=  1.038ms p95=  1.173ms max=  1.462ms calls(last=  1,win= 120,total=1199) (win 6.2% | avg 6.2% budget)
  frame.render.hud                 win=  0.884ms avg=  0.884ms p95=  0.953ms max=  1.607ms calls(last=  1,win= 120,total=1199) (win 5.3% | avg 5.3% budget)
  frame.render.world.effects       win=  0.829ms avg=  0.829ms p95=  0.947ms max=  5.102ms calls(last=  1,win= 120,total=1199) (win 5.0% | avg 5.0% budget)
  enemy.torpedo.select_heading     win=  0.561ms avg=  0.009ms p95=  0.000ms max=  0.694ms calls(last=  0,win=   2,total=7) (win 3.4% | avg 0.1% budget)
  frame.render.hud.minimap         win=  0.460ms avg=  0.460ms p95=  0.533ms max=  0.731ms calls(last=  1,win= 120,total=1199) (win 2.8% | avg 2.8% budget)
  enemy.physics.frontal_collisions win=  0.273ms avg=  0.282ms p95=  0.632ms max=  1.052ms calls(last=  1,win= 124,total=1166) (win 1.6% | avg 1.7% budget)
  frame.render.hud.text            win=  0.218ms avg=  0.218ms p95=  0.258ms max=  0.538ms calls(last=  1,win= 120,total=1199) (win 1.3% | avg 1.3% budget)
  enemy.physics.frontal_grid_build win=  0.181ms avg=  0.187ms p95=  0.543ms max=  0.864ms calls(last=  1,win= 124,total=1166) (win 1.1% | avg 1.1% budget)
  enemy.ai.movement                win=  0.087ms avg=  0.914ms p95=  1.018ms max=  1.963ms calls(last= 10,win=1260,total=8921) (win 0.5% | avg 5.5% budget)
  enemy.physics.frontal_pair_traverse win=  0.060ms avg=  0.062ms p95=  0.075ms max=  0.218ms calls(last=  1,win= 124,total=1166) (win 0.4% | avg 0.4% budget)
  system.spawner_update            win=  0.057ms avg=  0.059ms p95=  0.216ms max=  0.305ms calls(last=  1,win= 124,total=1230) (win 0.3% | avg 0.4% budget)
  frame.render.hud.lives           win=  0.052ms avg=  0.052ms p95=  0.053ms max=  0.250ms calls(last=  1,win= 120,total=1199) (win 0.3% | avg 0.3% budget)
  frame.render.hud.compass         win=  0.050ms avg=  0.050ms p95=  0.052ms max=  0.312ms calls(last=  1,win= 120,total=1199) (win 0.3% | avg 0.3% budget)
  enemy.ai.perception              win=  0.049ms avg=  0.514ms p95=  0.565ms max=  1.142ms calls(last= 10,win=1260,total=8921) (win 0.3% | avg 3.1% budget)
  frame.render.hud.static          win=  0.045ms avg=  0.045ms p95=  0.056ms max=  0.152ms calls(last=  1,win= 120,total=1199) (win 0.3% | avg 0.3% budget)
[ENEMY_STATS] frame=1560 alive=66 visible=7 full=10 cheap=56 fullInBase=0 pairs(frontal=0 checks=0 separation=0 resolved=0)
[ENEMY_WINDOW] steps=124 alive[min=60 max=66] visible[min=7 max=8] full[min=10 max=11] collisionPasses[runs=124 skips=0]
[ENEMY_SEGMENTS] window=2.067s D{b/s=4.35 avgLen=4.34 fail=0} T{b/s=4.84 avgLen=5.90 fail=4} H{b/s=12.58 avgLen=4.63 fail=0} A{b/s=3.87 avgLen=5.11 fail=0}
[ENEMY_GRID] frontal{cand/s=609.7 xcell/s=2.4 ins/s=612.1} separation{cand/s=609.7}
[ENEMY_COLLISION_WINDOW] frontal{pairs/s=0.0 checks/s=0.0 baseSkip=0 kill=0(0.0%)} separation{pairs/s=0.0 resolved/s=0.0(0.0%) baseSkip=0 kill=0 wallBlock=0}
[ENEMY_KILL_DEBUG] enemyEnemy{events=0 frontal=0 separation=0 reenterEither=0 reenterBoth=0 wallContact=0 dist[min=0.000 avg=0.000 max=0.000]}
[ENEMY_NAV_CACHE] playerCell{changes=0 flowRebuilds=0} flow{hit=469 miss=0 hit%=100.0} pathFallback{calls=0 ok=0 ok%=0.0}
[ENEMY_SAP] updates=7770 active=1260 pairs=0 repairs{x=2616 y=2669}
[ENEMY_PAIR_TYPES] frontal DD=0 DT=0 DH=0 DA=0 TT=0 TH=0 TA=0 HH=0 HA=0 AA=0 separation DD=0 DT=0 DH=0 DA=0 TT=0 TH=0 TA=0 HH=0 HA=0 AA=0
[TORPEDO_HEADING] eval/s=0.97 retreat/s=0.00 pick[straight=0.0% left=0.0% right=100.0%] clear[best=15.00 chosen=15.00]
[ENEMY_KILL_DEBUG_COLLISION] projectile{kills=1 wallContact=0}

[PROFILE] frame=1680 budget=16.667ms alloc(+119/-119, +203768b/-203768b, live=166280b peak=367920b)
  frame.total                      win= 17.052ms avg= 17.052ms p95= 17.633ms max= 83.488ms calls(last=  1,win= 120,total=1680) (win 102.3% | avg 102.3% budget)
  frame.render                     win= 10.309ms avg= 10.309ms p95= 10.950ms max= 83.447ms calls(last=  1,win= 120,total=1680) (win 61.9% | avg 61.9% budget)
  frame.present                    win=  8.731ms avg=  8.731ms p95=  9.478ms max= 83.440ms calls(last=  1,win= 120,total=1680) (win 52.4% | avg 52.4% budget)
  frame.fixed_step                 win=  6.539ms avg=  6.702ms p95=  7.005ms max= 13.129ms calls(last=  1,win= 123,total=1723) (win 39.2% | avg 40.2% budget)
  game.update                      win=  4.679ms avg=  4.796ms p95=  5.160ms max= 12.603ms calls(last=  1,win= 123,total=1353) (win 28.1% | avg 28.8% budget)
  system.ai_update                 win=  4.518ms avg=  4.631ms p95=  5.018ms max= 12.537ms calls(last=  1,win= 123,total=1353) (win 27.1% | avg 27.8% budget)
  enemy.update                     win=  4.513ms avg=  4.625ms p95=  5.013ms max= 12.532ms calls(last=  1,win= 123,total=1353) (win 27.1% | avg 27.8% budget)
  frame.render.world               win=  3.971ms avg=  3.971ms p95=  4.254ms max=  8.302ms calls(last=  1,win= 120,total=1319) (win 23.8% | avg 23.8% budget)
  frame.render.world.enemies       win=  1.307ms avg=  1.307ms p95=  1.421ms max=  3.750ms calls(last=  1,win= 120,total=1319) (win 7.8% | avg 7.8% budget)
  frame.render.world.maze          win=  1.021ms avg=  1.021ms p95=  1.119ms max=  1.462ms calls(last=  1,win= 120,total=1319) (win 6.1% | avg 6.1% budget)
  frame.render.hud                 win=  0.887ms avg=  0.887ms p95=  0.951ms max=  1.607ms calls(last=  1,win= 120,total=1319) (win 5.3% | avg 5.3% budget)
  frame.render.world.effects       win=  0.822ms avg=  0.822ms p95=  1.009ms max=  5.102ms calls(last=  1,win= 120,total=1319) (win 4.9% | avg 4.9% budget)
  enemy.torpedo.select_heading     win=  0.474ms avg=  0.012ms p95=  0.000ms max=  0.694ms calls(last=  0,win=   3,total=10) (win 2.8% | avg 0.1% budget)
  frame.render.hud.minimap         win=  0.456ms avg=  0.456ms p95=  0.501ms max=  0.731ms calls(last=  1,win= 120,total=1319) (win 2.7% | avg 2.7% budget)
  enemy.physics.frontal_collisions win=  0.284ms avg=  0.291ms p95=  0.560ms max=  1.052ms calls(last=  1,win= 123,total=1289) (win 1.7% | avg 1.7% budget)
  frame.render.hud.text            win=  0.223ms avg=  0.223ms p95=  0.260ms max=  0.538ms calls(last=  1,win= 120,total=1319) (win 1.3% | avg 1.3% budget)
  enemy.physics.frontal_grid_build win=  0.188ms avg=  0.193ms p95=  0.365ms max=  0.864ms calls(last=  1,win= 123,total=1289) (win 1.1% | avg 1.2% budget)
  enemy.ai.movement                win=  0.101ms avg=  1.126ms p95=  1.253ms max=  2.206ms calls(last= 12,win=1344,total=10265) (win 0.6% | avg 6.8% budget)
  enemy.physics.frontal_pair_traverse win=  0.063ms avg=  0.065ms p95=  0.071ms max=  0.218ms calls(last=  1,win= 123,total=1289) (win 0.4% | avg 0.4% budget)
  system.spawner_update            win=  0.059ms avg=  0.061ms p95=  0.206ms max=  0.305ms calls(last=  1,win= 123,total=1353) (win 0.4% | avg 0.4% budget)
  frame.render.hud.lives           win=  0.052ms avg=  0.052ms p95=  0.053ms max=  0.250ms calls(last=  1,win= 120,total=1319) (win 0.3% | avg 0.3% budget)
  enemy.ai.perception              win=  0.052ms avg=  0.579ms p95=  0.671ms max=  1.158ms calls(last= 12,win=1344,total=10265) (win 0.3% | avg 3.5% budget)
  frame.render.hud.compass         win=  0.050ms avg=  0.050ms p95=  0.052ms max=  0.312ms calls(last=  1,win= 120,total=1319) (win 0.3% | avg 0.3% budget)
  enemy.type.assassin              win=  0.046ms avg=  0.609ms p95=  0.698ms max=  1.331ms calls(last= 13,win=1581,total=11151) (win 0.3% | avg 3.7% budget)
[ENEMY_STATS] frame=1680 alive=71 visible=6 full=12 cheap=59 fullInBase=1 pairs(frontal=0 checks=0 separation=0 resolved=0)
[ENEMY_WINDOW] steps=123 alive[min=66 max=71] visible[min=5 max=7] full[min=10 max=12] collisionPasses[runs=123 skips=0]
[ENEMY_SEGMENTS] window=2.050s D{b/s=3.41 avgLen=4.43 fail=0} T{b/s=5.85 avgLen=7.43 fail=0} H{b/s=10.24 avgLen=4.87 fail=26} A{b/s=1.46 avgLen=6.85 fail=0}
[ENEMY_GRID] frontal{cand/s=656.6 xcell/s=4.4 ins/s=661.0} separation{cand/s=656.6}
[ENEMY_COLLISION_WINDOW] frontal{pairs/s=0.0 checks/s=0.0 baseSkip=0 kill=0(0.0%)} separation{pairs/s=0.0 resolved/s=0.0(0.0%) baseSkip=0 kill=0 wallBlock=0}
[ENEMY_KILL_DEBUG] enemyEnemy{events=0 frontal=0 separation=0 reenterEither=0 reenterBoth=0 wallContact=0 dist[min=0.000 avg=0.000 max=0.000]}
[ENEMY_NAV_CACHE] playerCell{changes=0 flowRebuilds=0} flow{hit=475 miss=0 hit%=100.0} pathFallback{calls=0 ok=0 ok%=0.0}
[ENEMY_SAP] updates=8338 active=1346 pairs=0 repairs{x=2098 y=2142}
[ENEMY_PAIR_TYPES] frontal DD=0 DT=0 DH=0 DA=0 TT=0 TH=0 TA=0 HH=0 HA=0 AA=0 separation DD=0 DT=0 DH=0 DA=0 TT=0 TH=0 TA=0 HH=0 HA=0 AA=0
[TORPEDO_HEADING] eval/s=1.46 retreat/s=0.00 pick[straight=66.7% left=0.0% right=33.3%] clear[best=14.48 chosen=14.48]
[ENEMY_KILL_DEBUG_COLLISION] projectile{kills=0 wallContact=0}

[PROFILE] frame=1800 budget=16.667ms alloc(+128/-128, +214704b/-214608b, live=166584b peak=377576b)
  frame.total                      win= 17.108ms avg= 17.108ms p95= 17.518ms max= 83.488ms calls(last=  1,win= 120,total=1800) (win 102.6% | avg 102.6% budget)
  frame.render                     win=  9.922ms avg=  9.922ms p95= 10.560ms max= 83.447ms calls(last=  1,win= 120,total=1800) (win 59.5% | avg 59.5% budget)
  frame.present                    win=  8.284ms avg=  8.284ms p95=  8.876ms max= 83.440ms calls(last=  1,win= 120,total=1800) (win 49.7% | avg 49.7% budget)
  frame.fixed_step                 win=  6.915ms avg=  7.145ms p95=  7.717ms max= 13.649ms calls(last=  1,win= 124,total=1847) (win 41.5% | avg 42.9% budget)
  game.update                      win=  4.812ms avg=  4.972ms p95=  5.528ms max= 12.603ms calls(last=  1,win= 124,total=1477) (win 28.9% | avg 29.8% budget)
  system.ai_update                 win=  4.637ms avg=  4.792ms p95=  5.379ms max= 12.537ms calls(last=  1,win= 124,total=1477) (win 27.8% | avg 28.8% budget)
  enemy.update                     win=  4.632ms avg=  4.786ms p95=  5.372ms max= 12.532ms calls(last=  1,win= 124,total=1477) (win 27.8% | avg 28.7% budget)
  frame.render.world               win=  3.977ms avg=  3.977ms p95=  4.191ms max=  8.302ms calls(last=  1,win= 120,total=1439) (win 23.9% | avg 23.9% budget)
  frame.render.world.enemies       win=  1.309ms avg=  1.309ms p95=  1.374ms max=  3.750ms calls(last=  1,win= 120,total=1439) (win 7.9% | avg 7.9% budget)
  frame.render.world.maze          win=  1.053ms avg=  1.053ms p95=  1.136ms max=  1.462ms calls(last=  1,win= 120,total=1439) (win 6.3% | avg 6.3% budget)
  frame.render.hud                 win=  0.889ms avg=  0.889ms p95=  0.963ms max=  1.607ms calls(last=  1,win= 120,total=1439) (win 5.3% | avg 5.3% budget)
  frame.render.world.effects       win=  0.823ms avg=  0.823ms p95=  0.935ms max=  5.102ms calls(last=  1,win= 120,total=1439) (win 4.9% | avg 4.9% budget)
  frame.render.hud.minimap         win=  0.460ms avg=  0.460ms p95=  0.523ms max=  0.731ms calls(last=  1,win= 120,total=1439) (win 2.8% | avg 2.8% budget)
  enemy.torpedo.select_heading     win=  0.428ms avg=  0.011ms p95=  0.000ms max=  0.694ms calls(last=  0,win=   3,total=13) (win 2.6% | avg 0.1% budget)
  enemy.physics.frontal_collisions win=  0.322ms avg=  0.333ms p95=  0.843ms max=  1.052ms calls(last=  1,win= 124,total=1413) (win 1.9% | avg 2.0% budget)
  enemy.physics.frontal_grid_build win=  0.227ms avg=  0.235ms p95=  0.744ms max=  0.864ms calls(last=  1,win= 124,total=1413) (win 1.4% | avg 1.4% budget)
  frame.render.hud.text            win=  0.220ms avg=  0.220ms p95=  0.262ms max=  0.538ms calls(last=  1,win= 120,total=1439) (win 1.3% | avg 1.3% budget)
  enemy.ai.movement                win=  0.108ms avg=  1.216ms p95=  1.354ms max=  2.539ms calls(last= 10,win=1346,total=11611) (win 0.7% | avg 7.3% budget)
  system.spawner_update            win=  0.067ms avg=  0.069ms p95=  0.230ms max=  0.335ms calls(last=  1,win= 124,total=1477) (win 0.4% | avg 0.4% budget)
  enemy.physics.frontal_pair_traverse win=  0.061ms avg=  0.063ms p95=  0.076ms max=  0.218ms calls(last=  1,win= 124,total=1413) (win 0.4% | avg 0.4% budget)
  enemy.type.assassin              win=  0.054ms avg=  0.764ms p95=  0.935ms max=  1.622ms calls(last= 15,win=1695,total=12846) (win 0.3% | avg 4.6% budget)
  frame.render.hud.lives           win=  0.054ms avg=  0.054ms p95=  0.054ms max=  0.250ms calls(last=  1,win= 120,total=1439) (win 0.3% | avg 0.3% budget)
  frame.render.hud.compass         win=  0.051ms avg=  0.051ms p95=  0.053ms max=  0.312ms calls(last=  1,win= 120,total=1439) (win 0.3% | avg 0.3% budget)
  enemy.ai.perception              win=  0.050ms avg=  0.561ms p95=  0.748ms max=  1.247ms calls(last= 10,win=1346,total=11611) (win 0.3% | avg 3.4% budget)
[ENEMY_STATS] frame=1800 alive=79 visible=8 full=10 cheap=69 fullInBase=1 pairs(frontal=0 checks=0 separation=0 resolved=0)
[ENEMY_WINDOW] steps=124 alive[min=71 max=79] visible[min=6 max=8] full[min=10 max=12] collisionPasses[runs=124 skips=0]
[ENEMY_SEGMENTS] window=2.067s D{b/s=4.84 avgLen=5.03 fail=0} T{b/s=5.81 avgLen=6.07 fail=0} H{b/s=12.58 avgLen=4.70 fail=124} A{b/s=3.39 avgLen=4.74 fail=0}
[ENEMY_GRID] frontal{cand/s=650.3 xcell/s=3.4 ins/s=653.7} separation{cand/s=650.3}
[ENEMY_COLLISION_WINDOW] frontal{pairs/s=0.0 checks/s=0.0 baseSkip=0 kill=0(0.0%)} separation{pairs/s=0.0 resolved/s=0.0(0.0%) baseSkip=0 kill=0 wallBlock=0}
[ENEMY_KILL_DEBUG] enemyEnemy{events=0 frontal=0 separation=0 reenterEither=0 reenterBoth=0 wallContact=0 dist[min=0.000 avg=0.000 max=0.000]}
[ENEMY_NAV_CACHE] playerCell{changes=0 flowRebuilds=0} flow{hit=566 miss=0 hit%=100.0} pathFallback{calls=0 ok=0 ok%=0.0}
[ENEMY_SAP] updates=9209 active=1344 pairs=0 repairs{x=3651 y=3765}
[ENEMY_PAIR_TYPES] frontal DD=0 DT=0 DH=0 DA=0 TT=0 TH=0 TA=0 HH=0 HA=0 AA=0 separation DD=0 DT=0 DH=0 DA=0 TT=0 TH=0 TA=0 HH=0 HA=0 AA=0
[TORPEDO_HEADING] eval/s=1.45 retreat/s=0.48 pick[straight=33.3% left=0.0% right=66.7%] clear[best=11.23 chosen=11.23]
[ENEMY_KILL_DEBUG_COLLISION] projectile{kills=0 wallContact=0}

[PROFILE] frame=1920 budget=16.667ms alloc(+124/-124, +215760b/-215760b, live=166584b peak=380648b)
  frame.total                      win= 17.123ms avg= 17.123ms p95= 17.983ms max= 83.488ms calls(last=  1,win= 120,total=1920) (win 102.7% | avg 102.7% budget)
  frame.render                     win=  9.712ms avg=  9.712ms p95= 10.376ms max= 83.447ms calls(last=  1,win= 120,total=1920) (win 58.3% | avg 58.3% budget)
  frame.present                    win=  8.109ms avg=  8.109ms p95=  8.870ms max= 83.440ms calls(last=  1,win= 120,total=1920) (win 48.7% | avg 48.7% budget)
  frame.fixed_step                 win=  7.133ms avg=  7.371ms p95=  7.734ms max= 14.681ms calls(last=  1,win= 124,total=1971) (win 42.8% | avg 44.2% budget)
  game.update                      win=  4.758ms avg=  4.916ms p95=  5.231ms max= 12.603ms calls(last=  1,win= 124,total=1601) (win 28.5% | avg 29.5% budget)
  system.ai_update                 win=  4.574ms avg=  4.727ms p95=  5.007ms max= 12.537ms calls(last=  1,win= 124,total=1601) (win 27.4% | avg 28.4% budget)
  enemy.update                     win=  4.568ms avg=  4.721ms p95=  5.001ms max= 12.532ms calls(last=  1,win= 124,total=1601) (win 27.4% | avg 28.3% budget)
  frame.render.world               win=  3.993ms avg=  3.993ms p95=  4.280ms max=  8.302ms calls(last=  1,win= 120,total=1559) (win 24.0% | avg 24.0% budget)
  frame.render.world.enemies       win=  1.327ms avg=  1.327ms p95=  1.473ms max=  3.750ms calls(last=  1,win= 120,total=1559) (win 8.0% | avg 8.0% budget)
  frame.render.world.maze          win=  1.034ms avg=  1.034ms p95=  1.153ms max=  1.462ms calls(last=  1,win= 120,total=1559) (win 6.2% | avg 6.2% budget)
  frame.render.hud                 win=  0.896ms avg=  0.896ms p95=  0.988ms max=  1.607ms calls(last=  1,win= 120,total=1559) (win 5.4% | avg 5.4% budget)
  frame.render.world.effects       win=  0.893ms avg=  0.893ms p95=  1.155ms max=  5.102ms calls(last=  1,win= 120,total=1559) (win 5.4% | avg 5.4% budget)
  frame.render.hud.minimap         win=  0.459ms avg=  0.459ms p95=  0.499ms max=  0.731ms calls(last=  1,win= 120,total=1559) (win 2.8% | avg 2.8% budget)
  enemy.torpedo.select_heading     win=  0.449ms avg=  0.004ms p95=  0.000ms max=  0.694ms calls(last=  0,win=   1,total=14) (win 2.7% | avg 0.0% budget)
  enemy.physics.frontal_collisions win=  0.315ms avg=  0.326ms p95=  0.579ms max=  1.052ms calls(last=  1,win= 124,total=1537) (win 1.9% | avg 2.0% budget)
  frame.render.hud.text            win=  0.225ms avg=  0.225ms p95=  0.267ms max=  0.538ms calls(last=  1,win= 120,total=1559) (win 1.4% | avg 1.4% budget)
  enemy.physics.frontal_grid_build win=  0.210ms avg=  0.217ms p95=  0.376ms max=  0.864ms calls(last=  1,win= 124,total=1537) (win 1.3% | avg 1.3% budget)
  enemy.ai.movement                win=  0.110ms avg=  1.199ms p95=  1.373ms max=  2.539ms calls(last= 11,win=1305,total=12916) (win 0.7% | avg 7.2% budget)
  enemy.physics.frontal_pair_traverse win=  0.071ms avg=  0.074ms p95=  0.098ms max=  0.218ms calls(last=  1,win= 124,total=1537) (win 0.4% | avg 0.4% budget)
  system.spawner_update            win=  0.064ms avg=  0.066ms p95=  0.202ms max=  0.335ms calls(last=  1,win= 124,total=1601) (win 0.4% | avg 0.4% budget)
  enemy.type.assassin              win=  0.055ms avg=  0.853ms p95=  0.914ms max=  1.743ms calls(last= 15,win=1860,total=14706) (win 0.3% | avg 5.1% budget)
  frame.render.hud.lives           win=  0.053ms avg=  0.053ms p95=  0.058ms max=  0.250ms calls(last=  1,win= 120,total=1559) (win 0.3% | avg 0.3% budget)
  frame.render.hud.compass         win=  0.052ms avg=  0.052ms p95=  0.052ms max=  0.312ms calls(last=  1,win= 120,total=1559) (win 0.3% | avg 0.3% budget)
  system.physics_collision         win=  0.051ms avg=  0.052ms p95=  0.094ms max=  0.158ms calls(last=  1,win= 124,total=1601) (win 0.3% | avg 0.3% budget)
[ENEMY_STATS] frame=1920 alive=82 visible=8 full=11 cheap=71 fullInBase=0 pairs(frontal=0 checks=0 separation=0 resolved=0)
[ENEMY_WINDOW] steps=124 alive[min=79 max=82] visible[min=8 max=8] full[min=10 max=11] collisionPasses[runs=124 skips=0]
[ENEMY_SEGMENTS] window=2.067s D{b/s=2.90 avgLen=5.53 fail=0} T{b/s=9.19 avgLen=5.26 fail=0} H{b/s=15.48 avgLen=4.72 fail=124} A{b/s=2.90 avgLen=5.08 fail=0}
[ENEMY_GRID] frontal{cand/s=631.9 xcell/s=16.0 ins/s=647.9} separation{cand/s=631.9}
[ENEMY_COLLISION_WINDOW] frontal{pairs/s=0.0 checks/s=0.0 baseSkip=0 kill=0(0.0%)} separation{pairs/s=0.0 resolved/s=0.0(0.0%) baseSkip=0 kill=0 wallBlock=0}
[ENEMY_KILL_DEBUG] enemyEnemy{events=0 frontal=0 separation=0 reenterEither=0 reenterBoth=0 wallContact=0 dist[min=0.000 avg=0.000 max=0.000]}
[ENEMY_NAV_CACHE] playerCell{changes=0 flowRebuilds=0} flow{hit=620 miss=0 hit%=100.0} pathFallback{calls=0 ok=0 ok%=0.0}
[ENEMY_SAP] updates=10044 active=1306 pairs=0 repairs{x=1466 y=1507}
[ENEMY_PAIR_TYPES] frontal DD=0 DT=0 DH=0 DA=0 TT=0 TH=0 TA=0 HH=0 HA=0 AA=0 separation DD=0 DT=0 DH=0 DA=0 TT=0 TH=0 TA=0 HH=0 HA=0 AA=0
[TORPEDO_HEADING] eval/s=0.48 retreat/s=0.00 pick[straight=0.0% left=0.0% right=100.0%] clear[best=13.09 chosen=13.09]
[ENEMY_KILL_DEBUG_COLLISION] projectile{kills=0 wallContact=0}

[PROFILE] frame=2040 budget=16.667ms alloc(+132/-132, +225040b/-225040b, live=166888b peak=390104b)
  frame.total                      win= 17.216ms avg= 17.216ms p95= 17.990ms max= 83.488ms calls(last=  1,win= 120,total=2040) (win 103.3% | avg 103.3% budget)
  frame.render                     win=  9.228ms avg=  9.228ms p95= 10.120ms max= 83.447ms calls(last=  1,win= 120,total=2040) (win 55.4% | avg 55.4% budget)
  frame.fixed_step                 win=  7.629ms avg=  7.947ms p95=  8.581ms max= 15.618ms calls(last=  1,win= 125,total=2096) (win 45.8% | avg 47.7% budget)
  frame.present                    win=  7.590ms avg=  7.590ms p95=  8.569ms max= 83.440ms calls(last=  1,win= 120,total=2040) (win 45.5% | avg 45.5% budget)
  game.update                      win=  4.987ms avg=  5.195ms p95=  5.803ms max= 12.603ms calls(last=  1,win= 125,total=1726) (win 29.9% | avg 31.2% budget)
  system.ai_update                 win=  4.835ms avg=  5.037ms p95=  5.672ms max= 12.537ms calls(last=  1,win= 125,total=1726) (win 29.0% | avg 30.2% budget)
  enemy.update                     win=  4.830ms avg=  5.031ms p95=  5.666ms max= 12.532ms calls(last=  1,win= 125,total=1726) (win 29.0% | avg 30.2% budget)
  frame.render.world               win=  3.910ms avg=  3.910ms p95=  4.213ms max=  8.302ms calls(last=  1,win= 120,total=1679) (win 23.5% | avg 23.5% budget)
  frame.render.world.enemies       win=  1.324ms avg=  1.324ms p95=  1.451ms max=  3.750ms calls(last=  1,win= 120,total=1679) (win 7.9% | avg 7.9% budget)
  frame.render.world.effects       win=  1.104ms avg=  1.104ms p95=  1.330ms max=  5.102ms calls(last=  1,win= 120,total=1679) (win 6.6% | avg 6.6% budget)
  frame.render.world.maze          win=  1.039ms avg=  1.039ms p95=  1.133ms max=  1.462ms calls(last=  1,win= 120,total=1679) (win 6.2% | avg 6.2% budget)
  frame.render.hud                 win=  0.886ms avg=  0.886ms p95=  0.974ms max=  1.607ms calls(last=  1,win= 120,total=1679) (win 5.3% | avg 5.3% budget)
  enemy.torpedo.select_heading     win=  0.638ms avg=  0.005ms p95=  0.000ms max=  0.694ms calls(last=  0,win=   1,total=15) (win 3.8% | avg 0.0% budget)
  frame.render.hud.minimap         win=  0.458ms avg=  0.458ms p95=  0.510ms max=  0.732ms calls(last=  1,win= 120,total=1679) (win 2.7% | avg 2.7% budget)
  enemy.physics.frontal_collisions win=  0.367ms avg=  0.382ms p95=  0.967ms max=  1.064ms calls(last=  1,win= 125,total=1662) (win 2.2% | avg 2.3% budget)
  enemy.physics.frontal_grid_build win=  0.258ms avg=  0.269ms p95=  0.861ms max=  0.947ms calls(last=  1,win= 125,total=1662) (win 1.5% | avg 1.6% budget)
  frame.render.hud.text            win=  0.220ms avg=  0.220ms p95=  0.267ms max=  0.538ms calls(last=  1,win= 120,total=1679) (win 1.3% | avg 1.3% budget)
  enemy.ai.movement                win=  0.113ms avg=  1.357ms p95=  1.443ms max=  2.777ms calls(last= 12,win=1437,total=14353) (win 0.7% | avg 8.1% budget)
  enemy.physics.frontal_pair_traverse win=  0.074ms avg=  0.077ms p95=  0.120ms max=  0.218ms calls(last=  1,win= 125,total=1662) (win 0.4% | avg 0.5% budget)
  system.spawner_update            win=  0.068ms avg=  0.071ms p95=  0.234ms max=  0.335ms calls(last=  1,win= 125,total=1726) (win 0.4% | avg 0.4% budget)
  frame.render.hud.lives           win=  0.052ms avg=  0.052ms p95=  0.055ms max=  0.250ms calls(last=  1,win= 120,total=1679) (win 0.3% | avg 0.3% budget)
  frame.render.hud.compass         win=  0.050ms avg=  0.050ms p95=  0.050ms max=  0.312ms calls(last=  1,win= 120,total=1679) (win 0.3% | avg 0.3% budget)
  enemy.type.assassin              win=  0.049ms avg=  0.834ms p95=  0.925ms max=  1.743ms calls(last= 17,win=2024,total=16730) (win 0.3% | avg 5.0% budget)
  frame.render.hud.static          win=  0.046ms avg=  0.046ms p95=  0.056ms max=  0.152ms calls(last=  1,win= 120,total=1679) (win 0.3% | avg 0.3% budget)
[ENEMY_STATS] frame=2040 alive=91 visible=8 full=12 cheap=79 fullInBase=0 pairs(frontal=0 checks=0 separation=0 resolved=0)
[ENEMY_WINDOW] steps=125 alive[min=82 max=91] visible[min=8 max=9] full[min=11 max=12] collisionPasses[runs=125 skips=0]
[ENEMY_SEGMENTS] window=2.083s D{b/s=4.80 avgLen=4.80 fail=0} T{b/s=9.60 avgLen=5.93 fail=0} H{b/s=15.84 avgLen=4.96 fail=125} A{b/s=5.28 avgLen=4.18 fail=0}
[ENEMY_GRID] frontal{cand/s=690.2 xcell/s=27.4 ins/s=717.6} separation{cand/s=690.2}
[ENEMY_COLLISION_WINDOW] frontal{pairs/s=0.0 checks/s=0.0 baseSkip=0 kill=0(0.0%)} separation{pairs/s=0.0 resolved/s=0.0(0.0%) baseSkip=0 kill=0 wallBlock=0}
[ENEMY_KILL_DEBUG] enemyEnemy{events=0 frontal=0 separation=0 reenterEither=0 reenterBoth=0 wallContact=0 dist[min=0.000 avg=0.000 max=0.000]}
[ENEMY_NAV_CACHE] playerCell{changes=0 flowRebuilds=0} flow{hit=561 miss=0 hit%=100.0} pathFallback{calls=0 ok=0 ok%=0.0}
[ENEMY_SAP] updates=10873 active=1438 pairs=0 repairs{x=4908 y=5090}
[ENEMY_PAIR_TYPES] frontal DD=0 DT=0 DH=0 DA=0 TT=0 TH=0 TA=0 HH=0 HA=0 AA=0 separation DD=0 DT=0 DH=0 DA=0 TT=0 TH=0 TA=0 HH=0 HA=0 AA=0
[TORPEDO_HEADING] eval/s=0.48 retreat/s=0.00 pick[straight=0.0% left=100.0% right=0.0%] clear[best=15.00 chosen=15.00]
[ENEMY_KILL_DEBUG_COLLISION] projectile{kills=0 wallContact=0}

[PROFILE] frame=2160 budget=16.667ms alloc(+130/-130, +231504b/-231504b, live=166888b peak=396760b)
  frame.total                      win= 17.084ms avg= 17.084ms p95= 17.544ms max= 83.488ms calls(last=  1,win= 120,total=2160) (win 102.5% | avg 102.5% budget)
  frame.render                     win= 10.405ms avg= 10.405ms p95= 11.590ms max= 83.447ms calls(last=  1,win= 120,total=2160) (win 62.4% | avg 62.4% budget)
  frame.present                    win=  8.793ms avg=  8.793ms p95= 10.044ms max= 83.440ms calls(last=  1,win= 120,total=2160) (win 52.8% | avg 52.8% budget)
  frame.fixed_step                 win=  6.425ms avg=  6.639ms p95=  8.190ms max= 15.876ms calls(last=  1,win= 124,total=2220) (win 38.5% | avg 39.8% budget)
  game.update                      win=  3.521ms avg=  3.638ms p95=  5.417ms max= 12.603ms calls(last=  1,win= 124,total=1850) (win 21.1% | avg 21.8% budget)
  frame.render.world               win=  3.486ms avg=  3.486ms p95=  3.912ms max=  8.302ms calls(last=  1,win= 120,total=1799) (win 20.9% | avg 20.9% budget)
  system.ai_update                 win=  3.374ms avg=  3.486ms p95=  5.273ms max= 12.537ms calls(last=  1,win= 124,total=1850) (win 20.2% | avg 20.9% budget)
  enemy.update                     win=  3.367ms avg=  3.479ms p95=  5.265ms max= 12.532ms calls(last=  1,win= 124,total=1850) (win 20.2% | avg 20.9% budget)
  frame.render.world.enemies       win=  1.181ms avg=  1.181ms p95=  1.333ms max=  3.750ms calls(last=  1,win= 120,total=1799) (win 7.1% | avg 7.1% budget)
  frame.render.world.maze          win=  0.999ms avg=  0.999ms p95=  1.082ms max=  1.462ms calls(last=  1,win= 120,total=1799) (win 6.0% | avg 6.0% budget)
  frame.render.hud                 win=  0.875ms avg=  0.875ms p95=  0.927ms max=  1.607ms calls(last=  1,win= 120,total=1799) (win 5.2% | avg 5.2% budget)
  frame.render.world.effects       win=  0.615ms avg=  0.615ms p95=  1.103ms max=  5.102ms calls(last=  1,win= 120,total=1799) (win 3.7% | avg 3.7% budget)
  frame.render.hud.minimap         win=  0.453ms avg=  0.453ms p95=  0.498ms max=  0.732ms calls(last=  1,win= 120,total=1799) (win 2.7% | avg 2.7% budget)
  enemy.physics.frontal_collisions win=  0.345ms avg=  0.104ms p95=  0.362ms max=  1.064ms calls(last=  0,win=  36,total=1698) (win 2.1% | avg 0.6% budget)
  frame.render.hud.text            win=  0.222ms avg=  0.222ms p95=  0.266ms max=  0.538ms calls(last=  1,win= 120,total=1799) (win 1.3% | avg 1.3% budget)
  enemy.physics.frontal_grid_build win=  0.219ms avg=  0.066ms p95=  0.235ms max=  0.947ms calls(last=  0,win=  36,total=1698) (win 1.3% | avg 0.4% budget)
  enemy.ai.movement                win=  0.121ms avg=  0.525ms p95=  1.413ms max=  2.777ms calls(last=  1,win= 520,total=14873) (win 0.7% | avg 3.1% budget)
  enemy.physics.frontal_pair_traverse win=  0.090ms avg=  0.027ms p95=  0.098ms max=  0.218ms calls(last=  0,win=  36,total=1698) (win 0.5% | avg 0.2% budget)
  system.spawner_update            win=  0.071ms avg=  0.073ms p95=  0.233ms max=  0.386ms calls(last=  1,win= 124,total=1850) (win 0.4% | avg 0.4% budget)
  frame.render.hud.compass         win=  0.049ms avg=  0.049ms p95=  0.051ms max=  0.312ms calls(last=  1,win= 120,total=1799) (win 0.3% | avg 0.3% budget)
  frame.render.hud.static          win=  0.046ms avg=  0.046ms p95=  0.057ms max=  0.152ms calls(last=  1,win= 120,total=1799) (win 0.3% | avg 0.3% budget)
  frame.render.hud.lives           win=  0.045ms avg=  0.045ms p95=  0.052ms max=  0.250ms calls(last=  1,win= 120,total=1799) (win 0.3% | avg 0.3% budget)
  enemy.ai.perception              win=  0.042ms avg=  0.182ms p95=  0.531ms max=  1.247ms calls(last=  1,win= 520,total=14873) (win 0.3% | avg 1.1% budget)
  enemy.ai.decision                win=  0.040ms avg=  0.175ms p95=  0.342ms max=  0.874ms calls(last=  1,win= 520,total=14873) (win 0.2% | avg 1.0% budget)
[ENEMY_STATS] frame=2160 alive=99 visible=0 full=1 cheap=98 fullInBase=0 pairs(frontal=0 checks=0 separation=0 resolved=0)
[ENEMY_WINDOW] steps=124 alive[min=91 max=99] visible[min=0 max=8] full[min=1 max=12] collisionPasses[runs=35 skips=89]
[ENEMY_SEGMENTS] window=2.067s D{b/s=4.35 avgLen=5.03 fail=1} T{b/s=7.26 avgLen=6.42 fail=0} H{b/s=18.87 avgLen=5.01 fail=213} A{b/s=6.77 avgLen=5.02 fail=0}
[ENEMY_GRID] frontal{cand/s=203.2 xcell/s=0.5 ins/s=203.7} separation{cand/s=203.2}
[ENEMY_COLLISION_WINDOW] frontal{pairs/s=0.0 checks/s=0.0 baseSkip=0 kill=0(0.0%)} separation{pairs/s=0.0 resolved/s=0.0(0.0%) baseSkip=0 kill=0 wallBlock=0}
[ENEMY_KILL_DEBUG] enemyEnemy{events=0 frontal=0 separation=0 reenterEither=0 reenterBoth=0 wallContact=0 dist[min=0.000 avg=0.000 max=0.000]}
[ENEMY_NAV_CACHE] playerCell{changes=1 flowRebuilds=0} flow{hit=140 miss=0 hit%=100.0} pathFallback{calls=0 ok=0 ok%=0.0}
[ENEMY_SAP] updates=3185 active=420 pairs=0 repairs{x=1 y=0}
[ENEMY_PAIR_TYPES] frontal DD=0 DT=0 DH=0 DA=0 TT=0 TH=0 TA=0 HH=0 HA=0 AA=0 separation DD=0 DT=0 DH=0 DA=0 TT=0 TH=0 TA=0 HH=0 HA=0 AA=0
[ENEMY_KILL_DEBUG_COLLISION] projectile{kills=0 wallContact=0}

[PROFILE] frame=2280 budget=16.667ms alloc(+138/-138, +238384b/-238384b, live=166888b peak=403456b)
  frame.total                      win= 16.995ms avg= 16.995ms p95= 17.452ms max= 83.488ms calls(last=  1,win= 120,total=2280) (win 102.0% | avg 102.0% budget)
  frame.render                     win= 10.446ms avg= 10.446ms p95= 10.911ms max= 83.447ms calls(last=  1,win= 120,total=2280) (win 62.7% | avg 62.7% budget)
  frame.present                    win=  8.825ms avg=  8.825ms p95=  9.288ms max= 83.440ms calls(last=  1,win= 120,total=2280) (win 53.0% | avg 53.0% budget)
  frame.fixed_step                 win=  6.350ms avg=  6.509ms p95=  6.753ms max= 15.876ms calls(last=  1,win= 123,total=2343) (win 38.1% | avg 39.1% budget)
  frame.render.world               win=  3.336ms avg=  3.336ms p95=  3.532ms max=  8.302ms calls(last=  1,win= 120,total=1919) (win 20.0% | avg 20.0% budget)
  game.update                      win=  3.014ms avg=  3.089ms p95=  3.293ms max= 12.603ms calls(last=  1,win= 123,total=1973) (win 18.1% | avg 18.5% budget)
  system.ai_update                 win=  2.836ms avg=  2.907ms p95=  3.068ms max= 12.537ms calls(last=  1,win= 123,total=1973) (win 17.0% | avg 17.4% budget)
  enemy.update                     win=  2.830ms avg=  2.901ms p95=  3.060ms max= 12.532ms calls(last=  1,win= 123,total=1973) (win 17.0% | avg 17.4% budget)
  frame.render.world.enemies       win=  1.134ms avg=  1.134ms p95=  1.214ms max=  3.750ms calls(last=  1,win= 120,total=1919) (win 6.8% | avg 6.8% budget)
  frame.render.world.maze          win=  0.999ms avg=  0.999ms p95=  1.116ms max=  1.462ms calls(last=  1,win= 120,total=1919) (win 6.0% | avg 6.0% budget)
  frame.render.hud                 win=  0.883ms avg=  0.883ms p95=  0.980ms max=  1.607ms calls(last=  1,win= 120,total=1919) (win 5.3% | avg 5.3% budget)
  frame.render.hud.minimap         win=  0.458ms avg=  0.458ms p95=  0.510ms max=  0.756ms calls(last=  1,win= 120,total=1919) (win 2.8% | avg 2.8% budget)
  frame.render.world.effects       win=  0.428ms avg=  0.428ms p95=  0.519ms max=  5.102ms calls(last=  1,win= 120,total=1919) (win 2.6% | avg 2.6% budget)
  frame.render.hud.text            win=  0.227ms avg=  0.227ms p95=  0.280ms max=  0.538ms calls(last=  1,win= 120,total=1919) (win 1.4% | avg 1.4% budget)
  enemy.ai.movement                win=  0.162ms avg=  0.166ms p95=  0.208ms max=  2.777ms calls(last=  1,win= 123,total=14996) (win 1.0% | avg 1.0% budget)
  enemy.ai.decision                win=  0.115ms avg=  0.118ms p95=  0.162ms max=  0.874ms calls(last=  1,win= 123,total=14996) (win 0.7% | avg 0.7% budget)
  system.spawner_update            win=  0.074ms avg=  0.076ms p95=  0.231ms max=  0.386ms calls(last=  1,win= 123,total=1973) (win 0.4% | avg 0.5% budget)
  enemy.ai.perception              win=  0.050ms avg=  0.052ms p95=  0.049ms max=  1.247ms calls(last=  1,win= 123,total=14996) (win 0.3% | avg 0.3% budget)
  frame.render.hud.compass         win=  0.049ms avg=  0.049ms p95=  0.052ms max=  0.312ms calls(last=  1,win= 120,total=1919) (win 0.3% | avg 0.3% budget)
  frame.render.hud.static          win=  0.045ms avg=  0.045ms p95=  0.060ms max=  0.152ms calls(last=  1,win= 120,total=1919) (win 0.3% | avg 0.3% budget)
  frame.render.hud.lives           win=  0.043ms avg=  0.043ms p95=  0.043ms max=  0.250ms calls(last=  1,win= 120,total=1919) (win 0.3% | avg 0.3% budget)
  frame.render.hud.bars            win=  0.041ms avg=  0.041ms p95=  0.041ms max=  0.272ms calls(last=  1,win= 120,total=1919) (win 0.2% | avg 0.2% budget)
  enemy.cheap.segment_build        win=  0.040ms avg=  0.111ms p95=  0.181ms max=  0.384ms calls(last=  2,win= 331,total=1518) (win 0.2% | avg 0.7% budget)
  system.physics_collision         win=  0.037ms avg=  0.038ms p95=  0.045ms max=  0.439ms calls(last=  1,win= 123,total=1973) (win 0.2% | avg 0.2% budget)
[ENEMY_STATS] frame=2280 alive=106 visible=0 full=1 cheap=105 fullInBase=0 pairs(frontal=0 checks=0 separation=0 resolved=0)
[ENEMY_WINDOW] steps=123 alive[min=99 max=106] visible[min=0 max=0] full[min=1 max=1] collisionPasses[runs=0 skips=123]
[ENEMY_SEGMENTS] window=2.050s D{b/s=6.34 avgLen=4.95 fail=0} T{b/s=8.29 avgLen=6.36 fail=3} H{b/s=18.05 avgLen=5.23 fail=246} A{b/s=6.83 avgLen=4.32 fail=0}
[ENEMY_GRID] frontal{cand/s=0.0 xcell/s=0.0 ins/s=0.0} separation{cand/s=0.0}
[ENEMY_COLLISION_WINDOW] frontal{pairs/s=0.0 checks/s=0.0 baseSkip=0 kill=0(0.0%)} separation{pairs/s=0.0 resolved/s=0.0(0.0%) baseSkip=0 kill=0 wallBlock=0}
[ENEMY_KILL_DEBUG] enemyEnemy{events=0 frontal=0 separation=0 reenterEither=0 reenterBoth=0 wallContact=0 dist[min=0.000 avg=0.000 max=0.000]}
[ENEMY_NAV_CACHE] playerCell{changes=0 flowRebuilds=0} flow{hit=0 miss=0 hit%=0.0} pathFallback{calls=0 ok=0 ok%=0.0}
[ENEMY_SAP] updates=0 active=0 pairs=0 repairs{x=0 y=0}
[ENEMY_PAIR_TYPES] frontal DD=0 DT=0 DH=0 DA=0 TT=0 TH=0 TA=0 HH=0 HA=0 AA=0 separation DD=0 DT=0 DH=0 DA=0 TT=0 TH=0 TA=0 HH=0 HA=0 AA=0
[ENEMY_KILL_DEBUG_COLLISION] projectile{kills=0 wallContact=0}

[PROFILE] frame=2400 budget=16.667ms alloc(+140/-140, +244064b/-244064b, live=166888b peak=409216b)
  frame.total                      win= 17.099ms avg= 17.099ms p95= 17.594ms max= 83.488ms calls(last=  1,win= 120,total=2400) (win 102.6% | avg 102.6% budget)
  frame.render                     win= 10.252ms avg= 10.252ms p95= 10.831ms max= 83.447ms calls(last=  1,win= 120,total=2400) (win 61.5% | avg 61.5% budget)
  frame.present                    win=  8.652ms avg=  8.652ms p95=  9.282ms max= 83.440ms calls(last=  1,win= 120,total=2400) (win 51.9% | avg 51.9% budget)
  frame.fixed_step                 win=  6.587ms avg=  6.806ms p95=  6.866ms max= 15.876ms calls(last=  1,win= 124,total=2467) (win 39.5% | avg 40.8% budget)
  frame.render.world               win=  3.409ms avg=  3.409ms p95=  3.673ms max=  8.302ms calls(last=  1,win= 120,total=2039) (win 20.5% | avg 20.5% budget)
  game.update                      win=  2.955ms avg=  3.054ms p95=  3.296ms max= 12.603ms calls(last=  1,win= 124,total=2097) (win 17.7% | avg 18.3% budget)
  system.ai_update                 win=  2.768ms avg=  2.860ms p95=  3.131ms max= 12.537ms calls(last=  1,win= 124,total=2097) (win 16.6% | avg 17.2% budget)
  enemy.update                     win=  2.762ms avg=  2.854ms p95=  3.125ms max= 12.532ms calls(last=  1,win= 124,total=2097) (win 16.6% | avg 17.1% budget)
  frame.render.world.enemies       win=  1.138ms avg=  1.138ms p95=  1.297ms max=  3.750ms calls(last=  1,win= 120,total=2039) (win 6.8% | avg 6.8% budget)
  frame.render.world.maze          win=  1.045ms avg=  1.045ms p95=  1.213ms max=  1.462ms calls(last=  1,win= 120,total=2039) (win 6.3% | avg 6.3% budget)
  frame.render.hud                 win=  0.890ms avg=  0.890ms p95=  1.017ms max=  1.607ms calls(last=  1,win= 120,total=2039) (win 5.3% | avg 5.3% budget)
  frame.render.hud.minimap         win=  0.461ms avg=  0.461ms p95=  0.522ms max=  0.756ms calls(last=  1,win= 120,total=2039) (win 2.8% | avg 2.8% budget)
  frame.render.world.effects       win=  0.439ms avg=  0.439ms p95=  0.525ms max=  5.102ms calls(last=  1,win= 120,total=2039) (win 2.6% | avg 2.6% budget)
  frame.render.hud.text            win=  0.228ms avg=  0.228ms p95=  0.287ms max=  0.538ms calls(last=  1,win= 120,total=2039) (win 1.4% | avg 1.4% budget)
  enemy.ai.movement                win=  0.129ms avg=  0.091ms p95=  0.194ms max=  2.777ms calls(last=  0,win=  85,total=15081) (win 0.8% | avg 0.5% budget)
  system.spawner_update            win=  0.079ms avg=  0.082ms p95=  0.236ms max=  0.386ms calls(last=  1,win= 124,total=2097) (win 0.5% | avg 0.5% budget)
  enemy.ai.decision                win=  0.076ms avg=  0.054ms p95=  0.118ms max=  0.874ms calls(last=  0,win=  85,total=15081) (win 0.5% | avg 0.3% budget)
  frame.render.hud.compass         win=  0.050ms avg=  0.050ms p95=  0.053ms max=  0.312ms calls(last=  1,win= 120,total=2039) (win 0.3% | avg 0.3% budget)
  enemy.ai.perception              win=  0.049ms avg=  0.035ms p95=  0.050ms max=  1.247ms calls(last=  0,win=  85,total=15081) (win 0.3% | avg 0.2% budget)
  frame.render.hud.static          win=  0.046ms avg=  0.046ms p95=  0.058ms max=  0.152ms calls(last=  1,win= 120,total=2039) (win 0.3% | avg 0.3% budget)
  frame.render.hud.lives           win=  0.044ms avg=  0.044ms p95=  0.049ms max=  0.250ms calls(last=  1,win= 120,total=2039) (win 0.3% | avg 0.3% budget)
  enemy.cheap.segment_build        win=  0.040ms avg=  0.115ms p95=  0.186ms max=  0.384ms calls(last=  2,win= 347,total=1865) (win 0.2% | avg 0.7% budget)
  frame.render.hud.bars            win=  0.039ms avg=  0.039ms p95=  0.040ms max=  0.272ms calls(last=  1,win= 120,total=2039) (win 0.2% | avg 0.2% budget)
  system.physics_collision         win=  0.035ms avg=  0.036ms p95=  0.055ms max=  0.439ms calls(last=  1,win= 124,total=2097) (win 0.2% | avg 0.2% budget)
[ENEMY_STATS] frame=2400 alive=112 visible=0 full=0 cheap=112 fullInBase=0 pairs(frontal=0 checks=0 separation=0 resolved=0)
[ENEMY_WINDOW] steps=124 alive[min=106 max=112] visible[min=0 max=0] full[min=0 max=1] collisionPasses[runs=0 skips=124]
[ENEMY_SEGMENTS] window=2.067s D{b/s=4.35 avgLen=3.95 fail=0} T{b/s=11.61 avgLen=5.61 fail=2} H{b/s=22.26 avgLen=4.93 fail=248} A{b/s=8.71 avgLen=5.85 fail=0}
[ENEMY_GRID] frontal{cand/s=0.0 xcell/s=0.0 ins/s=0.0} separation{cand/s=0.0}
[ENEMY_COLLISION_WINDOW] frontal{pairs/s=0.0 checks/s=0.0 baseSkip=0 kill=0(0.0%)} separation{pairs/s=0.0 resolved/s=0.0(0.0%) baseSkip=0 kill=0 wallBlock=0}
[ENEMY_KILL_DEBUG] enemyEnemy{events=0 frontal=0 separation=0 reenterEither=0 reenterBoth=0 wallContact=0 dist[min=0.000 avg=0.000 max=0.000]}
[ENEMY_NAV_CACHE] playerCell{changes=0 flowRebuilds=0} flow{hit=0 miss=0 hit%=0.0} pathFallback{calls=0 ok=0 ok%=0.0}
[ENEMY_SAP] updates=0 active=0 pairs=0 repairs{x=0 y=0}
[ENEMY_PAIR_TYPES] frontal DD=0 DT=0 DH=0 DA=0 TT=0 TH=0 TA=0 HH=0 HA=0 AA=0 separation DD=0 DT=0 DH=0 DA=0 TT=0 TH=0 TA=0 HH=0 HA=0 AA=0
[ENEMY_KILL_DEBUG_COLLISION] projectile{kills=0 wallContact=0}

[PROFILE] frame=2520 budget=16.667ms alloc(+146/-146, +249920b/-249920b, live=166888b peak=415136b)
  frame.total                      win= 17.131ms avg= 17.131ms p95= 17.614ms max= 83.488ms calls(last=  1,win= 120,total=2520) (win 102.8% | avg 102.8% budget)
  frame.render                     win= 10.006ms avg= 10.006ms p95= 10.759ms max= 83.447ms calls(last=  1,win= 120,total=2520) (win 60.0% | avg 60.0% budget)
  frame.present                    win=  8.389ms avg=  8.389ms p95=  9.156ms max= 83.440ms calls(last=  1,win= 120,total=2520) (win 50.3% | avg 50.3% budget)
  frame.fixed_step                 win=  6.856ms avg=  7.085ms p95=  7.086ms max= 17.098ms calls(last=  1,win= 124,total=2591) (win 41.1% | avg 42.5% budget)
  frame.render.world               win=  3.507ms avg=  3.507ms p95=  3.788ms max=  8.302ms calls(last=  1,win= 120,total=2159) (win 21.0% | avg 21.0% budget)
  game.update                      win=  2.849ms avg=  2.944ms p95=  3.022ms max= 13.098ms calls(last=  1,win= 124,total=2221) (win 17.1% | avg 17.7% budget)
  system.ai_update                 win=  2.656ms avg=  2.745ms p95=  2.843ms max= 12.925ms calls(last=  1,win= 124,total=2221) (win 15.9% | avg 16.5% budget)
  enemy.update                     win=  2.651ms avg=  2.739ms p95=  2.835ms max= 12.919ms calls(last=  1,win= 124,total=2221) (win 15.9% | avg 16.4% budget)
  frame.render.world.maze          win=  1.166ms avg=  1.166ms p95=  1.251ms max=  1.462ms calls(last=  1,win= 120,total=2159) (win 7.0% | avg 7.0% budget)
  frame.render.world.enemies       win=  1.137ms avg=  1.137ms p95=  1.246ms max=  3.750ms calls(last=  1,win= 120,total=2159) (win 6.8% | avg 6.8% budget)
  frame.render.hud                 win=  0.887ms avg=  0.887ms p95=  1.009ms max=  1.607ms calls(last=  1,win= 120,total=2159) (win 5.3% | avg 5.3% budget)
  frame.render.hud.minimap         win=  0.461ms avg=  0.461ms p95=  0.501ms max=  0.763ms calls(last=  1,win= 120,total=2159) (win 2.8% | avg 2.8% budget)
  frame.render.world.effects       win=  0.428ms avg=  0.428ms p95=  0.520ms max=  5.102ms calls(last=  1,win= 120,total=2159) (win 2.6% | avg 2.6% budget)
  frame.render.hud.text            win=  0.225ms avg=  0.225ms p95=  0.268ms max=  0.538ms calls(last=  1,win= 120,total=2159) (win 1.4% | avg 1.4% budget)
  system.spawner_update            win=  0.083ms avg=  0.086ms p95=  0.243ms max=  0.386ms calls(last=  1,win= 124,total=2221) (win 0.5% | avg 0.5% budget)
  frame.render.hud.compass         win=  0.052ms avg=  0.052ms p95=  0.052ms max=  0.312ms calls(last=  1,win= 120,total=2159) (win 0.3% | avg 0.3% budget)
  frame.render.hud.static          win=  0.045ms avg=  0.045ms p95=  0.057ms max=  0.152ms calls(last=  1,win= 120,total=2159) (win 0.3% | avg 0.3% budget)
  frame.render.hud.lives           win=  0.044ms avg=  0.044ms p95=  0.044ms max=  0.283ms calls(last=  1,win= 120,total=2159) (win 0.3% | avg 0.3% budget)
  frame.render.hud.bars            win=  0.040ms avg=  0.040ms p95=  0.041ms max=  0.272ms calls(last=  1,win= 120,total=2159) (win 0.2% | avg 0.2% budget)
  enemy.cheap.segment_build        win=  0.040ms avg=  0.111ms p95=  0.173ms max=  0.384ms calls(last=  3,win= 336,total=2201) (win 0.2% | avg 0.7% budget)
  system.physics_collision         win=  0.037ms avg=  0.038ms p95=  0.049ms max=  0.439ms calls(last=  1,win= 124,total=2221) (win 0.2% | avg 0.2% budget)
  frame.input_poll                 win=  0.028ms avg=  0.028ms p95=  0.029ms max=  0.105ms calls(last=  1,win= 120,total=2520) (win 0.2% | avg 0.2% budget)
  system.player_update             win=  0.027ms avg=  0.027ms p95=  0.030ms max=  0.148ms calls(last=  1,win= 124,total=1860) (win 0.2% | avg 0.2% budget)
  enemy.type.hunter                win=  0.005ms avg=  0.209ms p95=  0.285ms max=  1.682ms calls(last= 37,win=4588,total=38295) (win 0.0% | avg 1.3% budget)
[ENEMY_STATS] frame=2520 alive=118 visible=0 full=0 cheap=118 fullInBase=0 pairs(frontal=0 checks=0 separation=0 resolved=0)
[ENEMY_WINDOW] steps=124 alive[min=112 max=118] visible[min=0 max=0] full[min=0 max=0] collisionPasses[runs=0 skips=124]
[ENEMY_SEGMENTS] window=2.067s D{b/s=6.77 avgLen=5.14 fail=0} T{b/s=11.13 avgLen=5.85 fail=0} H{b/s=19.35 avgLen=5.52 fail=248} A{b/s=5.32 avgLen=4.82 fail=0}
[ENEMY_GRID] frontal{cand/s=0.0 xcell/s=0.0 ins/s=0.0} separation{cand/s=0.0}
[ENEMY_COLLISION_WINDOW] frontal{pairs/s=0.0 checks/s=0.0 baseSkip=0 kill=0(0.0%)} separation{pairs/s=0.0 resolved/s=0.0(0.0%) baseSkip=0 kill=0 wallBlock=0}
[ENEMY_KILL_DEBUG] enemyEnemy{events=0 frontal=0 separation=0 reenterEither=0 reenterBoth=0 wallContact=0 dist[min=0.000 avg=0.000 max=0.000]}
[ENEMY_NAV_CACHE] playerCell{changes=1 flowRebuilds=1} flow{hit=0 miss=0 hit%=0.0} pathFallback{calls=0 ok=0 ok%=0.0}
[ENEMY_SAP] updates=0 active=0 pairs=0 repairs{x=0 y=0}
[ENEMY_PAIR_TYPES] frontal DD=0 DT=0 DH=0 DA=0 TT=0 TH=0 TA=0 HH=0 HA=0 AA=0 separation DD=0 DT=0 DH=0 DA=0 TT=0 TH=0 TA=0 HH=0 HA=0 AA=0
[ENEMY_KILL_DEBUG_COLLISION] projectile{kills=0 wallContact=0}

[PROFILE] frame=2640 budget=16.667ms alloc(+153/-153, +256680b/-256680b, live=166888b peak=421800b)
  frame.total                      win= 17.097ms avg= 17.097ms p95= 17.587ms max= 83.488ms calls(last=  1,win= 120,total=2640) (win 102.6% | avg 102.6% budget)
  frame.render                     win=  9.509ms avg=  9.509ms p95= 10.226ms max= 83.447ms calls(last=  1,win= 120,total=2640) (win 57.1% | avg 57.1% budget)
  frame.present                    win=  7.872ms avg=  7.872ms p95=  8.613ms max= 83.440ms calls(last=  1,win= 120,total=2640) (win 47.2% | avg 47.2% budget)
  frame.fixed_step                 win=  7.303ms avg=  7.547ms p95=  7.778ms max= 17.098ms calls(last=  1,win= 124,total=2715) (win 43.8% | avg 45.3% budget)
  frame.render.world               win=  3.430ms avg=  3.430ms p95=  3.704ms max=  8.302ms calls(last=  1,win= 120,total=2279) (win 20.6% | avg 20.6% budget)
  game.update                      win=  2.871ms avg=  2.966ms p95=  3.173ms max= 13.098ms calls(last=  1,win= 124,total=2345) (win 17.2% | avg 17.8% budget)
  system.ai_update                 win=  2.676ms avg=  2.765ms p95=  2.992ms max= 12.925ms calls(last=  1,win= 124,total=2345) (win 16.1% | avg 16.6% budget)
  enemy.update                     win=  2.670ms avg=  2.759ms p95=  2.987ms max= 12.919ms calls(last=  1,win= 124,total=2345) (win 16.0% | avg 16.6% budget)
  frame.render.world.enemies       win=  1.135ms avg=  1.135ms p95=  1.202ms max=  3.750ms calls(last=  1,win= 120,total=2279) (win 6.8% | avg 6.8% budget)
  frame.render.world.maze          win=  1.093ms avg=  1.093ms p95=  1.172ms max=  1.462ms calls(last=  1,win= 120,total=2279) (win 6.6% | avg 6.6% budget)
  frame.render.hud                 win=  0.893ms avg=  0.893ms p95=  0.976ms max=  1.607ms calls(last=  1,win= 120,total=2279) (win 5.4% | avg 5.4% budget)
  frame.render.hud.minimap         win=  0.472ms avg=  0.472ms p95=  0.558ms max=  0.763ms calls(last=  1,win= 120,total=2279) (win 2.8% | avg 2.8% budget)
  frame.render.world.effects       win=  0.423ms avg=  0.423ms p95=  0.512ms max=  5.102ms calls(last=  1,win= 120,total=2279) (win 2.5% | avg 2.5% budget)
  frame.render.hud.text            win=  0.222ms avg=  0.222ms p95=  0.267ms max=  0.538ms calls(last=  1,win= 120,total=2279) (win 1.3% | avg 1.3% budget)
  system.spawner_update            win=  0.082ms avg=  0.085ms p95=  0.252ms max=  0.386ms calls(last=  1,win= 124,total=2345) (win 0.5% | avg 0.5% budget)
  frame.render.hud.compass         win=  0.050ms avg=  0.050ms p95=  0.052ms max=  0.312ms calls(last=  1,win= 120,total=2279) (win 0.3% | avg 0.3% budget)
  frame.render.hud.static          win=  0.047ms avg=  0.047ms p95=  0.059ms max=  0.152ms calls(last=  1,win= 120,total=2279) (win 0.3% | avg 0.3% budget)
  frame.render.hud.lives           win=  0.042ms avg=  0.042ms p95=  0.043ms max=  0.283ms calls(last=  1,win= 120,total=2279) (win 0.3% | avg 0.3% budget)
  frame.render.hud.bars            win=  0.041ms avg=  0.041ms p95=  0.040ms max=  0.272ms calls(last=  1,win= 120,total=2279) (win 0.2% | avg 0.2% budget)
  system.physics_collision         win=  0.039ms avg=  0.040ms p95=  0.062ms max=  0.439ms calls(last=  1,win= 124,total=2345) (win 0.2% | avg 0.2% budget)
  enemy.cheap.segment_build        win=  0.039ms avg=  0.114ms p95=  0.203ms max=  0.384ms calls(last=  2,win= 355,total=2556) (win 0.2% | avg 0.7% budget)
  frame.input_poll                 win=  0.028ms avg=  0.028ms p95=  0.029ms max=  0.105ms calls(last=  1,win= 120,total=2640) (win 0.2% | avg 0.2% budget)
  system.player_update             win=  0.026ms avg=  0.027ms p95=  0.031ms max=  0.148ms calls(last=  1,win= 124,total=1984) (win 0.2% | avg 0.2% budget)
  enemy.type.hunter                win=  0.005ms avg=  0.216ms p95=  0.308ms max=  1.682ms calls(last= 39,win=4754,total=43049) (win 0.0% | avg 1.3% budget)
[ENEMY_STATS] frame=2640 alive=125 visible=0 full=0 cheap=125 fullInBase=0 pairs(frontal=0 checks=0 separation=0 resolved=0)
[ENEMY_WINDOW] steps=124 alive[min=118 max=125] visible[min=0 max=0] full[min=0 max=0] collisionPasses[runs=0 skips=124]
[ENEMY_SEGMENTS] window=2.067s D{b/s=6.77 avgLen=5.82 fail=0} T{b/s=11.61 avgLen=6.32 fail=0} H{b/s=23.71 avgLen=4.73 fail=248} A{b/s=9.19 avgLen=5.49 fail=0}
[ENEMY_GRID] frontal{cand/s=0.0 xcell/s=0.0 ins/s=0.0} separation{cand/s=0.0}
[ENEMY_COLLISION_WINDOW] frontal{pairs/s=0.0 checks/s=0.0 baseSkip=0 kill=0(0.0%)} separation{pairs/s=0.0 resolved/s=0.0(0.0%) baseSkip=0 kill=0 wallBlock=0}
[ENEMY_KILL_DEBUG] enemyEnemy{events=0 frontal=0 separation=0 reenterEither=0 reenterBoth=0 wallContact=0 dist[min=0.000 avg=0.000 max=0.000]}
[ENEMY_NAV_CACHE] playerCell{changes=2 flowRebuilds=0} flow{hit=0 miss=0 hit%=0.0} pathFallback{calls=0 ok=0 ok%=0.0}
[ENEMY_SAP] updates=0 active=0 pairs=0 repairs{x=0 y=0}
[ENEMY_PAIR_TYPES] frontal DD=0 DT=0 DH=0 DA=0 TT=0 TH=0 TA=0 HH=0 HA=0 AA=0 separation DD=0 DT=0 DH=0 DA=0 TT=0 TH=0 TA=0 HH=0 HA=0 AA=0
[ENEMY_KILL_DEBUG_COLLISION] projectile{kills=0 wallContact=0}

[PROFILE] frame=2760 budget=16.667ms alloc(+158/-158, +261568b/-261568b, live=285672b peak=570448b)
  frame.total                      win= 17.314ms avg= 17.314ms p95= 17.914ms max= 83.488ms calls(last=  1,win= 120,total=2760) (win 103.9% | avg 103.9% budget)
  frame.render                     win=  9.087ms avg=  9.087ms p95=  9.782ms max= 83.447ms calls(last=  1,win= 120,total=2760) (win 54.5% | avg 54.5% budget)
  frame.fixed_step                 win=  7.859ms avg=  8.186ms p95=  8.215ms max= 22.011ms calls(last=  1,win= 125,total=2840) (win 47.2% | avg 49.1% budget)
  frame.present                    win=  7.468ms avg=  7.468ms p95=  8.201ms max= 83.440ms calls(last=  1,win= 120,total=2760) (win 44.8% | avg 44.8% budget)
  frame.render.world               win=  3.521ms avg=  3.521ms p95=  3.797ms max=  8.302ms calls(last=  1,win= 120,total=2399) (win 21.1% | avg 21.1% budget)
  game.update                      win=  3.072ms avg=  3.200ms p95=  3.342ms max= 17.131ms calls(last=  1,win= 125,total=2470) (win 18.4% | avg 19.2% budget)
  system.ai_update                 win=  2.874ms avg=  2.994ms p95=  3.063ms max= 16.951ms calls(last=  1,win= 125,total=2470) (win 17.2% | avg 18.0% budget)
  enemy.update                     win=  2.868ms avg=  2.988ms p95=  3.018ms max= 16.944ms calls(last=  1,win= 125,total=2470) (win 17.2% | avg 17.9% budget)
  frame.render.world.maze          win=  1.162ms avg=  1.162ms p95=  1.266ms max=  1.480ms calls(last=  1,win= 120,total=2399) (win 7.0% | avg 7.0% budget)
  frame.render.world.enemies       win=  1.146ms avg=  1.146ms p95=  1.336ms max=  3.750ms calls(last=  1,win= 120,total=2399) (win 6.9% | avg 6.9% budget)
  frame.render.hud                 win=  0.874ms avg=  0.874ms p95=  0.931ms max=  1.607ms calls(last=  1,win= 120,total=2399) (win 5.2% | avg 5.2% budget)
  frame.render.hud.minimap         win=  0.455ms avg=  0.455ms p95=  0.497ms max=  0.763ms calls(last=  1,win= 120,total=2399) (win 2.7% | avg 2.7% budget)
  frame.render.world.effects       win=  0.423ms avg=  0.423ms p95=  0.483ms max=  5.102ms calls(last=  1,win= 120,total=2399) (win 2.5% | avg 2.5% budget)
  frame.render.hud.text            win=  0.221ms avg=  0.221ms p95=  0.258ms max=  0.538ms calls(last=  1,win= 120,total=2399) (win 1.3% | avg 1.3% budget)
  system.spawner_update            win=  0.085ms avg=  0.089ms p95=  0.237ms max=  0.447ms calls(last=  1,win= 125,total=2470) (win 0.5% | avg 0.5% budget)
  frame.render.hud.compass         win=  0.050ms avg=  0.050ms p95=  0.051ms max=  0.312ms calls(last=  1,win= 120,total=2399) (win 0.3% | avg 0.3% budget)
  frame.render.hud.static          win=  0.045ms avg=  0.045ms p95=  0.059ms max=  0.152ms calls(last=  1,win= 120,total=2399) (win 0.3% | avg 0.3% budget)
  frame.render.hud.lives           win=  0.043ms avg=  0.043ms p95=  0.044ms max=  0.283ms calls(last=  1,win= 120,total=2399) (win 0.3% | avg 0.3% budget)
  frame.render.hud.bars            win=  0.040ms avg=  0.040ms p95=  0.041ms max=  0.272ms calls(last=  1,win= 120,total=2399) (win 0.2% | avg 0.2% budget)
  system.physics_collision         win=  0.038ms avg=  0.040ms p95=  0.067ms max=  0.439ms calls(last=  1,win= 125,total=2470) (win 0.2% | avg 0.2% budget)
  enemy.cheap.segment_build        win=  0.033ms avg=  0.140ms p95=  0.205ms max=  0.384ms calls(last=  4,win= 512,total=3068) (win 0.2% | avg 0.8% budget)
  frame.input_poll                 win=  0.028ms avg=  0.028ms p95=  0.028ms max=  0.105ms calls(last=  1,win= 120,total=2760) (win 0.2% | avg 0.2% budget)
  system.player_update             win=  0.026ms avg=  0.027ms p95=  0.032ms max=  0.148ms calls(last=  1,win= 125,total=2109) (win 0.2% | avg 0.2% budget)
  enemy.type.hunter                win=  0.006ms avg=  0.263ms p95=  0.346ms max=  1.682ms calls(last= 44,win=5239,total=48288) (win 0.0% | avg 1.6% budget)
[ENEMY_STATS] frame=2760 alive=130 visible=0 full=0 cheap=130 fullInBase=0 pairs(frontal=0 checks=0 separation=0 resolved=0)
[ENEMY_WINDOW] steps=125 alive[min=125 max=130] visible[min=0 max=0] full[min=0 max=0] collisionPasses[runs=0 skips=125]
[ENEMY_SEGMENTS] window=2.083s D{b/s=3.84 avgLen=5.30 fail=0} T{b/s=7.20 avgLen=6.12 fail=0} H{b/s=25.44 avgLen=5.08 fail=427} A{b/s=5.76 avgLen=5.05 fail=0}
[ENEMY_GRID] frontal{cand/s=0.0 xcell/s=0.0 ins/s=0.0} separation{cand/s=0.0}
[ENEMY_COLLISION_WINDOW] frontal{pairs/s=0.0 checks/s=0.0 baseSkip=0 kill=0(0.0%)} separation{pairs/s=0.0 resolved/s=0.0(0.0%) baseSkip=0 kill=0 wallBlock=0}
[ENEMY_KILL_DEBUG] enemyEnemy{events=0 frontal=0 separation=0 reenterEither=0 reenterBoth=0 wallContact=0 dist[min=0.000 avg=0.000 max=0.000]}
[ENEMY_NAV_CACHE] playerCell{changes=2 flowRebuilds=1} flow{hit=0 miss=0 hit%=0.0} pathFallback{calls=0 ok=0 ok%=0.0}
[ENEMY_SAP] updates=0 active=0 pairs=0 repairs{x=0 y=0}
[ENEMY_PAIR_TYPES] frontal DD=0 DT=0 DH=0 DA=0 TT=0 TH=0 TA=0 HH=0 HA=0 AA=0 separation DD=0 DT=0 DH=0 DA=0 TT=0 TH=0 TA=0 HH=0 HA=0 AA=0
[ENEMY_KILL_DEBUG_COLLISION] projectile{kills=0 wallContact=0}

[PROFILE] frame=2880 budget=16.667ms alloc(+163/-163, +266392b/-266392b, live=285672b peak=570448b)
  frame.total                      win= 17.477ms avg= 17.477ms p95= 23.816ms max= 83.488ms calls(last=  1,win= 120,total=2880) (win 104.9% | avg 104.9% budget)
  frame.render                     win=  8.767ms avg=  8.767ms p95=  9.426ms max= 83.447ms calls(last=  1,win= 120,total=2880) (win 52.6% | avg 52.6% budget)
  frame.fixed_step                 win=  8.191ms avg=  8.668ms p95= 15.717ms max= 22.011ms calls(last=  1,win= 127,total=2967) (win 49.1% | avg 52.0% budget)
  frame.present                    win=  7.130ms avg=  7.130ms p95=  7.915ms max= 83.440ms calls(last=  1,win= 120,total=2880) (win 42.8% | avg 42.8% budget)
  frame.render.world               win=  3.478ms avg=  3.478ms p95=  3.728ms max=  8.302ms calls(last=  1,win= 120,total=2519) (win 20.9% | avg 20.9% budget)
  game.update                      win=  3.143ms avg=  3.326ms p95=  5.802ms max= 17.131ms calls(last=  1,win= 127,total=2597) (win 18.9% | avg 20.0% budget)
  system.ai_update                 win=  2.946ms avg=  3.118ms p95=  5.459ms max= 16.951ms calls(last=  1,win= 127,total=2597) (win 17.7% | avg 18.7% budget)
  enemy.update                     win=  2.939ms avg=  3.111ms p95=  5.448ms max= 16.944ms calls(last=  1,win= 127,total=2597) (win 17.6% | avg 18.7% budget)
  frame.render.world.maze          win=  1.162ms avg=  1.162ms p95=  1.252ms max=  1.480ms calls(last=  1,win= 120,total=2519) (win 7.0% | avg 7.0% budget)
  frame.render.world.enemies       win=  1.143ms avg=  1.143ms p95=  1.201ms max=  3.750ms calls(last=  1,win= 120,total=2519) (win 6.9% | avg 6.9% budget)
  frame.render.hud                 win=  0.880ms avg=  0.880ms p95=  0.965ms max=  1.607ms calls(last=  1,win= 120,total=2519) (win 5.3% | avg 5.3% budget)
  frame.render.hud.minimap         win=  0.458ms avg=  0.458ms p95=  0.497ms max=  0.763ms calls(last=  1,win= 120,total=2519) (win 2.7% | avg 2.7% budget)
  frame.render.world.effects       win=  0.419ms avg=  0.419ms p95=  0.490ms max=  5.102ms calls(last=  1,win= 120,total=2519) (win 2.5% | avg 2.5% budget)
  frame.render.hud.text            win=  0.223ms avg=  0.223ms p95=  0.261ms max=  0.538ms calls(last=  1,win= 120,total=2519) (win 1.3% | avg 1.3% budget)
  system.spawner_update            win=  0.080ms avg=  0.085ms p95=  0.233ms max=  0.447ms calls(last=  1,win= 127,total=2597) (win 0.5% | avg 0.5% budget)
  frame.render.hud.compass         win=  0.050ms avg=  0.050ms p95=  0.052ms max=  0.312ms calls(last=  1,win= 120,total=2519) (win 0.3% | avg 0.3% budget)
  frame.render.hud.static          win=  0.046ms avg=  0.046ms p95=  0.064ms max=  0.152ms calls(last=  1,win= 120,total=2519) (win 0.3% | avg 0.3% budget)
  frame.render.hud.lives           win=  0.043ms avg=  0.043ms p95=  0.044ms max=  0.283ms calls(last=  1,win= 120,total=2519) (win 0.3% | avg 0.3% budget)
  frame.render.hud.bars            win=  0.040ms avg=  0.040ms p95=  0.042ms max=  0.272ms calls(last=  1,win= 120,total=2519) (win 0.2% | avg 0.2% budget)
  system.physics_collision         win=  0.038ms avg=  0.040ms p95=  0.069ms max=  0.439ms calls(last=  1,win= 127,total=2597) (win 0.2% | avg 0.2% budget)
  enemy.cheap.segment_build        win=  0.031ms avg=  0.177ms p95=  0.298ms max=  0.433ms calls(last=  5,win= 677,total=3745) (win 0.2% | avg 1.1% budget)
  frame.input_poll                 win=  0.027ms avg=  0.027ms p95=  0.028ms max=  0.105ms calls(last=  1,win= 120,total=2880) (win 0.2% | avg 0.2% budget)
  system.player_update             win=  0.027ms avg=  0.029ms p95=  0.049ms max=  0.148ms calls(last=  1,win= 127,total=2236) (win 0.2% | avg 0.2% budget)
  enemy.type.hunter                win=  0.006ms avg=  0.305ms p95=  0.515ms max=  1.682ms calls(last= 45,win=5677,total=53965) (win 0.0% | avg 1.8% budget)
[ENEMY_STATS] frame=2880 alive=135 visible=0 full=0 cheap=135 fullInBase=0 pairs(frontal=0 checks=0 separation=0 resolved=0)
[ENEMY_WINDOW] steps=127 alive[min=130 max=135] visible[min=0 max=0] full[min=0 max=0] collisionPasses[runs=0 skips=127]
[ENEMY_SEGMENTS] window=2.117s D{b/s=4.25 avgLen=5.43 fail=0} T{b/s=13.23 avgLen=6.51 fail=0} H{b/s=25.98 avgLen=5.00 fail=565} A{b/s=9.92 avgLen=4.45 fail=0}
[ENEMY_GRID] frontal{cand/s=0.0 xcell/s=0.0 ins/s=0.0} separation{cand/s=0.0}
[ENEMY_COLLISION_WINDOW] frontal{pairs/s=0.0 checks/s=0.0 baseSkip=0 kill=0(0.0%)} separation{pairs/s=0.0 resolved/s=0.0(0.0%) baseSkip=0 kill=0 wallBlock=0}
[ENEMY_KILL_DEBUG] enemyEnemy{events=0 frontal=0 separation=0 reenterEither=0 reenterBoth=0 wallContact=0 dist[min=0.000 avg=0.000 max=0.000]}
[ENEMY_NAV_CACHE] playerCell{changes=2 flowRebuilds=1} flow{hit=0 miss=0 hit%=0.0} pathFallback{calls=0 ok=0 ok%=0.0}
[ENEMY_SAP] updates=0 active=0 pairs=0 repairs{x=0 y=0}
[ENEMY_PAIR_TYPES] frontal DD=0 DT=0 DH=0 DA=0 TT=0 TH=0 TA=0 HH=0 HA=0 AA=0 separation DD=0 DT=0 DH=0 DA=0 TT=0 TH=0 TA=0 HH=0 HA=0 AA=0
[ENEMY_KILL_DEBUG_COLLISION] projectile{kills=0 wallContact=0}

[PROFILE] frame=3000 budget=16.667ms alloc(+167/-167, +270280b/-270280b, live=285672b peak=570448b)
  frame.total                      win= 17.290ms avg= 17.290ms p95= 17.645ms max= 83.488ms calls(last=  1,win= 120,total=3000) (win 103.7% | avg 103.7% budget)
  frame.fixed_step                 win=  8.480ms avg=  8.833ms p95=  9.092ms max= 22.011ms calls(last=  1,win= 125,total=3092) (win 50.9% | avg 53.0% budget)
  frame.render                     win=  8.415ms avg=  8.415ms p95=  8.896ms max= 83.447ms calls(last=  1,win= 120,total=3000) (win 50.5% | avg 50.5% budget)
  frame.present                    win=  6.812ms avg=  6.812ms p95=  7.331ms max= 83.440ms calls(last=  1,win= 120,total=3000) (win 40.9% | avg 40.9% budget)
  frame.render.world               win=  3.469ms avg=  3.469ms p95=  3.692ms max=  8.302ms calls(last=  1,win= 120,total=2639) (win 20.8% | avg 20.8% budget)
  game.update                      win=  3.100ms avg=  3.229ms p95=  3.655ms max= 17.131ms calls(last=  1,win= 125,total=2722) (win 18.6% | avg 19.4% budget)
  system.ai_update                 win=  2.905ms avg=  3.026ms p95=  3.281ms max= 16.951ms calls(last=  1,win= 125,total=2722) (win 17.4% | avg 18.2% budget)
  enemy.update                     win=  2.898ms avg=  3.018ms p95=  3.275ms max= 16.944ms calls(last=  1,win= 125,total=2722) (win 17.4% | avg 18.1% budget)
  frame.render.world.enemies       win=  1.138ms avg=  1.138ms p95=  1.177ms max=  3.750ms calls(last=  1,win= 120,total=2639) (win 6.8% | avg 6.8% budget)
  frame.render.world.maze          win=  1.133ms avg=  1.133ms p95=  1.228ms max=  1.480ms calls(last=  1,win= 120,total=2639) (win 6.8% | avg 6.8% budget)
  frame.render.hud                 win=  0.872ms avg=  0.872ms p95=  0.918ms max=  1.607ms calls(last=  1,win= 120,total=2639) (win 5.2% | avg 5.2% budget)
  frame.render.hud.minimap         win=  0.456ms avg=  0.456ms p95=  0.494ms max=  0.763ms calls(last=  1,win= 120,total=2639) (win 2.7% | avg 2.7% budget)
  frame.render.world.effects       win=  0.430ms avg=  0.430ms p95=  0.504ms max=  5.102ms calls(last=  1,win= 120,total=2639) (win 2.6% | avg 2.6% budget)
  frame.render.hud.text            win=  0.221ms avg=  0.221ms p95=  0.240ms max=  0.538ms calls(last=  1,win= 120,total=2639) (win 1.3% | avg 1.3% budget)
  system.spawner_update            win=  0.078ms avg=  0.081ms p95=  0.138ms max=  0.447ms calls(last=  1,win= 125,total=2722) (win 0.5% | avg 0.5% budget)
  frame.render.hud.compass         win=  0.049ms avg=  0.049ms p95=  0.051ms max=  0.312ms calls(last=  1,win= 120,total=2639) (win 0.3% | avg 0.3% budget)
  frame.render.hud.static          win=  0.045ms avg=  0.045ms p95=  0.057ms max=  0.152ms calls(last=  1,win= 120,total=2639) (win 0.3% | avg 0.3% budget)
  frame.render.hud.lives           win=  0.042ms avg=  0.042ms p95=  0.044ms max=  0.283ms calls(last=  1,win= 120,total=2639) (win 0.3% | avg 0.3% budget)
  system.physics_collision         win=  0.040ms avg=  0.041ms p95=  0.068ms max=  0.439ms calls(last=  1,win= 125,total=2722) (win 0.2% | avg 0.2% budget)
  frame.render.hud.bars            win=  0.039ms avg=  0.039ms p95=  0.040ms max=  0.272ms calls(last=  1,win= 120,total=2639) (win 0.2% | avg 0.2% budget)
  enemy.cheap.segment_build        win=  0.030ms avg=  0.180ms p95=  0.273ms max=  0.433ms calls(last=  5,win= 728,total=4473) (win 0.2% | avg 1.1% budget)
  frame.input_poll                 win=  0.027ms avg=  0.027ms p95=  0.028ms max=  0.105ms calls(last=  1,win= 120,total=3000) (win 0.2% | avg 0.2% budget)
  system.player_update             win=  0.027ms avg=  0.028ms p95=  0.038ms max=  0.148ms calls(last=  1,win= 125,total=2361) (win 0.2% | avg 0.2% budget)
  enemy.type.hunter                win=  0.006ms avg=  0.307ms p95=  0.371ms max=  1.682ms calls(last= 46,win=5723,total=59688) (win 0.0% | avg 1.8% budget)
[ENEMY_STATS] frame=3000 alive=138 visible=0 full=0 cheap=138 fullInBase=0 pairs(frontal=0 checks=0 separation=0 resolved=0)
[ENEMY_WINDOW] steps=125 alive[min=135 max=138] visible[min=0 max=0] full[min=0 max=0] collisionPasses[runs=0 skips=125]
[ENEMY_SEGMENTS] window=2.083s D{b/s=7.68 avgLen=5.46 fail=0} T{b/s=9.12 avgLen=6.59 fail=0} H{b/s=23.04 avgLen=5.03 fail=625} A{b/s=9.12 avgLen=5.02 fail=0}
[ENEMY_GRID] frontal{cand/s=0.0 xcell/s=0.0 ins/s=0.0} separation{cand/s=0.0}
[ENEMY_COLLISION_WINDOW] frontal{pairs/s=0.0 checks/s=0.0 baseSkip=0 kill=0(0.0%)} separation{pairs/s=0.0 resolved/s=0.0(0.0%) baseSkip=0 kill=0 wallBlock=0}
[ENEMY_KILL_DEBUG] enemyEnemy{events=0 frontal=0 separation=0 reenterEither=0 reenterBoth=0 wallContact=0 dist[min=0.000 avg=0.000 max=0.000]}
[ENEMY_NAV_CACHE] playerCell{changes=1 flowRebuilds=0} flow{hit=0 miss=0 hit%=0.0} pathFallback{calls=0 ok=0 ok%=0.0}
[ENEMY_SAP] updates=0 active=0 pairs=0 repairs{x=0 y=0}
[ENEMY_PAIR_TYPES] frontal DD=0 DT=0 DH=0 DA=0 TT=0 TH=0 TA=0 HH=0 HA=0 AA=0 separation DD=0 DT=0 DH=0 DA=0 TT=0 TH=0 TA=0 HH=0 HA=0 AA=0
[ENEMY_KILL_DEBUG_COLLISION] projectile{kills=0 wallContact=0}

[PROFILE] frame=3120 budget=16.667ms alloc(+169/-169, +272296b/-272296b, live=285672b peak=570448b)
  frame.total                      win= 17.663ms avg= 17.663ms p95= 25.304ms max= 83.488ms calls(last=  1,win= 120,total=3120) (win 106.0% | avg 106.0% budget)
  frame.fixed_step                 win=  8.755ms avg=  9.339ms p95= 17.123ms max= 22.011ms calls(last=  1,win= 128,total=3220) (win 52.5% | avg 56.0% budget)
  frame.render                     win=  8.282ms avg=  8.282ms p95=  8.872ms max= 83.447ms calls(last=  1,win= 120,total=3120) (win 49.7% | avg 49.7% budget)
  frame.present                    win=  6.668ms avg=  6.668ms p95=  7.170ms max= 83.440ms calls(last=  1,win= 120,total=3120) (win 40.0% | avg 40.0% budget)
  frame.render.world               win=  3.485ms avg=  3.485ms p95=  3.826ms max=  8.302ms calls(last=  1,win= 120,total=2759) (win 20.9% | avg 20.9% budget)
  game.update                      win=  3.216ms avg=  3.430ms p95=  6.206ms max= 17.131ms calls(last=  1,win= 128,total=2850) (win 19.3% | avg 20.6% budget)
  system.ai_update                 win=  3.023ms avg=  3.224ms p95=  5.794ms max= 16.951ms calls(last=  1,win= 128,total=2850) (win 18.1% | avg 19.3% budget)
  enemy.update                     win=  3.015ms avg=  3.216ms p95=  5.782ms max= 16.944ms calls(last=  1,win= 128,total=2850) (win 18.1% | avg 19.3% budget)
  frame.render.world.enemies       win=  1.152ms avg=  1.152ms p95=  1.390ms max=  3.750ms calls(last=  1,win= 120,total=2759) (win 6.9% | avg 6.9% budget)
  frame.render.world.maze          win=  1.095ms avg=  1.095ms p95=  1.198ms max=  1.480ms calls(last=  1,win= 120,total=2759) (win 6.6% | avg 6.6% budget)
  frame.render.hud                 win=  0.882ms avg=  0.882ms p95=  0.974ms max=  1.607ms calls(last=  1,win= 120,total=2759) (win 5.3% | avg 5.3% budget)
  frame.render.hud.minimap         win=  0.464ms avg=  0.464ms p95=  0.544ms max=  0.763ms calls(last=  1,win= 120,total=2759) (win 2.8% | avg 2.8% budget)
  frame.render.world.effects       win=  0.428ms avg=  0.428ms p95=  0.483ms max=  5.102ms calls(last=  1,win= 120,total=2759) (win 2.6% | avg 2.6% budget)
  frame.render.hud.text            win=  0.219ms avg=  0.219ms p95=  0.241ms max=  0.538ms calls(last=  1,win= 120,total=2759) (win 1.3% | avg 1.3% budget)
  system.spawner_update            win=  0.077ms avg=  0.082ms p95=  0.140ms max=  0.447ms calls(last=  1,win= 128,total=2850) (win 0.5% | avg 0.5% budget)
  frame.render.hud.compass         win=  0.051ms avg=  0.051ms p95=  0.051ms max=  0.312ms calls(last=  1,win= 120,total=2759) (win 0.3% | avg 0.3% budget)
  frame.render.hud.static          win=  0.045ms avg=  0.045ms p95=  0.057ms max=  0.152ms calls(last=  1,win= 120,total=2759) (win 0.3% | avg 0.3% budget)
  frame.render.hud.lives           win=  0.044ms avg=  0.044ms p95=  0.044ms max=  0.283ms calls(last=  1,win= 120,total=2759) (win 0.3% | avg 0.3% budget)
  system.physics_collision         win=  0.040ms avg=  0.042ms p95=  0.072ms max=  0.439ms calls(last=  1,win= 128,total=2850) (win 0.2% | avg 0.3% budget)
  frame.render.hud.bars            win=  0.039ms avg=  0.039ms p95=  0.040ms max=  0.272ms calls(last=  1,win= 120,total=2759) (win 0.2% | avg 0.2% budget)
  enemy.cheap.segment_build        win=  0.030ms avg=  0.186ms p95=  0.312ms max=  0.600ms calls(last=  6,win= 752,total=5225) (win 0.2% | avg 1.1% budget)
  frame.input_poll                 win=  0.028ms avg=  0.028ms p95=  0.029ms max=  0.105ms calls(last=  1,win= 120,total=3120) (win 0.2% | avg 0.2% budget)
  system.player_update             win=  0.027ms avg=  0.028ms p95=  0.051ms max=  0.148ms calls(last=  1,win= 128,total=2489) (win 0.2% | avg 0.2% budget)
  enemy.type.hunter                win=  0.006ms avg=  0.323ms p95=  0.556ms max=  1.682ms calls(last= 47,win=5984,total=65672) (win 0.0% | avg 1.9% budget)
[ENEMY_STATS] frame=3120 alive=140 visible=0 full=0 cheap=140 fullInBase=0 pairs(frontal=0 checks=0 separation=0 resolved=0)
[ENEMY_WINDOW] steps=128 alive[min=138 max=140] visible[min=0 max=0] full[min=0 max=0] collisionPasses[runs=0 skips=128]
[ENEMY_SEGMENTS] window=2.133s D{b/s=3.28 avgLen=4.74 fail=0} T{b/s=12.66 avgLen=6.63 fail=0} H{b/s=27.66 avgLen=4.71 fail=640} A{b/s=9.38 avgLen=4.26 fail=0}
[ENEMY_GRID] frontal{cand/s=0.0 xcell/s=0.0 ins/s=0.0} separation{cand/s=0.0}
[ENEMY_COLLISION_WINDOW] frontal{pairs/s=0.0 checks/s=0.0 baseSkip=0 kill=0(0.0%)} separation{pairs/s=0.0 resolved/s=0.0(0.0%) baseSkip=0 kill=0 wallBlock=0}
[ENEMY_KILL_DEBUG] enemyEnemy{events=0 frontal=0 separation=0 reenterEither=0 reenterBoth=0 wallContact=0 dist[min=0.000 avg=0.000 max=0.000]}
[ENEMY_NAV_CACHE] playerCell{changes=2 flowRebuilds=1} flow{hit=0 miss=0 hit%=0.0} pathFallback{calls=0 ok=0 ok%=0.0}
[ENEMY_SAP] updates=0 active=0 pairs=0 repairs{x=0 y=0}
[ENEMY_PAIR_TYPES] frontal DD=0 DT=0 DH=0 DA=0 TT=0 TH=0 TA=0 HH=0 HA=0 AA=0 separation DD=0 DT=0 DH=0 DA=0 TT=0 TH=0 TA=0 HH=0 HA=0 AA=0
[ENEMY_KILL_DEBUG_COLLISION] projectile{kills=0 wallContact=0}

[PROFILE] frame=3240 budget=16.667ms alloc(+170/-170, +273264b/-273264b, live=285672b peak=570448b)
  frame.total                      win= 17.424ms avg= 17.424ms p95= 19.578ms max= 83.488ms calls(last=  1,win= 120,total=3240) (win 104.5% | avg 104.5% budget)
  frame.fixed_step                 win=  8.781ms avg=  9.220ms p95=  9.881ms max= 22.011ms calls(last=  1,win= 126,total=3346) (win 52.7% | avg 55.3% budget)
  frame.render                     win=  8.163ms avg=  8.163ms p95=  8.636ms max= 83.447ms calls(last=  1,win= 120,total=3240) (win 49.0% | avg 49.0% budget)
  frame.present                    win=  6.537ms avg=  6.537ms p95=  7.060ms max= 83.440ms calls(last=  1,win= 120,total=3240) (win 39.2% | avg 39.2% budget)
  frame.render.world               win=  3.361ms avg=  3.361ms p95=  3.636ms max=  8.302ms calls(last=  1,win= 120,total=2879) (win 20.2% | avg 20.2% budget)
  game.update                      win=  3.141ms avg=  3.298ms p95=  3.957ms max= 17.131ms calls(last=  1,win= 126,total=2976) (win 18.8% | avg 19.8% budget)
  system.ai_update                 win=  2.949ms avg=  3.096ms p95=  3.768ms max= 16.951ms calls(last=  1,win= 126,total=2976) (win 17.7% | avg 18.6% budget)
  enemy.update                     win=  2.943ms avg=  3.090ms p95=  3.761ms max= 16.944ms calls(last=  1,win= 126,total=2976) (win 17.7% | avg 18.5% budget)
  frame.render.world.enemies       win=  1.146ms avg=  1.146ms p95=  1.256ms max=  3.750ms calls(last=  1,win= 120,total=2879) (win 6.9% | avg 6.9% budget)
  frame.render.world.maze          win=  1.008ms avg=  1.008ms p95=  1.100ms max=  1.480ms calls(last=  1,win= 120,total=2879) (win 6.0% | avg 6.0% budget)
  frame.render.hud                 win=  0.886ms avg=  0.886ms p95=  0.983ms max=  1.607ms calls(last=  1,win= 120,total=2879) (win 5.3% | avg 5.3% budget)
  frame.render.hud.minimap         win=  0.465ms avg=  0.465ms p95=  0.539ms max=  0.763ms calls(last=  1,win= 120,total=2879) (win 2.8% | avg 2.8% budget)
  frame.render.world.effects       win=  0.429ms avg=  0.429ms p95=  0.496ms max=  5.102ms calls(last=  1,win= 120,total=2879) (win 2.6% | avg 2.6% budget)
  frame.render.hud.text            win=  0.225ms avg=  0.225ms p95=  0.261ms max=  0.538ms calls(last=  1,win= 120,total=2879) (win 1.3% | avg 1.3% budget)
  system.spawner_update            win=  0.077ms avg=  0.081ms p95=  0.139ms max=  0.447ms calls(last=  1,win= 126,total=2976) (win 0.5% | avg 0.5% budget)
  frame.render.hud.compass         win=  0.050ms avg=  0.050ms p95=  0.052ms max=  0.312ms calls(last=  1,win= 120,total=2879) (win 0.3% | avg 0.3% budget)
  frame.render.hud.static          win=  0.046ms avg=  0.046ms p95=  0.056ms max=  0.152ms calls(last=  1,win= 120,total=2879) (win 0.3% | avg 0.3% budget)
  frame.render.hud.lives           win=  0.042ms avg=  0.042ms p95=  0.043ms max=  0.283ms calls(last=  1,win= 120,total=2879) (win 0.3% | avg 0.3% budget)
  frame.render.hud.bars            win=  0.039ms avg=  0.039ms p95=  0.040ms max=  0.272ms calls(last=  1,win= 120,total=2879) (win 0.2% | avg 0.2% budget)
  system.physics_collision         win=  0.039ms avg=  0.041ms p95=  0.050ms max=  0.439ms calls(last=  1,win= 126,total=2976) (win 0.2% | avg 0.2% budget)
  enemy.cheap.segment_build        win=  0.030ms avg=  0.184ms p95=  0.297ms max=  0.600ms calls(last=  8,win= 750,total=5975) (win 0.2% | avg 1.1% budget)
  frame.input_poll                 win=  0.028ms avg=  0.028ms p95=  0.028ms max=  0.105ms calls(last=  1,win= 120,total=3240) (win 0.2% | avg 0.2% budget)
  system.player_update             win=  0.026ms avg=  0.027ms p95=  0.030ms max=  0.148ms calls(last=  1,win= 126,total=2615) (win 0.2% | avg 0.2% budget)
  enemy.type.hunter                win=  0.006ms avg=  0.312ms p95=  0.483ms max=  1.682ms calls(last= 47,win=5922,total=71594) (win 0.0% | avg 1.9% budget)
[ENEMY_STATS] frame=3240 alive=141 visible=0 full=0 cheap=141 fullInBase=0 pairs(frontal=0 checks=0 separation=0 resolved=0)
[ENEMY_WINDOW] steps=126 alive[min=140 max=141] visible[min=0 max=0] full[min=0 max=0] collisionPasses[runs=0 skips=126]
[ENEMY_SEGMENTS] window=2.100s D{b/s=7.14 avgLen=4.99 fail=0} T{b/s=10.48 avgLen=5.78 fail=0} H{b/s=29.52 avgLen=4.67 fail=630} A{b/s=9.52 avgLen=5.44 fail=0}
[ENEMY_GRID] frontal{cand/s=0.0 xcell/s=0.0 ins/s=0.0} separation{cand/s=0.0}
[ENEMY_COLLISION_WINDOW] frontal{pairs/s=0.0 checks/s=0.0 baseSkip=0 kill=0(0.0%)} separation{pairs/s=0.0 resolved/s=0.0(0.0%) baseSkip=0 kill=0 wallBlock=0}
[ENEMY_KILL_DEBUG] enemyEnemy{events=0 frontal=0 separation=0 reenterEither=0 reenterBoth=0 wallContact=0 dist[min=0.000 avg=0.000 max=0.000]}
[ENEMY_NAV_CACHE] playerCell{changes=1 flowRebuilds=0} flow{hit=0 miss=0 hit%=0.0} pathFallback{calls=0 ok=0 ok%=0.0}
[ENEMY_SAP] updates=0 active=0 pairs=0 repairs{x=0 y=0}
[ENEMY_PAIR_TYPES] frontal DD=0 DT=0 DH=0 DA=0 TT=0 TH=0 TA=0 HH=0 HA=0 AA=0 separation DD=0 DT=0 DH=0 DA=0 TT=0 TH=0 TA=0 HH=0 HA=0 AA=0
[ENEMY_KILL_DEBUG_COLLISION] projectile{kills=0 wallContact=0}

[PROFILE] frame=3360 budget=16.667ms alloc(+173/-173, +276184b/-276184b, live=285672b peak=570448b)
  frame.total                      win= 17.786ms avg= 17.786ms p95= 25.706ms max= 83.488ms calls(last=  1,win= 120,total=3360) (win 106.7% | avg 106.7% budget)
  frame.fixed_step                 win=  8.925ms avg=  9.594ms p95= 17.626ms max= 22.011ms calls(last=  1,win= 129,total=3475) (win 53.5% | avg 57.6% budget)
  frame.render                     win=  8.150ms avg=  8.150ms p95=  8.697ms max= 83.447ms calls(last=  1,win= 120,total=3360) (win 48.9% | avg 48.9% budget)
  frame.present                    win=  6.562ms avg=  6.562ms p95=  7.105ms max= 83.440ms calls(last=  1,win= 120,total=3360) (win 39.4% | avg 39.4% budget)
  frame.render.world               win=  3.362ms avg=  3.362ms p95=  3.647ms max=  8.302ms calls(last=  1,win= 120,total=2999) (win 20.2% | avg 20.2% budget)
  game.update                      win=  3.196ms avg=  3.436ms p95=  6.096ms max= 17.131ms calls(last=  1,win= 129,total=3105) (win 19.2% | avg 20.6% budget)
  system.ai_update                 win=  3.003ms avg=  3.228ms p95=  5.740ms max= 16.951ms calls(last=  1,win= 129,total=3105) (win 18.0% | avg 19.4% budget)
  enemy.update                     win=  2.997ms avg=  3.221ms p95=  5.717ms max= 16.944ms calls(last=  1,win= 129,total=3105) (win 18.0% | avg 19.3% budget)
  frame.render.world.enemies       win=  1.144ms avg=  1.144ms p95=  1.184ms max=  3.750ms calls(last=  1,win= 120,total=2999) (win 6.9% | avg 6.9% budget)
  frame.render.world.maze          win=  0.962ms avg=  0.962ms p95=  1.049ms max=  1.480ms calls(last=  1,win= 120,total=2999) (win 5.8% | avg 5.8% budget)
  frame.render.hud                 win=  0.875ms avg=  0.875ms p95=  0.914ms max=  1.607ms calls(last=  1,win= 120,total=2999) (win 5.2% | avg 5.2% budget)
  frame.render.hud.minimap         win=  0.457ms avg=  0.457ms p95=  0.494ms max=  0.763ms calls(last=  1,win= 120,total=2999) (win 2.7% | avg 2.7% budget)
  frame.render.world.effects       win=  0.445ms avg=  0.445ms p95=  0.515ms max=  5.102ms calls(last=  1,win= 120,total=2999) (win 2.7% | avg 2.7% budget)
  frame.render.hud.text            win=  0.223ms avg=  0.223ms p95=  0.258ms max=  0.538ms calls(last=  1,win= 120,total=2999) (win 1.3% | avg 1.3% budget)
  system.spawner_update            win=  0.077ms avg=  0.083ms p95=  0.140ms max=  0.447ms calls(last=  1,win= 129,total=3105) (win 0.5% | avg 0.5% budget)
  frame.render.hud.compass         win=  0.050ms avg=  0.050ms p95=  0.051ms max=  0.312ms calls(last=  1,win= 120,total=2999) (win 0.3% | avg 0.3% budget)
  frame.render.hud.static          win=  0.045ms avg=  0.045ms p95=  0.058ms max=  0.152ms calls(last=  1,win= 120,total=2999) (win 0.3% | avg 0.3% budget)
  frame.render.hud.lives           win=  0.042ms avg=  0.042ms p95=  0.044ms max=  0.283ms calls(last=  1,win= 120,total=2999) (win 0.3% | avg 0.3% budget)
  system.physics_collision         win=  0.040ms avg=  0.043ms p95=  0.073ms max=  0.439ms calls(last=  1,win= 129,total=3105) (win 0.2% | avg 0.3% budget)
  frame.render.hud.bars            win=  0.039ms avg=  0.039ms p95=  0.040ms max=  0.272ms calls(last=  1,win= 120,total=2999) (win 0.2% | avg 0.2% budget)
  enemy.cheap.segment_build        win=  0.029ms avg=  0.186ms p95=  0.319ms max=  0.600ms calls(last=  8,win= 765,total=6740) (win 0.2% | avg 1.1% budget)
  frame.input_poll                 win=  0.028ms avg=  0.028ms p95=  0.030ms max=  0.105ms calls(last=  1,win= 120,total=3360) (win 0.2% | avg 0.2% budget)
  system.player_update             win=  0.026ms avg=  0.028ms p95=  0.050ms max=  0.148ms calls(last=  1,win= 129,total=2744) (win 0.2% | avg 0.2% budget)
  enemy.type.hunter                win=  0.006ms avg=  0.323ms p95=  0.557ms max=  1.682ms calls(last= 50,win=6267,total=77861) (win 0.0% | avg 1.9% budget)
[ENEMY_STATS] frame=3360 alive=144 visible=0 full=0 cheap=144 fullInBase=0 pairs(frontal=0 checks=0 separation=0 resolved=0)
[ENEMY_WINDOW] steps=129 alive[min=141 max=144] visible[min=0 max=0] full[min=0 max=0] collisionPasses[runs=0 skips=129]
[ENEMY_SEGMENTS] window=2.150s D{b/s=6.05 avgLen=5.55 fail=0} T{b/s=13.49 avgLen=5.78 fail=0} H{b/s=28.84 avgLen=5.21 fail=645} A{b/s=7.44 avgLen=5.36 fail=0}
[ENEMY_GRID] frontal{cand/s=0.0 xcell/s=0.0 ins/s=0.0} separation{cand/s=0.0}
[ENEMY_COLLISION_WINDOW] frontal{pairs/s=0.0 checks/s=0.0 baseSkip=0 kill=0(0.0%)} separation{pairs/s=0.0 resolved/s=0.0(0.0%) baseSkip=0 kill=0 wallBlock=0}
[ENEMY_KILL_DEBUG] enemyEnemy{events=0 frontal=0 separation=0 reenterEither=0 reenterBoth=0 wallContact=0 dist[min=0.000 avg=0.000 max=0.000]}
[ENEMY_NAV_CACHE] playerCell{changes=2 flowRebuilds=1} flow{hit=0 miss=0 hit%=0.0} pathFallback{calls=0 ok=0 ok%=0.0}
[ENEMY_SAP] updates=0 active=0 pairs=0 repairs{x=0 y=0}
[ENEMY_PAIR_TYPES] frontal DD=0 DT=0 DH=0 DA=0 TT=0 TH=0 TA=0 HH=0 HA=0 AA=0 separation DD=0 DT=0 DH=0 DA=0 TT=0 TH=0 TA=0 HH=0 HA=0 AA=0
[ENEMY_KILL_DEBUG_COLLISION] projectile{kills=0 wallContact=0}

[PROFILE] frame=3480 budget=16.667ms alloc(+173/-173, +276168b/-276168b, live=285672b peak=570448b)
  frame.total                      win= 17.773ms avg= 17.773ms p95= 25.666ms max= 83.488ms calls(last=  1,win= 120,total=3480) (win 106.6% | avg 106.6% budget)
  frame.fixed_step                 win=  8.975ms avg=  9.648ms p95= 17.737ms max= 22.011ms calls(last=  1,win= 129,total=3604) (win 53.9% | avg 57.9% budget)
  frame.render                     win=  8.082ms avg=  8.082ms p95=  8.542ms max= 83.447ms calls(last=  1,win= 120,total=3480) (win 48.5% | avg 48.5% budget)
  frame.present                    win=  6.441ms avg=  6.441ms p95=  6.923ms max= 83.440ms calls(last=  1,win= 120,total=3480) (win 38.6% | avg 38.6% budget)
  frame.render.world               win=  3.226ms avg=  3.226ms p95=  3.497ms max=  8.302ms calls(last=  1,win= 120,total=3119) (win 19.4% | avg 19.4% budget)
  game.update                      win=  3.129ms avg=  3.364ms p95=  6.150ms max= 17.131ms calls(last=  1,win= 129,total=3234) (win 18.8% | avg 20.2% budget)
  system.ai_update                 win=  2.940ms avg=  3.161ms p95=  5.759ms max= 16.951ms calls(last=  1,win= 129,total=3234) (win 17.6% | avg 19.0% budget)
  enemy.update                     win=  2.934ms avg=  3.154ms p95=  5.748ms max= 16.944ms calls(last=  1,win= 129,total=3234) (win 17.6% | avg 18.9% budget)
  frame.render.world.enemies       win=  1.163ms avg=  1.163ms p95=  1.231ms max=  3.750ms calls(last=  1,win= 120,total=3119) (win 7.0% | avg 7.0% budget)
  frame.render.hud                 win=  0.878ms avg=  0.878ms p95=  0.943ms max=  1.607ms calls(last=  1,win= 120,total=3119) (win 5.3% | avg 5.3% budget)
  frame.render.world.maze          win=  0.829ms avg=  0.829ms p95=  0.936ms max=  2.376ms calls(last=  1,win= 120,total=3119) (win 5.0% | avg 5.0% budget)
  frame.render.hud.minimap         win=  0.458ms avg=  0.458ms p95=  0.510ms max=  0.763ms calls(last=  1,win= 120,total=3119) (win 2.7% | avg 2.7% budget)
  frame.render.world.effects       win=  0.432ms avg=  0.432ms p95=  0.522ms max=  5.102ms calls(last=  1,win= 120,total=3119) (win 2.6% | avg 2.6% budget)
  frame.render.hud.text            win=  0.221ms avg=  0.221ms p95=  0.261ms max=  0.538ms calls(last=  1,win= 120,total=3119) (win 1.3% | avg 1.3% budget)
  system.spawner_update            win=  0.073ms avg=  0.078ms p95=  0.139ms max=  0.447ms calls(last=  1,win= 129,total=3234) (win 0.4% | avg 0.5% budget)
  frame.render.hud.compass         win=  0.050ms avg=  0.050ms p95=  0.052ms max=  0.312ms calls(last=  1,win= 120,total=3119) (win 0.3% | avg 0.3% budget)
  frame.render.hud.static          win=  0.047ms avg=  0.047ms p95=  0.060ms max=  0.152ms calls(last=  1,win= 120,total=3119) (win 0.3% | avg 0.3% budget)
  frame.render.hud.lives           win=  0.042ms avg=  0.042ms p95=  0.044ms max=  0.283ms calls(last=  1,win= 120,total=3119) (win 0.3% | avg 0.3% budget)
  frame.render.hud.bars            win=  0.041ms avg=  0.041ms p95=  0.041ms max=  0.272ms calls(last=  1,win= 120,total=3119) (win 0.2% | avg 0.2% budget)
  system.physics_collision         win=  0.038ms avg=  0.041ms p95=  0.071ms max=  0.439ms calls(last=  1,win= 129,total=3234) (win 0.2% | avg 0.2% budget)
  enemy.cheap.segment_build        win=  0.029ms avg=  0.184ms p95=  0.313ms max=  0.600ms calls(last=  5,win= 756,total=7496) (win 0.2% | avg 1.1% budget)
  frame.input_poll                 win=  0.028ms avg=  0.028ms p95=  0.029ms max=  0.105ms calls(last=  1,win= 120,total=3480) (win 0.2% | avg 0.2% budget)
  system.player_update             win=  0.026ms avg=  0.028ms p95=  0.049ms max=  0.149ms calls(last=  1,win= 129,total=2873) (win 0.2% | avg 0.2% budget)
  enemy.type.hunter                win=  0.006ms avg=  0.322ms p95=  0.603ms max=  1.682ms calls(last= 50,win=6450,total=84311) (win 0.0% | avg 1.9% budget)
[ENEMY_STATS] frame=3480 alive=144 visible=0 full=0 cheap=144 fullInBase=0 pairs(frontal=0 checks=0 separation=0 resolved=0)
[ENEMY_WINDOW] steps=129 alive[min=144 max=144] visible[min=0 max=0] full[min=0 max=0] collisionPasses[runs=0 skips=129]
[ENEMY_SEGMENTS] window=2.150s D{b/s=5.12 avgLen=4.71 fail=0} T{b/s=13.02 avgLen=5.99 fail=0} H{b/s=25.58 avgLen=4.99 fail=645} A{b/s=8.37 avgLen=4.94 fail=0}
[ENEMY_GRID] frontal{cand/s=0.0 xcell/s=0.0 ins/s=0.0} separation{cand/s=0.0}
[ENEMY_COLLISION_WINDOW] frontal{pairs/s=0.0 checks/s=0.0 baseSkip=0 kill=0(0.0%)} separation{pairs/s=0.0 resolved/s=0.0(0.0%) baseSkip=0 kill=0 wallBlock=0}
[ENEMY_KILL_DEBUG] enemyEnemy{events=0 frontal=0 separation=0 reenterEither=0 reenterBoth=0 wallContact=0 dist[min=0.000 avg=0.000 max=0.000]}
[ENEMY_NAV_CACHE] playerCell{changes=2 flowRebuilds=0} flow{hit=0 miss=0 hit%=0.0} pathFallback{calls=0 ok=0 ok%=0.0}
[ENEMY_SAP] updates=0 active=0 pairs=0 repairs{x=0 y=0}
[ENEMY_PAIR_TYPES] frontal DD=0 DT=0 DH=0 DA=0 TT=0 TH=0 TA=0 HH=0 HA=0 AA=0 separation DD=0 DT=0 DH=0 DA=0 TT=0 TH=0 TA=0 HH=0 HA=0 AA=0
[ENEMY_KILL_DEBUG_COLLISION] projectile{kills=0 wallContact=0}

[PROFILE] frame=3600 budget=16.667ms alloc(+173/-173, +276152b/-276152b, live=285672b peak=570448b)
  frame.total                      win= 17.860ms avg= 17.860ms p95= 25.711ms max= 83.488ms calls(last=  1,win= 120,total=3600) (win 107.2% | avg 107.2% budget)
  frame.fixed_step                 win=  9.111ms avg=  9.794ms p95= 17.878ms max= 22.011ms calls(last=  1,win= 129,total=3733) (win 54.7% | avg 58.8% budget)
  frame.render                     win=  8.024ms avg=  8.024ms p95=  8.593ms max= 83.447ms calls(last=  1,win= 120,total=3600) (win 48.1% | avg 48.1% budget)
  frame.present                    win=  6.393ms avg=  6.393ms p95=  6.986ms max= 83.440ms calls(last=  1,win= 120,total=3600) (win 38.4% | avg 38.4% budget)
  game.update                      win=  3.255ms avg=  3.499ms p95=  6.265ms max= 17.131ms calls(last=  1,win= 129,total=3363) (win 19.5% | avg 21.0% budget)
  frame.render.world               win=  3.166ms avg=  3.166ms p95=  3.428ms max=  8.302ms calls(last=  1,win= 120,total=3239) (win 19.0% | avg 19.0% budget)
  system.ai_update                 win=  3.063ms avg=  3.292ms p95=  5.863ms max= 16.951ms calls(last=  1,win= 129,total=3363) (win 18.4% | avg 19.8% budget)
  enemy.update                     win=  3.057ms avg=  3.286ms p95=  5.850ms max= 16.944ms calls(last=  1,win= 129,total=3363) (win 18.3% | avg 19.7% budget)
  frame.render.world.enemies       win=  1.152ms avg=  1.152ms p95=  1.256ms max=  3.750ms calls(last=  1,win= 120,total=3239) (win 6.9% | avg 6.9% budget)
  frame.render.hud                 win=  0.887ms avg=  0.887ms p95=  0.974ms max=  1.607ms calls(last=  1,win= 120,total=3239) (win 5.3% | avg 5.3% budget)
  frame.render.world.maze          win=  0.803ms avg=  0.803ms p95=  0.896ms max=  2.376ms calls(last=  1,win= 120,total=3239) (win 4.8% | avg 4.8% budget)
  frame.render.hud.minimap         win=  0.461ms avg=  0.461ms p95=  0.540ms max=  0.763ms calls(last=  1,win= 120,total=3239) (win 2.8% | avg 2.8% budget)
  frame.render.world.effects       win=  0.441ms avg=  0.441ms p95=  0.552ms max=  5.102ms calls(last=  1,win= 120,total=3239) (win 2.6% | avg 2.6% budget)
  frame.render.hud.text            win=  0.225ms avg=  0.225ms p95=  0.268ms max=  0.538ms calls(last=  1,win= 120,total=3239) (win 1.3% | avg 1.3% budget)
  system.spawner_update            win=  0.073ms avg=  0.079ms p95=  0.140ms max=  0.447ms calls(last=  1,win= 129,total=3363) (win 0.4% | avg 0.5% budget)
  frame.render.hud.compass         win=  0.052ms avg=  0.052ms p95=  0.053ms max=  0.312ms calls(last=  1,win= 120,total=3239) (win 0.3% | avg 0.3% budget)
  frame.render.hud.static          win=  0.046ms avg=  0.046ms p95=  0.061ms max=  0.152ms calls(last=  1,win= 120,total=3239) (win 0.3% | avg 0.3% budget)
  frame.render.hud.lives           win=  0.043ms avg=  0.043ms p95=  0.043ms max=  0.283ms calls(last=  1,win= 120,total=3239) (win 0.3% | avg 0.3% budget)
  frame.render.hud.bars            win=  0.040ms avg=  0.040ms p95=  0.041ms max=  0.272ms calls(last=  1,win= 120,total=3239) (win 0.2% | avg 0.2% budget)
  system.physics_collision         win=  0.039ms avg=  0.042ms p95=  0.073ms max=  0.439ms calls(last=  1,win= 129,total=3363) (win 0.2% | avg 0.3% budget)
  enemy.cheap.segment_build        win=  0.029ms avg=  0.208ms p95=  0.359ms max=  0.600ms calls(last=  7,win= 874,total=8370) (win 0.2% | avg 1.2% budget)
  frame.input_poll                 win=  0.028ms avg=  0.028ms p95=  0.029ms max=  0.105ms calls(last=  1,win= 120,total=3600) (win 0.2% | avg 0.2% budget)
  system.player_update             win=  0.026ms avg=  0.028ms p95=  0.051ms max=  0.149ms calls(last=  1,win= 129,total=3002) (win 0.2% | avg 0.2% budget)
  enemy.type.hunter                win=  0.007ms avg=  0.352ms p95=  0.622ms max=  1.682ms calls(last= 50,win=6450,total=90761) (win 0.0% | avg 2.1% budget)
[ENEMY_STATS] frame=3600 alive=144 visible=0 full=0 cheap=144 fullInBase=0 pairs(frontal=0 checks=0 separation=0 resolved=0)
[ENEMY_WINDOW] steps=129 alive[min=144 max=144] visible[min=0 max=0] full[min=0 max=0] collisionPasses[runs=0 skips=129]
[ENEMY_SEGMENTS] window=2.150s D{b/s=6.05 avgLen=5.22 fail=0} T{b/s=11.63 avgLen=6.20 fail=0} H{b/s=27.44 avgLen=4.99 fail=760} A{b/s=8.37 avgLen=5.27 fail=0}
[ENEMY_GRID] frontal{cand/s=0.0 xcell/s=0.0 ins/s=0.0} separation{cand/s=0.0}
[ENEMY_COLLISION_WINDOW] frontal{pairs/s=0.0 checks/s=0.0 baseSkip=0 kill=0(0.0%)} separation{pairs/s=0.0 resolved/s=0.0(0.0%) baseSkip=0 kill=0 wallBlock=0}
[ENEMY_KILL_DEBUG] enemyEnemy{events=0 frontal=0 separation=0 reenterEither=0 reenterBoth=0 wallContact=0 dist[min=0.000 avg=0.000 max=0.000]}
[ENEMY_NAV_CACHE] playerCell{changes=1 flowRebuilds=1} flow{hit=0 miss=0 hit%=0.0} pathFallback{calls=0 ok=0 ok%=0.0}
[ENEMY_SAP] updates=0 active=0 pairs=0 repairs{x=0 y=0}
[ENEMY_PAIR_TYPES] frontal DD=0 DT=0 DH=0 DA=0 TT=0 TH=0 TA=0 HH=0 HA=0 AA=0 separation DD=0 DT=0 DH=0 DA=0 TT=0 TH=0 TA=0 HH=0 HA=0 AA=0
[ENEMY_KILL_DEBUG_COLLISION] projectile{kills=0 wallContact=0}

[PROFILE] frame=3720 budget=16.667ms alloc(+173/-173, +276184b/-276184b, live=285672b peak=570448b)
  frame.total                      win= 17.810ms avg= 17.810ms p95= 25.969ms max= 83.488ms calls(last=  1,win= 120,total=3720) (win 106.9% | avg 106.9% budget)
  frame.fixed_step                 win=  9.054ms avg=  9.733ms p95= 17.945ms max= 22.011ms calls(last=  1,win= 129,total=3862) (win 54.3% | avg 58.4% budget)
  frame.render                     win=  8.035ms avg=  8.035ms p95=  8.633ms max= 83.447ms calls(last=  1,win= 120,total=3720) (win 48.2% | avg 48.2% budget)
  frame.present                    win=  6.428ms avg=  6.428ms p95=  7.036ms max= 83.440ms calls(last=  1,win= 120,total=3720) (win 38.6% | avg 38.6% budget)
  frame.render.world               win=  3.268ms avg=  3.268ms p95=  3.518ms max=  8.302ms calls(last=  1,win= 120,total=3359) (win 19.6% | avg 19.6% budget)
  game.update                      win=  3.197ms avg=  3.436ms p95=  6.251ms max= 17.131ms calls(last=  1,win= 129,total=3492) (win 19.2% | avg 20.6% budget)
  system.ai_update                 win=  3.005ms avg=  3.230ms p95=  5.887ms max= 16.951ms calls(last=  1,win= 129,total=3492) (win 18.0% | avg 19.4% budget)
  enemy.update                     win=  2.999ms avg=  3.223ms p95=  5.876ms max= 16.944ms calls(last=  1,win= 129,total=3492) (win 18.0% | avg 19.3% budget)
  frame.render.world.enemies       win=  1.168ms avg=  1.168ms p95=  1.389ms max=  3.750ms calls(last=  1,win= 120,total=3359) (win 7.0% | avg 7.0% budget)
  frame.render.hud                 win=  0.893ms avg=  0.893ms p95=  1.088ms max=  1.607ms calls(last=  1,win= 120,total=3359) (win 5.4% | avg 5.4% budget)
  frame.render.world.maze          win=  0.882ms avg=  0.882ms p95=  0.973ms max=  2.376ms calls(last=  1,win= 120,total=3359) (win 5.3% | avg 5.3% budget)
  frame.render.hud.minimap         win=  0.472ms avg=  0.472ms p95=  0.563ms max=  0.763ms calls(last=  1,win= 120,total=3359) (win 2.8% | avg 2.8% budget)
  frame.render.world.effects       win=  0.436ms avg=  0.436ms p95=  0.545ms max=  5.102ms calls(last=  1,win= 120,total=3359) (win 2.6% | avg 2.6% budget)
  frame.render.hud.text            win=  0.221ms avg=  0.221ms p95=  0.252ms max=  0.538ms calls(last=  1,win= 120,total=3359) (win 1.3% | avg 1.3% budget)
  system.spawner_update            win=  0.074ms avg=  0.080ms p95=  0.142ms max=  0.447ms calls(last=  1,win= 129,total=3492) (win 0.4% | avg 0.5% budget)
  frame.render.hud.compass         win=  0.051ms avg=  0.051ms p95=  0.054ms max=  0.312ms calls(last=  1,win= 120,total=3359) (win 0.3% | avg 0.3% budget)
  frame.render.hud.static          win=  0.044ms avg=  0.044ms p95=  0.056ms max=  0.152ms calls(last=  1,win= 120,total=3359) (win 0.3% | avg 0.3% budget)
  frame.render.hud.lives           win=  0.043ms avg=  0.043ms p95=  0.044ms max=  0.283ms calls(last=  1,win= 120,total=3359) (win 0.3% | avg 0.3% budget)
  frame.render.hud.bars            win=  0.041ms avg=  0.041ms p95=  0.040ms max=  0.272ms calls(last=  1,win= 120,total=3359) (win 0.2% | avg 0.2% budget)
  system.physics_collision         win=  0.040ms avg=  0.043ms p95=  0.076ms max=  0.439ms calls(last=  1,win= 129,total=3492) (win 0.2% | avg 0.3% budget)
  enemy.cheap.segment_build        win=  0.028ms avg=  0.209ms p95=  0.349ms max=  0.600ms calls(last=  7,win= 897,total=9267) (win 0.2% | avg 1.3% budget)
  frame.input_poll                 win=  0.028ms avg=  0.028ms p95=  0.030ms max=  0.105ms calls(last=  1,win= 120,total=3720) (win 0.2% | avg 0.2% budget)
  system.player_update             win=  0.026ms avg=  0.028ms p95=  0.051ms max=  0.149ms calls(last=  1,win= 129,total=3131) (win 0.2% | avg 0.2% budget)
  enemy.type.hunter                win=  0.007ms avg=  0.355ms p95=  0.650ms max=  1.682ms calls(last= 50,win=6450,total=97211) (win 0.0% | avg 2.1% budget)
[ENEMY_STATS] frame=3720 alive=144 visible=0 full=0 cheap=144 fullInBase=0 pairs(frontal=0 checks=0 separation=0 resolved=0)
[ENEMY_WINDOW] steps=129 alive[min=144 max=144] visible[min=0 max=0] full[min=0 max=0] collisionPasses[runs=0 skips=129]
[ENEMY_SEGMENTS] window=2.150s D{b/s=6.51 avgLen=4.59 fail=0} T{b/s=11.63 avgLen=6.39 fail=0} H{b/s=27.91 avgLen=5.00 fail=774} A{b/s=10.70 avgLen=5.23 fail=0}
[ENEMY_GRID] frontal{cand/s=0.0 xcell/s=0.0 ins/s=0.0} separation{cand/s=0.0}
[ENEMY_COLLISION_WINDOW] frontal{pairs/s=0.0 checks/s=0.0 baseSkip=0 kill=0(0.0%)} separation{pairs/s=0.0 resolved/s=0.0(0.0%) baseSkip=0 kill=0 wallBlock=0}
[ENEMY_KILL_DEBUG] enemyEnemy{events=0 frontal=0 separation=0 reenterEither=0 reenterBoth=0 wallContact=0 dist[min=0.000 avg=0.000 max=0.000]}
[ENEMY_NAV_CACHE] playerCell{changes=2 flowRebuilds=0} flow{hit=0 miss=0 hit%=0.0} pathFallback{calls=0 ok=0 ok%=0.0}
[ENEMY_SAP] updates=0 active=0 pairs=0 repairs{x=0 y=0}
[ENEMY_PAIR_TYPES] frontal DD=0 DT=0 DH=0 DA=0 TT=0 TH=0 TA=0 HH=0 HA=0 AA=0 separation DD=0 DT=0 DH=0 DA=0 TT=0 TH=0 TA=0 HH=0 HA=0 AA=0
[ENEMY_KILL_DEBUG_COLLISION] projectile{kills=0 wallContact=0}

[PROFILE] frame=3840 budget=16.667ms alloc(+173/-173, +276152b/-276152b, live=285672b peak=570448b)
  frame.total                      win= 18.195ms avg= 18.195ms p95= 26.067ms max= 83.488ms calls(last=  1,win= 120,total=3840) (win 109.2% | avg 109.2% budget)
  frame.fixed_step                 win=  9.159ms avg= 10.075ms p95= 18.039ms max= 22.011ms calls(last=  1,win= 132,total=3994) (win 55.0% | avg 60.4% budget)
  frame.render                     win=  8.078ms avg=  8.078ms p95=  8.766ms max= 83.447ms calls(last=  1,win= 120,total=3840) (win 48.5% | avg 48.5% budget)
  frame.present                    win=  6.479ms avg=  6.479ms p95=  7.094ms max= 83.440ms calls(last=  1,win= 120,total=3840) (win 38.9% | avg 38.9% budget)
  frame.render.world               win=  3.330ms avg=  3.330ms p95=  3.649ms max=  8.302ms calls(last=  1,win= 120,total=3479) (win 20.0% | avg 20.0% budget)
  game.update                      win=  3.307ms avg=  3.638ms p95=  6.374ms max= 17.131ms calls(last=  1,win= 132,total=3624) (win 19.8% | avg 21.8% budget)
  system.ai_update                 win=  3.115ms avg=  3.426ms p95=  6.008ms max= 16.951ms calls(last=  1,win= 132,total=3624) (win 18.7% | avg 20.6% budget)
  enemy.update                     win=  3.108ms avg=  3.419ms p95=  5.998ms max= 16.944ms calls(last=  1,win= 132,total=3624) (win 18.6% | avg 20.5% budget)
  frame.render.world.enemies       win=  1.166ms avg=  1.166ms p95=  1.371ms max=  3.750ms calls(last=  1,win= 120,total=3479) (win 7.0% | avg 7.0% budget)
  frame.render.world.maze          win=  0.946ms avg=  0.946ms p95=  1.077ms max=  2.376ms calls(last=  1,win= 120,total=3479) (win 5.7% | avg 5.7% budget)
  frame.render.hud                 win=  0.909ms avg=  0.909ms p95=  1.126ms max=  2.472ms calls(last=  1,win= 120,total=3479) (win 5.5% | avg 5.5% budget)
  frame.render.hud.minimap         win=  0.479ms avg=  0.479ms p95=  0.610ms max=  1.361ms calls(last=  1,win= 120,total=3479) (win 2.9% | avg 2.9% budget)
  frame.render.world.effects       win=  0.434ms avg=  0.434ms p95=  0.509ms max=  5.102ms calls(last=  1,win= 120,total=3479) (win 2.6% | avg 2.6% budget)
  frame.render.hud.text            win=  0.228ms avg=  0.228ms p95=  0.274ms max=  0.590ms calls(last=  1,win= 120,total=3479) (win 1.4% | avg 1.4% budget)
  system.spawner_update            win=  0.075ms avg=  0.082ms p95=  0.143ms max=  0.447ms calls(last=  1,win= 132,total=3624) (win 0.4% | avg 0.5% budget)
  frame.render.hud.compass         win=  0.050ms avg=  0.050ms p95=  0.052ms max=  0.312ms calls(last=  1,win= 120,total=3479) (win 0.3% | avg 0.3% budget)
  frame.render.hud.static          win=  0.048ms avg=  0.048ms p95=  0.066ms max=  0.176ms calls(last=  1,win= 120,total=3479) (win 0.3% | avg 0.3% budget)
  frame.render.hud.lives           win=  0.043ms avg=  0.043ms p95=  0.044ms max=  0.283ms calls(last=  1,win= 120,total=3479) (win 0.3% | avg 0.3% budget)
  frame.render.hud.bars            win=  0.041ms avg=  0.041ms p95=  0.041ms max=  0.272ms calls(last=  1,win= 120,total=3479) (win 0.2% | avg 0.2% budget)
  system.physics_collision         win=  0.040ms avg=  0.044ms p95=  0.079ms max=  0.439ms calls(last=  1,win= 132,total=3624) (win 0.2% | avg 0.3% budget)
  frame.input_poll                 win=  0.027ms avg=  0.027ms p95=  0.029ms max=  0.105ms calls(last=  1,win= 120,total=3840) (win 0.2% | avg 0.2% budget)
  enemy.cheap.segment_build        win=  0.027ms avg=  0.227ms p95=  0.411ms max=  0.600ms calls(last=  8,win=1002,total=10269) (win 0.2% | avg 1.4% budget)
  system.player_update             win=  0.026ms avg=  0.029ms p95=  0.050ms max=  0.149ms calls(last=  1,win= 132,total=3263) (win 0.2% | avg 0.2% budget)
  enemy.type.hunter                win=  0.007ms avg=  0.383ms p95=  0.663ms max=  1.682ms calls(last= 50,win=6600,total=103811) (win 0.0% | avg 2.3% budget)
[ENEMY_STATS] frame=3840 alive=144 visible=0 full=0 cheap=144 fullInBase=0 pairs(frontal=0 checks=0 separation=0 resolved=0)
[ENEMY_WINDOW] steps=132 alive[min=144 max=144] visible[min=0 max=0] full[min=0 max=0] collisionPasses[runs=0 skips=132]
[ENEMY_SEGMENTS] window=2.200s D{b/s=6.82 avgLen=4.23 fail=0} T{b/s=12.73 avgLen=6.40 fail=0} H{b/s=25.45 avgLen=4.89 fail=890} A{b/s=6.36 avgLen=5.22 fail=0}
[ENEMY_GRID] frontal{cand/s=0.0 xcell/s=0.0 ins/s=0.0} separation{cand/s=0.0}
[ENEMY_COLLISION_WINDOW] frontal{pairs/s=0.0 checks/s=0.0 baseSkip=0 kill=0(0.0%)} separation{pairs/s=0.0 resolved/s=0.0(0.0%) baseSkip=0 kill=0 wallBlock=0}
[ENEMY_KILL_DEBUG] enemyEnemy{events=0 frontal=0 separation=0 reenterEither=0 reenterBoth=0 wallContact=0 dist[min=0.000 avg=0.000 max=0.000]}
[ENEMY_NAV_CACHE] playerCell{changes=1 flowRebuilds=1} flow{hit=0 miss=0 hit%=0.0} pathFallback{calls=0 ok=0 ok%=0.0}
[ENEMY_SAP] updates=0 active=0 pairs=0 repairs{x=0 y=0}
[ENEMY_PAIR_TYPES] frontal DD=0 DT=0 DH=0 DA=0 TT=0 TH=0 TA=0 HH=0 HA=0 AA=0 separation DD=0 DT=0 DH=0 DA=0 TT=0 TH=0 TA=0 HH=0 HA=0 AA=0
[ENEMY_KILL_DEBUG_COLLISION] projectile{kills=0 wallContact=0}

[PROFILE] frame=3960 budget=16.667ms alloc(+173/-173, +276184b/-276184b, live=285672b peak=570448b)
  frame.total                      win= 17.954ms avg= 17.954ms p95= 26.011ms max= 83.488ms calls(last=  1,win= 120,total=3960) (win 107.7% | avg 107.7% budget)
  frame.fixed_step                 win=  9.077ms avg=  9.833ms p95= 17.971ms max= 22.011ms calls(last=  1,win= 130,total=4124) (win 54.5% | avg 59.0% budget)
  frame.render                     win=  8.079ms avg=  8.079ms p95=  8.669ms max= 83.447ms calls(last=  1,win= 120,total=3960) (win 48.5% | avg 48.5% budget)
  frame.present                    win=  6.459ms avg=  6.459ms p95=  6.967ms max= 83.440ms calls(last=  1,win= 120,total=3960) (win 38.8% | avg 38.8% budget)
  frame.render.world               win=  3.339ms avg=  3.339ms p95=  3.595ms max=  8.302ms calls(last=  1,win= 120,total=3599) (win 20.0% | avg 20.0% budget)
  game.update                      win=  3.234ms avg=  3.503ms p95=  6.321ms max= 17.131ms calls(last=  1,win= 130,total=3754) (win 19.4% | avg 21.0% budget)
  system.ai_update                 win=  3.038ms avg=  3.291ms p95=  5.935ms max= 16.951ms calls(last=  1,win= 130,total=3754) (win 18.2% | avg 19.7% budget)
  enemy.update                     win=  3.032ms avg=  3.284ms p95=  5.923ms max= 16.944ms calls(last=  1,win= 130,total=3754) (win 18.2% | avg 19.7% budget)
  frame.render.world.enemies       win=  1.146ms avg=  1.146ms p95=  1.222ms max=  3.750ms calls(last=  1,win= 120,total=3599) (win 6.9% | avg 6.9% budget)
  frame.render.world.maze          win=  0.982ms avg=  0.982ms p95=  1.090ms max=  2.376ms calls(last=  1,win= 120,total=3599) (win 5.9% | avg 5.9% budget)
  frame.render.hud                 win=  0.887ms avg=  0.887ms p95=  0.963ms max=  2.472ms calls(last=  1,win= 120,total=3599) (win 5.3% | avg 5.3% budget)
  frame.render.hud.minimap         win=  0.460ms avg=  0.460ms p95=  0.506ms max=  1.361ms calls(last=  1,win= 120,total=3599) (win 2.8% | avg 2.8% budget)
  frame.render.world.effects       win=  0.423ms avg=  0.423ms p95=  0.510ms max=  5.102ms calls(last=  1,win= 120,total=3599) (win 2.5% | avg 2.5% budget)
  frame.render.hud.text            win=  0.225ms avg=  0.225ms p95=  0.267ms max=  0.590ms calls(last=  1,win= 120,total=3599) (win 1.4% | avg 1.4% budget)
  system.spawner_update            win=  0.075ms avg=  0.081ms p95=  0.141ms max=  0.447ms calls(last=  1,win= 130,total=3754) (win 0.4% | avg 0.5% budget)
  frame.render.hud.compass         win=  0.052ms avg=  0.052ms p95=  0.068ms max=  0.312ms calls(last=  1,win= 120,total=3599) (win 0.3% | avg 0.3% budget)
  frame.render.hud.static          win=  0.046ms avg=  0.046ms p95=  0.062ms max=  0.176ms calls(last=  1,win= 120,total=3599) (win 0.3% | avg 0.3% budget)
  frame.render.hud.lives           win=  0.043ms avg=  0.043ms p95=  0.045ms max=  0.283ms calls(last=  1,win= 120,total=3599) (win 0.3% | avg 0.3% budget)
  system.physics_collision         win=  0.040ms avg=  0.044ms p95=  0.076ms max=  0.439ms calls(last=  1,win= 130,total=3754) (win 0.2% | avg 0.3% budget)
  frame.render.hud.bars            win=  0.040ms avg=  0.040ms p95=  0.040ms max=  0.272ms calls(last=  1,win= 120,total=3599) (win 0.2% | avg 0.2% budget)
  frame.input_poll                 win=  0.028ms avg=  0.028ms p95=  0.029ms max=  0.105ms calls(last=  1,win= 120,total=3960) (win 0.2% | avg 0.2% budget)
  enemy.cheap.segment_build        win=  0.028ms avg=  0.242ms p95=  0.418ms max=  0.600ms calls(last=  8,win=1055,total=11324) (win 0.2% | avg 1.5% budget)
  system.player_update             win=  0.027ms avg=  0.029ms p95=  0.051ms max=  0.149ms calls(last=  1,win= 130,total=3393) (win 0.2% | avg 0.2% budget)
  enemy.type.hunter                win=  0.007ms avg=  0.394ms p95=  0.673ms max=  1.682ms calls(last= 50,win=6500,total=110311) (win 0.0% | avg 2.4% budget)
[ENEMY_STATS] frame=3960 alive=144 visible=0 full=0 cheap=144 fullInBase=0 pairs(frontal=0 checks=0 separation=0 resolved=0)
[ENEMY_WINDOW] steps=130 alive[min=144 max=144] visible[min=0 max=0] full[min=0 max=0] collisionPasses[runs=0 skips=130]
[ENEMY_SEGMENTS] window=2.167s D{b/s=7.38 avgLen=4.56 fail=2} T{b/s=10.62 avgLen=6.18 fail=0} H{b/s=27.69 avgLen=4.74 fail=937} A{b/s=8.31 avgLen=4.82 fail=0}
[ENEMY_GRID] frontal{cand/s=0.0 xcell/s=0.0 ins/s=0.0} separation{cand/s=0.0}
[ENEMY_COLLISION_WINDOW] frontal{pairs/s=0.0 checks/s=0.0 baseSkip=0 kill=0(0.0%)} separation{pairs/s=0.0 resolved/s=0.0(0.0%) baseSkip=0 kill=0 wallBlock=0}
[ENEMY_KILL_DEBUG] enemyEnemy{events=0 frontal=0 separation=0 reenterEither=0 reenterBoth=0 wallContact=0 dist[min=0.000 avg=0.000 max=0.000]}
[ENEMY_NAV_CACHE] playerCell{changes=2 flowRebuilds=0} flow{hit=0 miss=0 hit%=0.0} pathFallback{calls=0 ok=0 ok%=0.0}
[ENEMY_SAP] updates=0 active=0 pairs=0 repairs{x=0 y=0}
[ENEMY_PAIR_TYPES] frontal DD=0 DT=0 DH=0 DA=0 TT=0 TH=0 TA=0 HH=0 HA=0 AA=0 separation DD=0 DT=0 DH=0 DA=0 TT=0 TH=0 TA=0 HH=0 HA=0 AA=0
[ENEMY_KILL_DEBUG_COLLISION] projectile{kills=0 wallContact=0}

[PROFILE] frame=4080 budget=16.667ms alloc(+346/-346, +552368b/-552368b, live=285672b peak=570448b)
  frame.total                      win= 17.914ms avg= 17.914ms p95= 25.812ms max= 83.488ms calls(last=  1,win= 120,total=4080) (win 107.5% | avg 107.5% budget)
  frame.fixed_step                 win=  9.102ms avg=  9.860ms p95= 18.007ms max= 22.011ms calls(last=  2,win= 130,total=4254) (win 54.6% | avg 59.2% budget)
  frame.render                     win=  8.011ms avg=  8.011ms p95=  8.529ms max= 83.447ms calls(last=  1,win= 120,total=4080) (win 48.1% | avg 48.1% budget)
  frame.present                    win=  6.388ms avg=  6.388ms p95=  6.935ms max= 83.440ms calls(last=  1,win= 120,total=4080) (win 38.3% | avg 38.3% budget)
  game.update                      win=  3.247ms avg=  3.518ms p95=  6.359ms max= 17.131ms calls(last=  2,win= 130,total=3884) (win 19.5% | avg 21.1% budget)
  frame.render.world               win=  3.230ms avg=  3.230ms p95=  3.427ms max=  8.302ms calls(last=  1,win= 120,total=3719) (win 19.4% | avg 19.4% budget)
  system.ai_update                 win=  3.058ms avg=  3.313ms p95=  6.015ms max= 16.951ms calls(last=  2,win= 130,total=3884) (win 18.3% | avg 19.9% budget)
  enemy.update                     win=  3.052ms avg=  3.306ms p95=  6.005ms max= 16.944ms calls(last=  2,win= 130,total=3884) (win 18.3% | avg 19.8% budget)
  frame.render.world.enemies       win=  1.140ms avg=  1.140ms p95=  1.191ms max=  3.750ms calls(last=  1,win= 120,total=3719) (win 6.8% | avg 6.8% budget)
  frame.render.world.maze          win=  0.902ms avg=  0.902ms p95=  0.970ms max=  2.376ms calls(last=  1,win= 120,total=3719) (win 5.4% | avg 5.4% budget)
  frame.render.hud                 win=  0.888ms avg=  0.888ms p95=  1.046ms max=  2.472ms calls(last=  1,win= 120,total=3719) (win 5.3% | avg 5.3% budget)
  frame.render.hud.minimap         win=  0.470ms avg=  0.470ms p95=  0.592ms max=  1.361ms calls(last=  1,win= 120,total=3719) (win 2.8% | avg 2.8% budget)
  frame.render.world.effects       win=  0.423ms avg=  0.423ms p95=  0.523ms max=  5.102ms calls(last=  1,win= 120,total=3719) (win 2.5% | avg 2.5% budget)
  frame.render.hud.text            win=  0.222ms avg=  0.222ms p95=  0.258ms max=  0.590ms calls(last=  1,win= 120,total=3719) (win 1.3% | avg 1.3% budget)
  system.spawner_update            win=  0.073ms avg=  0.079ms p95=  0.138ms max=  0.447ms calls(last=  2,win= 130,total=3884) (win 0.4% | avg 0.5% budget)
  frame.render.hud.compass         win=  0.051ms avg=  0.051ms p95=  0.053ms max=  0.312ms calls(last=  1,win= 120,total=3719) (win 0.3% | avg 0.3% budget)
  frame.render.hud.static          win=  0.045ms avg=  0.045ms p95=  0.058ms max=  0.176ms calls(last=  1,win= 120,total=3719) (win 0.3% | avg 0.3% budget)
  frame.render.hud.lives           win=  0.042ms avg=  0.042ms p95=  0.043ms max=  0.283ms calls(last=  1,win= 120,total=3719) (win 0.3% | avg 0.3% budget)
  system.physics_collision         win=  0.040ms avg=  0.043ms p95=  0.073ms max=  0.439ms calls(last=  2,win= 130,total=3884) (win 0.2% | avg 0.3% budget)
  frame.render.hud.bars            win=  0.039ms avg=  0.039ms p95=  0.040ms max=  0.272ms calls(last=  1,win= 120,total=3719) (win 0.2% | avg 0.2% budget)
  frame.input_poll                 win=  0.028ms avg=  0.028ms p95=  0.029ms max=  0.105ms calls(last=  1,win= 120,total=4080) (win 0.2% | avg 0.2% budget)
  system.player_update             win=  0.027ms avg=  0.029ms p95=  0.049ms max=  0.149ms calls(last=  2,win= 130,total=3523) (win 0.2% | avg 0.2% budget)
  enemy.cheap.segment_build        win=  0.026ms avg=  0.256ms p95=  0.449ms max=  0.600ms calls(last= 17,win=1166,total=12490) (win 0.2% | avg 1.5% budget)
  enemy.type.hunter                win=  0.008ms avg=  0.412ms p95=  0.698ms max=  1.682ms calls(last=100,win=6500,total=116811) (win 0.0% | avg 2.5% budget)
[ENEMY_STATS] frame=4080 alive=144 visible=0 full=0 cheap=144 fullInBase=0 pairs(frontal=0 checks=0 separation=0 resolved=0)
[ENEMY_WINDOW] steps=130 alive[min=144 max=144] visible[min=0 max=0] full[min=0 max=0] collisionPasses[runs=0 skips=130]
[ENEMY_SEGMENTS] window=2.167s D{b/s=6.00 avgLen=4.61 fail=0} T{b/s=12.46 avgLen=6.45 fail=0} H{b/s=30.92 avgLen=4.17 fail=1040} A{b/s=8.77 avgLen=4.90 fail=0}
[ENEMY_GRID] frontal{cand/s=0.0 xcell/s=0.0 ins/s=0.0} separation{cand/s=0.0}
[ENEMY_COLLISION_WINDOW] frontal{pairs/s=0.0 checks/s=0.0 baseSkip=0 kill=0(0.0%)} separation{pairs/s=0.0 resolved/s=0.0(0.0%) baseSkip=0 kill=0 wallBlock=0}
[ENEMY_KILL_DEBUG] enemyEnemy{events=0 frontal=0 separation=0 reenterEither=0 reenterBoth=0 wallContact=0 dist[min=0.000 avg=0.000 max=0.000]}
[ENEMY_NAV_CACHE] playerCell{changes=0 flowRebuilds=0} flow{hit=0 miss=0 hit%=0.0} pathFallback{calls=0 ok=0 ok%=0.0}
[ENEMY_SAP] updates=0 active=0 pairs=0 repairs{x=0 y=0}
[ENEMY_PAIR_TYPES] frontal DD=0 DT=0 DH=0 DA=0 TT=0 TH=0 TA=0 HH=0 HA=0 AA=0 separation DD=0 DT=0 DH=0 DA=0 TT=0 TH=0 TA=0 HH=0 HA=0 AA=0
[ENEMY_KILL_DEBUG_COLLISION] projectile{kills=0 wallContact=0}

[PROFILE] frame=4200 budget=16.667ms alloc(+173/-173, +276168b/-276168b, live=285672b peak=570448b)
  frame.total                      win= 18.398ms avg= 18.398ms p95= 26.551ms max= 83.488ms calls(last=  1,win= 120,total=4200) (win 110.4% | avg 110.4% budget)
  frame.fixed_step                 win=  9.359ms avg= 10.373ms p95= 18.610ms max= 22.011ms calls(last=  1,win= 133,total=4387) (win 56.2% | avg 62.2% budget)
  frame.render                     win=  7.983ms avg=  7.983ms p95=  8.427ms max= 83.447ms calls(last=  1,win= 120,total=4200) (win 47.9% | avg 47.9% budget)
  frame.present                    win=  6.354ms avg=  6.354ms p95=  6.779ms max= 83.440ms calls(last=  1,win= 120,total=4200) (win 38.1% | avg 38.1% budget)
  game.update                      win=  3.490ms avg=  3.868ms p95=  6.988ms max= 17.131ms calls(last=  1,win= 133,total=4017) (win 20.9% | avg 23.2% budget)
  system.ai_update                 win=  3.302ms avg=  3.660ms p95=  6.636ms max= 16.951ms calls(last=  1,win= 133,total=4017) (win 19.8% | avg 22.0% budget)
  enemy.update                     win=  3.295ms avg=  3.652ms p95=  6.626ms max= 16.944ms calls(last=  1,win= 133,total=4017) (win 19.8% | avg 21.9% budget)
  frame.render.world               win=  3.258ms avg=  3.258ms p95=  3.539ms max=  8.302ms calls(last=  1,win= 120,total=3839) (win 19.5% | avg 19.5% budget)
  frame.render.world.enemies       win=  1.139ms avg=  1.139ms p95=  1.182ms max=  3.750ms calls(last=  1,win= 120,total=3839) (win 6.8% | avg 6.8% budget)
  frame.render.world.maze          win=  0.914ms avg=  0.914ms p95=  0.984ms max=  2.376ms calls(last=  1,win= 120,total=3839) (win 5.5% | avg 5.5% budget)
  frame.render.hud                 win=  0.880ms avg=  0.880ms p95=  0.944ms max=  2.472ms calls(last=  1,win= 120,total=3839) (win 5.3% | avg 5.3% budget)
  frame.render.hud.minimap         win=  0.458ms avg=  0.458ms p95=  0.507ms max=  1.361ms calls(last=  1,win= 120,total=3839) (win 2.7% | avg 2.7% budget)
  frame.render.world.effects       win=  0.425ms avg=  0.425ms p95=  0.500ms max=  5.102ms calls(last=  1,win= 120,total=3839) (win 2.5% | avg 2.5% budget)
  enemy.ai.movement                win=  0.223ms avg=  0.176ms p95=  0.431ms max=  2.777ms calls(last=  1,win=  95,total=15176) (win 1.3% | avg 1.1% budget)
  frame.render.hud.text            win=  0.221ms avg=  0.221ms p95=  0.261ms max=  0.590ms calls(last=  1,win= 120,total=3839) (win 1.3% | avg 1.3% budget)
  enemy.ai.perception              win=  0.078ms avg=  0.062ms p95=  0.149ms max=  1.247ms calls(last=  1,win=  95,total=15176) (win 0.5% | avg 0.4% budget)
  system.spawner_update            win=  0.074ms avg=  0.082ms p95=  0.142ms max=  0.447ms calls(last=  1,win= 133,total=4017) (win 0.4% | avg 0.5% budget)
  frame.render.hud.compass         win=  0.050ms avg=  0.050ms p95=  0.052ms max=  0.312ms calls(last=  1,win= 120,total=3839) (win 0.3% | avg 0.3% budget)
  frame.render.hud.static          win=  0.047ms avg=  0.047ms p95=  0.059ms max=  0.176ms calls(last=  1,win= 120,total=3839) (win 0.3% | avg 0.3% budget)
  frame.render.hud.lives           win=  0.043ms avg=  0.043ms p95=  0.043ms max=  0.283ms calls(last=  1,win= 120,total=3839) (win 0.3% | avg 0.3% budget)
  frame.render.hud.bars            win=  0.041ms avg=  0.041ms p95=  0.041ms max=  0.272ms calls(last=  1,win= 120,total=3839) (win 0.2% | avg 0.2% budget)
  system.physics_collision         win=  0.039ms avg=  0.043ms p95=  0.074ms max=  0.439ms calls(last=  1,win= 133,total=4017) (win 0.2% | avg 0.3% budget)
  enemy.ai.decision                win=  0.039ms avg=  0.031ms p95=  0.071ms max=  0.874ms calls(last=  1,win=  95,total=15176) (win 0.2% | avg 0.2% budget)
  frame.input_poll                 win=  0.027ms avg=  0.027ms p95=  0.029ms max=  0.105ms calls(last=  1,win= 120,total=4200) (win 0.2% | avg 0.2% budget)
[ENEMY_STATS] frame=4200 alive=144 visible=0 full=1 cheap=143 fullInBase=0 pairs(frontal=0 checks=0 separation=0 resolved=0)
[ENEMY_WINDOW] steps=133 alive[min=144 max=144] visible[min=0 max=0] full[min=0 max=1] collisionPasses[runs=0 skips=133]
[ENEMY_SEGMENTS] window=2.217s D{b/s=7.67 avgLen=5.14 fail=0} T{b/s=10.83 avgLen=6.88 fail=0} H{b/s=26.62 avgLen=4.79 fail=1064} A{b/s=9.47 avgLen=4.97 fail=0}
[ENEMY_GRID] frontal{cand/s=0.0 xcell/s=0.0 ins/s=0.0} separation{cand/s=0.0}
[ENEMY_COLLISION_WINDOW] frontal{pairs/s=0.0 checks/s=0.0 baseSkip=0 kill=0(0.0%)} separation{pairs/s=0.0 resolved/s=0.0(0.0%) baseSkip=0 kill=0 wallBlock=0}
[ENEMY_KILL_DEBUG] enemyEnemy{events=0 frontal=0 separation=0 reenterEither=0 reenterBoth=0 wallContact=0 dist[min=0.000 avg=0.000 max=0.000]}
[ENEMY_NAV_CACHE] playerCell{changes=0 flowRebuilds=0} flow{hit=0 miss=0 hit%=0.0} pathFallback{calls=0 ok=0 ok%=0.0}
[ENEMY_SAP] updates=0 active=0 pairs=0 repairs{x=0 y=0}
[ENEMY_PAIR_TYPES] frontal DD=0 DT=0 DH=0 DA=0 TT=0 TH=0 TA=0 HH=0 HA=0 AA=0 separation DD=0 DT=0 DH=0 DA=0 TT=0 TH=0 TA=0 HH=0 HA=0 AA=0
[ENEMY_KILL_DEBUG_COLLISION] projectile{kills=0 wallContact=0}

[PROFILE] frame=4320 budget=16.667ms alloc(+173/-173, +276152b/-276152b, live=285672b peak=570448b)
  frame.total                      win= 18.670ms avg= 18.670ms p95= 26.801ms max= 83.488ms calls(last=  1,win= 120,total=4320) (win 112.0% | avg 112.0% budget)
  frame.fixed_step                 win=  9.478ms avg= 10.663ms p95= 18.762ms max= 29.126ms calls(last=  1,win= 135,total=4522) (win 56.9% | avg 64.0% budget)
  frame.render                     win=  7.965ms avg=  7.965ms p95=  8.277ms max= 83.447ms calls(last=  1,win= 120,total=4320) (win 47.8% | avg 47.8% budget)
  frame.present                    win=  6.391ms avg=  6.391ms p95=  6.685ms max= 83.440ms calls(last=  1,win= 120,total=4320) (win 38.3% | avg 38.3% budget)
  game.update                      win=  3.635ms avg=  4.089ms p95=  7.047ms max= 17.451ms calls(last=  1,win= 135,total=4152) (win 21.8% | avg 24.5% budget)
  system.ai_update                 win=  3.445ms avg=  3.876ms p95=  6.687ms max= 17.034ms calls(last=  1,win= 135,total=4152) (win 20.7% | avg 23.3% budget)
  enemy.update                     win=  3.439ms avg=  3.869ms p95=  6.675ms max= 17.022ms calls(last=  1,win= 135,total=4152) (win 20.6% | avg 23.2% budget)
  frame.render.world               win=  3.333ms avg=  3.333ms p95=  3.596ms max=  8.302ms calls(last=  1,win= 120,total=3959) (win 20.0% | avg 20.0% budget)
  frame.render.world.enemies       win=  1.156ms avg=  1.156ms p95=  1.179ms max=  3.750ms calls(last=  1,win= 120,total=3959) (win 6.9% | avg 6.9% budget)
  frame.render.world.maze          win=  0.936ms avg=  0.936ms p95=  0.993ms max=  2.568ms calls(last=  1,win= 120,total=3959) (win 5.6% | avg 5.6% budget)
  frame.render.hud                 win=  0.889ms avg=  0.889ms p95=  1.106ms max=  2.472ms calls(last=  1,win= 120,total=3959) (win 5.3% | avg 5.3% budget)
  frame.render.hud.minimap         win=  0.463ms avg=  0.463ms p95=  0.521ms max=  1.361ms calls(last=  1,win= 120,total=3959) (win 2.8% | avg 2.8% budget)
  frame.render.world.effects       win=  0.438ms avg=  0.438ms p95=  0.513ms max=  5.102ms calls(last=  1,win= 120,total=3959) (win 2.6% | avg 2.6% budget)
  frame.render.hud.text            win=  0.225ms avg=  0.225ms p95=  0.264ms max=  0.590ms calls(last=  1,win= 120,total=3959) (win 1.4% | avg 1.4% budget)
  enemy.ai.movement                win=  0.223ms avg=  0.250ms p95=  0.436ms max=  2.777ms calls(last=  1,win= 135,total=15311) (win 1.3% | avg 1.5% budget)
  system.spawner_update            win=  0.074ms avg=  0.083ms p95=  0.143ms max=  0.447ms calls(last=  1,win= 135,total=4152) (win 0.4% | avg 0.5% budget)
  enemy.ai.perception              win=  0.056ms avg=  0.063ms p95=  0.117ms max=  1.247ms calls(last=  1,win= 135,total=15311) (win 0.3% | avg 0.4% budget)
  frame.render.hud.compass         win=  0.051ms avg=  0.051ms p95=  0.052ms max=  0.312ms calls(last=  1,win= 120,total=3959) (win 0.3% | avg 0.3% budget)
  frame.render.hud.static          win=  0.045ms avg=  0.045ms p95=  0.061ms max=  0.176ms calls(last=  1,win= 120,total=3959) (win 0.3% | avg 0.3% budget)
  frame.render.hud.lives           win=  0.044ms avg=  0.044ms p95=  0.044ms max=  0.283ms calls(last=  1,win= 120,total=3959) (win 0.3% | avg 0.3% budget)
  enemy.ai.decision                win=  0.040ms avg=  0.045ms p95=  0.078ms max=  0.874ms calls(last=  1,win= 135,total=15311) (win 0.2% | avg 0.3% budget)
  frame.render.hud.bars            win=  0.040ms avg=  0.040ms p95=  0.040ms max=  0.272ms calls(last=  1,win= 120,total=3959) (win 0.2% | avg 0.2% budget)
  system.physics_collision         win=  0.038ms avg=  0.043ms p95=  0.073ms max=  0.439ms calls(last=  1,win= 135,total=4152) (win 0.2% | avg 0.3% budget)
  frame.input_poll                 win=  0.027ms avg=  0.027ms p95=  0.029ms max=  0.105ms calls(last=  1,win= 120,total=4320) (win 0.2% | avg 0.2% budget)
[ENEMY_STATS] frame=4320 alive=144 visible=0 full=1 cheap=143 fullInBase=0 pairs(frontal=0 checks=0 separation=0 resolved=0)
[ENEMY_WINDOW] steps=135 alive[min=144 max=144] visible[min=0 max=0] full[min=1 max=1] collisionPasses[runs=0 skips=135]
[ENEMY_SEGMENTS] window=2.250s D{b/s=5.78 avgLen=4.84 fail=0} T{b/s=11.11 avgLen=5.76 fail=0} H{b/s=27.56 avgLen=4.86 fail=1108} A{b/s=9.33 avgLen=5.14 fail=0}
[ENEMY_GRID] frontal{cand/s=0.0 xcell/s=0.0 ins/s=0.0} separation{cand/s=0.0}
[ENEMY_COLLISION_WINDOW] frontal{pairs/s=0.0 checks/s=0.0 baseSkip=0 kill=0(0.0%)} separation{pairs/s=0.0 resolved/s=0.0(0.0%) baseSkip=0 kill=0 wallBlock=0}
[ENEMY_KILL_DEBUG] enemyEnemy{events=0 frontal=0 separation=0 reenterEither=0 reenterBoth=0 wallContact=0 dist[min=0.000 avg=0.000 max=0.000]}
[ENEMY_NAV_CACHE] playerCell{changes=1 flowRebuilds=1} flow{hit=0 miss=0 hit%=0.0} pathFallback{calls=0 ok=0 ok%=0.0}
[ENEMY_SAP] updates=0 active=0 pairs=0 repairs{x=0 y=0}
[ENEMY_PAIR_TYPES] frontal DD=0 DT=0 DH=0 DA=0 TT=0 TH=0 TA=0 HH=0 HA=0 AA=0 separation DD=0 DT=0 DH=0 DA=0 TT=0 TH=0 TA=0 HH=0 HA=0 AA=0
[ENEMY_KILL_DEBUG_COLLISION] projectile{kills=0 wallContact=0}

[PROFILE] frame=4440 budget=16.667ms alloc(+173/-173, +276184b/-276184b, live=285672b peak=570448b)
  frame.total                      win= 19.163ms avg= 19.163ms p95= 26.835ms max= 83.488ms calls(last=  1,win= 120,total=4440) (win 115.0% | avg 115.0% budget)
  frame.fixed_step                 win=  9.521ms avg= 11.029ms p95= 18.762ms max= 29.126ms calls(last=  1,win= 139,total=4661) (win 57.1% | avg 66.2% budget)
  frame.render                     win=  8.091ms avg=  8.091ms p95=  8.452ms max= 83.447ms calls(last=  1,win= 120,total=4440) (win 48.5% | avg 48.5% budget)
  frame.present                    win=  6.417ms avg=  6.417ms p95=  6.702ms max= 83.440ms calls(last=  1,win= 120,total=4440) (win 38.5% | avg 38.5% budget)
  game.update                      win=  3.618ms avg=  4.191ms p95=  7.102ms max= 17.451ms calls(last=  1,win= 139,total=4291) (win 21.7% | avg 25.1% budget)
  system.ai_update                 win=  3.427ms avg=  3.969ms p95=  6.707ms max= 17.034ms calls(last=  1,win= 139,total=4291) (win 20.6% | avg 23.8% budget)
  enemy.update                     win=  3.421ms avg=  3.962ms p95=  6.695ms max= 17.022ms calls(last=  1,win= 139,total=4291) (win 20.5% | avg 23.8% budget)
  frame.render.world               win=  3.322ms avg=  3.322ms p95=  3.532ms max=  8.302ms calls(last=  1,win= 120,total=4079) (win 19.9% | avg 19.9% budget)
  frame.render.world.enemies       win=  1.150ms avg=  1.150ms p95=  1.212ms max=  3.750ms calls(last=  1,win= 120,total=4079) (win 6.9% | avg 6.9% budget)
  frame.render.world.maze          win=  0.979ms avg=  0.979ms p95=  1.057ms max=  2.568ms calls(last=  1,win= 120,total=4079) (win 5.9% | avg 5.9% budget)
  frame.render.hud                 win=  0.896ms avg=  0.896ms p95=  0.959ms max=  2.472ms calls(last=  1,win= 120,total=4079) (win 5.4% | avg 5.4% budget)
  frame.render.hud.minimap         win=  0.464ms avg=  0.464ms p95=  0.531ms max=  1.361ms calls(last=  1,win= 120,total=4079) (win 2.8% | avg 2.8% budget)
  frame.render.world.effects       win=  0.424ms avg=  0.424ms p95=  0.515ms max=  5.102ms calls(last=  1,win= 120,total=4079) (win 2.5% | avg 2.5% budget)
  frame.render.hud.text            win=  0.228ms avg=  0.228ms p95=  0.268ms max=  0.591ms calls(last=  1,win= 120,total=4079) (win 1.4% | avg 1.4% budget)
  enemy.ai.movement                win=  0.222ms avg=  0.257ms p95=  0.434ms max=  2.777ms calls(last=  1,win= 139,total=15450) (win 1.3% | avg 1.5% budget)
  system.spawner_update            win=  0.074ms avg=  0.086ms p95=  0.144ms max=  0.447ms calls(last=  1,win= 139,total=4291) (win 0.4% | avg 0.5% budget)
  frame.render.hud.compass         win=  0.052ms avg=  0.052ms p95=  0.074ms max=  0.312ms calls(last=  1,win= 120,total=4079) (win 0.3% | avg 0.3% budget)
  frame.render.hud.static          win=  0.049ms avg=  0.049ms p95=  0.065ms max=  0.176ms calls(last=  1,win= 120,total=4079) (win 0.3% | avg 0.3% budget)
  frame.render.hud.lives           win=  0.043ms avg=  0.043ms p95=  0.046ms max=  0.283ms calls(last=  1,win= 120,total=4079) (win 0.3% | avg 0.3% budget)
  frame.render.hud.bars            win=  0.041ms avg=  0.041ms p95=  0.045ms max=  0.272ms calls(last=  1,win= 120,total=4079) (win 0.2% | avg 0.2% budget)
  enemy.ai.decision                win=  0.039ms avg=  0.045ms p95=  0.074ms max=  0.874ms calls(last=  1,win= 139,total=15450) (win 0.2% | avg 0.3% budget)
  system.physics_collision         win=  0.038ms avg=  0.044ms p95=  0.075ms max=  0.439ms calls(last=  1,win= 139,total=4291) (win 0.2% | avg 0.3% budget)
  enemy.ai.perception              win=  0.029ms avg=  0.033ms p95=  0.066ms max=  1.247ms calls(last=  1,win= 139,total=15450) (win 0.2% | avg 0.2% budget)
  frame.input_poll                 win=  0.028ms avg=  0.028ms p95=  0.029ms max=  0.105ms calls(last=  1,win= 120,total=4440) (win 0.2% | avg 0.2% budget)
[ENEMY_STATS] frame=4440 alive=144 visible=0 full=1 cheap=143 fullInBase=0 pairs(frontal=0 checks=0 separation=0 resolved=0)
[ENEMY_WINDOW] steps=139 alive[min=144 max=144] visible[min=0 max=0] full[min=1 max=1] collisionPasses[runs=0 skips=139]
[ENEMY_SEGMENTS] window=2.317s D{b/s=5.18 avgLen=5.00 fail=0} T{b/s=13.81 avgLen=6.80 fail=0} H{b/s=25.04 avgLen=4.72 fail=1251} A{b/s=8.63 avgLen=5.05 fail=0}
[ENEMY_GRID] frontal{cand/s=0.0 xcell/s=0.0 ins/s=0.0} separation{cand/s=0.0}
[ENEMY_COLLISION_WINDOW] frontal{pairs/s=0.0 checks/s=0.0 baseSkip=0 kill=0(0.0%)} separation{pairs/s=0.0 resolved/s=0.0(0.0%) baseSkip=0 kill=0 wallBlock=0}
[ENEMY_KILL_DEBUG] enemyEnemy{events=0 frontal=0 separation=0 reenterEither=0 reenterBoth=0 wallContact=0 dist[min=0.000 avg=0.000 max=0.000]}
[ENEMY_NAV_CACHE] playerCell{changes=3 flowRebuilds=1} flow{hit=0 miss=0 hit%=0.0} pathFallback{calls=0 ok=0 ok%=0.0}
[ENEMY_SAP] updates=0 active=0 pairs=0 repairs{x=0 y=0}
[ENEMY_PAIR_TYPES] frontal DD=0 DT=0 DH=0 DA=0 TT=0 TH=0 TA=0 HH=0 HA=0 AA=0 separation DD=0 DT=0 DH=0 DA=0 TT=0 TH=0 TA=0 HH=0 HA=0 AA=0
[ENEMY_KILL_DEBUG_COLLISION] projectile{kills=0 wallContact=0}

[PROFILE] frame=4560 budget=16.667ms alloc(+173/-173, +276184b/-276184b, live=285672b peak=570448b)
  frame.total                      win= 18.771ms avg= 18.771ms p95= 26.806ms max= 83.488ms calls(last=  1,win= 120,total=4560) (win 112.6% | avg 112.6% budget)
  frame.fixed_step                 win=  9.328ms avg= 10.572ms p95= 18.740ms max= 29.126ms calls(last=  1,win= 136,total=4797) (win 56.0% | avg 63.4% budget)
  frame.render                     win=  8.155ms avg=  8.155ms p95=  8.522ms max= 83.447ms calls(last=  1,win= 120,total=4560) (win 48.9% | avg 48.9% budget)
  frame.present                    win=  6.519ms avg=  6.519ms p95=  6.871ms max= 83.440ms calls(last=  1,win= 120,total=4560) (win 39.1% | avg 39.1% budget)
  frame.render.world               win=  3.461ms avg=  3.461ms p95=  3.803ms max=  8.302ms calls(last=  1,win= 120,total=4199) (win 20.8% | avg 20.8% budget)
  game.update                      win=  3.418ms avg=  3.874ms p95=  6.904ms max= 17.451ms calls(last=  1,win= 136,total=4427) (win 20.5% | avg 23.2% budget)
  system.ai_update                 win=  3.225ms avg=  3.655ms p95=  6.537ms max= 17.034ms calls(last=  1,win= 136,total=4427) (win 19.3% | avg 21.9% budget)
  enemy.update                     win=  3.218ms avg=  3.647ms p95=  6.527ms max= 17.022ms calls(last=  1,win= 136,total=4427) (win 19.3% | avg 21.9% budget)
  frame.render.world.enemies       win=  1.151ms avg=  1.151ms p95=  1.381ms max=  3.750ms calls(last=  1,win= 120,total=4199) (win 6.9% | avg 6.9% budget)
  frame.render.world.maze          win=  1.086ms avg=  1.086ms p95=  1.199ms max=  2.568ms calls(last=  1,win= 120,total=4199) (win 6.5% | avg 6.5% budget)
  frame.render.hud                 win=  0.883ms avg=  0.883ms p95=  0.964ms max=  2.472ms calls(last=  1,win= 120,total=4199) (win 5.3% | avg 5.3% budget)
  frame.render.hud.minimap         win=  0.456ms avg=  0.456ms p95=  0.501ms max=  1.361ms calls(last=  1,win= 120,total=4199) (win 2.7% | avg 2.7% budget)
  frame.render.world.effects       win=  0.425ms avg=  0.425ms p95=  0.518ms max=  5.102ms calls(last=  1,win= 120,total=4199) (win 2.5% | avg 2.5% budget)
  frame.render.hud.text            win=  0.228ms avg=  0.228ms p95=  0.271ms max=  0.591ms calls(last=  1,win= 120,total=4199) (win 1.4% | avg 1.4% budget)
  enemy.ai.movement                win=  0.219ms avg=  0.141ms p95=  0.421ms max=  2.777ms calls(last=  1,win=  77,total=15527) (win 1.3% | avg 0.8% budget)
  system.spawner_update            win=  0.074ms avg=  0.084ms p95=  0.141ms max=  0.447ms calls(last=  1,win= 136,total=4427) (win 0.4% | avg 0.5% budget)
  frame.render.hud.compass         win=  0.050ms avg=  0.050ms p95=  0.051ms max=  0.312ms calls(last=  1,win= 120,total=4199) (win 0.3% | avg 0.3% budget)
  frame.render.hud.static          win=  0.047ms avg=  0.047ms p95=  0.059ms max=  0.176ms calls(last=  1,win= 120,total=4199) (win 0.3% | avg 0.3% budget)
  frame.render.hud.lives           win=  0.042ms avg=  0.042ms p95=  0.043ms max=  0.283ms calls(last=  1,win= 120,total=4199) (win 0.3% | avg 0.3% budget)
  frame.render.hud.bars            win=  0.040ms avg=  0.040ms p95=  0.040ms max=  0.272ms calls(last=  1,win= 120,total=4199) (win 0.2% | avg 0.2% budget)
  system.physics_collision         win=  0.039ms avg=  0.044ms p95=  0.074ms max=  0.439ms calls(last=  1,win= 136,total=4427) (win 0.2% | avg 0.3% budget)
  enemy.ai.perception              win=  0.031ms avg=  0.020ms p95=  0.051ms max=  1.247ms calls(last=  1,win=  77,total=15527) (win 0.2% | avg 0.1% budget)
  enemy.ai.decision                win=  0.030ms avg=  0.019ms p95=  0.047ms max=  0.874ms calls(last=  1,win=  77,total=15527) (win 0.2% | avg 0.1% budget)
  frame.input_poll                 win=  0.028ms avg=  0.028ms p95=  0.029ms max=  0.105ms calls(last=  1,win= 120,total=4560) (win 0.2% | avg 0.2% budget)
[ENEMY_STATS] frame=4560 alive=144 visible=0 full=1 cheap=143 fullInBase=0 pairs(frontal=0 checks=0 separation=0 resolved=0)
[ENEMY_WINDOW] steps=136 alive[min=144 max=144] visible[min=0 max=0] full[min=0 max=1] collisionPasses[runs=0 skips=136]
[ENEMY_SEGMENTS] window=2.267s D{b/s=5.74 avgLen=5.52 fail=0} T{b/s=9.71 avgLen=5.94 fail=0} H{b/s=28.24 avgLen=4.79 fail=1224} A{b/s=8.38 avgLen=4.93 fail=0}
[ENEMY_GRID] frontal{cand/s=0.0 xcell/s=0.0 ins/s=0.0} separation{cand/s=0.0}
[ENEMY_COLLISION_WINDOW] frontal{pairs/s=0.0 checks/s=0.0 baseSkip=0 kill=0(0.0%)} separation{pairs/s=0.0 resolved/s=0.0(0.0%) baseSkip=0 kill=0 wallBlock=0}
[ENEMY_KILL_DEBUG] enemyEnemy{events=0 frontal=0 separation=0 reenterEither=0 reenterBoth=0 wallContact=0 dist[min=0.000 avg=0.000 max=0.000]}
[ENEMY_NAV_CACHE] playerCell{changes=2 flowRebuilds=0} flow{hit=0 miss=0 hit%=0.0} pathFallback{calls=0 ok=0 ok%=0.0}
[ENEMY_SAP] updates=0 active=0 pairs=0 repairs{x=0 y=0}
[ENEMY_PAIR_TYPES] frontal DD=0 DT=0 DH=0 DA=0 TT=0 TH=0 TA=0 HH=0 HA=0 AA=0 separation DD=0 DT=0 DH=0 DA=0 TT=0 TH=0 TA=0 HH=0 HA=0 AA=0
[ENEMY_KILL_DEBUG_COLLISION] projectile{kills=0 wallContact=0}

[PROFILE] frame=4680 budget=16.667ms alloc(+175/-175, +281016b/-281016b, live=289016b peak=570448b)
  frame.total                      win= 19.917ms avg= 19.917ms p95= 28.235ms max= 83.488ms calls(last=  1,win= 120,total=4680) (win 119.5% | avg 119.5% budget)
  frame.fixed_step                 win=  9.853ms avg= 11.823ms p95= 20.355ms max= 29.126ms calls(last=  1,win= 144,total=4941) (win 59.1% | avg 70.9% budget)
  frame.render                     win=  8.048ms avg=  8.048ms p95=  8.511ms max= 83.447ms calls(last=  1,win= 120,total=4680) (win 48.3% | avg 48.3% budget)
  frame.present                    win=  6.426ms avg=  6.426ms p95=  6.841ms max= 83.440ms calls(last=  1,win= 120,total=4680) (win 38.6% | avg 38.6% budget)
  game.update                      win=  3.988ms avg=  4.785ms p95=  8.624ms max= 17.451ms calls(last=  1,win= 144,total=4571) (win 23.9% | avg 28.7% budget)
  system.ai_update                 win=  3.798ms avg=  4.557ms p95=  8.257ms max= 17.034ms calls(last=  1,win= 144,total=4571) (win 22.8% | avg 27.3% budget)
  enemy.update                     win=  3.792ms avg=  4.550ms p95=  8.246ms max= 17.022ms calls(last=  1,win= 144,total=4571) (win 22.8% | avg 27.3% budget)
  frame.render.world               win=  3.344ms avg=  3.344ms p95=  3.661ms max=  8.302ms calls(last=  1,win= 120,total=4319) (win 20.1% | avg 20.1% budget)
  frame.render.world.enemies       win=  1.151ms avg=  1.151ms p95=  1.219ms max=  3.750ms calls(last=  1,win= 120,total=4319) (win 6.9% | avg 6.9% budget)
  frame.render.world.maze          win=  0.977ms avg=  0.977ms p95=  1.129ms max=  2.568ms calls(last=  1,win= 120,total=4319) (win 5.9% | avg 5.9% budget)
  frame.render.hud                 win=  0.887ms avg=  0.887ms p95=  0.981ms max=  2.472ms calls(last=  1,win= 120,total=4319) (win 5.3% | avg 5.3% budget)
  frame.render.hud.minimap         win=  0.460ms avg=  0.460ms p95=  0.496ms max=  1.361ms calls(last=  1,win= 120,total=4319) (win 2.8% | avg 2.8% budget)
  enemy.physics.frontal_collisions win=  0.457ms avg=  0.263ms p95=  0.882ms max=  1.207ms calls(last=  1,win=  69,total=1767) (win 2.7% | avg 1.6% budget)
  frame.render.world.effects       win=  0.435ms avg=  0.435ms p95=  0.552ms max=  5.102ms calls(last=  1,win= 120,total=4319) (win 2.6% | avg 2.6% budget)
  enemy.physics.frontal_grid_build win=  0.341ms avg=  0.196ms p95=  0.655ms max=  0.983ms calls(last=  1,win=  69,total=1767) (win 2.0% | avg 1.2% budget)
  frame.render.hud.text            win=  0.226ms avg=  0.226ms p95=  0.261ms max=  0.591ms calls(last=  1,win= 120,total=4319) (win 1.4% | avg 1.4% budget)
  enemy.ai.movement                win=  0.212ms avg=  0.376ms p95=  0.822ms max=  2.777ms calls(last=  2,win= 213,total=15740) (win 1.3% | avg 2.3% budget)
  enemy.physics.frontal_pair_traverse win=  0.085ms avg=  0.049ms p95=  0.165ms max=  0.218ms calls(last=  1,win=  69,total=1767) (win 0.5% | avg 0.3% budget)
  system.spawner_update            win=  0.073ms avg=  0.088ms p95=  0.147ms max=  0.447ms calls(last=  1,win= 144,total=4571) (win 0.4% | avg 0.5% budget)
  enemy.ai.perception              win=  0.052ms avg=  0.092ms p95=  0.221ms max=  1.247ms calls(last=  2,win= 213,total=15740) (win 0.3% | avg 0.6% budget)
  frame.render.hud.compass         win=  0.050ms avg=  0.050ms p95=  0.051ms max=  0.312ms calls(last=  1,win= 120,total=4319) (win 0.3% | avg 0.3% budget)
  frame.render.hud.static          win=  0.046ms avg=  0.046ms p95=  0.065ms max=  0.176ms calls(last=  1,win= 120,total=4319) (win 0.3% | avg 0.3% budget)
  frame.render.hud.lives           win=  0.045ms avg=  0.045ms p95=  0.067ms max=  0.283ms calls(last=  1,win= 120,total=4319) (win 0.3% | avg 0.3% budget)
  frame.render.hud.bars            win=  0.040ms avg=  0.040ms p95=  0.041ms max=  0.272ms calls(last=  1,win= 120,total=4319) (win 0.2% | avg 0.2% budget)
[ENEMY_STATS] frame=4680 alive=144 visible=0 full=2 cheap=142 fullInBase=0 pairs(frontal=0 checks=0 separation=0 resolved=0)
[ENEMY_WINDOW] steps=144 alive[min=144 max=144] visible[min=0 max=0] full[min=1 max=2] collisionPasses[runs=70 skips=74]
[ENEMY_SEGMENTS] window=2.400s D{b/s=6.25 avgLen=5.18 fail=0} T{b/s=12.08 avgLen=6.12 fail=0} H{b/s=23.75 avgLen=4.99 fail=1296} A{b/s=8.33 avgLen=5.59 fail=0}
[ENEMY_GRID] frontal{cand/s=58.3 xcell/s=0.4 ins/s=58.8} separation{cand/s=58.3}
[ENEMY_COLLISION_WINDOW] frontal{pairs/s=0.0 checks/s=0.0 baseSkip=0 kill=0(0.0%)} separation{pairs/s=0.0 resolved/s=0.0(0.0%) baseSkip=0 kill=0 wallBlock=0}
[ENEMY_KILL_DEBUG] enemyEnemy{events=0 frontal=0 separation=0 reenterEither=0 reenterBoth=0 wallContact=0 dist[min=0.000 avg=0.000 max=0.000]}
[ENEMY_NAV_CACHE] playerCell{changes=3 flowRebuilds=1} flow{hit=0 miss=0 hit%=0.0} pathFallback{calls=0 ok=0 ok%=0.0}
[ENEMY_SAP] updates=10080 active=140 pairs=0 repairs{x=114 y=114}
[ENEMY_PAIR_TYPES] frontal DD=0 DT=0 DH=0 DA=0 TT=0 TH=0 TA=0 HH=0 HA=0 AA=0 separation DD=0 DT=0 DH=0 DA=0 TT=0 TH=0 TA=0 HH=0 HA=0 AA=0
[ENEMY_KILL_DEBUG_COLLISION] projectile{kills=0 wallContact=0}

[PROFILE] frame=4800 budget=16.667ms alloc(+178/-178, +281104b/-281104b, live=289016b peak=570448b)
  frame.total                      win= 22.269ms avg= 22.269ms p95= 29.961ms max= 83.488ms calls(last=  1,win= 120,total=4800) (win 133.6% | avg 133.6% budget)
  frame.fixed_step                 win= 10.602ms avg= 14.224ms p95= 21.859ms max= 31.195ms calls(last=  1,win= 161,total=5102) (win 63.6% | avg 85.3% budget)
  frame.render                     win=  8.001ms avg=  8.001ms p95=  8.301ms max= 83.447ms calls(last=  1,win= 120,total=4800) (win 48.0% | avg 48.0% budget)
  frame.present                    win=  6.377ms avg=  6.377ms p95=  6.768ms max= 83.440ms calls(last=  1,win= 120,total=4800) (win 38.3% | avg 38.3% budget)
  game.update                      win=  4.742ms avg=  6.362ms p95= 10.028ms max= 19.407ms calls(last=  1,win= 161,total=4732) (win 28.5% | avg 38.2% budget)
  system.ai_update                 win=  4.547ms avg=  6.101ms p95=  9.626ms max= 19.013ms calls(last=  1,win= 161,total=4732) (win 27.3% | avg 36.6% budget)
  enemy.update                     win=  4.541ms avg=  6.093ms p95=  9.615ms max= 19.001ms calls(last=  1,win= 161,total=4732) (win 27.2% | avg 36.6% budget)
  frame.render.world               win=  3.323ms avg=  3.323ms p95=  3.679ms max=  8.302ms calls(last=  1,win= 120,total=4439) (win 19.9% | avg 19.9% budget)
  frame.render.world.enemies       win=  1.150ms avg=  1.150ms p95=  1.230ms max=  3.750ms calls(last=  1,win= 120,total=4439) (win 6.9% | avg 6.9% budget)
  frame.render.world.maze          win=  0.951ms avg=  0.951ms p95=  1.040ms max=  2.568ms calls(last=  1,win= 120,total=4439) (win 5.7% | avg 5.7% budget)
  frame.render.hud                 win=  0.879ms avg=  0.879ms p95=  0.953ms max=  2.472ms calls(last=  1,win= 120,total=4439) (win 5.3% | avg 5.3% budget)
  enemy.physics.frontal_collisions win=  0.459ms avg=  0.616ms p95=  0.949ms max=  1.207ms calls(last=  1,win= 161,total=1928) (win 2.8% | avg 3.7% budget)
  frame.render.hud.minimap         win=  0.459ms avg=  0.459ms p95=  0.503ms max=  1.361ms calls(last=  1,win= 120,total=4439) (win 2.8% | avg 2.8% budget)
  frame.render.world.effects       win=  0.429ms avg=  0.429ms p95=  0.519ms max=  5.102ms calls(last=  1,win= 120,total=4439) (win 2.6% | avg 2.6% budget)
  enemy.physics.frontal_grid_build win=  0.335ms avg=  0.450ms p95=  0.681ms max=  0.983ms calls(last=  1,win= 161,total=1928) (win 2.0% | avg 2.7% budget)
  enemy.torpedo.select_heading     win=  0.327ms avg=  0.005ms p95=  0.000ms max=  0.694ms calls(last=  0,win=   2,total=17) (win 2.0% | avg 0.0% budget)
  frame.render.hud.text            win=  0.221ms avg=  0.221ms p95=  0.257ms max=  0.591ms calls(last=  1,win= 120,total=4439) (win 1.3% | avg 1.3% budget)
  enemy.ai.movement                win=  0.208ms avg=  0.800ms p95=  1.664ms max=  2.777ms calls(last=  4,win= 461,total=16201) (win 1.2% | avg 4.8% budget)
  enemy.physics.frontal_pair_traverse win=  0.092ms avg=  0.124ms p95=  0.224ms max=  0.252ms calls(last=  1,win= 161,total=1928) (win 0.6% | avg 0.7% budget)
  enemy.ai.perception              win=  0.077ms avg=  0.295ms p95=  0.527ms max=  1.247ms calls(last=  4,win= 461,total=16201) (win 0.5% | avg 1.8% budget)
  system.spawner_update            win=  0.075ms avg=  0.101ms p95=  0.149ms max=  0.447ms calls(last=  1,win= 161,total=4732) (win 0.5% | avg 0.6% budget)
  frame.render.hud.compass         win=  0.050ms avg=  0.050ms p95=  0.051ms max=  0.312ms calls(last=  1,win= 120,total=4439) (win 0.3% | avg 0.3% budget)
  frame.render.hud.static          win=  0.045ms avg=  0.045ms p95=  0.059ms max=  0.176ms calls(last=  1,win= 120,total=4439) (win 0.3% | avg 0.3% budget)
  frame.render.hud.lives           win=  0.045ms avg=  0.045ms p95=  0.043ms max=  0.283ms calls(last=  1,win= 120,total=4439) (win 0.3% | avg 0.3% budget)
[ENEMY_STATS] frame=4800 alive=144 visible=0 full=4 cheap=140 fullInBase=0 pairs(frontal=1 checks=1 separation=1 resolved=0)
[ENEMY_WINDOW] steps=161 alive[min=144 max=144] visible[min=0 max=0] full[min=2 max=4] collisionPasses[runs=161 skips=0]
[ENEMY_SEGMENTS] window=2.683s D{b/s=5.22 avgLen=4.15 fail=0} T{b/s=11.18 avgLen=7.39 fail=0} H{b/s=29.07 avgLen=4.40 fail=1449} A{b/s=7.45 avgLen=4.67 fail=0}
[ENEMY_GRID] frontal{cand/s=172.5 xcell/s=1.5 ins/s=174.0} separation{cand/s=172.5}
[ENEMY_COLLISION_WINDOW] frontal{pairs/s=7.5 checks/s=7.5 baseSkip=0 kill=0(0.0%)} separation{pairs/s=7.5 resolved/s=0.0(0.0%) baseSkip=0 kill=0 wallBlock=0}
[ENEMY_KILL_DEBUG] enemyEnemy{events=0 frontal=0 separation=0 reenterEither=0 reenterBoth=0 wallContact=0 dist[min=0.000 avg=0.000 max=0.000]}
[ENEMY_NAV_CACHE] playerCell{changes=3 flowRebuilds=1} flow{hit=0 miss=0 hit%=0.0} pathFallback{calls=0 ok=0 ok%=0.0}
[ENEMY_SAP] updates=23184 active=463 pairs=20 repairs{x=215 y=213}
[ENEMY_PAIR_TYPES] frontal DD=0 DT=0 DH=0 DA=0 TT=0 TH=20 TA=0 HH=0 HA=0 AA=0 separation DD=0 DT=0 DH=0 DA=0 TT=0 TH=20 TA=0 HH=0 HA=0 AA=0
[TORPEDO_HEADING] eval/s=0.75 retreat/s=0.00 pick[straight=0.0% left=0.0% right=100.0%] clear[best=12.48 chosen=12.48]
[ENEMY_KILL_DEBUG_COLLISION] projectile{kills=0 wallContact=0}

[PROFILE] frame=4920 budget=16.667ms alloc(+368/-368, +562624b/-562624b, live=289016b peak=570448b)
  frame.total                      win= 25.712ms avg= 25.712ms p95= 31.448ms max= 83.488ms calls(last=  1,win= 120,total=4920) (win 154.3% | avg 154.3% budget)
  frame.fixed_step                 win= 11.218ms avg= 17.388ms p95= 22.909ms max= 32.014ms calls(last=  2,win= 186,total=5288) (win 67.3% | avg 104.3% budget)
  frame.render                     win=  8.279ms avg=  8.279ms p95=  8.690ms max= 83.447ms calls(last=  1,win= 120,total=4920) (win 49.7% | avg 49.7% budget)
  frame.present                    win=  6.602ms avg=  6.602ms p95=  7.004ms max= 83.440ms calls(last=  1,win= 120,total=4920) (win 39.6% | avg 39.6% budget)
  game.update                      win=  5.320ms avg=  8.246ms p95= 11.098ms max= 20.413ms calls(last=  2,win= 186,total=4918) (win 31.9% | avg 49.5% budget)
  system.ai_update                 win=  5.125ms avg=  7.943ms p95= 10.726ms max= 20.008ms calls(last=  2,win= 186,total=4918) (win 30.7% | avg 47.7% budget)
  enemy.update                     win=  5.119ms avg=  7.934ms p95= 10.714ms max= 19.998ms calls(last=  2,win= 186,total=4918) (win 30.7% | avg 47.6% budget)
  frame.render.world               win=  3.505ms avg=  3.505ms p95=  3.880ms max=  8.302ms calls(last=  1,win= 120,total=4559) (win 21.0% | avg 21.0% budget)
  frame.render.world.enemies       win=  1.196ms avg=  1.196ms p95=  1.279ms max=  3.750ms calls(last=  1,win= 120,total=4559) (win 7.2% | avg 7.2% budget)
  frame.render.world.maze          win=  0.962ms avg=  0.962ms p95=  1.035ms max=  2.568ms calls(last=  1,win= 120,total=4559) (win 5.8% | avg 5.8% budget)
  frame.render.hud                 win=  0.875ms avg=  0.875ms p95=  0.934ms max=  2.472ms calls(last=  1,win= 120,total=4559) (win 5.3% | avg 5.3% budget)
  frame.render.world.effects       win=  0.587ms avg=  0.587ms p95=  0.900ms max=  5.102ms calls(last=  1,win= 120,total=4559) (win 3.5% | avg 3.5% budget)
  frame.render.hud.minimap         win=  0.454ms avg=  0.454ms p95=  0.498ms max=  1.361ms calls(last=  1,win= 120,total=4559) (win 2.7% | avg 2.7% budget)
  enemy.physics.frontal_collisions win=  0.449ms avg=  0.695ms p95=  0.945ms max=  1.207ms calls(last=  2,win= 186,total=2114) (win 2.7% | avg 4.2% budget)
  enemy.torpedo.select_heading     win=  0.358ms avg=  0.006ms p95=  0.000ms max=  0.694ms calls(last=  0,win=   2,total=19) (win 2.1% | avg 0.0% budget)
  enemy.physics.frontal_grid_build win=  0.334ms avg=  0.518ms p95=  0.695ms max=  0.983ms calls(last=  2,win= 186,total=2114) (win 2.0% | avg 3.1% budget)
  frame.render.hud.text            win=  0.220ms avg=  0.220ms p95=  0.241ms max=  0.591ms calls(last=  1,win= 120,total=4559) (win 1.3% | avg 1.3% budget)
  enemy.ai.movement                win=  0.206ms avg=  1.636ms p95=  2.457ms max=  2.777ms calls(last= 12,win= 951,total=17152) (win 1.2% | avg 9.8% budget)
  enemy.physics.frontal_pair_traverse win=  0.080ms avg=  0.124ms p95=  0.176ms max=  0.252ms calls(last=  2,win= 186,total=2114) (win 0.5% | avg 0.7% budget)
  system.spawner_update            win=  0.075ms avg=  0.116ms p95=  0.160ms max=  0.447ms calls(last=  2,win= 186,total=4918) (win 0.4% | avg 0.7% budget)
  enemy.ai.perception              win=  0.052ms avg=  0.412ms p95=  0.620ms max=  1.247ms calls(last= 12,win= 951,total=17152) (win 0.3% | avg 2.5% budget)
  frame.render.hud.compass         win=  0.050ms avg=  0.050ms p95=  0.051ms max=  0.312ms calls(last=  1,win= 120,total=4559) (win 0.3% | avg 0.3% budget)
  frame.render.hud.static          win=  0.049ms avg=  0.049ms p95=  0.064ms max=  0.307ms calls(last=  1,win= 120,total=4559) (win 0.3% | avg 0.3% budget)
  frame.render.hud.lives           win=  0.043ms avg=  0.043ms p95=  0.043ms max=  0.283ms calls(last=  1,win= 120,total=4559) (win 0.3% | avg 0.3% budget)
[ENEMY_STATS] frame=4920 alive=144 visible=3 full=6 cheap=138 fullInBase=0 pairs(frontal=0 checks=0 separation=0 resolved=0)
[ENEMY_WINDOW] steps=186 alive[min=144 max=144] visible[min=0 max=3] full[min=4 max=6] collisionPasses[runs=186 skips=0]
[ENEMY_SEGMENTS] window=3.100s D{b/s=7.10 avgLen=4.87 fail=0} T{b/s=11.94 avgLen=5.87 fail=0} H{b/s=23.55 avgLen=4.84 fail=1774} A{b/s=10.32 avgLen=4.53 fail=0}
[ENEMY_GRID] frontal{cand/s=307.4 xcell/s=1.9 ins/s=309.4} separation{cand/s=307.4}
[ENEMY_COLLISION_WINDOW] frontal{pairs/s=0.0 checks/s=0.0 baseSkip=0 kill=0(0.0%)} separation{pairs/s=0.0 resolved/s=0.0(0.0%) baseSkip=0 kill=0 wallBlock=0}
[ENEMY_KILL_DEBUG] enemyEnemy{events=0 frontal=0 separation=0 reenterEither=0 reenterBoth=0 wallContact=0 dist[min=0.000 avg=0.000 max=0.000]}
[ENEMY_NAV_CACHE] playerCell{changes=4 flowRebuilds=2} flow{hit=166 miss=0 hit%=100.0} pathFallback{calls=0 ok=0 ok%=0.0}
[ENEMY_SAP] updates=26784 active=953 pairs=0 repairs{x=280 y=270}
[ENEMY_PAIR_TYPES] frontal DD=0 DT=0 DH=0 DA=0 TT=0 TH=0 TA=0 HH=0 HA=0 AA=0 separation DD=0 DT=0 DH=0 DA=0 TT=0 TH=0 TA=0 HH=0 HA=0 AA=0
[TORPEDO_HEADING] eval/s=0.65 retreat/s=0.00 pick[straight=0.0% left=100.0% right=0.0%] clear[best=14.32 chosen=14.32]
[ENEMY_KILL_DEBUG_COLLISION] projectile{kills=0 wallContact=0}

[PROFILE] frame=5040 budget=16.667ms alloc(+180/-180, +281296b/-281296b, live=289016b peak=570448b)
  frame.total                      win= 26.581ms avg= 26.581ms p95= 31.917ms max= 83.488ms calls(last=  1,win= 120,total=5040) (win 159.5% | avg 159.5% budget)
  frame.fixed_step                 win= 11.234ms avg= 17.974ms p95= 23.202ms max= 33.898ms calls(last=  1,win= 192,total=5480) (win 67.4% | avg 107.8% budget)
  frame.render                     win=  8.561ms avg=  8.561ms p95=  8.905ms max= 83.447ms calls(last=  1,win= 120,total=5040) (win 51.4% | avg 51.4% budget)
  frame.present                    win=  6.944ms avg=  6.944ms p95=  7.297ms max= 83.440ms calls(last=  1,win= 120,total=5040) (win 41.7% | avg 41.7% budget)
  game.update                      win=  5.363ms avg=  8.581ms p95= 11.400ms max= 20.413ms calls(last=  1,win= 192,total=5110) (win 32.2% | avg 51.5% budget)
  system.ai_update                 win=  5.150ms avg=  8.240ms p95= 10.941ms max= 20.008ms calls(last=  1,win= 192,total=5110) (win 30.9% | avg 49.4% budget)
  enemy.update                     win=  5.144ms avg=  8.230ms p95= 10.927ms max= 19.998ms calls(last=  1,win= 192,total=5110) (win 30.9% | avg 49.4% budget)
  frame.render.world               win=  3.855ms avg=  3.855ms p95=  4.126ms max=  8.302ms calls(last=  1,win= 120,total=4679) (win 23.1% | avg 23.1% budget)
  frame.render.world.enemies       win=  1.237ms avg=  1.237ms p95=  1.314ms max=  3.750ms calls(last=  1,win= 120,total=4679) (win 7.4% | avg 7.4% budget)
  frame.render.world.maze          win=  1.017ms avg=  1.017ms p95=  1.121ms max=  2.568ms calls(last=  1,win= 120,total=4679) (win 6.1% | avg 6.1% budget)
  frame.render.hud                 win=  0.880ms avg=  0.880ms p95=  0.940ms max=  2.472ms calls(last=  1,win= 120,total=4679) (win 5.3% | avg 5.3% budget)
  frame.render.world.effects       win=  0.820ms avg=  0.820ms p95=  0.950ms max=  5.102ms calls(last=  1,win= 120,total=4679) (win 4.9% | avg 4.9% budget)
  frame.render.hud.minimap         win=  0.459ms avg=  0.459ms p95=  0.502ms max=  1.361ms calls(last=  1,win= 120,total=4679) (win 2.8% | avg 2.8% budget)
  enemy.physics.frontal_collisions win=  0.448ms avg=  0.716ms p95=  0.958ms max=  1.298ms calls(last=  1,win= 192,total=2306) (win 2.7% | avg 4.3% budget)
  enemy.torpedo.select_heading     win=  0.342ms avg=  0.006ms p95=  0.000ms max=  0.694ms calls(last=  0,win=   2,total=21) (win 2.1% | avg 0.0% budget)
  enemy.physics.frontal_grid_build win=  0.336ms avg=  0.538ms p95=  0.729ms max=  0.988ms calls(last=  1,win= 192,total=2306) (win 2.0% | avg 3.2% budget)
  frame.render.hud.text            win=  0.219ms avg=  0.219ms p95=  0.257ms max=  0.591ms calls(last=  1,win= 120,total=4679) (win 1.3% | avg 1.3% budget)
  enemy.ai.movement                win=  0.199ms avg=  1.606ms p95=  2.470ms max=  3.334ms calls(last=  5,win= 968,total=18120) (win 1.2% | avg 9.6% budget)
  enemy.physics.frontal_pair_traverse win=  0.077ms avg=  0.123ms p95=  0.176ms max=  0.390ms calls(last=  1,win= 192,total=2306) (win 0.5% | avg 0.7% budget)
  system.spawner_update            win=  0.074ms avg=  0.119ms p95=  0.147ms max=  0.447ms calls(last=  1,win= 192,total=5110) (win 0.4% | avg 0.7% budget)
  system.physics_collision         win=  0.058ms avg=  0.093ms p95=  0.170ms max=  0.439ms calls(last=  1,win= 192,total=5110) (win 0.3% | avg 0.6% budget)
  frame.render.hud.compass         win=  0.050ms avg=  0.050ms p95=  0.052ms max=  0.312ms calls(last=  1,win= 120,total=4679) (win 0.3% | avg 0.3% budget)
  frame.render.hud.static          win=  0.045ms avg=  0.045ms p95=  0.057ms max=  0.307ms calls(last=  1,win= 120,total=4679) (win 0.3% | avg 0.3% budget)
  enemy.ai.perception              win=  0.045ms avg=  0.365ms p95=  0.687ms max=  1.247ms calls(last=  5,win= 968,total=18120) (win 0.3% | avg 2.2% budget)
[ENEMY_STATS] frame=5040 alive=144 visible=2 full=5 cheap=139 fullInBase=0 pairs(frontal=0 checks=0 separation=0 resolved=0)
[ENEMY_WINDOW] steps=192 alive[min=144 max=144] visible[min=1 max=3] full[min=4 max=6] collisionPasses[runs=192 skips=0]
[ENEMY_SEGMENTS] window=3.200s D{b/s=5.63 avgLen=5.62 fail=0} T{b/s=11.88 avgLen=6.79 fail=0} H{b/s=24.69 avgLen=4.85 fail=1920} A{b/s=8.75 avgLen=4.78 fail=0}
[ENEMY_GRID] frontal{cand/s=302.2 xcell/s=1.9 ins/s=304.1} separation{cand/s=302.2}
[ENEMY_COLLISION_WINDOW] frontal{pairs/s=0.0 checks/s=0.0 baseSkip=0 kill=0(0.0%)} separation{pairs/s=0.0 resolved/s=0.0(0.0%) baseSkip=0 kill=0 wallBlock=0}
[ENEMY_KILL_DEBUG] enemyEnemy{events=0 frontal=0 separation=0 reenterEither=0 reenterBoth=0 wallContact=0 dist[min=0.000 avg=0.000 max=0.000]}
[ENEMY_NAV_CACHE] playerCell{changes=3 flowRebuilds=1} flow{hit=192 miss=0 hit%=100.0} pathFallback{calls=0 ok=0 ok%=0.0}
[ENEMY_SAP] updates=27648 active=967 pairs=0 repairs{x=478 y=465}
[ENEMY_PAIR_TYPES] frontal DD=0 DT=0 DH=0 DA=0 TT=0 TH=0 TA=0 HH=0 HA=0 AA=0 separation DD=0 DT=0 DH=0 DA=0 TT=0 TH=0 TA=0 HH=0 HA=0 AA=0
[TORPEDO_HEADING] eval/s=0.63 retreat/s=0.00 pick[straight=50.0% left=0.0% right=50.0%] clear[best=15.00 chosen=15.00]
[ENEMY_KILL_DEBUG_COLLISION] projectile{kills=1 wallContact=0}

[PROFILE] frame=5160 budget=16.667ms alloc(+180/-180, +281264b/-281264b, live=289016b peak=570448b)
  frame.total                      win= 24.735ms avg= 24.735ms p95= 30.412ms max= 83.488ms calls(last=  1,win= 120,total=5160) (win 148.4% | avg 148.4% budget)
  frame.fixed_step                 win= 10.752ms avg= 16.039ms p95= 21.763ms max= 33.898ms calls(last=  1,win= 179,total=5659) (win 64.5% | avg 96.2% budget)
  frame.render                     win=  8.652ms avg=  8.652ms p95=  9.100ms max= 83.447ms calls(last=  1,win= 120,total=5160) (win 51.9% | avg 51.9% budget)
  frame.present                    win=  7.035ms avg=  7.035ms p95=  7.464ms max= 83.440ms calls(last=  1,win= 120,total=5160) (win 42.2% | avg 42.2% budget)
  game.update                      win=  4.892ms avg=  7.297ms p95= 10.209ms max= 20.413ms calls(last=  1,win= 179,total=5289) (win 29.3% | avg 43.8% budget)
  system.ai_update                 win=  4.660ms avg=  6.951ms p95=  9.683ms max= 20.008ms calls(last=  1,win= 179,total=5289) (win 28.0% | avg 41.7% budget)
  enemy.update                     win=  4.654ms avg=  6.942ms p95=  9.673ms max= 19.998ms calls(last=  1,win= 179,total=5289) (win 27.9% | avg 41.7% budget)
  frame.render.world               win=  3.961ms avg=  3.961ms p95=  4.357ms max=  8.302ms calls(last=  1,win= 120,total=4799) (win 23.8% | avg 23.8% budget)
  frame.render.world.enemies       win=  1.229ms avg=  1.229ms p95=  1.324ms max=  3.750ms calls(last=  1,win= 120,total=4799) (win 7.4% | avg 7.4% budget)
  frame.render.world.maze          win=  1.033ms avg=  1.033ms p95=  1.175ms max=  2.982ms calls(last=  1,win= 120,total=4799) (win 6.2% | avg 6.2% budget)
  frame.render.hud                 win=  0.882ms avg=  0.882ms p95=  0.955ms max=  2.472ms calls(last=  1,win= 120,total=4799) (win 5.3% | avg 5.3% budget)
  frame.render.world.effects       win=  0.846ms avg=  0.846ms p95=  1.033ms max=  5.102ms calls(last=  1,win= 120,total=4799) (win 5.1% | avg 5.1% budget)
  frame.render.hud.minimap         win=  0.461ms avg=  0.461ms p95=  0.507ms max=  1.361ms calls(last=  1,win= 120,total=4799) (win 2.8% | avg 2.8% budget)
  enemy.physics.frontal_collisions win=  0.446ms avg=  0.666ms p95=  0.950ms max=  1.298ms calls(last=  1,win= 179,total=2485) (win 2.7% | avg 4.0% budget)
  enemy.torpedo.select_heading     win=  0.404ms avg=  0.003ms p95=  0.000ms max=  0.694ms calls(last=  0,win=   1,total=22) (win 2.4% | avg 0.0% budget)
  enemy.physics.frontal_grid_build win=  0.336ms avg=  0.501ms p95=  0.694ms max=  0.988ms calls(last=  1,win= 179,total=2485) (win 2.0% | avg 3.0% budget)
  frame.render.hud.text            win=  0.221ms avg=  0.221ms p95=  0.264ms max=  0.591ms calls(last=  1,win= 120,total=4799) (win 1.3% | avg 1.3% budget)
  enemy.ai.movement                win=  0.171ms avg=  1.039ms p95=  1.649ms max=  3.334ms calls(last=  4,win= 728,total=18848) (win 1.0% | avg 6.2% budget)
  enemy.physics.frontal_pair_traverse win=  0.077ms avg=  0.115ms p95=  0.173ms max=  0.390ms calls(last=  1,win= 179,total=2485) (win 0.5% | avg 0.7% budget)
  system.physics_collision         win=  0.075ms avg=  0.112ms p95=  0.238ms max=  0.439ms calls(last=  1,win= 179,total=5289) (win 0.4% | avg 0.7% budget)
  system.spawner_update            win=  0.074ms avg=  0.110ms p95=  0.147ms max=  0.447ms calls(last=  1,win= 179,total=5289) (win 0.4% | avg 0.7% budget)
  frame.render.hud.compass         win=  0.051ms avg=  0.051ms p95=  0.052ms max=  0.312ms calls(last=  1,win= 120,total=4799) (win 0.3% | avg 0.3% budget)
  frame.render.hud.static          win=  0.045ms avg=  0.045ms p95=  0.059ms max=  0.307ms calls(last=  1,win= 120,total=4799) (win 0.3% | avg 0.3% budget)
  frame.render.hud.lives           win=  0.044ms avg=  0.044ms p95=  0.061ms max=  0.283ms calls(last=  1,win= 120,total=4799) (win 0.3% | avg 0.3% budget)
[ENEMY_STATS] frame=5160 alive=144 visible=2 full=4 cheap=140 fullInBase=0 pairs(frontal=0 checks=0 separation=0 resolved=0)
[ENEMY_WINDOW] steps=179 alive[min=144 max=144] visible[min=2 max=2] full[min=3 max=5] collisionPasses[runs=179 skips=0]
[ENEMY_SEGMENTS] window=2.983s D{b/s=7.37 avgLen=4.03 fail=0} T{b/s=9.39 avgLen=6.13 fail=2} H{b/s=21.45 avgLen=5.29 fail=1790} A{b/s=8.72 avgLen=4.91 fail=0}
[ENEMY_GRID] frontal{cand/s=243.7 xcell/s=1.7 ins/s=245.4} separation{cand/s=243.7}
[ENEMY_COLLISION_WINDOW] frontal{pairs/s=0.0 checks/s=0.0 baseSkip=0 kill=0(0.0%)} separation{pairs/s=0.0 resolved/s=0.0(0.0%) baseSkip=0 kill=0 wallBlock=0}
[ENEMY_KILL_DEBUG] enemyEnemy{events=0 frontal=0 separation=0 reenterEither=0 reenterBoth=0 wallContact=0 dist[min=0.000 avg=0.000 max=0.000]}
[ENEMY_NAV_CACHE] playerCell{changes=5 flowRebuilds=1} flow{hit=179 miss=0 hit%=100.0} pathFallback{calls=0 ok=0 ok%=0.0}
[ENEMY_SAP] updates=25776 active=727 pairs=0 repairs{x=9 y=2}
[ENEMY_PAIR_TYPES] frontal DD=0 DT=0 DH=0 DA=0 TT=0 TH=0 TA=0 HH=0 HA=0 AA=0 separation DD=0 DT=0 DH=0 DA=0 TT=0 TH=0 TA=0 HH=0 HA=0 AA=0
[TORPEDO_HEADING] eval/s=0.34 retreat/s=0.00 pick[straight=100.0% left=0.0% right=0.0%] clear[best=15.00 chosen=15.00]
[ENEMY_KILL_DEBUG_COLLISION] projectile{kills=0 wallContact=0}

[PROFILE] frame=5280 budget=16.667ms alloc(+178/-178, +281152b/-281152b, live=289016b peak=570448b)
  frame.total                      win= 24.895ms avg= 24.895ms p95= 31.179ms max= 83.488ms calls(last=  1,win= 120,total=5280) (win 149.4% | avg 149.4% budget)
  frame.fixed_step                 win= 10.884ms avg= 16.326ms p95= 22.458ms max= 33.898ms calls(last=  1,win= 180,total=5839) (win 65.3% | avg 98.0% budget)
  frame.render                     win=  8.524ms avg=  8.524ms p95=  8.842ms max= 83.447ms calls(last=  1,win= 120,total=5280) (win 51.1% | avg 51.1% budget)
  frame.present                    win=  6.901ms avg=  6.901ms p95=  7.165ms max= 83.440ms calls(last=  1,win= 120,total=5280) (win 41.4% | avg 41.4% budget)
  game.update                      win=  5.028ms avg=  7.542ms p95= 10.865ms max= 20.413ms calls(last=  1,win= 180,total=5469) (win 30.2% | avg 45.3% budget)
  system.ai_update                 win=  4.820ms avg=  7.231ms p95= 10.442ms max= 20.008ms calls(last=  1,win= 180,total=5469) (win 28.9% | avg 43.4% budget)
  enemy.update                     win=  4.814ms avg=  7.222ms p95= 10.342ms max= 19.998ms calls(last=  1,win= 180,total=5469) (win 28.9% | avg 43.3% budget)
  frame.render.world               win=  3.773ms avg=  3.773ms p95=  4.008ms max=  8.302ms calls(last=  1,win= 120,total=4919) (win 22.6% | avg 22.6% budget)
  frame.render.world.enemies       win=  1.217ms avg=  1.217ms p95=  1.283ms max=  3.750ms calls(last=  1,win= 120,total=4919) (win 7.3% | avg 7.3% budget)
  frame.render.world.maze          win=  0.936ms avg=  0.936ms p95=  1.007ms max=  2.982ms calls(last=  1,win= 120,total=4919) (win 5.6% | avg 5.6% budget)
  frame.render.hud                 win=  0.893ms avg=  0.893ms p95=  0.978ms max=  2.472ms calls(last=  1,win= 120,total=4919) (win 5.4% | avg 5.4% budget)
  frame.render.world.effects       win=  0.813ms avg=  0.813ms p95=  0.925ms max=  5.102ms calls(last=  1,win= 120,total=4919) (win 4.9% | avg 4.9% budget)
  frame.render.hud.minimap         win=  0.469ms avg=  0.469ms p95=  0.517ms max=  1.373ms calls(last=  1,win= 120,total=4919) (win 2.8% | avg 2.8% budget)
  enemy.physics.frontal_collisions win=  0.443ms avg=  0.664ms p95=  0.932ms max=  1.298ms calls(last=  1,win= 180,total=2665) (win 2.7% | avg 4.0% budget)
  enemy.physics.frontal_grid_build win=  0.334ms avg=  0.501ms p95=  0.709ms max=  0.988ms calls(last=  1,win= 180,total=2665) (win 2.0% | avg 3.0% budget)
  enemy.torpedo.select_heading     win=  0.299ms avg=  0.005ms p95=  0.000ms max=  0.694ms calls(last=  0,win=   2,total=24) (win 1.8% | avg 0.0% budget)
  frame.render.hud.text            win=  0.224ms avg=  0.224ms p95=  0.264ms max=  0.591ms calls(last=  1,win= 120,total=4919) (win 1.3% | avg 1.3% budget)
  enemy.ai.movement                win=  0.195ms avg=  1.179ms p95=  2.060ms max=  3.334ms calls(last=  4,win= 726,total=19574) (win 1.2% | avg 7.1% budget)
  enemy.physics.frontal_pair_traverse win=  0.077ms avg=  0.115ms p95=  0.183ms max=  0.390ms calls(last=  1,win= 180,total=2665) (win 0.5% | avg 0.7% budget)
  system.spawner_update            win=  0.075ms avg=  0.112ms p95=  0.150ms max=  0.447ms calls(last=  1,win= 180,total=5469) (win 0.4% | avg 0.7% budget)
  system.physics_collision         win=  0.051ms avg=  0.077ms p95=  0.141ms max=  0.439ms calls(last=  1,win= 180,total=5469) (win 0.3% | avg 0.5% budget)
  frame.render.hud.compass         win=  0.051ms avg=  0.051ms p95=  0.052ms max=  0.312ms calls(last=  1,win= 120,total=4919) (win 0.3% | avg 0.3% budget)
  enemy.ai.perception              win=  0.049ms avg=  0.297ms p95=  0.515ms max=  1.247ms calls(last=  4,win= 726,total=19574) (win 0.3% | avg 1.8% budget)
  frame.render.hud.static          win=  0.047ms avg=  0.047ms p95=  0.064ms max=  0.307ms calls(last=  1,win= 120,total=4919) (win 0.3% | avg 0.3% budget)
[ENEMY_STATS] frame=5280 alive=144 visible=2 full=4 cheap=140 fullInBase=0 pairs(frontal=0 checks=0 separation=0 resolved=0)
[ENEMY_WINDOW] steps=180 alive[min=144 max=144] visible[min=2 max=2] full[min=3 max=5] collisionPasses[runs=180 skips=0]
[ENEMY_SEGMENTS] window=3.000s D{b/s=6.00 avgLen=4.78 fail=0} T{b/s=12.33 avgLen=6.59 fail=0} H{b/s=25.00 avgLen=4.70 fail=1800} A{b/s=8.33 avgLen=4.75 fail=0}
[ENEMY_GRID] frontal{cand/s=242.0 xcell/s=0.7 ins/s=242.7} separation{cand/s=242.0}
[ENEMY_COLLISION_WINDOW] frontal{pairs/s=0.0 checks/s=0.0 baseSkip=0 kill=0(0.0%)} separation{pairs/s=0.0 resolved/s=0.0(0.0%) baseSkip=0 kill=0 wallBlock=0}
[ENEMY_KILL_DEBUG] enemyEnemy{events=0 frontal=0 separation=0 reenterEither=0 reenterBoth=0 wallContact=0 dist[min=0.000 avg=0.000 max=0.000]}
[ENEMY_NAV_CACHE] playerCell{changes=3 flowRebuilds=1} flow{hit=159 miss=0 hit%=100.0} pathFallback{calls=0 ok=0 ok%=0.0}
[ENEMY_SAP] updates=25920 active=726 pairs=0 repairs{x=4 y=8}
[ENEMY_PAIR_TYPES] frontal DD=0 DT=0 DH=0 DA=0 TT=0 TH=0 TA=0 HH=0 HA=0 AA=0 separation DD=0 DT=0 DH=0 DA=0 TT=0 TH=0 TA=0 HH=0 HA=0 AA=0
[TORPEDO_HEADING] eval/s=0.67 retreat/s=0.00 pick[straight=0.0% left=100.0% right=0.0%] clear[best=15.00 chosen=15.00]
[ENEMY_KILL_DEBUG_COLLISION] projectile{kills=0 wallContact=0}

[PROFILE] frame=5400 budget=16.667ms alloc(+360/-360, +562496b/-562496b, live=289016b peak=570448b)
  frame.total                      win= 24.888ms avg= 24.888ms p95= 30.768ms max= 83.488ms calls(last=  1,win= 120,total=5400) (win 149.3% | avg 149.3% budget)
  frame.fixed_step                 win= 10.840ms avg= 16.259ms p95= 22.153ms max= 33.898ms calls(last=  2,win= 180,total=6019) (win 65.0% | avg 97.6% budget)
  frame.render                     win=  8.584ms avg=  8.584ms p95=  8.893ms max= 83.447ms calls(last=  1,win= 120,total=5400) (win 51.5% | avg 51.5% budget)
  frame.present                    win=  6.988ms avg=  6.988ms p95=  7.278ms max= 83.440ms calls(last=  1,win= 120,total=5400) (win 41.9% | avg 41.9% budget)
  game.update                      win=  4.975ms avg=  7.463ms p95= 10.421ms max= 20.413ms calls(last=  2,win= 180,total=5649) (win 29.9% | avg 44.8% budget)
  system.ai_update                 win=  4.760ms avg=  7.139ms p95= 10.007ms max= 20.008ms calls(last=  2,win= 180,total=5649) (win 28.6% | avg 42.8% budget)
  enemy.update                     win=  4.754ms avg=  7.131ms p95=  9.995ms max= 19.998ms calls(last=  2,win= 180,total=5649) (win 28.5% | avg 42.8% budget)
  frame.render.world               win=  3.899ms avg=  3.899ms p95=  4.158ms max=  8.302ms calls(last=  1,win= 120,total=5039) (win 23.4% | avg 23.4% budget)
  frame.render.world.enemies       win=  1.232ms avg=  1.232ms p95=  1.301ms max=  3.750ms calls(last=  1,win= 120,total=5039) (win 7.4% | avg 7.4% budget)
  frame.render.world.maze          win=  1.048ms avg=  1.048ms p95=  1.136ms max=  2.982ms calls(last=  1,win= 120,total=5039) (win 6.3% | avg 6.3% budget)
  frame.render.hud                 win=  0.883ms avg=  0.883ms p95=  0.959ms max=  2.472ms calls(last=  1,win= 120,total=5039) (win 5.3% | avg 5.3% budget)
  frame.render.world.effects       win=  0.799ms avg=  0.799ms p95=  0.924ms max=  5.102ms calls(last=  1,win= 120,total=5039) (win 4.8% | avg 4.8% budget)
  frame.render.hud.minimap         win=  0.463ms avg=  0.463ms p95=  0.511ms max=  1.373ms calls(last=  1,win= 120,total=5039) (win 2.8% | avg 2.8% budget)
  enemy.physics.frontal_collisions win=  0.445ms avg=  0.667ms p95=  0.936ms max=  1.298ms calls(last=  2,win= 180,total=2845) (win 2.7% | avg 4.0% budget)
  enemy.physics.frontal_grid_build win=  0.334ms avg=  0.501ms p95=  0.688ms max=  0.988ms calls(last=  2,win= 180,total=2845) (win 2.0% | avg 3.0% budget)
  enemy.torpedo.select_heading     win=  0.252ms avg=  0.002ms p95=  0.000ms max=  0.694ms calls(last=  0,win=   1,total=25) (win 1.5% | avg 0.0% budget)
  frame.render.hud.text            win=  0.220ms avg=  0.220ms p95=  0.253ms max=  0.591ms calls(last=  1,win= 120,total=5039) (win 1.3% | avg 1.3% budget)
  enemy.ai.movement                win=  0.172ms avg=  1.066ms p95=  1.652ms max=  3.334ms calls(last= 10,win= 743,total=20317) (win 1.0% | avg 6.4% budget)
  enemy.physics.frontal_pair_traverse win=  0.077ms avg=  0.116ms p95=  0.182ms max=  0.390ms calls(last=  2,win= 180,total=2845) (win 0.5% | avg 0.7% budget)
  system.spawner_update            win=  0.074ms avg=  0.112ms p95=  0.151ms max=  0.447ms calls(last=  2,win= 180,total=5649) (win 0.4% | avg 0.7% budget)
  system.physics_collision         win=  0.060ms avg=  0.090ms p95=  0.167ms max=  0.439ms calls(last=  2,win= 180,total=5649) (win 0.4% | avg 0.5% budget)
  frame.render.hud.compass         win=  0.050ms avg=  0.050ms p95=  0.052ms max=  0.312ms calls(last=  1,win= 120,total=5039) (win 0.3% | avg 0.3% budget)
  enemy.ai.perception              win=  0.048ms avg=  0.297ms p95=  0.627ms max=  1.247ms calls(last= 10,win= 743,total=20317) (win 0.3% | avg 1.8% budget)
  frame.render.hud.static          win=  0.047ms avg=  0.047ms p95=  0.058ms max=  0.307ms calls(last=  1,win= 120,total=5039) (win 0.3% | avg 0.3% budget)
[ENEMY_STATS] frame=5400 alive=144 visible=3 full=5 cheap=139 fullInBase=0 pairs(frontal=0 checks=0 separation=0 resolved=0)
[ENEMY_WINDOW] steps=180 alive[min=144 max=144] visible[min=2 max=3] full[min=4 max=5] collisionPasses[runs=180 skips=0]
[ENEMY_SEGMENTS] window=3.000s D{b/s=6.67 avgLen=5.09 fail=0} T{b/s=12.00 avgLen=6.17 fail=0} H{b/s=25.00 avgLen=5.09 fail=1916} A{b/s=8.67 avgLen=4.87 fail=77}
[ENEMY_GRID] frontal{cand/s=248.0 xcell/s=1.3 ins/s=249.3} separation{cand/s=248.0}
[ENEMY_COLLISION_WINDOW] frontal{pairs/s=0.0 checks/s=0.0 baseSkip=0 kill=0(0.0%)} separation{pairs/s=0.0 resolved/s=0.0(0.0%) baseSkip=0 kill=0 wallBlock=0}
[ENEMY_KILL_DEBUG] enemyEnemy{events=0 frontal=0 separation=0 reenterEither=0 reenterBoth=0 wallContact=0 dist[min=0.000 avg=0.000 max=0.000]}
[ENEMY_NAV_CACHE] playerCell{changes=3 flowRebuilds=1} flow{hit=115 miss=27 hit%=81.0} pathFallback{calls=0 ok=0 ok%=0.0}
[ENEMY_SAP] updates=25920 active=744 pairs=0 repairs{x=5 y=0}
[ENEMY_PAIR_TYPES] frontal DD=0 DT=0 DH=0 DA=0 TT=0 TH=0 TA=0 HH=0 HA=0 AA=0 separation DD=0 DT=0 DH=0 DA=0 TT=0 TH=0 TA=0 HH=0 HA=0 AA=0
[TORPEDO_HEADING] eval/s=0.33 retreat/s=0.00 pick[straight=100.0% left=0.0% right=0.0%] clear[best=15.00 chosen=15.00]
[ENEMY_KILL_DEBUG_COLLISION] projectile{kills=0 wallContact=0}

[PROFILE] frame=5520 budget=16.667ms alloc(+178/-178, +281216b/-281216b, live=289016b peak=570448b)
  frame.total                      win= 25.179ms avg= 25.179ms p95= 30.857ms max= 83.488ms calls(last=  1,win= 120,total=5520) (win 151.1% | avg 151.1% budget)
  frame.fixed_step                 win= 10.874ms avg= 16.492ms p95= 21.954ms max= 33.898ms calls(last=  1,win= 182,total=6201) (win 65.2% | avg 99.0% budget)
  frame.render                     win=  8.642ms avg=  8.642ms p95=  8.974ms max= 83.447ms calls(last=  1,win= 120,total=5520) (win 51.8% | avg 51.8% budget)
  frame.present                    win=  7.046ms avg=  7.046ms p95=  7.256ms max= 83.440ms calls(last=  1,win= 120,total=5520) (win 42.3% | avg 42.3% budget)
  game.update                      win=  4.986ms avg=  7.563ms p95= 10.319ms max= 20.741ms calls(last=  1,win= 182,total=5831) (win 29.9% | avg 45.4% budget)
  system.ai_update                 win=  4.775ms avg=  7.242ms p95=  9.881ms max= 20.306ms calls(last=  1,win= 182,total=5831) (win 28.7% | avg 43.5% budget)
  enemy.update                     win=  4.769ms avg=  7.233ms p95=  9.870ms max= 20.295ms calls(last=  1,win= 182,total=5831) (win 28.6% | avg 43.4% budget)
  frame.render.world               win=  3.993ms avg=  3.993ms p95=  4.194ms max= 11.798ms calls(last=  1,win= 120,total=5159) (win 24.0% | avg 24.0% budget)
  frame.render.world.enemies       win=  1.224ms avg=  1.224ms p95=  1.294ms max=  3.750ms calls(last=  1,win= 120,total=5159) (win 7.3% | avg 7.3% budget)
  frame.render.world.maze          win=  1.039ms avg=  1.039ms p95=  1.132ms max=  2.982ms calls(last=  1,win= 120,total=5159) (win 6.2% | avg 6.2% budget)
  frame.render.world.effects       win=  0.895ms avg=  0.895ms p95=  1.196ms max=  5.102ms calls(last=  1,win= 120,total=5159) (win 5.4% | avg 5.4% budget)
  frame.render.hud                 win=  0.884ms avg=  0.884ms p95=  0.960ms max=  2.472ms calls(last=  1,win= 120,total=5159) (win 5.3% | avg 5.3% budget)
  frame.render.hud.minimap         win=  0.458ms avg=  0.458ms p95=  0.499ms max=  1.373ms calls(last=  1,win= 120,total=5159) (win 2.7% | avg 2.7% budget)
  enemy.physics.frontal_collisions win=  0.443ms avg=  0.672ms p95=  0.919ms max=  1.298ms calls(last=  1,win= 182,total=3027) (win 2.7% | avg 4.0% budget)
  enemy.physics.frontal_grid_build win=  0.331ms avg=  0.503ms p95=  0.692ms max=  0.988ms calls(last=  1,win= 182,total=3027) (win 2.0% | avg 3.0% budget)
  frame.render.hud.text            win=  0.226ms avg=  0.226ms p95=  0.270ms max=  0.591ms calls(last=  1,win= 120,total=5159) (win 1.4% | avg 1.4% budget)
  enemy.ai.movement                win=  0.162ms avg=  0.994ms p95=  1.651ms max=  3.334ms calls(last=  4,win= 737,total=21054) (win 1.0% | avg 6.0% budget)
  enemy.physics.frontal_pair_traverse win=  0.078ms avg=  0.119ms p95=  0.167ms max=  0.390ms calls(last=  1,win= 182,total=3027) (win 0.5% | avg 0.7% budget)
  system.spawner_update            win=  0.074ms avg=  0.113ms p95=  0.165ms max=  0.447ms calls(last=  1,win= 182,total=5831) (win 0.4% | avg 0.7% budget)
  enemy.ai.perception              win=  0.060ms avg=  0.370ms p95=  0.565ms max=  1.247ms calls(last=  4,win= 737,total=21054) (win 0.4% | avg 2.2% budget)
  system.physics_collision         win=  0.058ms avg=  0.089ms p95=  0.142ms max=  0.439ms calls(last=  1,win= 182,total=5831) (win 0.4% | avg 0.5% budget)
  frame.render.hud.compass         win=  0.049ms avg=  0.049ms p95=  0.051ms max=  0.312ms calls(last=  1,win= 120,total=5159) (win 0.3% | avg 0.3% budget)
  frame.render.hud.static          win=  0.047ms avg=  0.047ms p95=  0.064ms max=  0.307ms calls(last=  1,win= 120,total=5159) (win 0.3% | avg 0.3% budget)
  frame.render.hud.lives           win=  0.043ms avg=  0.043ms p95=  0.043ms max=  0.283ms calls(last=  1,win= 120,total=5159) (win 0.3% | avg 0.3% budget)
[ENEMY_STATS] frame=5520 alive=144 visible=3 full=4 cheap=140 fullInBase=0 pairs(frontal=0 checks=0 separation=0 resolved=0)
[ENEMY_WINDOW] steps=182 alive[min=144 max=144] visible[min=2 max=3] full[min=3 max=5] collisionPasses[runs=182 skips=0]
[ENEMY_SEGMENTS] window=3.033s D{b/s=5.60 avgLen=5.05 fail=0} T{b/s=12.53 avgLen=6.14 fail=0} H{b/s=20.77 avgLen=4.95 fail=2184} A{b/s=7.58 avgLen=4.99 fail=364}
[ENEMY_GRID] frontal{cand/s=242.6 xcell/s=1.6 ins/s=244.3} separation{cand/s=242.6}
[ENEMY_COLLISION_WINDOW] frontal{pairs/s=0.0 checks/s=0.0 baseSkip=0 kill=0(0.0%)} separation{pairs/s=0.0 resolved/s=0.0(0.0%) baseSkip=0 kill=0 wallBlock=0}
[ENEMY_KILL_DEBUG] enemyEnemy{events=0 frontal=0 separation=0 reenterEither=0 reenterBoth=0 wallContact=0 dist[min=0.000 avg=0.000 max=0.000]}
[ENEMY_NAV_CACHE] playerCell{changes=3 flowRebuilds=1} flow{hit=182 miss=0 hit%=100.0} pathFallback{calls=0 ok=0 ok%=0.0}
[ENEMY_SAP] updates=26208 active=736 pairs=0 repairs{x=7 y=5}
[ENEMY_PAIR_TYPES] frontal DD=0 DT=0 DH=0 DA=0 TT=0 TH=0 TA=0 HH=0 HA=0 AA=0 separation DD=0 DT=0 DH=0 DA=0 TT=0 TH=0 TA=0 HH=0 HA=0 AA=0
[ENEMY_KILL_DEBUG_COLLISION] projectile{kills=0 wallContact=0}

[PROFILE] frame=5640 budget=16.667ms alloc(+354/-354, +562096b/-562096b, live=289016b peak=570448b)
  frame.total                      win= 24.145ms avg= 24.145ms p95= 30.215ms max= 83.488ms calls(last=  1,win= 120,total=5640) (win 144.9% | avg 144.9% budget)
  frame.fixed_step                 win= 10.803ms avg= 15.755ms p95= 21.658ms max= 33.898ms calls(last=  2,win= 175,total=6376) (win 64.8% | avg 94.5% budget)
  frame.render                     win=  8.346ms avg=  8.346ms p95=  8.804ms max= 83.447ms calls(last=  1,win= 120,total=5640) (win 50.1% | avg 50.1% budget)
  frame.present                    win=  6.729ms avg=  6.729ms p95=  7.202ms max= 83.440ms calls(last=  1,win= 120,total=5640) (win 40.4% | avg 40.4% budget)
  game.update                      win=  4.929ms avg=  7.188ms p95= 10.010ms max= 20.741ms calls(last=  2,win= 175,total=6006) (win 29.6% | avg 43.1% budget)
  system.ai_update                 win=  4.779ms avg=  6.969ms p95=  9.729ms max= 20.306ms calls(last=  2,win= 175,total=6006) (win 28.7% | avg 41.8% budget)
  enemy.update                     win=  4.773ms avg=  6.961ms p95=  9.719ms max= 20.295ms calls(last=  2,win= 175,total=6006) (win 28.6% | avg 41.8% budget)
  frame.render.world               win=  3.685ms avg=  3.685ms p95=  4.066ms max= 11.798ms calls(last=  1,win= 120,total=5279) (win 22.1% | avg 22.1% budget)
  frame.render.world.enemies       win=  1.225ms avg=  1.225ms p95=  1.266ms max=  3.750ms calls(last=  1,win= 120,total=5279) (win 7.3% | avg 7.3% budget)
  frame.render.world.maze          win=  0.993ms avg=  0.993ms p95=  1.099ms max=  2.982ms calls(last=  1,win= 120,total=5279) (win 6.0% | avg 6.0% budget)
  frame.render.world.effects       win=  0.984ms avg=  0.984ms p95=  1.191ms max=  5.102ms calls(last=  1,win= 120,total=5279) (win 5.9% | avg 5.9% budget)
  frame.render.hud                 win=  0.876ms avg=  0.876ms p95=  0.956ms max=  2.472ms calls(last=  1,win= 120,total=5279) (win 5.3% | avg 5.3% budget)
  frame.render.hud.minimap         win=  0.456ms avg=  0.456ms p95=  0.501ms max=  1.373ms calls(last=  1,win= 120,total=5279) (win 2.7% | avg 2.7% budget)
  enemy.physics.frontal_collisions win=  0.439ms avg=  0.640ms p95=  0.900ms max=  1.298ms calls(last=  2,win= 175,total=3202) (win 2.6% | avg 3.8% budget)
  enemy.physics.frontal_grid_build win=  0.332ms avg=  0.485ms p95=  0.683ms max=  0.988ms calls(last=  2,win= 175,total=3202) (win 2.0% | avg 2.9% budget)
  enemy.torpedo.select_heading     win=  0.296ms avg=  0.005ms p95=  0.000ms max=  0.694ms calls(last=  0,win=   2,total=27) (win 1.8% | avg 0.0% budget)
  frame.render.hud.text            win=  0.221ms avg=  0.221ms p95=  0.260ms max=  0.591ms calls(last=  1,win= 120,total=5279) (win 1.3% | avg 1.3% budget)
  enemy.ai.movement                win=  0.174ms avg=  0.978ms p95=  1.447ms max=  3.334ms calls(last=  6,win= 673,total=21727) (win 1.0% | avg 5.9% budget)
  system.spawner_update            win=  0.079ms avg=  0.116ms p95=  0.163ms max=  0.447ms calls(last=  2,win= 175,total=6006) (win 0.5% | avg 0.7% budget)
  enemy.physics.frontal_pair_traverse win=  0.075ms avg=  0.109ms p95=  0.153ms max=  0.390ms calls(last=  2,win= 175,total=3202) (win 0.4% | avg 0.7% budget)
  enemy.ai.perception              win=  0.063ms avg=  0.355ms p95=  0.519ms max=  1.247ms calls(last=  6,win= 673,total=21727) (win 0.4% | avg 2.1% budget)
  frame.render.hud.compass         win=  0.050ms avg=  0.050ms p95=  0.052ms max=  0.312ms calls(last=  1,win= 120,total=5279) (win 0.3% | avg 0.3% budget)
  frame.render.hud.static          win=  0.045ms avg=  0.045ms p95=  0.056ms max=  0.307ms calls(last=  1,win= 120,total=5279) (win 0.3% | avg 0.3% budget)
  frame.render.hud.lives           win=  0.044ms avg=  0.044ms p95=  0.043ms max=  0.286ms calls(last=  1,win= 120,total=5279) (win 0.3% | avg 0.3% budget)
[ENEMY_STATS] frame=5640 alive=144 visible=0 full=3 cheap=141 fullInBase=0 pairs(frontal=0 checks=0 separation=0 resolved=0)
[ENEMY_WINDOW] steps=175 alive[min=144 max=144] visible[min=0 max=3] full[min=3 max=4] collisionPasses[runs=175 skips=0]
[ENEMY_SEGMENTS] window=2.917s D{b/s=6.51 avgLen=5.05 fail=0} T{b/s=9.94 avgLen=6.55 fail=0} H{b/s=22.63 avgLen=5.19 fail=2100} A{b/s=8.57 avgLen=4.99 fail=458}
[ENEMY_GRID] frontal{cand/s=230.4 xcell/s=1.0 ins/s=231.4} separation{cand/s=230.4}
[ENEMY_COLLISION_WINDOW] frontal{pairs/s=0.0 checks/s=0.0 baseSkip=0 kill=0(0.0%)} separation{pairs/s=0.0 resolved/s=0.0(0.0%) baseSkip=0 kill=0 wallBlock=0}
[ENEMY_KILL_DEBUG] enemyEnemy{events=0 frontal=0 separation=0 reenterEither=0 reenterBoth=0 wallContact=0 dist[min=0.000 avg=0.000 max=0.000]}
[ENEMY_NAV_CACHE] playerCell{changes=1 flowRebuilds=1} flow{hit=175 miss=0 hit%=100.0} pathFallback{calls=0 ok=0 ok%=0.0}
[ENEMY_SAP] updates=25200 active=672 pairs=0 repairs{x=312 y=312}
[ENEMY_PAIR_TYPES] frontal DD=0 DT=0 DH=0 DA=0 TT=0 TH=0 TA=0 HH=0 HA=0 AA=0 separation DD=0 DT=0 DH=0 DA=0 TT=0 TH=0 TA=0 HH=0 HA=0 AA=0
[TORPEDO_HEADING] eval/s=0.69 retreat/s=0.00 pick[straight=100.0% left=0.0% right=0.0%] clear[best=15.00 chosen=15.00]
[ENEMY_KILL_DEBUG_COLLISION] projectile{kills=0 wallContact=0}

[PROFILE] frame=5760 budget=16.667ms alloc(+177/-177, +281064b/-281064b, live=289016b peak=570448b)
  frame.total                      win= 22.691ms avg= 22.691ms p95= 29.591ms max= 83.488ms calls(last=  1,win= 120,total=5760) (win 136.1% | avg 136.1% budget)
  frame.fixed_step                 win= 10.677ms avg= 14.591ms p95= 21.483ms max= 33.898ms calls(last=  1,win= 164,total=6540) (win 64.1% | avg 87.5% budget)
  frame.render                     win=  8.056ms avg=  8.056ms p95=  8.404ms max= 83.447ms calls(last=  1,win= 120,total=5760) (win 48.3% | avg 48.3% budget)
  frame.present                    win=  6.374ms avg=  6.374ms p95=  6.792ms max= 83.440ms calls(last=  1,win= 120,total=5760) (win 38.2% | avg 38.2% budget)
  game.update                      win=  4.803ms avg=  6.564ms p95=  9.641ms max= 20.741ms calls(last=  1,win= 164,total=6170) (win 28.8% | avg 39.4% budget)
  system.ai_update                 win=  4.618ms avg=  6.312ms p95=  9.284ms max= 20.306ms calls(last=  1,win= 164,total=6170) (win 27.7% | avg 37.9% budget)
  enemy.update                     win=  4.613ms avg=  6.304ms p95=  9.274ms max= 20.295ms calls(last=  1,win= 164,total=6170) (win 27.7% | avg 37.8% budget)
  frame.render.world               win=  3.300ms avg=  3.300ms p95=  3.719ms max= 11.798ms calls(last=  1,win= 120,total=5399) (win 19.8% | avg 19.8% budget)
  frame.render.world.enemies       win=  1.200ms avg=  1.200ms p95=  1.304ms max=  3.750ms calls(last=  1,win= 120,total=5399) (win 7.2% | avg 7.2% budget)
  frame.render.world.maze          win=  0.909ms avg=  0.909ms p95=  1.031ms max=  2.982ms calls(last=  1,win= 120,total=5399) (win 5.5% | avg 5.5% budget)
  frame.render.hud                 win=  0.874ms avg=  0.874ms p95=  0.957ms max=  2.472ms calls(last=  1,win= 120,total=5399) (win 5.2% | avg 5.2% budget)
  frame.render.hud.minimap         win=  0.462ms avg=  0.462ms p95=  0.517ms max=  1.373ms calls(last=  1,win= 120,total=5399) (win 2.8% | avg 2.8% budget)
  enemy.physics.frontal_collisions win=  0.446ms avg=  0.610ms p95=  0.926ms max=  1.298ms calls(last=  1,win= 164,total=3366) (win 2.7% | avg 3.7% budget)
  frame.render.world.effects       win=  0.441ms avg=  0.441ms p95=  0.504ms max=  5.102ms calls(last=  1,win= 120,total=5399) (win 2.6% | avg 2.6% budget)
  enemy.physics.frontal_grid_build win=  0.334ms avg=  0.457ms p95=  0.686ms max=  0.988ms calls(last=  1,win= 164,total=3366) (win 2.0% | avg 2.7% budget)
  enemy.torpedo.select_heading     win=  0.266ms avg=  0.002ms p95=  0.000ms max=  0.694ms calls(last=  0,win=   1,total=28) (win 1.6% | avg 0.0% budget)
  frame.render.hud.text            win=  0.224ms avg=  0.224ms p95=  0.255ms max=  0.591ms calls(last=  1,win= 120,total=5399) (win 1.3% | avg 1.3% budget)
  enemy.ai.movement                win=  0.208ms avg=  0.844ms p95=  1.280ms max=  3.334ms calls(last=  2,win= 486,total=22213) (win 1.3% | avg 5.1% budget)
  enemy.physics.frontal_pair_traverse win=  0.080ms avg=  0.110ms p95=  0.183ms max=  0.390ms calls(last=  1,win= 164,total=3366) (win 0.5% | avg 0.7% budget)
  system.spawner_update            win=  0.073ms avg=  0.099ms p95=  0.146ms max=  0.447ms calls(last=  1,win= 164,total=6170) (win 0.4% | avg 0.6% budget)
  enemy.ai.perception              win=  0.062ms avg=  0.251ms p95=  0.473ms max=  1.247ms calls(last=  2,win= 486,total=22213) (win 0.4% | avg 1.5% budget)
  frame.render.hud.compass         win=  0.049ms avg=  0.049ms p95=  0.051ms max=  0.312ms calls(last=  1,win= 120,total=5399) (win 0.3% | avg 0.3% budget)
  frame.render.hud.static          win=  0.046ms avg=  0.046ms p95=  0.060ms max=  0.307ms calls(last=  1,win= 120,total=5399) (win 0.3% | avg 0.3% budget)
  frame.render.hud.bars            win=  0.041ms avg=  0.041ms p95=  0.041ms max=  0.272ms calls(last=  1,win= 120,total=5399) (win 0.2% | avg 0.2% budget)
[ENEMY_STATS] frame=5760 alive=144 visible=0 full=2 cheap=142 fullInBase=0 pairs(frontal=0 checks=0 separation=0 resolved=0)
[ENEMY_WINDOW] steps=164 alive[min=144 max=144] visible[min=0 max=0] full[min=2 max=3] collisionPasses[runs=164 skips=0]
[ENEMY_SEGMENTS] window=2.733s D{b/s=5.85 avgLen=4.60 fail=0} T{b/s=12.07 avgLen=6.46 fail=0} H{b/s=21.59 avgLen=5.29 fail=1968} A{b/s=6.59 avgLen=5.23 fail=492}
[ENEMY_GRID] frontal{cand/s=177.4 xcell/s=1.1 ins/s=178.5} separation{cand/s=177.4}
[ENEMY_COLLISION_WINDOW] frontal{pairs/s=0.0 checks/s=0.0 baseSkip=0 kill=0(0.0%)} separation{pairs/s=0.0 resolved/s=0.0(0.0%) baseSkip=0 kill=0 wallBlock=0}
[ENEMY_KILL_DEBUG] enemyEnemy{events=0 frontal=0 separation=0 reenterEither=0 reenterBoth=0 wallContact=0 dist[min=0.000 avg=0.000 max=0.000]}
[ENEMY_NAV_CACHE] playerCell{changes=0 flowRebuilds=0} flow{hit=164 miss=0 hit%=100.0} pathFallback{calls=0 ok=0 ok%=0.0}
[ENEMY_SAP] updates=23616 active=485 pairs=0 repairs{x=2 y=7}
[ENEMY_PAIR_TYPES] frontal DD=0 DT=0 DH=0 DA=0 TT=0 TH=0 TA=0 HH=0 HA=0 AA=0 separation DD=0 DT=0 DH=0 DA=0 TT=0 TH=0 TA=0 HH=0 HA=0 AA=0
[TORPEDO_HEADING] eval/s=0.37 retreat/s=0.00 pick[straight=100.0% left=0.0% right=0.0%] clear[best=11.83 chosen=11.83]
[ENEMY_KILL_DEBUG_COLLISION] projectile{kills=0 wallContact=0}

[PROFILE] frame=5880 budget=16.667ms alloc(+174/-174, +278464b/-278464b, live=289016b peak=570448b)
  frame.total                      win= 22.372ms avg= 22.372ms p95= 29.885ms max= 83.488ms calls(last=  1,win= 120,total=5880) (win 134.2% | avg 134.2% budget)
  frame.fixed_step                 win= 10.205ms avg= 13.777ms p95= 21.084ms max= 33.898ms calls(last=  1,win= 162,total=6702) (win 61.2% | avg 82.7% budget)
  frame.render                     win=  8.552ms avg=  8.552ms p95=  8.995ms max= 83.447ms calls(last=  1,win= 120,total=5880) (win 51.3% | avg 51.3% budget)
  frame.present                    win=  6.922ms avg=  6.922ms p95=  7.273ms max= 83.440ms calls(last=  1,win= 120,total=5880) (win 41.5% | avg 41.5% budget)
  game.update                      win=  4.315ms avg=  5.825ms p95=  9.245ms max= 20.741ms calls(last=  1,win= 162,total=6332) (win 25.9% | avg 35.0% budget)
  system.ai_update                 win=  4.102ms avg=  5.537ms p95=  8.845ms max= 20.306ms calls(last=  1,win= 162,total=6332) (win 24.6% | avg 33.2% budget)
  enemy.update                     win=  4.096ms avg=  5.529ms p95=  8.818ms max= 20.295ms calls(last=  1,win= 162,total=6332) (win 24.6% | avg 33.2% budget)
  frame.render.world               win=  3.836ms avg=  3.836ms p95=  4.145ms max= 11.798ms calls(last=  1,win= 120,total=5519) (win 23.0% | avg 23.0% budget)
  frame.render.world.enemies       win=  1.199ms avg=  1.199ms p95=  1.312ms max=  3.750ms calls(last=  1,win= 120,total=5519) (win 7.2% | avg 7.2% budget)
  frame.render.world.maze          win=  1.026ms avg=  1.026ms p95=  1.168ms max=  2.982ms calls(last=  1,win= 120,total=5519) (win 6.2% | avg 6.2% budget)
  frame.render.hud                 win=  0.875ms avg=  0.875ms p95=  0.969ms max=  2.472ms calls(last=  1,win= 120,total=5519) (win 5.3% | avg 5.3% budget)
  frame.render.world.effects       win=  0.804ms avg=  0.804ms p95=  0.975ms max=  5.102ms calls(last=  1,win= 120,total=5519) (win 4.8% | avg 4.8% budget)
  frame.render.hud.minimap         win=  0.460ms avg=  0.460ms p95=  0.516ms max=  1.373ms calls(last=  1,win= 120,total=5519) (win 2.8% | avg 2.8% budget)
  enemy.physics.frontal_collisions win=  0.438ms avg=  0.401ms p95=  0.887ms max=  1.298ms calls(last=  0,win= 110,total=3476) (win 2.6% | avg 2.4% budget)
  enemy.physics.frontal_grid_build win=  0.335ms avg=  0.307ms p95=  0.682ms max=  0.988ms calls(last=  0,win= 110,total=3476) (win 2.0% | avg 1.8% budget)
  enemy.torpedo.select_heading     win=  0.280ms avg=  0.002ms p95=  0.000ms max=  0.694ms calls(last=  0,win=   1,total=29) (win 1.7% | avg 0.0% budget)
  frame.render.hud.text            win=  0.223ms avg=  0.223ms p95=  0.269ms max=  0.591ms calls(last=  1,win= 120,total=5519) (win 1.3% | avg 1.3% budget)
  enemy.ai.movement                win=  0.214ms avg=  0.485ms p95=  0.894ms max=  3.334ms calls(last=  1,win= 272,total=22485) (win 1.3% | avg 2.9% budget)
  enemy.ai.perception              win=  0.080ms avg=  0.180ms p95=  0.356ms max=  1.247ms calls(last=  1,win= 272,total=22485) (win 0.5% | avg 1.1% budget)
  system.spawner_update            win=  0.076ms avg=  0.102ms p95=  0.147ms max=  0.447ms calls(last=  1,win= 162,total=6332) (win 0.5% | avg 0.6% budget)
  enemy.physics.frontal_pair_traverse win=  0.073ms avg=  0.067ms p95=  0.148ms max=  0.390ms calls(last=  0,win= 110,total=3476) (win 0.4% | avg 0.4% budget)
  system.physics_collision         win=  0.058ms avg=  0.078ms p95=  0.139ms max=  0.439ms calls(last=  1,win= 162,total=6332) (win 0.3% | avg 0.5% budget)
  frame.render.hud.compass         win=  0.052ms avg=  0.052ms p95=  0.052ms max=  0.312ms calls(last=  1,win= 120,total=5519) (win 0.3% | avg 0.3% budget)
  frame.render.hud.static          win=  0.047ms avg=  0.047ms p95=  0.058ms max=  0.307ms calls(last=  1,win= 120,total=5519) (win 0.3% | avg 0.3% budget)
[ENEMY_STATS] frame=5880 alive=144 visible=1 full=1 cheap=143 fullInBase=0 pairs(frontal=0 checks=0 separation=0 resolved=0)
[ENEMY_WINDOW] steps=162 alive[min=144 max=144] visible[min=0 max=1] full[min=1 max=2] collisionPasses[runs=109 skips=53]
[ENEMY_SEGMENTS] window=2.700s D{b/s=7.78 avgLen=4.69 fail=0} T{b/s=10.37 avgLen=6.47 fail=0} H{b/s=23.70 avgLen=4.82 fail=1944} A{b/s=6.67 avgLen=4.72 fail=486}
[ENEMY_GRID] frontal{cand/s=80.7 xcell/s=0.7 ins/s=81.5} separation{cand/s=80.7}
[ENEMY_COLLISION_WINDOW] frontal{pairs/s=0.0 checks/s=0.0 baseSkip=0 kill=0(0.0%)} separation{pairs/s=0.0 resolved/s=0.0(0.0%) baseSkip=0 kill=0 wallBlock=0}
[ENEMY_KILL_DEBUG] enemyEnemy{events=0 frontal=0 separation=0 reenterEither=0 reenterBoth=0 wallContact=0 dist[min=0.000 avg=0.000 max=0.000]}
[ENEMY_NAV_CACHE] playerCell{changes=2 flowRebuilds=0} flow{hit=162 miss=0 hit%=100.0} pathFallback{calls=0 ok=0 ok%=0.0}
[ENEMY_SAP] updates=15696 active=218 pairs=0 repairs{x=0 y=0}
[ENEMY_PAIR_TYPES] frontal DD=0 DT=0 DH=0 DA=0 TT=0 TH=0 TA=0 HH=0 HA=0 AA=0 separation DD=0 DT=0 DH=0 DA=0 TT=0 TH=0 TA=0 HH=0 HA=0 AA=0
[TORPEDO_HEADING] eval/s=0.37 retreat/s=0.00 pick[straight=0.0% left=100.0% right=0.0%] clear[best=13.57 chosen=13.57]
[ENEMY_KILL_DEBUG_COLLISION] projectile{kills=0 wallContact=0}

[PROFILE] frame=6000 budget=16.667ms alloc(+352/-352, +562304b/-562304b, live=289016b peak=570448b)
  frame.total                      win= 24.186ms avg= 24.186ms p95= 30.369ms max= 83.488ms calls(last=  1,win= 120,total=6000) (win 145.1% | avg 145.1% budget)
  frame.fixed_step                 win= 10.580ms avg= 15.429ms p95= 21.540ms max= 33.898ms calls(last=  2,win= 175,total=6877) (win 63.5% | avg 92.6% budget)
  frame.render                     win=  8.711ms avg=  8.711ms p95=  9.064ms max= 83.447ms calls(last=  1,win= 120,total=6000) (win 52.3% | avg 52.3% budget)
  frame.present                    win=  7.031ms avg=  7.031ms p95=  7.312ms max= 83.440ms calls(last=  1,win= 120,total=6000) (win 42.2% | avg 42.2% budget)
  game.update                      win=  4.664ms avg=  6.802ms p95=  9.691ms max= 20.741ms calls(last=  2,win= 175,total=6507) (win 28.0% | avg 40.8% budget)
  system.ai_update                 win=  4.443ms avg=  6.479ms p95=  9.267ms max= 20.306ms calls(last=  2,win= 175,total=6507) (win 26.7% | avg 38.9% budget)
  enemy.update                     win=  4.437ms avg=  6.471ms p95=  9.255ms max= 20.295ms calls(last=  2,win= 175,total=6507) (win 26.6% | avg 38.8% budget)
  frame.render.world               win=  3.947ms avg=  3.947ms p95=  4.223ms max= 11.798ms calls(last=  1,win= 120,total=5639) (win 23.7% | avg 23.7% budget)
  frame.render.world.enemies       win=  1.227ms avg=  1.227ms p95=  1.348ms max=  3.750ms calls(last=  1,win= 120,total=5639) (win 7.4% | avg 7.4% budget)
  frame.render.world.maze          win=  1.112ms avg=  1.112ms p95=  1.238ms max=  2.982ms calls(last=  1,win= 120,total=5639) (win 6.7% | avg 6.7% budget)
  frame.render.hud                 win=  0.873ms avg=  0.873ms p95=  0.937ms max=  2.472ms calls(last=  1,win= 120,total=5639) (win 5.2% | avg 5.2% budget)
  frame.render.world.effects       win=  0.834ms avg=  0.834ms p95=  0.990ms max=  5.102ms calls(last=  1,win= 120,total=5639) (win 5.0% | avg 5.0% budget)
  frame.render.hud.minimap         win=  0.463ms avg=  0.463ms p95=  0.506ms max=  1.373ms calls(last=  1,win= 120,total=5639) (win 2.8% | avg 2.8% budget)
  enemy.physics.frontal_collisions win=  0.453ms avg=  0.581ms p95=  0.942ms max=  1.298ms calls(last=  2,win= 154,total=3630) (win 2.7% | avg 3.5% budget)
  enemy.physics.frontal_grid_build win=  0.331ms avg=  0.425ms p95=  0.685ms max=  0.988ms calls(last=  2,win= 154,total=3630) (win 2.0% | avg 2.5% budget)
  frame.render.hud.text            win=  0.221ms avg=  0.221ms p95=  0.254ms max=  0.591ms calls(last=  1,win= 120,total=5639) (win 1.3% | avg 1.3% budget)
  enemy.ai.movement                win=  0.208ms avg=  0.730ms p95=  1.256ms max=  3.334ms calls(last=  6,win= 421,total=22906) (win 1.2% | avg 4.4% budget)
  enemy.physics.frontal_pair_traverse win=  0.091ms avg=  0.116ms p95=  0.205ms max=  0.390ms calls(last=  2,win= 154,total=3630) (win 0.5% | avg 0.7% budget)
  system.spawner_update            win=  0.074ms avg=  0.108ms p95=  0.151ms max=  0.447ms calls(last=  2,win= 175,total=6507) (win 0.4% | avg 0.6% budget)
  enemy.ai.perception              win=  0.073ms avg=  0.256ms p95=  0.425ms max=  1.247ms calls(last=  6,win= 421,total=22906) (win 0.4% | avg 1.5% budget)
  system.physics_collision         win=  0.065ms avg=  0.095ms p95=  0.142ms max=  0.439ms calls(last=  2,win= 175,total=6507) (win 0.4% | avg 0.6% budget)
  frame.render.hud.compass         win=  0.050ms avg=  0.050ms p95=  0.052ms max=  0.312ms calls(last=  1,win= 120,total=5639) (win 0.3% | avg 0.3% budget)
  frame.render.hud.static          win=  0.046ms avg=  0.046ms p95=  0.058ms max=  0.307ms calls(last=  1,win= 120,total=5639) (win 0.3% | avg 0.3% budget)
  frame.render.hud.bars            win=  0.041ms avg=  0.041ms p95=  0.041ms max=  0.272ms calls(last=  1,win= 120,total=5639) (win 0.2% | avg 0.2% budget)
[ENEMY_STATS] frame=6000 alive=144 visible=2 full=3 cheap=141 fullInBase=0 pairs(frontal=0 checks=0 separation=0 resolved=0)
[ENEMY_WINDOW] steps=175 alive[min=144 max=144] visible[min=1 max=2] full[min=1 max=3] collisionPasses[runs=155 skips=20]
[ENEMY_SEGMENTS] window=2.917s D{b/s=5.14 avgLen=5.62 fail=0} T{b/s=10.63 avgLen=7.21 fail=0} H{b/s=22.29 avgLen=5.17 fail=2100} A{b/s=9.60 avgLen=4.38 fail=525}
[ENEMY_GRID] frontal{cand/s=138.2 xcell/s=1.4 ins/s=139.5} separation{cand/s=138.2}
[ENEMY_COLLISION_WINDOW] frontal{pairs/s=0.0 checks/s=0.0 baseSkip=0 kill=0(0.0%)} separation{pairs/s=0.0 resolved/s=0.0(0.0%) baseSkip=0 kill=0 wallBlock=0}
[ENEMY_KILL_DEBUG] enemyEnemy{events=0 frontal=0 separation=0 reenterEither=0 reenterBoth=0 wallContact=0 dist[min=0.000 avg=0.000 max=0.000]}
[ENEMY_NAV_CACHE] playerCell{changes=2 flowRebuilds=1} flow{hit=175 miss=0 hit%=100.0} pathFallback{calls=0 ok=0 ok%=0.0}
[ENEMY_SAP] updates=22320 active=403 pairs=0 repairs{x=85 y=87}
[ENEMY_PAIR_TYPES] frontal DD=0 DT=0 DH=0 DA=0 TT=0 TH=0 TA=0 HH=0 HA=0 AA=0 separation DD=0 DT=0 DH=0 DA=0 TT=0 TH=0 TA=0 HH=0 HA=0 AA=0
[ENEMY_KILL_DEBUG_COLLISION] projectile{kills=0 wallContact=0}

[PROFILE] frame=6120 budget=16.667ms alloc(+356/-356, +562784b/-562784b, live=289304b peak=570448b)
  frame.total                      win= 24.908ms avg= 24.908ms p95= 30.699ms max= 83.488ms calls(last=  1,win= 120,total=6120) (win 149.4% | avg 149.4% budget)
  frame.fixed_step                 win= 10.891ms avg= 16.336ms p95= 22.146ms max= 33.898ms calls(last=  2,win= 180,total=7057) (win 65.3% | avg 98.0% budget)
  frame.render                     win=  8.528ms avg=  8.528ms p95=  8.821ms max= 83.447ms calls(last=  1,win= 120,total=6120) (win 51.2% | avg 51.2% budget)
  frame.present                    win=  6.866ms avg=  6.866ms p95=  7.157ms max= 83.440ms calls(last=  1,win= 120,total=6120) (win 41.2% | avg 41.2% budget)
  game.update                      win=  4.969ms avg=  7.453ms p95= 10.174ms max= 20.741ms calls(last=  2,win= 180,total=6687) (win 29.8% | avg 44.7% budget)
  system.ai_update                 win=  4.716ms avg=  7.074ms p95=  9.680ms max= 20.306ms calls(last=  2,win= 180,total=6687) (win 28.3% | avg 42.4% budget)
  enemy.update                     win=  4.710ms avg=  7.065ms p95=  9.669ms max= 20.295ms calls(last=  2,win= 180,total=6687) (win 28.3% | avg 42.4% budget)
  frame.render.world               win=  3.811ms avg=  3.811ms p95=  4.022ms max= 11.798ms calls(last=  1,win= 120,total=5759) (win 22.9% | avg 22.9% budget)
  frame.render.world.enemies       win=  1.222ms avg=  1.222ms p95=  1.345ms max=  3.750ms calls(last=  1,win= 120,total=5759) (win 7.3% | avg 7.3% budget)
  frame.render.world.maze          win=  0.960ms avg=  0.960ms p95=  1.026ms max=  2.982ms calls(last=  1,win= 120,total=5759) (win 5.8% | avg 5.8% budget)
  frame.render.hud                 win=  0.875ms avg=  0.875ms p95=  0.967ms max=  2.472ms calls(last=  1,win= 120,total=5759) (win 5.2% | avg 5.2% budget)
  frame.render.world.effects       win=  0.846ms avg=  0.846ms p95=  0.965ms max=  5.102ms calls(last=  1,win= 120,total=5759) (win 5.1% | avg 5.1% budget)
  frame.render.hud.minimap         win=  0.463ms avg=  0.463ms p95=  0.517ms max=  1.373ms calls(last=  1,win= 120,total=5759) (win 2.8% | avg 2.8% budget)
  enemy.physics.frontal_collisions win=  0.459ms avg=  0.689ms p95=  1.029ms max=  1.298ms calls(last=  2,win= 180,total=3810) (win 2.8% | avg 4.1% budget)
  enemy.torpedo.select_heading     win=  0.421ms avg=  0.004ms p95=  0.000ms max=  0.694ms calls(last=  0,win=   1,total=30) (win 2.5% | avg 0.0% budget)
  enemy.physics.frontal_grid_build win=  0.339ms avg=  0.509ms p95=  0.719ms max=  0.995ms calls(last=  2,win= 180,total=3810) (win 2.0% | avg 3.1% budget)
  frame.render.hud.text            win=  0.222ms avg=  0.222ms p95=  0.267ms max=  0.591ms calls(last=  1,win= 120,total=5759) (win 1.3% | avg 1.3% budget)
  enemy.ai.movement                win=  0.213ms avg=  0.893ms p95=  1.349ms max=  3.334ms calls(last=  4,win= 504,total=23410) (win 1.3% | avg 5.4% budget)
  system.physics_collision         win=  0.092ms avg=  0.138ms p95=  0.253ms max=  0.439ms calls(last=  2,win= 180,total=6687) (win 0.6% | avg 0.8% budget)
  enemy.physics.frontal_pair_traverse win=  0.088ms avg=  0.132ms p95=  0.201ms max=  0.390ms calls(last=  2,win= 180,total=3810) (win 0.5% | avg 0.8% budget)
  enemy.ai.perception              win=  0.077ms avg=  0.323ms p95=  0.537ms max=  1.247ms calls(last=  4,win= 504,total=23410) (win 0.5% | avg 1.9% budget)
  system.spawner_update            win=  0.075ms avg=  0.112ms p95=  0.156ms max=  0.447ms calls(last=  2,win= 180,total=6687) (win 0.4% | avg 0.7% budget)
  frame.render.hud.compass         win=  0.051ms avg=  0.051ms p95=  0.053ms max=  0.312ms calls(last=  1,win= 120,total=5759) (win 0.3% | avg 0.3% budget)
  frame.render.hud.static          win=  0.047ms avg=  0.047ms p95=  0.077ms max=  0.307ms calls(last=  1,win= 120,total=5759) (win 0.3% | avg 0.3% budget)
[ENEMY_STATS] frame=6120 alive=144 visible=1 full=2 cheap=142 fullInBase=0 pairs(frontal=0 checks=0 separation=0 resolved=0)
[ENEMY_WINDOW] steps=180 alive[min=144 max=144] visible[min=1 max=3] full[min=2 max=3] collisionPasses[runs=180 skips=0]
[ENEMY_SEGMENTS] window=3.000s D{b/s=5.33 avgLen=5.48 fail=0} T{b/s=10.67 avgLen=7.10 fail=0} H{b/s=20.67 avgLen=4.96 fail=2160} A{b/s=7.00 avgLen=5.45 fail=646}
[ENEMY_GRID] frontal{cand/s=167.7 xcell/s=1.3 ins/s=169.0} separation{cand/s=167.7}
[ENEMY_COLLISION_WINDOW] frontal{pairs/s=0.0 checks/s=0.0 baseSkip=0 kill=0(0.0%)} separation{pairs/s=0.0 resolved/s=0.0(0.0%) baseSkip=0 kill=0 wallBlock=0}
[ENEMY_KILL_DEBUG] enemyEnemy{events=0 frontal=0 separation=0 reenterEither=0 reenterBoth=0 wallContact=0 dist[min=0.000 avg=0.000 max=0.000]}
[ENEMY_NAV_CACHE] playerCell{changes=3 flowRebuilds=1} flow{hit=180 miss=0 hit%=100.0} pathFallback{calls=0 ok=0 ok%=0.0}
[ENEMY_SAP] updates=25920 active=503 pairs=0 repairs{x=47 y=44}
[ENEMY_PAIR_TYPES] frontal DD=0 DT=0 DH=0 DA=0 TT=0 TH=0 TA=0 HH=0 HA=0 AA=0 separation DD=0 DT=0 DH=0 DA=0 TT=0 TH=0 TA=0 HH=0 HA=0 AA=0
[TORPEDO_HEADING] eval/s=0.33 retreat/s=0.00 pick[straight=100.0% left=0.0% right=0.0%] clear[best=15.00 chosen=15.00]
[ENEMY_KILL_DEBUG_COLLISION] projectile{kills=2 wallContact=0}

[PROFILE] frame=6240 budget=16.667ms alloc(+179/-179, +281048b/-281048b, live=289304b peak=570448b)
  frame.total                      win= 22.523ms avg= 22.523ms p95= 29.513ms max= 83.488ms calls(last=  1,win= 120,total=6240) (win 135.1% | avg 135.1% budget)
  frame.fixed_step                 win= 10.455ms avg= 14.201ms p95= 21.118ms max= 33.898ms calls(last=  1,win= 163,total=7220) (win 62.7% | avg 85.2% budget)
  frame.render                     win=  8.278ms avg=  8.278ms p95=  8.641ms max= 83.447ms calls(last=  1,win= 120,total=6240) (win 49.7% | avg 49.7% budget)
  frame.present                    win=  6.665ms avg=  6.665ms p95=  7.003ms max= 83.440ms calls(last=  1,win= 120,total=6240) (win 40.0% | avg 40.0% budget)
  game.update                      win=  4.583ms avg=  6.225ms p95=  9.365ms max= 20.741ms calls(last=  1,win= 163,total=6850) (win 27.5% | avg 37.4% budget)
  system.ai_update                 win=  4.411ms avg=  5.992ms p95=  8.927ms max= 20.306ms calls(last=  1,win= 163,total=6850) (win 26.5% | avg 36.0% budget)
  enemy.update                     win=  4.406ms avg=  5.984ms p95=  8.915ms max= 20.295ms calls(last=  1,win= 163,total=6850) (win 26.4% | avg 35.9% budget)
  frame.render.world               win=  3.657ms avg=  3.657ms p95=  3.882ms max= 11.798ms calls(last=  1,win= 120,total=5879) (win 21.9% | avg 21.9% budget)
  frame.render.world.enemies       win=  1.187ms avg=  1.187ms p95=  1.252ms max=  3.750ms calls(last=  1,win= 120,total=5879) (win 7.1% | avg 7.1% budget)
  frame.render.world.effects       win=  1.088ms avg=  1.088ms p95=  1.205ms max=  5.102ms calls(last=  1,win= 120,total=5879) (win 6.5% | avg 6.5% budget)
  frame.render.world.maze          win=  0.927ms avg=  0.927ms p95=  1.000ms max=  2.982ms calls(last=  1,win= 120,total=5879) (win 5.6% | avg 5.6% budget)
  frame.render.hud                 win=  0.856ms avg=  0.856ms p95=  0.900ms max=  2.472ms calls(last=  1,win= 120,total=5879) (win 5.1% | avg 5.1% budget)
  frame.render.hud.minimap         win=  0.452ms avg=  0.452ms p95=  0.496ms max=  1.373ms calls(last=  1,win= 120,total=5879) (win 2.7% | avg 2.7% budget)
  enemy.physics.frontal_collisions win=  0.440ms avg=  0.597ms p95=  0.899ms max=  1.298ms calls(last=  1,win= 163,total=3973) (win 2.6% | avg 3.6% budget)
  enemy.torpedo.select_heading     win=  0.366ms avg=  0.003ms p95=  0.000ms max=  0.694ms calls(last=  0,win=   1,total=31) (win 2.2% | avg 0.0% budget)
  enemy.physics.frontal_grid_build win=  0.332ms avg=  0.450ms p95=  0.676ms max=  0.995ms calls(last=  1,win= 163,total=3973) (win 2.0% | avg 2.7% budget)
  frame.render.hud.text            win=  0.216ms avg=  0.216ms p95=  0.256ms max=  0.591ms calls(last=  1,win= 120,total=5879) (win 1.3% | avg 1.3% budget)
  enemy.ai.movement                win=  0.215ms avg=  0.584ms p95=  0.877ms max=  3.334ms calls(last=  2,win= 326,total=23736) (win 1.3% | avg 3.5% budget)
  system.spawner_update            win=  0.078ms avg=  0.106ms p95=  0.162ms max=  0.447ms calls(last=  1,win= 163,total=6850) (win 0.5% | avg 0.6% budget)
  enemy.physics.frontal_pair_traverse win=  0.077ms avg=  0.105ms p95=  0.156ms max=  0.390ms calls(last=  1,win= 163,total=3973) (win 0.5% | avg 0.6% budget)
  enemy.ai.perception              win=  0.074ms avg=  0.200ms p95=  0.318ms max=  1.247ms calls(last=  2,win= 326,total=23736) (win 0.4% | avg 1.2% budget)
  enemy.ai.decision                win=  0.057ms avg=  0.154ms p95=  0.236ms max=  0.874ms calls(last=  2,win= 326,total=23736) (win 0.3% | avg 0.9% budget)
  frame.render.hud.compass         win=  0.049ms avg=  0.049ms p95=  0.052ms max=  0.312ms calls(last=  1,win= 120,total=5879) (win 0.3% | avg 0.3% budget)
  frame.render.hud.static          win=  0.045ms avg=  0.045ms p95=  0.053ms max=  0.307ms calls(last=  1,win= 120,total=5879) (win 0.3% | avg 0.3% budget)
[ENEMY_STATS] frame=6240 alive=144 visible=1 full=2 cheap=142 fullInBase=0 pairs(frontal=0 checks=0 separation=0 resolved=0)
[ENEMY_WINDOW] steps=163 alive[min=144 max=144] visible[min=1 max=1] full[min=2 max=2] collisionPasses[runs=163 skips=0]
[ENEMY_SEGMENTS] window=2.717s D{b/s=5.52 avgLen=4.95 fail=0} T{b/s=11.41 avgLen=5.36 fail=0} H{b/s=20.98 avgLen=5.19 fail=2105} A{b/s=6.99 avgLen=4.95 fail=652}
[ENEMY_GRID] frontal{cand/s=120.0 xcell/s=0.7 ins/s=120.7} separation{cand/s=120.0}
[ENEMY_COLLISION_WINDOW] frontal{pairs/s=0.0 checks/s=0.0 baseSkip=0 kill=0(0.0%)} separation{pairs/s=0.0 resolved/s=0.0(0.0%) baseSkip=0 kill=0 wallBlock=0}
[ENEMY_KILL_DEBUG] enemyEnemy{events=0 frontal=0 separation=0 reenterEither=0 reenterBoth=0 wallContact=0 dist[min=0.000 avg=0.000 max=0.000]}
[ENEMY_NAV_CACHE] playerCell{changes=0 flowRebuilds=0} flow{hit=163 miss=0 hit%=100.0} pathFallback{calls=0 ok=0 ok%=0.0}
[ENEMY_SAP] updates=23472 active=326 pairs=0 repairs{x=0 y=0}
[ENEMY_PAIR_TYPES] frontal DD=0 DT=0 DH=0 DA=0 TT=0 TH=0 TA=0 HH=0 HA=0 AA=0 separation DD=0 DT=0 DH=0 DA=0 TT=0 TH=0 TA=0 HH=0 HA=0 AA=0
[TORPEDO_HEADING] eval/s=0.37 retreat/s=0.00 pick[straight=0.0% left=100.0% right=0.0%] clear[best=15.00 chosen=15.00]
[ENEMY_KILL_DEBUG_COLLISION] projectile{kills=0 wallContact=0}

[PROFILE] frame=6360 budget=16.667ms alloc(+179/-179, +281224b/-281224b, live=289304b peak=570448b)
  frame.total                      win= 23.538ms avg= 23.538ms p95= 30.183ms max= 83.488ms calls(last=  1,win= 120,total=6360) (win 141.2% | avg 141.2% budget)
  frame.fixed_step                 win= 10.712ms avg= 15.175ms p95= 21.746ms max= 33.898ms calls(last=  1,win= 170,total=7390) (win 64.3% | avg 91.0% budget)
  frame.render                     win=  8.318ms avg=  8.318ms p95=  8.729ms max= 83.447ms calls(last=  1,win= 120,total=6360) (win 49.9% | avg 49.9% budget)
  frame.present                    win=  6.674ms avg=  6.674ms p95=  6.987ms max= 83.440ms calls(last=  1,win= 120,total=6360) (win 40.0% | avg 40.0% budget)
  game.update                      win=  4.834ms avg=  6.848ms p95= 10.017ms max= 20.741ms calls(last=  1,win= 170,total=7020) (win 29.0% | avg 41.1% budget)
  system.ai_update                 win=  4.654ms avg=  6.593ms p95=  9.628ms max= 20.306ms calls(last=  1,win= 170,total=7020) (win 27.9% | avg 39.6% budget)
  enemy.update                     win=  4.648ms avg=  6.584ms p95=  9.616ms max= 20.295ms calls(last=  1,win= 170,total=7020) (win 27.9% | avg 39.5% budget)
  frame.render.world               win=  3.630ms avg=  3.630ms p95=  3.939ms max= 11.798ms calls(last=  1,win= 120,total=5999) (win 21.8% | avg 21.8% budget)
  frame.render.world.enemies       win=  1.225ms avg=  1.225ms p95=  1.282ms max=  3.750ms calls(last=  1,win= 120,total=5999) (win 7.4% | avg 7.4% budget)
  frame.render.world.effects       win=  0.865ms avg=  0.865ms p95=  1.091ms max=  5.102ms calls(last=  1,win= 120,total=5999) (win 5.2% | avg 5.2% budget)
  frame.render.hud                 win=  0.851ms avg=  0.851ms p95=  0.914ms max=  2.472ms calls(last=  1,win= 120,total=5999) (win 5.1% | avg 5.1% budget)
  frame.render.world.maze          win=  0.818ms avg=  0.818ms p95=  0.930ms max=  2.982ms calls(last=  1,win= 120,total=5999) (win 4.9% | avg 4.9% budget)
  frame.render.hud.minimap         win=  0.457ms avg=  0.457ms p95=  0.505ms max=  1.373ms calls(last=  1,win= 120,total=5999) (win 2.7% | avg 2.7% budget)
  enemy.physics.frontal_collisions win=  0.448ms avg=  0.635ms p95=  0.932ms max=  1.298ms calls(last=  1,win= 170,total=4143) (win 2.7% | avg 3.8% budget)
  enemy.physics.frontal_grid_build win=  0.336ms avg=  0.476ms p95=  0.697ms max=  0.995ms calls(last=  1,win= 170,total=4143) (win 2.0% | avg 2.9% budget)
  enemy.torpedo.select_heading     win=  0.331ms avg=  0.003ms p95=  0.000ms max=  0.694ms calls(last=  0,win=   1,total=32) (win 2.0% | avg 0.0% budget)
  frame.render.hud.text            win=  0.218ms avg=  0.218ms p95=  0.261ms max=  0.591ms calls(last=  1,win= 120,total=5999) (win 1.3% | avg 1.3% budget)
  enemy.ai.movement                win=  0.212ms avg=  0.849ms p95=  1.315ms max=  3.334ms calls(last=  3,win= 480,total=24216) (win 1.3% | avg 5.1% budget)
  enemy.physics.frontal_pair_traverse win=  0.080ms avg=  0.113ms p95=  0.167ms max=  0.390ms calls(last=  1,win= 170,total=4143) (win 0.5% | avg 0.7% budget)
  system.spawner_update            win=  0.077ms avg=  0.109ms p95=  0.164ms max=  0.447ms calls(last=  1,win= 170,total=7020) (win 0.5% | avg 0.7% budget)
  enemy.ai.perception              win=  0.065ms avg=  0.260ms p95=  0.447ms max=  1.247ms calls(last=  3,win= 480,total=24216) (win 0.4% | avg 1.6% budget)
  frame.render.hud.compass         win=  0.051ms avg=  0.051ms p95=  0.054ms max=  0.312ms calls(last=  1,win= 120,total=5999) (win 0.3% | avg 0.3% budget)
  frame.render.hud.static          win=  0.045ms avg=  0.045ms p95=  0.056ms max=  0.307ms calls(last=  1,win= 120,total=5999) (win 0.3% | avg 0.3% budget)
  enemy.ai.decision                win=  0.041ms avg=  0.163ms p95=  0.254ms max=  0.874ms calls(last=  3,win= 480,total=24216) (win 0.2% | avg 1.0% budget)
[ENEMY_STATS] frame=6360 alive=144 visible=3 full=3 cheap=141 fullInBase=0 pairs(frontal=0 checks=0 separation=0 resolved=0)
[ENEMY_WINDOW] steps=170 alive[min=144 max=144] visible[min=1 max=3] full[min=2 max=3] collisionPasses[runs=170 skips=0]
[ENEMY_SEGMENTS] window=2.833s D{b/s=6.71 avgLen=4.71 fail=0} T{b/s=14.82 avgLen=5.99 fail=0} H{b/s=21.53 avgLen=4.63 fail=2210} A{b/s=7.41 avgLen=5.17 fail=539}
[ENEMY_GRID] frontal{cand/s=169.8 xcell/s=1.1 ins/s=170.8} separation{cand/s=169.8}
[ENEMY_COLLISION_WINDOW] frontal{pairs/s=0.0 checks/s=0.0 baseSkip=0 kill=0(0.0%)} separation{pairs/s=0.0 resolved/s=0.0(0.0%) baseSkip=0 kill=0 wallBlock=0}
[ENEMY_KILL_DEBUG] enemyEnemy{events=0 frontal=0 separation=0 reenterEither=0 reenterBoth=0 wallContact=0 dist[min=0.000 avg=0.000 max=0.000]}
[ENEMY_NAV_CACHE] playerCell{changes=1 flowRebuilds=0} flow{hit=170 miss=0 hit%=100.0} pathFallback{calls=0 ok=0 ok%=0.0}
[ENEMY_SAP] updates=24480 active=481 pairs=0 repairs{x=179 y=181}
[ENEMY_PAIR_TYPES] frontal DD=0 DT=0 DH=0 DA=0 TT=0 TH=0 TA=0 HH=0 HA=0 AA=0 separation DD=0 DT=0 DH=0 DA=0 TT=0 TH=0 TA=0 HH=0 HA=0 AA=0
[TORPEDO_HEADING] eval/s=0.35 retreat/s=0.00 pick[straight=0.0% left=0.0% right=100.0%] clear[best=15.00 chosen=15.00]
[ENEMY_KILL_DEBUG_COLLISION] projectile{kills=0 wallContact=0}

[PROFILE] frame=6480 budget=16.667ms alloc(+358/-358, +562128b/-562128b, live=289304b peak=570448b)
  frame.total                      win= 23.753ms avg= 23.753ms p95= 30.119ms max= 83.488ms calls(last=  1,win= 120,total=6480) (win 142.5% | avg 142.5% budget)
  frame.fixed_step                 win= 10.616ms avg= 15.216ms p95= 21.589ms max= 33.898ms calls(last=  2,win= 172,total=7562) (win 63.7% | avg 91.3% budget)
  frame.render                     win=  8.493ms avg=  8.493ms p95=  8.901ms max= 83.447ms calls(last=  1,win= 120,total=6480) (win 51.0% | avg 51.0% budget)
  frame.present                    win=  6.850ms avg=  6.850ms p95=  7.156ms max= 83.440ms calls(last=  1,win= 120,total=6480) (win 41.1% | avg 41.1% budget)
  game.update                      win=  4.740ms avg=  6.793ms p95=  9.858ms max= 20.741ms calls(last=  2,win= 172,total=7192) (win 28.4% | avg 40.8% budget)
  system.ai_update                 win=  4.513ms avg=  6.469ms p95=  9.391ms max= 20.306ms calls(last=  2,win= 172,total=7192) (win 27.1% | avg 38.8% budget)
  enemy.update                     win=  4.507ms avg=  6.460ms p95=  9.379ms max= 20.295ms calls(last=  2,win= 172,total=7192) (win 27.0% | avg 38.8% budget)
  frame.render.world               win=  3.818ms avg=  3.818ms p95=  4.091ms max= 11.798ms calls(last=  1,win= 120,total=6119) (win 22.9% | avg 22.9% budget)
  frame.render.world.enemies       win=  1.215ms avg=  1.215ms p95=  1.272ms max=  3.750ms calls(last=  1,win= 120,total=6119) (win 7.3% | avg 7.3% budget)
  frame.render.world.maze          win=  0.955ms avg=  0.955ms p95=  1.038ms max=  2.982ms calls(last=  1,win= 120,total=6119) (win 5.7% | avg 5.7% budget)
  frame.render.hud                 win=  0.848ms avg=  0.848ms p95=  0.909ms max=  2.472ms calls(last=  1,win= 120,total=6119) (win 5.1% | avg 5.1% budget)
  frame.render.world.effects       win=  0.835ms avg=  0.835ms p95=  0.974ms max=  5.102ms calls(last=  1,win= 120,total=6119) (win 5.0% | avg 5.0% budget)
  frame.render.hud.minimap         win=  0.453ms avg=  0.453ms p95=  0.499ms max=  1.373ms calls(last=  1,win= 120,total=6119) (win 2.7% | avg 2.7% budget)
  enemy.physics.frontal_collisions win=  0.443ms avg=  0.635ms p95=  0.952ms max=  1.298ms calls(last=  2,win= 172,total=4315) (win 2.7% | avg 3.8% budget)
  enemy.torpedo.select_heading     win=  0.387ms avg=  0.006ms p95=  0.000ms max=  0.694ms calls(last=  0,win=   2,total=34) (win 2.3% | avg 0.0% budget)
  enemy.physics.frontal_grid_build win=  0.335ms avg=  0.481ms p95=  0.736ms max=  0.995ms calls(last=  2,win= 172,total=4315) (win 2.0% | avg 2.9% budget)
  frame.render.hud.text            win=  0.218ms avg=  0.218ms p95=  0.252ms max=  0.591ms calls(last=  1,win= 120,total=6119) (win 1.3% | avg 1.3% budget)
  enemy.ai.movement                win=  0.213ms avg=  0.730ms p95=  1.286ms max=  3.334ms calls(last=  4,win= 412,total=24628) (win 1.3% | avg 4.4% budget)
  enemy.physics.frontal_pair_traverse win=  0.076ms avg=  0.109ms p95=  0.159ms max=  0.390ms calls(last=  2,win= 172,total=4315) (win 0.5% | avg 0.7% budget)
  system.spawner_update            win=  0.074ms avg=  0.107ms p95=  0.146ms max=  0.447ms calls(last=  2,win= 172,total=7192) (win 0.4% | avg 0.6% budget)
  system.physics_collision         win=  0.069ms avg=  0.099ms p95=  0.172ms max=  0.439ms calls(last=  2,win= 172,total=7192) (win 0.4% | avg 0.6% budget)
  enemy.ai.perception              win=  0.051ms avg=  0.176ms p95=  0.325ms max=  1.247ms calls(last=  4,win= 412,total=24628) (win 0.3% | avg 1.1% budget)
  frame.render.hud.compass         win=  0.049ms avg=  0.049ms p95=  0.051ms max=  0.312ms calls(last=  1,win= 120,total=6119) (win 0.3% | avg 0.3% budget)
  enemy.ai.decision                win=  0.047ms avg=  0.162ms p95=  0.258ms max=  0.874ms calls(last=  4,win= 412,total=24628) (win 0.3% | avg 1.0% budget)
[ENEMY_STATS] frame=6480 alive=144 visible=2 full=2 cheap=142 fullInBase=0 pairs(frontal=0 checks=0 separation=0 resolved=0)
[ENEMY_WINDOW] steps=172 alive[min=144 max=144] visible[min=2 max=3] full[min=2 max=3] collisionPasses[runs=172 skips=0]
[ENEMY_SEGMENTS] window=2.867s D{b/s=4.88 avgLen=5.46 fail=0} T{b/s=9.77 avgLen=6.82 fail=0} H{b/s=23.72 avgLen=4.75 fail=2236} A{b/s=8.02 avgLen=4.52 fail=516}
[ENEMY_GRID] frontal{cand/s=143.4 xcell/s=0.7 ins/s=144.1} separation{cand/s=143.4}
[ENEMY_COLLISION_WINDOW] frontal{pairs/s=0.0 checks/s=0.0 baseSkip=0 kill=0(0.0%)} separation{pairs/s=0.0 resolved/s=0.0(0.0%) baseSkip=0 kill=0 wallBlock=0}
[ENEMY_KILL_DEBUG] enemyEnemy{events=0 frontal=0 separation=0 reenterEither=0 reenterBoth=0 wallContact=0 dist[min=0.000 avg=0.000 max=0.000]}
[ENEMY_NAV_CACHE] playerCell{changes=1 flowRebuilds=1} flow{hit=52 miss=15 hit%=77.6} pathFallback{calls=0 ok=0 ok%=0.0}
[ENEMY_SAP] updates=24768 active=411 pairs=0 repairs{x=84 y=85}
[ENEMY_PAIR_TYPES] frontal DD=0 DT=0 DH=0 DA=0 TT=0 TH=0 TA=0 HH=0 HA=0 AA=0 separation DD=0 DT=0 DH=0 DA=0 TT=0 TH=0 TA=0 HH=0 HA=0 AA=0
[TORPEDO_HEADING] eval/s=0.70 retreat/s=0.00 pick[straight=100.0% left=0.0% right=0.0%] clear[best=15.00 chosen=15.00]
[ENEMY_KILL_DEBUG_COLLISION] projectile{kills=1 wallContact=0}

[PROFILE] frame=6600 budget=16.667ms alloc(+358/-358, +562128b/-562128b, live=289304b peak=570448b)
  frame.total                      win= 22.921ms avg= 22.921ms p95= 29.564ms max= 83.488ms calls(last=  1,win= 120,total=6600) (win 137.5% | avg 137.5% budget)
  frame.fixed_step                 win= 10.482ms avg= 14.500ms p95= 21.133ms max= 33.898ms calls(last=  2,win= 166,total=7728) (win 62.9% | avg 87.0% budget)
  frame.render                     win=  8.377ms avg=  8.377ms p95=  8.826ms max= 83.447ms calls(last=  1,win= 120,total=6600) (win 50.3% | avg 50.3% budget)
  frame.present                    win=  6.767ms avg=  6.767ms p95=  7.290ms max= 83.440ms calls(last=  1,win= 120,total=6600) (win 40.6% | avg 40.6% budget)
  game.update                      win=  4.580ms avg=  6.336ms p95=  9.344ms max= 20.741ms calls(last=  2,win= 166,total=7358) (win 27.5% | avg 38.0% budget)
  system.ai_update                 win=  4.364ms avg=  6.036ms p95=  8.894ms max= 20.306ms calls(last=  2,win= 166,total=7358) (win 26.2% | avg 36.2% budget)
  enemy.update                     win=  4.358ms avg=  6.029ms p95=  8.884ms max= 20.295ms calls(last=  2,win= 166,total=7358) (win 26.1% | avg 36.2% budget)
  frame.render.world               win=  3.713ms avg=  3.713ms p95=  4.056ms max= 11.798ms calls(last=  1,win= 120,total=6239) (win 22.3% | avg 22.3% budget)
  frame.render.world.enemies       win=  1.245ms avg=  1.245ms p95=  1.463ms max=  3.884ms calls(last=  1,win= 120,total=6239) (win 7.5% | avg 7.5% budget)
  frame.render.world.maze          win=  0.971ms avg=  0.971ms p95=  1.177ms max=  2.982ms calls(last=  1,win= 120,total=6239) (win 5.8% | avg 5.8% budget)
  frame.render.hud                 win=  0.858ms avg=  0.858ms p95=  0.933ms max=  2.472ms calls(last=  1,win= 120,total=6239) (win 5.1% | avg 5.1% budget)
  frame.render.world.effects       win=  0.674ms avg=  0.674ms p95=  0.910ms max=  5.102ms calls(last=  1,win= 120,total=6239) (win 4.0% | avg 4.0% budget)
  frame.render.hud.minimap         win=  0.458ms avg=  0.458ms p95=  0.510ms max=  1.373ms calls(last=  1,win= 120,total=6239) (win 2.7% | avg 2.7% budget)
  enemy.physics.frontal_collisions win=  0.437ms avg=  0.605ms p95=  0.891ms max=  1.298ms calls(last=  2,win= 166,total=4481) (win 2.6% | avg 3.6% budget)
  enemy.physics.frontal_grid_build win=  0.331ms avg=  0.457ms p95=  0.678ms max=  0.995ms calls(last=  2,win= 166,total=4481) (win 2.0% | avg 2.7% budget)
  enemy.torpedo.select_heading     win=  0.328ms avg=  0.003ms p95=  0.000ms max=  0.694ms calls(last=  0,win=   1,total=35) (win 2.0% | avg 0.0% budget)
  frame.render.hud.text            win=  0.223ms avg=  0.223ms p95=  0.263ms max=  0.591ms calls(last=  1,win= 120,total=6239) (win 1.3% | avg 1.3% budget)
  enemy.ai.movement                win=  0.213ms avg=  0.589ms p95=  0.882ms max=  3.334ms calls(last=  4,win= 332,total=24960) (win 1.3% | avg 3.5% budget)
  enemy.physics.frontal_pair_traverse win=  0.077ms avg=  0.106ms p95=  0.159ms max=  0.390ms calls(last=  2,win= 166,total=4481) (win 0.5% | avg 0.6% budget)
  system.spawner_update            win=  0.074ms avg=  0.102ms p95=  0.147ms max=  0.447ms calls(last=  2,win= 166,total=7358) (win 0.4% | avg 0.6% budget)
  system.physics_collision         win=  0.061ms avg=  0.084ms p95=  0.162ms max=  0.439ms calls(last=  2,win= 166,total=7358) (win 0.4% | avg 0.5% budget)
  enemy.ai.perception              win=  0.053ms avg=  0.146ms p95=  0.214ms max=  1.247ms calls(last=  4,win= 332,total=24960) (win 0.3% | avg 0.9% budget)
  enemy.ai.decision                win=  0.053ms avg=  0.146ms p95=  0.219ms max=  0.874ms calls(last=  4,win= 332,total=24960) (win 0.3% | avg 0.9% budget)
  frame.render.hud.compass         win=  0.051ms avg=  0.051ms p95=  0.051ms max=  0.312ms calls(last=  1,win= 120,total=6239) (win 0.3% | avg 0.3% budget)
[ENEMY_STATS] frame=6600 alive=144 visible=2 full=2 cheap=142 fullInBase=0 pairs(frontal=0 checks=0 separation=0 resolved=0)
[ENEMY_WINDOW] steps=166 alive[min=144 max=144] visible[min=2 max=2] full[min=2 max=2] collisionPasses[runs=166 skips=0]
[ENEMY_SEGMENTS] window=2.767s D{b/s=6.87 avgLen=5.04 fail=3} T{b/s=11.93 avgLen=6.46 fail=0} H{b/s=23.13 avgLen=4.79 fail=2158} A{b/s=9.40 avgLen=4.95 fail=498}
[ENEMY_GRID] frontal{cand/s=120.0 xcell/s=0.7 ins/s=120.7} separation{cand/s=120.0}
[ENEMY_COLLISION_WINDOW] frontal{pairs/s=0.0 checks/s=0.0 baseSkip=0 kill=0(0.0%)} separation{pairs/s=0.0 resolved/s=0.0(0.0%) baseSkip=0 kill=0 wallBlock=0}
[ENEMY_KILL_DEBUG] enemyEnemy{events=0 frontal=0 separation=0 reenterEither=0 reenterBoth=0 wallContact=0 dist[min=0.000 avg=0.000 max=0.000]}
[ENEMY_NAV_CACHE] playerCell{changes=2 flowRebuilds=0} flow{hit=0 miss=0 hit%=0.0} pathFallback{calls=0 ok=0 ok%=0.0}
[ENEMY_SAP] updates=23904 active=332 pairs=0 repairs{x=0 y=0}
[ENEMY_PAIR_TYPES] frontal DD=0 DT=0 DH=0 DA=0 TT=0 TH=0 TA=0 HH=0 HA=0 AA=0 separation DD=0 DT=0 DH=0 DA=0 TT=0 TH=0 TA=0 HH=0 HA=0 AA=0
[TORPEDO_HEADING] eval/s=0.36 retreat/s=0.00 pick[straight=0.0% left=100.0% right=0.0%] clear[best=15.00 chosen=15.00]
[ENEMY_KILL_DEBUG_COLLISION] projectile{kills=0 wallContact=0}

[PROFILE] frame=6720 budget=16.667ms alloc(+180/-180, +281168b/-281168b, live=289304b peak=570448b)
  frame.total                      win= 23.124ms avg= 23.124ms p95= 30.491ms max= 83.488ms calls(last=  1,win= 120,total=6720) (win 138.7% | avg 138.7% budget)
  frame.fixed_step                 win= 10.746ms avg= 14.955ms p95= 22.126ms max= 33.898ms calls(last=  1,win= 167,total=7895) (win 64.5% | avg 89.7% budget)
  frame.render                     win=  8.125ms avg=  8.125ms p95=  8.414ms max= 83.447ms calls(last=  1,win= 120,total=6720) (win 48.8% | avg 48.8% budget)
  frame.present                    win=  6.569ms avg=  6.569ms p95=  6.832ms max= 83.440ms calls(last=  1,win= 120,total=6720) (win 39.4% | avg 39.4% budget)
  game.update                      win=  4.930ms avg=  6.861ms p95= 10.480ms max= 20.741ms calls(last=  1,win= 167,total=7525) (win 29.6% | avg 41.2% budget)
  system.ai_update                 win=  4.732ms avg=  6.585ms p95= 10.106ms max= 20.306ms calls(last=  1,win= 167,total=7525) (win 28.4% | avg 39.5% budget)
  enemy.update                     win=  4.726ms avg=  6.576ms p95= 10.097ms max= 20.295ms calls(last=  1,win= 167,total=7525) (win 28.4% | avg 39.5% budget)
  frame.render.world               win=  3.556ms avg=  3.556ms p95=  3.858ms max= 11.798ms calls(last=  1,win= 120,total=6359) (win 21.3% | avg 21.3% budget)
  frame.render.world.enemies       win=  1.189ms avg=  1.189ms p95=  1.229ms max=  3.884ms calls(last=  1,win= 120,total=6359) (win 7.1% | avg 7.1% budget)
  frame.render.world.maze          win=  1.064ms avg=  1.064ms p95=  1.203ms max=  2.982ms calls(last=  1,win= 120,total=6359) (win 6.4% | avg 6.4% budget)
  frame.render.hud                 win=  0.856ms avg=  0.856ms p95=  0.899ms max=  2.472ms calls(last=  1,win= 120,total=6359) (win 5.1% | avg 5.1% budget)
  frame.render.world.effects       win=  0.500ms avg=  0.500ms p95=  0.824ms max=  5.102ms calls(last=  1,win= 120,total=6359) (win 3.0% | avg 3.0% budget)
  frame.render.hud.minimap         win=  0.456ms avg=  0.456ms p95=  0.494ms max=  1.373ms calls(last=  1,win= 120,total=6359) (win 2.7% | avg 2.7% budget)
  enemy.physics.frontal_collisions win=  0.434ms avg=  0.604ms p95=  0.881ms max=  1.298ms calls(last=  1,win= 167,total=4648) (win 2.6% | avg 3.6% budget)
  enemy.physics.frontal_grid_build win=  0.330ms avg=  0.459ms p95=  0.676ms max=  0.995ms calls(last=  1,win= 167,total=4648) (win 2.0% | avg 2.8% budget)
  enemy.torpedo.select_heading     win=  0.256ms avg=  0.002ms p95=  0.000ms max=  0.694ms calls(last=  0,win=   1,total=36) (win 1.5% | avg 0.0% budget)
  frame.render.hud.text            win=  0.225ms avg=  0.225ms p95=  0.260ms max=  0.591ms calls(last=  1,win= 120,total=6359) (win 1.4% | avg 1.4% budget)
  enemy.ai.movement                win=  0.208ms avg=  0.850ms p95=  1.653ms max=  3.334ms calls(last=  3,win= 491,total=25451) (win 1.2% | avg 5.1% budget)
  enemy.ai.perception              win=  0.074ms avg=  0.304ms p95=  0.646ms max=  1.247ms calls(last=  3,win= 491,total=25451) (win 0.4% | avg 1.8% budget)
  enemy.physics.frontal_pair_traverse win=  0.073ms avg=  0.102ms p95=  0.151ms max=  0.390ms calls(last=  1,win= 167,total=4648) (win 0.4% | avg 0.6% budget)
  system.spawner_update            win=  0.073ms avg=  0.101ms p95=  0.146ms max=  0.447ms calls(last=  1,win= 167,total=7525) (win 0.4% | avg 0.6% budget)
  enemy.ai.decision                win=  0.051ms avg=  0.208ms p95=  0.344ms max=  0.874ms calls(last=  3,win= 491,total=25451) (win 0.3% | avg 1.2% budget)
  frame.render.hud.compass         win=  0.049ms avg=  0.049ms p95=  0.051ms max=  0.312ms calls(last=  1,win= 120,total=6359) (win 0.3% | avg 0.3% budget)
  system.physics_collision         win=  0.048ms avg=  0.067ms p95=  0.121ms max=  0.439ms calls(last=  1,win= 167,total=7525) (win 0.3% | avg 0.4% budget)
[ENEMY_STATS] frame=6720 alive=144 visible=1 full=3 cheap=141 fullInBase=0 pairs(frontal=0 checks=0 separation=0 resolved=0)
[ENEMY_WINDOW] steps=167 alive[min=144 max=144] visible[min=1 max=2] full[min=2 max=4] collisionPasses[runs=167 skips=0]
[ENEMY_SEGMENTS] window=2.783s D{b/s=5.39 avgLen=5.03 fail=0} T{b/s=11.50 avgLen=6.23 fail=0} H{b/s=20.84 avgLen=5.14 fail=2171} A{b/s=7.19 avgLen=5.15 fail=501}
[ENEMY_GRID] frontal{cand/s=176.8 xcell/s=1.1 ins/s=177.8} separation{cand/s=176.8}
[ENEMY_COLLISION_WINDOW] frontal{pairs/s=0.0 checks/s=0.0 baseSkip=0 kill=0(0.0%)} separation{pairs/s=0.0 resolved/s=0.0(0.0%) baseSkip=0 kill=0 wallBlock=0}
[ENEMY_KILL_DEBUG] enemyEnemy{events=0 frontal=0 separation=0 reenterEither=0 reenterBoth=0 wallContact=0 dist[min=0.000 avg=0.000 max=0.000]}
[ENEMY_NAV_CACHE] playerCell{changes=3 flowRebuilds=1} flow{hit=0 miss=0 hit%=0.0} pathFallback{calls=0 ok=0 ok%=0.0}
[ENEMY_SAP] updates=24048 active=492 pairs=0 repairs{x=135 y=139}
[ENEMY_PAIR_TYPES] frontal DD=0 DT=0 DH=0 DA=0 TT=0 TH=0 TA=0 HH=0 HA=0 AA=0 separation DD=0 DT=0 DH=0 DA=0 TT=0 TH=0 TA=0 HH=0 HA=0 AA=0
[TORPEDO_HEADING] eval/s=0.36 retreat/s=0.00 pick[straight=0.0% left=100.0% right=0.0%] clear[best=15.00 chosen=15.00]
[ENEMY_KILL_DEBUG_COLLISION] projectile{kills=0 wallContact=0}

[PROFILE] frame=6840 budget=16.667ms alloc(+362/-362, +562352b/-562352b, live=289304b peak=570448b)
  frame.total                      win= 25.275ms avg= 25.275ms p95= 30.957ms max= 83.488ms calls(last=  1,win= 120,total=6840) (win 151.7% | avg 151.7% budget)
  frame.fixed_step                 win= 11.027ms avg= 16.817ms p95= 22.434ms max= 33.898ms calls(last=  2,win= 183,total=8078) (win 66.2% | avg 100.9% budget)
  frame.render                     win=  8.414ms avg=  8.414ms p95=  8.882ms max= 83.447ms calls(last=  1,win= 120,total=6840) (win 50.5% | avg 50.5% budget)
  frame.present                    win=  6.811ms avg=  6.811ms p95=  7.293ms max= 83.440ms calls(last=  1,win= 120,total=6840) (win 40.9% | avg 40.9% budget)
  game.update                      win=  5.174ms avg=  7.890ms p95= 10.742ms max= 20.741ms calls(last=  2,win= 183,total=7708) (win 31.0% | avg 47.3% budget)
  system.ai_update                 win=  4.973ms avg=  7.585ms p95= 10.309ms max= 20.306ms calls(last=  2,win= 183,total=7708) (win 29.8% | avg 45.5% budget)
  enemy.update                     win=  4.968ms avg=  7.576ms p95= 10.299ms max= 20.295ms calls(last=  2,win= 183,total=7708) (win 29.8% | avg 45.5% budget)
  frame.render.world               win=  3.769ms avg=  3.769ms p95=  4.209ms max= 11.798ms calls(last=  1,win= 120,total=6479) (win 22.6% | avg 22.6% budget)
  frame.render.world.enemies       win=  1.223ms avg=  1.223ms p95=  1.443ms max=  3.884ms calls(last=  1,win= 120,total=6479) (win 7.3% | avg 7.3% budget)
  frame.render.world.maze          win=  0.957ms avg=  0.957ms p95=  1.193ms max=  2.982ms calls(last=  1,win= 120,total=6479) (win 5.7% | avg 5.7% budget)
  frame.render.hud                 win=  0.861ms avg=  0.861ms p95=  0.960ms max=  2.472ms calls(last=  1,win= 120,total=6479) (win 5.2% | avg 5.2% budget)
  frame.render.world.effects       win=  0.802ms avg=  0.802ms p95=  0.928ms max=  5.102ms calls(last=  1,win= 120,total=6479) (win 4.8% | avg 4.8% budget)
  frame.render.hud.minimap         win=  0.462ms avg=  0.462ms p95=  0.508ms max=  1.373ms calls(last=  1,win= 120,total=6479) (win 2.8% | avg 2.8% budget)
  enemy.physics.frontal_collisions win=  0.441ms avg=  0.673ms p95=  0.903ms max=  1.298ms calls(last=  2,win= 183,total=4831) (win 2.6% | avg 4.0% budget)
  enemy.physics.frontal_grid_build win=  0.335ms avg=  0.511ms p95=  0.680ms max=  0.995ms calls(last=  2,win= 183,total=4831) (win 2.0% | avg 3.1% budget)
  enemy.torpedo.select_heading     win=  0.248ms avg=  0.006ms p95=  0.000ms max=  0.694ms calls(last=  0,win=   3,total=39) (win 1.5% | avg 0.0% budget)
  frame.render.hud.text            win=  0.223ms avg=  0.223ms p95=  0.261ms max=  0.591ms calls(last=  1,win= 120,total=6479) (win 1.3% | avg 1.3% budget)
  enemy.ai.movement                win=  0.209ms avg=  1.080ms p95=  1.670ms max=  3.334ms calls(last=  6,win= 620,total=26071) (win 1.3% | avg 6.5% budget)
  enemy.ai.perception              win=  0.080ms avg=  0.412ms p95=  0.679ms max=  1.247ms calls(last=  6,win= 620,total=26071) (win 0.5% | avg 2.5% budget)
  enemy.physics.frontal_pair_traverse win=  0.075ms avg=  0.114ms p95=  0.175ms max=  0.390ms calls(last=  2,win= 183,total=4831) (win 0.4% | avg 0.7% budget)
  system.spawner_update            win=  0.074ms avg=  0.113ms p95=  0.148ms max=  0.447ms calls(last=  2,win= 183,total=7708) (win 0.4% | avg 0.7% budget)
  enemy.ai.decision                win=  0.050ms avg=  0.259ms p95=  0.380ms max=  0.874ms calls(last=  6,win= 620,total=26071) (win 0.3% | avg 1.6% budget)
  frame.render.hud.compass         win=  0.049ms avg=  0.049ms p95=  0.051ms max=  0.312ms calls(last=  1,win= 120,total=6479) (win 0.3% | avg 0.3% budget)
  system.physics_collision         win=  0.047ms avg=  0.072ms p95=  0.130ms max=  0.439ms calls(last=  2,win= 183,total=7708) (win 0.3% | avg 0.4% budget)
[ENEMY_STATS] frame=6840 alive=144 visible=1 full=3 cheap=141 fullInBase=0 pairs(frontal=0 checks=0 separation=0 resolved=0)
[ENEMY_WINDOW] steps=183 alive[min=144 max=144] visible[min=1 max=2] full[min=3 max=4] collisionPasses[runs=183 skips=0]
[ENEMY_SEGMENTS] window=3.050s D{b/s=5.57 avgLen=4.71 fail=0} T{b/s=10.49 avgLen=6.96 fail=2} H{b/s=23.93 avgLen=4.80 fail=2485} A{b/s=8.85 avgLen=4.74 fail=549}
[ENEMY_GRID] frontal{cand/s=203.3 xcell/s=0.7 ins/s=203.9} separation{cand/s=203.3}
[ENEMY_COLLISION_WINDOW] frontal{pairs/s=0.0 checks/s=0.0 baseSkip=0 kill=0(0.0%)} separation{pairs/s=0.0 resolved/s=0.0(0.0%) baseSkip=0 kill=0 wallBlock=0}
[ENEMY_KILL_DEBUG] enemyEnemy{events=0 frontal=0 separation=0 reenterEither=0 reenterBoth=0 wallContact=0 dist[min=0.000 avg=0.000 max=0.000]}
[ENEMY_NAV_CACHE] playerCell{changes=2 flowRebuilds=1} flow{hit=0 miss=0 hit%=0.0} pathFallback{calls=0 ok=0 ok%=0.0}
[ENEMY_SAP] updates=26352 active=620 pairs=0 repairs{x=125 y=125}
[ENEMY_PAIR_TYPES] frontal DD=0 DT=0 DH=0 DA=0 TT=0 TH=0 TA=0 HH=0 HA=0 AA=0 separation DD=0 DT=0 DH=0 DA=0 TT=0 TH=0 TA=0 HH=0 HA=0 AA=0
[TORPEDO_HEADING] eval/s=0.98 retreat/s=0.00 pick[straight=66.7% left=0.0% right=33.3%] clear[best=11.51 chosen=11.51]
[ENEMY_KILL_DEBUG_COLLISION] projectile{kills=1 wallContact=0}

[PROFILE] frame=6960 budget=16.667ms alloc(+346/-346, +556624b/-556624b, live=289304b peak=570448b)
  frame.total                      win= 22.235ms avg= 22.235ms p95= 30.377ms max= 83.488ms calls(last=  1,win= 120,total=6960) (win 133.4% | avg 133.4% budget)
  frame.fixed_step                 win= 10.424ms avg= 13.986ms p95= 21.743ms max= 33.898ms calls(last=  2,win= 161,total=8239) (win 62.5% | avg 83.9% budget)
  frame.render                     win=  8.204ms avg=  8.204ms p95=  8.712ms max= 83.447ms calls(last=  1,win= 120,total=6960) (win 49.2% | avg 49.2% budget)
  frame.present                    win=  6.585ms avg=  6.585ms p95=  7.042ms max= 83.440ms calls(last=  1,win= 120,total=6960) (win 39.5% | avg 39.5% budget)
  game.update                      win=  4.541ms avg=  6.092ms p95= 10.069ms max= 20.741ms calls(last=  2,win= 161,total=7869) (win 27.2% | avg 36.6% budget)
  system.ai_update                 win=  4.338ms avg=  5.820ms p95=  9.648ms max= 20.306ms calls(last=  2,win= 161,total=7869) (win 26.0% | avg 34.9% budget)
  enemy.update                     win=  4.332ms avg=  5.812ms p95=  9.639ms max= 20.295ms calls(last=  2,win= 161,total=7869) (win 26.0% | avg 34.9% budget)
  frame.render.world               win=  3.496ms avg=  3.496ms p95=  3.943ms max= 11.798ms calls(last=  1,win= 120,total=6599) (win 21.0% | avg 21.0% budget)
  frame.render.world.enemies       win=  1.183ms avg=  1.183ms p95=  1.315ms max=  3.884ms calls(last=  1,win= 120,total=6599) (win 7.1% | avg 7.1% budget)
  frame.render.world.maze          win=  0.863ms avg=  0.863ms p95=  1.133ms max=  2.982ms calls(last=  1,win= 120,total=6599) (win 5.2% | avg 5.2% budget)
  frame.render.hud                 win=  0.857ms avg=  0.857ms p95=  0.930ms max=  2.472ms calls(last=  1,win= 120,total=6599) (win 5.1% | avg 5.1% budget)
  frame.render.world.effects       win=  0.668ms avg=  0.668ms p95=  0.936ms max=  5.102ms calls(last=  1,win= 120,total=6599) (win 4.0% | avg 4.0% budget)
  frame.render.hud.minimap         win=  0.459ms avg=  0.459ms p95=  0.502ms max=  1.373ms calls(last=  1,win= 120,total=6599) (win 2.8% | avg 2.8% budget)
  enemy.physics.frontal_collisions win=  0.443ms avg=  0.373ms p95=  0.896ms max=  1.466ms calls(last=  0,win= 101,total=4932) (win 2.7% | avg 2.2% budget)
  enemy.physics.frontal_grid_build win=  0.337ms avg=  0.284ms p95=  0.675ms max=  1.124ms calls(last=  0,win= 101,total=4932) (win 2.0% | avg 1.7% budget)
  frame.render.hud.text            win=  0.222ms avg=  0.222ms p95=  0.258ms max=  0.591ms calls(last=  1,win= 120,total=6599) (win 1.3% | avg 1.3% budget)
  enemy.ai.movement                win=  0.217ms avg=  0.573ms p95=  1.275ms max=  3.334ms calls(last=  2,win= 317,total=26388) (win 1.3% | avg 3.4% budget)
  enemy.ai.perception              win=  0.081ms avg=  0.213ms p95=  0.542ms max=  1.247ms calls(last=  2,win= 317,total=26388) (win 0.5% | avg 1.3% budget)
  enemy.physics.frontal_pair_traverse win=  0.075ms avg=  0.063ms p95=  0.149ms max=  0.390ms calls(last=  0,win= 101,total=4932) (win 0.4% | avg 0.4% budget)
  system.spawner_update            win=  0.075ms avg=  0.100ms p95=  0.148ms max=  0.447ms calls(last=  2,win= 161,total=7869) (win 0.4% | avg 0.6% budget)
  frame.render.hud.compass         win=  0.050ms avg=  0.050ms p95=  0.052ms max=  0.312ms calls(last=  1,win= 120,total=6599) (win 0.3% | avg 0.3% budget)
  enemy.ai.decision                win=  0.048ms avg=  0.127ms p95=  0.313ms max=  0.874ms calls(last=  2,win= 317,total=26388) (win 0.3% | avg 0.8% budget)
  system.physics_collision         win=  0.046ms avg=  0.062ms p95=  0.127ms max=  0.439ms calls(last=  2,win= 161,total=7869) (win 0.3% | avg 0.4% budget)
  frame.render.hud.static          win=  0.045ms avg=  0.045ms p95=  0.056ms max=  0.307ms calls(last=  1,win= 120,total=6599) (win 0.3% | avg 0.3% budget)
[ENEMY_STATS] frame=6960 alive=144 visible=0 full=1 cheap=143 fullInBase=0 pairs(frontal=0 checks=0 separation=0 resolved=0)
[ENEMY_WINDOW] steps=161 alive[min=144 max=144] visible[min=0 max=1] full[min=1 max=3] collisionPasses[runs=100 skips=61]
[ENEMY_SEGMENTS] window=2.683s D{b/s=5.59 avgLen=5.38 fail=0} T{b/s=12.30 avgLen=6.59 fail=1} H{b/s=20.50 avgLen=4.89 fail=2254} A{b/s=7.45 avgLen=5.95 fail=483}
[ENEMY_GRID] frontal{cand/s=94.7 xcell/s=0.4 ins/s=95.0} separation{cand/s=94.7}
[ENEMY_COLLISION_WINDOW] frontal{pairs/s=0.0 checks/s=0.0 baseSkip=0 kill=0(0.0%)} separation{pairs/s=0.0 resolved/s=0.0(0.0%) baseSkip=0 kill=0 wallBlock=0}
[ENEMY_KILL_DEBUG] enemyEnemy{events=0 frontal=0 separation=0 reenterEither=0 reenterBoth=0 wallContact=0 dist[min=0.000 avg=0.000 max=0.000]}
[ENEMY_NAV_CACHE] playerCell{changes=2 flowRebuilds=1} flow{hit=0 miss=0 hit%=0.0} pathFallback{calls=0 ok=0 ok%=0.0}
[ENEMY_SAP] updates=14400 active=254 pairs=0 repairs{x=0 y=1}
[ENEMY_PAIR_TYPES] frontal DD=0 DT=0 DH=0 DA=0 TT=0 TH=0 TA=0 HH=0 HA=0 AA=0 separation DD=0 DT=0 DH=0 DA=0 TT=0 TH=0 TA=0 HH=0 HA=0 AA=0
[ENEMY_KILL_DEBUG_COLLISION] projectile{kills=1 wallContact=0}

[PROFILE] frame=7080 budget=16.667ms alloc(+173/-173, +278344b/-278344b, live=289304b peak=570448b)
  frame.total                      win= 19.338ms avg= 19.338ms p95= 27.206ms max= 83.488ms calls(last=  1,win= 120,total=7080) (win 116.0% | avg 116.0% budget)
  frame.fixed_step                 win=  9.806ms avg= 11.441ms p95= 19.303ms max= 33.898ms calls(last=  1,win= 140,total=8379) (win 58.8% | avg 68.6% budget)
  frame.render                     win=  7.854ms avg=  7.854ms p95=  8.214ms max= 83.447ms calls(last=  1,win= 120,total=7080) (win 47.1% | avg 47.1% budget)
  frame.present                    win=  6.229ms avg=  6.229ms p95=  6.592ms max= 83.440ms calls(last=  1,win= 120,total=7080) (win 37.4% | avg 37.4% budget)
  game.update                      win=  3.921ms avg=  4.575ms p95=  7.629ms max= 20.741ms calls(last=  1,win= 140,total=8009) (win 23.5% | avg 27.5% budget)
  system.ai_update                 win=  3.730ms avg=  4.352ms p95=  7.268ms max= 20.306ms calls(last=  1,win= 140,total=8009) (win 22.4% | avg 26.1% budget)
  enemy.update                     win=  3.724ms avg=  4.345ms p95=  7.256ms max= 20.295ms calls(last=  1,win= 140,total=8009) (win 22.3% | avg 26.1% budget)
  frame.render.world               win=  3.171ms avg=  3.171ms p95=  3.513ms max= 11.798ms calls(last=  1,win= 120,total=6719) (win 19.0% | avg 19.0% budget)
  frame.render.world.enemies       win=  1.149ms avg=  1.149ms p95=  1.225ms max=  3.884ms calls(last=  1,win= 120,total=6719) (win 6.9% | avg 6.9% budget)
  frame.render.hud                 win=  0.864ms avg=  0.864ms p95=  0.959ms max=  2.472ms calls(last=  1,win= 120,total=6719) (win 5.2% | avg 5.2% budget)
  frame.render.world.maze          win=  0.798ms avg=  0.798ms p95=  0.857ms max=  2.982ms calls(last=  1,win= 120,total=6719) (win 4.8% | avg 4.8% budget)
  frame.render.hud.minimap         win=  0.466ms avg=  0.466ms p95=  0.540ms max=  1.373ms calls(last=  1,win= 120,total=6719) (win 2.8% | avg 2.8% budget)
  frame.render.world.effects       win=  0.430ms avg=  0.430ms p95=  0.491ms max=  5.102ms calls(last=  1,win= 120,total=6719) (win 2.6% | avg 2.6% budget)
  enemy.ai.movement                win=  0.227ms avg=  0.265ms p95=  0.435ms max=  3.334ms calls(last=  1,win= 140,total=26528) (win 1.4% | avg 1.6% budget)
  frame.render.hud.text            win=  0.220ms avg=  0.220ms p95=  0.233ms max=  0.591ms calls(last=  1,win= 120,total=6719) (win 1.3% | avg 1.3% budget)
  enemy.ai.perception              win=  0.095ms avg=  0.111ms p95=  0.194ms max=  1.247ms calls(last=  1,win= 140,total=26528) (win 0.6% | avg 0.7% budget)
  system.spawner_update            win=  0.073ms avg=  0.085ms p95=  0.144ms max=  0.447ms calls(last=  1,win= 140,total=8009) (win 0.4% | avg 0.5% budget)
  frame.render.hud.compass         win=  0.052ms avg=  0.052ms p95=  0.052ms max=  0.312ms calls(last=  1,win= 120,total=6719) (win 0.3% | avg 0.3% budget)
  frame.render.hud.static          win=  0.045ms avg=  0.045ms p95=  0.058ms max=  0.307ms calls(last=  1,win= 120,total=6719) (win 0.3% | avg 0.3% budget)
  frame.render.hud.bars            win=  0.041ms avg=  0.041ms p95=  0.040ms max=  0.332ms calls(last=  1,win= 120,total=6719) (win 0.2% | avg 0.2% budget)
  system.physics_collision         win=  0.039ms avg=  0.046ms p95=  0.077ms max=  0.439ms calls(last=  1,win= 140,total=8009) (win 0.2% | avg 0.3% budget)
  frame.input_poll                 win=  0.028ms avg=  0.028ms p95=  0.029ms max=  0.105ms calls(last=  1,win= 120,total=7080) (win 0.2% | avg 0.2% budget)
  system.player_update             win=  0.027ms avg=  0.032ms p95=  0.052ms max=  0.279ms calls(last=  1,win= 140,total=7106) (win 0.2% | avg 0.2% budget)
  enemy.cheap.segment_build        win=  0.023ms avg=  0.486ms p95=  0.811ms max=  1.115ms calls(last= 19,win=2482,total=69692) (win 0.1% | avg 2.9% budget)
[ENEMY_STATS] frame=7080 alive=144 visible=0 full=1 cheap=143 fullInBase=0 pairs(frontal=0 checks=0 separation=0 resolved=0)
[ENEMY_WINDOW] steps=140 alive[min=144 max=144] visible[min=0 max=0] full[min=1 max=1] collisionPasses[runs=0 skips=140]
[ENEMY_SEGMENTS] window=2.333s D{b/s=6.86 avgLen=5.20 fail=0} T{b/s=11.57 avgLen=5.64 fail=0} H{b/s=20.14 avgLen=5.02 fail=1960} A{b/s=5.14 avgLen=5.40 fail=420}
[ENEMY_GRID] frontal{cand/s=0.0 xcell/s=0.0 ins/s=0.0} separation{cand/s=0.0}
[ENEMY_COLLISION_WINDOW] frontal{pairs/s=0.0 checks/s=0.0 baseSkip=0 kill=0(0.0%)} separation{pairs/s=0.0 resolved/s=0.0(0.0%) baseSkip=0 kill=0 wallBlock=0}
[ENEMY_KILL_DEBUG] enemyEnemy{events=0 frontal=0 separation=0 reenterEither=0 reenterBoth=0 wallContact=0 dist[min=0.000 avg=0.000 max=0.000]}
[ENEMY_NAV_CACHE] playerCell{changes=3 flowRebuilds=1} flow{hit=0 miss=0 hit%=0.0} pathFallback{calls=0 ok=0 ok%=0.0}
[ENEMY_SAP] updates=0 active=0 pairs=0 repairs{x=0 y=0}
[ENEMY_PAIR_TYPES] frontal DD=0 DT=0 DH=0 DA=0 TT=0 TH=0 TA=0 HH=0 HA=0 AA=0 separation DD=0 DT=0 DH=0 DA=0 TT=0 TH=0 TA=0 HH=0 HA=0 AA=0
[ENEMY_KILL_DEBUG_COLLISION] projectile{kills=0 wallContact=0}

[PROFILE] frame=7200 budget=16.667ms alloc(+173/-173, +278344b/-278344b, live=289304b peak=570448b)
  frame.total                      win= 19.091ms avg= 19.091ms p95= 27.234ms max= 83.488ms calls(last=  1,win= 120,total=7200) (win 114.5% | avg 114.5% budget)
  frame.fixed_step                 win=  9.675ms avg= 11.126ms p95= 19.250ms max= 33.898ms calls(last=  1,win= 138,total=8517) (win 58.0% | avg 66.8% budget)
  frame.render                     win=  7.922ms avg=  7.922ms p95=  8.349ms max= 83.447ms calls(last=  1,win= 120,total=7200) (win 47.5% | avg 47.5% budget)
  frame.present                    win=  6.313ms avg=  6.313ms p95=  6.681ms max= 83.440ms calls(last=  1,win= 120,total=7200) (win 37.9% | avg 37.9% budget)
  game.update                      win=  3.785ms avg=  4.352ms p95=  7.479ms max= 20.741ms calls(last=  1,win= 138,total=8147) (win 22.7% | avg 26.1% budget)
  system.ai_update                 win=  3.593ms avg=  4.132ms p95=  7.121ms max= 20.306ms calls(last=  1,win= 138,total=8147) (win 21.6% | avg 24.8% budget)
  enemy.update                     win=  3.587ms avg=  4.125ms p95=  7.108ms max= 20.295ms calls(last=  1,win= 138,total=8147) (win 21.5% | avg 24.7% budget)
  frame.render.world               win=  3.272ms avg=  3.272ms p95=  3.627ms max= 11.798ms calls(last=  1,win= 120,total=6839) (win 19.6% | avg 19.6% budget)
  frame.render.world.enemies       win=  1.192ms avg=  1.192ms p95=  1.407ms max=  3.884ms calls(last=  1,win= 120,total=6839) (win 7.2% | avg 7.2% budget)
  frame.render.hud                 win=  0.857ms avg=  0.857ms p95=  0.912ms max=  2.472ms calls(last=  1,win= 120,total=6839) (win 5.1% | avg 5.1% budget)
  frame.render.world.maze          win=  0.833ms avg=  0.833ms p95=  0.923ms max=  2.982ms calls(last=  1,win= 120,total=6839) (win 5.0% | avg 5.0% budget)
  frame.render.hud.minimap         win=  0.458ms avg=  0.458ms p95=  0.502ms max=  1.373ms calls(last=  1,win= 120,total=6839) (win 2.7% | avg 2.7% budget)
  frame.render.world.effects       win=  0.447ms avg=  0.447ms p95=  0.516ms max=  5.102ms calls(last=  1,win= 120,total=6839) (win 2.7% | avg 2.7% budget)
  frame.render.hud.text            win=  0.224ms avg=  0.224ms p95=  0.258ms max=  0.591ms calls(last=  1,win= 120,total=6839) (win 1.3% | avg 1.3% budget)
  enemy.ai.movement                win=  0.222ms avg=  0.256ms p95=  0.435ms max=  3.334ms calls(last=  1,win= 138,total=26666) (win 1.3% | avg 1.5% budget)
  system.spawner_update            win=  0.076ms avg=  0.087ms p95=  0.145ms max=  0.447ms calls(last=  1,win= 138,total=8147) (win 0.5% | avg 0.5% budget)
  frame.render.hud.compass         win=  0.051ms avg=  0.051ms p95=  0.053ms max=  0.312ms calls(last=  1,win= 120,total=6839) (win 0.3% | avg 0.3% budget)
  frame.render.hud.static          win=  0.043ms avg=  0.043ms p95=  0.056ms max=  0.307ms calls(last=  1,win= 120,total=6839) (win 0.3% | avg 0.3% budget)
  frame.render.hud.bars            win=  0.041ms avg=  0.041ms p95=  0.040ms max=  0.332ms calls(last=  1,win= 120,total=6839) (win 0.2% | avg 0.2% budget)
  enemy.ai.perception              win=  0.041ms avg=  0.047ms p95=  0.084ms max=  1.247ms calls(last=  1,win= 138,total=26666) (win 0.2% | avg 0.3% budget)
  system.physics_collision         win=  0.040ms avg=  0.047ms p95=  0.074ms max=  0.439ms calls(last=  1,win= 138,total=8147) (win 0.2% | avg 0.3% budget)
  frame.input_poll                 win=  0.028ms avg=  0.028ms p95=  0.029ms max=  0.105ms calls(last=  1,win= 120,total=7200) (win 0.2% | avg 0.2% budget)
  system.player_update             win=  0.026ms avg=  0.030ms p95=  0.052ms max=  0.279ms calls(last=  1,win= 138,total=7244) (win 0.2% | avg 0.2% budget)
  enemy.cheap.segment_build        win=  0.023ms avg=  0.478ms p95=  0.808ms max=  1.115ms calls(last= 18,win=2455,total=72147) (win 0.1% | avg 2.9% budget)
[ENEMY_STATS] frame=7200 alive=144 visible=1 full=1 cheap=143 fullInBase=0 pairs(frontal=0 checks=0 separation=0 resolved=0)
[ENEMY_WINDOW] steps=138 alive[min=144 max=144] visible[min=0 max=1] full[min=1 max=1] collisionPasses[runs=0 skips=138]
[ENEMY_SEGMENTS] window=2.300s D{b/s=2.61 avgLen=5.25 fail=0} T{b/s=12.17 avgLen=6.83 fail=1} H{b/s=23.91 avgLen=4.69 fail=1932} A{b/s=8.70 avgLen=4.64 fail=414}
[ENEMY_GRID] frontal{cand/s=0.0 xcell/s=0.0 ins/s=0.0} separation{cand/s=0.0}
[ENEMY_COLLISION_WINDOW] frontal{pairs/s=0.0 checks/s=0.0 baseSkip=0 kill=0(0.0%)} separation{pairs/s=0.0 resolved/s=0.0(0.0%) baseSkip=0 kill=0 wallBlock=0}
[ENEMY_KILL_DEBUG] enemyEnemy{events=0 frontal=0 separation=0 reenterEither=0 reenterBoth=0 wallContact=0 dist[min=0.000 avg=0.000 max=0.000]}
[ENEMY_NAV_CACHE] playerCell{changes=2 flowRebuilds=0} flow{hit=0 miss=0 hit%=0.0} pathFallback{calls=0 ok=0 ok%=0.0}
[ENEMY_SAP] updates=0 active=0 pairs=0 repairs{x=0 y=0}
[ENEMY_PAIR_TYPES] frontal DD=0 DT=0 DH=0 DA=0 TT=0 TH=0 TA=0 HH=0 HA=0 AA=0 separation DD=0 DT=0 DH=0 DA=0 TT=0 TH=0 TA=0 HH=0 HA=0 AA=0
[ENEMY_KILL_DEBUG_COLLISION] projectile{kills=0 wallContact=0}

[PROFILE] frame=7320 budget=16.667ms alloc(+175/-175, +281000b/-281000b, live=289304b peak=570448b)
  frame.total                      win= 22.260ms avg= 22.260ms p95= 29.260ms max= 83.488ms calls(last=  1,win= 120,total=7320) (win 133.6% | avg 133.6% budget)
  frame.fixed_step                 win= 10.408ms avg= 13.964ms p95= 20.875ms max= 33.898ms calls(last=  1,win= 161,total=8678) (win 62.4% | avg 83.8% budget)
  frame.render                     win=  8.252ms avg=  8.252ms p95=  8.716ms max= 83.447ms calls(last=  1,win= 120,total=7320) (win 49.5% | avg 49.5% budget)
  frame.present                    win=  6.594ms avg=  6.594ms p95=  7.041ms max= 83.440ms calls(last=  1,win= 120,total=7320) (win 39.6% | avg 39.6% budget)
  game.update                      win=  4.505ms avg=  6.044ms p95=  9.070ms max= 20.741ms calls(last=  1,win= 161,total=8308) (win 27.0% | avg 36.3% budget)
  system.ai_update                 win=  4.339ms avg=  5.822ms p95=  8.784ms max= 20.306ms calls(last=  1,win= 161,total=8308) (win 26.0% | avg 34.9% budget)
  enemy.update                     win=  4.334ms avg=  5.815ms p95=  8.773ms max= 20.295ms calls(last=  1,win= 161,total=8308) (win 26.0% | avg 34.9% budget)
  frame.render.world               win=  3.557ms avg=  3.557ms p95=  3.974ms max= 11.798ms calls(last=  1,win= 120,total=6959) (win 21.3% | avg 21.3% budget)
  frame.render.world.enemies       win=  1.192ms avg=  1.192ms p95=  1.256ms max=  3.884ms calls(last=  1,win= 120,total=6959) (win 7.2% | avg 7.2% budget)
  frame.render.world.maze          win=  0.897ms avg=  0.897ms p95=  0.950ms max=  2.982ms calls(last=  1,win= 120,total=6959) (win 5.4% | avg 5.4% budget)
  frame.render.world.effects       win=  0.893ms avg=  0.893ms p95=  1.237ms max=  5.102ms calls(last=  1,win= 120,total=6959) (win 5.4% | avg 5.4% budget)
  frame.render.hud                 win=  0.854ms avg=  0.854ms p95=  0.929ms max=  2.472ms calls(last=  1,win= 120,total=6959) (win 5.1% | avg 5.1% budget)
  frame.render.hud.minimap         win=  0.459ms avg=  0.459ms p95=  0.514ms max=  1.373ms calls(last=  1,win= 120,total=6959) (win 2.8% | avg 2.8% budget)
  enemy.physics.frontal_collisions win=  0.453ms avg=  0.559ms p95=  0.921ms max=  1.466ms calls(last=  1,win= 148,total=5080) (win 2.7% | avg 3.4% budget)
  enemy.physics.frontal_grid_build win=  0.337ms avg=  0.415ms p95=  0.702ms max=  1.124ms calls(last=  1,win= 148,total=5080) (win 2.0% | avg 2.5% budget)
  enemy.ai.movement                win=  0.219ms avg=  0.563ms p95=  0.913ms max=  3.334ms calls(last=  2,win= 309,total=26975) (win 1.3% | avg 3.4% budget)
  frame.render.hud.text            win=  0.219ms avg=  0.219ms p95=  0.260ms max=  0.591ms calls(last=  1,win= 120,total=6959) (win 1.3% | avg 1.3% budget)
  enemy.physics.frontal_pair_traverse win=  0.085ms avg=  0.105ms p95=  0.169ms max=  0.390ms calls(last=  1,win= 148,total=5080) (win 0.5% | avg 0.6% budget)
  system.spawner_update            win=  0.080ms avg=  0.107ms p95=  0.161ms max=  0.447ms calls(last=  1,win= 161,total=8308) (win 0.5% | avg 0.6% budget)
  frame.render.hud.compass         win=  0.051ms avg=  0.051ms p95=  0.052ms max=  0.312ms calls(last=  1,win= 120,total=6959) (win 0.3% | avg 0.3% budget)
  enemy.ai.perception              win=  0.050ms avg=  0.129ms p95=  0.213ms max=  1.247ms calls(last=  2,win= 309,total=26975) (win 0.3% | avg 0.8% budget)
  frame.render.hud.static          win=  0.045ms avg=  0.045ms p95=  0.056ms max=  0.307ms calls(last=  1,win= 120,total=6959) (win 0.3% | avg 0.3% budget)
  frame.render.hud.bars            win=  0.040ms avg=  0.040ms p95=  0.041ms max=  0.332ms calls(last=  1,win= 120,total=6959) (win 0.2% | avg 0.2% budget)
  system.player_update             win=  0.028ms avg=  0.018ms p95=  0.055ms max=  0.279ms calls(last=  0,win=  76,total=7320) (win 0.2% | avg 0.1% budget)
[ENEMY_STATS] frame=7320 alive=144 visible=1 full=2 cheap=142 fullInBase=0 pairs(frontal=0 checks=0 separation=0 resolved=0)
[ENEMY_WINDOW] steps=161 alive[min=144 max=144] visible[min=1 max=1] full[min=1 max=2] collisionPasses[runs=149 skips=12]
[ENEMY_SEGMENTS] window=2.683s D{b/s=6.34 avgLen=4.82 fail=0} T{b/s=12.30 avgLen=5.16 fail=0} H{b/s=24.97 avgLen=4.46 fail=2254} A{b/s=7.08 avgLen=4.78 fail=483}
[ENEMY_GRID] frontal{cand/s=111.1 xcell/s=0.0 ins/s=111.1} separation{cand/s=111.1}
[ENEMY_COLLISION_WINDOW] frontal{pairs/s=0.0 checks/s=0.0 baseSkip=0 kill=0(0.0%)} separation{pairs/s=0.0 resolved/s=0.0(0.0%) baseSkip=0 kill=0 wallBlock=0}
[ENEMY_KILL_DEBUG] enemyEnemy{events=0 frontal=0 separation=0 reenterEither=0 reenterBoth=0 wallContact=0 dist[min=0.000 avg=0.000 max=0.000]}
[ENEMY_NAV_CACHE] playerCell{changes=2 flowRebuilds=1} flow{hit=0 miss=0 hit%=0.0} pathFallback{calls=0 ok=0 ok%=0.0}
[ENEMY_SAP] updates=21456 active=298 pairs=0 repairs{x=11 y=11}
[ENEMY_PAIR_TYPES] frontal DD=0 DT=0 DH=0 DA=0 TT=0 TH=0 TA=0 HH=0 HA=0 AA=0 separation DD=0 DT=0 DH=0 DA=0 TT=0 TH=0 TA=0 HH=0 HA=0 AA=0
[ENEMY_KILL_DEBUG_COLLISION] projectile{kills=0 wallContact=0}

[PROFILE] frame=7440 budget=16.667ms alloc(+0/-0, +0b/-0b, live=289304b peak=570448b)
  frame.total                      win= 17.914ms avg= 17.914ms p95= 28.684ms max= 83.488ms calls(last=  1,win= 120,total=7440) (win 107.5% | avg 107.5% budget)
  frame.render                     win= 15.292ms avg= 15.292ms p95= 17.089ms max= 83.447ms calls(last=  1,win= 120,total=7440) (win 91.8% | avg 91.8% budget)
  frame.present                    win= 14.539ms avg= 14.539ms p95= 16.975ms max= 83.440ms calls(last=  1,win= 120,total=7440) (win 87.2% | avg 87.2% budget)
  game.update                      win=  4.471ms avg=  1.118ms p95=  8.894ms max= 20.741ms calls(last=  0,win=  30,total=8338) (win 26.8% | avg 6.7% budget)
  system.ai_update                 win=  4.338ms avg=  1.085ms p95=  8.633ms max= 20.306ms calls(last=  0,win=  30,total=8338) (win 26.0% | avg 6.5% budget)
  enemy.update                     win=  4.333ms avg=  1.083ms p95=  8.622ms max= 20.295ms calls(last=  0,win=  30,total=8338) (win 26.0% | avg 6.5% budget)
  frame.render.world               win=  3.632ms avg=  1.755ms p95=  3.796ms max= 11.798ms calls(last=  0,win=  58,total=7017) (win 21.8% | avg 10.5% budget)
  frame.fixed_step                 win=  2.384ms avg=  2.583ms p95= 20.393ms max= 33.898ms calls(last=  1,win= 130,total=8808) (win 14.3% | avg 15.5% budget)
  frame.render.overlay             win=  1.208ms avg=  0.362ms p95=  1.232ms max=  1.454ms calls(last=  0,win=  36,total=36) (win 7.2% | avg 2.2% budget)
  frame.render.world.enemies       win=  1.192ms avg=  0.576ms p95=  1.263ms max=  3.884ms calls(last=  0,win=  58,total=7017) (win 7.2% | avg 3.5% budget)
  frame.render.world.effects       win=  1.083ms avg=  0.524ms p95=  1.176ms max=  5.102ms calls(last=  0,win=  58,total=7017) (win 6.5% | avg 3.1% budget)
  frame.render.world.maze          win=  0.872ms avg=  0.421ms p95=  0.923ms max=  2.982ms calls(last=  0,win=  58,total=7017) (win 5.2% | avg 2.5% budget)
  frame.render.hud                 win=  0.859ms avg=  0.415ms p95=  0.881ms max=  2.472ms calls(last=  0,win=  58,total=7017) (win 5.2% | avg 2.5% budget)
  frame.render.hud.minimap         win=  0.464ms avg=  0.224ms p95=  0.494ms max=  1.373ms calls(last=  0,win=  58,total=7017) (win 2.8% | avg 1.3% budget)
  enemy.physics.frontal_collisions win=  0.457ms avg=  0.114ms p95=  0.870ms max=  1.466ms calls(last=  0,win=  30,total=5110) (win 2.7% | avg 0.7% budget)
  enemy.physics.frontal_grid_build win=  0.336ms avg=  0.084ms p95=  0.648ms max=  1.124ms calls(last=  0,win=  30,total=5110) (win 2.0% | avg 0.5% budget)
  frame.render.hud.text            win=  0.222ms avg=  0.107ms p95=  0.259ms max=  0.591ms calls(last=  0,win=  58,total=7017) (win 1.3% | avg 0.6% budget)
  enemy.ai.movement                win=  0.217ms avg=  0.108ms p95=  0.827ms max=  3.334ms calls(last=  0,win=  60,total=27035) (win 1.3% | avg 0.6% budget)
  enemy.physics.frontal_pair_traverse win=  0.089ms avg=  0.022ms p95=  0.162ms max=  0.390ms calls(last=  0,win=  30,total=5110) (win 0.5% | avg 0.1% budget)
  system.spawner_update            win=  0.079ms avg=  0.020ms p95=  0.152ms max=  0.447ms calls(last=  0,win=  30,total=8338) (win 0.5% | avg 0.1% budget)
  frame.render.hud.compass         win=  0.050ms avg=  0.024ms p95=  0.050ms max=  0.312ms calls(last=  0,win=  58,total=7017) (win 0.3% | avg 0.1% budget)
  frame.render.hud.static          win=  0.045ms avg=  0.022ms p95=  0.053ms max=  0.307ms calls(last=  0,win=  58,total=7017) (win 0.3% | avg 0.1% budget)
  enemy.ai.perception              win=  0.045ms avg=  0.023ms p95=  0.177ms max=  1.247ms calls(last=  0,win=  60,total=27035) (win 0.3% | avg 0.1% budget)
  frame.render.hud.bars            win=  0.039ms avg=  0.019ms p95=  0.039ms max=  0.332ms calls(last=  0,win=  58,total=7017) (win 0.2% | avg 0.1% budget)
INFO: FBO: [ID 1] Unloaded framebuffer from VRAM (GPU)
INFO: FBO: [ID 2] Unloaded framebuffer from VRAM (GPU)
INFO: FBO: [ID 3] Unloaded framebuffer from VRAM (GPU)
INFO: TEXTURE: [ID 8] Unloaded texture data from VRAM (GPU)
INFO: TEXTURE: [ID 9] Unloaded texture data from VRAM (GPU)
INFO: TEXTURE: [ID 10] Unloaded texture data from VRAM (GPU)
INFO: TEXTURE: [ID 11] Unloaded texture data from VRAM (GPU)
INFO: TEXTURE: [ID 12] Unloaded texture data from VRAM (GPU)
INFO: TEXTURE: [ID 3] Unloaded texture data from VRAM (GPU)
INFO: TEXTURE: [ID 4] Unloaded texture data from VRAM (GPU)
INFO: AUDIO: Device closed successfully
INFO: TEXTURE: [ID 2] Unloaded texture data from VRAM (GPU)
INFO: SHADER: [ID 3] Default shader unloaded successfully
INFO: TEXTURE: [ID 1] Default texture unloaded successfully
INFO: Window closed successfully
ark@rg353v:/roms2/ports/bolt$