ark@rg353v:/roms2/ports/bolt$ rm profile.log
ark@rg353v:/roms2/ports/bolt$ cat profile.log
INFO: Initializing raylib 5.6-dev
INFO: Platform backend: DESKTOP (SDL)
INFO: Supported raylib modules:
INFO:     > rcore:..... loaded (mandatory)
INFO:     > rlgl:...... loaded (mandatory)
INFO:     > rshapes:... loaded (optional)
INFO:     > rtextures:. loaded (optional)
INFO:     > rtext:..... loaded (optional)
INFO:     > rmodels:... loaded (optional)
INFO:     > raudio:.... loaded (optional)
arm_release_ver: g13p0-01eac0, rk_so_ver: 11
INFO: DISPLAY: Device initialized successfully
INFO:     > Display size: 640 x 480
INFO:     > Screen size:  640 x 480
INFO:     > Render size:  640 x 480
INFO:     > Viewport offsets: 0, 0
INFO: GLAD: OpenGL ES 2.0 loaded successfully
INFO: GL: Supported extensions count: 99
INFO: GL: OpenGL device information:
INFO:     > Vendor:   ARM
INFO:     > Renderer: Mali-G52
INFO:     > Version:  OpenGL ES 3.2 v1.g13p0-01eac0.fdf91928d758c45c1787782175b35c6a
INFO:     > GLSL:     OpenGL ES GLSL ES 3.20
INFO: GL: VAO extension detected, VAO functions loaded successfully
INFO: GL: NPOT textures extension detected, full NPOT textures supported
INFO: GL: ETC1 compressed textures supported
INFO: GL: ASTC compressed textures supported
INFO: PLATFORM: DESKTOP (SDL2): Initialized successfully
INFO: TEXTURE: [ID 1] Texture loaded successfully (1x1 | R8G8B8A8 | 1 mipmaps)
INFO: TEXTURE: [ID 1] Default texture loaded successfully
INFO: SHADER: [ID 1] Vertex shader compiled successfully
INFO: SHADER: [ID 2] Fragment shader compiled successfully
INFO: SHADER: [ID 3] Program shader loaded successfully
INFO: SHADER: [ID 3] Default shader loaded successfully
INFO: RLGL: Render batch vertex buffers loaded successfully in RAM (CPU)
INFO: RLGL: Render batch vertex buffers loaded successfully in VRAM (GPU)
INFO: RLGL: Default OpenGL state initialized successfully
INFO: TEXTURE: [ID 2] Texture loaded successfully (128x128 | GRAY_ALPHA | 1 mipmaps)
INFO: FONT: Default font loaded successfully (224 glyphs)
INFO: SYSTEM: Working Directory: /roms2/ports/bolt
INFO: TIMER: Target time per frame: 16.667 milliseconds
INFO: FILEIO: [resources/textures/sprites.png] File loaded successfully
INFO: IMAGE: Data loaded successfully (18x63 | R8G8B8A8 | 1 mipmaps)
INFO: TEXTURE: [ID 3] Texture loaded successfully (72x9 | R8G8B8A8 | 1 mipmaps)
INFO: TEXTURE: [ID 4] Texture loaded successfully (72x36 | R8G8B8A8 | 1 mipmaps)
INFO: AUDIO: Device initialized successfully
INFO:     > Backend:       miniaudio | ALSA
INFO:     > Format:        32-bit IEEE Floating Point -> 32-bit IEEE Floating Point
INFO:     > Channels:      2 -> 2
INFO:     > Sample rate:   44100 -> 44100
INFO:     > Periods size:  3072
INFO: FILEIO: [resources/audio/keyboard-click.wav] File loaded successfully
INFO: WAVE: Data loaded successfully (48000 Hz, 16 bit, 1 channels)
INFO: AUDIO: menu click sound loaded from: resources/audio/keyboard-click.wav
INFO: FILEIO: [resources/audio/power-up.wav] File loaded successfully
INFO: WAVE: Data loaded successfully (48000 Hz, 16 bit, 1 channels)
INFO: AUDIO: power-up sound loaded from: resources/audio/power-up.wav
INFO: FILEIO: [resources/audio/player-shot.wav] File loaded successfully
INFO: WAVE: Data loaded successfully (48000 Hz, 16 bit, 1 channels)
INFO: AUDIO: player-shot sound loaded from: resources/audio/player-shot.wav
INFO: FILEIO: [resources/audio/enemy-shot.wav] File loaded successfully
INFO: WAVE: Data loaded successfully (48000 Hz, 16 bit, 1 channels)
INFO: AUDIO: enemy-shot sound loaded from: resources/audio/enemy-shot.wav
INFO: FILEIO: [resources/audio/enemy-spawning.wav] File loaded successfully
INFO: WAVE: Data loaded successfully (48000 Hz, 16 bit, 1 channels)
INFO: AUDIO: enemy-spawning sound loaded from: resources/audio/enemy-spawning.wav
INFO: FILEIO: [resources/audio/enemy-exploding.wav] File loaded successfully
INFO: WAVE: Data loaded successfully (48000 Hz, 16 bit, 1 channels)
INFO: AUDIO: enemy-exploding sound loaded from: resources/audio/enemy-exploding.wav
INFO: FILEIO: [resources/audio/base-exploding.wav] File loaded successfully
INFO: WAVE: Data loaded successfully (48000 Hz, 16 bit, 1 channels)
INFO: AUDIO: base-exploding sound loaded from: resources/audio/base-exploding.wav

[PROFILE] frame=120 budget=16.667ms alloc(+0/-0, +0b/-0b, live=0b peak=56b)
  frame.total                      win= 17.039ms avg= 17.039ms p95= 17.065ms max= 31.015ms calls(last=  1,win= 120,total=120) (win 102.2% | avg 102.2% budget)
  frame.render                     win= 16.999ms avg= 16.999ms p95= 17.026ms max= 30.943ms calls(last=  1,win= 120,total=120) (win 102.0% | avg 102.0% budget)
  frame.present                    win= 16.992ms avg= 16.992ms p95= 17.018ms max= 30.935ms calls(last=  1,win= 120,total=120) (win 102.0% | avg 102.0% budget)
  frame.input_poll                 win=  0.028ms avg=  0.028ms p95=  0.029ms max=  0.060ms calls(last=  1,win= 120,total=120) (win 0.2% | avg 0.2% budget)
  frame.fixed_step                 win=  0.002ms avg=  0.002ms p95=  0.003ms max=  0.004ms calls(last=  1,win= 124,total=124) (win 0.0% | avg 0.0% budget)

[PROFILE] frame=240 budget=16.667ms alloc(+0/-0, +0b/-0b, live=0b peak=488b)
  frame.total                      win= 16.904ms avg= 16.904ms p95= 17.061ms max= 31.015ms calls(last=  1,win= 120,total=240) (win 101.4% | avg 101.4% budget)
  frame.render                     win= 16.865ms avg= 16.865ms p95= 17.020ms max= 30.943ms calls(last=  1,win= 120,total=240) (win 101.2% | avg 101.2% budget)
  frame.present                    win= 16.858ms avg= 16.858ms p95= 17.013ms max= 30.935ms calls(last=  1,win= 120,total=240) (win 101.1% | avg 101.1% budget)
  frame.input_poll                 win=  0.028ms avg=  0.028ms p95=  0.029ms max=  0.060ms calls(last=  1,win= 120,total=240) (win 0.2% | avg 0.2% budget)
  frame.fixed_step                 win=  0.002ms avg=  0.002ms p95=  0.003ms max=  0.004ms calls(last=  1,win= 122,total=246) (win 0.0% | avg 0.0% budget)

[PROFILE] frame=360 budget=16.667ms alloc(+0/-0, +0b/-0b, live=0b peak=488b)
  frame.total                      win= 16.884ms avg= 16.884ms p95= 17.058ms max= 31.015ms calls(last=  1,win= 120,total=360) (win 101.3% | avg 101.3% budget)
  frame.render                     win= 16.842ms avg= 16.842ms p95= 17.018ms max= 30.943ms calls(last=  1,win= 120,total=360) (win 101.1% | avg 101.1% budget)
  frame.present                    win= 16.835ms avg= 16.835ms p95= 17.011ms max= 30.935ms calls(last=  1,win= 120,total=360) (win 101.0% | avg 101.0% budget)
  frame.input_poll                 win=  0.029ms avg=  0.029ms p95=  0.029ms max=  0.117ms calls(last=  1,win= 120,total=360) (win 0.2% | avg 0.2% budget)
  frame.fixed_step                 win=  0.002ms avg=  0.003ms p95=  0.003ms max=  0.004ms calls(last=  1,win= 123,total=369) (win 0.0% | avg 0.0% budget)
INFO: TEXTURE: [ID 5] Texture loaded successfully (160x480 | R8G8B8A8 | 1 mipmaps)
INFO: TEXTURE: [ID 1] Depth renderbuffer loaded successfully (24 bits)
INFO: FBO: [ID 1] Framebuffer object created successfully
INFO: TEXTURE: [ID 6] Texture loaded successfully (60x60 | R8G8B8A8 | 1 mipmaps)
INFO: TEXTURE: [ID 2] Depth renderbuffer loaded successfully (24 bits)
INFO: FBO: [ID 2] Framebuffer object created successfully
INFO: TEXTURE: [ID 7] Texture loaded successfully (66x66 | R8G8B8A8 | 1 mipmaps)
INFO: TEXTURE: [ID 3] Depth renderbuffer loaded successfully (24 bits)
INFO: FBO: [ID 3] Framebuffer object created successfully
INFO: FILEIO: [resources/textures/sprites.png] File loaded successfully
INFO: IMAGE: Data loaded successfully (18x63 | R8G8B8A8 | 1 mipmaps)
INFO: TEXTURE: [ID 8] Texture loaded successfully (36x36 | R8G8B8A8 | 1 mipmaps)
INFO: FILEIO: [resources/textures/sprites.png] File loaded successfully
INFO: IMAGE: Data loaded successfully (18x63 | R8G8B8A8 | 1 mipmaps)
INFO: TEXTURE: [ID 9] Texture loaded successfully (10x10 | R8G8B8A8 | 1 mipmaps)
INFO: TEXTURE: [ID 10] Texture loaded successfully (10x10 | R8G8B8A8 | 1 mipmaps)
INFO: TEXTURE: [ID 11] Texture loaded successfully (10x10 | R8G8B8A8 | 1 mipmaps)
INFO: TEXTURE: [ID 12] Texture loaded successfully (10x10 | R8G8B8A8 | 1 mipmaps)

[PROFILE] frame=480 budget=16.667ms alloc(+15/-15, +131864b/-131864b, live=45240b peak=177032b)
  frame.total                      win= 17.636ms avg= 17.636ms p95= 17.517ms max= 85.743ms calls(last=  1,win= 120,total=480) (win 105.8% | avg 105.8% budget)
  frame.render                     win= 16.754ms avg= 16.754ms p95= 16.938ms max= 85.704ms calls(last=  1,win= 120,total=480) (win 100.5% | avg 100.5% budget)
  frame.present                    win= 15.862ms avg= 15.862ms p95= 16.917ms max= 85.698ms calls(last=  1,win= 120,total=480) (win 95.2% | avg 95.2% budget)
  frame.render.world               win=  3.252ms avg=  1.355ms p95=  3.407ms max=  4.239ms calls(last=  1,win=  50,total=50) (win 19.5% | avg 8.1% budget)
  game.update                      win=  1.493ms avg=  0.697ms p95=  1.458ms max= 12.053ms calls(last=  1,win=  56,total=56) (win 9.0% | avg 4.2% budget)
  system.ai_update                 win=  1.430ms avg=  0.667ms p95=  1.362ms max= 11.989ms calls(last=  1,win=  56,total=56) (win 8.6% | avg 4.0% budget)
  enemy.update                     win=  1.422ms avg=  0.664ms p95=  1.355ms max= 11.983ms calls(last=  1,win=  56,total=56) (win 8.5% | avg 4.0% budget)
  frame.render.world.enemies       win=  1.123ms avg=  0.468ms p95=  1.145ms max=  1.415ms calls(last=  1,win=  50,total=50) (win 6.7% | avg 2.8% budget)
  frame.render.world.enemies.draw  win=  1.116ms avg=  0.465ms p95=  1.137ms max=  1.408ms calls(last=  1,win=  50,total=50) (win 6.7% | avg 2.8% budget)
  frame.render.world.maze          win=  0.896ms avg=  0.373ms p95=  0.935ms max=  1.083ms calls(last=  1,win=  50,total=50) (win 5.4% | avg 2.2% budget)
  frame.render.hud                 win=  0.829ms avg=  0.345ms p95=  0.873ms max=  1.103ms calls(last=  1,win=  50,total=50) (win 5.0% | avg 2.1% budget)
  frame.fixed_step                 win=  0.798ms avg=  0.845ms p95=  2.047ms max= 12.328ms calls(last=  1,win= 127,total=496) (win 4.8% | avg 5.1% budget)
  frame.render.world.effects       win=  0.435ms avg=  0.181ms p95=  0.508ms max=  0.763ms calls(last=  1,win=  50,total=50) (win 2.6% | avg 1.1% budget)
  frame.render.hud.minimap         win=  0.390ms avg=  0.162ms p95=  0.419ms max=  0.656ms calls(last=  1,win=  50,total=50) (win 2.3% | avg 1.0% budget)
  frame.render.hud.text            win=  0.236ms avg=  0.098ms p95=  0.252ms max=  0.521ms calls(last=  1,win=  50,total=50) (win 1.4% | avg 0.6% budget)
  enemy.cheap.segment_build        win=  0.071ms avg=  0.001ms p95=  0.000ms max=  0.071ms calls(last=  0,win=   2,total=2) (win 0.4% | avg 0.0% budget)
  frame.render.hud.lives           win=  0.052ms avg=  0.022ms p95=  0.053ms max=  0.054ms calls(last=  1,win=  50,total=50) (win 0.3% | avg 0.1% budget)
  frame.render.hud.compass         win=  0.049ms avg=  0.020ms p95=  0.050ms max=  0.052ms calls(last=  1,win=  50,total=50) (win 0.3% | avg 0.1% budget)
  frame.render.hud.static          win=  0.045ms avg=  0.019ms p95=  0.055ms max=  0.064ms calls(last=  1,win=  50,total=50) (win 0.3% | avg 0.1% budget)
  frame.render.hud.bars            win=  0.039ms avg=  0.016ms p95=  0.039ms max=  0.040ms calls(last=  1,win=  50,total=50) (win 0.2% | avg 0.1% budget)
  frame.input_poll                 win=  0.028ms avg=  0.028ms p95=  0.029ms max=  0.117ms calls(last=  1,win= 120,total=480) (win 0.2% | avg 0.2% budget)
  enemy.type.assassin              win=  0.026ms avg=  0.004ms p95=  0.022ms max=  0.101ms calls(last=  1,win=  19,total=19) (win 0.2% | avg 0.0% budget)
  system.physics_collision         win=  0.016ms avg=  0.007ms p95=  0.018ms max=  0.037ms calls(last=  1,win=  56,total=56) (win 0.1% | avg 0.0% budget)
  system.spawner_update            win=  0.015ms avg=  0.007ms p95=  0.012ms max=  0.177ms calls(last=  1,win=  56,total=56) (win 0.1% | avg 0.0% budget)
[ENEMY_STATS] frame=480 alive=2 visible=0 full=0 cheap=2 fullInBase=0 pairs(frontal=0 checks=0 separation=0 resolved=0)
[ENEMY_WINDOW] steps=57 alive[min=0 max=2] visible[min=0 max=0] full[min=0 max=0] collisionPasses[runs=0 skips=57]
[ENEMY_SEGMENTS] window=0.950s D{b/s=0.00 avgLen=0.00 fail=0} T{b/s=0.00 avgLen=0.00 fail=0} H{b/s=1.05 avgLen=7.63 fail=0} A{b/s=1.05 avgLen=7.83 fail=0}
[ENEMY_GRID] frontal{cand/s=0.0 xcell/s=0.0 ins/s=0.0} separation{cand/s=0.0}
[ENEMY_COLLISION_WINDOW] frontal{pairs/s=0.0 checks/s=0.0 baseSkip=0 kill=0(0.0%)} separation{pairs/s=0.0 resolved/s=0.0(0.0%) baseSkip=0 kill=0 wallBlock=0}
[ENEMY_KILL_DEBUG] enemyEnemy{events=0 frontal=0 separation=0 reenterEither=0 reenterBoth=0 wallContact=0 dist[min=0.000 avg=0.000 max=0.000]}
[ENEMY_NAV_CACHE] playerCell{changes=1 flowRebuilds=1} flow{hit=0 miss=0 hit%=0.0} pathFallback{calls=0 ok=0 ok%=0.0}
[ENEMY_SAP] updates=0 active=0 pairs=0 repairs{x=0 y=0}
[ENEMY_PAIR_TYPES] frontal DD=0 DT=0 DH=0 DA=0 TT=0 TH=0 TA=0 HH=0 HA=0 AA=0 separation DD=0 DT=0 DH=0 DA=0 TT=0 TH=0 TA=0 HH=0 HA=0 AA=0
[ENEMY_KILL_DEBUG_COLLISION] projectile{kills=0 wallContact=0}

[PROFILE] frame=600 budget=16.667ms alloc(+28/-28, +141712b/-141712b, live=58232b peak=199656b)
  frame.total                      win= 16.883ms avg= 16.883ms p95= 17.302ms max= 85.743ms calls(last=  1,win= 120,total=600) (win 101.3% | avg 101.3% budget)
  frame.render                     win= 14.796ms avg= 14.796ms p95= 15.250ms max= 85.704ms calls(last=  1,win= 120,total=600) (win 88.8% | avg 88.8% budget)
  frame.present                    win= 13.186ms avg= 13.186ms p95= 13.680ms max= 85.698ms calls(last=  1,win= 120,total=600) (win 79.1% | avg 79.1% budget)
  frame.render.world               win=  3.246ms avg=  3.246ms p95=  3.519ms max=  4.239ms calls(last=  1,win= 120,total=170) (win 19.5% | avg 19.5% budget)
  frame.fixed_step                 win=  2.015ms avg=  2.048ms p95=  2.177ms max= 12.328ms calls(last=  1,win= 122,total=618) (win 12.1% | avg 12.3% budget)
  game.update                      win=  1.482ms avg=  1.507ms p95=  1.640ms max= 12.053ms calls(last=  1,win= 122,total=178) (win 8.9% | avg 9.0% budget)
  system.ai_update                 win=  1.381ms avg=  1.404ms p95=  1.504ms max= 11.989ms calls(last=  1,win= 122,total=178) (win 8.3% | avg 8.4% budget)
  enemy.update                     win=  1.375ms avg=  1.398ms p95=  1.498ms max= 11.983ms calls(last=  1,win= 122,total=178) (win 8.3% | avg 8.4% budget)
  frame.render.world.enemies       win=  1.117ms avg=  1.117ms p95=  1.184ms max=  1.416ms calls(last=  1,win= 120,total=170) (win 6.7% | avg 6.7% budget)
  frame.render.world.enemies.draw  win=  1.106ms avg=  1.106ms p95=  1.173ms max=  1.408ms calls(last=  1,win= 120,total=170) (win 6.6% | avg 6.6% budget)
  frame.render.world.maze          win=  0.916ms avg=  0.916ms p95=  1.030ms max=  1.171ms calls(last=  1,win= 120,total=170) (win 5.5% | avg 5.5% budget)
  frame.render.hud                 win=  0.818ms avg=  0.818ms p95=  0.912ms max=  1.103ms calls(last=  1,win= 120,total=170) (win 4.9% | avg 4.9% budget)
  frame.render.world.effects       win=  0.420ms avg=  0.420ms p95=  0.488ms max=  0.763ms calls(last=  1,win= 120,total=170) (win 2.5% | avg 2.5% budget)
  frame.render.hud.minimap         win=  0.383ms avg=  0.383ms p95=  0.425ms max=  0.656ms calls(last=  1,win= 120,total=170) (win 2.3% | avg 2.3% budget)
  frame.render.hud.text            win=  0.226ms avg=  0.226ms p95=  0.291ms max=  0.521ms calls(last=  1,win= 120,total=170) (win 1.4% | avg 1.4% budget)
  enemy.cheap.segment_build        win=  0.071ms avg=  0.006ms p95=  0.070ms max=  0.077ms calls(last=  0,win=  10,total=12) (win 0.4% | avg 0.0% budget)
  frame.render.hud.lives           win=  0.053ms avg=  0.053ms p95=  0.055ms max=  0.163ms calls(last=  1,win= 120,total=170) (win 0.3% | avg 0.3% budget)
  frame.render.hud.compass         win=  0.052ms avg=  0.052ms p95=  0.052ms max=  0.321ms calls(last=  1,win= 120,total=170) (win 0.3% | avg 0.3% budget)
  frame.render.hud.static          win=  0.045ms avg=  0.045ms p95=  0.059ms max=  0.070ms calls(last=  1,win= 120,total=170) (win 0.3% | avg 0.3% budget)
  frame.render.hud.bars            win=  0.039ms avg=  0.039ms p95=  0.040ms max=  0.077ms calls(last=  1,win= 120,total=170) (win 0.2% | avg 0.2% budget)
  system.spawner_update            win=  0.031ms avg=  0.032ms p95=  0.176ms max=  0.240ms calls(last=  1,win= 122,total=178) (win 0.2% | avg 0.2% budget)
  frame.input_poll                 win=  0.028ms avg=  0.028ms p95=  0.029ms max=  0.117ms calls(last=  1,win= 120,total=600) (win 0.2% | avg 0.2% budget)
  system.player_update             win=  0.025ms avg=  0.018ms p95=  0.027ms max=  0.072ms calls(last=  1,win=  88,total=88) (win 0.2% | avg 0.1% budget)
  system.physics_collision         win=  0.019ms avg=  0.019ms p95=  0.021ms max=  0.056ms calls(last=  1,win= 122,total=178) (win 0.1% | avg 0.1% budget)
[ENEMY_STATS] frame=600 alive=12 visible=0 full=0 cheap=12 fullInBase=0 pairs(frontal=0 checks=0 separation=0 resolved=0)
[ENEMY_WINDOW] steps=122 alive[min=2 max=12] visible[min=0 max=0] full[min=0 max=0] collisionPasses[runs=0 skips=122]
[ENEMY_SEGMENTS] window=2.033s D{b/s=1.48 avgLen=5.82 fail=0} T{b/s=0.98 avgLen=3.83 fail=0} H{b/s=0.98 avgLen=6.17 fail=0} A{b/s=1.48 avgLen=5.06 fail=0}
[ENEMY_GRID] frontal{cand/s=0.0 xcell/s=0.0 ins/s=0.0} separation{cand/s=0.0}
[ENEMY_COLLISION_WINDOW] frontal{pairs/s=0.0 checks/s=0.0 baseSkip=0 kill=0(0.0%)} separation{pairs/s=0.0 resolved/s=0.0(0.0%) baseSkip=0 kill=0 wallBlock=0}
[ENEMY_KILL_DEBUG] enemyEnemy{events=0 frontal=0 separation=0 reenterEither=0 reenterBoth=0 wallContact=0 dist[min=0.000 avg=0.000 max=0.000]}
[ENEMY_NAV_CACHE] playerCell{changes=0 flowRebuilds=0} flow{hit=0 miss=0 hit%=0.0} pathFallback{calls=0 ok=0 ok%=0.0}
[ENEMY_SAP] updates=0 active=0 pairs=0 repairs{x=0 y=0}
[ENEMY_PAIR_TYPES] frontal DD=0 DT=0 DH=0 DA=0 TT=0 TH=0 TA=0 HH=0 HA=0 AA=0 separation DD=0 DT=0 DH=0 DA=0 TT=0 TH=0 TA=0 HH=0 HA=0 AA=0
[ENEMY_KILL_DEBUG_COLLISION] projectile{kills=0 wallContact=0}

[PROFILE] frame=720 budget=16.667ms alloc(+38/-38, +150720b/-150720b, live=73080b peak=223384b)
  frame.total                      win= 16.889ms avg= 16.889ms p95= 17.219ms max= 85.743ms calls(last=  1,win= 120,total=720) (win 101.3% | avg 101.3% budget)
  frame.render                     win= 14.549ms avg= 14.549ms p95= 15.048ms max= 85.704ms calls(last=  1,win= 120,total=720) (win 87.3% | avg 87.3% budget)
  frame.present                    win= 12.911ms avg= 12.911ms p95= 13.454ms max= 85.698ms calls(last=  1,win= 120,total=720) (win 77.5% | avg 77.5% budget)
  frame.render.world               win=  3.313ms avg=  3.313ms p95=  3.552ms max=  4.620ms calls(last=  1,win= 120,total=290) (win 19.9% | avg 19.9% budget)
  frame.fixed_step                 win=  2.263ms avg=  2.300ms p95=  2.493ms max= 12.328ms calls(last=  1,win= 122,total=740) (win 13.6% | avg 13.8% budget)
  game.update                      win=  1.649ms avg=  1.677ms p95=  1.838ms max= 12.053ms calls(last=  1,win= 122,total=300) (win 9.9% | avg 10.1% budget)
  system.ai_update                 win=  1.530ms avg=  1.556ms p95=  1.694ms max= 11.989ms calls(last=  1,win= 122,total=300) (win 9.2% | avg 9.3% budget)
  enemy.update                     win=  1.524ms avg=  1.550ms p95=  1.688ms max= 11.983ms calls(last=  1,win= 122,total=300) (win 9.1% | avg 9.3% budget)
  frame.render.world.enemies       win=  1.126ms avg=  1.126ms p95=  1.235ms max=  1.416ms calls(last=  1,win= 120,total=290) (win 6.8% | avg 6.8% budget)
  frame.render.world.enemies.draw  win=  1.113ms avg=  1.113ms p95=  1.221ms max=  1.408ms calls(last=  1,win= 120,total=290) (win 6.7% | avg 6.7% budget)
  frame.render.world.maze          win=  0.977ms avg=  0.977ms p95=  1.062ms max=  1.297ms calls(last=  1,win= 120,total=290) (win 5.9% | avg 5.9% budget)
  frame.render.hud                 win=  0.823ms avg=  0.823ms p95=  0.949ms max=  1.103ms calls(last=  1,win= 120,total=290) (win 4.9% | avg 4.9% budget)
  frame.render.world.effects       win=  0.426ms avg=  0.426ms p95=  0.520ms max=  0.784ms calls(last=  1,win= 120,total=290) (win 2.6% | avg 2.6% budget)
  frame.render.hud.minimap         win=  0.391ms avg=  0.391ms p95=  0.431ms max=  0.660ms calls(last=  1,win= 120,total=290) (win 2.3% | avg 2.3% budget)
  frame.render.hud.text            win=  0.223ms avg=  0.223ms p95=  0.262ms max=  0.521ms calls(last=  1,win= 120,total=290) (win 1.3% | avg 1.3% budget)
  enemy.cheap.segment_build        win=  0.062ms avg=  0.033ms p95=  0.091ms max=  0.356ms calls(last=  1,win=  64,total=76) (win 0.4% | avg 0.2% budget)
  frame.render.hud.lives           win=  0.054ms avg=  0.054ms p95=  0.054ms max=  0.193ms calls(last=  1,win= 120,total=290) (win 0.3% | avg 0.3% budget)
  frame.render.hud.compass         win=  0.050ms avg=  0.050ms p95=  0.051ms max=  0.321ms calls(last=  1,win= 120,total=290) (win 0.3% | avg 0.3% budget)
  frame.render.hud.static          win=  0.045ms avg=  0.045ms p95=  0.058ms max=  0.089ms calls(last=  1,win= 120,total=290) (win 0.3% | avg 0.3% budget)
  frame.render.hud.bars            win=  0.041ms avg=  0.041ms p95=  0.040ms max=  0.176ms calls(last=  1,win= 120,total=290) (win 0.2% | avg 0.2% budget)
  system.spawner_update            win=  0.037ms avg=  0.037ms p95=  0.181ms max=  0.240ms calls(last=  1,win= 122,total=300) (win 0.2% | avg 0.2% budget)
  frame.input_poll                 win=  0.028ms avg=  0.028ms p95=  0.030ms max=  0.117ms calls(last=  1,win= 120,total=720) (win 0.2% | avg 0.2% budget)
  system.player_update             win=  0.026ms avg=  0.027ms p95=  0.030ms max=  0.115ms calls(last=  1,win= 122,total=210) (win 0.2% | avg 0.2% budget)
  system.physics_collision         win=  0.020ms avg=  0.020ms p95=  0.024ms max=  0.056ms calls(last=  1,win= 122,total=300) (win 0.1% | avg 0.1% budget)
[ENEMY_STATS] frame=720 alive=21 visible=0 full=0 cheap=21 fullInBase=0 pairs(frontal=0 checks=0 separation=0 resolved=0)
[ENEMY_WINDOW] steps=122 alive[min=12 max=21] visible[min=0 max=0] full[min=0 max=0] collisionPasses[runs=0 skips=122]
[ENEMY_SEGMENTS] window=2.033s D{b/s=0.00 avgLen=0.00 fail=0} T{b/s=4.43 avgLen=5.75 fail=0} H{b/s=3.93 avgLen=4.86 fail=0} A{b/s=0.49 avgLen=4.64 fail=47}
[ENEMY_GRID] frontal{cand/s=0.0 xcell/s=0.0 ins/s=0.0} separation{cand/s=0.0}
[ENEMY_COLLISION_WINDOW] frontal{pairs/s=0.0 checks/s=0.0 baseSkip=0 kill=0(0.0%)} separation{pairs/s=0.0 resolved/s=0.0(0.0%) baseSkip=0 kill=0 wallBlock=0}
[ENEMY_KILL_DEBUG] enemyEnemy{events=0 frontal=0 separation=0 reenterEither=0 reenterBoth=0 wallContact=0 dist[min=0.000 avg=0.000 max=0.000]}
[ENEMY_NAV_CACHE] playerCell{changes=1 flowRebuilds=0} flow{hit=0 miss=0 hit%=0.0} pathFallback{calls=0 ok=0 ok%=0.0}
[ENEMY_SAP] updates=0 active=0 pairs=0 repairs{x=0 y=0}
[ENEMY_PAIR_TYPES] frontal DD=0 DT=0 DH=0 DA=0 TT=0 TH=0 TA=0 HH=0 HA=0 AA=0 separation DD=0 DT=0 DH=0 DA=0 TT=0 TH=0 TA=0 HH=0 HA=0 AA=0
[ENEMY_KILL_DEBUG_COLLISION] projectile{kills=0 wallContact=0}

[PROFILE] frame=840 budget=16.667ms alloc(+49/-49, +159704b/-159704b, live=73080b peak=232056b)
  frame.total                      win= 16.915ms avg= 16.915ms p95= 17.336ms max= 85.743ms calls(last=  1,win= 120,total=840) (win 101.5% | avg 101.5% budget)
  frame.render                     win= 14.263ms avg= 14.263ms p95= 14.751ms max= 85.704ms calls(last=  1,win= 120,total=840) (win 85.6% | avg 85.6% budget)
  frame.present                    win= 12.662ms avg= 12.662ms p95= 13.184ms max= 85.698ms calls(last=  1,win= 120,total=840) (win 76.0% | avg 76.0% budget)
  frame.render.world               win=  3.419ms avg=  3.419ms p95=  3.716ms max=  4.620ms calls(last=  1,win= 120,total=410) (win 20.5% | avg 20.5% budget)
  frame.fixed_step                 win=  2.549ms avg=  2.613ms p95=  2.769ms max= 12.682ms calls(last=  1,win= 123,total=863) (win 15.3% | avg 15.7% budget)
  game.update                      win=  1.843ms avg=  1.889ms p95=  1.991ms max= 12.053ms calls(last=  1,win= 123,total=423) (win 11.1% | avg 11.3% budget)
  system.ai_update                 win=  1.721ms avg=  1.764ms p95=  1.865ms max= 11.989ms calls(last=  1,win= 123,total=423) (win 10.3% | avg 10.6% budget)
  enemy.update                     win=  1.715ms avg=  1.758ms p95=  1.860ms max= 11.983ms calls(last=  1,win= 123,total=423) (win 10.3% | avg 10.5% budget)
  frame.render.world.enemies       win=  1.134ms avg=  1.134ms p95=  1.255ms max=  1.416ms calls(last=  1,win= 120,total=410) (win 6.8% | avg 6.8% budget)
  frame.render.world.enemies.draw  win=  1.120ms avg=  1.120ms p95=  1.240ms max=  1.408ms calls(last=  1,win= 120,total=410) (win 6.7% | avg 6.7% budget)
  frame.render.world.maze          win=  1.064ms avg=  1.064ms p95=  1.163ms max=  1.316ms calls(last=  1,win= 120,total=410) (win 6.4% | avg 6.4% budget)
  frame.render.hud                 win=  0.831ms avg=  0.831ms p95=  0.930ms max=  1.103ms calls(last=  1,win= 120,total=410) (win 5.0% | avg 5.0% budget)
  frame.render.world.effects       win=  0.438ms avg=  0.438ms p95=  0.551ms max=  0.784ms calls(last=  1,win= 120,total=410) (win 2.6% | avg 2.6% budget)
  frame.render.hud.minimap         win=  0.395ms avg=  0.395ms p95=  0.442ms max=  0.660ms calls(last=  1,win= 120,total=410) (win 2.4% | avg 2.4% budget)
  frame.render.hud.text            win=  0.225ms avg=  0.225ms p95=  0.263ms max=  0.521ms calls(last=  1,win= 120,total=410) (win 1.3% | avg 1.3% budget)
  frame.render.hud.lives           win=  0.053ms avg=  0.053ms p95=  0.056ms max=  0.193ms calls(last=  1,win= 120,total=410) (win 0.3% | avg 0.3% budget)
  enemy.cheap.segment_build        win=  0.052ms avg=  0.064ms p95=  0.098ms max=  0.356ms calls(last=  1,win= 150,total=226) (win 0.3% | avg 0.4% budget)
  frame.render.hud.compass         win=  0.051ms avg=  0.051ms p95=  0.054ms max=  0.321ms calls(last=  1,win= 120,total=410) (win 0.3% | avg 0.3% budget)
  frame.render.hud.static          win=  0.046ms avg=  0.046ms p95=  0.058ms max=  0.156ms calls(last=  1,win= 120,total=410) (win 0.3% | avg 0.3% budget)
  frame.render.hud.bars            win=  0.041ms avg=  0.041ms p95=  0.041ms max=  0.187ms calls(last=  1,win= 120,total=410) (win 0.2% | avg 0.2% budget)
  system.spawner_update            win=  0.040ms avg=  0.041ms p95=  0.192ms max=  0.272ms calls(last=  1,win= 123,total=423) (win 0.2% | avg 0.2% budget)
  frame.input_poll                 win=  0.027ms avg=  0.027ms p95=  0.029ms max=  0.117ms calls(last=  1,win= 120,total=840) (win 0.2% | avg 0.2% budget)
  system.player_update             win=  0.025ms avg=  0.026ms p95=  0.027ms max=  0.115ms calls(last=  1,win= 123,total=333) (win 0.2% | avg 0.2% budget)
  system.physics_collision         win=  0.020ms avg=  0.020ms p95=  0.023ms max=  0.056ms calls(last=  1,win= 123,total=423) (win 0.1% | avg 0.1% budget)
[ENEMY_STATS] frame=840 alive=31 visible=0 full=0 cheap=31 fullInBase=0 pairs(frontal=0 checks=0 separation=0 resolved=0)
[ENEMY_WINDOW] steps=123 alive[min=21 max=31] visible[min=0 max=0] full[min=0 max=0] collisionPasses[runs=0 skips=123]
[ENEMY_SEGMENTS] window=2.050s D{b/s=1.46 avgLen=5.41 fail=0} T{b/s=3.41 avgLen=8.64 fail=0} H{b/s=5.85 avgLen=5.68 fail=0} A{b/s=2.93 avgLen=5.61 fail=123}
[ENEMY_GRID] frontal{cand/s=0.0 xcell/s=0.0 ins/s=0.0} separation{cand/s=0.0}
[ENEMY_COLLISION_WINDOW] frontal{pairs/s=0.0 checks/s=0.0 baseSkip=0 kill=0(0.0%)} separation{pairs/s=0.0 resolved/s=0.0(0.0%) baseSkip=0 kill=0 wallBlock=0}
[ENEMY_KILL_DEBUG] enemyEnemy{events=0 frontal=0 separation=0 reenterEither=0 reenterBoth=0 wallContact=0 dist[min=0.000 avg=0.000 max=0.000]}
[ENEMY_NAV_CACHE] playerCell{changes=2 flowRebuilds=1} flow{hit=0 miss=0 hit%=0.0} pathFallback{calls=0 ok=0 ok%=0.0}
[ENEMY_SAP] updates=0 active=0 pairs=0 repairs{x=0 y=0}
[ENEMY_PAIR_TYPES] frontal DD=0 DT=0 DH=0 DA=0 TT=0 TH=0 TA=0 HH=0 HA=0 AA=0 separation DD=0 DT=0 DH=0 DA=0 TT=0 TH=0 TA=0 HH=0 HA=0 AA=0
[ENEMY_KILL_DEBUG_COLLISION] projectile{kills=0 wallContact=0}

[PROFILE] frame=960 budget=16.667ms alloc(+55/-55, +166696b/-166696b, live=102776b peak=268744b)
  frame.total                      win= 16.885ms avg= 16.885ms p95= 17.294ms max= 85.743ms calls(last=  1,win= 120,total=960) (win 101.3% | avg 101.3% budget)
  frame.render                     win= 14.101ms avg= 14.101ms p95= 14.590ms max= 85.704ms calls(last=  1,win= 120,total=960) (win 84.6% | avg 84.6% budget)
  frame.present                    win= 12.484ms avg= 12.484ms p95= 12.979ms max= 85.698ms calls(last=  1,win= 120,total=960) (win 74.9% | avg 74.9% budget)
  frame.render.world               win=  3.502ms avg=  3.502ms p95=  3.859ms max=  4.620ms calls(last=  1,win= 120,total=530) (win 21.0% | avg 21.0% budget)
  frame.fixed_step                 win=  2.699ms avg=  2.744ms p95=  2.972ms max= 12.682ms calls(last=  1,win= 122,total=985) (win 16.2% | avg 16.5% budget)
  game.update                      win=  1.844ms avg=  1.875ms p95=  2.050ms max= 12.053ms calls(last=  1,win= 122,total=545) (win 11.1% | avg 11.3% budget)
  system.ai_update                 win=  1.723ms avg=  1.752ms p95=  1.918ms max= 11.989ms calls(last=  1,win= 122,total=545) (win 10.3% | avg 10.5% budget)
  enemy.update                     win=  1.716ms avg=  1.745ms p95=  1.878ms max= 11.983ms calls(last=  1,win= 122,total=545) (win 10.3% | avg 10.5% budget)
  frame.render.world.maze          win=  1.160ms avg=  1.160ms p95=  1.269ms max=  1.483ms calls(last=  1,win= 120,total=530) (win 7.0% | avg 7.0% budget)
  frame.render.world.enemies       win=  1.129ms avg=  1.129ms p95=  1.239ms max=  1.419ms calls(last=  1,win= 120,total=530) (win 6.8% | avg 6.8% budget)
  frame.render.world.enemies.draw  win=  1.114ms avg=  1.114ms p95=  1.224ms max=  1.408ms calls(last=  1,win= 120,total=530) (win 6.7% | avg 6.7% budget)
  frame.render.hud                 win=  0.853ms avg=  0.853ms p95=  0.914ms max=  1.137ms calls(last=  1,win= 120,total=530) (win 5.1% | avg 5.1% budget)
  frame.render.world.effects       win=  0.424ms avg=  0.424ms p95=  0.514ms max=  0.784ms calls(last=  1,win= 120,total=530) (win 2.5% | avg 2.5% budget)
  frame.render.hud.minimap         win=  0.422ms avg=  0.422ms p95=  0.468ms max=  0.689ms calls(last=  1,win= 120,total=530) (win 2.5% | avg 2.5% budget)
  frame.render.hud.text            win=  0.222ms avg=  0.222ms p95=  0.262ms max=  0.521ms calls(last=  1,win= 120,total=530) (win 1.3% | avg 1.3% budget)
  enemy.cheap.segment_build        win=  0.054ms avg=  0.067ms p95=  0.097ms max=  0.356ms calls(last=  1,win= 149,total=375) (win 0.3% | avg 0.4% budget)
  frame.render.hud.lives           win=  0.053ms avg=  0.053ms p95=  0.053ms max=  0.193ms calls(last=  1,win= 120,total=530) (win 0.3% | avg 0.3% budget)
  frame.render.hud.compass         win=  0.050ms avg=  0.050ms p95=  0.051ms max=  0.321ms calls(last=  1,win= 120,total=530) (win 0.3% | avg 0.3% budget)
  frame.render.hud.static          win=  0.048ms avg=  0.048ms p95=  0.063ms max=  0.156ms calls(last=  1,win= 120,total=530) (win 0.3% | avg 0.3% budget)
  frame.render.hud.bars            win=  0.039ms avg=  0.039ms p95=  0.040ms max=  0.187ms calls(last=  1,win= 120,total=530) (win 0.2% | avg 0.2% budget)
  system.spawner_update            win=  0.039ms avg=  0.039ms p95=  0.175ms max=  0.272ms calls(last=  1,win= 122,total=545) (win 0.2% | avg 0.2% budget)
  frame.input_poll                 win=  0.027ms avg=  0.027ms p95=  0.029ms max=  0.117ms calls(last=  1,win= 120,total=960) (win 0.2% | avg 0.2% budget)
  system.player_update             win=  0.025ms avg=  0.025ms p95=  0.027ms max=  0.115ms calls(last=  1,win= 122,total=455) (win 0.1% | avg 0.2% budget)
  system.physics_collision         win=  0.021ms avg=  0.021ms p95=  0.025ms max=  0.056ms calls(last=  1,win= 122,total=545) (win 0.1% | avg 0.1% budget)
[ENEMY_STATS] frame=960 alive=37 visible=0 full=0 cheap=37 fullInBase=0 pairs(frontal=0 checks=0 separation=0 resolved=0)
[ENEMY_WINDOW] steps=122 alive[min=31 max=37] visible[min=0 max=0] full[min=0 max=0] collisionPasses[runs=0 skips=122]
[ENEMY_SEGMENTS] window=2.033s D{b/s=0.98 avgLen=5.94 fail=0} T{b/s=2.46 avgLen=5.74 fail=0} H{b/s=7.38 avgLen=4.70 fail=0} A{b/s=1.97 avgLen=4.99 fail=122}
[ENEMY_GRID] frontal{cand/s=0.0 xcell/s=0.0 ins/s=0.0} separation{cand/s=0.0}
[ENEMY_COLLISION_WINDOW] frontal{pairs/s=0.0 checks/s=0.0 baseSkip=0 kill=0(0.0%)} separation{pairs/s=0.0 resolved/s=0.0(0.0%) baseSkip=0 kill=0 wallBlock=0}
[ENEMY_KILL_DEBUG] enemyEnemy{events=0 frontal=0 separation=0 reenterEither=0 reenterBoth=0 wallContact=0 dist[min=0.000 avg=0.000 max=0.000]}
[ENEMY_NAV_CACHE] playerCell{changes=2 flowRebuilds=0} flow{hit=0 miss=0 hit%=0.0} pathFallback{calls=0 ok=0 ok%=0.0}
[ENEMY_SAP] updates=0 active=0 pairs=0 repairs{x=0 y=0}
[ENEMY_PAIR_TYPES] frontal DD=0 DT=0 DH=0 DA=0 TT=0 TH=0 TA=0 HH=0 HA=0 AA=0 separation DD=0 DT=0 DH=0 DA=0 TT=0 TH=0 TA=0 HH=0 HA=0 AA=0
[ENEMY_KILL_DEBUG_COLLISION] projectile{kills=0 wallContact=0}

[PROFILE] frame=1080 budget=16.667ms alloc(+63/-63, +174600b/-174600b, live=102776b peak=276424b)
  frame.total                      win= 16.921ms avg= 16.921ms p95= 17.366ms max= 85.743ms calls(last=  1,win= 120,total=1080) (win 101.5% | avg 101.5% budget)
  frame.render                     win= 13.793ms avg= 13.793ms p95= 14.435ms max= 85.704ms calls(last=  1,win= 120,total=1080) (win 82.8% | avg 82.8% budget)
  frame.present                    win= 12.187ms avg= 12.187ms p95= 12.869ms max= 85.698ms calls(last=  1,win= 120,total=1080) (win 73.1% | avg 73.1% budget)
  frame.render.world               win=  3.508ms avg=  3.508ms p95=  3.931ms max=  5.099ms calls(last=  1,win= 120,total=650) (win 21.0% | avg 21.0% budget)
  frame.fixed_step                 win=  3.013ms avg=  3.089ms p95=  3.215ms max= 13.124ms calls(last=  1,win= 123,total=1108) (win 18.1% | avg 18.5% budget)
  game.update                      win=  2.016ms avg=  2.066ms p95=  2.127ms max= 12.107ms calls(last=  1,win= 123,total=668) (win 12.1% | avg 12.4% budget)
  system.ai_update                 win=  1.887ms avg=  1.934ms p95=  2.011ms max= 11.993ms calls(last=  1,win= 123,total=668) (win 11.3% | avg 11.6% budget)
  enemy.update                     win=  1.881ms avg=  1.928ms p95=  2.006ms max= 11.987ms calls(last=  1,win= 123,total=668) (win 11.3% | avg 11.6% budget)
  frame.render.world.maze          win=  1.137ms avg=  1.137ms p95=  1.237ms max=  1.483ms calls(last=  1,win= 120,total=650) (win 6.8% | avg 6.8% budget)
  frame.render.world.enemies       win=  1.133ms avg=  1.133ms p95=  1.205ms max=  1.419ms calls(last=  1,win= 120,total=650) (win 6.8% | avg 6.8% budget)
  frame.render.world.enemies.draw  win=  1.117ms avg=  1.117ms p95=  1.189ms max=  1.408ms calls(last=  1,win= 120,total=650) (win 6.7% | avg 6.7% budget)
  frame.render.hud                 win=  0.867ms avg=  0.867ms p95=  0.950ms max=  1.137ms calls(last=  1,win= 120,total=650) (win 5.2% | avg 5.2% budget)
  frame.render.hud.minimap         win=  0.437ms avg=  0.437ms p95=  0.483ms max=  0.689ms calls(last=  1,win= 120,total=650) (win 2.6% | avg 2.6% budget)
  frame.render.world.effects       win=  0.429ms avg=  0.429ms p95=  0.524ms max=  0.784ms calls(last=  1,win= 120,total=650) (win 2.6% | avg 2.6% budget)
  frame.render.hud.text            win=  0.223ms avg=  0.223ms p95=  0.262ms max=  0.521ms calls(last=  1,win= 120,total=650) (win 1.3% | avg 1.3% budget)
  frame.render.hud.lives           win=  0.053ms avg=  0.053ms p95=  0.055ms max=  0.193ms calls(last=  1,win= 120,total=650) (win 0.3% | avg 0.3% budget)
  enemy.cheap.segment_build        win=  0.052ms avg=  0.068ms p95=  0.097ms max=  0.356ms calls(last=  1,win= 157,total=532) (win 0.3% | avg 0.4% budget)
  frame.render.hud.compass         win=  0.050ms avg=  0.050ms p95=  0.051ms max=  0.321ms calls(last=  1,win= 120,total=650) (win 0.3% | avg 0.3% budget)
  frame.render.hud.static          win=  0.046ms avg=  0.046ms p95=  0.060ms max=  0.156ms calls(last=  1,win= 120,total=650) (win 0.3% | avg 0.3% budget)
  system.spawner_update            win=  0.044ms avg=  0.045ms p95=  0.182ms max=  0.272ms calls(last=  1,win= 123,total=668) (win 0.3% | avg 0.3% budget)
  frame.render.hud.bars            win=  0.039ms avg=  0.039ms p95=  0.040ms max=  0.187ms calls(last=  1,win= 120,total=650) (win 0.2% | avg 0.2% budget)
  frame.input_poll                 win=  0.027ms avg=  0.027ms p95=  0.028ms max=  0.117ms calls(last=  1,win= 120,total=1080) (win 0.2% | avg 0.2% budget)
  system.player_update             win=  0.025ms avg=  0.026ms p95=  0.028ms max=  0.115ms calls(last=  1,win= 123,total=578) (win 0.2% | avg 0.2% budget)
  system.physics_collision         win=  0.022ms avg=  0.023ms p95=  0.027ms max=  0.069ms calls(last=  1,win= 123,total=668) (win 0.1% | avg 0.1% budget)
[ENEMY_STATS] frame=1080 alive=45 visible=0 full=0 cheap=45 fullInBase=0 pairs(frontal=0 checks=0 separation=0 resolved=0)
[ENEMY_WINDOW] steps=123 alive[min=37 max=45] visible[min=0 max=0] full[min=0 max=0] collisionPasses[runs=0 skips=123]
[ENEMY_SEGMENTS] window=2.050s D{b/s=0.98 avgLen=3.65 fail=0} T{b/s=6.34 avgLen=7.06 fail=0} H{b/s=6.83 avgLen=5.20 fail=0} A{b/s=2.44 avgLen=4.92 fail=123}
[ENEMY_GRID] frontal{cand/s=0.0 xcell/s=0.0 ins/s=0.0} separation{cand/s=0.0}
[ENEMY_COLLISION_WINDOW] frontal{pairs/s=0.0 checks/s=0.0 baseSkip=0 kill=0(0.0%)} separation{pairs/s=0.0 resolved/s=0.0(0.0%) baseSkip=0 kill=0 wallBlock=0}
[ENEMY_KILL_DEBUG] enemyEnemy{events=0 frontal=0 separation=0 reenterEither=0 reenterBoth=0 wallContact=0 dist[min=0.000 avg=0.000 max=0.000]}
[ENEMY_NAV_CACHE] playerCell{changes=2 flowRebuilds=1} flow{hit=0 miss=0 hit%=0.0} pathFallback{calls=0 ok=0 ok%=0.0}
[ENEMY_SAP] updates=0 active=0 pairs=0 repairs{x=0 y=0}
[ENEMY_PAIR_TYPES] frontal DD=0 DT=0 DH=0 DA=0 TT=0 TH=0 TA=0 HH=0 HA=0 AA=0 separation DD=0 DT=0 DH=0 DA=0 TT=0 TH=0 TA=0 HH=0 HA=0 AA=0
[ENEMY_KILL_DEBUG_COLLISION] projectile{kills=0 wallContact=0}

[PROFILE] frame=1200 budget=16.667ms alloc(+68/-68, +179488b/-179488b, live=102776b peak=281344b)
  frame.total                      win= 16.933ms avg= 16.933ms p95= 17.401ms max= 85.743ms calls(last=  1,win= 120,total=1200) (win 101.6% | avg 101.6% budget)
  frame.render                     win= 13.596ms avg= 13.596ms p95= 14.121ms max= 85.704ms calls(last=  1,win= 120,total=1200) (win 81.6% | avg 81.6% budget)
  frame.present                    win= 12.007ms avg= 12.007ms p95= 12.517ms max= 85.698ms calls(last=  1,win= 120,total=1200) (win 72.0% | avg 72.0% budget)
  frame.render.world               win=  3.546ms avg=  3.546ms p95=  3.860ms max=  5.099ms calls(last=  1,win= 120,total=770) (win 21.3% | avg 21.3% budget)
  frame.fixed_step                 win=  3.217ms avg=  3.297ms p95=  3.408ms max= 13.519ms calls(last=  1,win= 123,total=1231) (win 19.3% | avg 19.8% budget)
  game.update                      win=  2.077ms avg=  2.129ms p95=  2.264ms max= 12.356ms calls(last=  1,win= 123,total=791) (win 12.5% | avg 12.8% budget)
  system.ai_update                 win=  1.947ms avg=  1.996ms p95=  2.123ms max= 12.236ms calls(last=  1,win= 123,total=791) (win 11.7% | avg 12.0% budget)
  enemy.update                     win=  1.941ms avg=  1.990ms p95=  2.118ms max= 12.229ms calls(last=  1,win= 123,total=791) (win 11.6% | avg 11.9% budget)
  frame.render.world.maze          win=  1.179ms avg=  1.179ms p95=  1.291ms max=  1.486ms calls(last=  1,win= 120,total=770) (win 7.1% | avg 7.1% budget)
  frame.render.world.enemies       win=  1.119ms avg=  1.119ms p95=  1.196ms max=  1.419ms calls(last=  1,win= 120,total=770) (win 6.7% | avg 6.7% budget)
  frame.render.world.enemies.draw  win=  1.102ms avg=  1.102ms p95=  1.179ms max=  1.408ms calls(last=  1,win= 120,total=770) (win 6.6% | avg 6.6% budget)
  frame.render.hud                 win=  0.880ms avg=  0.880ms p95=  1.024ms max=  1.176ms calls(last=  1,win= 120,total=770) (win 5.3% | avg 5.3% budget)
  frame.render.hud.minimap         win=  0.449ms avg=  0.449ms p95=  0.542ms max=  0.742ms calls(last=  1,win= 120,total=770) (win 2.7% | avg 2.7% budget)
  frame.render.world.effects       win=  0.441ms avg=  0.441ms p95=  0.557ms max=  0.784ms calls(last=  1,win= 120,total=770) (win 2.6% | avg 2.6% budget)
  frame.render.hud.text            win=  0.224ms avg=  0.224ms p95=  0.264ms max=  0.521ms calls(last=  1,win= 120,total=770) (win 1.3% | avg 1.3% budget)
  enemy.cheap.segment_build        win=  0.053ms avg=  0.072ms p95=  0.123ms max=  0.356ms calls(last=  1,win= 163,total=695) (win 0.3% | avg 0.4% budget)
  frame.render.hud.lives           win=  0.053ms avg=  0.053ms p95=  0.055ms max=  0.193ms calls(last=  1,win= 120,total=770) (win 0.3% | avg 0.3% budget)
  frame.render.hud.compass         win=  0.050ms avg=  0.050ms p95=  0.052ms max=  0.321ms calls(last=  1,win= 120,total=770) (win 0.3% | avg 0.3% budget)
  frame.render.hud.static          win=  0.046ms avg=  0.046ms p95=  0.058ms max=  0.156ms calls(last=  1,win= 120,total=770) (win 0.3% | avg 0.3% budget)
  system.spawner_update            win=  0.043ms avg=  0.044ms p95=  0.174ms max=  0.275ms calls(last=  1,win= 123,total=791) (win 0.3% | avg 0.3% budget)
  frame.render.hud.bars            win=  0.039ms avg=  0.039ms p95=  0.040ms max=  0.187ms calls(last=  1,win= 120,total=770) (win 0.2% | avg 0.2% budget)
  frame.input_poll                 win=  0.028ms avg=  0.028ms p95=  0.028ms max=  0.117ms calls(last=  1,win= 120,total=1200) (win 0.2% | avg 0.2% budget)
  system.player_update             win=  0.026ms avg=  0.026ms p95=  0.027ms max=  0.115ms calls(last=  1,win= 123,total=701) (win 0.2% | avg 0.2% budget)
  system.physics_collision         win=  0.024ms avg=  0.024ms p95=  0.029ms max=  0.123ms calls(last=  1,win= 123,total=791) (win 0.1% | avg 0.1% budget)
[ENEMY_STATS] frame=1200 alive=50 visible=0 full=0 cheap=50 fullInBase=0 pairs(frontal=0 checks=0 separation=0 resolved=0)
[ENEMY_WINDOW] steps=123 alive[min=45 max=50] visible[min=0 max=0] full[min=0 max=0] collisionPasses[runs=0 skips=123]
[ENEMY_SEGMENTS] window=2.050s D{b/s=1.95 avgLen=4.80 fail=0} T{b/s=5.37 avgLen=5.58 fail=0} H{b/s=7.80 avgLen=4.50 fail=0} A{b/s=4.39 avgLen=4.05 fail=123}
[ENEMY_GRID] frontal{cand/s=0.0 xcell/s=0.0 ins/s=0.0} separation{cand/s=0.0}
[ENEMY_COLLISION_WINDOW] frontal{pairs/s=0.0 checks/s=0.0 baseSkip=0 kill=0(0.0%)} separation{pairs/s=0.0 resolved/s=0.0(0.0%) baseSkip=0 kill=0 wallBlock=0}
[ENEMY_KILL_DEBUG] enemyEnemy{events=0 frontal=0 separation=0 reenterEither=0 reenterBoth=0 wallContact=0 dist[min=0.000 avg=0.000 max=0.000]}
[ENEMY_NAV_CACHE] playerCell{changes=2 flowRebuilds=1} flow{hit=0 miss=0 hit%=0.0} pathFallback{calls=0 ok=0 ok%=0.0}
[ENEMY_SAP] updates=0 active=0 pairs=0 repairs{x=0 y=0}
[ENEMY_PAIR_TYPES] frontal DD=0 DT=0 DH=0 DA=0 TT=0 TH=0 TA=0 HH=0 HA=0 AA=0 separation DD=0 DT=0 DH=0 DA=0 TT=0 TH=0 TA=0 HH=0 HA=0 AA=0
[ENEMY_KILL_DEBUG_COLLISION] projectile{kills=0 wallContact=0}

[PROFILE] frame=1320 budget=16.667ms alloc(+75/-75, +186280b/-186280b, live=102776b peak=288048b)
  frame.total                      win= 16.882ms avg= 16.882ms p95= 17.382ms max= 85.743ms calls(last=  1,win= 120,total=1320) (win 101.3% | avg 101.3% budget)
  frame.render                     win= 13.384ms avg= 13.384ms p95= 13.937ms max= 85.704ms calls(last=  1,win= 120,total=1320) (win 80.3% | avg 80.3% budget)
  frame.present                    win= 11.771ms avg= 11.771ms p95= 12.330ms max= 85.698ms calls(last=  1,win= 120,total=1320) (win 70.6% | avg 70.6% budget)
  frame.render.world               win=  3.606ms avg=  3.606ms p95=  3.956ms max=  5.099ms calls(last=  1,win= 120,total=890) (win 21.6% | avg 21.6% budget)
  frame.fixed_step                 win=  3.402ms avg=  3.459ms p95=  3.642ms max= 13.519ms calls(last=  1,win= 122,total=1353) (win 20.4% | avg 20.8% budget)
  game.update                      win=  2.076ms avg=  2.110ms p95=  2.293ms max= 12.356ms calls(last=  1,win= 122,total=913) (win 12.5% | avg 12.7% budget)
  system.ai_update                 win=  1.936ms avg=  1.969ms p95=  2.113ms max= 12.236ms calls(last=  1,win= 122,total=913) (win 11.6% | avg 11.8% budget)
  enemy.update                     win=  1.930ms avg=  1.962ms p95=  2.108ms max= 12.229ms calls(last=  1,win= 122,total=913) (win 11.6% | avg 11.8% budget)
  frame.render.world.maze          win=  1.234ms avg=  1.234ms p95=  1.461ms max=  1.547ms calls(last=  1,win= 120,total=890) (win 7.4% | avg 7.4% budget)
  frame.render.world.enemies       win=  1.144ms avg=  1.144ms p95=  1.364ms max=  1.420ms calls(last=  1,win= 120,total=890) (win 6.9% | avg 6.9% budget)
  frame.render.world.enemies.draw  win=  1.126ms avg=  1.126ms p95=  1.347ms max=  1.408ms calls(last=  1,win= 120,total=890) (win 6.8% | avg 6.8% budget)
  frame.render.hud                 win=  0.912ms avg=  0.912ms p95=  1.107ms max=  2.440ms calls(last=  1,win= 120,total=890) (win 5.5% | avg 5.5% budget)
  frame.render.hud.minimap         win=  0.473ms avg=  0.473ms p95=  0.564ms max=  1.414ms calls(last=  1,win= 120,total=890) (win 2.8% | avg 2.8% budget)
  frame.render.world.effects       win=  0.428ms avg=  0.428ms p95=  0.494ms max=  0.784ms calls(last=  1,win= 120,total=890) (win 2.6% | avg 2.6% budget)
  frame.render.hud.text            win=  0.226ms avg=  0.226ms p95=  0.262ms max=  0.521ms calls(last=  1,win= 120,total=890) (win 1.4% | avg 1.4% budget)
  frame.render.hud.lives           win=  0.054ms avg=  0.054ms p95=  0.055ms max=  0.193ms calls(last=  1,win= 120,total=890) (win 0.3% | avg 0.3% budget)
  frame.render.hud.compass         win=  0.052ms avg=  0.052ms p95=  0.054ms max=  0.321ms calls(last=  1,win= 120,total=890) (win 0.3% | avg 0.3% budget)
  enemy.cheap.segment_build        win=  0.051ms avg=  0.073ms p95=  0.125ms max=  0.356ms calls(last=  1,win= 172,total=867) (win 0.3% | avg 0.4% budget)
  system.spawner_update            win=  0.049ms avg=  0.050ms p95=  0.185ms max=  0.275ms calls(last=  1,win= 122,total=913) (win 0.3% | avg 0.3% budget)
  frame.render.hud.static          win=  0.047ms avg=  0.047ms p95=  0.061ms max=  0.156ms calls(last=  1,win= 120,total=890) (win 0.3% | avg 0.3% budget)
  frame.render.hud.bars            win=  0.039ms avg=  0.039ms p95=  0.040ms max=  0.187ms calls(last=  1,win= 120,total=890) (win 0.2% | avg 0.2% budget)
  frame.input_poll                 win=  0.027ms avg=  0.027ms p95=  0.028ms max=  0.117ms calls(last=  1,win= 120,total=1320) (win 0.2% | avg 0.2% budget)
  system.physics_collision         win=  0.025ms avg=  0.026ms p95=  0.032ms max=  0.127ms calls(last=  1,win= 122,total=913) (win 0.2% | avg 0.2% budget)
  system.player_update             win=  0.025ms avg=  0.026ms p95=  0.027ms max=  0.115ms calls(last=  1,win= 122,total=823) (win 0.2% | avg 0.2% budget)
[ENEMY_STATS] frame=1320 alive=57 visible=0 full=0 cheap=57 fullInBase=0 pairs(frontal=0 checks=0 separation=0 resolved=0)
[ENEMY_WINDOW] steps=122 alive[min=50 max=57] visible[min=0 max=0] full[min=0 max=0] collisionPasses[runs=0 skips=122]
[ENEMY_SEGMENTS] window=2.033s D{b/s=2.95 avgLen=4.53 fail=0} T{b/s=6.39 avgLen=6.57 fail=0} H{b/s=9.84 avgLen=5.34 fail=0} A{b/s=5.41 avgLen=4.87 fail=122}
[ENEMY_GRID] frontal{cand/s=0.0 xcell/s=0.0 ins/s=0.0} separation{cand/s=0.0}
[ENEMY_COLLISION_WINDOW] frontal{pairs/s=0.0 checks/s=0.0 baseSkip=0 kill=0(0.0%)} separation{pairs/s=0.0 resolved/s=0.0(0.0%) baseSkip=0 kill=0 wallBlock=0}
[ENEMY_KILL_DEBUG] enemyEnemy{events=0 frontal=0 separation=0 reenterEither=0 reenterBoth=0 wallContact=0 dist[min=0.000 avg=0.000 max=0.000]}
[ENEMY_NAV_CACHE] playerCell{changes=2 flowRebuilds=0} flow{hit=0 miss=0 hit%=0.0} pathFallback{calls=0 ok=0 ok%=0.0}
[ENEMY_SAP] updates=0 active=0 pairs=0 repairs{x=0 y=0}
[ENEMY_PAIR_TYPES] frontal DD=0 DT=0 DH=0 DA=0 TT=0 TH=0 TA=0 HH=0 HA=0 AA=0 separation DD=0 DT=0 DH=0 DA=0 TT=0 TH=0 TA=0 HH=0 HA=0 AA=0
[ENEMY_KILL_DEBUG_COLLISION] projectile{kills=0 wallContact=0}

[PROFILE] frame=1440 budget=16.667ms alloc(+81/-81, +192088b/-192088b, live=102776b peak=293848b)
  frame.total                      win= 16.923ms avg= 16.923ms p95= 17.369ms max= 85.743ms calls(last=  1,win= 120,total=1440) (win 101.5% | avg 101.5% budget)
  frame.render                     win= 13.071ms avg= 13.071ms p95= 13.642ms max= 85.704ms calls(last=  1,win= 120,total=1440) (win 78.4% | avg 78.4% budget)
  frame.present                    win= 11.463ms avg= 11.463ms p95= 12.017ms max= 85.698ms calls(last=  1,win= 120,total=1440) (win 68.8% | avg 68.8% budget)
  frame.fixed_step                 win=  3.719ms avg=  3.812ms p95=  3.977ms max= 13.728ms calls(last=  1,win= 123,total=1476) (win 22.3% | avg 22.9% budget)
  frame.render.world               win=  3.352ms avg=  3.352ms p95=  3.554ms max=  5.099ms calls(last=  1,win= 120,total=1010) (win 20.1% | avg 20.1% budget)
  game.update                      win=  2.229ms avg=  2.285ms p95=  2.423ms max= 12.356ms calls(last=  1,win= 123,total=1036) (win 13.4% | avg 13.7% budget)
  system.ai_update                 win=  2.087ms avg=  2.139ms p95=  2.297ms max= 12.236ms calls(last=  1,win= 123,total=1036) (win 12.5% | avg 12.8% budget)
  enemy.update                     win=  2.081ms avg=  2.133ms p95=  2.291ms max= 12.229ms calls(last=  1,win= 123,total=1036) (win 12.5% | avg 12.8% budget)
  frame.render.world.enemies       win=  1.120ms avg=  1.120ms p95=  1.193ms max=  1.420ms calls(last=  1,win= 120,total=1010) (win 6.7% | avg 6.7% budget)
  frame.render.world.enemies.draw  win=  1.101ms avg=  1.101ms p95=  1.174ms max=  1.408ms calls(last=  1,win= 120,total=1010) (win 6.6% | avg 6.6% budget)
  frame.render.world.maze          win=  1.043ms avg=  1.043ms p95=  1.131ms max=  1.547ms calls(last=  1,win= 120,total=1010) (win 6.3% | avg 6.3% budget)
  frame.render.hud                 win=  0.898ms avg=  0.898ms p95=  0.979ms max=  2.440ms calls(last=  1,win= 120,total=1010) (win 5.4% | avg 5.4% budget)
  frame.render.hud.minimap         win=  0.462ms avg=  0.462ms p95=  0.499ms max=  1.414ms calls(last=  1,win= 120,total=1010) (win 2.8% | avg 2.8% budget)
  frame.render.world.effects       win=  0.412ms avg=  0.412ms p95=  0.487ms max=  0.784ms calls(last=  1,win= 120,total=1010) (win 2.5% | avg 2.5% budget)
  frame.render.hud.text            win=  0.221ms avg=  0.221ms p95=  0.260ms max=  0.521ms calls(last=  1,win= 120,total=1010) (win 1.3% | avg 1.3% budget)
  frame.render.hud.lives           win=  0.054ms avg=  0.054ms p95=  0.056ms max=  0.193ms calls(last=  1,win= 120,total=1010) (win 0.3% | avg 0.3% budget)
  system.spawner_update            win=  0.052ms avg=  0.053ms p95=  0.192ms max=  0.322ms calls(last=  1,win= 123,total=1036) (win 0.3% | avg 0.3% budget)
  frame.render.hud.compass         win=  0.051ms avg=  0.051ms p95=  0.051ms max=  0.321ms calls(last=  1,win= 120,total=1010) (win 0.3% | avg 0.3% budget)
  enemy.cheap.segment_build        win=  0.050ms avg=  0.071ms p95=  0.114ms max=  0.356ms calls(last=  1,win= 169,total=1036) (win 0.3% | avg 0.4% budget)
  frame.render.hud.static          win=  0.048ms avg=  0.048ms p95=  0.061ms max=  0.158ms calls(last=  1,win= 120,total=1010) (win 0.3% | avg 0.3% budget)
  frame.render.hud.bars            win=  0.041ms avg=  0.041ms p95=  0.041ms max=  0.187ms calls(last=  1,win= 120,total=1010) (win 0.2% | avg 0.2% budget)
  frame.input_poll                 win=  0.027ms avg=  0.027ms p95=  0.029ms max=  0.117ms calls(last=  1,win= 120,total=1440) (win 0.2% | avg 0.2% budget)
  system.player_update             win=  0.025ms avg=  0.026ms p95=  0.028ms max=  0.115ms calls(last=  1,win= 123,total=946) (win 0.2% | avg 0.2% budget)
  system.physics_collision         win=  0.025ms avg=  0.026ms p95=  0.032ms max=  0.127ms calls(last=  1,win= 123,total=1036) (win 0.2% | avg 0.2% budget)
[ENEMY_STATS] frame=1440 alive=63 visible=0 full=0 cheap=63 fullInBase=0 pairs(frontal=0 checks=0 separation=0 resolved=0)
[ENEMY_WINDOW] steps=123 alive[min=57 max=63] visible[min=0 max=0] full[min=0 max=0] collisionPasses[runs=0 skips=123]
[ENEMY_SEGMENTS] window=2.050s D{b/s=3.41 avgLen=5.04 fail=0} T{b/s=6.34 avgLen=6.79 fail=0} H{b/s=9.76 avgLen=5.01 fail=0} A{b/s=3.41 avgLen=5.15 fail=123}
[ENEMY_GRID] frontal{cand/s=0.0 xcell/s=0.0 ins/s=0.0} separation{cand/s=0.0}
[ENEMY_COLLISION_WINDOW] frontal{pairs/s=0.0 checks/s=0.0 baseSkip=0 kill=0(0.0%)} separation{pairs/s=0.0 resolved/s=0.0(0.0%) baseSkip=0 kill=0 wallBlock=0}
[ENEMY_KILL_DEBUG] enemyEnemy{events=0 frontal=0 separation=0 reenterEither=0 reenterBoth=0 wallContact=0 dist[min=0.000 avg=0.000 max=0.000]}
[ENEMY_NAV_CACHE] playerCell{changes=2 flowRebuilds=1} flow{hit=0 miss=0 hit%=0.0} pathFallback{calls=0 ok=0 ok%=0.0}
[ENEMY_SAP] updates=0 active=0 pairs=0 repairs{x=0 y=0}
[ENEMY_PAIR_TYPES] frontal DD=0 DT=0 DH=0 DA=0 TT=0 TH=0 TA=0 HH=0 HA=0 AA=0 separation DD=0 DT=0 DH=0 DA=0 TT=0 TH=0 TA=0 HH=0 HA=0 AA=0
[ENEMY_KILL_DEBUG_COLLISION] projectile{kills=0 wallContact=0}

[PROFILE] frame=1560 budget=16.667ms alloc(+92/-92, +200672b/-200672b, live=162168b peak=361264b)
  frame.total                      win= 16.917ms avg= 16.917ms p95= 17.365ms max= 85.743ms calls(last=  1,win= 120,total=1560) (win 101.5% | avg 101.5% budget)
  frame.render                     win= 12.712ms avg= 12.712ms p95= 13.457ms max= 85.704ms calls(last=  1,win= 120,total=1560) (win 76.3% | avg 76.3% budget)
  frame.present                    win= 11.151ms avg= 11.151ms p95= 11.943ms max= 85.698ms calls(last=  1,win= 120,total=1560) (win 66.9% | avg 66.9% budget)
  frame.fixed_step                 win=  4.064ms avg=  4.165ms p95=  4.289ms max= 14.167ms calls(last=  1,win= 123,total=1599) (win 24.4% | avg 25.0% budget)
  frame.render.world               win=  3.449ms avg=  3.449ms p95=  3.800ms max=  5.099ms calls(last=  1,win= 120,total=1130) (win 20.7% | avg 20.7% budget)
  game.update                      win=  2.328ms avg=  2.386ms p95=  2.552ms max= 12.399ms calls(last=  1,win= 123,total=1159) (win 14.0% | avg 14.3% budget)
  system.ai_update                 win=  2.173ms avg=  2.227ms p95=  2.420ms max= 12.264ms calls(last=  1,win= 123,total=1159) (win 13.0% | avg 13.4% budget)
  enemy.update                     win=  2.166ms avg=  2.220ms p95=  2.412ms max= 12.258ms calls(last=  1,win= 123,total=1159) (win 13.0% | avg 13.3% budget)
  frame.render.world.enemies       win=  1.149ms avg=  1.149ms p95=  1.384ms max=  1.429ms calls(last=  1,win= 120,total=1130) (win 6.9% | avg 6.9% budget)
  frame.render.world.enemies.draw  win=  1.120ms avg=  1.120ms p95=  1.353ms max=  1.408ms calls(last=  1,win= 120,total=1130) (win 6.7% | avg 6.7% budget)
  frame.render.world.maze          win=  1.022ms avg=  1.022ms p95=  1.078ms max=  1.547ms calls(last=  1,win= 120,total=1130) (win 6.1% | avg 6.1% budget)
  frame.render.hud                 win=  0.895ms avg=  0.895ms p95=  0.974ms max=  2.440ms calls(last=  1,win= 120,total=1130) (win 5.4% | avg 5.4% budget)
  frame.render.hud.minimap         win=  0.462ms avg=  0.462ms p95=  0.501ms max=  1.414ms calls(last=  1,win= 120,total=1130) (win 2.8% | avg 2.8% budget)
  frame.render.world.effects       win=  0.443ms avg=  0.443ms p95=  0.525ms max=  0.784ms calls(last=  1,win= 120,total=1130) (win 2.7% | avg 2.7% budget)
  frame.render.hud.text            win=  0.220ms avg=  0.220ms p95=  0.261ms max=  0.521ms calls(last=  1,win= 120,total=1130) (win 1.3% | avg 1.3% budget)
  system.spawner_update            win=  0.059ms avg=  0.061ms p95=  0.222ms max=  0.322ms calls(last=  1,win= 123,total=1159) (win 0.4% | avg 0.4% budget)
  frame.render.hud.lives           win=  0.054ms avg=  0.054ms p95=  0.054ms max=  0.193ms calls(last=  1,win= 120,total=1130) (win 0.3% | avg 0.3% budget)
  frame.render.hud.compass         win=  0.050ms avg=  0.050ms p95=  0.051ms max=  0.321ms calls(last=  1,win= 120,total=1130) (win 0.3% | avg 0.3% budget)
  enemy.cheap.segment_build        win=  0.050ms avg=  0.078ms p95=  0.150ms max=  0.356ms calls(last=  1,win= 190,total=1226) (win 0.3% | avg 0.5% budget)
  frame.render.hud.static          win=  0.048ms avg=  0.048ms p95=  0.070ms max=  0.158ms calls(last=  1,win= 120,total=1130) (win 0.3% | avg 0.3% budget)
  frame.render.hud.bars            win=  0.040ms avg=  0.040ms p95=  0.041ms max=  0.187ms calls(last=  1,win= 120,total=1130) (win 0.2% | avg 0.2% budget)
  frame.input_poll                 win=  0.027ms avg=  0.027ms p95=  0.028ms max=  0.117ms calls(last=  1,win= 120,total=1560) (win 0.2% | avg 0.2% budget)
  system.physics_collision         win=  0.027ms avg=  0.028ms p95=  0.044ms max=  0.127ms calls(last=  1,win= 123,total=1159) (win 0.2% | avg 0.2% budget)
  system.player_update             win=  0.026ms avg=  0.026ms p95=  0.029ms max=  0.115ms calls(last=  1,win= 123,total=1069) (win 0.2% | avg 0.2% budget)
[ENEMY_STATS] frame=1560 alive=72 visible=0 full=0 cheap=72 fullInBase=0 pairs(frontal=0 checks=0 separation=0 resolved=0)
[ENEMY_WINDOW] steps=123 alive[min=63 max=72] visible[min=0 max=0] full[min=0 max=0] collisionPasses[runs=0 skips=123]
[ENEMY_SEGMENTS] window=2.050s D{b/s=2.93 avgLen=5.32 fail=0} T{b/s=8.78 avgLen=6.23 fail=5} H{b/s=11.71 avgLen=5.26 fail=0} A{b/s=6.83 avgLen=4.29 fail=123}
[ENEMY_GRID] frontal{cand/s=0.0 xcell/s=0.0 ins/s=0.0} separation{cand/s=0.0}
[ENEMY_COLLISION_WINDOW] frontal{pairs/s=0.0 checks/s=0.0 baseSkip=0 kill=0(0.0%)} separation{pairs/s=0.0 resolved/s=0.0(0.0%) baseSkip=0 kill=0 wallBlock=0}
[ENEMY_KILL_DEBUG] enemyEnemy{events=0 frontal=0 separation=0 reenterEither=0 reenterBoth=0 wallContact=0 dist[min=0.000 avg=0.000 max=0.000]}
[ENEMY_NAV_CACHE] playerCell{changes=2 flowRebuilds=1} flow{hit=0 miss=0 hit%=0.0} pathFallback{calls=0 ok=0 ok%=0.0}
[ENEMY_SAP] updates=0 active=0 pairs=0 repairs{x=0 y=0}
[ENEMY_PAIR_TYPES] frontal DD=0 DT=0 DH=0 DA=0 TT=0 TH=0 TA=0 HH=0 HA=0 AA=0 separation DD=0 DT=0 DH=0 DA=0 TT=0 TH=0 TA=0 HH=0 HA=0 AA=0
[ENEMY_KILL_DEBUG_COLLISION] projectile{kills=0 wallContact=0}

[PROFILE] frame=1680 budget=16.667ms alloc(+98/-98, +208128b/-208128b, live=162168b peak=368904b)
  frame.total                      win= 16.883ms avg= 16.883ms p95= 17.385ms max= 85.743ms calls(last=  1,win= 120,total=1680) (win 101.3% | avg 101.3% budget)
  frame.render                     win= 12.428ms avg= 12.428ms p95= 12.989ms max= 85.704ms calls(last=  1,win= 120,total=1680) (win 74.6% | avg 74.6% budget)
  frame.present                    win= 10.840ms avg= 10.840ms p95= 11.304ms max= 85.698ms calls(last=  1,win= 120,total=1680) (win 65.0% | avg 65.0% budget)
  frame.fixed_step                 win=  4.343ms avg=  4.416ms p95=  4.590ms max= 14.167ms calls(last=  1,win= 122,total=1721) (win 26.1% | avg 26.5% budget)
  frame.render.world               win=  3.356ms avg=  3.356ms p95=  3.608ms max=  5.099ms calls(last=  1,win= 120,total=1250) (win 20.1% | avg 20.1% budget)
  game.update                      win=  2.309ms avg=  2.347ms p95=  2.486ms max= 12.399ms calls(last=  1,win= 122,total=1281) (win 13.9% | avg 14.1% budget)
  system.ai_update                 win=  2.152ms avg=  2.188ms p95=  2.255ms max= 12.264ms calls(last=  1,win= 122,total=1281) (win 12.9% | avg 13.1% budget)
  enemy.update                     win=  2.146ms avg=  2.182ms p95=  2.249ms max= 12.258ms calls(last=  1,win= 122,total=1281) (win 12.9% | avg 13.1% budget)
  frame.render.world.enemies       win=  1.144ms avg=  1.144ms p95=  1.224ms max=  1.514ms calls(last=  1,win= 120,total=1250) (win 6.9% | avg 6.9% budget)
  frame.render.world.enemies.draw  win=  1.111ms avg=  1.111ms p95=  1.177ms max=  1.482ms calls(last=  1,win= 120,total=1250) (win 6.7% | avg 6.7% budget)
  frame.render.world.maze          win=  0.988ms avg=  0.988ms p95=  1.071ms max=  1.547ms calls(last=  1,win= 120,total=1250) (win 5.9% | avg 5.9% budget)
  frame.render.hud                 win=  0.896ms avg=  0.896ms p95=  0.980ms max=  2.440ms calls(last=  1,win= 120,total=1250) (win 5.4% | avg 5.4% budget)
  frame.render.hud.minimap         win=  0.462ms avg=  0.462ms p95=  0.523ms max=  1.414ms calls(last=  1,win= 120,total=1250) (win 2.8% | avg 2.8% budget)
  frame.render.world.effects       win=  0.430ms avg=  0.430ms p95=  0.511ms max=  0.784ms calls(last=  1,win= 120,total=1250) (win 2.6% | avg 2.6% budget)
  frame.render.hud.text            win=  0.225ms avg=  0.225ms p95=  0.265ms max=  0.521ms calls(last=  1,win= 120,total=1250) (win 1.3% | avg 1.3% budget)
  system.spawner_update            win=  0.060ms avg=  0.061ms p95=  0.214ms max=  0.403ms calls(last=  1,win= 122,total=1281) (win 0.4% | avg 0.4% budget)
  frame.render.hud.lives           win=  0.053ms avg=  0.053ms p95=  0.054ms max=  0.193ms calls(last=  1,win= 120,total=1250) (win 0.3% | avg 0.3% budget)
  frame.render.hud.compass         win=  0.050ms avg=  0.050ms p95=  0.051ms max=  0.321ms calls(last=  1,win= 120,total=1250) (win 0.3% | avg 0.3% budget)
  enemy.cheap.segment_build        win=  0.050ms avg=  0.076ms p95=  0.128ms max=  0.356ms calls(last=  1,win= 182,total=1408) (win 0.3% | avg 0.5% budget)
  frame.render.hud.static          win=  0.045ms avg=  0.045ms p95=  0.059ms max=  0.158ms calls(last=  1,win= 120,total=1250) (win 0.3% | avg 0.3% budget)
  frame.render.hud.bars            win=  0.040ms avg=  0.040ms p95=  0.041ms max=  0.187ms calls(last=  1,win= 120,total=1250) (win 0.2% | avg 0.2% budget)
  frame.render.world.enemies.cull  win=  0.030ms avg=  0.030ms p95=  0.032ms max=  0.159ms calls(last=  1,win= 120,total=1250) (win 0.2% | avg 0.2% budget)
  system.physics_collision         win=  0.028ms avg=  0.029ms p95=  0.035ms max=  0.127ms calls(last=  1,win= 122,total=1281) (win 0.2% | avg 0.2% budget)
  frame.input_poll                 win=  0.027ms avg=  0.027ms p95=  0.029ms max=  0.117ms calls(last=  1,win= 120,total=1680) (win 0.2% | avg 0.2% budget)
[ENEMY_STATS] frame=1680 alive=79 visible=0 full=0 cheap=79 fullInBase=0 pairs(frontal=0 checks=0 separation=0 resolved=0)
[ENEMY_WINDOW] steps=122 alive[min=72 max=79] visible[min=0 max=0] full[min=0 max=0] collisionPasses[runs=0 skips=122]
[ENEMY_SEGMENTS] window=2.033s D{b/s=1.97 avgLen=5.28 fail=0} T{b/s=8.85 avgLen=6.95 fail=0} H{b/s=12.79 avgLen=4.86 fail=0} A{b/s=5.41 avgLen=4.90 fail=122}
[ENEMY_GRID] frontal{cand/s=0.0 xcell/s=0.0 ins/s=0.0} separation{cand/s=0.0}
[ENEMY_COLLISION_WINDOW] frontal{pairs/s=0.0 checks/s=0.0 baseSkip=0 kill=0(0.0%)} separation{pairs/s=0.0 resolved/s=0.0(0.0%) baseSkip=0 kill=0 wallBlock=0}
[ENEMY_KILL_DEBUG] enemyEnemy{events=0 frontal=0 separation=0 reenterEither=0 reenterBoth=0 wallContact=0 dist[min=0.000 avg=0.000 max=0.000]}
[ENEMY_NAV_CACHE] playerCell{changes=2 flowRebuilds=0} flow{hit=0 miss=0 hit%=0.0} pathFallback{calls=0 ok=0 ok%=0.0}
[ENEMY_SAP] updates=0 active=0 pairs=0 repairs{x=0 y=0}
[ENEMY_PAIR_TYPES] frontal DD=0 DT=0 DH=0 DA=0 TT=0 TH=0 TA=0 HH=0 HA=0 AA=0 separation DD=0 DT=0 DH=0 DA=0 TT=0 TH=0 TA=0 HH=0 HA=0 AA=0
[ENEMY_KILL_DEBUG_COLLISION] projectile{kills=0 wallContact=0}

[PROFILE] frame=1800 budget=16.667ms alloc(+103/-103, +212984b/-212984b, live=162168b peak=373648b)
  frame.total                      win= 16.962ms avg= 16.962ms p95= 17.454ms max= 85.743ms calls(last=  1,win= 120,total=1800) (win 101.8% | avg 101.8% budget)
  frame.render                     win= 12.091ms avg= 12.091ms p95= 12.706ms max= 85.704ms calls(last=  1,win= 120,total=1800) (win 72.5% | avg 72.5% budget)
  frame.present                    win= 10.529ms avg= 10.529ms p95= 11.141ms max= 85.698ms calls(last=  1,win= 120,total=1800) (win 63.2% | avg 63.2% budget)
  frame.fixed_step                 win=  4.713ms avg=  4.831ms p95=  4.951ms max= 14.762ms calls(last=  1,win= 123,total=1844) (win 28.3% | avg 29.0% budget)
  frame.render.world               win=  3.458ms avg=  3.458ms p95=  3.769ms max=  5.099ms calls(last=  1,win= 120,total=1370) (win 20.7% | avg 20.7% budget)
  game.update                      win=  2.462ms avg=  2.524ms p95=  2.612ms max= 12.555ms calls(last=  1,win= 123,total=1404) (win 14.8% | avg 15.1% budget)
  system.ai_update                 win=  2.301ms avg=  2.358ms p95=  2.454ms max= 12.413ms calls(last=  1,win= 123,total=1404) (win 13.8% | avg 14.1% budget)
  enemy.update                     win=  2.294ms avg=  2.352ms p95=  2.448ms max= 12.406ms calls(last=  1,win= 123,total=1404) (win 13.8% | avg 14.1% budget)
  frame.render.world.enemies       win=  1.147ms avg=  1.147ms p95=  1.260ms max=  1.514ms calls(last=  1,win= 120,total=1370) (win 6.9% | avg 6.9% budget)
  frame.render.world.enemies.draw  win=  1.112ms avg=  1.112ms p95=  1.223ms max=  1.482ms calls(last=  1,win= 120,total=1370) (win 6.7% | avg 6.7% budget)
  frame.render.world.maze          win=  1.079ms avg=  1.079ms p95=  1.195ms max=  1.547ms calls(last=  1,win= 120,total=1370) (win 6.5% | avg 6.5% budget)
  frame.render.hud                 win=  0.896ms avg=  0.896ms p95=  0.996ms max=  2.440ms calls(last=  1,win= 120,total=1370) (win 5.4% | avg 5.4% budget)
  frame.render.hud.minimap         win=  0.466ms avg=  0.466ms p95=  0.516ms max=  1.414ms calls(last=  1,win= 120,total=1370) (win 2.8% | avg 2.8% budget)
  frame.render.world.effects       win=  0.437ms avg=  0.437ms p95=  0.519ms max=  0.784ms calls(last=  1,win= 120,total=1370) (win 2.6% | avg 2.6% budget)
  frame.render.hud.text            win=  0.222ms avg=  0.222ms p95=  0.271ms max=  0.521ms calls(last=  1,win= 120,total=1370) (win 1.3% | avg 1.3% budget)
  system.spawner_update            win=  0.063ms avg=  0.065ms p95=  0.207ms max=  0.403ms calls(last=  1,win= 123,total=1404) (win 0.4% | avg 0.4% budget)
  frame.render.hud.lives           win=  0.053ms avg=  0.053ms p95=  0.054ms max=  0.193ms calls(last=  1,win= 120,total=1370) (win 0.3% | avg 0.3% budget)
  frame.render.hud.compass         win=  0.051ms avg=  0.051ms p95=  0.053ms max=  0.321ms calls(last=  1,win= 120,total=1370) (win 0.3% | avg 0.3% budget)
  enemy.cheap.segment_build        win=  0.051ms avg=  0.081ms p95=  0.126ms max=  0.356ms calls(last=  3,win= 190,total=1598) (win 0.3% | avg 0.5% budget)
  frame.render.hud.static          win=  0.045ms avg=  0.045ms p95=  0.056ms max=  0.158ms calls(last=  1,win= 120,total=1370) (win 0.3% | avg 0.3% budget)
  frame.render.hud.bars            win=  0.039ms avg=  0.039ms p95=  0.040ms max=  0.187ms calls(last=  1,win= 120,total=1370) (win 0.2% | avg 0.2% budget)
  frame.render.world.enemies.cull  win=  0.031ms avg=  0.031ms p95=  0.034ms max=  0.159ms calls(last=  1,win= 120,total=1370) (win 0.2% | avg 0.2% budget)
  system.physics_collision         win=  0.029ms avg=  0.030ms p95=  0.035ms max=  0.127ms calls(last=  1,win= 123,total=1404) (win 0.2% | avg 0.2% budget)
  frame.input_poll                 win=  0.027ms avg=  0.027ms p95=  0.028ms max=  0.117ms calls(last=  1,win= 120,total=1800) (win 0.2% | avg 0.2% budget)
[ENEMY_STATS] frame=1800 alive=84 visible=0 full=0 cheap=84 fullInBase=0 pairs(frontal=0 checks=0 separation=0 resolved=0)
[ENEMY_WINDOW] steps=123 alive[min=79 max=84] visible[min=0 max=0] full[min=0 max=0] collisionPasses[runs=0 skips=123]
[ENEMY_SEGMENTS] window=2.050s D{b/s=3.90 avgLen=5.73 fail=0} T{b/s=5.85 avgLen=6.99 fail=0} H{b/s=16.59 avgLen=4.96 fail=0} A{b/s=6.34 avgLen=4.60 fail=123}
[ENEMY_GRID] frontal{cand/s=0.0 xcell/s=0.0 ins/s=0.0} separation{cand/s=0.0}
[ENEMY_COLLISION_WINDOW] frontal{pairs/s=0.0 checks/s=0.0 baseSkip=0 kill=0(0.0%)} separation{pairs/s=0.0 resolved/s=0.0(0.0%) baseSkip=0 kill=0 wallBlock=0}
[ENEMY_KILL_DEBUG] enemyEnemy{events=0 frontal=0 separation=0 reenterEither=0 reenterBoth=0 wallContact=0 dist[min=0.000 avg=0.000 max=0.000]}
[ENEMY_NAV_CACHE] playerCell{changes=2 flowRebuilds=1} flow{hit=0 miss=0 hit%=0.0} pathFallback{calls=0 ok=0 ok%=0.0}
[ENEMY_SAP] updates=0 active=0 pairs=0 repairs{x=0 y=0}
[ENEMY_PAIR_TYPES] frontal DD=0 DT=0 DH=0 DA=0 TT=0 TH=0 TA=0 HH=0 HA=0 AA=0 separation DD=0 DT=0 DH=0 DA=0 TT=0 TH=0 TA=0 HH=0 HA=0 AA=0
[ENEMY_KILL_DEBUG_COLLISION] projectile{kills=0 wallContact=0}

[PROFILE] frame=1920 budget=16.667ms alloc(+111/-111, +219832b/-219832b, live=162240b peak=380504b)
  frame.total                      win= 16.979ms avg= 16.979ms p95= 17.455ms max= 85.743ms calls(last=  1,win= 120,total=1920) (win 101.9% | avg 101.9% budget)
  frame.render                     win= 11.753ms avg= 11.753ms p95= 12.549ms max= 85.704ms calls(last=  1,win= 120,total=1920) (win 70.5% | avg 70.5% budget)
  frame.present                    win= 10.144ms avg= 10.144ms p95= 10.953ms max= 85.698ms calls(last=  1,win= 120,total=1920) (win 60.9% | avg 60.9% budget)
  frame.fixed_step                 win=  5.058ms avg=  5.184ms p95=  5.325ms max= 15.282ms calls(last=  1,win= 123,total=1967) (win 30.3% | avg 31.1% budget)
  frame.render.world               win=  3.456ms avg=  3.456ms p95=  3.877ms max=  5.099ms calls(last=  1,win= 120,total=1490) (win 20.7% | avg 20.7% budget)
  game.update                      win=  2.537ms avg=  2.600ms p95=  2.707ms max= 12.648ms calls(last=  1,win= 123,total=1527) (win 15.2% | avg 15.6% budget)
  system.ai_update                 win=  2.366ms avg=  2.426ms p95=  2.503ms max= 12.477ms calls(last=  1,win= 123,total=1527) (win 14.2% | avg 14.6% budget)
  enemy.update                     win=  2.360ms avg=  2.419ms p95=  2.496ms max= 12.471ms calls(last=  1,win= 123,total=1527) (win 14.2% | avg 14.5% budget)
  frame.render.world.enemies       win=  1.144ms avg=  1.144ms p95=  1.217ms max=  1.514ms calls(last=  1,win= 120,total=1490) (win 6.9% | avg 6.9% budget)
  frame.render.world.enemies.draw  win=  1.106ms avg=  1.106ms p95=  1.179ms max=  1.482ms calls(last=  1,win= 120,total=1490) (win 6.6% | avg 6.6% budget)
  frame.render.world.maze          win=  1.043ms avg=  1.043ms p95=  1.146ms max=  1.547ms calls(last=  1,win= 120,total=1490) (win 6.3% | avg 6.3% budget)
  frame.render.hud                 win=  0.900ms avg=  0.900ms p95=  0.975ms max=  2.440ms calls(last=  1,win= 120,total=1490) (win 5.4% | avg 5.4% budget)
  frame.render.world.effects       win=  0.487ms avg=  0.487ms p95=  0.828ms max=  0.952ms calls(last=  1,win= 120,total=1490) (win 2.9% | avg 2.9% budget)
  frame.render.hud.minimap         win=  0.463ms avg=  0.463ms p95=  0.505ms max=  1.414ms calls(last=  1,win= 120,total=1490) (win 2.8% | avg 2.8% budget)
  frame.render.hud.text            win=  0.219ms avg=  0.219ms p95=  0.257ms max=  0.521ms calls(last=  1,win= 120,total=1490) (win 1.3% | avg 1.3% budget)
  system.spawner_update            win=  0.066ms avg=  0.067ms p95=  0.202ms max=  0.403ms calls(last=  1,win= 123,total=1527) (win 0.4% | avg 0.4% budget)
  frame.render.hud.lives           win=  0.055ms avg=  0.055ms p95=  0.055ms max=  0.284ms calls(last=  1,win= 120,total=1490) (win 0.3% | avg 0.3% budget)
  frame.render.hud.compass         win=  0.052ms avg=  0.052ms p95=  0.063ms max=  0.321ms calls(last=  1,win= 120,total=1490) (win 0.3% | avg 0.3% budget)
  frame.render.hud.static          win=  0.050ms avg=  0.050ms p95=  0.069ms max=  0.158ms calls(last=  1,win= 120,total=1490) (win 0.3% | avg 0.3% budget)
  enemy.cheap.segment_build        win=  0.050ms avg=  0.079ms p95=  0.129ms max=  0.356ms calls(last=  1,win= 191,total=1789) (win 0.3% | avg 0.5% budget)
  frame.render.world.effects.projectiles win=  0.049ms avg=  0.008ms p95=  0.054ms max=  0.063ms calls(last=  1,win=  20,total=20) (win 0.3% | avg 0.0% budget)
  frame.render.hud.bars            win=  0.040ms avg=  0.040ms p95=  0.040ms max=  0.187ms calls(last=  1,win= 120,total=1490) (win 0.2% | avg 0.2% budget)
  frame.render.world.enemies.cull  win=  0.034ms avg=  0.034ms p95=  0.042ms max=  0.159ms calls(last=  1,win= 120,total=1490) (win 0.2% | avg 0.2% budget)
  system.physics_collision         win=  0.033ms avg=  0.034ms p95=  0.051ms max=  0.127ms calls(last=  1,win= 123,total=1527) (win 0.2% | avg 0.2% budget)
[ENEMY_STATS] frame=1920 alive=91 visible=0 full=0 cheap=91 fullInBase=0 pairs(frontal=0 checks=0 separation=0 resolved=0)
[ENEMY_WINDOW] steps=123 alive[min=84 max=91] visible[min=0 max=0] full[min=0 max=0] collisionPasses[runs=0 skips=123]
[ENEMY_SEGMENTS] window=2.050s D{b/s=1.46 avgLen=4.65 fail=0} T{b/s=8.78 avgLen=6.26 fail=0} H{b/s=17.07 avgLen=5.37 fail=0} A{b/s=5.85 avgLen=4.45 fail=123}
[ENEMY_GRID] frontal{cand/s=0.0 xcell/s=0.0 ins/s=0.0} separation{cand/s=0.0}
[ENEMY_COLLISION_WINDOW] frontal{pairs/s=0.0 checks/s=0.0 baseSkip=0 kill=0(0.0%)} separation{pairs/s=0.0 resolved/s=0.0(0.0%) baseSkip=0 kill=0 wallBlock=0}
[ENEMY_KILL_DEBUG] enemyEnemy{events=0 frontal=0 separation=0 reenterEither=0 reenterBoth=0 wallContact=0 dist[min=0.000 avg=0.000 max=0.000]}
[ENEMY_NAV_CACHE] playerCell{changes=2 flowRebuilds=1} flow{hit=0 miss=0 hit%=0.0} pathFallback{calls=0 ok=0 ok%=0.0}
[ENEMY_SAP] updates=0 active=0 pairs=0 repairs{x=0 y=0}
[ENEMY_PAIR_TYPES] frontal DD=0 DT=0 DH=0 DA=0 TT=0 TH=0 TA=0 HH=0 HA=0 AA=0 separation DD=0 DT=0 DH=0 DA=0 TT=0 TH=0 TA=0 HH=0 HA=0 AA=0
[ENEMY_KILL_DEBUG_COLLISION] projectile{kills=0 wallContact=0}

[PROFILE] frame=2040 budget=16.667ms alloc(+119/-119, +226968b/-226968b, live=162240b peak=387232b)
  frame.total                      win= 16.965ms avg= 16.965ms p95= 17.695ms max= 85.743ms calls(last=  1,win= 120,total=2040) (win 101.8% | avg 101.8% budget)
  frame.render                     win= 11.289ms avg= 11.289ms p95= 12.054ms max= 85.704ms calls(last=  1,win= 120,total=2040) (win 67.7% | avg 67.7% budget)
  frame.present                    win=  9.687ms avg=  9.687ms p95= 10.407ms max= 85.698ms calls(last=  1,win= 120,total=2040) (win 58.1% | avg 58.1% budget)
  frame.fixed_step                 win=  5.498ms avg=  5.635ms p95=  5.787ms max= 15.282ms calls(last=  1,win= 123,total=2090) (win 33.0% | avg 33.8% budget)
  frame.render.world               win=  3.725ms avg=  3.725ms p95=  4.112ms max=  6.151ms calls(last=  1,win= 120,total=1610) (win 22.4% | avg 22.4% budget)
  game.update                      win=  2.576ms avg=  2.640ms p95=  2.804ms max= 12.648ms calls(last=  1,win= 123,total=1650) (win 15.5% | avg 15.8% budget)
  system.ai_update                 win=  2.368ms avg=  2.427ms p95=  2.581ms max= 12.477ms calls(last=  1,win= 123,total=1650) (win 14.2% | avg 14.6% budget)
  enemy.update                     win=  2.362ms avg=  2.421ms p95=  2.574ms max= 12.471ms calls(last=  1,win= 123,total=1650) (win 14.2% | avg 14.5% budget)
  frame.render.world.enemies       win=  1.147ms avg=  1.147ms p95=  1.229ms max=  1.514ms calls(last=  1,win= 120,total=1610) (win 6.9% | avg 6.9% budget)
  frame.render.world.maze          win=  1.146ms avg=  1.146ms p95=  1.345ms max=  3.325ms calls(last=  1,win= 120,total=1610) (win 6.9% | avg 6.9% budget)
  frame.render.world.enemies.draw  win=  1.106ms avg=  1.106ms p95=  1.183ms max=  1.482ms calls(last=  1,win= 120,total=1610) (win 6.6% | avg 6.6% budget)
  frame.render.hud                 win=  0.894ms avg=  0.894ms p95=  0.966ms max=  2.440ms calls(last=  1,win= 120,total=1610) (win 5.4% | avg 5.4% budget)
  frame.render.world.effects       win=  0.645ms avg=  0.645ms p95=  0.917ms max=  1.072ms calls(last=  1,win= 120,total=1610) (win 3.9% | avg 3.9% budget)
  frame.render.hud.minimap         win=  0.464ms avg=  0.464ms p95=  0.540ms max=  1.414ms calls(last=  1,win= 120,total=1610) (win 2.8% | avg 2.8% budget)
  frame.render.hud.text            win=  0.221ms avg=  0.221ms p95=  0.259ms max=  0.521ms calls(last=  1,win= 120,total=1610) (win 1.3% | avg 1.3% budget)
  system.spawner_update            win=  0.070ms avg=  0.072ms p95=  0.224ms max=  0.403ms calls(last=  1,win= 123,total=1650) (win 0.4% | avg 0.4% budget)
  system.physics_collision         win=  0.063ms avg=  0.064ms p95=  0.077ms max=  0.179ms calls(last=  1,win= 123,total=1650) (win 0.4% | avg 0.4% budget)
  frame.render.hud.lives           win=  0.053ms avg=  0.053ms p95=  0.054ms max=  0.284ms calls(last=  1,win= 120,total=1610) (win 0.3% | avg 0.3% budget)
  frame.render.hud.compass         win=  0.051ms avg=  0.051ms p95=  0.051ms max=  0.321ms calls(last=  1,win= 120,total=1610) (win 0.3% | avg 0.3% budget)
  enemy.cheap.segment_build        win=  0.050ms avg=  0.085ms p95=  0.142ms max=  0.356ms calls(last=  1,win= 203,total=1992) (win 0.3% | avg 0.5% budget)
  frame.render.hud.static          win=  0.045ms avg=  0.045ms p95=  0.060ms max=  0.158ms calls(last=  1,win= 120,total=1610) (win 0.3% | avg 0.3% budget)
  frame.render.world.effects.projectiles win=  0.040ms avg=  0.040ms p95=  0.075ms max=  0.134ms calls(last=  1,win= 120,total=140) (win 0.2% | avg 0.2% budget)
  frame.render.hud.bars            win=  0.039ms avg=  0.039ms p95=  0.040ms max=  0.187ms calls(last=  1,win= 120,total=1610) (win 0.2% | avg 0.2% budget)
  frame.render.world.enemies.cull  win=  0.037ms avg=  0.037ms p95=  0.039ms max=  0.271ms calls(last=  1,win= 120,total=1610) (win 0.2% | avg 0.2% budget)
[ENEMY_STATS] frame=2040 alive=98 visible=0 full=0 cheap=98 fullInBase=0 pairs(frontal=0 checks=0 separation=0 resolved=0)
[ENEMY_WINDOW] steps=123 alive[min=91 max=98] visible[min=0 max=0] full[min=0 max=0] collisionPasses[runs=0 skips=123]
[ENEMY_SEGMENTS] window=2.050s D{b/s=4.39 avgLen=4.71 fail=0} T{b/s=7.32 avgLen=4.96 fail=0} H{b/s=20.49 avgLen=5.06 fail=0} A{b/s=7.32 avgLen=4.10 fail=123}
[ENEMY_GRID] frontal{cand/s=0.0 xcell/s=0.0 ins/s=0.0} separation{cand/s=0.0}
[ENEMY_COLLISION_WINDOW] frontal{pairs/s=0.0 checks/s=0.0 baseSkip=0 kill=0(0.0%)} separation{pairs/s=0.0 resolved/s=0.0(0.0%) baseSkip=0 kill=0 wallBlock=0}
[ENEMY_KILL_DEBUG] enemyEnemy{events=0 frontal=0 separation=0 reenterEither=0 reenterBoth=0 wallContact=0 dist[min=0.000 avg=0.000 max=0.000]}
[ENEMY_NAV_CACHE] playerCell{changes=1 flowRebuilds=0} flow{hit=0 miss=0 hit%=0.0} pathFallback{calls=0 ok=0 ok%=0.0}
[ENEMY_SAP] updates=0 active=0 pairs=0 repairs{x=0 y=0}
[ENEMY_PAIR_TYPES] frontal DD=0 DT=0 DH=0 DA=0 TT=0 TH=0 TA=0 HH=0 HA=0 AA=0 separation DD=0 DT=0 DH=0 DA=0 TT=0 TH=0 TA=0 HH=0 HA=0 AA=0
[ENEMY_KILL_DEBUG_COLLISION] projectile{kills=0 wallContact=0}

[PROFILE] frame=2160 budget=16.667ms alloc(+126/-126, +234416b/-234416b, live=162464b peak=395184b)
  frame.total                      win= 17.158ms avg= 17.158ms p95= 17.930ms max= 85.743ms calls(last=  1,win= 120,total=2160) (win 102.9% | avg 102.9% budget)
  frame.render                     win= 10.820ms avg= 10.820ms p95= 11.562ms max= 85.704ms calls(last=  1,win= 120,total=2160) (win 64.9% | avg 64.9% budget)
  frame.present                    win=  9.224ms avg=  9.224ms p95=  9.935ms max= 85.698ms calls(last=  1,win= 120,total=2160) (win 55.3% | avg 55.3% budget)
  frame.fixed_step                 win=  6.094ms avg=  6.298ms p95=  6.605ms max= 16.984ms calls(last=  1,win= 124,total=2214) (win 36.6% | avg 37.8% budget)
  frame.render.world               win=  4.065ms avg=  4.065ms p95=  4.292ms max= 11.727ms calls(last=  1,win= 120,total=1730) (win 24.4% | avg 24.4% budget)
  game.update                      win=  2.855ms avg=  2.951ms p95=  3.205ms max= 13.664ms calls(last=  1,win= 124,total=1774) (win 17.1% | avg 17.7% budget)
  system.ai_update                 win=  2.629ms avg=  2.717ms p95=  2.949ms max= 13.129ms calls(last=  1,win= 124,total=1774) (win 15.8% | avg 16.3% budget)
  enemy.update                     win=  2.623ms avg=  2.710ms p95=  2.944ms max= 13.123ms calls(last=  1,win= 124,total=1774) (win 15.7% | avg 16.3% budget)
  frame.render.world.maze          win=  1.179ms avg=  1.179ms p95=  1.269ms max=  3.325ms calls(last=  1,win= 120,total=1730) (win 7.1% | avg 7.1% budget)
  frame.render.world.enemies       win=  1.163ms avg=  1.163ms p95=  1.268ms max=  1.514ms calls(last=  1,win= 120,total=1730) (win 7.0% | avg 7.0% budget)
  frame.render.world.enemies.draw  win=  1.123ms avg=  1.123ms p95=  1.231ms max=  1.482ms calls(last=  1,win= 120,total=1730) (win 6.7% | avg 6.7% budget)
  frame.render.hud                 win=  0.899ms avg=  0.899ms p95=  0.984ms max=  2.440ms calls(last=  1,win= 120,total=1730) (win 5.4% | avg 5.4% budget)
  frame.render.world.effects       win=  0.829ms avg=  0.829ms p95=  0.977ms max=  1.223ms calls(last=  1,win= 120,total=1730) (win 5.0% | avg 5.0% budget)
  frame.render.hud.minimap         win=  0.466ms avg=  0.466ms p95=  0.535ms max=  1.414ms calls(last=  1,win= 120,total=1730) (win 2.8% | avg 2.8% budget)
  frame.render.hud.text            win=  0.222ms avg=  0.222ms p95=  0.262ms max=  0.521ms calls(last=  1,win= 120,total=1730) (win 1.3% | avg 1.3% budget)
  enemy.ai.movement                win=  0.173ms avg=  0.076ms p95=  0.212ms max=  0.329ms calls(last=  1,win=  53,total=53) (win 1.0% | avg 0.5% budget)
  system.physics_collision         win=  0.078ms avg=  0.081ms p95=  0.121ms max=  0.239ms calls(last=  1,win= 124,total=1774) (win 0.5% | avg 0.5% budget)
  system.spawner_update            win=  0.069ms avg=  0.072ms p95=  0.220ms max=  0.403ms calls(last=  1,win= 124,total=1774) (win 0.4% | avg 0.4% budget)
  frame.render.world.effects.projectiles win=  0.068ms avg=  0.068ms p95=  0.092ms max=  0.173ms calls(last=  1,win= 120,total=260) (win 0.4% | avg 0.4% budget)
  frame.render.hud.lives           win=  0.053ms avg=  0.053ms p95=  0.055ms max=  0.284ms calls(last=  1,win= 120,total=1730) (win 0.3% | avg 0.3% budget)
  frame.render.hud.compass         win=  0.050ms avg=  0.050ms p95=  0.051ms max=  0.321ms calls(last=  1,win= 120,total=1730) (win 0.3% | avg 0.3% budget)
  enemy.cheap.segment_build        win=  0.049ms avg=  0.092ms p95=  0.153ms max=  0.434ms calls(last=  1,win= 226,total=2218) (win 0.3% | avg 0.6% budget)
  frame.render.hud.static          win=  0.047ms avg=  0.047ms p95=  0.064ms max=  0.158ms calls(last=  1,win= 120,total=1730) (win 0.3% | avg 0.3% budget)
  enemy.ai.perception              win=  0.044ms avg=  0.019ms p95=  0.046ms max=  0.088ms calls(last=  1,win=  53,total=53) (win 0.3% | avg 0.1% budget)
[ENEMY_STATS] frame=2160 alive=106 visible=0 full=1 cheap=105 fullInBase=0 pairs(frontal=0 checks=0 separation=0 resolved=0)
[ENEMY_WINDOW] steps=124 alive[min=98 max=106] visible[min=0 max=0] full[min=0 max=1] collisionPasses[runs=0 skips=124]
[ENEMY_SEGMENTS] window=2.067s D{b/s=3.87 avgLen=5.63 fail=0} T{b/s=15.48 avgLen=6.12 fail=0} H{b/s=21.77 avgLen=4.79 fail=0} A{b/s=8.23 avgLen=4.98 fail=124}
[ENEMY_GRID] frontal{cand/s=0.0 xcell/s=0.0 ins/s=0.0} separation{cand/s=0.0}
[ENEMY_COLLISION_WINDOW] frontal{pairs/s=0.0 checks/s=0.0 baseSkip=0 kill=0(0.0%)} separation{pairs/s=0.0 resolved/s=0.0(0.0%) baseSkip=0 kill=0 wallBlock=0}
[ENEMY_KILL_DEBUG] enemyEnemy{events=0 frontal=0 separation=0 reenterEither=0 reenterBoth=0 wallContact=0 dist[min=0.000 avg=0.000 max=0.000]}
[ENEMY_NAV_CACHE] playerCell{changes=2 flowRebuilds=1} flow{hit=54 miss=0 hit%=100.0} pathFallback{calls=0 ok=0 ok%=0.0}
[ENEMY_SAP] updates=0 active=0 pairs=0 repairs{x=0 y=0}
[ENEMY_PAIR_TYPES] frontal DD=0 DT=0 DH=0 DA=0 TT=0 TH=0 TA=0 HH=0 HA=0 AA=0 separation DD=0 DT=0 DH=0 DA=0 TT=0 TH=0 TA=0 HH=0 HA=0 AA=0
[ENEMY_KILL_DEBUG_COLLISION] projectile{kills=0 wallContact=0}

[PROFILE] frame=2280 budget=16.667ms alloc(+148/-148, +249744b/-249744b, live=167480b peak=415248b)
  frame.total                      win= 17.240ms avg= 17.240ms p95= 18.062ms max= 85.743ms calls(last=  1,win= 120,total=2280) (win 103.4% | avg 103.4% budget)
  frame.render                     win=  9.348ms avg=  9.348ms p95= 10.234ms max= 85.704ms calls(last=  1,win= 120,total=2280) (win 56.1% | avg 56.1% budget)
  frame.present                    win=  7.776ms avg=  7.776ms p95=  8.668ms max= 85.698ms calls(last=  1,win= 120,total=2280) (win 46.7% | avg 46.7% budget)
  frame.fixed_step                 win=  7.537ms avg=  7.851ms p95=  8.628ms max= 16.984ms calls(last=  1,win= 125,total=2339) (win 45.2% | avg 47.1% budget)
  frame.render.world               win=  3.898ms avg=  3.898ms p95=  4.173ms max= 11.727ms calls(last=  1,win= 120,total=1850) (win 23.4% | avg 23.4% budget)
  game.update                      win=  3.766ms avg=  3.923ms p95=  4.681ms max= 13.664ms calls(last=  1,win= 125,total=1899) (win 22.6% | avg 23.5% budget)
  system.ai_update                 win=  3.542ms avg=  3.689ms p95=  4.475ms max= 13.129ms calls(last=  1,win= 125,total=1899) (win 21.3% | avg 22.1% budget)
  enemy.update                     win=  3.536ms avg=  3.683ms p95=  4.468ms max= 13.123ms calls(last=  1,win= 125,total=1899) (win 21.2% | avg 22.1% budget)
  frame.render.world.enemies       win=  1.168ms avg=  1.168ms p95=  1.267ms max=  1.514ms calls(last=  1,win= 120,total=1850) (win 7.0% | avg 7.0% budget)
  frame.render.world.enemies.draw  win=  1.123ms avg=  1.123ms p95=  1.223ms max=  1.482ms calls(last=  1,win= 120,total=1850) (win 6.7% | avg 6.7% budget)
  frame.render.world.maze          win=  1.123ms avg=  1.123ms p95=  1.300ms max=  3.325ms calls(last=  1,win= 120,total=1850) (win 6.7% | avg 6.7% budget)
  frame.render.hud                 win=  0.895ms avg=  0.895ms p95=  0.970ms max=  2.440ms calls(last=  1,win= 120,total=1850) (win 5.4% | avg 5.4% budget)
  frame.render.world.effects       win=  0.815ms avg=  0.815ms p95=  0.910ms max=  1.223ms calls(last=  1,win= 120,total=1850) (win 4.9% | avg 4.9% budget)
  frame.render.hud.minimap         win=  0.463ms avg=  0.463ms p95=  0.512ms max=  1.414ms calls(last=  1,win= 120,total=1850) (win 2.8% | avg 2.8% budget)
  enemy.physics.frontal_collisions win=  0.377ms avg=  0.339ms p95=  0.698ms max=  0.794ms calls(last=  1,win= 108,total=108) (win 2.3% | avg 2.0% budget)
  enemy.torpedo.select_heading     win=  0.355ms avg=  0.003ms p95=  0.000ms max=  0.355ms calls(last=  0,win=   1,total=1) (win 2.1% | avg 0.0% budget)
  enemy.physics.frontal_grid_build win=  0.281ms avg=  0.253ms p95=  0.543ms max=  0.692ms calls(last=  1,win= 108,total=108) (win 1.7% | avg 1.5% budget)
  frame.render.hud.text            win=  0.220ms avg=  0.220ms p95=  0.261ms max=  0.521ms calls(last=  1,win= 120,total=1850) (win 1.3% | avg 1.3% budget)
  enemy.ai.movement                win=  0.166ms avg=  0.432ms p95=  0.665ms max=  1.357ms calls(last=  4,win= 313,total=366) (win 1.0% | avg 2.6% budget)
  system.spawner_update            win=  0.079ms avg=  0.082ms p95=  0.273ms max=  0.403ms calls(last=  1,win= 125,total=1899) (win 0.5% | avg 0.5% budget)
  enemy.physics.frontal_pair_traverse win=  0.067ms avg=  0.060ms p95=  0.097ms max=  0.190ms calls(last=  1,win= 108,total=108) (win 0.4% | avg 0.4% budget)
  system.physics_collision         win=  0.066ms avg=  0.069ms p95=  0.103ms max=  0.239ms calls(last=  1,win= 125,total=1899) (win 0.4% | avg 0.4% budget)
  enemy.ai.perception              win=  0.064ms avg=  0.167ms p95=  0.310ms max=  0.612ms calls(last=  4,win= 313,total=366) (win 0.4% | avg 1.0% budget)
  frame.render.world.effects.projectiles win=  0.062ms avg=  0.062ms p95=  0.081ms max=  0.173ms calls(last=  1,win= 120,total=380) (win 0.4% | avg 0.4% budget)
[ENEMY_STATS] frame=2280 alive=115 visible=1 full=4 cheap=111 fullInBase=0 pairs(frontal=0 checks=0 separation=0 resolved=0)
[ENEMY_WINDOW] steps=125 alive[min=106 max=115] visible[min=0 max=1] full[min=1 max=4] collisionPasses[runs=109 skips=16]
[ENEMY_SEGMENTS] window=2.083s D{b/s=5.28 avgLen=4.92 fail=0} T{b/s=10.08 avgLen=6.76 fail=0} H{b/s=24.00 avgLen=4.91 fail=0} A{b/s=3.84 avgLen=4.85 fail=125}
[ENEMY_GRID] frontal{cand/s=144.0 xcell/s=1.0 ins/s=145.0} separation{cand/s=144.0}
[ENEMY_COLLISION_WINDOW] frontal{pairs/s=0.0 checks/s=0.0 baseSkip=0 kill=0(0.0%)} separation{pairs/s=0.0 resolved/s=0.0(0.0%) baseSkip=0 kill=0 wallBlock=0}
[ENEMY_KILL_DEBUG] enemyEnemy{events=0 frontal=0 separation=0 reenterEither=0 reenterBoth=0 wallContact=0 dist[min=0.000 avg=0.000 max=0.000]}
[ENEMY_NAV_CACHE] playerCell{changes=2 flowRebuilds=0} flow{hit=125 miss=0 hit%=100.0} pathFallback{calls=0 ok=0 ok%=0.0}
[ENEMY_SAP] updates=12091 active=300 pairs=0 repairs{x=1216 y=1222}
[ENEMY_PAIR_TYPES] frontal DD=0 DT=0 DH=0 DA=0 TT=0 TH=0 TA=0 HH=0 HA=0 AA=0 separation DD=0 DT=0 DH=0 DA=0 TT=0 TH=0 TA=0 HH=0 HA=0 AA=0
[TORPEDO_HEADING] eval/s=0.48 retreat/s=0.00 pick[straight=100.0% left=0.0% right=0.0%] clear[best=15.00 chosen=15.00]
[ENEMY_KILL_DEBUG_COLLISION] projectile{kills=0 wallContact=0}

[PROFILE] frame=2400 budget=16.667ms alloc(+152/-152, +252928b/-252928b, live=167480b peak=418400b)
  frame.total                      win= 18.501ms avg= 18.501ms p95= 25.765ms max= 85.743ms calls(last=  1,win= 120,total=2400) (win 111.0% | avg 111.0% budget)
  frame.render                     win=  8.787ms avg=  8.787ms p95=  9.078ms max= 85.704ms calls(last=  1,win= 120,total=2400) (win 52.7% | avg 52.7% budget)
  frame.fixed_step                 win=  8.661ms avg=  9.671ms p95= 16.994ms max= 18.769ms calls(last=  1,win= 134,total=2473) (win 52.0% | avg 58.0% budget)
  frame.present                    win=  7.182ms avg=  7.182ms p95=  7.516ms max= 85.698ms calls(last=  1,win= 120,total=2400) (win 43.1% | avg 43.1% budget)
  game.update                      win=  4.498ms avg=  5.023ms p95=  8.685ms max= 14.685ms calls(last=  1,win= 134,total=2033) (win 27.0% | avg 30.1% budget)
  system.ai_update                 win=  4.282ms avg=  4.781ms p95=  8.339ms max= 14.471ms calls(last=  1,win= 134,total=2033) (win 25.7% | avg 28.7% budget)
  enemy.update                     win=  4.276ms avg=  4.775ms p95=  8.327ms max= 14.465ms calls(last=  1,win= 134,total=2033) (win 25.7% | avg 28.6% budget)
  frame.render.world               win=  4.067ms avg=  4.067ms p95=  4.350ms max= 11.727ms calls(last=  1,win= 120,total=1970) (win 24.4% | avg 24.4% budget)
  frame.render.world.enemies       win=  1.250ms avg=  1.250ms p95=  1.303ms max=  4.423ms calls(last=  1,win= 120,total=1970) (win 7.5% | avg 7.5% budget)
  frame.render.world.enemies.draw  win=  1.202ms avg=  1.202ms p95=  1.256ms max=  4.317ms calls(last=  1,win= 120,total=1970) (win 7.2% | avg 7.2% budget)
  frame.render.world.maze          win=  1.156ms avg=  1.156ms p95=  1.266ms max=  3.325ms calls(last=  1,win= 120,total=1970) (win 6.9% | avg 6.9% budget)
  frame.render.hud                 win=  0.902ms avg=  0.902ms p95=  0.987ms max=  2.440ms calls(last=  1,win= 120,total=1970) (win 5.4% | avg 5.4% budget)
  frame.render.world.effects       win=  0.860ms avg=  0.860ms p95=  0.978ms max=  1.960ms calls(last=  1,win= 120,total=1970) (win 5.2% | avg 5.2% budget)
  frame.render.hud.minimap         win=  0.466ms avg=  0.466ms p95=  0.555ms max=  1.414ms calls(last=  1,win= 120,total=1970) (win 2.8% | avg 2.8% budget)
  enemy.physics.frontal_collisions win=  0.379ms avg=  0.423ms p95=  0.723ms max=  1.183ms calls(last=  1,win= 134,total=242) (win 2.3% | avg 2.5% budget)
  enemy.torpedo.select_heading     win=  0.335ms avg=  0.006ms p95=  0.000ms max=  0.387ms calls(last=  0,win=   2,total=3) (win 2.0% | avg 0.0% budget)
  enemy.physics.frontal_grid_build win=  0.281ms avg=  0.314ms p95=  0.533ms max=  0.983ms calls(last=  1,win= 134,total=242) (win 1.7% | avg 1.9% budget)
  frame.render.hud.text            win=  0.219ms avg=  0.219ms p95=  0.258ms max=  0.521ms calls(last=  1,win= 120,total=1970) (win 1.3% | avg 1.3% budget)
  enemy.ai.movement                win=  0.173ms avg=  0.792ms p95=  1.385ms max=  1.807ms calls(last=  4,win= 551,total=917) (win 1.0% | avg 4.8% budget)
  frame.render.world.effects.projectiles win=  0.084ms avg=  0.084ms p95=  0.106ms max=  0.223ms calls(last=  1,win= 120,total=500) (win 0.5% | avg 0.5% budget)
  system.spawner_update            win=  0.075ms avg=  0.084ms p95=  0.230ms max=  0.403ms calls(last=  1,win= 134,total=2033) (win 0.4% | avg 0.5% budget)
  enemy.ai.perception              win=  0.074ms avg=  0.341ms p95=  0.608ms max=  0.825ms calls(last=  4,win= 551,total=917) (win 0.4% | avg 2.0% budget)
  enemy.physics.frontal_pair_traverse win=  0.066ms avg=  0.074ms p95=  0.129ms max=  0.190ms calls(last=  1,win= 134,total=242) (win 0.4% | avg 0.4% budget)
  system.physics_collision         win=  0.064ms avg=  0.071ms p95=  0.120ms max=  0.239ms calls(last=  1,win= 134,total=2033) (win 0.4% | avg 0.4% budget)
[ENEMY_STATS] frame=2400 alive=118 visible=2 full=4 cheap=114 fullInBase=0 pairs(frontal=0 checks=0 separation=0 resolved=0)
[ENEMY_WINDOW] steps=134 alive[min=115 max=118] visible[min=1 max=2] full[min=4 max=5] collisionPasses[runs=134 skips=0]
[ENEMY_SEGMENTS] window=2.233s D{b/s=3.58 avgLen=4.50 fail=0} T{b/s=12.09 avgLen=6.05 fail=0} H{b/s=21.49 avgLen=4.89 fail=75} A{b/s=8.06 avgLen=5.71 fail=134}
[ENEMY_GRID] frontal{cand/s=246.7 xcell/s=2.2 ins/s=249.0} separation{cand/s=246.7}
[ENEMY_COLLISION_WINDOW] frontal{pairs/s=0.0 checks/s=0.0 baseSkip=0 kill=0(0.0%)} separation{pairs/s=0.0 resolved/s=0.0(0.0%) baseSkip=0 kill=0 wallBlock=0}
[ENEMY_KILL_DEBUG] enemyEnemy{events=0 frontal=0 separation=0 reenterEither=0 reenterBoth=0 wallContact=0 dist[min=0.000 avg=0.000 max=0.000]}
[ENEMY_NAV_CACHE] playerCell{changes=1 flowRebuilds=1} flow{hit=134 miss=0 hit%=100.0} pathFallback{calls=0 ok=0 ok%=0.0}
[ENEMY_SAP] updates=15646 active=551 pairs=0 repairs{x=851 y=859}
[ENEMY_PAIR_TYPES] frontal DD=0 DT=0 DH=0 DA=0 TT=0 TH=0 TA=0 HH=0 HA=0 AA=0 separation DD=0 DT=0 DH=0 DA=0 TT=0 TH=0 TA=0 HH=0 HA=0 AA=0
[TORPEDO_HEADING] eval/s=0.90 retreat/s=0.00 pick[straight=50.0% left=0.0% right=50.0%] clear[best=15.00 chosen=15.00]
[ENEMY_KILL_DEBUG_COLLISION] projectile{kills=0 wallContact=0}

[PROFILE] frame=2520 budget=16.667ms alloc(+161/-161, +260232b/-260232b, live=167688b peak=425920b)
  frame.total                      win= 19.189ms avg= 19.189ms p95= 27.275ms max= 85.743ms calls(last=  1,win= 120,total=2520) (win 115.1% | avg 115.1% budget)
  frame.fixed_step                 win=  8.960ms avg= 10.379ms p95= 18.680ms max= 19.369ms calls(last=  1,win= 139,total=2612) (win 53.8% | avg 62.3% budget)
  frame.render                     win=  8.766ms avg=  8.766ms p95=  9.267ms max= 85.704ms calls(last=  1,win= 120,total=2520) (win 52.6% | avg 52.6% budget)
  frame.present                    win=  7.161ms avg=  7.161ms p95=  7.610ms max= 85.698ms calls(last=  1,win= 120,total=2520) (win 43.0% | avg 43.0% budget)
  game.update                      win=  4.453ms avg=  5.158ms p95=  9.509ms max= 14.685ms calls(last=  1,win= 139,total=2172) (win 26.7% | avg 30.9% budget)
  system.ai_update                 win=  4.259ms avg=  4.934ms p95=  9.154ms max= 14.471ms calls(last=  1,win= 139,total=2172) (win 25.6% | avg 29.6% budget)
  enemy.update                     win=  4.253ms avg=  4.927ms p95=  9.141ms max= 14.465ms calls(last=  1,win= 139,total=2172) (win 25.5% | avg 29.6% budget)
  frame.render.world               win=  4.045ms avg=  4.045ms p95=  4.374ms max= 11.727ms calls(last=  1,win= 120,total=2090) (win 24.3% | avg 24.3% budget)
  frame.render.world.enemies       win=  1.219ms avg=  1.219ms p95=  1.301ms max=  4.423ms calls(last=  1,win= 120,total=2090) (win 7.3% | avg 7.3% budget)
  frame.render.world.maze          win=  1.198ms avg=  1.198ms p95=  1.370ms max=  3.325ms calls(last=  1,win= 120,total=2090) (win 7.2% | avg 7.2% budget)
  frame.render.world.enemies.draw  win=  1.171ms avg=  1.171ms p95=  1.251ms max=  4.317ms calls(last=  1,win= 120,total=2090) (win 7.0% | avg 7.0% budget)
  frame.render.hud                 win=  0.907ms avg=  0.907ms p95=  1.049ms max=  2.440ms calls(last=  1,win= 120,total=2090) (win 5.4% | avg 5.4% budget)
  frame.render.world.effects       win=  0.899ms avg=  0.899ms p95=  1.203ms max=  1.960ms calls(last=  1,win= 120,total=2090) (win 5.4% | avg 5.4% budget)
  enemy.torpedo.select_heading     win=  0.478ms avg=  0.004ms p95=  0.000ms max=  0.478ms calls(last=  0,win=   1,total=4) (win 2.9% | avg 0.0% budget)
  frame.render.hud.minimap         win=  0.467ms avg=  0.467ms p95=  0.528ms max=  1.414ms calls(last=  1,win= 120,total=2090) (win 2.8% | avg 2.8% budget)
  enemy.physics.frontal_collisions win=  0.413ms avg=  0.479ms p95=  0.805ms max=  1.183ms calls(last=  1,win= 139,total=381) (win 2.5% | avg 2.9% budget)
  frame.render.world.effects.explosion win=  0.310ms avg=  0.062ms p95=  0.308ms max=  0.362ms calls(last=  1,win=  24,total=24) (win 1.9% | avg 0.4% budget)
  enemy.physics.frontal_grid_build win=  0.307ms avg=  0.355ms p95=  0.624ms max=  0.983ms calls(last=  1,win= 139,total=381) (win 1.8% | avg 2.1% budget)
  frame.render.hud.text            win=  0.221ms avg=  0.221ms p95=  0.254ms max=  0.545ms calls(last=  1,win= 120,total=2090) (win 1.3% | avg 1.3% budget)
  enemy.ai.movement                win=  0.182ms avg=  0.821ms p95=  1.761ms max=  1.976ms calls(last=  5,win= 542,total=1459) (win 1.1% | avg 4.9% budget)
  system.spawner_update            win=  0.080ms avg=  0.093ms p95=  0.246ms max=  0.403ms calls(last=  1,win= 139,total=2172) (win 0.5% | avg 0.6% budget)
  frame.render.world.effects.projectiles win=  0.076ms avg=  0.076ms p95=  0.095ms max=  0.223ms calls(last=  1,win= 120,total=620) (win 0.5% | avg 0.5% budget)
  enemy.physics.frontal_pair_traverse win=  0.075ms avg=  0.087ms p95=  0.145ms max=  0.285ms calls(last=  1,win= 139,total=381) (win 0.5% | avg 0.5% budget)
  enemy.ai.perception              win=  0.065ms avg=  0.293ms p95=  0.668ms max=  0.851ms calls(last=  5,win= 542,total=1459) (win 0.4% | avg 1.8% budget)
[ENEMY_STATS] frame=2520 alive=125 visible=1 full=5 cheap=120 fullInBase=0 pairs(frontal=0 checks=0 separation=0 resolved=0)
[ENEMY_WINDOW] steps=139 alive[min=118 max=125] visible[min=1 max=2] full[min=3 max=5] collisionPasses[runs=139 skips=0]
[ENEMY_SEGMENTS] window=2.317s D{b/s=5.18 avgLen=4.93 fail=0} T{b/s=10.79 avgLen=7.12 fail=2} H{b/s=25.47 avgLen=5.04 fail=261} A{b/s=4.75 avgLen=4.23 fail=139}
[ENEMY_GRID] frontal{cand/s=234.4 xcell/s=1.3 ins/s=235.7} separation{cand/s=234.4}
[ENEMY_COLLISION_WINDOW] frontal{pairs/s=0.0 checks/s=0.0 baseSkip=0 kill=0(0.0%)} separation{pairs/s=0.0 resolved/s=0.0(0.0%) baseSkip=0 kill=0 wallBlock=0}
[ENEMY_KILL_DEBUG] enemyEnemy{events=0 frontal=0 separation=0 reenterEither=0 reenterBoth=0 wallContact=0 dist[min=0.000 avg=0.000 max=0.000]}
[ENEMY_NAV_CACHE] playerCell{changes=2 flowRebuilds=0} flow{hit=139 miss=0 hit%=100.0} pathFallback{calls=0 ok=0 ok%=0.0}
[ENEMY_SAP] updates=16991 active=543 pairs=0 repairs{x=1581 y=1591}
[ENEMY_PAIR_TYPES] frontal DD=0 DT=0 DH=0 DA=0 TT=0 TH=0 TA=0 HH=0 HA=0 AA=0 separation DD=0 DT=0 DH=0 DA=0 TT=0 TH=0 TA=0 HH=0 HA=0 AA=0
[TORPEDO_HEADING] eval/s=0.43 retreat/s=0.00 pick[straight=100.0% left=0.0% right=0.0%] clear[best=15.00 chosen=15.00]
[ENEMY_KILL_DEBUG_COLLISION] projectile{kills=0 wallContact=0}

[PROFILE] frame=2640 budget=16.667ms alloc(+330/-330, +533040b/-533040b, live=288728b peak=572888b)
  frame.total                      win= 20.964ms avg= 20.964ms p95= 28.271ms max= 85.743ms calls(last=  1,win= 120,total=2640) (win 125.8% | avg 125.8% budget)
  frame.fixed_step                 win=  9.813ms avg= 12.429ms p95= 19.732ms max= 20.776ms calls(last=  2,win= 152,total=2764) (win 58.9% | avg 74.6% budget)
  frame.render                     win=  8.491ms avg=  8.491ms p95=  8.919ms max= 85.704ms calls(last=  1,win= 120,total=2640) (win 50.9% | avg 50.9% budget)
  frame.present                    win=  6.929ms avg=  6.929ms p95=  7.298ms max= 85.698ms calls(last=  1,win= 120,total=2640) (win 41.6% | avg 41.6% budget)
  game.update                      win=  5.006ms avg=  6.341ms p95= 10.039ms max= 14.685ms calls(last=  2,win= 152,total=2324) (win 30.0% | avg 38.0% budget)
  system.ai_update                 win=  4.861ms avg=  6.157ms p95=  9.738ms max= 14.471ms calls(last=  2,win= 152,total=2324) (win 29.2% | avg 36.9% budget)
  enemy.update                     win=  4.855ms avg=  6.149ms p95=  9.728ms max= 14.465ms calls(last=  2,win= 152,total=2324) (win 29.1% | avg 36.9% budget)
  frame.render.world               win=  3.882ms avg=  3.882ms p95=  4.158ms max= 11.727ms calls(last=  1,win= 120,total=2210) (win 23.3% | avg 23.3% budget)
  frame.render.world.enemies       win=  1.200ms avg=  1.200ms p95=  1.266ms max=  4.423ms calls(last=  1,win= 120,total=2210) (win 7.2% | avg 7.2% budget)
  frame.render.world.enemies.draw  win=  1.150ms avg=  1.150ms p95=  1.218ms max=  4.317ms calls(last=  1,win= 120,total=2210) (win 6.9% | avg 6.9% budget)
  frame.render.world.maze          win=  1.126ms avg=  1.126ms p95=  1.186ms max=  3.325ms calls(last=  1,win= 120,total=2210) (win 6.8% | avg 6.8% budget)
  frame.render.world.effects       win=  1.093ms avg=  1.093ms p95=  1.210ms max=  1.960ms calls(last=  1,win= 120,total=2210) (win 6.6% | avg 6.6% budget)
  frame.render.hud                 win=  0.891ms avg=  0.891ms p95=  0.940ms max=  2.440ms calls(last=  1,win= 120,total=2210) (win 5.3% | avg 5.3% budget)
  frame.render.hud.minimap         win=  0.463ms avg=  0.463ms p95=  0.502ms max=  1.414ms calls(last=  1,win= 120,total=2210) (win 2.8% | avg 2.8% budget)
  enemy.physics.frontal_collisions win=  0.421ms avg=  0.534ms p95=  0.892ms max=  1.428ms calls(last=  2,win= 152,total=533) (win 2.5% | avg 3.2% budget)
  enemy.torpedo.select_heading     win=  0.373ms avg=  0.003ms p95=  0.000ms max=  0.478ms calls(last=  0,win=   1,total=5) (win 2.2% | avg 0.0% budget)
  frame.render.world.effects.explosion win=  0.333ms avg=  0.333ms p95=  0.386ms max=  0.431ms calls(last=  1,win= 120,total=144) (win 2.0% | avg 2.0% budget)
  enemy.physics.frontal_grid_build win=  0.317ms avg=  0.402ms p95=  0.690ms max=  1.223ms calls(last=  2,win= 152,total=533) (win 1.9% | avg 2.4% budget)
  frame.render.hud.text            win=  0.217ms avg=  0.217ms p95=  0.260ms max=  0.545ms calls(last=  1,win= 120,total=2210) (win 1.3% | avg 1.3% budget)
  enemy.ai.movement                win=  0.162ms avg=  1.207ms p95=  1.973ms max=  2.076ms calls(last= 12,win= 894,total=2353) (win 1.0% | avg 7.2% budget)
  system.spawner_update            win=  0.090ms avg=  0.114ms p95=  0.252ms max=  0.521ms calls(last=  2,win= 152,total=2324) (win 0.5% | avg 0.7% budget)
  enemy.ai.perception              win=  0.079ms avg=  0.591ms p95=  0.978ms max=  0.990ms calls(last= 12,win= 894,total=2353) (win 0.5% | avg 3.5% budget)
  enemy.physics.frontal_pair_traverse win=  0.071ms avg=  0.089ms p95=  0.142ms max=  0.285ms calls(last=  2,win= 152,total=533) (win 0.4% | avg 0.5% budget)
  frame.render.hud.lives           win=  0.054ms avg=  0.054ms p95=  0.054ms max=  0.284ms calls(last=  1,win= 120,total=2210) (win 0.3% | avg 0.3% budget)
[ENEMY_STATS] frame=2640 alive=131 visible=1 full=6 cheap=125 fullInBase=0 pairs(frontal=0 checks=0 separation=0 resolved=0)
[ENEMY_WINDOW] steps=152 alive[min=125 max=131] visible[min=1 max=1] full[min=5 max=6] collisionPasses[runs=152 skips=0]
[ENEMY_SEGMENTS] window=2.533s D{b/s=5.53 avgLen=5.05 fail=0} T{b/s=13.03 avgLen=5.67 fail=3} H{b/s=24.87 avgLen=5.17 fail=304} A{b/s=7.50 avgLen=4.46 fail=152}
[ENEMY_GRID] frontal{cand/s=353.3 xcell/s=2.4 ins/s=355.7} separation{cand/s=353.3}
[ENEMY_COLLISION_WINDOW] frontal{pairs/s=0.0 checks/s=0.0 baseSkip=0 kill=0(0.0%)} separation{pairs/s=0.0 resolved/s=0.0(0.0%) baseSkip=0 kill=0 wallBlock=0}
[ENEMY_KILL_DEBUG] enemyEnemy{events=0 frontal=0 separation=0 reenterEither=0 reenterBoth=0 wallContact=0 dist[min=0.000 avg=0.000 max=0.000]}
[ENEMY_NAV_CACHE] playerCell{changes=0 flowRebuilds=0} flow{hit=0 miss=0 hit%=0.0} pathFallback{calls=0 ok=0 ok%=0.0}
[ENEMY_SAP] updates=19591 active=895 pairs=0 repairs{x=2470 y=2496}
[ENEMY_PAIR_TYPES] frontal DD=0 DT=0 DH=0 DA=0 TT=0 TH=0 TA=0 HH=0 HA=0 AA=0 separation DD=0 DT=0 DH=0 DA=0 TT=0 TH=0 TA=0 HH=0 HA=0 AA=0
[TORPEDO_HEADING] eval/s=0.39 retreat/s=0.00 pick[straight=0.0% left=0.0% right=100.0%] clear[best=15.00 chosen=15.00]
[ENEMY_KILL_DEBUG_COLLISION] projectile{kills=0 wallContact=0}

[PROFILE] frame=2760 budget=16.667ms alloc(+169/-169, +269640b/-269640b, live=288712b peak=572888b)
  frame.total                      win= 18.203ms avg= 18.203ms p95= 26.210ms max= 85.743ms calls(last=  1,win= 120,total=2760) (win 109.2% | avg 109.2% budget)
  frame.fixed_step                 win=  9.229ms avg= 10.152ms p95= 18.134ms max= 28.725ms calls(last=  1,win= 132,total=2896) (win 55.4% | avg 60.9% budget)
  frame.render                     win=  8.009ms avg=  8.009ms p95=  8.334ms max= 85.704ms calls(last=  1,win= 120,total=2760) (win 48.1% | avg 48.1% budget)
  frame.present                    win=  6.432ms avg=  6.432ms p95=  6.845ms max= 85.698ms calls(last=  1,win= 120,total=2760) (win 38.6% | avg 38.6% budget)
  game.update                      win=  4.232ms avg=  4.655ms p95=  8.257ms max= 18.947ms calls(last=  1,win= 132,total=2456) (win 25.4% | avg 27.9% budget)
  system.ai_update                 win=  4.053ms avg=  4.458ms p95=  7.823ms max= 18.641ms calls(last=  1,win= 132,total=2456) (win 24.3% | avg 26.8% budget)
  enemy.update                     win=  4.046ms avg=  4.451ms p95=  7.809ms max= 18.627ms calls(last=  1,win= 132,total=2456) (win 24.3% | avg 26.7% budget)
  frame.render.world               win=  3.357ms avg=  3.357ms p95=  3.678ms max= 11.727ms calls(last=  1,win= 120,total=2330) (win 20.1% | avg 20.1% budget)
  frame.render.world.enemies       win=  1.190ms avg=  1.190ms p95=  1.407ms max=  4.423ms calls(last=  1,win= 120,total=2330) (win 7.1% | avg 7.1% budget)
  frame.render.world.enemies.draw  win=  1.140ms avg=  1.140ms p95=  1.359ms max=  4.317ms calls(last=  1,win= 120,total=2330) (win 6.8% | avg 6.8% budget)
  frame.render.world.maze          win=  0.936ms avg=  0.936ms p95=  0.988ms max=  3.325ms calls(last=  1,win= 120,total=2330) (win 5.6% | avg 5.6% budget)
  frame.render.hud                 win=  0.885ms avg=  0.885ms p95=  0.979ms max=  2.440ms calls(last=  1,win= 120,total=2330) (win 5.3% | avg 5.3% budget)
  frame.render.hud.minimap         win=  0.467ms avg=  0.467ms p95=  0.505ms max=  1.414ms calls(last=  1,win= 120,total=2330) (win 2.8% | avg 2.8% budget)
  frame.render.world.effects       win=  0.444ms avg=  0.444ms p95=  0.516ms max=  1.960ms calls(last=  1,win= 120,total=2330) (win 2.7% | avg 2.7% budget)
  enemy.physics.frontal_collisions win=  0.413ms avg=  0.455ms p95=  0.785ms max=  1.428ms calls(last=  1,win= 132,total=665) (win 2.5% | avg 2.7% budget)
  enemy.torpedo.select_heading     win=  0.326ms avg=  0.008ms p95=  0.000ms max=  0.600ms calls(last=  0,win=   3,total=8) (win 2.0% | avg 0.0% budget)
  enemy.physics.frontal_grid_build win=  0.313ms avg=  0.344ms p95=  0.590ms max=  1.223ms calls(last=  1,win= 132,total=665) (win 1.9% | avg 2.1% budget)
  frame.render.hud.text            win=  0.223ms avg=  0.223ms p95=  0.256ms max=  0.545ms calls(last=  1,win= 120,total=2330) (win 1.3% | avg 1.3% budget)
  enemy.ai.movement                win=  0.200ms avg=  0.447ms p95=  0.778ms max=  2.076ms calls(last=  2,win= 268,total=2621) (win 1.2% | avg 2.7% budget)
  enemy.ai.decision                win=  0.084ms avg=  0.189ms p95=  0.323ms max=  0.767ms calls(last=  2,win= 268,total=2621) (win 0.5% | avg 1.1% budget)
  system.spawner_update            win=  0.081ms avg=  0.089ms p95=  0.214ms max=  0.578ms calls(last=  1,win= 132,total=2456) (win 0.5% | avg 0.5% budget)
  enemy.physics.frontal_pair_traverse win=  0.069ms avg=  0.076ms p95=  0.136ms max=  0.285ms calls(last=  1,win= 132,total=665) (win 0.4% | avg 0.5% budget)
  enemy.ai.perception              win=  0.069ms avg=  0.154ms p95=  0.276ms max=  0.990ms calls(last=  2,win= 268,total=2621) (win 0.4% | avg 0.9% budget)
  frame.render.hud.compass         win=  0.049ms avg=  0.049ms p95=  0.051ms max=  0.321ms calls(last=  1,win= 120,total=2330) (win 0.3% | avg 0.3% budget)
[ENEMY_STATS] frame=2760 alive=134 visible=0 full=2 cheap=132 fullInBase=0 pairs(frontal=0 checks=0 separation=0 resolved=0)
[ENEMY_WINDOW] steps=132 alive[min=131 max=134] visible[min=0 max=0] full[min=2 max=2] collisionPasses[runs=132 skips=0]
[ENEMY_SEGMENTS] window=2.200s D{b/s=3.64 avgLen=5.18 fail=0} T{b/s=15.00 avgLen=6.19 fail=0} H{b/s=26.82 avgLen=5.30 fail=264} A{b/s=10.00 avgLen=4.63 fail=132}
[ENEMY_GRID] frontal{cand/s=120.0 xcell/s=0.9 ins/s=120.9} separation{cand/s=120.0}
[ENEMY_COLLISION_WINDOW] frontal{pairs/s=0.0 checks/s=0.0 baseSkip=0 kill=0(0.0%)} separation{pairs/s=0.0 resolved/s=0.0(0.0%) baseSkip=0 kill=0 wallBlock=0}
[ENEMY_KILL_DEBUG] enemyEnemy{events=0 frontal=0 separation=0 reenterEither=0 reenterBoth=0 wallContact=0 dist[min=0.000 avg=0.000 max=0.000]}
[ENEMY_NAV_CACHE] playerCell{changes=1 flowRebuilds=1} flow{hit=0 miss=0 hit%=0.0} pathFallback{calls=0 ok=0 ok%=0.0}
[ENEMY_SAP] updates=17345 active=264 pairs=0 repairs{x=131 y=131}
[ENEMY_PAIR_TYPES] frontal DD=0 DT=0 DH=0 DA=0 TT=0 TH=0 TA=0 HH=0 HA=0 AA=0 separation DD=0 DT=0 DH=0 DA=0 TT=0 TH=0 TA=0 HH=0 HA=0 AA=0
[TORPEDO_HEADING] eval/s=1.36 retreat/s=0.00 pick[straight=0.0% left=66.7% right=33.3%] clear[best=15.00 chosen=15.00]
[ENEMY_KILL_DEBUG_COLLISION] projectile{kills=0 wallContact=0}

[PROFILE] frame=2880 budget=16.667ms alloc(+348/-348, +547808b/-547808b, live=288824b peak=572888b)
  frame.total                      win= 19.747ms avg= 19.747ms p95= 27.898ms max= 85.743ms calls(last=  1,win= 120,total=2880) (win 118.5% | avg 118.5% budget)
  frame.fixed_step                 win=  9.573ms avg= 11.407ms p95= 19.207ms max= 28.725ms calls(last=  2,win= 143,total=3039) (win 57.4% | avg 68.4% budget)
  frame.render                     win=  8.297ms avg=  8.297ms p95=  8.726ms max= 85.704ms calls(last=  1,win= 120,total=2880) (win 49.8% | avg 49.8% budget)
  frame.present                    win=  6.719ms avg=  6.719ms p95=  7.170ms max= 85.698ms calls(last=  1,win= 120,total=2880) (win 40.3% | avg 40.3% budget)
  game.update                      win=  4.260ms avg=  5.077ms p95=  8.477ms max= 18.947ms calls(last=  2,win= 143,total=2599) (win 25.6% | avg 30.5% budget)
  system.ai_update                 win=  4.043ms avg=  4.818ms p95=  8.058ms max= 18.641ms calls(last=  2,win= 143,total=2599) (win 24.3% | avg 28.9% budget)
  enemy.update                     win=  4.037ms avg=  4.811ms p95=  8.047ms max= 18.627ms calls(last=  2,win= 143,total=2599) (win 24.2% | avg 28.9% budget)
  frame.render.world               win=  3.651ms avg=  3.651ms p95=  4.065ms max= 11.727ms calls(last=  1,win= 120,total=2450) (win 21.9% | avg 21.9% budget)
  frame.render.world.enemies       win=  1.217ms avg=  1.217ms p95=  1.279ms max=  4.423ms calls(last=  1,win= 120,total=2450) (win 7.3% | avg 7.3% budget)
  frame.render.world.enemies.draw  win=  1.165ms avg=  1.165ms p95=  1.228ms max=  4.317ms calls(last=  1,win= 120,total=2450) (win 7.0% | avg 7.0% budget)
  frame.render.world.maze          win=  0.982ms avg=  0.982ms p95=  1.073ms max=  3.325ms calls(last=  1,win= 120,total=2450) (win 5.9% | avg 5.9% budget)
  frame.render.hud                 win=  0.874ms avg=  0.874ms p95=  0.916ms max=  2.440ms calls(last=  1,win= 120,total=2450) (win 5.2% | avg 5.2% budget)
  frame.render.world.effects       win=  0.671ms avg=  0.671ms p95=  0.913ms max=  1.960ms calls(last=  1,win= 120,total=2450) (win 4.0% | avg 4.0% budget)
  frame.render.hud.minimap         win=  0.456ms avg=  0.456ms p95=  0.495ms max=  1.414ms calls(last=  1,win= 120,total=2450) (win 2.7% | avg 2.7% budget)
  enemy.physics.frontal_collisions win=  0.422ms avg=  0.502ms p95=  0.843ms max=  1.428ms calls(last=  2,win= 143,total=808) (win 2.5% | avg 3.0% budget)
  enemy.torpedo.select_heading     win=  0.381ms avg=  0.003ms p95=  0.000ms max=  0.600ms calls(last=  0,win=   1,total=9) (win 2.3% | avg 0.0% budget)
  enemy.physics.frontal_grid_build win=  0.319ms avg=  0.380ms p95=  0.619ms max=  1.223ms calls(last=  2,win= 143,total=808) (win 1.9% | avg 2.3% budget)
  frame.render.hud.text            win=  0.222ms avg=  0.222ms p95=  0.263ms max=  0.545ms calls(last=  1,win= 120,total=2450) (win 1.3% | avg 1.3% budget)
  enemy.ai.movement                win=  0.205ms avg=  0.489ms p95=  0.821ms max=  2.076ms calls(last=  4,win= 286,total=2907) (win 1.2% | avg 2.9% budget)
  enemy.ai.decision                win=  0.082ms avg=  0.196ms p95=  0.320ms max=  0.767ms calls(last=  4,win= 286,total=2907) (win 0.5% | avg 1.2% budget)
  system.spawner_update            win=  0.080ms avg=  0.096ms p95=  0.228ms max=  0.578ms calls(last=  2,win= 143,total=2599) (win 0.5% | avg 0.6% budget)
  enemy.ai.perception              win=  0.074ms avg=  0.177ms p95=  0.310ms max=  0.990ms calls(last=  4,win= 286,total=2907) (win 0.4% | avg 1.1% budget)
  enemy.physics.frontal_pair_traverse win=  0.072ms avg=  0.086ms p95=  0.140ms max=  0.285ms calls(last=  2,win= 143,total=808) (win 0.4% | avg 0.5% budget)
  system.physics_collision         win=  0.060ms avg=  0.072ms p95=  0.128ms max=  0.273ms calls(last=  2,win= 143,total=2599) (win 0.4% | avg 0.4% budget)
[ENEMY_STATS] frame=2880 alive=138 visible=1 full=2 cheap=136 fullInBase=0 pairs(frontal=0 checks=0 separation=0 resolved=0)
[ENEMY_WINDOW] steps=143 alive[min=134 max=138] visible[min=0 max=1] full[min=2 max=2] collisionPasses[runs=143 skips=0]
[ENEMY_SEGMENTS] window=2.383s D{b/s=7.13 avgLen=4.42 fail=0} T{b/s=13.01 avgLen=6.62 fail=0} H{b/s=24.34 avgLen=4.84 fail=424} A{b/s=6.71 avgLen=4.89 fail=143}
[ENEMY_GRID] frontal{cand/s=120.0 xcell/s=0.4 ins/s=120.4} separation{cand/s=120.0}
[ENEMY_COLLISION_WINDOW] frontal{pairs/s=0.0 checks/s=0.0 baseSkip=0 kill=0(0.0%)} separation{pairs/s=0.0 resolved/s=0.0(0.0%) baseSkip=0 kill=0 wallBlock=0}
[ENEMY_KILL_DEBUG] enemyEnemy{events=0 frontal=0 separation=0 reenterEither=0 reenterBoth=0 wallContact=0 dist[min=0.000 avg=0.000 max=0.000]}
[ENEMY_NAV_CACHE] playerCell{changes=1 flowRebuilds=0} flow{hit=0 miss=0 hit%=0.0} pathFallback{calls=0 ok=0 ok%=0.0}
[ENEMY_SAP] updates=19469 active=286 pairs=0 repairs{x=112 y=116}
[ENEMY_PAIR_TYPES] frontal DD=0 DT=0 DH=0 DA=0 TT=0 TH=0 TA=0 HH=0 HA=0 AA=0 separation DD=0 DT=0 DH=0 DA=0 TT=0 TH=0 TA=0 HH=0 HA=0 AA=0
[TORPEDO_HEADING] eval/s=0.42 retreat/s=0.00 pick[straight=100.0% left=0.0% right=0.0%] clear[best=15.00 chosen=15.00]
[ENEMY_KILL_DEBUG_COLLISION] projectile{kills=0 wallContact=0}

[PROFILE] frame=3000 budget=16.667ms alloc(+177/-177, +277064b/-277064b, live=288920b peak=572888b)
  frame.total                      win= 20.352ms avg= 20.352ms p95= 28.020ms max= 85.743ms calls(last=  1,win= 120,total=3000) (win 122.1% | avg 122.1% budget)
  frame.fixed_step                 win=  9.932ms avg= 12.167ms p95= 19.850ms max= 30.285ms calls(last=  1,win= 147,total=3186) (win 59.6% | avg 73.0% budget)
  frame.render                     win=  8.140ms avg=  8.140ms p95=  8.527ms max= 85.704ms calls(last=  1,win= 120,total=3000) (win 48.8% | avg 48.8% budget)
  frame.present                    win=  6.536ms avg=  6.536ms p95=  6.962ms max= 85.698ms calls(last=  1,win= 120,total=3000) (win 39.2% | avg 39.2% budget)
  game.update                      win=  4.366ms avg=  5.348ms p95=  8.757ms max= 18.959ms calls(last=  1,win= 147,total=2746) (win 26.2% | avg 32.1% budget)
  system.ai_update                 win=  4.166ms avg=  5.104ms p95=  8.253ms max= 18.641ms calls(last=  1,win= 147,total=2746) (win 25.0% | avg 30.6% budget)
  enemy.update                     win=  4.160ms avg=  5.097ms p95=  8.243ms max= 18.627ms calls(last=  1,win= 147,total=2746) (win 25.0% | avg 30.6% budget)
  frame.render.world               win=  3.461ms avg=  3.461ms p95=  3.807ms max= 11.727ms calls(last=  1,win= 120,total=2570) (win 20.8% | avg 20.8% budget)
  frame.render.world.enemies       win=  1.228ms avg=  1.228ms p95=  1.376ms max=  4.423ms calls(last=  1,win= 120,total=2570) (win 7.4% | avg 7.4% budget)
  frame.render.world.enemies.draw  win=  1.173ms avg=  1.173ms p95=  1.320ms max=  4.317ms calls(last=  1,win= 120,total=2570) (win 7.0% | avg 7.0% budget)
  frame.render.world.maze          win=  1.000ms avg=  1.000ms p95=  1.118ms max=  3.325ms calls(last=  1,win= 120,total=2570) (win 6.0% | avg 6.0% budget)
  frame.render.hud                 win=  0.896ms avg=  0.896ms p95=  1.121ms max=  2.440ms calls(last=  1,win= 120,total=2570) (win 5.4% | avg 5.4% budget)
  frame.render.hud.minimap         win=  0.472ms avg=  0.472ms p95=  0.543ms max=  1.414ms calls(last=  1,win= 120,total=2570) (win 2.8% | avg 2.8% budget)
  frame.render.world.effects       win=  0.447ms avg=  0.447ms p95=  0.530ms max=  1.960ms calls(last=  1,win= 120,total=2570) (win 2.7% | avg 2.7% budget)
  enemy.physics.frontal_collisions win=  0.428ms avg=  0.524ms p95=  0.830ms max=  1.428ms calls(last=  1,win= 147,total=955) (win 2.6% | avg 3.1% budget)
  enemy.physics.frontal_grid_build win=  0.324ms avg=  0.397ms p95=  0.627ms max=  1.223ms calls(last=  1,win= 147,total=955) (win 1.9% | avg 2.4% budget)
  enemy.torpedo.select_heading     win=  0.294ms avg=  0.005ms p95=  0.000ms max=  0.600ms calls(last=  0,win=   2,total=11) (win 1.8% | avg 0.0% budget)
  frame.render.hud.text            win=  0.226ms avg=  0.226ms p95=  0.262ms max=  0.545ms calls(last=  1,win= 120,total=2570) (win 1.4% | avg 1.4% budget)
  enemy.ai.movement                win=  0.217ms avg=  0.532ms p95=  0.935ms max=  2.076ms calls(last=  2,win= 294,total=3201) (win 1.3% | avg 3.2% budget)
  enemy.ai.decision                win=  0.083ms avg=  0.204ms p95=  0.371ms max=  0.767ms calls(last=  2,win= 294,total=3201) (win 0.5% | avg 1.2% budget)
  system.spawner_update            win=  0.076ms avg=  0.093ms p95=  0.144ms max=  0.578ms calls(last=  1,win= 147,total=2746) (win 0.5% | avg 0.6% budget)
  enemy.physics.frontal_pair_traverse win=  0.073ms avg=  0.089ms p95=  0.145ms max=  0.285ms calls(last=  1,win= 147,total=955) (win 0.4% | avg 0.5% budget)
  enemy.ai.perception              win=  0.059ms avg=  0.144ms p95=  0.293ms max=  0.990ms calls(last=  2,win= 294,total=3201) (win 0.4% | avg 0.9% budget)
  frame.render.world.enemies.cull  win=  0.050ms avg=  0.050ms p95=  0.055ms max=  0.271ms calls(last=  1,win= 120,total=2570) (win 0.3% | avg 0.3% budget)
[ENEMY_STATS] frame=3000 alive=140 visible=1 full=2 cheap=138 fullInBase=0 pairs(frontal=0 checks=0 separation=0 resolved=0)
[ENEMY_WINDOW] steps=147 alive[min=138 max=140] visible[min=1 max=1] full[min=2 max=2] collisionPasses[runs=147 skips=0]
[ENEMY_SEGMENTS] window=2.450s D{b/s=5.31 avgLen=5.35 fail=0} T{b/s=11.84 avgLen=5.85 fail=0} H{b/s=27.76 avgLen=4.98 fail=562} A{b/s=8.57 avgLen=4.32 fail=147}
[ENEMY_GRID] frontal{cand/s=120.0 xcell/s=0.4 ins/s=120.4} separation{cand/s=120.0}
[ENEMY_COLLISION_WINDOW] frontal{pairs/s=0.0 checks/s=0.0 baseSkip=0 kill=0(0.0%)} separation{pairs/s=0.0 resolved/s=0.0(0.0%) baseSkip=0 kill=0 wallBlock=0}
[ENEMY_KILL_DEBUG] enemyEnemy{events=0 frontal=0 separation=0 reenterEither=0 reenterBoth=0 wallContact=0 dist[min=0.000 avg=0.000 max=0.000]}
[ENEMY_NAV_CACHE] playerCell{changes=2 flowRebuilds=1} flow{hit=0 miss=0 hit%=0.0} pathFallback{calls=0 ok=0 ok%=0.0}
[ENEMY_SAP] updates=20455 active=294 pairs=0 repairs{x=56 y=58}
[ENEMY_PAIR_TYPES] frontal DD=0 DT=0 DH=0 DA=0 TT=0 TH=0 TA=0 HH=0 HA=0 AA=0 separation DD=0 DT=0 DH=0 DA=0 TT=0 TH=0 TA=0 HH=0 HA=0 AA=0
[TORPEDO_HEADING] eval/s=0.82 retreat/s=0.00 pick[straight=50.0% left=50.0% right=0.0%] clear[best=15.00 chosen=15.00]
[ENEMY_KILL_DEBUG_COLLISION] projectile{kills=0 wallContact=0}

[PROFILE] frame=3120 budget=16.667ms alloc(+177/-177, +278120b/-278120b, live=288920b peak=572888b)
  frame.total                      win= 21.942ms avg= 21.942ms p95= 28.917ms max= 85.743ms calls(last=  1,win= 120,total=3120) (win 131.7% | avg 131.7% budget)
  frame.fixed_step                 win= 10.104ms avg= 13.388ms p95= 20.151ms max= 30.285ms calls(last=  1,win= 159,total=3345) (win 60.6% | avg 80.3% budget)
  frame.render                     win=  8.510ms avg=  8.510ms p95=  8.874ms max= 85.704ms calls(last=  1,win= 120,total=3120) (win 51.1% | avg 51.1% budget)
  frame.present                    win=  6.898ms avg=  6.898ms p95=  7.194ms max= 85.698ms calls(last=  1,win= 120,total=3120) (win 41.4% | avg 41.4% budget)
  game.update                      win=  4.415ms avg=  5.850ms p95=  8.882ms max= 18.959ms calls(last=  1,win= 159,total=2905) (win 26.5% | avg 35.1% budget)
  system.ai_update                 win=  4.168ms avg=  5.522ms p95=  8.412ms max= 18.641ms calls(last=  1,win= 159,total=2905) (win 25.0% | avg 33.1% budget)
  enemy.update                     win=  4.161ms avg=  5.514ms p95=  8.401ms max= 18.627ms calls(last=  1,win= 159,total=2905) (win 25.0% | avg 33.1% budget)
  frame.render.world               win=  3.837ms avg=  3.837ms p95=  4.105ms max= 11.727ms calls(last=  1,win= 120,total=2690) (win 23.0% | avg 23.0% budget)
  frame.render.world.enemies       win=  1.208ms avg=  1.208ms p95=  1.264ms max=  4.423ms calls(last=  1,win= 120,total=2690) (win 7.3% | avg 7.3% budget)
  frame.render.world.enemies.draw  win=  1.153ms avg=  1.153ms p95=  1.199ms max=  4.317ms calls(last=  1,win= 120,total=2690) (win 6.9% | avg 6.9% budget)
  frame.render.world.maze          win=  1.057ms avg=  1.057ms p95=  1.130ms max=  3.325ms calls(last=  1,win= 120,total=2690) (win 6.3% | avg 6.3% budget)
  frame.render.hud                 win=  0.879ms avg=  0.879ms p95=  0.937ms max=  2.440ms calls(last=  1,win= 120,total=2690) (win 5.3% | avg 5.3% budget)
  frame.render.world.effects       win=  0.784ms avg=  0.784ms p95=  0.923ms max=  1.960ms calls(last=  1,win= 120,total=2690) (win 4.7% | avg 4.7% budget)
  frame.render.hud.minimap         win=  0.462ms avg=  0.462ms p95=  0.505ms max=  1.414ms calls(last=  1,win= 120,total=2690) (win 2.8% | avg 2.8% budget)
  enemy.physics.frontal_collisions win=  0.427ms avg=  0.566ms p95=  0.900ms max=  1.428ms calls(last=  1,win= 159,total=1114) (win 2.6% | avg 3.4% budget)
  enemy.torpedo.select_heading     win=  0.329ms avg=  0.005ms p95=  0.000ms max=  0.600ms calls(last=  0,win=   2,total=13) (win 2.0% | avg 0.0% budget)
  enemy.physics.frontal_grid_build win=  0.323ms avg=  0.428ms p95=  0.695ms max=  1.223ms calls(last=  1,win= 159,total=1114) (win 1.9% | avg 2.6% budget)
  frame.render.hud.text            win=  0.222ms avg=  0.222ms p95=  0.261ms max=  0.545ms calls(last=  1,win= 120,total=2690) (win 1.3% | avg 1.3% budget)
  enemy.ai.movement                win=  0.214ms avg=  0.566ms p95=  0.895ms max=  2.076ms calls(last=  2,win= 318,total=3519) (win 1.3% | avg 3.4% budget)
  system.physics_collision         win=  0.089ms avg=  0.117ms p95=  0.235ms max=  0.364ms calls(last=  1,win= 159,total=2905) (win 0.5% | avg 0.7% budget)
  enemy.ai.decision                win=  0.083ms avg=  0.220ms p95=  0.372ms max=  0.767ms calls(last=  2,win= 318,total=3519) (win 0.5% | avg 1.3% budget)
  system.spawner_update            win=  0.075ms avg=  0.099ms p95=  0.144ms max=  0.578ms calls(last=  1,win= 159,total=2905) (win 0.4% | avg 0.6% budget)
  enemy.physics.frontal_pair_traverse win=  0.074ms avg=  0.098ms p95=  0.148ms max=  0.395ms calls(last=  1,win= 159,total=1114) (win 0.4% | avg 0.6% budget)
  frame.render.world.effects.projectiles win=  0.062ms avg=  0.058ms p95=  0.090ms max=  0.223ms calls(last=  1,win= 112,total=915) (win 0.4% | avg 0.3% budget)
[ENEMY_STATS] frame=3120 alive=141 visible=1 full=2 cheap=139 fullInBase=0 pairs(frontal=0 checks=0 separation=0 resolved=0)
[ENEMY_WINDOW] steps=159 alive[min=140 max=141] visible[min=1 max=1] full[min=2 max=2] collisionPasses[runs=159 skips=0]
[ENEMY_SEGMENTS] window=2.650s D{b/s=4.15 avgLen=5.03 fail=0} T{b/s=13.96 avgLen=6.42 fail=0} H{b/s=28.68 avgLen=5.05 fail=636} A{b/s=8.30 avgLen=4.69 fail=159}
[ENEMY_GRID] frontal{cand/s=120.0 xcell/s=1.5 ins/s=121.5} separation{cand/s=120.0}
[ENEMY_COLLISION_WINDOW] frontal{pairs/s=0.0 checks/s=0.0 baseSkip=0 kill=0(0.0%)} separation{pairs/s=0.0 resolved/s=0.0(0.0%) baseSkip=0 kill=0 wallBlock=0}
[ENEMY_KILL_DEBUG] enemyEnemy{events=0 frontal=0 separation=0 reenterEither=0 reenterBoth=0 wallContact=0 dist[min=0.000 avg=0.000 max=0.000]}
[ENEMY_NAV_CACHE] playerCell{changes=5 flowRebuilds=1} flow{hit=0 miss=0 hit%=0.0} pathFallback{calls=0 ok=0 ok%=0.0}
[ENEMY_SAP] updates=22412 active=318 pairs=0 repairs{x=28 y=29}
[ENEMY_PAIR_TYPES] frontal DD=0 DT=0 DH=0 DA=0 TT=0 TH=0 TA=0 HH=0 HA=0 AA=0 separation DD=0 DT=0 DH=0 DA=0 TT=0 TH=0 TA=0 HH=0 HA=0 AA=0
[TORPEDO_HEADING] eval/s=0.75 retreat/s=0.00 pick[straight=50.0% left=0.0% right=50.0%] clear[best=15.00 chosen=15.00]
[ENEMY_KILL_DEBUG_COLLISION] projectile{kills=0 wallContact=0}

[PROFILE] frame=3240 budget=16.667ms alloc(+179/-179, +279048b/-279048b, live=288920b peak=572888b)
  frame.total                      win= 21.396ms avg= 21.396ms p95= 28.778ms max= 85.743ms calls(last=  1,win= 120,total=3240) (win 128.4% | avg 128.4% budget)
  frame.fixed_step                 win= 10.114ms avg= 13.064ms p95= 20.265ms max= 30.285ms calls(last=  1,win= 155,total=3500) (win 60.7% | avg 78.4% budget)
  frame.render                     win=  8.287ms avg=  8.287ms p95=  8.704ms max= 85.704ms calls(last=  1,win= 120,total=3240) (win 49.7% | avg 49.7% budget)
  frame.present                    win=  6.671ms avg=  6.671ms p95=  7.066ms max= 85.698ms calls(last=  1,win= 120,total=3240) (win 40.0% | avg 40.0% budget)
  game.update                      win=  4.372ms avg=  5.647ms p95=  8.746ms max= 18.959ms calls(last=  1,win= 155,total=3060) (win 26.2% | avg 33.9% budget)
  system.ai_update                 win=  4.148ms avg=  5.357ms p95=  8.318ms max= 18.641ms calls(last=  1,win= 155,total=3060) (win 24.9% | avg 32.1% budget)
  enemy.update                     win=  4.142ms avg=  5.350ms p95=  8.307ms max= 18.627ms calls(last=  1,win= 155,total=3060) (win 24.9% | avg 32.1% budget)
  frame.render.world               win=  3.581ms avg=  3.581ms p95=  4.004ms max= 11.727ms calls(last=  1,win= 120,total=2810) (win 21.5% | avg 21.5% budget)
  frame.render.world.enemies       win=  1.210ms avg=  1.210ms p95=  1.271ms max=  4.423ms calls(last=  1,win= 120,total=2810) (win 7.3% | avg 7.3% budget)
  frame.render.world.enemies.draw  win=  1.156ms avg=  1.156ms p95=  1.217ms max=  4.317ms calls(last=  1,win= 120,total=2810) (win 6.9% | avg 6.9% budget)
  frame.render.world.maze          win=  0.996ms avg=  0.996ms p95=  1.167ms max=  3.325ms calls(last=  1,win= 120,total=2810) (win 6.0% | avg 6.0% budget)
  frame.render.hud                 win=  0.893ms avg=  0.893ms p95=  0.952ms max=  2.539ms calls(last=  1,win= 120,total=2810) (win 5.4% | avg 5.4% budget)
  frame.render.world.effects       win=  0.608ms avg=  0.608ms p95=  0.889ms max=  2.070ms calls(last=  1,win= 120,total=2810) (win 3.6% | avg 3.6% budget)
  frame.render.hud.minimap         win=  0.469ms avg=  0.469ms p95=  0.516ms max=  1.414ms calls(last=  1,win= 120,total=2810) (win 2.8% | avg 2.8% budget)
  enemy.physics.frontal_collisions win=  0.431ms avg=  0.556ms p95=  0.870ms max=  1.428ms calls(last=  1,win= 155,total=1269) (win 2.6% | avg 3.3% budget)
  enemy.physics.frontal_grid_build win=  0.325ms avg=  0.420ms p95=  0.641ms max=  1.223ms calls(last=  1,win= 155,total=1269) (win 2.0% | avg 2.5% budget)
  enemy.torpedo.select_heading     win=  0.317ms avg=  0.005ms p95=  0.000ms max=  0.600ms calls(last=  0,win=   2,total=15) (win 1.9% | avg 0.0% budget)
  frame.render.hud.text            win=  0.225ms avg=  0.225ms p95=  0.256ms max=  0.594ms calls(last=  1,win= 120,total=2810) (win 1.4% | avg 1.4% budget)
  enemy.ai.movement                win=  0.220ms avg=  0.569ms p95=  0.914ms max=  2.076ms calls(last=  2,win= 310,total=3829) (win 1.3% | avg 3.4% budget)
  enemy.ai.decision                win=  0.086ms avg=  0.221ms p95=  0.379ms max=  0.767ms calls(last=  2,win= 310,total=3829) (win 0.5% | avg 1.3% budget)
  system.spawner_update            win=  0.074ms avg=  0.096ms p95=  0.143ms max=  0.578ms calls(last=  1,win= 155,total=3060) (win 0.4% | avg 0.6% budget)
  enemy.physics.frontal_pair_traverse win=  0.074ms avg=  0.095ms p95=  0.149ms max=  0.395ms calls(last=  1,win= 155,total=1269) (win 0.4% | avg 0.6% budget)
  system.physics_collision         win=  0.070ms avg=  0.090ms p95=  0.165ms max=  0.364ms calls(last=  1,win= 155,total=3060) (win 0.4% | avg 0.5% budget)
  frame.render.hud.compass         win=  0.052ms avg=  0.052ms p95=  0.055ms max=  0.321ms calls(last=  1,win= 120,total=2810) (win 0.3% | avg 0.3% budget)
[ENEMY_STATS] frame=3240 alive=142 visible=1 full=2 cheap=140 fullInBase=0 pairs(frontal=0 checks=0 separation=0 resolved=0)
[ENEMY_WINDOW] steps=155 alive[min=141 max=142] visible[min=1 max=1] full[min=2 max=2] collisionPasses[runs=155 skips=0]
[ENEMY_SEGMENTS] window=2.583s D{b/s=4.65 avgLen=5.12 fail=0} T{b/s=12.77 avgLen=6.39 fail=0} H{b/s=27.87 avgLen=4.85 fail=620} A{b/s=8.52 avgLen=5.51 fail=155}
[ENEMY_GRID] frontal{cand/s=120.0 xcell/s=1.2 ins/s=121.2} separation{cand/s=120.0}
[ENEMY_COLLISION_WINDOW] frontal{pairs/s=0.0 checks/s=0.0 baseSkip=0 kill=0(0.0%)} separation{pairs/s=0.0 resolved/s=0.0(0.0%) baseSkip=0 kill=0 wallBlock=0}
[ENEMY_KILL_DEBUG] enemyEnemy{events=0 frontal=0 separation=0 reenterEither=0 reenterBoth=0 wallContact=0 dist[min=0.000 avg=0.000 max=0.000]}
[ENEMY_NAV_CACHE] playerCell{changes=3 flowRebuilds=1} flow{hit=0 miss=0 hit%=0.0} pathFallback{calls=0 ok=0 ok%=0.0}
[ENEMY_SAP] updates=21919 active=310 pairs=0 repairs{x=28 y=29}
[ENEMY_PAIR_TYPES] frontal DD=0 DT=0 DH=0 DA=0 TT=0 TH=0 TA=0 HH=0 HA=0 AA=0 separation DD=0 DT=0 DH=0 DA=0 TT=0 TH=0 TA=0 HH=0 HA=0 AA=0
[TORPEDO_HEADING] eval/s=0.77 retreat/s=0.00 pick[straight=100.0% left=0.0% right=0.0%] clear[best=15.00 chosen=15.00]
[ENEMY_KILL_DEBUG_COLLISION] projectile{kills=0 wallContact=0}

[PROFILE] frame=3360 budget=16.667ms alloc(+181/-181, +281256b/-281256b, live=289016b peak=572888b)
  frame.total                      win= 22.252ms avg= 22.252ms p95= 28.973ms max= 85.743ms calls(last=  1,win= 120,total=3360) (win 133.5% | avg 133.5% budget)
  frame.fixed_step                 win= 10.363ms avg= 13.903ms p95= 20.564ms max= 30.285ms calls(last=  1,win= 161,total=3661) (win 62.2% | avg 83.4% budget)
  frame.render                     win=  8.304ms avg=  8.304ms p95=  8.732ms max= 85.704ms calls(last=  1,win= 120,total=3360) (win 49.8% | avg 49.8% budget)
  frame.present                    win=  6.734ms avg=  6.734ms p95=  7.137ms max= 85.698ms calls(last=  1,win= 120,total=3360) (win 40.4% | avg 40.4% budget)
  game.update                      win=  4.495ms avg=  6.031ms p95=  8.811ms max= 18.959ms calls(last=  1,win= 161,total=3221) (win 27.0% | avg 36.2% budget)
  system.ai_update                 win=  4.275ms avg=  5.735ms p95=  8.386ms max= 18.641ms calls(last=  1,win= 161,total=3221) (win 25.6% | avg 34.4% budget)
  enemy.update                     win=  4.269ms avg=  5.727ms p95=  8.373ms max= 18.627ms calls(last=  1,win= 161,total=3221) (win 25.6% | avg 34.4% budget)
  frame.render.world               win=  3.639ms avg=  3.639ms p95=  3.992ms max= 11.727ms calls(last=  1,win= 120,total=2930) (win 21.8% | avg 21.8% budget)
  frame.render.world.enemies       win=  1.266ms avg=  1.266ms p95=  1.484ms max=  4.423ms calls(last=  1,win= 120,total=2930) (win 7.6% | avg 7.6% budget)
  frame.render.world.enemies.draw  win=  1.210ms avg=  1.210ms p95=  1.428ms max=  4.317ms calls(last=  1,win= 120,total=2930) (win 7.3% | avg 7.3% budget)
  frame.render.hud                 win=  0.889ms avg=  0.889ms p95=  1.117ms max=  2.539ms calls(last=  1,win= 120,total=2930) (win 5.3% | avg 5.3% budget)
  frame.render.world.maze          win=  0.845ms avg=  0.845ms p95=  0.946ms max=  3.325ms calls(last=  1,win= 120,total=2930) (win 5.1% | avg 5.1% budget)
  frame.render.world.effects       win=  0.685ms avg=  0.685ms p95=  0.882ms max=  2.070ms calls(last=  1,win= 120,total=2930) (win 4.1% | avg 4.1% budget)
  frame.render.hud.minimap         win=  0.464ms avg=  0.464ms p95=  0.510ms max=  1.414ms calls(last=  1,win= 120,total=2930) (win 2.8% | avg 2.8% budget)
  enemy.physics.frontal_collisions win=  0.432ms avg=  0.580ms p95=  0.887ms max=  1.428ms calls(last=  1,win= 161,total=1430) (win 2.6% | avg 3.5% budget)
  enemy.physics.frontal_grid_build win=  0.328ms avg=  0.440ms p95=  0.675ms max=  1.223ms calls(last=  1,win= 161,total=1430) (win 2.0% | avg 2.6% budget)
  enemy.torpedo.select_heading     win=  0.305ms avg=  0.005ms p95=  0.000ms max=  0.600ms calls(last=  0,win=   2,total=17) (win 1.8% | avg 0.0% budget)
  frame.render.hud.text            win=  0.227ms avg=  0.227ms p95=  0.261ms max=  0.594ms calls(last=  1,win= 120,total=2930) (win 1.4% | avg 1.4% budget)
  enemy.ai.movement                win=  0.222ms avg=  0.594ms p95=  0.946ms max=  2.076ms calls(last=  2,win= 322,total=4151) (win 1.3% | avg 3.6% budget)
  enemy.ai.decision                win=  0.083ms avg=  0.222ms p95=  0.376ms max=  0.767ms calls(last=  2,win= 322,total=4151) (win 0.5% | avg 1.3% budget)
  system.spawner_update            win=  0.077ms avg=  0.103ms p95=  0.146ms max=  0.578ms calls(last=  1,win= 161,total=3221) (win 0.5% | avg 0.6% budget)
  enemy.physics.frontal_pair_traverse win=  0.073ms avg=  0.098ms p95=  0.148ms max=  0.395ms calls(last=  1,win= 161,total=1430) (win 0.4% | avg 0.6% budget)
  system.physics_collision         win=  0.064ms avg=  0.085ms p95=  0.137ms max=  0.364ms calls(last=  1,win= 161,total=3221) (win 0.4% | avg 0.5% budget)
  frame.render.world.enemies.cull  win=  0.052ms avg=  0.052ms p95=  0.058ms max=  0.271ms calls(last=  1,win= 120,total=2930) (win 0.3% | avg 0.3% budget)
[ENEMY_STATS] frame=3360 alive=144 visible=1 full=2 cheap=142 fullInBase=0 pairs(frontal=0 checks=0 separation=0 resolved=0)
[ENEMY_WINDOW] steps=161 alive[min=142 max=144] visible[min=1 max=2] full[min=2 max=2] collisionPasses[runs=161 skips=0]
[ENEMY_SEGMENTS] window=2.683s D{b/s=5.59 avgLen=5.08 fail=0} T{b/s=13.42 avgLen=5.96 fail=0} H{b/s=29.81 avgLen=4.89 fail=644} A{b/s=6.34 avgLen=4.25 fail=161}
[ENEMY_GRID] frontal{cand/s=120.0 xcell/s=0.4 ins/s=120.4} separation{cand/s=120.0}
[ENEMY_COLLISION_WINDOW] frontal{pairs/s=0.0 checks/s=0.0 baseSkip=0 kill=0(0.0%)} separation{pairs/s=0.0 resolved/s=0.0(0.0%) baseSkip=0 kill=0 wallBlock=0}
[ENEMY_KILL_DEBUG] enemyEnemy{events=0 frontal=0 separation=0 reenterEither=0 reenterBoth=0 wallContact=0 dist[min=0.000 avg=0.000 max=0.000]}
[ENEMY_NAV_CACHE] playerCell{changes=4 flowRebuilds=2} flow{hit=0 miss=0 hit%=0.0} pathFallback{calls=0 ok=0 ok%=0.0}
[ENEMY_SAP] updates=23069 active=322 pairs=0 repairs{x=56 y=56}
[ENEMY_PAIR_TYPES] frontal DD=0 DT=0 DH=0 DA=0 TT=0 TH=0 TA=0 HH=0 HA=0 AA=0 separation DD=0 DT=0 DH=0 DA=0 TT=0 TH=0 TA=0 HH=0 HA=0 AA=0
[TORPEDO_HEADING] eval/s=0.75 retreat/s=0.00 pick[straight=100.0% left=0.0% right=0.0%] clear[best=15.00 chosen=15.00]
[ENEMY_KILL_DEBUG_COLLISION] projectile{kills=0 wallContact=0}

[PROFILE] frame=3480 budget=16.667ms alloc(+179/-179, +281208b/-281208b, live=289016b peak=572888b)
  frame.total                      win= 21.843ms avg= 21.843ms p95= 28.916ms max= 85.743ms calls(last=  1,win= 120,total=3480) (win 131.1% | avg 131.1% budget)
  frame.fixed_step                 win= 10.226ms avg= 13.465ms p95= 20.577ms max= 30.285ms calls(last=  1,win= 158,total=3819) (win 61.4% | avg 80.8% budget)
  frame.render                     win=  8.332ms avg=  8.332ms p95=  8.694ms max= 85.704ms calls(last=  1,win= 120,total=3480) (win 50.0% | avg 50.0% budget)
  frame.present                    win=  6.692ms avg=  6.692ms p95=  7.072ms max= 85.698ms calls(last=  1,win= 120,total=3480) (win 40.2% | avg 40.2% budget)
  game.update                      win=  4.325ms avg=  5.695ms p95=  8.725ms max= 18.959ms calls(last=  1,win= 158,total=3379) (win 26.0% | avg 34.2% budget)
  system.ai_update                 win=  4.173ms avg=  5.494ms p95=  8.447ms max= 18.641ms calls(last=  1,win= 158,total=3379) (win 25.0% | avg 33.0% budget)
  enemy.update                     win=  4.167ms avg=  5.487ms p95=  8.437ms max= 18.627ms calls(last=  1,win= 158,total=3379) (win 25.0% | avg 32.9% budget)
  frame.render.world               win=  3.612ms avg=  3.612ms p95=  3.977ms max= 11.727ms calls(last=  1,win= 120,total=3050) (win 21.7% | avg 21.7% budget)
  frame.render.world.enemies       win=  1.236ms avg=  1.236ms p95=  1.457ms max=  4.423ms calls(last=  1,win= 120,total=3050) (win 7.4% | avg 7.4% budget)
  frame.render.world.enemies.draw  win=  1.181ms avg=  1.181ms p95=  1.402ms max=  4.317ms calls(last=  1,win= 120,total=3050) (win 7.1% | avg 7.1% budget)
  frame.render.world.effects       win=  0.965ms avg=  0.965ms p95=  1.222ms max=  2.070ms calls(last=  1,win= 120,total=3050) (win 5.8% | avg 5.8% budget)
  frame.render.hud                 win=  0.886ms avg=  0.886ms p95=  0.946ms max=  2.539ms calls(last=  1,win= 120,total=3050) (win 5.3% | avg 5.3% budget)
  frame.render.world.maze          win=  0.886ms avg=  0.886ms p95=  0.973ms max=  3.325ms calls(last=  1,win= 120,total=3050) (win 5.3% | avg 5.3% budget)
  frame.render.hud.minimap         win=  0.462ms avg=  0.462ms p95=  0.502ms max=  1.414ms calls(last=  1,win= 120,total=3050) (win 2.8% | avg 2.8% budget)
  enemy.physics.frontal_collisions win=  0.430ms avg=  0.566ms p95=  0.850ms max=  1.428ms calls(last=  1,win= 158,total=1588) (win 2.6% | avg 3.4% budget)
  enemy.torpedo.select_heading     win=  0.360ms avg=  0.006ms p95=  0.000ms max=  0.600ms calls(last=  0,win=   2,total=19) (win 2.2% | avg 0.0% budget)
  frame.render.world.effects.explosion win=  0.347ms avg=  0.263ms p95=  0.397ms max=  0.454ms calls(last=  1,win=  91,total=235) (win 2.1% | avg 1.6% budget)
  enemy.physics.frontal_grid_build win=  0.327ms avg=  0.430ms p95=  0.642ms max=  1.223ms calls(last=  1,win= 158,total=1588) (win 2.0% | avg 2.6% budget)
  frame.render.hud.text            win=  0.223ms avg=  0.223ms p95=  0.263ms max=  0.594ms calls(last=  1,win= 120,total=3050) (win 1.3% | avg 1.3% budget)
  enemy.ai.movement                win=  0.221ms avg=  0.583ms p95=  0.922ms max=  2.076ms calls(last=  2,win= 316,total=4467) (win 1.3% | avg 3.5% budget)
  enemy.ai.decision                win=  0.082ms avg=  0.217ms p95=  0.370ms max=  0.767ms calls(last=  2,win= 316,total=4467) (win 0.5% | avg 1.3% budget)
  system.spawner_update            win=  0.082ms avg=  0.108ms p95=  0.172ms max=  0.578ms calls(last=  1,win= 158,total=3379) (win 0.5% | avg 0.6% budget)
  enemy.physics.frontal_pair_traverse win=  0.072ms avg=  0.095ms p95=  0.146ms max=  0.395ms calls(last=  1,win= 158,total=1588) (win 0.4% | avg 0.6% budget)
  enemy.ai.perception              win=  0.056ms avg=  0.146ms p95=  0.256ms max=  0.990ms calls(last=  2,win= 316,total=4467) (win 0.3% | avg 0.9% budget)
[ENEMY_STATS] frame=3480 alive=144 visible=1 full=2 cheap=142 fullInBase=0 pairs(frontal=0 checks=0 separation=0 resolved=0)
[ENEMY_WINDOW] steps=158 alive[min=144 max=144] visible[min=1 max=1] full[min=2 max=2] collisionPasses[runs=158 skips=0]
[ENEMY_SEGMENTS] window=2.633s D{b/s=6.08 avgLen=4.25 fail=0} T{b/s=14.43 avgLen=5.61 fail=0} H{b/s=28.48 avgLen=5.09 fail=765} A{b/s=9.11 avgLen=4.76 fail=158}
[ENEMY_GRID] frontal{cand/s=120.0 xcell/s=1.1 ins/s=121.1} separation{cand/s=120.0}
[ENEMY_COLLISION_WINDOW] frontal{pairs/s=0.0 checks/s=0.0 baseSkip=0 kill=0(0.0%)} separation{pairs/s=0.0 resolved/s=0.0(0.0%) baseSkip=0 kill=0 wallBlock=0}
[ENEMY_KILL_DEBUG] enemyEnemy{events=0 frontal=0 separation=0 reenterEither=0 reenterBoth=0 wallContact=0 dist[min=0.000 avg=0.000 max=0.000]}
[ENEMY_NAV_CACHE] playerCell{changes=1 flowRebuilds=0} flow{hit=0 miss=0 hit%=0.0} pathFallback{calls=0 ok=0 ok%=0.0}
[ENEMY_SAP] updates=22752 active=316 pairs=0 repairs{x=0 y=0}
[ENEMY_PAIR_TYPES] frontal DD=0 DT=0 DH=0 DA=0 TT=0 TH=0 TA=0 HH=0 HA=0 AA=0 separation DD=0 DT=0 DH=0 DA=0 TT=0 TH=0 TA=0 HH=0 HA=0 AA=0
[TORPEDO_HEADING] eval/s=0.76 retreat/s=0.00 pick[straight=50.0% left=50.0% right=0.0%] clear[best=15.00 chosen=15.00]
[ENEMY_KILL_DEBUG_COLLISION] projectile{kills=0 wallContact=0}

[PROFILE] frame=3600 budget=16.667ms alloc(+356/-356, +562368b/-562368b, live=289016b peak=572888b)
  frame.total                      win= 21.650ms avg= 21.650ms p95= 29.426ms max= 85.743ms calls(last=  1,win= 120,total=3600) (win 129.9% | avg 129.9% budget)
  frame.fixed_step                 win= 10.129ms avg= 13.253ms p95= 20.943ms max= 30.285ms calls(last=  2,win= 157,total=3976) (win 60.8% | avg 79.5% budget)
  frame.render                     win=  8.351ms avg=  8.351ms p95=  8.795ms max= 85.704ms calls(last=  1,win= 120,total=3600) (win 50.1% | avg 50.1% budget)
  frame.present                    win=  6.753ms avg=  6.753ms p95=  7.171ms max= 85.698ms calls(last=  1,win= 120,total=3600) (win 40.5% | avg 40.5% budget)
  game.update                      win=  4.259ms avg=  5.572ms p95=  9.018ms max= 18.959ms calls(last=  2,win= 157,total=3536) (win 25.6% | avg 33.4% budget)
  system.ai_update                 win=  4.100ms avg=  5.364ms p95=  8.695ms max= 18.641ms calls(last=  2,win= 157,total=3536) (win 24.6% | avg 32.2% budget)
  enemy.update                     win=  4.094ms avg=  5.356ms p95=  8.683ms max= 18.627ms calls(last=  2,win= 157,total=3536) (win 24.6% | avg 32.1% budget)
  frame.render.world               win=  3.667ms avg=  3.667ms p95=  4.050ms max= 11.727ms calls(last=  1,win= 120,total=3170) (win 22.0% | avg 22.0% budget)
  frame.render.world.enemies       win=  1.243ms avg=  1.243ms p95=  1.380ms max=  4.423ms calls(last=  1,win= 120,total=3170) (win 7.5% | avg 7.5% budget)
  frame.render.world.enemies.draw  win=  1.181ms avg=  1.181ms p95=  1.317ms max=  4.317ms calls(last=  1,win= 120,total=3170) (win 7.1% | avg 7.1% budget)
  frame.render.world.maze          win=  0.950ms avg=  0.950ms p95=  1.082ms max=  3.325ms calls(last=  1,win= 120,total=3170) (win 5.7% | avg 5.7% budget)
  frame.render.hud                 win=  0.888ms avg=  0.888ms p95=  1.008ms max=  2.539ms calls(last=  1,win= 120,total=3170) (win 5.3% | avg 5.3% budget)
  frame.render.world.effects       win=  0.828ms avg=  0.828ms p95=  1.184ms max=  2.070ms calls(last=  1,win= 120,total=3170) (win 5.0% | avg 5.0% budget)
  frame.render.hud.minimap         win=  0.462ms avg=  0.462ms p95=  0.522ms max=  1.414ms calls(last=  1,win= 120,total=3170) (win 2.8% | avg 2.8% budget)
  enemy.physics.frontal_collisions win=  0.436ms avg=  0.476ms p95=  0.894ms max=  1.428ms calls(last=  2,win= 131,total=1719) (win 2.6% | avg 2.9% budget)
  enemy.torpedo.select_heading     win=  0.383ms avg=  0.003ms p95=  0.000ms max=  0.600ms calls(last=  0,win=   1,total=20) (win 2.3% | avg 0.0% budget)
  frame.render.world.effects.explosion win=  0.345ms avg=  0.141ms p95=  0.375ms max=  0.454ms calls(last=  0,win=  49,total=284) (win 2.1% | avg 0.8% budget)
  enemy.physics.frontal_grid_build win=  0.329ms avg=  0.359ms p95=  0.671ms max=  1.223ms calls(last=  2,win= 131,total=1719) (win 2.0% | avg 2.2% budget)
  frame.render.hud.text            win=  0.227ms avg=  0.227ms p95=  0.319ms max=  0.594ms calls(last=  1,win= 120,total=3170) (win 1.4% | avg 1.4% budget)
  enemy.ai.movement                win=  0.220ms avg=  0.559ms p95=  1.112ms max=  2.076ms calls(last=  6,win= 305,total=4772) (win 1.3% | avg 3.4% budget)
  system.spawner_update            win=  0.078ms avg=  0.102ms p95=  0.161ms max=  0.578ms calls(last=  2,win= 157,total=3536) (win 0.5% | avg 0.6% budget)
  enemy.physics.frontal_pair_traverse win=  0.075ms avg=  0.082ms p95=  0.157ms max=  0.395ms calls(last=  2,win= 131,total=1719) (win 0.5% | avg 0.5% budget)
  enemy.ai.perception              win=  0.070ms avg=  0.177ms p95=  0.331ms max=  0.990ms calls(last=  6,win= 305,total=4772) (win 0.4% | avg 1.1% budget)
  enemy.ai.decision                win=  0.068ms avg=  0.173ms p95=  0.313ms max=  0.767ms calls(last=  6,win= 305,total=4772) (win 0.4% | avg 1.0% budget)
[ENEMY_STATS] frame=3600 alive=144 visible=2 full=3 cheap=141 fullInBase=0 pairs(frontal=0 checks=0 separation=0 resolved=0)
[ENEMY_WINDOW] steps=157 alive[min=144 max=144] visible[min=1 max=2] full[min=1 max=3] collisionPasses[runs=131 skips=26]
[ENEMY_SEGMENTS] window=2.617s D{b/s=5.73 avgLen=4.50 fail=0} T{b/s=15.29 avgLen=6.10 fail=2} H{b/s=25.99 avgLen=5.21 fail=785} A{b/s=8.41 avgLen=4.22 fail=157}
[ENEMY_GRID] frontal{cand/s=107.0 xcell/s=0.8 ins/s=107.8} separation{cand/s=107.0}
[ENEMY_COLLISION_WINDOW] frontal{pairs/s=0.0 checks/s=0.0 baseSkip=0 kill=0(0.0%)} separation{pairs/s=0.0 resolved/s=0.0(0.0%) baseSkip=0 kill=0 wallBlock=0}
[ENEMY_KILL_DEBUG] enemyEnemy{events=0 frontal=0 separation=0 reenterEither=0 reenterBoth=0 wallContact=0 dist[min=0.000 avg=0.000 max=0.000]}
[ENEMY_NAV_CACHE] playerCell{changes=1 flowRebuilds=0} flow{hit=0 miss=0 hit%=0.0} pathFallback{calls=0 ok=0 ok%=0.0}
[ENEMY_SAP] updates=18864 active=280 pairs=0 repairs{x=252 y=251}
[ENEMY_PAIR_TYPES] frontal DD=0 DT=0 DH=0 DA=0 TT=0 TH=0 TA=0 HH=0 HA=0 AA=0 separation DD=0 DT=0 DH=0 DA=0 TT=0 TH=0 TA=0 HH=0 HA=0 AA=0
[TORPEDO_HEADING] eval/s=0.38 retreat/s=0.00 pick[straight=0.0% left=100.0% right=0.0%] clear[best=15.00 chosen=15.00]
[ENEMY_KILL_DEBUG_COLLISION] projectile{kills=0 wallContact=0}

[PROFILE] frame=3720 budget=16.667ms alloc(+182/-182, +281248b/-281248b, live=289016b peak=572888b)
  frame.total                      win= 24.780ms avg= 24.780ms p95= 30.768ms max= 85.743ms calls(last=  1,win= 120,total=3720) (win 148.7% | avg 148.7% budget)
  frame.fixed_step                 win= 10.777ms avg= 16.075ms p95= 21.923ms max= 30.285ms calls(last=  1,win= 179,total=4155) (win 64.7% | avg 96.4% budget)
  frame.render                     win=  8.660ms avg=  8.660ms p95=  8.986ms max= 85.704ms calls(last=  1,win= 120,total=3720) (win 52.0% | avg 52.0% budget)
  frame.present                    win=  7.072ms avg=  7.072ms p95=  7.460ms max= 85.698ms calls(last=  1,win= 120,total=3720) (win 42.4% | avg 42.4% budget)
  game.update                      win=  4.918ms avg=  7.336ms p95= 10.205ms max= 18.959ms calls(last=  1,win= 179,total=3715) (win 29.5% | avg 44.0% budget)
  system.ai_update                 win=  4.717ms avg=  7.036ms p95=  9.769ms max= 18.641ms calls(last=  1,win= 179,total=3715) (win 28.3% | avg 42.2% budget)
  enemy.update                     win=  4.711ms avg=  7.027ms p95=  9.758ms max= 18.627ms calls(last=  1,win= 179,total=3715) (win 28.3% | avg 42.2% budget)
  frame.render.world               win=  3.990ms avg=  3.990ms p95=  4.391ms max= 11.727ms calls(last=  1,win= 120,total=3290) (win 23.9% | avg 23.9% budget)
  frame.render.world.enemies       win=  1.250ms avg=  1.250ms p95=  1.317ms max=  4.423ms calls(last=  1,win= 120,total=3290) (win 7.5% | avg 7.5% budget)
  frame.render.world.enemies.draw  win=  1.187ms avg=  1.187ms p95=  1.254ms max=  4.317ms calls(last=  1,win= 120,total=3290) (win 7.1% | avg 7.1% budget)
  frame.render.world.maze          win=  1.089ms avg=  1.089ms p95=  1.218ms max=  3.325ms calls(last=  1,win= 120,total=3290) (win 6.5% | avg 6.5% budget)
  frame.render.hud                 win=  0.872ms avg=  0.872ms p95=  0.949ms max=  2.539ms calls(last=  1,win= 120,total=3290) (win 5.2% | avg 5.2% budget)
  frame.render.world.effects       win=  0.825ms avg=  0.825ms p95=  0.956ms max=  2.070ms calls(last=  1,win= 120,total=3290) (win 5.0% | avg 5.0% budget)
  frame.render.hud.minimap         win=  0.466ms avg=  0.466ms p95=  0.504ms max=  1.414ms calls(last=  1,win= 120,total=3290) (win 2.8% | avg 2.8% budget)
  enemy.physics.frontal_collisions win=  0.434ms avg=  0.647ms p95=  0.899ms max=  1.428ms calls(last=  1,win= 179,total=1898) (win 2.6% | avg 3.9% budget)
  enemy.torpedo.select_heading     win=  0.339ms avg=  0.006ms p95=  0.000ms max=  0.600ms calls(last=  0,win=   2,total=22) (win 2.0% | avg 0.0% budget)
  enemy.physics.frontal_grid_build win=  0.326ms avg=  0.486ms p95=  0.681ms max=  1.223ms calls(last=  1,win= 179,total=1898) (win 2.0% | avg 2.9% budget)
  frame.render.hud.text            win=  0.221ms avg=  0.221ms p95=  0.263ms max=  0.594ms calls(last=  1,win= 120,total=3290) (win 1.3% | avg 1.3% budget)
  enemy.ai.movement                win=  0.214ms avg=  1.152ms p95=  1.775ms max=  3.674ms calls(last=  4,win= 645,total=5417) (win 1.3% | avg 6.9% budget)
  enemy.physics.frontal_pair_traverse win=  0.076ms avg=  0.113ms p95=  0.167ms max=  0.395ms calls(last=  1,win= 179,total=1898) (win 0.5% | avg 0.7% budget)
  system.spawner_update            win=  0.075ms avg=  0.112ms p95=  0.172ms max=  0.578ms calls(last=  1,win= 179,total=3715) (win 0.5% | avg 0.7% budget)
  frame.render.world.effects.projectiles win=  0.062ms avg=  0.062ms p95=  0.080ms max=  0.223ms calls(last=  1,win= 120,total=1289) (win 0.4% | avg 0.4% budget)
  enemy.ai.perception              win=  0.060ms avg=  0.322ms p95=  0.491ms max=  0.990ms calls(last=  4,win= 645,total=5417) (win 0.4% | avg 1.9% budget)
  frame.render.world.enemies.cull  win=  0.059ms avg=  0.059ms p95=  0.060ms max=  0.271ms calls(last=  1,win= 120,total=3290) (win 0.4% | avg 0.4% budget)
[ENEMY_STATS] frame=3720 alive=144 visible=2 full=4 cheap=140 fullInBase=0 pairs(frontal=0 checks=0 separation=0 resolved=0)
[ENEMY_WINDOW] steps=179 alive[min=144 max=144] visible[min=2 max=2] full[min=3 max=4] collisionPasses[runs=179 skips=0]
[ENEMY_SEGMENTS] window=2.983s D{b/s=5.36 avgLen=5.35 fail=0} T{b/s=10.73 avgLen=6.91 fail=0} H{b/s=27.15 avgLen=4.79 fail=895} A{b/s=9.05 avgLen=5.07 fail=179}
[ENEMY_GRID] frontal{cand/s=216.5 xcell/s=1.3 ins/s=217.9} separation{cand/s=216.5}
[ENEMY_COLLISION_WINDOW] frontal{pairs/s=0.0 checks/s=0.0 baseSkip=0 kill=0(0.0%)} separation{pairs/s=0.0 resolved/s=0.0(0.0%) baseSkip=0 kill=0 wallBlock=0}
[ENEMY_KILL_DEBUG] enemyEnemy{events=0 frontal=0 separation=0 reenterEither=0 reenterBoth=0 wallContact=0 dist[min=0.000 avg=0.000 max=0.000]}
[ENEMY_NAV_CACHE] playerCell{changes=1 flowRebuilds=1} flow{hit=0 miss=0 hit%=0.0} pathFallback{calls=0 ok=0 ok%=0.0}
[ENEMY_SAP] updates=25776 active=646 pairs=0 repairs{x=73 y=76}
[ENEMY_PAIR_TYPES] frontal DD=0 DT=0 DH=0 DA=0 TT=0 TH=0 TA=0 HH=0 HA=0 AA=0 separation DD=0 DT=0 DH=0 DA=0 TT=0 TH=0 TA=0 HH=0 HA=0 AA=0
[TORPEDO_HEADING] eval/s=0.67 retreat/s=0.00 pick[straight=0.0% left=100.0% right=0.0%] clear[best=15.00 chosen=15.00]
[ENEMY_KILL_DEBUG_COLLISION] projectile{kills=0 wallContact=0}


[PROFILE] frame=3840 budget=16.667ms alloc(+372/-372, +562784b/-562784b, live=289016b peak=572888b)
  frame.total                      win= 26.666ms avg= 26.666ms p95= 31.538ms max= 85.743ms calls(last=  1,win= 120,total=3840) (win 160.0% | avg 160.0% budget)
  frame.fixed_step                 win= 11.113ms avg= 17.874ms p95= 22.587ms max= 30.285ms calls(last=  2,win= 193,total=4348) (win 66.7% | avg 107.2% budget)
  frame.render                     win=  8.745ms avg=  8.745ms p95=  9.133ms max= 85.704ms calls(last=  1,win= 120,total=3840) (win 52.5% | avg 52.5% budget)
  frame.present                    win=  7.119ms avg=  7.119ms p95=  7.548ms max= 85.698ms calls(last=  1,win= 120,total=3840) (win 42.7% | avg 42.7% budget)
  game.update                      win=  5.243ms avg=  8.433ms p95= 10.814ms max= 18.959ms calls(last=  2,win= 193,total=3908) (win 31.5% | avg 50.6% budget)
  system.ai_update                 win=  5.042ms avg=  8.109ms p95= 10.410ms max= 18.641ms calls(last=  2,win= 193,total=3908) (win 30.3% | avg 48.7% budget)
  enemy.update                     win=  5.036ms avg=  8.099ms p95= 10.399ms max= 18.627ms calls(last=  2,win= 193,total=3908) (win 30.2% | avg 48.6% budget)
  frame.render.world               win=  4.047ms avg=  4.047ms p95=  4.403ms max= 11.727ms calls(last=  1,win= 120,total=3410) (win 24.3% | avg 24.3% budget)
  frame.render.world.enemies       win=  1.289ms avg=  1.289ms p95=  1.346ms max=  4.423ms calls(last=  1,win= 120,total=3410) (win 7.7% | avg 7.7% budget)
  frame.render.world.enemies.draw  win=  1.225ms avg=  1.225ms p95=  1.284ms max=  4.317ms calls(last=  1,win= 120,total=3410) (win 7.4% | avg 7.4% budget)
  frame.render.world.maze          win=  1.159ms avg=  1.159ms p95=  1.271ms max=  3.325ms calls(last=  1,win= 120,total=3410) (win 7.0% | avg 7.0% budget)
  frame.render.hud                 win=  0.865ms avg=  0.865ms p95=  0.943ms max=  2.539ms calls(last=  1,win= 120,total=3410) (win 5.2% | avg 5.2% budget)
  frame.render.world.effects       win=  0.807ms avg=  0.807ms p95=  0.930ms max=  2.070ms calls(last=  1,win= 120,total=3410) (win 4.8% | avg 4.8% budget)
  frame.render.hud.minimap         win=  0.460ms avg=  0.460ms p95=  0.508ms max=  1.414ms calls(last=  1,win= 120,total=3410) (win 2.8% | avg 2.8% budget)
  enemy.physics.frontal_collisions win=  0.436ms avg=  0.702ms p95=  0.943ms max=  1.428ms calls(last=  2,win= 193,total=2091) (win 2.6% | avg 4.2% budget)
  enemy.torpedo.select_heading     win=  0.350ms avg=  0.009ms p95=  0.000ms max=  0.600ms calls(last=  0,win=   3,total=25) (win 2.1% | avg 0.1% budget)
  enemy.physics.frontal_grid_build win=  0.329ms avg=  0.530ms p95=  0.726ms max=  1.223ms calls(last=  2,win= 193,total=2091) (win 2.0% | avg 3.2% budget)
  frame.render.hud.text            win=  0.218ms avg=  0.218ms p95=  0.255ms max=  0.594ms calls(last=  1,win= 120,total=3410) (win 1.3% | avg 1.3% budget)
  enemy.ai.movement                win=  0.203ms avg=  1.618ms p95=  2.180ms max=  3.674ms calls(last= 10,win= 956,total=6373) (win 1.2% | avg 9.7% budget)
  system.spawner_update            win=  0.074ms avg=  0.119ms p95=  0.151ms max=  0.578ms calls(last=  2,win= 193,total=3908) (win 0.4% | avg 0.7% budget)
  enemy.physics.frontal_pair_traverse win=  0.073ms avg=  0.117ms p95=  0.150ms max=  0.395ms calls(last=  2,win= 193,total=2091) (win 0.4% | avg 0.7% budget)
  frame.render.world.effects.projectiles win=  0.067ms avg=  0.067ms p95=  0.093ms max=  0.223ms calls(last=  1,win= 120,total=1409) (win 0.4% | avg 0.4% budget)
  frame.render.world.enemies.cull  win=  0.060ms avg=  0.060ms p95=  0.061ms max=  0.271ms calls(last=  1,win= 120,total=3410) (win 0.4% | avg 0.4% budget)
  enemy.ai.perception              win=  0.052ms avg=  0.415ms p95=  0.633ms max=  0.990ms calls(last= 10,win= 956,total=6373) (win 0.3% | avg 2.5% budget)
[ENEMY_STATS] frame=3840 alive=144 visible=4 full=5 cheap=139 fullInBase=0 pairs(frontal=0 checks=0 separation=0 resolved=0)
[ENEMY_WINDOW] steps=193 alive[min=144 max=144] visible[min=2 max=5] full[min=4 max=5] collisionPasses[runs=193 skips=0]
[ENEMY_SEGMENTS] window=3.217s D{b/s=5.60 avgLen=5.37 fail=0} T{b/s=12.75 avgLen=6.46 fail=1} H{b/s=29.22 avgLen=5.01 fail=965} A{b/s=7.77 avgLen=5.26 fail=193}
[ENEMY_GRID] frontal{cand/s=297.5 xcell/s=2.5 ins/s=300.0} separation{cand/s=297.5}
[ENEMY_COLLISION_WINDOW] frontal{pairs/s=0.0 checks/s=0.0 baseSkip=0 kill=0(0.0%)} separation{pairs/s=0.0 resolved/s=0.0(0.0%) baseSkip=0 kill=0 wallBlock=0}
[ENEMY_KILL_DEBUG] enemyEnemy{events=0 frontal=0 separation=0 reenterEither=0 reenterBoth=0 wallContact=0 dist[min=0.000 avg=0.000 max=0.000]}
[ENEMY_NAV_CACHE] playerCell{changes=2 flowRebuilds=0} flow{hit=0 miss=0 hit%=0.0} pathFallback{calls=0 ok=0 ok%=0.0}
[ENEMY_SAP] updates=27792 active=957 pairs=0 repairs{x=99 y=102}
[ENEMY_PAIR_TYPES] frontal DD=0 DT=0 DH=0 DA=0 TT=0 TH=0 TA=0 HH=0 HA=0 AA=0 separation DD=0 DT=0 DH=0 DA=0 TT=0 TH=0 TA=0 HH=0 HA=0 AA=0
[TORPEDO_HEADING] eval/s=0.93 retreat/s=0.00 pick[straight=66.7% left=33.3% right=0.0%] clear[best=15.00 chosen=15.00]
[ENEMY_KILL_DEBUG_COLLISION] projectile{kills=0 wallContact=0}

[PROFILE] frame=3960 budget=16.667ms alloc(+374/-374, +562928b/-562928b, live=289016b peak=572888b)
  frame.total                      win= 29.498ms avg= 29.498ms p95= 33.709ms max= 85.743ms calls(last=  1,win= 120,total=3960) (win 177.0% | avg 177.0% budget)
  frame.fixed_step                 win= 11.751ms avg= 20.859ms p95= 24.896ms max= 33.357ms calls(last=  2,win= 213,total=4561) (win 70.5% | avg 125.2% budget)
  frame.render                     win=  8.592ms avg=  8.592ms p95=  8.978ms max= 85.704ms calls(last=  1,win= 120,total=3960) (win 51.6% | avg 51.6% budget)
  frame.present                    win=  6.971ms avg=  6.971ms p95=  7.344ms max= 85.698ms calls(last=  1,win= 120,total=3960) (win 41.8% | avg 41.8% budget)
  game.update                      win=  5.853ms avg= 10.389ms p95= 13.042ms max= 21.670ms calls(last=  2,win= 213,total=4121) (win 35.1% | avg 62.3% budget)
  system.ai_update                 win=  5.649ms avg= 10.027ms p95= 12.650ms max= 21.237ms calls(last=  2,win= 213,total=4121) (win 33.9% | avg 60.2% budget)
  enemy.update                     win=  5.643ms avg= 10.017ms p95= 12.639ms max= 21.226ms calls(last=  2,win= 213,total=4121) (win 33.9% | avg 60.1% budget)
  frame.render.world               win=  3.865ms avg=  3.865ms p95=  4.152ms max= 11.727ms calls(last=  1,win= 120,total=3530) (win 23.2% | avg 23.2% budget)
  frame.render.world.enemies       win=  1.269ms avg=  1.269ms p95=  1.440ms max=  4.423ms calls(last=  1,win= 120,total=3530) (win 7.6% | avg 7.6% budget)
  frame.render.world.enemies.draw  win=  1.204ms avg=  1.204ms p95=  1.332ms max=  4.317ms calls(last=  1,win= 120,total=3530) (win 7.2% | avg 7.2% budget)
  frame.render.world.maze          win=  1.055ms avg=  1.055ms p95=  1.162ms max=  3.325ms calls(last=  1,win= 120,total=3530) (win 6.3% | avg 6.3% budget)
  frame.render.hud                 win=  0.876ms avg=  0.876ms p95=  0.944ms max=  2.539ms calls(last=  1,win= 120,total=3530) (win 5.3% | avg 5.3% budget)
  frame.render.world.effects       win=  0.762ms avg=  0.762ms p95=  0.920ms max=  2.070ms calls(last=  1,win= 120,total=3530) (win 4.6% | avg 4.6% budget)
  frame.render.hud.minimap         win=  0.462ms avg=  0.462ms p95=  0.517ms max=  1.414ms calls(last=  1,win= 120,total=3530) (win 2.8% | avg 2.8% budget)
  enemy.physics.frontal_collisions win=  0.447ms avg=  0.794ms p95=  1.021ms max=  1.484ms calls(last=  2,win= 213,total=2304) (win 2.7% | avg 4.8% budget)
  enemy.torpedo.select_heading     win=  0.337ms avg=  0.017ms p95=  0.000ms max=  0.781ms calls(last=  0,win=   6,total=31) (win 2.0% | avg 0.1% budget)
  enemy.physics.frontal_grid_build win=  0.333ms avg=  0.591ms p95=  0.720ms max=  1.224ms calls(last=  2,win= 213,total=2304) (win 2.0% | avg 3.5% budget)
  frame.render.hud.text            win=  0.224ms avg=  0.224ms p95=  0.273ms max=  0.594ms calls(last=  1,win= 120,total=3530) (win 1.3% | avg 1.3% budget)
  enemy.ai.movement                win=  0.205ms avg=  2.303ms p95=  3.271ms max=  3.674ms calls(last= 16,win=1349,total=7722) (win 1.2% | avg 13.8% budget)
  enemy.physics.frontal_pair_traverse win=  0.078ms avg=  0.139ms p95=  0.185ms max=  0.414ms calls(last=  2,win= 213,total=2304) (win 0.5% | avg 0.8% budget)
  system.spawner_update            win=  0.077ms avg=  0.136ms p95=  0.182ms max=  0.578ms calls(last=  2,win= 213,total=4121) (win 0.5% | avg 0.8% budget)
  enemy.ai.perception              win=  0.069ms avg=  0.775ms p95=  1.368ms max=  1.601ms calls(last= 16,win=1349,total=7722) (win 0.4% | avg 4.6% budget)
  frame.render.world.enemies.cull  win=  0.061ms avg=  0.061ms p95=  0.061ms max=  0.271ms calls(last=  1,win= 120,total=3530) (win 0.4% | avg 0.4% budget)
  frame.render.world.effects.projectiles win=  0.054ms avg=  0.048ms p95=  0.073ms max=  0.223ms calls(last=  1,win= 106,total=1515) (win 0.3% | avg 0.3% budget)
[ENEMY_STATS] frame=3960 alive=144 visible=1 full=7 cheap=137 fullInBase=0 pairs(frontal=0 checks=0 separation=0 resolved=0)
[ENEMY_WINDOW] steps=213 alive[min=144 max=144] visible[min=1 max=4] full[min=5 max=8] collisionPasses[runs=213 skips=0]
[ENEMY_SEGMENTS] window=3.550s D{b/s=3.94 avgLen=4.21 fail=0} T{b/s=13.24 avgLen=6.40 fail=1} H{b/s=26.76 avgLen=4.93 fail=1135} A{b/s=7.32 avgLen=4.91 fail=213}
[ENEMY_GRID] frontal{cand/s=380.6 xcell/s=2.8 ins/s=383.4} separation{cand/s=380.6}
[ENEMY_COLLISION_WINDOW] frontal{pairs/s=0.0 checks/s=0.0 baseSkip=0 kill=0(0.0%)} separation{pairs/s=0.0 resolved/s=0.0(0.0%) baseSkip=0 kill=0 wallBlock=0}
[ENEMY_KILL_DEBUG] enemyEnemy{events=0 frontal=0 separation=0 reenterEither=0 reenterBoth=0 wallContact=0 dist[min=0.000 avg=0.000 max=0.000]}
[ENEMY_NAV_CACHE] playerCell{changes=2 flowRebuilds=1} flow{hit=57 miss=0 hit%=100.0} pathFallback{calls=0 ok=0 ok%=0.0}
[ENEMY_SAP] updates=30672 active=1351 pairs=0 repairs{x=883 y=894}
[ENEMY_PAIR_TYPES] frontal DD=0 DT=0 DH=0 DA=0 TT=0 TH=0 TA=0 HH=0 HA=0 AA=0 separation DD=0 DT=0 DH=0 DA=0 TT=0 TH=0 TA=0 HH=0 HA=0 AA=0
[TORPEDO_HEADING] eval/s=1.69 retreat/s=0.00 pick[straight=50.0% left=0.0% right=50.0%] clear[best=15.00 chosen=15.00]
[ENEMY_KILL_DEBUG_COLLISION] projectile{kills=1 wallContact=0}

[PROFILE] frame=4080 budget=16.667ms alloc(+374/-374, +562928b/-562928b, live=289016b peak=572888b)
  frame.total                      win= 32.460ms avg= 32.460ms p95= 34.174ms max= 85.743ms calls(last=  1,win= 120,total=4080) (win 194.8% | avg 194.8% budget)
  frame.fixed_step                 win= 12.236ms avg= 23.859ms p95= 25.609ms max= 34.260ms calls(last=  2,win= 234,total=4795) (win 73.4% | avg 143.2% budget)
  frame.render                     win=  8.550ms avg=  8.550ms p95=  8.880ms max= 85.704ms calls(last=  1,win= 120,total=4080) (win 51.3% | avg 51.3% budget)
  frame.present                    win=  6.951ms avg=  6.951ms p95=  7.218ms max= 85.698ms calls(last=  1,win= 120,total=4080) (win 41.7% | avg 41.7% budget)
  game.update                      win=  6.368ms avg= 12.417ms p95= 13.996ms max= 22.599ms calls(last=  2,win= 234,total=4355) (win 38.2% | avg 74.5% budget)
  system.ai_update                 win=  6.169ms avg= 12.029ms p95= 13.612ms max= 22.206ms calls(last=  2,win= 234,total=4355) (win 37.0% | avg 72.2% budget)
  enemy.update                     win=  6.163ms avg= 12.018ms p95= 13.600ms max= 22.196ms calls(last=  2,win= 234,total=4355) (win 37.0% | avg 72.1% budget)
  frame.render.world               win=  3.886ms avg=  3.886ms p95=  4.069ms max= 11.727ms calls(last=  1,win= 120,total=3650) (win 23.3% | avg 23.3% budget)
  frame.render.world.enemies       win=  1.215ms avg=  1.215ms p95=  1.276ms max=  4.423ms calls(last=  1,win= 120,total=3650) (win 7.3% | avg 7.3% budget)
  frame.render.world.enemies.draw  win=  1.151ms avg=  1.151ms p95=  1.212ms max=  4.317ms calls(last=  1,win= 120,total=3650) (win 6.9% | avg 6.9% budget)
  frame.render.world.maze          win=  1.092ms avg=  1.092ms p95=  1.146ms max=  3.325ms calls(last=  1,win= 120,total=3650) (win 6.5% | avg 6.5% budget)
  frame.render.hud                 win=  0.875ms avg=  0.875ms p95=  0.937ms max=  2.539ms calls(last=  1,win= 120,total=3650) (win 5.3% | avg 5.3% budget)
  frame.render.world.effects       win=  0.803ms avg=  0.803ms p95=  0.922ms max=  2.070ms calls(last=  1,win= 120,total=3650) (win 4.8% | avg 4.8% budget)
  frame.render.hud.minimap         win=  0.463ms avg=  0.463ms p95=  0.517ms max=  1.414ms calls(last=  1,win= 120,total=3650) (win 2.8% | avg 2.8% budget)
  enemy.physics.frontal_collisions win=  0.452ms avg=  0.881ms p95=  1.021ms max=  1.484ms calls(last=  2,win= 234,total=2538) (win 2.7% | avg 5.3% budget)
  enemy.torpedo.select_heading     win=  0.350ms avg=  0.015ms p95=  0.000ms max=  0.781ms calls(last=  0,win=   5,total=36) (win 2.1% | avg 0.1% budget)
  enemy.physics.frontal_grid_build win=  0.329ms avg=  0.641ms p95=  0.716ms max=  1.224ms calls(last=  2,win= 234,total=2538) (win 2.0% | avg 3.8% budget)
  frame.render.hud.text            win=  0.228ms avg=  0.228ms p95=  0.267ms max=  0.594ms calls(last=  1,win= 120,total=3650) (win 1.4% | avg 1.4% budget)
  enemy.ai.movement                win=  0.207ms avg=  3.085ms p95=  3.835ms max=  4.110ms calls(last= 18,win=1792,total=9514) (win 1.2% | avg 18.5% budget)
  enemy.physics.frontal_pair_traverse win=  0.085ms avg=  0.167ms p95=  0.233ms max=  0.414ms calls(last=  2,win= 234,total=2538) (win 0.5% | avg 1.0% budget)
  enemy.ai.perception              win=  0.081ms avg=  1.205ms p95=  1.561ms max=  1.648ms calls(last= 18,win=1792,total=9514) (win 0.5% | avg 7.2% budget)
  system.spawner_update            win=  0.074ms avg=  0.145ms p95=  0.170ms max=  0.578ms calls(last=  2,win= 234,total=4355) (win 0.4% | avg 0.9% budget)
  frame.render.world.enemies.cull  win=  0.061ms avg=  0.061ms p95=  0.066ms max=  0.271ms calls(last=  1,win= 120,total=3650) (win 0.4% | avg 0.4% budget)
  frame.render.hud.compass         win=  0.050ms avg=  0.050ms p95=  0.051ms max=  0.321ms calls(last=  1,win= 120,total=3650) (win 0.3% | avg 0.3% budget)
[ENEMY_STATS] frame=4080 alive=144 visible=0 full=9 cheap=135 fullInBase=0 pairs(frontal=0 checks=0 separation=0 resolved=0)
[ENEMY_WINDOW] steps=234 alive[min=144 max=144] visible[min=0 max=1] full[min=7 max=10] collisionPasses[runs=234 skips=0]
[ENEMY_SEGMENTS] window=3.900s D{b/s=6.15 avgLen=5.35 fail=0} T{b/s=12.05 avgLen=6.67 fail=0} H{b/s=27.44 avgLen=4.97 fail=1404} A{b/s=7.69 avgLen=5.29 fail=234}
[ENEMY_GRID] frontal{cand/s=460.0 xcell/s=4.4 ins/s=464.4} separation{cand/s=460.0}
[ENEMY_COLLISION_WINDOW] frontal{pairs/s=17.7 checks/s=17.7 baseSkip=0 kill=0(0.0%)} separation{pairs/s=17.7 resolved/s=0.0(0.0%) baseSkip=0 kill=0 wallBlock=0}
[ENEMY_KILL_DEBUG] enemyEnemy{events=0 frontal=0 separation=0 reenterEither=0 reenterBoth=0 wallContact=0 dist[min=0.000 avg=0.000 max=0.000]}
[ENEMY_NAV_CACHE] playerCell{changes=4 flowRebuilds=1} flow{hit=280 miss=0 hit%=100.0} pathFallback{calls=0 ok=0 ok%=0.0}
[ENEMY_SAP] updates=33696 active=1794 pairs=69 repairs{x=283 y=291}
[ENEMY_PAIR_TYPES] frontal DD=0 DT=0 DH=0 DA=0 TT=0 TH=0 TA=69 HH=0 HA=0 AA=0 separation DD=0 DT=0 DH=0 DA=0 TT=0 TH=0 TA=69 HH=0 HA=0 AA=0
[TORPEDO_HEADING] eval/s=1.28 retreat/s=0.00 pick[straight=60.0% left=20.0% right=20.0%] clear[best=13.30 chosen=13.30]
[ENEMY_KILL_DEBUG_COLLISION] projectile{kills=0 wallContact=0}

[PROFILE] frame=4200 budget=16.667ms alloc(+362/-362, +562608b/-562608b, live=289016b peak=572888b)
  frame.total                      win= 33.119ms avg= 33.119ms p95= 46.363ms max= 85.743ms calls(last=  1,win= 120,total=4200) (win 198.7% | avg 198.7% budget)
  frame.fixed_step                 win= 12.295ms avg= 24.589ms p95= 37.759ms max= 38.272ms calls(last=  2,win= 240,total=5035) (win 73.8% | avg 147.5% budget)
  frame.render                     win=  8.480ms avg=  8.480ms p95=  8.975ms max= 85.704ms calls(last=  1,win= 120,total=4200) (win 50.9% | avg 50.9% budget)
  frame.present                    win=  6.897ms avg=  6.897ms p95=  7.402ms max= 85.698ms calls(last=  1,win= 120,total=4200) (win 41.4% | avg 41.4% budget)
  game.update                      win=  6.426ms avg= 12.853ms p95= 20.055ms max= 24.302ms calls(last=  2,win= 240,total=4595) (win 38.6% | avg 77.1% budget)
  system.ai_update                 win=  6.231ms avg= 12.461ms p95= 19.456ms max= 23.903ms calls(last=  2,win= 240,total=4595) (win 37.4% | avg 74.8% budget)
  enemy.update                     win=  6.225ms avg= 12.450ms p95= 19.438ms max= 23.891ms calls(last=  2,win= 240,total=4595) (win 37.3% | avg 74.7% budget)
  frame.render.world               win=  3.779ms avg=  3.779ms p95=  4.168ms max= 11.727ms calls(last=  1,win= 120,total=3770) (win 22.7% | avg 22.7% budget)
  frame.render.world.enemies       win=  1.228ms avg=  1.228ms p95=  1.299ms max=  4.423ms calls(last=  1,win= 120,total=3770) (win 7.4% | avg 7.4% budget)
  frame.render.world.enemies.draw  win=  1.166ms avg=  1.166ms p95=  1.237ms max=  4.317ms calls(last=  1,win= 120,total=3770) (win 7.0% | avg 7.0% budget)
  frame.render.world.maze          win=  1.133ms avg=  1.133ms p95=  1.261ms max=  3.325ms calls(last=  1,win= 120,total=3770) (win 6.8% | avg 6.8% budget)
  frame.render.hud                 win=  0.874ms avg=  0.874ms p95=  0.927ms max=  2.539ms calls(last=  1,win= 120,total=3770) (win 5.2% | avg 5.2% budget)
  frame.render.world.effects       win=  0.630ms avg=  0.630ms p95=  0.905ms max=  2.070ms calls(last=  1,win= 120,total=3770) (win 3.8% | avg 3.8% budget)
  frame.render.hud.minimap         win=  0.460ms avg=  0.460ms p95=  0.500ms max=  1.414ms calls(last=  1,win= 120,total=3770) (win 2.8% | avg 2.8% budget)
  enemy.physics.frontal_collisions win=  0.455ms avg=  0.910ms p95=  1.347ms max=  1.484ms calls(last=  2,win= 240,total=2778) (win 2.7% | avg 5.5% budget)
  enemy.torpedo.select_heading     win=  0.339ms avg=  0.006ms p95=  0.000ms max=  0.781ms calls(last=  0,win=   2,total=38) (win 2.0% | avg 0.0% budget)
  enemy.physics.frontal_grid_build win=  0.325ms avg=  0.650ms p95=  0.965ms max=  1.224ms calls(last=  2,win= 240,total=2778) (win 2.0% | avg 3.9% budget)
  frame.render.hud.text            win=  0.225ms avg=  0.225ms p95=  0.262ms max=  0.594ms calls(last=  1,win= 120,total=3770) (win 1.4% | avg 1.4% budget)
  enemy.ai.movement                win=  0.202ms avg=  3.363ms p95=  5.491ms max=  6.146ms calls(last= 14,win=1998,total=11512) (win 1.2% | avg 20.2% budget)
  enemy.physics.frontal_pair_traverse win=  0.092ms avg=  0.184ms p95=  0.266ms max=  0.414ms calls(last=  2,win= 240,total=2778) (win 0.6% | avg 1.1% budget)
  enemy.ai.perception              win=  0.076ms avg=  1.269ms p95=  2.175ms max=  2.477ms calls(last= 14,win=1998,total=11512) (win 0.5% | avg 7.6% budget)
  system.spawner_update            win=  0.074ms avg=  0.147ms p95=  0.219ms max=  0.578ms calls(last=  2,win= 240,total=4595) (win 0.4% | avg 0.9% budget)
  frame.render.world.enemies.cull  win=  0.058ms avg=  0.058ms p95=  0.061ms max=  0.271ms calls(last=  1,win= 120,total=3770) (win 0.4% | avg 0.4% budget)
  frame.render.world.effects.projectiles win=  0.057ms avg=  0.027ms p95=  0.070ms max=  0.223ms calls(last=  0,win=  57,total=1691) (win 0.3% | avg 0.2% budget)
[ENEMY_STATS] frame=4200 alive=144 visible=2 full=7 cheap=137 fullInBase=0 pairs(frontal=0 checks=0 separation=0 resolved=0)
[ENEMY_WINDOW] steps=240 alive[min=144 max=144] visible[min=0 max=2] full[min=7 max=10] collisionPasses[runs=240 skips=0]
[ENEMY_SEGMENTS] window=4.000s D{b/s=4.50 avgLen=4.61 fail=0} T{b/s=12.50 avgLen=5.87 fail=0} H{b/s=27.75 avgLen=4.97 fail=1535} A{b/s=6.75 avgLen=5.37 fail=240}
[ENEMY_GRID] frontal{cand/s=499.0 xcell/s=3.5 ins/s=502.5} separation{cand/s=499.0}
[ENEMY_COLLISION_WINDOW] frontal{pairs/s=3.8 checks/s=3.8 baseSkip=0 kill=0(0.0%)} separation{pairs/s=3.8 resolved/s=0.0(0.0%) baseSkip=0 kill=0 wallBlock=0}
[ENEMY_KILL_DEBUG] enemyEnemy{events=0 frontal=0 separation=0 reenterEither=0 reenterBoth=0 wallContact=0 dist[min=0.000 avg=0.000 max=0.000]}
[ENEMY_NAV_CACHE] playerCell{changes=2 flowRebuilds=1} flow{hit=480 miss=0 hit%=100.0} pathFallback{calls=0 ok=0 ok%=0.0}
[ENEMY_SAP] updates=34560 active=1996 pairs=15 repairs{x=161 y=146}
[ENEMY_PAIR_TYPES] frontal DD=0 DT=0 DH=0 DA=0 TT=0 TH=0 TA=0 HH=14 HA=1 AA=0 separation DD=0 DT=0 DH=0 DA=0 TT=0 TH=0 TA=0 HH=14 HA=1 AA=0
[TORPEDO_HEADING] eval/s=0.50 retreat/s=0.00 pick[straight=50.0% left=0.0% right=50.0%] clear[best=15.00 chosen=15.00]
[ENEMY_KILL_DEBUG_COLLISION] projectile{kills=0 wallContact=0}

[PROFILE] frame=4320 budget=16.667ms alloc(+356/-356, +562336b/-562336b, live=289016b peak=572888b)
  frame.total                      win= 30.298ms avg= 30.298ms p95= 33.107ms max= 85.743ms calls(last=  1,win= 120,total=4320) (win 181.8% | avg 181.8% budget)
  frame.fixed_step                 win= 11.809ms avg= 21.551ms p95= 24.379ms max= 38.272ms calls(last=  2,win= 219,total=5254) (win 70.9% | avg 129.3% budget)
  frame.render                     win=  8.698ms avg=  8.698ms p95=  9.073ms max= 85.704ms calls(last=  1,win= 120,total=4320) (win 52.2% | avg 52.2% budget)
  frame.present                    win=  7.087ms avg=  7.087ms p95=  7.387ms max= 85.698ms calls(last=  1,win= 120,total=4320) (win 42.5% | avg 42.5% budget)
  game.update                      win=  5.925ms avg= 10.813ms p95= 12.699ms max= 24.302ms calls(last=  2,win= 219,total=4814) (win 35.5% | avg 64.9% budget)
  system.ai_update                 win=  5.760ms avg= 10.511ms p95= 12.299ms max= 23.903ms calls(last=  2,win= 219,total=4814) (win 34.6% | avg 63.1% budget)
  enemy.update                     win=  5.754ms avg= 10.501ms p95= 12.286ms max= 23.891ms calls(last=  2,win= 219,total=4814) (win 34.5% | avg 63.0% budget)
  frame.render.world               win=  4.035ms avg=  4.035ms p95=  4.317ms max= 11.727ms calls(last=  1,win= 120,total=3890) (win 24.2% | avg 24.2% budget)
  frame.render.world.enemies       win=  1.262ms avg=  1.262ms p95=  1.346ms max=  4.423ms calls(last=  1,win= 120,total=3890) (win 7.6% | avg 7.6% budget)
  frame.render.world.maze          win=  1.248ms avg=  1.248ms p95=  1.338ms max=  3.325ms calls(last=  1,win= 120,total=3890) (win 7.5% | avg 7.5% budget)
  frame.render.world.enemies.draw  win=  1.200ms avg=  1.200ms p95=  1.257ms max=  4.317ms calls(last=  1,win= 120,total=3890) (win 7.2% | avg 7.2% budget)
  frame.render.world.effects       win=  0.937ms avg=  0.937ms p95=  1.160ms max=  2.070ms calls(last=  1,win= 120,total=3890) (win 5.6% | avg 5.6% budget)
  frame.render.hud                 win=  0.868ms avg=  0.868ms p95=  0.939ms max=  2.539ms calls(last=  1,win= 120,total=3890) (win 5.2% | avg 5.2% budget)
  frame.render.hud.minimap         win=  0.464ms avg=  0.464ms p95=  0.511ms max=  1.414ms calls(last=  1,win= 120,total=3890) (win 2.8% | avg 2.8% budget)
  enemy.physics.frontal_collisions win=  0.438ms avg=  0.799ms p95=  0.924ms max=  1.484ms calls(last=  2,win= 219,total=2997) (win 2.6% | avg 4.8% budget)
  enemy.torpedo.select_heading     win=  0.387ms avg=  0.003ms p95=  0.000ms max=  0.781ms calls(last=  0,win=   1,total=39) (win 2.3% | avg 0.0% budget)
  frame.render.world.effects.explosion win=  0.340ms avg=  0.196ms p95=  0.376ms max=  0.630ms calls(last=  1,win=  69,total=353) (win 2.0% | avg 1.2% budget)
  enemy.physics.frontal_grid_build win=  0.326ms avg=  0.595ms p95=  0.678ms max=  1.224ms calls(last=  2,win= 219,total=2997) (win 2.0% | avg 3.6% budget)
  frame.render.hud.text            win=  0.219ms avg=  0.219ms p95=  0.260ms max=  0.594ms calls(last=  1,win= 120,total=3890) (win 1.3% | avg 1.3% budget)
  enemy.ai.movement                win=  0.183ms avg=  2.613ms p95=  3.270ms max=  6.146ms calls(last= 16,win=1710,total=13222) (win 1.1% | avg 15.7% budget)
  system.spawner_update            win=  0.079ms avg=  0.145ms p95=  0.187ms max=  0.578ms calls(last=  2,win= 219,total=4814) (win 0.5% | avg 0.9% budget)
  enemy.physics.frontal_pair_traverse win=  0.075ms avg=  0.136ms p95=  0.169ms max=  0.414ms calls(last=  2,win= 219,total=2997) (win 0.4% | avg 0.8% budget)
  frame.render.world.effects.projectiles win=  0.063ms avg=  0.021ms p95=  0.072ms max=  0.223ms calls(last=  0,win=  40,total=1731) (win 0.4% | avg 0.1% budget)
  enemy.ai.perception              win=  0.059ms avg=  0.834ms p95=  1.105ms max=  2.477ms calls(last= 16,win=1710,total=13222) (win 0.4% | avg 5.0% budget)
[ENEMY_STATS] frame=4320 alive=144 visible=3 full=8 cheap=136 fullInBase=0 pairs(frontal=0 checks=0 separation=0 resolved=0)
[ENEMY_WINDOW] steps=219 alive[min=144 max=144] visible[min=1 max=3] full[min=7 max=8] collisionPasses[runs=219 skips=0]
[ENEMY_SEGMENTS] window=3.650s D{b/s=4.93 avgLen=5.81 fail=0} T{b/s=13.70 avgLen=6.33 fail=4} H{b/s=27.12 avgLen=4.90 fail=1533} A{b/s=7.12 avgLen=4.08 fail=219}
[ENEMY_GRID] frontal{cand/s=468.8 xcell/s=2.5 ins/s=471.2} separation{cand/s=468.8}
[ENEMY_COLLISION_WINDOW] frontal{pairs/s=0.0 checks/s=0.0 baseSkip=0 kill=0(0.0%)} separation{pairs/s=0.0 resolved/s=0.0(0.0%) baseSkip=0 kill=0 wallBlock=0}
[ENEMY_KILL_DEBUG] enemyEnemy{events=0 frontal=0 separation=0 reenterEither=0 reenterBoth=0 wallContact=0 dist[min=0.000 avg=0.000 max=0.000]}
[ENEMY_NAV_CACHE] playerCell{changes=2 flowRebuilds=1} flow{hit=345 miss=0 hit%=100.0} pathFallback{calls=0 ok=0 ok%=0.0}
[ENEMY_SAP] updates=31536 active=1711 pairs=0 repairs{x=93 y=94}
[ENEMY_PAIR_TYPES] frontal DD=0 DT=0 DH=0 DA=0 TT=0 TH=0 TA=0 HH=0 HA=0 AA=0 separation DD=0 DT=0 DH=0 DA=0 TT=0 TH=0 TA=0 HH=0 HA=0 AA=0
[TORPEDO_HEADING] eval/s=0.27 retreat/s=0.00 pick[straight=0.0% left=100.0% right=0.0%] clear[best=15.00 chosen=15.00]
[ENEMY_KILL_DEBUG_COLLISION] projectile{kills=0 wallContact=0}

[PROFILE] frame=4440 budget=16.667ms alloc(+358/-358, +562384b/-562384b, live=289016b peak=572888b)
  frame.total                      win= 25.542ms avg= 25.542ms p95= 31.511ms max= 85.743ms calls(last=  1,win= 120,total=4440) (win 153.2% | avg 153.2% budget)
  frame.fixed_step                 win= 11.295ms avg= 17.414ms p95= 23.084ms max= 38.272ms calls(last=  2,win= 185,total=5439) (win 67.8% | avg 104.5% budget)
  frame.render                     win=  8.082ms avg=  8.082ms p95=  8.871ms max= 85.704ms calls(last=  1,win= 120,total=4440) (win 48.5% | avg 48.5% budget)
  frame.present                    win=  6.479ms avg=  6.479ms p95=  7.266ms max= 85.698ms calls(last=  1,win= 120,total=4440) (win 38.9% | avg 38.9% budget)
  game.update                      win=  5.429ms avg=  8.370ms p95= 11.313ms max= 24.302ms calls(last=  2,win= 185,total=4999) (win 32.6% | avg 50.2% budget)
  system.ai_update                 win=  5.271ms avg=  8.126ms p95= 11.031ms max= 23.903ms calls(last=  2,win= 185,total=4999) (win 31.6% | avg 48.8% budget)
  enemy.update                     win=  5.265ms avg=  8.117ms p95= 11.021ms max= 23.891ms calls(last=  2,win= 185,total=4999) (win 31.6% | avg 48.7% budget)
  frame.render.world               win=  3.431ms avg=  3.431ms p95=  4.176ms max= 11.727ms calls(last=  1,win= 120,total=4010) (win 20.6% | avg 20.6% budget)
  frame.render.world.enemies       win=  1.202ms avg=  1.202ms p95=  1.334ms max=  4.423ms calls(last=  1,win= 120,total=4010) (win 7.2% | avg 7.2% budget)
  frame.render.world.enemies.draw  win=  1.145ms avg=  1.145ms p95=  1.274ms max=  4.317ms calls(last=  1,win= 120,total=4010) (win 6.9% | avg 6.9% budget)
  frame.render.world.maze          win=  0.891ms avg=  0.891ms p95=  1.301ms max=  3.325ms calls(last=  1,win= 120,total=4010) (win 5.3% | avg 5.3% budget)
  frame.render.hud                 win=  0.868ms avg=  0.868ms p95=  0.921ms max=  2.539ms calls(last=  1,win= 120,total=4010) (win 5.2% | avg 5.2% budget)
  frame.render.world.effects       win=  0.638ms avg=  0.638ms p95=  1.126ms max=  2.070ms calls(last=  1,win= 120,total=4010) (win 3.8% | avg 3.8% budget)
  frame.render.hud.minimap         win=  0.459ms avg=  0.459ms p95=  0.497ms max=  1.414ms calls(last=  1,win= 120,total=4010) (win 2.8% | avg 2.8% budget)
  enemy.physics.frontal_collisions win=  0.441ms avg=  0.680ms p95=  0.913ms max=  1.484ms calls(last=  2,win= 185,total=3182) (win 2.6% | avg 4.1% budget)
  enemy.torpedo.select_heading     win=  0.340ms avg=  0.003ms p95=  0.000ms max=  0.781ms calls(last=  0,win=   1,total=40) (win 2.0% | avg 0.0% budget)
  frame.render.world.effects.explosion win=  0.338ms avg=  0.104ms p95=  0.343ms max=  0.630ms calls(last=  0,win=  37,total=390) (win 2.0% | avg 0.6% budget)
  enemy.physics.frontal_grid_build win=  0.329ms avg=  0.506ms p95=  0.678ms max=  1.224ms calls(last=  2,win= 185,total=3182) (win 2.0% | avg 3.0% budget)
  frame.render.hud.text            win=  0.226ms avg=  0.226ms p95=  0.270ms max=  0.594ms calls(last=  1,win= 120,total=4010) (win 1.4% | avg 1.4% budget)
  enemy.ai.movement                win=  0.171ms avg=  1.619ms p95=  2.391ms max=  6.146ms calls(last= 10,win=1139,total=14361) (win 1.0% | avg 9.7% budget)
  enemy.physics.frontal_pair_traverse win=  0.076ms avg=  0.118ms p95=  0.163ms max=  0.414ms calls(last=  2,win= 185,total=3182) (win 0.5% | avg 0.7% budget)
  system.spawner_update            win=  0.076ms avg=  0.117ms p95=  0.164ms max=  0.578ms calls(last=  2,win= 185,total=4999) (win 0.5% | avg 0.7% budget)
  enemy.ai.perception              win=  0.073ms avg=  0.696ms p95=  1.123ms max=  2.477ms calls(last= 10,win=1139,total=14361) (win 0.4% | avg 4.2% budget)
  frame.render.world.enemies.cull  win=  0.054ms avg=  0.054ms p95=  0.062ms max=  0.271ms calls(last=  1,win= 120,total=4010) (win 0.3% | avg 0.3% budget)
[ENEMY_STATS] frame=4440 alive=144 visible=0 full=5 cheap=139 fullInBase=0 pairs(frontal=0 checks=0 separation=0 resolved=0)
[ENEMY_WINDOW] steps=185 alive[min=144 max=144] visible[min=0 max=3] full[min=5 max=8] collisionPasses[runs=185 skips=0]
[ENEMY_SEGMENTS] window=3.083s D{b/s=4.22 avgLen=4.23 fail=0} T{b/s=14.27 avgLen=6.06 fail=1} H{b/s=26.59 avgLen=4.92 fail=1410} A{b/s=8.11 avgLen=4.99 fail=202}
[ENEMY_GRID] frontal{cand/s=368.4 xcell/s=2.6 ins/s=371.0} separation{cand/s=368.4}
[ENEMY_COLLISION_WINDOW] frontal{pairs/s=0.0 checks/s=0.0 baseSkip=0 kill=0(0.0%)} separation{pairs/s=0.0 resolved/s=0.0(0.0%) baseSkip=0 kill=0 wallBlock=0}
[ENEMY_KILL_DEBUG] enemyEnemy{events=0 frontal=0 separation=0 reenterEither=0 reenterBoth=0 wallContact=0 dist[min=0.000 avg=0.000 max=0.000]}
[ENEMY_NAV_CACHE] playerCell{changes=1 flowRebuilds=0} flow{hit=185 miss=0 hit%=100.0} pathFallback{calls=0 ok=0 ok%=0.0}
[ENEMY_SAP] updates=26640 active=1136 pairs=0 repairs{x=426 y=427}
[ENEMY_PAIR_TYPES] frontal DD=0 DT=0 DH=0 DA=0 TT=0 TH=0 TA=0 HH=0 HA=0 AA=0 separation DD=0 DT=0 DH=0 DA=0 TT=0 TH=0 TA=0 HH=0 HA=0 AA=0
[TORPEDO_HEADING] eval/s=0.32 retreat/s=0.00 pick[straight=100.0% left=0.0% right=0.0%] clear[best=15.00 chosen=15.00]
[ENEMY_KILL_DEBUG_COLLISION] projectile{kills=0 wallContact=0}

[PROFILE] frame=4560 budget=16.667ms alloc(+179/-179, +281192b/-281192b, live=289016b peak=572888b)
  frame.total                      win= 24.505ms avg= 24.505ms p95= 30.748ms max= 85.743ms calls(last=  1,win= 120,total=4560) (win 147.0% | avg 147.0% budget)
  frame.fixed_step                 win= 11.079ms avg= 16.342ms p95= 22.317ms max= 38.272ms calls(last=  1,win= 177,total=5616) (win 66.5% | avg 98.1% budget)
  frame.render                     win=  8.117ms avg=  8.117ms p95=  8.524ms max= 85.704ms calls(last=  1,win= 120,total=4560) (win 48.7% | avg 48.7% budget)
  frame.present                    win=  6.503ms avg=  6.503ms p95=  6.821ms max= 85.698ms calls(last=  1,win= 120,total=4560) (win 39.0% | avg 39.0% budget)
  game.update                      win=  5.223ms avg=  7.704ms p95= 10.532ms max= 24.302ms calls(last=  1,win= 177,total=5176) (win 31.3% | avg 46.2% budget)
  system.ai_update                 win=  5.027ms avg=  7.415ms p95= 10.164ms max= 23.903ms calls(last=  1,win= 177,total=5176) (win 30.2% | avg 44.5% budget)
  enemy.update                     win=  5.020ms avg=  7.405ms p95= 10.122ms max= 23.891ms calls(last=  1,win= 177,total=5176) (win 30.1% | avg 44.4% budget)
  frame.render.world               win=  3.459ms avg=  3.459ms p95=  3.800ms max= 11.727ms calls(last=  1,win= 120,total=4130) (win 20.8% | avg 20.8% budget)
  frame.render.world.enemies       win=  1.211ms avg=  1.211ms p95=  1.291ms max=  4.423ms calls(last=  1,win= 120,total=4130) (win 7.3% | avg 7.3% budget)
  frame.render.world.enemies.draw  win=  1.156ms avg=  1.156ms p95=  1.238ms max=  4.317ms calls(last=  1,win= 120,total=4130) (win 6.9% | avg 6.9% budget)
  frame.render.hud                 win=  0.864ms avg=  0.864ms p95=  0.934ms max=  2.539ms calls(last=  1,win= 120,total=4130) (win 5.2% | avg 5.2% budget)
  frame.render.world.maze          win=  0.810ms avg=  0.810ms p95=  0.878ms max=  3.325ms calls(last=  1,win= 120,total=4130) (win 4.9% | avg 4.9% budget)
  frame.render.world.effects       win=  0.662ms avg=  0.662ms p95=  0.936ms max=  2.070ms calls(last=  1,win= 120,total=4130) (win 4.0% | avg 4.0% budget)
  frame.render.hud.minimap         win=  0.468ms avg=  0.468ms p95=  0.539ms max=  1.414ms calls(last=  1,win= 120,total=4130) (win 2.8% | avg 2.8% budget)
  enemy.physics.frontal_collisions win=  0.437ms avg=  0.644ms p95=  0.908ms max=  1.484ms calls(last=  1,win= 177,total=3359) (win 2.6% | avg 3.9% budget)
  enemy.torpedo.select_heading     win=  0.361ms avg=  0.003ms p95=  0.000ms max=  0.781ms calls(last=  0,win=   1,total=41) (win 2.2% | avg 0.0% budget)
  enemy.physics.frontal_grid_build win=  0.327ms avg=  0.482ms p95=  0.680ms max=  1.224ms calls(last=  1,win= 177,total=3359) (win 2.0% | avg 2.9% budget)
  frame.render.hud.text            win=  0.221ms avg=  0.221ms p95=  0.262ms max=  0.594ms calls(last=  1,win= 120,total=4130) (win 1.3% | avg 1.3% budget)
  enemy.ai.movement                win=  0.182ms avg=  1.309ms p95=  1.859ms max=  6.146ms calls(last=  4,win= 865,total=15226) (win 1.1% | avg 7.9% budget)
  enemy.physics.frontal_pair_traverse win=  0.076ms avg=  0.112ms p95=  0.155ms max=  0.414ms calls(last=  1,win= 177,total=3359) (win 0.5% | avg 0.7% budget)
  system.spawner_update            win=  0.075ms avg=  0.110ms p95=  0.149ms max=  0.578ms calls(last=  1,win= 177,total=5176) (win 0.4% | avg 0.7% budget)
  enemy.ai.perception              win=  0.058ms avg=  0.416ms p95=  0.694ms max=  2.477ms calls(last=  4,win= 865,total=15226) (win 0.3% | avg 2.5% budget)
  frame.render.world.enemies.cull  win=  0.051ms avg=  0.051ms p95=  0.056ms max=  0.271ms calls(last=  1,win= 120,total=4130) (win 0.3% | avg 0.3% budget)
  frame.render.hud.compass         win=  0.050ms avg=  0.050ms p95=  0.052ms max=  0.321ms calls(last=  1,win= 120,total=4130) (win 0.3% | avg 0.3% budget)
[ENEMY_STATS] frame=4560 alive=144 visible=2 full=4 cheap=140 fullInBase=0 pairs(frontal=0 checks=0 separation=0 resolved=0)
[ENEMY_WINDOW] steps=177 alive[min=144 max=144] visible[min=0 max=2] full[min=4 max=5] collisionPasses[runs=177 skips=0]
[ENEMY_SEGMENTS] window=2.950s D{b/s=7.80 avgLen=4.42 fail=0} T{b/s=13.22 avgLen=6.11 fail=0} H{b/s=27.80 avgLen=4.72 fail=1416} A{b/s=7.80 avgLen=4.77 fail=354}
[ENEMY_GRID] frontal{cand/s=292.9 xcell/s=1.4 ins/s=294.2} separation{cand/s=292.9}
[ENEMY_COLLISION_WINDOW] frontal{pairs/s=0.0 checks/s=0.0 baseSkip=0 kill=0(0.0%)} separation{pairs/s=0.0 resolved/s=0.0(0.0%) baseSkip=0 kill=0 wallBlock=0}
[ENEMY_KILL_DEBUG] enemyEnemy{events=0 frontal=0 separation=0 reenterEither=0 reenterBoth=0 wallContact=0 dist[min=0.000 avg=0.000 max=0.000]}
[ENEMY_NAV_CACHE] playerCell{changes=2 flowRebuilds=1} flow{hit=177 miss=0 hit%=100.0} pathFallback{calls=0 ok=0 ok%=0.0}
[ENEMY_SAP] updates=25488 active=864 pairs=0 repairs{x=0 y=3}
[ENEMY_PAIR_TYPES] frontal DD=0 DT=0 DH=0 DA=0 TT=0 TH=0 TA=0 HH=0 HA=0 AA=0 separation DD=0 DT=0 DH=0 DA=0 TT=0 TH=0 TA=0 HH=0 HA=0 AA=0
[TORPEDO_HEADING] eval/s=0.34 retreat/s=0.00 pick[straight=100.0% left=0.0% right=0.0%] clear[best=15.00 chosen=15.00]
[ENEMY_KILL_DEBUG_COLLISION] projectile{kills=0 wallContact=0}

[PROFILE] frame=4680 budget=16.667ms alloc(+358/-358, +562384b/-562384b, live=289016b peak=572888b)
  frame.total                      win= 24.564ms avg= 24.564ms p95= 30.739ms max= 85.743ms calls(last=  1,win= 120,total=4680) (win 147.4% | avg 147.4% budget)
  frame.fixed_step                 win= 11.200ms avg= 16.613ms p95= 22.625ms max= 38.272ms calls(last=  2,win= 178,total=5794) (win 67.2% | avg 99.7% budget)
  frame.render                     win=  7.906ms avg=  7.906ms p95=  8.327ms max= 85.704ms calls(last=  1,win= 120,total=4680) (win 47.4% | avg 47.4% budget)
  frame.present                    win=  6.321ms avg=  6.321ms p95=  6.685ms max= 85.698ms calls(last=  1,win= 120,total=4680) (win 37.9% | avg 37.9% budget)
  game.update                      win=  5.335ms avg=  7.913ms p95= 10.986ms max= 24.302ms calls(last=  2,win= 178,total=5354) (win 32.0% | avg 47.5% budget)
  system.ai_update                 win=  5.144ms avg=  7.630ms p95= 10.608ms max= 23.903ms calls(last=  2,win= 178,total=5354) (win 30.9% | avg 45.8% budget)
  enemy.update                     win=  5.138ms avg=  7.622ms p95= 10.595ms max= 23.891ms calls(last=  2,win= 178,total=5354) (win 30.8% | avg 45.7% budget)
  frame.render.world               win=  3.291ms avg=  3.291ms p95=  3.576ms max= 11.727ms calls(last=  1,win= 120,total=4250) (win 19.7% | avg 19.7% budget)
  frame.render.world.enemies       win=  1.231ms avg=  1.231ms p95=  1.297ms max=  4.423ms calls(last=  1,win= 120,total=4250) (win 7.4% | avg 7.4% budget)
  frame.render.world.enemies.draw  win=  1.176ms avg=  1.176ms p95=  1.243ms max=  4.317ms calls(last=  1,win= 120,total=4250) (win 7.1% | avg 7.1% budget)
  frame.render.hud                 win=  0.865ms avg=  0.865ms p95=  0.945ms max=  2.539ms calls(last=  1,win= 120,total=4250) (win 5.2% | avg 5.2% budget)
  frame.render.world.maze          win=  0.835ms avg=  0.835ms p95=  0.945ms max=  3.325ms calls(last=  1,win= 120,total=4250) (win 5.0% | avg 5.0% budget)
  frame.render.hud.minimap         win=  0.466ms avg=  0.466ms p95=  0.507ms max=  1.414ms calls(last=  1,win= 120,total=4250) (win 2.8% | avg 2.8% budget)
  frame.render.world.effects       win=  0.451ms avg=  0.451ms p95=  0.505ms max=  2.070ms calls(last=  1,win= 120,total=4250) (win 2.7% | avg 2.7% budget)
  enemy.physics.frontal_collisions win=  0.442ms avg=  0.655ms p95=  0.954ms max=  1.484ms calls(last=  2,win= 178,total=3537) (win 2.6% | avg 3.9% budget)
  enemy.torpedo.select_heading     win=  0.377ms avg=  0.003ms p95=  0.000ms max=  0.781ms calls(last=  0,win=   1,total=42) (win 2.3% | avg 0.0% budget)
  enemy.physics.frontal_grid_build win=  0.332ms avg=  0.492ms p95=  0.705ms max=  1.224ms calls(last=  2,win= 178,total=3537) (win 2.0% | avg 3.0% budget)
  frame.render.hud.text            win=  0.221ms avg=  0.221ms p95=  0.253ms max=  0.594ms calls(last=  1,win= 120,total=4250) (win 1.3% | avg 1.3% budget)
  enemy.ai.movement                win=  0.210ms avg=  1.454ms p95=  2.174ms max=  6.146ms calls(last=  8,win= 831,total=16057) (win 1.3% | avg 8.7% budget)
  enemy.physics.frontal_pair_traverse win=  0.076ms avg=  0.113ms p95=  0.154ms max=  0.424ms calls(last=  2,win= 178,total=3537) (win 0.5% | avg 0.7% budget)
  system.spawner_update            win=  0.074ms avg=  0.110ms p95=  0.156ms max=  0.578ms calls(last=  2,win= 178,total=5354) (win 0.4% | avg 0.7% budget)
  enemy.ai.perception              win=  0.069ms avg=  0.475ms p95=  0.799ms max=  2.477ms calls(last=  8,win= 831,total=16057) (win 0.4% | avg 2.8% budget)
  frame.render.hud.compass         win=  0.051ms avg=  0.051ms p95=  0.052ms max=  0.321ms calls(last=  1,win= 120,total=4250) (win 0.3% | avg 0.3% budget)
  frame.render.world.enemies.cull  win=  0.051ms avg=  0.051ms p95=  0.057ms max=  0.271ms calls(last=  1,win= 120,total=4250) (win 0.3% | avg 0.3% budget)
[ENEMY_STATS] frame=4680 alive=144 visible=1 full=4 cheap=140 fullInBase=0 pairs(frontal=0 checks=0 separation=0 resolved=0)
[ENEMY_WINDOW] steps=178 alive[min=144 max=144] visible[min=1 max=2] full[min=4 max=5] collisionPasses[runs=178 skips=0]
[ENEMY_SEGMENTS] window=2.967s D{b/s=4.04 avgLen=5.24 fail=0} T{b/s=12.13 avgLen=5.90 fail=0} H{b/s=25.96 avgLen=5.04 fail=1424} A{b/s=7.75 avgLen=4.71 fail=356}
[ENEMY_GRID] frontal{cand/s=280.1 xcell/s=2.4 ins/s=282.5} separation{cand/s=280.1}
[ENEMY_COLLISION_WINDOW] frontal{pairs/s=0.0 checks/s=0.0 baseSkip=0 kill=0(0.0%)} separation{pairs/s=0.0 resolved/s=0.0(0.0%) baseSkip=0 kill=0 wallBlock=0}
[ENEMY_KILL_DEBUG] enemyEnemy{events=0 frontal=0 separation=0 reenterEither=0 reenterBoth=0 wallContact=0 dist[min=0.000 avg=0.000 max=0.000]}
[ENEMY_NAV_CACHE] playerCell{changes=3 flowRebuilds=1} flow{hit=178 miss=0 hit%=100.0} pathFallback{calls=0 ok=0 ok%=0.0}
[ENEMY_SAP] updates=25632 active=831 pairs=0 repairs{x=27 y=37}
[ENEMY_PAIR_TYPES] frontal DD=0 DT=0 DH=0 DA=0 TT=0 TH=0 TA=0 HH=0 HA=0 AA=0 separation DD=0 DT=0 DH=0 DA=0 TT=0 TH=0 TA=0 HH=0 HA=0 AA=0
[TORPEDO_HEADING] eval/s=0.34 retreat/s=0.00 pick[straight=100.0% left=0.0% right=0.0%] clear[best=15.00 chosen=15.00]
[ENEMY_KILL_DEBUG_COLLISION] projectile{kills=0 wallContact=0}

[PROFILE] frame=4800 budget=16.667ms alloc(+356/-356, +562688b/-562688b, live=289016b peak=572888b)
  frame.total                      win= 26.033ms avg= 26.033ms p95= 31.998ms max= 85.743ms calls(last=  1,win= 120,total=4800) (win 156.2% | avg 156.2% budget)
  frame.fixed_step                 win= 11.207ms avg= 17.557ms p95= 23.491ms max= 38.272ms calls(last=  2,win= 188,total=5982) (win 67.2% | avg 105.3% budget)
  frame.render                     win=  8.427ms avg=  8.427ms p95=  8.789ms max= 85.704ms calls(last=  1,win= 120,total=4800) (win 50.6% | avg 50.6% budget)
  frame.present                    win=  6.810ms avg=  6.810ms p95=  7.159ms max= 85.698ms calls(last=  1,win= 120,total=4800) (win 40.9% | avg 40.9% budget)
  game.update                      win=  5.292ms avg=  8.291ms p95= 11.663ms max= 24.302ms calls(last=  2,win= 188,total=5542) (win 31.8% | avg 49.7% budget)
  system.ai_update                 win=  5.043ms avg=  7.901ms p95= 11.093ms max= 23.903ms calls(last=  2,win= 188,total=5542) (win 30.3% | avg 47.4% budget)
  enemy.update                     win=  5.038ms avg=  7.893ms p95= 11.081ms max= 23.891ms calls(last=  2,win= 188,total=5542) (win 30.2% | avg 47.4% budget)
  frame.render.world               win=  3.777ms avg=  3.777ms p95=  4.094ms max= 11.727ms calls(last=  1,win= 120,total=4370) (win 22.7% | avg 22.7% budget)
  frame.render.world.enemies       win=  1.230ms avg=  1.230ms p95=  1.299ms max=  4.423ms calls(last=  1,win= 120,total=4370) (win 7.4% | avg 7.4% budget)
  frame.render.world.enemies.draw  win=  1.174ms avg=  1.174ms p95=  1.245ms max=  4.317ms calls(last=  1,win= 120,total=4370) (win 7.0% | avg 7.0% budget)
  frame.render.world.maze          win=  0.969ms avg=  0.969ms p95=  1.033ms max=  3.325ms calls(last=  1,win= 120,total=4370) (win 5.8% | avg 5.8% budget)
  frame.render.hud                 win=  0.862ms avg=  0.862ms p95=  0.932ms max=  2.539ms calls(last=  1,win= 120,total=4370) (win 5.2% | avg 5.2% budget)
  frame.render.world.effects       win=  0.803ms avg=  0.803ms p95=  0.961ms max=  2.070ms calls(last=  1,win= 120,total=4370) (win 4.8% | avg 4.8% budget)
  frame.render.hud.minimap         win=  0.467ms avg=  0.467ms p95=  0.538ms max=  1.414ms calls(last=  1,win= 120,total=4370) (win 2.8% | avg 2.8% budget)
  enemy.physics.frontal_collisions win=  0.436ms avg=  0.683ms p95=  0.894ms max=  1.484ms calls(last=  2,win= 188,total=3725) (win 2.6% | avg 4.1% budget)
  enemy.torpedo.select_heading     win=  0.431ms avg=  0.004ms p95=  0.000ms max=  0.781ms calls(last=  0,win=   1,total=43) (win 2.6% | avg 0.0% budget)
  enemy.physics.frontal_grid_build win=  0.329ms avg=  0.516ms p95=  0.685ms max=  1.224ms calls(last=  2,win= 188,total=3725) (win 2.0% | avg 3.1% budget)
  frame.render.hud.text            win=  0.221ms avg=  0.221ms p95=  0.259ms max=  0.594ms calls(last=  1,win= 120,total=4370) (win 1.3% | avg 1.3% budget)
  enemy.ai.movement                win=  0.212ms avg=  1.472ms p95=  2.531ms max=  6.146ms calls(last= 12,win= 832,total=16889) (win 1.3% | avg 8.8% budget)
  system.physics_collision         win=  0.095ms avg=  0.148ms p95=  0.249ms max=  0.364ms calls(last=  2,win= 188,total=5542) (win 0.6% | avg 0.9% budget)
  enemy.ai.perception              win=  0.075ms avg=  0.517ms p95=  0.964ms max=  2.477ms calls(last= 12,win= 832,total=16889) (win 0.4% | avg 3.1% budget)
  enemy.physics.frontal_pair_traverse win=  0.073ms avg=  0.114ms p95=  0.152ms max=  0.424ms calls(last=  2,win= 188,total=3725) (win 0.4% | avg 0.7% budget)
  system.spawner_update            win=  0.073ms avg=  0.114ms p95=  0.149ms max=  0.578ms calls(last=  2,win= 188,total=5542) (win 0.4% | avg 0.7% budget)
  frame.render.world.effects.projectiles win=  0.065ms avg=  0.065ms p95=  0.112ms max=  0.223ms calls(last=  1,win= 120,total=1921) (win 0.4% | avg 0.4% budget)
[ENEMY_STATS] frame=4800 alive=144 visible=2 full=6 cheap=138 fullInBase=0 pairs(frontal=0 checks=0 separation=0 resolved=0)
[ENEMY_WINDOW] steps=188 alive[min=144 max=144] visible[min=1 max=2] full[min=4 max=6] collisionPasses[runs=188 skips=0]
[ENEMY_SEGMENTS] window=3.133s D{b/s=4.79 avgLen=4.04 fail=0} T{b/s=13.72 avgLen=6.11 fail=0} H{b/s=25.53 avgLen=4.98 fail=1504} A{b/s=7.02 avgLen=5.16 fail=376}
[ENEMY_GRID] frontal{cand/s=266.2 xcell/s=1.9 ins/s=268.1} separation{cand/s=266.2}
[ENEMY_COLLISION_WINDOW] frontal{pairs/s=0.0 checks/s=0.0 baseSkip=0 kill=0(0.0%)} separation{pairs/s=0.0 resolved/s=0.0(0.0%) baseSkip=0 kill=0 wallBlock=0}
[ENEMY_KILL_DEBUG] enemyEnemy{events=0 frontal=0 separation=0 reenterEither=0 reenterBoth=0 wallContact=0 dist[min=0.000 avg=0.000 max=0.000]}
[ENEMY_NAV_CACHE] playerCell{changes=2 flowRebuilds=0} flow{hit=188 miss=0 hit%=100.0} pathFallback{calls=0 ok=0 ok%=0.0}
[ENEMY_SAP] updates=27072 active=834 pairs=0 repairs{x=33 y=28}
[ENEMY_PAIR_TYPES] frontal DD=0 DT=0 DH=0 DA=0 TT=0 TH=0 TA=0 HH=0 HA=0 AA=0 separation DD=0 DT=0 DH=0 DA=0 TT=0 TH=0 TA=0 HH=0 HA=0 AA=0
[TORPEDO_HEADING] eval/s=0.32 retreat/s=0.00 pick[straight=0.0% left=100.0% right=0.0%] clear[best=15.00 chosen=15.00]
[ENEMY_KILL_DEBUG_COLLISION] projectile{kills=0 wallContact=0}

[PROFILE] frame=4920 budget=16.667ms alloc(+356/-356, +562688b/-562688b, live=289016b peak=572888b)
  frame.total                      win= 31.256ms avg= 31.256ms p95= 33.719ms max= 85.743ms calls(last=  1,win= 120,total=4920) (win 187.5% | avg 187.5% budget)
  frame.fixed_step                 win= 12.042ms avg= 22.680ms p95= 24.491ms max= 38.272ms calls(last=  2,win= 226,total=6208) (win 72.3% | avg 136.1% budget)
  frame.render                     win=  8.527ms avg=  8.527ms p95=  8.910ms max= 85.704ms calls(last=  1,win= 120,total=4920) (win 51.2% | avg 51.2% budget)
  frame.present                    win=  6.871ms avg=  6.871ms p95=  7.187ms max= 85.698ms calls(last=  1,win= 120,total=4920) (win 41.2% | avg 41.2% budget)
  game.update                      win=  6.143ms avg= 11.570ms p95= 12.740ms max= 24.302ms calls(last=  2,win= 226,total=5768) (win 36.9% | avg 69.4% budget)
  system.ai_update                 win=  5.875ms avg= 11.065ms p95= 12.128ms max= 23.903ms calls(last=  2,win= 226,total=5768) (win 35.3% | avg 66.4% budget)
  enemy.update                     win=  5.869ms avg= 11.053ms p95= 12.114ms max= 23.891ms calls(last=  2,win= 226,total=5768) (win 35.2% | avg 66.3% budget)
  frame.render.world               win=  3.805ms avg=  3.805ms p95=  4.100ms max= 11.727ms calls(last=  1,win= 120,total=4490) (win 22.8% | avg 22.8% budget)
  frame.render.world.enemies       win=  1.247ms avg=  1.247ms p95=  1.338ms max=  4.423ms calls(last=  1,win= 120,total=4490) (win 7.5% | avg 7.5% budget)
  frame.render.world.enemies.draw  win=  1.192ms avg=  1.192ms p95=  1.279ms max=  4.317ms calls(last=  1,win= 120,total=4490) (win 7.1% | avg 7.1% budget)
  frame.render.world.maze          win=  0.931ms avg=  0.931ms p95=  1.022ms max=  3.325ms calls(last=  1,win= 120,total=4490) (win 5.6% | avg 5.6% budget)
  frame.render.hud                 win=  0.859ms avg=  0.859ms p95=  0.921ms max=  2.539ms calls(last=  1,win= 120,total=4490) (win 5.2% | avg 5.2% budget)
  frame.render.world.effects       win=  0.854ms avg=  0.854ms p95=  1.005ms max=  2.070ms calls(last=  1,win= 120,total=4490) (win 5.1% | avg 5.1% budget)
  frame.render.hud.minimap         win=  0.462ms avg=  0.462ms p95=  0.522ms max=  1.414ms calls(last=  1,win= 120,total=4490) (win 2.8% | avg 2.8% budget)
  enemy.physics.frontal_collisions win=  0.443ms avg=  0.835ms p95=  0.958ms max=  1.484ms calls(last=  2,win= 226,total=3951) (win 2.7% | avg 5.0% budget)
  enemy.physics.frontal_grid_build win=  0.332ms avg=  0.626ms p95=  0.748ms max=  1.224ms calls(last=  2,win= 226,total=3951) (win 2.0% | avg 3.8% budget)
  enemy.torpedo.select_heading     win=  0.321ms avg=  0.003ms p95=  0.000ms max=  0.781ms calls(last=  0,win=   1,total=44) (win 1.9% | avg 0.0% budget)
  frame.render.hud.text            win=  0.223ms avg=  0.223ms p95=  0.263ms max=  0.594ms calls(last=  1,win= 120,total=4490) (win 1.3% | avg 1.3% budget)
  enemy.ai.movement                win=  0.210ms avg=  2.662ms p95=  3.132ms max=  6.146ms calls(last= 14,win=1518,total=18407) (win 1.3% | avg 16.0% budget)
  system.physics_collision         win=  0.110ms avg=  0.207ms p95=  0.288ms max=  0.364ms calls(last=  2,win= 226,total=5768) (win 0.7% | avg 1.2% budget)
  frame.render.world.effects.projectiles win=  0.101ms avg=  0.101ms p95=  0.130ms max=  0.380ms calls(last=  1,win= 120,total=2041) (win 0.6% | avg 0.6% budget)
  enemy.physics.frontal_pair_traverse win=  0.075ms avg=  0.141ms p95=  0.167ms max=  0.424ms calls(last=  2,win= 226,total=3951) (win 0.4% | avg 0.8% budget)
  system.spawner_update            win=  0.075ms avg=  0.141ms p95=  0.165ms max=  0.578ms calls(last=  2,win= 226,total=5768) (win 0.4% | avg 0.8% budget)
  enemy.ai.perception              win=  0.073ms avg=  0.921ms p95=  1.120ms max=  2.477ms calls(last= 14,win=1518,total=18407) (win 0.4% | avg 5.5% budget)
[ENEMY_STATS] frame=4920 alive=144 visible=2 full=7 cheap=137 fullInBase=0 pairs(frontal=0 checks=0 separation=0 resolved=0)
[ENEMY_WINDOW] steps=226 alive[min=144 max=144] visible[min=1 max=2] full[min=6 max=8] collisionPasses[runs=226 skips=0]
[ENEMY_SEGMENTS] window=3.767s D{b/s=5.58 avgLen=5.12 fail=0} T{b/s=15.93 avgLen=5.99 fail=0} H{b/s=26.02 avgLen=4.79 fail=1808} A{b/s=6.64 avgLen=4.77 fail=452}
[ENEMY_GRID] frontal{cand/s=403.3 xcell/s=2.7 ins/s=405.9} separation{cand/s=403.3}
[ENEMY_COLLISION_WINDOW] frontal{pairs/s=0.0 checks/s=0.0 baseSkip=0 kill=0(0.0%)} separation{pairs/s=0.0 resolved/s=0.0(0.0%) baseSkip=0 kill=0 wallBlock=0}
[ENEMY_KILL_DEBUG] enemyEnemy{events=0 frontal=0 separation=0 reenterEither=0 reenterBoth=0 wallContact=0 dist[min=0.000 avg=0.000 max=0.000]}
[ENEMY_NAV_CACHE] playerCell{changes=4 flowRebuilds=2} flow{hit=226 miss=0 hit%=100.0} pathFallback{calls=0 ok=0 ok%=0.0}
[ENEMY_SAP] updates=32544 active=1519 pairs=0 repairs{x=260 y=263}
[ENEMY_PAIR_TYPES] frontal DD=0 DT=0 DH=0 DA=0 TT=0 TH=0 TA=0 HH=0 HA=0 AA=0 separation DD=0 DT=0 DH=0 DA=0 TT=0 TH=0 TA=0 HH=0 HA=0 AA=0
[TORPEDO_HEADING] eval/s=0.27 retreat/s=0.00 pick[straight=0.0% left=100.0% right=0.0%] clear[best=15.00 chosen=15.00]
[ENEMY_KILL_DEBUG_COLLISION] projectile{kills=0 wallContact=0}

[PROFILE] frame=5040 budget=16.667ms alloc(+358/-358, +562896b/-562896b, live=289304b peak=572888b)
  frame.total                      win= 29.378ms avg= 29.378ms p95= 32.919ms max= 85.743ms calls(last=  1,win= 120,total=5040) (win 176.3% | avg 176.3% budget)
  frame.fixed_step                 win= 11.769ms avg= 20.792ms p95= 24.218ms max= 38.272ms calls(last=  2,win= 212,total=6420) (win 70.6% | avg 124.8% budget)
  frame.render                     win=  8.538ms avg=  8.538ms p95=  8.937ms max= 85.704ms calls(last=  1,win= 120,total=5040) (win 51.2% | avg 51.2% budget)
  frame.present                    win=  6.907ms avg=  6.907ms p95=  7.361ms max= 85.698ms calls(last=  1,win= 120,total=5040) (win 41.4% | avg 41.4% budget)
  game.update                      win=  5.850ms avg= 10.335ms p95= 12.394ms max= 24.302ms calls(last=  2,win= 212,total=5980) (win 35.1% | avg 62.0% budget)
  system.ai_update                 win=  5.619ms avg=  9.927ms p95= 11.913ms max= 23.903ms calls(last=  2,win= 212,total=5980) (win 33.7% | avg 59.6% budget)
  enemy.update                     win=  5.613ms avg=  9.916ms p95= 11.902ms max= 23.891ms calls(last=  2,win= 212,total=5980) (win 33.7% | avg 59.5% budget)
  frame.render.world               win=  3.841ms avg=  3.841ms p95=  4.179ms max= 11.727ms calls(last=  1,win= 120,total=4610) (win 23.0% | avg 23.0% budget)
  frame.render.world.enemies       win=  1.264ms avg=  1.264ms p95=  1.387ms max=  4.423ms calls(last=  1,win= 120,total=4610) (win 7.6% | avg 7.6% budget)
  frame.render.world.enemies.draw  win=  1.208ms avg=  1.208ms p95=  1.325ms max=  4.317ms calls(last=  1,win= 120,total=4610) (win 7.2% | avg 7.2% budget)
  frame.render.world.maze          win=  0.928ms avg=  0.928ms p95=  1.070ms max=  3.325ms calls(last=  1,win= 120,total=4610) (win 5.6% | avg 5.6% budget)
  frame.render.hud                 win=  0.859ms avg=  0.859ms p95=  0.914ms max=  2.539ms calls(last=  1,win= 120,total=4610) (win 5.2% | avg 5.2% budget)
  frame.render.world.effects       win=  0.837ms avg=  0.837ms p95=  0.945ms max=  2.070ms calls(last=  1,win= 120,total=4610) (win 5.0% | avg 5.0% budget)
  frame.render.hud.minimap         win=  0.459ms avg=  0.459ms p95=  0.506ms max=  1.414ms calls(last=  1,win= 120,total=4610) (win 2.8% | avg 2.8% budget)
  enemy.physics.frontal_collisions win=  0.439ms avg=  0.775ms p95=  0.926ms max=  1.484ms calls(last=  2,win= 212,total=4163) (win 2.6% | avg 4.6% budget)
  enemy.torpedo.select_heading     win=  0.371ms avg=  0.006ms p95=  0.000ms max=  0.781ms calls(last=  0,win=   2,total=46) (win 2.2% | avg 0.0% budget)
  enemy.physics.frontal_grid_build win=  0.325ms avg=  0.574ms p95=  0.674ms max=  1.224ms calls(last=  2,win= 212,total=4163) (win 2.0% | avg 3.4% budget)
  frame.render.hud.text            win=  0.224ms avg=  0.224ms p95=  0.261ms max=  0.594ms calls(last=  1,win= 120,total=4610) (win 1.3% | avg 1.3% budget)
  enemy.ai.movement                win=  0.208ms avg=  2.404ms p95=  3.098ms max=  6.146ms calls(last= 16,win=1386,total=19793) (win 1.2% | avg 14.4% budget)
  frame.render.world.effects.projectiles win=  0.099ms avg=  0.099ms p95=  0.133ms max=  0.380ms calls(last=  1,win= 120,total=2161) (win 0.6% | avg 0.6% budget)
  enemy.physics.frontal_pair_traverse win=  0.078ms avg=  0.137ms p95=  0.175ms max=  0.424ms calls(last=  2,win= 212,total=4163) (win 0.5% | avg 0.8% budget)
  system.physics_collision         win=  0.075ms avg=  0.133ms p95=  0.253ms max=  0.364ms calls(last=  2,win= 212,total=5980) (win 0.5% | avg 0.8% budget)
  system.spawner_update            win=  0.073ms avg=  0.130ms p95=  0.149ms max=  0.578ms calls(last=  2,win= 212,total=5980) (win 0.4% | avg 0.8% budget)
  enemy.ai.perception              win=  0.059ms avg=  0.683ms p95=  0.982ms max=  2.477ms calls(last= 16,win=1386,total=19793) (win 0.4% | avg 4.1% budget)
[ENEMY_STATS] frame=5040 alive=144 visible=4 full=8 cheap=136 fullInBase=0 pairs(frontal=0 checks=0 separation=0 resolved=0)
[ENEMY_WINDOW] steps=212 alive[min=144 max=144] visible[min=2 max=4] full[min=5 max=8] collisionPasses[runs=212 skips=0]
[ENEMY_SEGMENTS] window=3.533s D{b/s=4.53 avgLen=5.08 fail=1} T{b/s=10.75 avgLen=6.43 fail=3} H{b/s=28.58 avgLen=4.70 fail=1793} A{b/s=7.08 avgLen=5.37 fail=424}
[ENEMY_GRID] frontal{cand/s=392.5 xcell/s=2.8 ins/s=395.4} separation{cand/s=392.5}
[ENEMY_COLLISION_WINDOW] frontal{pairs/s=0.0 checks/s=0.0 baseSkip=0 kill=0(0.0%)} separation{pairs/s=0.0 resolved/s=0.0(0.0%) baseSkip=0 kill=0 wallBlock=0}
[ENEMY_KILL_DEBUG] enemyEnemy{events=0 frontal=0 separation=0 reenterEither=0 reenterBoth=0 wallContact=0 dist[min=0.000 avg=0.000 max=0.000]}
[ENEMY_NAV_CACHE] playerCell{changes=3 flowRebuilds=1} flow{hit=212 miss=0 hit%=100.0} pathFallback{calls=0 ok=0 ok%=0.0}
[ENEMY_SAP] updates=30528 active=1387 pairs=0 repairs{x=41 y=20}
[ENEMY_PAIR_TYPES] frontal DD=0 DT=0 DH=0 DA=0 TT=0 TH=0 TA=0 HH=0 HA=0 AA=0 separation DD=0 DT=0 DH=0 DA=0 TT=0 TH=0 TA=0 HH=0 HA=0 AA=0
[TORPEDO_HEADING] eval/s=0.57 retreat/s=0.00 pick[straight=50.0% left=50.0% right=0.0%] clear[best=15.00 chosen=15.00]
[ENEMY_KILL_DEBUG_COLLISION] projectile{kills=0 wallContact=0}

[PROFILE] frame=5160 budget=16.667ms alloc(+179/-179, +281128b/-281128b, live=289304b peak=572888b)
  frame.total                      win= 28.454ms avg= 28.454ms p95= 32.788ms max= 85.743ms calls(last=  1,win= 120,total=5160) (win 170.7% | avg 170.7% budget)
  frame.fixed_step                 win= 11.592ms avg= 19.899ms p95= 24.176ms max= 38.272ms calls(last=  1,win= 206,total=6626) (win 69.5% | avg 119.4% budget)
  frame.render                     win=  8.507ms avg=  8.507ms p95=  8.948ms max= 85.704ms calls(last=  1,win= 120,total=5160) (win 51.0% | avg 51.0% budget)
  frame.present                    win=  6.913ms avg=  6.913ms p95=  7.274ms max= 85.698ms calls(last=  1,win= 120,total=5160) (win 41.5% | avg 41.5% budget)
  game.update                      win=  5.720ms avg=  9.819ms p95= 12.442ms max= 24.302ms calls(last=  1,win= 206,total=6186) (win 34.3% | avg 58.9% budget)
  system.ai_update                 win=  5.507ms avg=  9.454ms p95= 11.936ms max= 23.903ms calls(last=  1,win= 206,total=6186) (win 33.0% | avg 56.7% budget)
  enemy.update                     win=  5.501ms avg=  9.444ms p95= 11.926ms max= 23.891ms calls(last=  1,win= 206,total=6186) (win 33.0% | avg 56.7% budget)
  frame.render.world               win=  3.842ms avg=  3.842ms p95=  4.172ms max= 11.727ms calls(last=  1,win= 120,total=4730) (win 23.1% | avg 23.1% budget)
  frame.render.world.enemies       win=  1.286ms avg=  1.286ms p95=  1.497ms max=  4.423ms calls(last=  1,win= 120,total=4730) (win 7.7% | avg 7.7% budget)
  frame.render.world.enemies.draw  win=  1.230ms avg=  1.230ms p95=  1.444ms max=  4.317ms calls(last=  1,win= 120,total=4730) (win 7.4% | avg 7.4% budget)
  frame.render.world.maze          win=  0.884ms avg=  0.884ms p95=  1.016ms max=  3.325ms calls(last=  1,win= 120,total=4730) (win 5.3% | avg 5.3% budget)
  frame.render.hud                 win=  0.864ms avg=  0.864ms p95=  0.943ms max=  2.539ms calls(last=  1,win= 120,total=4730) (win 5.2% | avg 5.2% budget)
  frame.render.world.effects       win=  0.829ms avg=  0.829ms p95=  0.934ms max=  2.070ms calls(last=  1,win= 120,total=4730) (win 5.0% | avg 5.0% budget)
  frame.render.hud.minimap         win=  0.463ms avg=  0.463ms p95=  0.505ms max=  1.414ms calls(last=  1,win= 120,total=4730) (win 2.8% | avg 2.8% budget)
  enemy.physics.frontal_collisions win=  0.460ms avg=  0.790ms p95=  1.009ms max=  1.484ms calls(last=  1,win= 206,total=4369) (win 2.8% | avg 4.7% budget)
  enemy.physics.frontal_grid_build win=  0.333ms avg=  0.572ms p95=  0.760ms max=  1.224ms calls(last=  1,win= 206,total=4369) (win 2.0% | avg 3.4% budget)
  enemy.torpedo.select_heading     win=  0.276ms avg=  0.002ms p95=  0.000ms max=  0.781ms calls(last=  0,win=   1,total=47) (win 1.7% | avg 0.0% budget)
  frame.render.hud.text            win=  0.224ms avg=  0.224ms p95=  0.262ms max=  0.594ms calls(last=  1,win= 120,total=4730) (win 1.3% | avg 1.3% budget)
  enemy.ai.movement                win=  0.183ms avg=  2.114ms p95=  3.128ms max=  6.146ms calls(last=  6,win=1385,total=21178) (win 1.1% | avg 12.7% budget)
  enemy.physics.frontal_pair_traverse win=  0.091ms avg=  0.156ms p95=  0.265ms max=  0.424ms calls(last=  1,win= 206,total=4369) (win 0.5% | avg 0.9% budget)
  system.spawner_update            win=  0.077ms avg=  0.132ms p95=  0.187ms max=  0.578ms calls(last=  1,win= 206,total=6186) (win 0.5% | avg 0.8% budget)
  frame.render.world.effects.projectiles win=  0.075ms avg=  0.075ms p95=  0.118ms max=  0.380ms calls(last=  1,win= 120,total=2281) (win 0.4% | avg 0.4% budget)
  system.physics_collision         win=  0.055ms avg=  0.094ms p95=  0.184ms max=  0.364ms calls(last=  1,win= 206,total=6186) (win 0.3% | avg 0.6% budget)
  enemy.ai.perception              win=  0.053ms avg=  0.611ms p95=  0.924ms max=  2.477ms calls(last=  6,win=1385,total=21178) (win 0.3% | avg 3.7% budget)
[ENEMY_STATS] frame=5160 alive=144 visible=3 full=6 cheap=138 fullInBase=0 pairs(frontal=0 checks=0 separation=0 resolved=0)
[ENEMY_WINDOW] steps=206 alive[min=143 max=144] visible[min=3 max=4] full[min=5 max=8] collisionPasses[runs=206 skips=0]
[ENEMY_SEGMENTS] window=3.433s D{b/s=3.79 avgLen=3.71 fail=0} T{b/s=13.69 avgLen=6.91 fail=0} H{b/s=27.09 avgLen=4.82 fail=1854} A{b/s=8.45 avgLen=4.91 fail=412}
[ENEMY_GRID] frontal{cand/s=402.8 xcell/s=1.7 ins/s=404.6} separation{cand/s=402.8}
[ENEMY_COLLISION_WINDOW] frontal{pairs/s=4.4 checks/s=4.4 baseSkip=0 kill=0(0.0%)} separation{pairs/s=4.4 resolved/s=0.0(0.0%) baseSkip=0 kill=0 wallBlock=0}
[ENEMY_KILL_DEBUG] enemyEnemy{events=0 frontal=0 separation=0 reenterEither=0 reenterBoth=0 wallContact=0 dist[min=0.000 avg=0.000 max=0.000]}
[ENEMY_NAV_CACHE] playerCell{changes=4 flowRebuilds=1} flow{hit=61 miss=7 hit%=89.7} pathFallback{calls=0 ok=0 ok%=0.0}
[ENEMY_SAP] updates=29570 active=1383 pairs=15 repairs{x=731 y=719}
[ENEMY_PAIR_TYPES] frontal DD=0 DT=0 DH=0 DA=0 TT=0 TH=15 TA=0 HH=0 HA=0 AA=0 separation DD=0 DT=0 DH=0 DA=0 TT=0 TH=15 TA=0 HH=0 HA=0 AA=0
[TORPEDO_HEADING] eval/s=0.29 retreat/s=0.29 pick[straight=100.0% left=0.0% right=0.0%] clear[best=2.80 chosen=2.80]
[ENEMY_KILL_DEBUG_COLLISION] projectile{kills=1 wallContact=0}

[PROFILE] frame=5280 budget=16.667ms alloc(+352/-352, +562112b/-562112b, live=289304b peak=572888b)
  frame.total                      win= 26.225ms avg= 26.225ms p95= 31.437ms max= 85.743ms calls(last=  1,win= 120,total=5280) (win 157.3% | avg 157.3% budget)
  frame.fixed_step                 win= 11.299ms avg= 17.889ms p95= 22.830ms max= 38.272ms calls(last=  2,win= 190,total=6816) (win 67.8% | avg 107.3% budget)
  frame.render                     win=  8.289ms avg=  8.289ms p95=  8.699ms max= 85.704ms calls(last=  1,win= 120,total=5280) (win 49.7% | avg 49.7% budget)
  frame.present                    win=  6.706ms avg=  6.706ms p95=  7.179ms max= 85.698ms calls(last=  1,win= 120,total=5280) (win 40.2% | avg 40.2% budget)
  game.update                      win=  5.434ms avg=  8.604ms p95= 11.118ms max= 24.302ms calls(last=  2,win= 190,total=6376) (win 32.6% | avg 51.6% budget)
  system.ai_update                 win=  5.237ms avg=  8.291ms p95= 10.748ms max= 23.903ms calls(last=  2,win= 190,total=6376) (win 31.4% | avg 49.7% budget)
  enemy.update                     win=  5.230ms avg=  8.282ms p95= 10.736ms max= 23.891ms calls(last=  2,win= 190,total=6376) (win 31.4% | avg 49.7% budget)
  frame.render.world               win=  3.682ms avg=  3.682ms p95=  4.003ms max= 11.727ms calls(last=  1,win= 120,total=4850) (win 22.1% | avg 22.1% budget)
  frame.render.world.enemies       win=  1.246ms avg=  1.246ms p95=  1.315ms max=  4.423ms calls(last=  1,win= 120,total=4850) (win 7.5% | avg 7.5% budget)
  frame.render.world.enemies.draw  win=  1.189ms avg=  1.189ms p95=  1.261ms max=  4.317ms calls(last=  1,win= 120,total=4850) (win 7.1% | avg 7.1% budget)
  frame.render.world.maze          win=  0.890ms avg=  0.890ms p95=  0.970ms max=  3.325ms calls(last=  1,win= 120,total=4850) (win 5.3% | avg 5.3% budget)
  frame.render.hud                 win=  0.864ms avg=  0.864ms p95=  0.925ms max=  2.539ms calls(last=  1,win= 120,total=4850) (win 5.2% | avg 5.2% budget)
  frame.render.world.effects       win=  0.755ms avg=  0.755ms p95=  0.935ms max=  2.070ms calls(last=  1,win= 120,total=4850) (win 4.5% | avg 4.5% budget)
  frame.render.hud.minimap         win=  0.464ms avg=  0.464ms p95=  0.506ms max=  1.414ms calls(last=  1,win= 120,total=4850) (win 2.8% | avg 2.8% budget)
  enemy.physics.frontal_collisions win=  0.440ms avg=  0.697ms p95=  0.914ms max=  1.484ms calls(last=  2,win= 190,total=4559) (win 2.6% | avg 4.2% budget)
  enemy.physics.frontal_grid_build win=  0.328ms avg=  0.519ms p95=  0.678ms max=  1.224ms calls(last=  2,win= 190,total=4559) (win 2.0% | avg 3.1% budget)
  frame.render.hud.text            win=  0.222ms avg=  0.222ms p95=  0.264ms max=  0.594ms calls(last=  1,win= 120,total=4850) (win 1.3% | avg 1.3% budget)
  enemy.ai.movement                win=  0.189ms avg=  1.690ms p95=  2.472ms max=  6.146ms calls(last= 10,win=1075,total=22253) (win 1.1% | avg 10.1% budget)
  enemy.physics.frontal_pair_traverse win=  0.077ms avg=  0.123ms p95=  0.171ms max=  0.424ms calls(last=  2,win= 190,total=4559) (win 0.5% | avg 0.7% budget)
  system.spawner_update            win=  0.075ms avg=  0.118ms p95=  0.150ms max=  0.578ms calls(last=  2,win= 190,total=6376) (win 0.4% | avg 0.7% budget)
  enemy.ai.perception              win=  0.057ms avg=  0.509ms p95=  0.758ms max=  2.477ms calls(last= 10,win=1075,total=22253) (win 0.3% | avg 3.1% budget)
  frame.render.world.effects.projectiles win=  0.055ms avg=  0.044ms p95=  0.074ms max=  0.380ms calls(last=  1,win=  97,total=2378) (win 0.3% | avg 0.3% budget)
  frame.render.world.enemies.cull  win=  0.052ms avg=  0.052ms p95=  0.058ms max=  0.271ms calls(last=  1,win= 120,total=4850) (win 0.3% | avg 0.3% budget)
  frame.render.hud.compass         win=  0.050ms avg=  0.050ms p95=  0.052ms max=  0.321ms calls(last=  1,win= 120,total=4850) (win 0.3% | avg 0.3% budget)
[ENEMY_STATS] frame=5280 alive=144 visible=2 full=5 cheap=139 fullInBase=0 pairs(frontal=0 checks=0 separation=0 resolved=0)
[ENEMY_WINDOW] steps=190 alive[min=144 max=144] visible[min=1 max=3] full[min=5 max=6] collisionPasses[runs=190 skips=0]
[ENEMY_SEGMENTS] window=3.167s D{b/s=6.95 avgLen=4.66 fail=1} T{b/s=12.32 avgLen=6.24 fail=0} H{b/s=24.00 avgLen=4.90 fail=1710} A{b/s=6.95 avgLen=4.95 fail=380}
[ENEMY_GRID] frontal{cand/s=339.2 xcell/s=2.2 ins/s=341.4} separation{cand/s=339.2}
[ENEMY_COLLISION_WINDOW] frontal{pairs/s=0.0 checks/s=0.0 baseSkip=0 kill=0(0.0%)} separation{pairs/s=0.0 resolved/s=0.0(0.0%) baseSkip=0 kill=0 wallBlock=0}
[ENEMY_KILL_DEBUG] enemyEnemy{events=0 frontal=0 separation=0 reenterEither=0 reenterBoth=0 wallContact=0 dist[min=0.000 avg=0.000 max=0.000]}
[ENEMY_NAV_CACHE] playerCell{changes=2 flowRebuilds=1} flow{hit=0 miss=0 hit%=0.0} pathFallback{calls=0 ok=0 ok%=0.0}
[ENEMY_SAP] updates=27360 active=1074 pairs=0 repairs{x=258 y=262}
[ENEMY_PAIR_TYPES] frontal DD=0 DT=0 DH=0 DA=0 TT=0 TH=0 TA=0 HH=0 HA=0 AA=0 separation DD=0 DT=0 DH=0 DA=0 TT=0 TH=0 TA=0 HH=0 HA=0 AA=0
[ENEMY_KILL_DEBUG_COLLISION] projectile{kills=1 wallContact=0}

[PROFILE] frame=5400 budget=16.667ms alloc(+175/-175, +281096b/-281096b, live=289304b peak=572888b)
  frame.total                      win= 24.206ms avg= 24.206ms p95= 30.686ms max= 85.743ms calls(last=  1,win= 120,total=5400) (win 145.2% | avg 145.2% budget)
  frame.fixed_step                 win= 10.735ms avg= 15.656ms p95= 22.139ms max= 38.272ms calls(last=  1,win= 175,total=6991) (win 64.4% | avg 93.9% budget)
  frame.render                     win=  8.502ms avg=  8.502ms p95=  8.850ms max= 85.704ms calls(last=  1,win= 120,total=5400) (win 51.0% | avg 51.0% budget)
  frame.present                    win=  6.869ms avg=  6.869ms p95=  7.239ms max= 85.698ms calls(last=  1,win= 120,total=5400) (win 41.2% | avg 41.2% budget)
  game.update                      win=  4.841ms avg=  7.060ms p95= 10.418ms max= 24.302ms calls(last=  1,win= 175,total=6551) (win 29.0% | avg 42.4% budget)
  system.ai_update                 win=  4.643ms avg=  6.771ms p95= 10.027ms max= 23.903ms calls(last=  1,win= 175,total=6551) (win 27.9% | avg 40.6% budget)
  enemy.update                     win=  4.637ms avg=  6.762ms p95= 10.017ms max= 23.891ms calls(last=  1,win= 175,total=6551) (win 27.8% | avg 40.6% budget)
  frame.render.world               win=  3.800ms avg=  3.800ms p95=  4.171ms max= 11.727ms calls(last=  1,win= 120,total=4970) (win 22.8% | avg 22.8% budget)
  frame.render.world.enemies       win=  1.228ms avg=  1.228ms p95=  1.301ms max=  4.423ms calls(last=  1,win= 120,total=4970) (win 7.4% | avg 7.4% budget)
  frame.render.world.enemies.draw  win=  1.173ms avg=  1.173ms p95=  1.246ms max=  4.317ms calls(last=  1,win= 120,total=4970) (win 7.0% | avg 7.0% budget)
  frame.render.world.maze          win=  0.940ms avg=  0.940ms p95=  1.026ms max=  3.325ms calls(last=  1,win= 120,total=4970) (win 5.6% | avg 5.6% budget)
  frame.render.world.effects       win=  0.929ms avg=  0.929ms p95=  1.184ms max=  2.070ms calls(last=  1,win= 120,total=4970) (win 5.6% | avg 5.6% budget)
  frame.render.hud                 win=  0.860ms avg=  0.860ms p95=  0.930ms max=  2.539ms calls(last=  1,win= 120,total=4970) (win 5.2% | avg 5.2% budget)
  frame.render.hud.minimap         win=  0.458ms avg=  0.458ms p95=  0.500ms max=  1.414ms calls(last=  1,win= 120,total=4970) (win 2.8% | avg 2.8% budget)
  enemy.physics.frontal_collisions win=  0.446ms avg=  0.651ms p95=  0.953ms max=  1.484ms calls(last=  1,win= 175,total=4734) (win 2.7% | avg 3.9% budget)
  enemy.physics.frontal_grid_build win=  0.329ms avg=  0.479ms p95=  0.674ms max=  1.224ms calls(last=  1,win= 175,total=4734) (win 2.0% | avg 2.9% budget)
  frame.render.world.effects.explosion win=  0.315ms avg=  0.108ms p95=  0.333ms max=  0.630ms calls(last=  1,win=  41,total=431) (win 1.9% | avg 0.6% budget)
  frame.render.hud.text            win=  0.222ms avg=  0.222ms p95=  0.261ms max=  0.594ms calls(last=  1,win= 120,total=4970) (win 1.3% | avg 1.3% budget)
  enemy.ai.movement                win=  0.180ms avg=  0.959ms p95=  1.755ms max=  6.146ms calls(last=  3,win= 638,total=22891) (win 1.1% | avg 5.8% budget)
  enemy.physics.frontal_pair_traverse win=  0.085ms avg=  0.124ms p95=  0.191ms max=  0.424ms calls(last=  1,win= 175,total=4734) (win 0.5% | avg 0.7% budget)
  system.spawner_update            win=  0.076ms avg=  0.111ms p95=  0.156ms max=  0.578ms calls(last=  1,win= 175,total=6551) (win 0.5% | avg 0.7% budget)
  enemy.ai.perception              win=  0.070ms avg=  0.374ms p95=  0.740ms max=  2.477ms calls(last=  3,win= 638,total=22891) (win 0.4% | avg 2.2% budget)
  frame.render.world.effects.projectiles win=  0.066ms avg=  0.064ms p95=  0.089ms max=  0.380ms calls(last=  0,win= 116,total=2494) (win 0.4% | avg 0.4% budget)
  frame.render.world.enemies.cull  win=  0.051ms avg=  0.051ms p95=  0.057ms max=  0.271ms calls(last=  1,win= 120,total=4970) (win 0.3% | avg 0.3% budget)
[ENEMY_STATS] frame=5400 alive=144 visible=1 full=3 cheap=141 fullInBase=0 pairs(frontal=0 checks=0 separation=0 resolved=0)
[ENEMY_WINDOW] steps=175 alive[min=144 max=144] visible[min=1 max=2] full[min=2 max=5] collisionPasses[runs=175 skips=0]
[ENEMY_SEGMENTS] window=2.917s D{b/s=4.80 avgLen=4.90 fail=0} T{b/s=12.69 avgLen=6.47 fail=0} H{b/s=26.06 avgLen=5.09 fail=1575} A{b/s=8.91 avgLen=4.27 fail=350}
[ENEMY_GRID] frontal{cand/s=218.1 xcell/s=1.0 ins/s=219.1} separation{cand/s=218.1}
[ENEMY_COLLISION_WINDOW] frontal{pairs/s=0.0 checks/s=0.0 baseSkip=0 kill=0(0.0%)} separation{pairs/s=0.0 resolved/s=0.0(0.0%) baseSkip=0 kill=0 wallBlock=0}
[ENEMY_KILL_DEBUG] enemyEnemy{events=0 frontal=0 separation=0 reenterEither=0 reenterBoth=0 wallContact=0 dist[min=0.000 avg=0.000 max=0.000]}
[ENEMY_NAV_CACHE] playerCell{changes=2 flowRebuilds=0} flow{hit=0 miss=0 hit%=0.0} pathFallback{calls=0 ok=0 ok%=0.0}
[ENEMY_SAP] updates=25200 active=636 pairs=0 repairs{x=9 y=5}
[ENEMY_PAIR_TYPES] frontal DD=0 DT=0 DH=0 DA=0 TT=0 TH=0 TA=0 HH=0 HA=0 AA=0 separation DD=0 DT=0 DH=0 DA=0 TT=0 TH=0 TA=0 HH=0 HA=0 AA=0
[ENEMY_KILL_DEBUG_COLLISION] projectile{kills=1 wallContact=0}

[PROFILE] frame=5520 budget=16.667ms alloc(+0/-0, +0b/-0b, live=289304b peak=572888b)
  frame.total                      win= 18.316ms avg= 18.316ms p95= 29.476ms max= 85.743ms calls(last=  1,win= 120,total=5520) (win 109.9% | avg 109.9% budget)
  frame.render                     win= 15.104ms avg= 15.104ms p95= 17.101ms max= 85.704ms calls(last=  1,win= 120,total=5520) (win 90.6% | avg 90.6% budget)
  frame.present                    win= 14.203ms avg= 14.203ms p95= 16.912ms max= 85.698ms calls(last=  1,win= 120,total=5520) (win 85.2% | avg 85.2% budget)
  game.update                      win=  4.687ms avg=  1.406ms p95=  9.305ms max= 24.302ms calls(last=  0,win=  36,total=6587) (win 28.1% | avg 8.4% budget)
  system.ai_update                 win=  4.549ms avg=  1.365ms p95=  9.031ms max= 23.903ms calls(last=  0,win=  36,total=6587) (win 27.3% | avg 8.2% budget)
  enemy.update                     win=  4.543ms avg=  1.363ms p95=  9.021ms max= 23.891ms calls(last=  0,win=  36,total=6587) (win 27.3% | avg 8.2% budget)
  frame.render.world               win=  3.771ms avg=  2.200ms p95=  4.016ms max= 11.727ms calls(last=  0,win=  70,total=5040) (win 22.6% | avg 13.2% budget)
  frame.fixed_step                 win=  2.863ms avg=  3.173ms p95= 21.068ms max= 38.272ms calls(last=  1,win= 133,total=7124) (win 17.2% | avg 19.0% budget)
  frame.render.world.enemies       win=  1.224ms avg=  0.714ms p95=  1.270ms max=  4.423ms calls(last=  0,win=  70,total=5040) (win 7.3% | avg 4.3% budget)
  frame.render.overlay             win=  1.219ms avg=  0.457ms p95=  1.238ms max=  1.479ms calls(last=  0,win=  45,total=45) (win 7.3% | avg 2.7% budget)
  frame.render.world.enemies.draw  win=  1.168ms avg=  0.682ms p95=  1.217ms max=  4.317ms calls(last=  0,win=  70,total=5040) (win 7.0% | avg 4.1% budget)
  frame.render.world.effects       win=  1.076ms avg=  0.628ms p95=  1.165ms max=  2.070ms calls(last=  0,win=  70,total=5040) (win 6.5% | avg 3.8% budget)
  frame.render.world.maze          win=  0.970ms avg=  0.566ms p95=  1.016ms max=  3.325ms calls(last=  0,win=  70,total=5040) (win 5.8% | avg 3.4% budget)
  frame.render.hud                 win=  0.865ms avg=  0.505ms p95=  0.899ms max=  2.539ms calls(last=  0,win=  70,total=5040) (win 5.2% | avg 3.0% budget)
  frame.render.hud.minimap         win=  0.467ms avg=  0.272ms p95=  0.494ms max=  1.414ms calls(last=  0,win=  70,total=5040) (win 2.8% | avg 1.6% budget)
  enemy.physics.frontal_collisions win=  0.444ms avg=  0.133ms p95=  0.857ms max=  1.484ms calls(last=  0,win=  36,total=4770) (win 2.7% | avg 0.8% budget)
  frame.render.world.effects.explosion win=  0.340ms avg=  0.199ms p95=  0.347ms max=  0.630ms calls(last=  0,win=  70,total=501) (win 2.0% | avg 1.2% budget)
  enemy.physics.frontal_grid_build win=  0.329ms avg=  0.099ms p95=  0.639ms max=  1.224ms calls(last=  0,win=  36,total=4770) (win 2.0% | avg 0.6% budget)
  frame.render.hud.text            win=  0.217ms avg=  0.127ms p95=  0.220ms max=  0.594ms calls(last=  0,win=  70,total=5040) (win 1.3% | avg 0.8% budget)
  enemy.ai.movement                win=  0.216ms avg=  0.195ms p95=  1.249ms max=  6.146ms calls(last=  0,win= 108,total=22999) (win 1.3% | avg 1.2% budget)
  system.spawner_update            win=  0.085ms avg=  0.025ms p95=  0.159ms max=  0.578ms calls(last=  0,win=  36,total=6587) (win 0.5% | avg 0.2% budget)
  enemy.physics.frontal_pair_traverse win=  0.082ms avg=  0.025ms p95=  0.158ms max=  0.424ms calls(last=  0,win=  36,total=4770) (win 0.5% | avg 0.1% budget)
  enemy.ai.perception              win=  0.057ms avg=  0.051ms p95=  0.311ms max=  2.477ms calls(last=  0,win= 108,total=22999) (win 0.3% | avg 0.3% budget)
  frame.render.world.enemies.cull  win=  0.052ms avg=  0.030ms p95=  0.057ms max=  0.271ms calls(last=  0,win=  70,total=5040) (win 0.3% | avg 0.2% budget)
INFO: FBO: [ID 1] Unloaded framebuffer from VRAM (GPU)
INFO: FBO: [ID 2] Unloaded framebuffer from VRAM (GPU)
INFO: FBO: [ID 3] Unloaded framebuffer from VRAM (GPU)
INFO: TEXTURE: [ID 8] Unloaded texture data from VRAM (GPU)
INFO: TEXTURE: [ID 9] Unloaded texture data from VRAM (GPU)
INFO: TEXTURE: [ID 10] Unloaded texture data from VRAM (GPU)
INFO: TEXTURE: [ID 11] Unloaded texture data from VRAM (GPU)
INFO: TEXTURE: [ID 12] Unloaded texture data from VRAM (GPU)
INFO: TEXTURE: [ID 3] Unloaded texture data from VRAM (GPU)
INFO: TEXTURE: [ID 4] Unloaded texture data from VRAM (GPU)
INFO: AUDIO: Device closed successfully
INFO: TEXTURE: [ID 2] Unloaded texture data from VRAM (GPU)
INFO: SHADER: [ID 3] Default shader unloaded successfully
INFO: TEXTURE: [ID 1] Default texture unloaded successfully
INFO: Window closed successfully
ark@rg353v:/roms2/ports/bolt$