Failed to create secure directory (/run/user/1000//pulse): No such file or directory

[PROFILE] frame=120 budget=16.667ms alloc(+0/-0, +0b/-0b, live=5192b peak=20448b)
  frame.total                      win= 17.090ms avg= 17.090ms p95= 17.069ms max= 39.256ms calls(last=  1,win= 120,total=120) (win 102.5% | avg 102.5% budget)
  frame.present                    win= 14.015ms avg= 14.015ms p95= 14.482ms max= 36.794ms calls(last=  1,win= 120,total=120) (win 84.1% | avg 84.1% budget)
  frame.cpu_work                   win=  3.060ms avg=  3.060ms p95=  4.378ms max=  5.748ms calls(last=  1,win= 120,total=120) (win 18.4% | avg 18.4% budget)
  frame.render                     win=  2.504ms avg=  2.504ms p95=  2.681ms max=  4.119ms calls(last=  1,win= 120,total=120) (win 15.0% | avg 15.0% budget)
  music.fill_buffer                win=  1.630ms avg=  0.421ms p95=  1.646ms max=  1.882ms calls(last=  0,win=  31,total=31) (win 9.8% | avg 2.5% budget)
  menu.music                       win=  0.248ms avg=  0.495ms p95=  1.855ms max=  3.192ms calls(last=  2,win= 240,total=240) (win 1.5% | avg 3.0% budget)
  frame.input_poll                 win=  0.038ms avg=  0.038ms p95=  0.038ms max=  0.085ms calls(last=  1,win= 120,total=120) (win 0.2% | avg 0.2% budget)
  music.update_stream              win=  0.011ms avg=  0.003ms p95=  0.012ms max=  0.013ms calls(last=  0,win=  31,total=31) (win 0.1% | avg 0.0% budget)
  frame.fixed_step                 win=  0.003ms avg=  0.003ms p95=  0.003ms max=  0.005ms calls(last=  1,win= 124,total=124) (win 0.0% | avg 0.0% budget)
  gameplay.music                   win=  0.002ms avg=  0.002ms p95=  0.002ms max=  0.002ms calls(last=  1,win= 120,total=120) (win 0.0% | avg 0.0% budget)
[MUSIC_PLAYER_WINDOW] label=menu calls=121 activeCalls=121 buffers=32 avg(buf/call=0.26 active=0.26) max(buf/call=1) upload(total=0.24ms avg=0.008ms max=0.009ms slow=0)
[MUSIC_PLAYER_WINDOW] label=gameplay calls=121 activeCalls=0 buffers=0 avg(buf/call=0.00 active=0.00) max(buf/call=0) upload(total=0.00ms avg=0.000ms max=0.000ms slow=0)

[PROFILE] frame=240 budget=16.667ms alloc(+0/-0, +0b/-0b, live=5192b peak=20448b)
  frame.total                      win= 16.859ms avg= 16.859ms p95= 17.117ms max= 39.256ms calls(last=  1,win= 120,total=240) (win 101.2% | avg 101.2% budget)
  frame.present                    win= 13.870ms avg= 13.870ms p95= 14.562ms max= 36.794ms calls(last=  1,win= 120,total=240) (win 83.2% | avg 83.2% budget)
  frame.cpu_work                   win=  2.974ms avg=  2.974ms p95=  4.206ms max=  5.748ms calls(last=  1,win= 120,total=240) (win 17.8% | avg 17.8% budget)
  frame.render                     win=  2.446ms avg=  2.446ms p95=  2.508ms max=  4.119ms calls(last=  1,win= 120,total=240) (win 14.7% | avg 14.7% budget)
  music.fill_buffer                win=  1.651ms avg=  0.440ms p95=  1.668ms max=  1.882ms calls(last=  0,win=  32,total=63) (win 9.9% | avg 2.6% budget)
  menu.music                       win=  0.235ms avg=  0.471ms p95=  1.695ms max=  3.192ms calls(last=  2,win= 240,total=480) (win 1.4% | avg 2.8% budget)
  frame.input_poll                 win=  0.036ms avg=  0.036ms p95=  0.038ms max=  0.085ms calls(last=  1,win= 120,total=240) (win 0.2% | avg 0.2% budget)
  music.update_stream              win=  0.011ms avg=  0.003ms p95=  0.011ms max=  0.013ms calls(last=  0,win=  32,total=63) (win 0.1% | avg 0.0% budget)
  frame.fixed_step                 win=  0.003ms avg=  0.003ms p95=  0.003ms max=  0.005ms calls(last=  1,win= 122,total=246) (win 0.0% | avg 0.0% budget)
  gameplay.music                   win=  0.002ms avg=  0.002ms p95=  0.002ms max=  0.048ms calls(last=  1,win= 120,total=240) (win 0.0% | avg 0.0% budget)
[MUSIC_PLAYER_WINDOW] label=menu calls=120 activeCalls=120 buffers=32 avg(buf/call=0.27 active=0.27) max(buf/call=1) upload(total=0.24ms avg=0.007ms max=0.009ms slow=0)
[MUSIC_PLAYER_WINDOW] label=gameplay calls=120 activeCalls=0 buffers=0 avg(buf/call=0.00 active=0.00) max(buf/call=0) upload(total=0.00ms avg=0.000ms max=0.000ms slow=0)

[PROFILE] frame=360 budget=16.667ms alloc(+0/-0, +0b/-0b, live=5192b peak=20448b)
  frame.total                      win= 16.866ms avg= 16.866ms p95= 16.984ms max= 39.256ms calls(last=  1,win= 120,total=360) (win 101.2% | avg 101.2% budget)
  frame.present                    win= 13.950ms avg= 13.950ms p95= 14.578ms max= 36.794ms calls(last=  1,win= 120,total=360) (win 83.7% | avg 83.7% budget)
  frame.cpu_work                   win=  2.901ms avg=  2.901ms p95=  4.178ms max=  5.748ms calls(last=  1,win= 120,total=360) (win 17.4% | avg 17.4% budget)
  frame.render                     win=  2.306ms avg=  2.306ms p95=  2.376ms max=  4.119ms calls(last=  1,win= 120,total=360) (win 13.8% | avg 13.8% budget)
  music.fill_buffer                win=  1.701ms avg=  0.454ms p95=  1.722ms max=  1.903ms calls(last=  0,win=  32,total=95) (win 10.2% | avg 2.7% budget)
  menu.music                       win=  0.268ms avg=  0.537ms p95=  1.783ms max=  3.192ms calls(last=  2,win= 240,total=720) (win 1.6% | avg 3.2% budget)
  frame.input_poll                 win=  0.037ms avg=  0.037ms p95=  0.038ms max=  0.111ms calls(last=  1,win= 120,total=360) (win 0.2% | avg 0.2% budget)
  music.update_stream              win=  0.011ms avg=  0.003ms p95=  0.012ms max=  0.016ms calls(last=  0,win=  32,total=95) (win 0.1% | avg 0.0% budget)
  frame.fixed_step                 win=  0.003ms avg=  0.003ms p95=  0.003ms max=  0.005ms calls(last=  1,win= 123,total=369) (win 0.0% | avg 0.0% budget)
  gameplay.music                   win=  0.002ms avg=  0.002ms p95=  0.002ms max=  0.048ms calls(last=  1,win= 120,total=360) (win 0.0% | avg 0.0% budget)
[MUSIC_PLAYER_WINDOW] label=menu calls=120 activeCalls=120 buffers=32 avg(buf/call=0.27 active=0.27) max(buf/call=1) upload(total=0.25ms avg=0.008ms max=0.011ms slow=0)
[MUSIC_PLAYER_WINDOW] label=gameplay calls=120 activeCalls=0 buffers=0 avg(buf/call=0.00 active=0.00) max(buf/call=0) upload(total=0.00ms avg=0.000ms max=0.000ms slow=0)

[PROFILE] frame=480 budget=16.667ms alloc(+0/-0, +0b/-0b, live=5192b peak=20448b)
  frame.total                      win= 16.859ms avg= 16.859ms p95= 17.054ms max= 39.256ms calls(last=  1,win= 120,total=480) (win 101.2% | avg 101.2% budget)
  frame.present                    win= 13.890ms avg= 13.890ms p95= 14.571ms max= 36.794ms calls(last=  1,win= 120,total=480) (win 83.3% | avg 83.3% budget)
  frame.cpu_work                   win=  2.955ms avg=  2.955ms p95=  4.618ms max=  6.828ms calls(last=  1,win= 120,total=480) (win 17.7% | avg 17.7% budget)
  frame.render                     win=  2.359ms avg=  2.359ms p95=  2.473ms max=  4.119ms calls(last=  1,win= 120,total=480) (win 14.2% | avg 14.2% budget)
  music.fill_buffer                win=  1.729ms avg=  0.461ms p95=  1.750ms max=  1.903ms calls(last=  0,win=  32,total=127) (win 10.4% | avg 2.8% budget)
  menu.music                       win=  0.269ms avg=  0.538ms p95=  2.235ms max=  4.449ms calls(last=  2,win= 240,total=960) (win 1.6% | avg 3.2% budget)
  frame.input_poll                 win=  0.036ms avg=  0.036ms p95=  0.038ms max=  0.111ms calls(last=  1,win= 120,total=480) (win 0.2% | avg 0.2% budget)
  music.update_stream              win=  0.011ms avg=  0.003ms p95=  0.012ms max=  0.016ms calls(last=  0,win=  32,total=127) (win 0.1% | avg 0.0% budget)
  frame.fixed_step                 win=  0.003ms avg=  0.003ms p95=  0.003ms max=  0.005ms calls(last=  1,win= 122,total=491) (win 0.0% | avg 0.0% budget)
  gameplay.music                   win=  0.002ms avg=  0.002ms p95=  0.002ms max=  0.048ms calls(last=  1,win= 120,total=480) (win 0.0% | avg 0.0% budget)
[MUSIC_PLAYER_WINDOW] label=menu calls=120 activeCalls=120 buffers=32 avg(buf/call=0.27 active=0.27) max(buf/call=1) upload(total=0.25ms avg=0.008ms max=0.009ms slow=0)
[MUSIC_PLAYER_WINDOW] label=gameplay calls=120 activeCalls=0 buffers=0 avg(buf/call=0.00 active=0.00) max(buf/call=0) upload(total=0.00ms avg=0.000ms max=0.000ms slow=0)

[PROFILE] frame=600 budget=16.667ms alloc(+0/-0, +0b/-0b, live=5192b peak=20448b)
  frame.total                      win= 16.859ms avg= 16.859ms p95= 17.120ms max= 39.256ms calls(last=  1,win= 120,total=600) (win 101.2% | avg 101.2% budget)
  frame.present                    win= 13.917ms avg= 13.917ms p95= 14.595ms max= 36.794ms calls(last=  1,win= 120,total=600) (win 83.5% | avg 83.5% budget)
  frame.cpu_work                   win=  2.928ms avg=  2.928ms p95=  4.242ms max=  6.828ms calls(last=  1,win= 120,total=600) (win 17.6% | avg 17.6% budget)
  frame.render                     win=  2.311ms avg=  2.311ms p95=  2.353ms max=  4.119ms calls(last=  1,win= 120,total=600) (win 13.9% | avg 13.9% budget)
  music.fill_buffer                win=  1.739ms avg=  0.464ms p95=  1.756ms max=  1.903ms calls(last=  0,win=  32,total=159) (win 10.4% | avg 2.8% budget)
  menu.music                       win=  0.279ms avg=  0.558ms p95=  1.827ms max=  4.449ms calls(last=  2,win= 240,total=1200) (win 1.7% | avg 3.3% budget)
  frame.input_poll                 win=  0.037ms avg=  0.037ms p95=  0.038ms max=  0.111ms calls(last=  1,win= 120,total=600) (win 0.2% | avg 0.2% budget)
  music.update_stream              win=  0.011ms avg=  0.003ms p95=  0.012ms max=  0.016ms calls(last=  0,win=  32,total=159) (win 0.1% | avg 0.0% budget)
  frame.fixed_step                 win=  0.003ms avg=  0.003ms p95=  0.003ms max=  0.005ms calls(last=  1,win= 122,total=613) (win 0.0% | avg 0.0% budget)
  gameplay.music                   win=  0.002ms avg=  0.002ms p95=  0.002ms max=  0.049ms calls(last=  1,win= 120,total=600) (win 0.0% | avg 0.0% budget)
[MUSIC_PLAYER_WINDOW] label=menu calls=120 activeCalls=120 buffers=32 avg(buf/call=0.27 active=0.27) max(buf/call=1) upload(total=0.24ms avg=0.008ms max=0.009ms slow=0)
[MUSIC_PLAYER_WINDOW] label=gameplay calls=120 activeCalls=0 buffers=0 avg(buf/call=0.00 active=0.00) max(buf/call=0) upload(total=0.00ms avg=0.000ms max=0.000ms slow=0)

[PROFILE] frame=720 budget=16.667ms alloc(+0/-0, +0b/-0b, live=5192b peak=20448b)
  frame.total                      win= 16.867ms avg= 16.867ms p95= 17.122ms max= 39.256ms calls(last=  1,win= 120,total=720) (win 101.2% | avg 101.2% budget)
  frame.present                    win= 13.886ms avg= 13.886ms p95= 14.611ms max= 36.794ms calls(last=  1,win= 120,total=720) (win 83.3% | avg 83.3% budget)
  frame.cpu_work                   win=  2.967ms avg=  2.967ms p95=  4.233ms max=  6.828ms calls(last=  1,win= 120,total=720) (win 17.8% | avg 17.8% budget)
  frame.render                     win=  2.311ms avg=  2.311ms p95=  2.386ms max=  4.119ms calls(last=  1,win= 120,total=720) (win 13.9% | avg 13.9% budget)
  music.fill_buffer                win=  1.751ms avg=  0.467ms p95=  1.771ms max=  1.903ms calls(last=  0,win=  32,total=191) (win 10.5% | avg 2.8% budget)
  menu.music                       win=  0.299ms avg=  0.598ms p95=  1.836ms max=  4.449ms calls(last=  2,win= 240,total=1440) (win 1.8% | avg 3.6% budget)
  frame.input_poll                 win=  0.035ms avg=  0.035ms p95=  0.038ms max=  0.111ms calls(last=  1,win= 120,total=720) (win 0.2% | avg 0.2% budget)
  music.update_stream              win=  0.011ms avg=  0.003ms p95=  0.012ms max=  0.016ms calls(last=  0,win=  32,total=191) (win 0.1% | avg 0.0% budget)
  frame.fixed_step                 win=  0.003ms avg=  0.003ms p95=  0.003ms max=  0.027ms calls(last=  1,win= 123,total=736) (win 0.0% | avg 0.0% budget)
  gameplay.music                   win=  0.002ms avg=  0.002ms p95=  0.002ms max=  0.049ms calls(last=  1,win= 120,total=720) (win 0.0% | avg 0.0% budget)
[MUSIC_PLAYER_WINDOW] label=menu calls=120 activeCalls=120 buffers=31 avg(buf/call=0.26 active=0.26) max(buf/call=1) upload(total=0.24ms avg=0.008ms max=0.009ms slow=0)
[MUSIC_PLAYER_WINDOW] label=gameplay calls=120 activeCalls=0 buffers=0 avg(buf/call=0.00 active=0.00) max(buf/call=0) upload(total=0.00ms avg=0.000ms max=0.000ms slow=0)

[PROFILE] frame=840 budget=16.667ms alloc(+0/-0, +0b/-0b, live=5192b peak=20448b)
  frame.total                      win= 16.881ms avg= 16.881ms p95= 17.084ms max= 39.256ms calls(last=  1,win= 120,total=840) (win 101.3% | avg 101.3% budget)
  frame.present                    win= 13.813ms avg= 13.813ms p95= 14.560ms max= 36.794ms calls(last=  1,win= 120,total=840) (win 82.9% | avg 82.9% budget)
  frame.cpu_work                   win=  3.053ms avg=  3.053ms p95=  4.306ms max=  6.828ms calls(last=  1,win= 120,total=840) (win 18.3% | avg 18.3% budget)
  frame.render                     win=  2.397ms avg=  2.397ms p95=  2.494ms max=  4.119ms calls(last=  1,win= 120,total=840) (win 14.4% | avg 14.4% budget)
  music.fill_buffer                win=  1.776ms avg=  0.474ms p95=  1.765ms max=  2.791ms calls(last=  0,win=  32,total=223) (win 10.7% | avg 2.8% budget)
  menu.music                       win=  0.299ms avg=  0.598ms p95=  1.788ms max=  4.449ms calls(last=  2,win= 240,total=1680) (win 1.8% | avg 3.6% budget)
  frame.input_poll                 win=  0.036ms avg=  0.036ms p95=  0.038ms max=  0.111ms calls(last=  1,win= 120,total=840) (win 0.2% | avg 0.2% budget)
  music.update_stream              win=  0.012ms avg=  0.003ms p95=  0.012ms max=  0.025ms calls(last=  0,win=  32,total=223) (win 0.1% | avg 0.0% budget)
  frame.fixed_step                 win=  0.003ms avg=  0.003ms p95=  0.003ms max=  0.027ms calls(last=  1,win= 122,total=858) (win 0.0% | avg 0.0% budget)
  gameplay.music                   win=  0.002ms avg=  0.002ms p95=  0.002ms max=  0.049ms calls(last=  1,win= 120,total=840) (win 0.0% | avg 0.0% budget)
[MUSIC_PLAYER_WINDOW] label=menu calls=120 activeCalls=120 buffers=32 avg(buf/call=0.27 active=0.27) max(buf/call=1) upload(total=0.25ms avg=0.008ms max=0.009ms slow=0)
[MUSIC_PLAYER_WINDOW] label=gameplay calls=120 activeCalls=0 buffers=0 avg(buf/call=0.00 active=0.00) max(buf/call=0) upload(total=0.00ms avg=0.000ms max=0.000ms slow=0)

[PROFILE] frame=960 budget=16.667ms alloc(+0/-0, +0b/-0b, live=5192b peak=20448b)
  frame.total                      win= 16.868ms avg= 16.868ms p95= 17.057ms max= 39.256ms calls(last=  1,win= 120,total=960) (win 101.2% | avg 101.2% budget)
  frame.present                    win= 13.778ms avg= 13.778ms p95= 14.483ms max= 36.794ms calls(last=  1,win= 120,total=960) (win 82.7% | avg 82.7% budget)
  frame.cpu_work                   win=  3.076ms avg=  3.076ms p95=  4.297ms max=  6.828ms calls(last=  1,win= 120,total=960) (win 18.5% | avg 18.5% budget)
  frame.render                     win=  2.424ms avg=  2.424ms p95=  2.479ms max=  4.119ms calls(last=  1,win= 120,total=960) (win 14.5% | avg 14.5% budget)
  music.fill_buffer                win=  1.765ms avg=  0.471ms p95=  1.775ms max=  2.791ms calls(last=  0,win=  32,total=255) (win 10.6% | avg 2.8% budget)
  menu.music                       win=  0.297ms avg=  0.593ms p95=  1.802ms max=  4.449ms calls(last=  2,win= 240,total=1920) (win 1.8% | avg 3.6% budget)
  frame.input_poll                 win=  0.036ms avg=  0.036ms p95=  0.038ms max=  0.111ms calls(last=  1,win= 120,total=960) (win 0.2% | avg 0.2% budget)
  music.update_stream              win=  0.012ms avg=  0.003ms p95=  0.012ms max=  0.025ms calls(last=  0,win=  32,total=255) (win 0.1% | avg 0.0% budget)
  frame.fixed_step                 win=  0.002ms avg=  0.003ms p95=  0.003ms max=  0.027ms calls(last=  1,win= 123,total=981) (win 0.0% | avg 0.0% budget)
  gameplay.music                   win=  0.002ms avg=  0.002ms p95=  0.002ms max=  0.049ms calls(last=  1,win= 120,total=960) (win 0.0% | avg 0.0% budget)
[MUSIC_PLAYER_WINDOW] label=menu calls=120 activeCalls=120 buffers=32 avg(buf/call=0.27 active=0.27) max(buf/call=1) upload(total=0.25ms avg=0.008ms max=0.012ms slow=0)
[MUSIC_PLAYER_WINDOW] label=gameplay calls=120 activeCalls=0 buffers=0 avg(buf/call=0.00 active=0.00) max(buf/call=0) upload(total=0.00ms avg=0.000ms max=0.000ms slow=0)

[PROFILE] frame=1080 budget=16.667ms alloc(+0/-0, +0b/-0b, live=223096b peak=223096b)
  frame.total                      win= 17.599ms avg= 17.599ms p95= 16.947ms max=106.256ms calls(last=  1,win= 120,total=1080) (win 105.6% | avg 105.6% budget)
  frame.present                    win= 14.253ms avg= 14.253ms p95= 16.289ms max= 36.794ms calls(last=  1,win= 120,total=1080) (win 85.5% | avg 85.5% budget)
  frame.cpu_work                   win=  3.332ms avg=  3.332ms p95=  4.460ms max=104.601ms calls(last=  1,win= 120,total=1080) (win 20.0% | avg 20.0% budget)
  game.update                      win=  2.926ms avg=  0.854ms p95=  0.004ms max=102.308ms calls(last=  1,win=  35,total=35) (win 17.6% | avg 5.1% budget)
  frame.render                     win=  1.943ms avg=  1.943ms p95=  2.616ms max=  4.119ms calls(last=  1,win= 120,total=1080) (win 11.7% | avg 11.7% budget)
  music.fill_buffer                win=  1.491ms avg=  0.398ms p95=  1.767ms max=  2.791ms calls(last=  0,win=  32,total=287) (win 8.9% | avg 2.4% budget)
  frame.fixed_step                 win=  0.826ms avg=  0.860ms p95=  0.020ms max=102.340ms calls(last=  1,win= 125,total=1106) (win 5.0% | avg 5.2% budget)
  menu.music                       win=  0.237ms avg=  0.474ms p95=  1.829ms max=  4.449ms calls(last=  2,win= 240,total=2160) (win 1.4% | avg 2.8% budget)
  gameplay.music                   win=  0.070ms avg=  0.070ms p95=  0.802ms max=  1.602ms calls(last=  1,win= 120,total=1080) (win 0.4% | avg 0.4% budget)
  frame.input_poll                 win=  0.036ms avg=  0.036ms p95=  0.038ms max=  0.111ms calls(last=  1,win= 120,total=1080) (win 0.2% | avg 0.2% budget)
  music.update_stream              win=  0.011ms avg=  0.003ms p95=  0.012ms max=  0.025ms calls(last=  0,win=  32,total=287) (win 0.1% | avg 0.0% budget)
  audio.route_step                 win=  0.008ms avg=  0.002ms p95=  0.007ms max=  0.056ms calls(last=  1,win=  35,total=35) (win 0.0% | avg 0.0% budget)
[AUDIO_ROUTE_WINDOW] steps=36 events=0 sounds=0 avg(step ev=0.00 snd=0.00) max(step ev=0 snd=0)
  events{shotP=0 shotE=0 dead=0 spawn=0 base=0 wall=0 start=0 playerExpl=0}
  sounds{shotP=0 shotE=0 dead=0 spawn=0 base=0 wall=0 start=0 playerExpl=0}
[MUSIC_PLAYER_WINDOW] label=menu calls=120 activeCalls=86 buffers=23 avg(buf/call=0.19 active=0.27) max(buf/call=1) upload(total=0.18ms avg=0.008ms max=0.009ms slow=0)
[MUSIC_PLAYER_WINDOW] label=gameplay calls=120 activeCalls=34 buffers=9 avg(buf/call=0.08 active=0.26) max(buf/call=2) upload(total=0.06ms avg=0.007ms max=0.008ms slow=0)

[PROFILE] frame=1200 budget=16.667ms alloc(+0/-0, +0b/-0b, live=265200b peak=269320b)
  frame.total                      win= 16.942ms avg= 16.942ms p95= 17.098ms max=106.256ms calls(last=  1,win= 120,total=1200) (win 101.7% | avg 101.7% budget)
  frame.present                    win= 11.753ms avg= 11.753ms p95= 16.287ms max= 36.794ms calls(last=  1,win= 120,total=1200) (win 70.5% | avg 70.5% budget)
  frame.cpu_work                   win=  5.174ms avg=  5.174ms p95=  8.541ms max=104.601ms calls(last=  1,win= 120,total=1200) (win 31.0% | avg 31.0% budget)
  frame.render                     win=  4.222ms avg=  4.222ms p95=  5.311ms max= 24.967ms calls(last=  1,win= 120,total=1200) (win 25.3% | avg 25.3% budget)
  frame.render.world               win=  2.279ms avg=  1.805ms p95=  2.472ms max=  3.499ms calls(last=  1,win=  95,total=95) (win 13.7% | avg 10.8% budget)
  music.fill_buffer                win=  0.852ms avg=  0.227ms p95=  0.867ms max=  2.791ms calls(last=  0,win=  32,total=319) (win 5.1% | avg 1.4% budget)
  frame.render.hud                 win=  0.833ms avg=  0.660ms p95=  0.909ms max=  1.157ms calls(last=  1,win=  95,total=95) (win 5.0% | avg 4.0% budget)
  frame.render.world.maze          win=  0.765ms avg=  0.605ms p95=  0.848ms max=  1.008ms calls(last=  1,win=  95,total=95) (win 4.6% | avg 3.6% budget)
  frame.fixed_step                 win=  0.466ms avg=  0.478ms p95=  1.130ms max=102.340ms calls(last=  1,win= 123,total=1229) (win 2.8% | avg 2.9% budget)
  system.ai_update                 win=  0.456ms avg=  0.364ms p95=  1.022ms max=  1.783ms calls(last=  1,win=  96,total=96) (win 2.7% | avg 2.2% budget)
  enemy.update                     win=  0.451ms avg=  0.360ms p95=  1.017ms max=  1.778ms calls(last=  1,win=  96,total=96) (win 2.7% | avg 2.2% budget)
  game.update                      win=  0.449ms avg=  0.460ms p95=  1.114ms max=102.308ms calls(last=  1,win= 123,total=158) (win 2.7% | avg 2.8% budget)
  frame.render.world.effects       win=  0.433ms avg=  0.342ms p95=  0.517ms max=  0.938ms calls(last=  1,win=  95,total=95) (win 2.6% | avg 2.1% budget)
  gameplay.music                   win=  0.419ms avg=  0.419ms p95=  2.194ms max=  3.581ms calls(last=  1,win= 120,total=1200) (win 2.5% | avg 2.5% budget)
  frame.render.hud.minimap         win=  0.390ms avg=  0.309ms p95=  0.433ms max=  0.651ms calls(last=  1,win=  95,total=95) (win 2.3% | avg 1.9% budget)
  frame.render.hud.text            win=  0.224ms avg=  0.177ms p95=  0.262ms max=  0.564ms calls(last=  1,win=  95,total=95) (win 1.3% | avg 1.1% budget)
  menu.music                       win=  0.210ms avg=  0.421ms p95=  2.194ms max=  4.449ms calls(last=  2,win= 240,total=2400) (win 1.3% | avg 2.5% budget)
  frame.render.world.enemies       win=  0.193ms avg=  0.153ms p95=  0.222ms max=  0.908ms calls(last=  1,win=  95,total=95) (win 1.2% | avg 0.9% budget)
  frame.render.world.enemies.draw  win=  0.181ms avg=  0.143ms p95=  0.210ms max=  0.895ms calls(last=  1,win=  95,total=95) (win 1.1% | avg 0.9% budget)
  enemy.cheap.segment_build        win=  0.075ms avg=  0.001ms p95=  0.000ms max=  0.080ms calls(last=  0,win=   2,total=2) (win 0.4% | avg 0.0% budget)
  frame.render.hud.compass         win=  0.061ms avg=  0.049ms p95=  0.150ms max=  0.156ms calls(last=  1,win=  95,total=95) (win 0.4% | avg 0.3% budget)
  frame.render.hud.lives           win=  0.053ms avg=  0.042ms p95=  0.053ms max=  0.098ms calls(last=  1,win=  95,total=95) (win 0.3% | avg 0.3% budget)
  frame.render.hud.static          win=  0.048ms avg=  0.038ms p95=  0.060ms max=  0.149ms calls(last=  1,win=  95,total=95) (win 0.3% | avg 0.2% budget)
  enemy.type.torpedo               win=  0.046ms avg=  0.058ms p95=  0.513ms max=  1.332ms calls(last=  5,win= 151,total=151) (win 0.3% | avg 0.3% budget)
[ENEMY_STATS] frame=1200 alive=7 visible=0 full=0 cheap=7 fullInBase=0 pairs(frontal=0 checks=0 separation=0 resolved=0)
[ENEMY_WINDOW] steps=97 alive[min=0 max=7] visible[min=0 max=0] full[min=0 max=0] collisionPasses[runs=0 skips=97]
[ENEMY_SEGMENTS] window=1.617s D{b/s=1.24 avgLen=3.65 fail=0} T{b/s=0.00 avgLen=0.00 fail=0} H{b/s=0.00 avgLen=0.00 fail=0} A{b/s=0.00 avgLen=0.00 fail=0}
[ENEMY_GRID] frontal{cand/s=0.0 xcell/s=0.0 ins/s=0.0} separation{cand/s=0.0}
[ENEMY_COLLISION_WINDOW] frontal{pairs/s=0.0 checks/s=0.0 baseSkip=0 kill=0(0.0%)} separation{pairs/s=0.0 resolved/s=0.0(0.0%) baseSkip=0 kill=0 wallBlock=0}
[ENEMY_NAV_CACHE] playerCell{changes=0 flowRebuilds=0} flow{hit=0 miss=0 hit%=0.0} pathFallback{calls=0 ok=0 ok%=0.0}
[ENEMY_SAP] updates=0 active=0 pairs=0 repairs{x=0 y=0}
[ENEMY_PAIR_TYPES] frontal DD=0 DT=0 DH=0 DA=0 TT=0 TH=0 TA=0 HH=0 HA=0 AA=0 separation DD=0 DT=0 DH=0 DA=0 TT=0 TH=0 TA=0 HH=0 HA=0 AA=0
[AUDIO_ROUTE_WINDOW] steps=123 events=8 sounds=1 avg(step ev=0.07 snd=0.01) max(step ev=1 snd=1)
  events{shotP=0 shotE=0 dead=0 spawn=7 base=0 wall=0 start=1 playerExpl=0}
  sounds{shotP=0 shotE=0 dead=0 spawn=0 base=0 wall=0 start=1 playerExpl=0}
[MUSIC_PLAYER_WINDOW] label=menu calls=120 activeCalls=0 buffers=0 avg(buf/call=0.00 active=0.00) max(buf/call=0) upload(total=0.00ms avg=0.000ms max=0.000ms slow=0)
[MUSIC_PLAYER_WINDOW] label=gameplay calls=120 activeCalls=120 buffers=33 avg(buf/call=0.28 active=0.28) max(buf/call=1) upload(total=0.24ms avg=0.007ms max=0.009ms slow=0)

[PROFILE] frame=1320 budget=16.667ms alloc(+0/-0, +0b/-0b, live=273584b peak=281800b)
  frame.total                      win= 16.867ms avg= 16.867ms p95= 17.242ms max=106.256ms calls(last=  1,win= 120,total=1320) (win 101.2% | avg 101.2% budget)
  frame.present                    win= 10.679ms avg= 10.679ms p95= 11.631ms max= 36.794ms calls(last=  1,win= 120,total=1320) (win 64.1% | avg 64.1% budget)
  frame.cpu_work                   win=  6.174ms avg=  6.174ms p95=  7.672ms max=104.601ms calls(last=  1,win= 120,total=1320) (win 37.0% | avg 37.0% budget)
  frame.render                     win=  4.889ms avg=  4.889ms p95=  5.239ms max= 24.967ms calls(last=  1,win= 120,total=1320) (win 29.3% | avg 29.3% budget)
  frame.render.world               win=  2.245ms avg=  2.245ms p95=  2.506ms max=  4.854ms calls(last=  1,win= 120,total=215) (win 13.5% | avg 13.5% budget)
  music.fill_buffer                win=  0.877ms avg=  0.234ms p95=  0.898ms max=  2.791ms calls(last=  0,win=  32,total=351) (win 5.3% | avg 1.4% budget)
  frame.render.hud                 win=  0.841ms avg=  0.841ms p95=  0.938ms max=  1.157ms calls(last=  1,win= 120,total=215) (win 5.0% | avg 5.0% budget)
  frame.fixed_step                 win=  0.837ms avg=  0.858ms p95=  1.537ms max=102.340ms calls(last=  1,win= 123,total=1352) (win 5.0% | avg 5.1% budget)
  game.update                      win=  0.819ms avg=  0.840ms p95=  1.520ms max=102.308ms calls(last=  1,win= 123,total=281) (win 4.9% | avg 5.0% budget)
  frame.render.world.maze          win=  0.809ms avg=  0.809ms p95=  0.944ms max=  2.530ms calls(last=  1,win= 120,total=215) (win 4.9% | avg 4.9% budget)
  system.ai_update                 win=  0.671ms avg=  0.687ms p95=  1.401ms max=  1.868ms calls(last=  1,win= 123,total=219) (win 4.0% | avg 4.1% budget)
  enemy.update                     win=  0.666ms avg=  0.683ms p95=  1.396ms max=  1.864ms calls(last=  1,win= 123,total=219) (win 4.0% | avg 4.1% budget)
  frame.render.world.effects       win=  0.431ms avg=  0.431ms p95=  0.517ms max=  0.938ms calls(last=  1,win= 120,total=215) (win 2.6% | avg 2.6% budget)
  frame.render.hud.minimap         win=  0.401ms avg=  0.401ms p95=  0.485ms max=  0.713ms calls(last=  1,win= 120,total=215) (win 2.4% | avg 2.4% budget)
  gameplay.music                   win=  0.369ms avg=  0.369ms p95=  1.724ms max=  3.581ms calls(last=  1,win= 120,total=1320) (win 2.2% | avg 2.2% budget)
  frame.render.hud.text            win=  0.227ms avg=  0.227ms p95=  0.262ms max=  0.564ms calls(last=  1,win= 120,total=215) (win 1.4% | avg 1.4% budget)
  frame.render.world.enemies       win=  0.191ms avg=  0.191ms p95=  0.224ms max=  0.908ms calls(last=  1,win= 120,total=215) (win 1.1% | avg 1.1% budget)
  menu.music                       win=  0.186ms avg=  0.371ms p95=  1.724ms max=  4.449ms calls(last=  2,win= 240,total=2640) (win 1.1% | avg 2.2% budget)
  frame.render.world.enemies.draw  win=  0.176ms avg=  0.176ms p95=  0.208ms max=  0.895ms calls(last=  1,win= 120,total=215) (win 1.1% | avg 1.1% budget)
  enemy.cheap.segment_build        win=  0.075ms avg=  0.002ms p95=  0.000ms max=  0.080ms calls(last=  0,win=   3,total=5) (win 0.4% | avg 0.0% budget)
  frame.render.hud.lives           win=  0.053ms avg=  0.053ms p95=  0.053ms max=  0.114ms calls(last=  1,win= 120,total=215) (win 0.3% | avg 0.3% budget)
  frame.render.hud.compass         win=  0.052ms avg=  0.052ms p95=  0.053ms max=  0.159ms calls(last=  1,win= 120,total=215) (win 0.3% | avg 0.3% budget)
  frame.render.hud.static          win=  0.047ms avg=  0.047ms p95=  0.059ms max=  0.149ms calls(last=  1,win= 120,total=215) (win 0.3% | avg 0.3% budget)
  frame.render.hud.bars            win=  0.042ms avg=  0.042ms p95=  0.043ms max=  0.148ms calls(last=  1,win= 120,total=215) (win 0.3% | avg 0.3% budget)
[ENEMY_STATS] frame=1320 alive=15 visible=0 full=0 cheap=15 fullInBase=0 pairs(frontal=0 checks=0 separation=0 resolved=0)
[ENEMY_WINDOW] steps=123 alive[min=7 max=15] visible[min=0 max=0] full[min=0 max=0] collisionPasses[runs=0 skips=123]
[ENEMY_SEGMENTS] window=2.050s D{b/s=1.46 avgLen=2.62 fail=0} T{b/s=0.00 avgLen=0.00 fail=0} H{b/s=0.00 avgLen=0.00 fail=0} A{b/s=0.00 avgLen=0.00 fail=0}
[ENEMY_GRID] frontal{cand/s=0.0 xcell/s=0.0 ins/s=0.0} separation{cand/s=0.0}
[ENEMY_COLLISION_WINDOW] frontal{pairs/s=0.0 checks/s=0.0 baseSkip=0 kill=0(0.0%)} separation{pairs/s=0.0 resolved/s=0.0(0.0%) baseSkip=0 kill=0 wallBlock=0}
[ENEMY_NAV_CACHE] playerCell{changes=0 flowRebuilds=0} flow{hit=0 miss=0 hit%=0.0} pathFallback{calls=0 ok=0 ok%=0.0}
[ENEMY_SAP] updates=0 active=0 pairs=0 repairs{x=0 y=0}
[ENEMY_PAIR_TYPES] frontal DD=0 DT=0 DH=0 DA=0 TT=0 TH=0 TA=0 HH=0 HA=0 AA=0 separation DD=0 DT=0 DH=0 DA=0 TT=0 TH=0 TA=0 HH=0 HA=0 AA=0
[AUDIO_ROUTE_WINDOW] steps=123 events=9 sounds=0 avg(step ev=0.07 snd=0.00) max(step ev=1 snd=0)
  events{shotP=0 shotE=0 dead=0 spawn=9 base=0 wall=0 start=0 playerExpl=0}
  sounds{shotP=0 shotE=0 dead=0 spawn=0 base=0 wall=0 start=0 playerExpl=0}
[MUSIC_PLAYER_WINDOW] label=menu calls=120 activeCalls=0 buffers=0 avg(buf/call=0.00 active=0.00) max(buf/call=0) upload(total=0.00ms avg=0.000ms max=0.000ms slow=0)
[MUSIC_PLAYER_WINDOW] label=gameplay calls=120 activeCalls=120 buffers=32 avg(buf/call=0.27 active=0.27) max(buf/call=1) upload(total=0.23ms avg=0.007ms max=0.009ms slow=0)

[PROFILE] frame=1440 budget=16.667ms alloc(+0/-0, +0b/-0b, live=290304b peak=306760b)
  frame.total                      win= 16.861ms avg= 16.861ms p95= 17.156ms max=106.256ms calls(last=  1,win= 120,total=1440) (win 101.2% | avg 101.2% budget)
  frame.present                    win= 10.321ms avg= 10.321ms p95= 11.293ms max= 36.794ms calls(last=  1,win= 120,total=1440) (win 61.9% | avg 61.9% budget)
  frame.cpu_work                   win=  6.526ms avg=  6.526ms p95=  7.682ms max=104.601ms calls(last=  1,win= 120,total=1440) (win 39.2% | avg 39.2% budget)
  frame.render                     win=  5.085ms avg=  5.085ms p95=  5.465ms max= 24.967ms calls(last=  1,win= 120,total=1440) (win 30.5% | avg 30.5% budget)
  frame.render.world               win=  2.407ms avg=  2.407ms p95=  2.679ms max=  4.938ms calls(last=  1,win= 120,total=335) (win 14.4% | avg 14.4% budget)
  frame.fixed_step                 win=  1.048ms avg=  1.066ms p95=  1.921ms max=102.340ms calls(last=  1,win= 122,total=1474) (win 6.3% | avg 6.4% budget)
  game.update                      win=  1.030ms avg=  1.047ms p95=  1.902ms max=102.308ms calls(last=  1,win= 122,total=403) (win 6.2% | avg 6.3% budget)
  frame.render.world.maze          win=  0.955ms avg=  0.955ms p95=  1.105ms max=  2.530ms calls(last=  1,win= 120,total=335) (win 5.7% | avg 5.7% budget)
  music.fill_buffer                win=  0.896ms avg=  0.239ms p95=  0.922ms max=  2.791ms calls(last=  0,win=  32,total=383) (win 5.4% | avg 1.4% budget)
  system.ai_update                 win=  0.862ms avg=  0.877ms p95=  1.690ms max=  2.881ms calls(last=  1,win= 122,total=341) (win 5.2% | avg 5.3% budget)
  enemy.update                     win=  0.857ms avg=  0.871ms p95=  1.685ms max=  2.876ms calls(last=  1,win= 122,total=341) (win 5.1% | avg 5.2% budget)
  frame.render.hud                 win=  0.851ms avg=  0.851ms p95=  0.933ms max=  1.308ms calls(last=  1,win= 120,total=335) (win 5.1% | avg 5.1% budget)
  frame.render.world.effects       win=  0.445ms avg=  0.445ms p95=  0.591ms max=  0.938ms calls(last=  1,win= 120,total=335) (win 2.7% | avg 2.7% budget)
  frame.render.hud.minimap         win=  0.410ms avg=  0.410ms p95=  0.449ms max=  0.862ms calls(last=  1,win= 120,total=335) (win 2.5% | avg 2.5% budget)
  gameplay.music                   win=  0.320ms avg=  0.320ms p95=  0.970ms max=  3.581ms calls(last=  1,win= 120,total=1440) (win 1.9% | avg 1.9% budget)
  frame.render.hud.text            win=  0.230ms avg=  0.230ms p95=  0.265ms max=  0.564ms calls(last=  1,win= 120,total=335) (win 1.4% | avg 1.4% budget)
  frame.render.world.enemies       win=  0.198ms avg=  0.198ms p95=  0.240ms max=  0.908ms calls(last=  1,win= 120,total=335) (win 1.2% | avg 1.2% budget)
  frame.render.world.enemies.draw  win=  0.180ms avg=  0.180ms p95=  0.224ms max=  0.895ms calls(last=  1,win= 120,total=335) (win 1.1% | avg 1.1% budget)
  menu.music                       win=  0.161ms avg=  0.322ms p95=  1.008ms max=  4.449ms calls(last=  2,win= 240,total=2880) (win 1.0% | avg 1.9% budget)
  enemy.cheap.segment_build        win=  0.071ms avg=  0.005ms p95=  0.067ms max=  0.080ms calls(last=  0,win=   9,total=14) (win 0.4% | avg 0.0% budget)
  frame.render.hud.lives           win=  0.053ms avg=  0.053ms p95=  0.054ms max=  0.117ms calls(last=  1,win= 120,total=335) (win 0.3% | avg 0.3% budget)
  system.spawner_update            win=  0.052ms avg=  0.053ms p95=  0.243ms max=  0.566ms calls(last=  1,win= 122,total=341) (win 0.3% | avg 0.3% budget)
  frame.render.hud.compass         win=  0.052ms avg=  0.052ms p95=  0.053ms max=  0.159ms calls(last=  1,win= 120,total=335) (win 0.3% | avg 0.3% budget)
  frame.render.hud.static          win=  0.047ms avg=  0.047ms p95=  0.059ms max=  0.149ms calls(last=  1,win= 120,total=335) (win 0.3% | avg 0.3% budget)
[ENEMY_STATS] frame=1440 alive=25 visible=0 full=0 cheap=25 fullInBase=0 pairs(frontal=0 checks=0 separation=0 resolved=0)
[ENEMY_WINDOW] steps=122 alive[min=16 max=25] visible[min=0 max=0] full[min=0 max=0] collisionPasses[runs=0 skips=122]
[ENEMY_SEGMENTS] window=2.033s D{b/s=4.43 avgLen=6.00 fail=0} T{b/s=0.00 avgLen=0.00 fail=0} H{b/s=0.00 avgLen=0.00 fail=0} A{b/s=0.00 avgLen=0.00 fail=0}
[ENEMY_GRID] frontal{cand/s=0.0 xcell/s=0.0 ins/s=0.0} separation{cand/s=0.0}
[ENEMY_COLLISION_WINDOW] frontal{pairs/s=0.0 checks/s=0.0 baseSkip=0 kill=0(0.0%)} separation{pairs/s=0.0 resolved/s=0.0(0.0%) baseSkip=0 kill=0 wallBlock=0}
[ENEMY_NAV_CACHE] playerCell{changes=0 flowRebuilds=0} flow{hit=0 miss=0 hit%=0.0} pathFallback{calls=0 ok=0 ok%=0.0}
[ENEMY_SAP] updates=0 active=0 pairs=0 repairs{x=0 y=0}
[ENEMY_PAIR_TYPES] frontal DD=0 DT=0 DH=0 DA=0 TT=0 TH=0 TA=0 HH=0 HA=0 AA=0 separation DD=0 DT=0 DH=0 DA=0 TT=0 TH=0 TA=0 HH=0 HA=0 AA=0
[AUDIO_ROUTE_WINDOW] steps=122 events=9 sounds=0 avg(step ev=0.07 snd=0.00) max(step ev=1 snd=0)
  events{shotP=0 shotE=0 dead=0 spawn=9 base=0 wall=0 start=0 playerExpl=0}
  sounds{shotP=0 shotE=0 dead=0 spawn=0 base=0 wall=0 start=0 playerExpl=0}
[MUSIC_PLAYER_WINDOW] label=menu calls=120 activeCalls=0 buffers=0 avg(buf/call=0.00 active=0.00) max(buf/call=0) upload(total=0.00ms avg=0.000ms max=0.000ms slow=0)
[MUSIC_PLAYER_WINDOW] label=gameplay calls=120 activeCalls=120 buffers=32 avg(buf/call=0.27 active=0.27) max(buf/call=1) upload(total=0.24ms avg=0.008ms max=0.010ms slow=0)

[PROFILE] frame=1560 budget=16.667ms alloc(+76/-76, +6048b/-6048b, live=291800b peak=306760b)
  frame.total                      win= 16.852ms avg= 16.852ms p95= 17.227ms max=106.256ms calls(last=  1,win= 120,total=1560) (win 101.1% | avg 101.1% budget)
  frame.present                    win=  9.522ms avg=  9.522ms p95= 10.513ms max= 36.794ms calls(last=  1,win= 120,total=1560) (win 57.1% | avg 57.1% budget)
  frame.cpu_work                   win=  7.315ms avg=  7.315ms p95=  8.658ms max=104.601ms calls(last=  1,win= 120,total=1560) (win 43.9% | avg 43.9% budget)
  frame.render                     win=  5.062ms avg=  5.062ms p95=  5.467ms max= 24.967ms calls(last=  1,win= 120,total=1560) (win 30.4% | avg 30.4% budget)
  frame.render.world               win=  2.385ms avg=  2.385ms p95=  2.688ms max=  4.938ms calls(last=  1,win= 120,total=455) (win 14.3% | avg 14.3% budget)
  frame.fixed_step                 win=  1.751ms avg=  1.795ms p95=  2.683ms max=102.340ms calls(last=  1,win= 123,total=1597) (win 10.5% | avg 10.8% budget)
  game.update                      win=  1.733ms avg=  1.776ms p95=  2.666ms max=102.308ms calls(last=  1,win= 123,total=526) (win 10.4% | avg 10.7% budget)
  system.ai_update                 win=  1.576ms avg=  1.615ms p95=  2.535ms max=  4.542ms calls(last=  1,win= 123,total=464) (win 9.5% | avg 9.7% budget)
  enemy.update                     win=  1.572ms avg=  1.611ms p95=  2.530ms max=  4.537ms calls(last=  1,win= 123,total=464) (win 9.4% | avg 9.7% budget)
  frame.render.world.maze          win=  0.969ms avg=  0.969ms p95=  1.181ms max=  2.530ms calls(last=  1,win= 120,total=455) (win 5.8% | avg 5.8% budget)
  music.fill_buffer                win=  0.922ms avg=  0.246ms p95=  0.938ms max=  2.791ms calls(last=  0,win=  32,total=415) (win 5.5% | avg 1.5% budget)
  frame.render.hud                 win=  0.865ms avg=  0.865ms p95=  0.957ms max=  1.308ms calls(last=  1,win= 120,total=455) (win 5.2% | avg 5.2% budget)
  frame.render.world.effects       win=  0.431ms avg=  0.431ms p95=  0.515ms max=  0.938ms calls(last=  1,win= 120,total=455) (win 2.6% | avg 2.6% budget)
  frame.render.hud.minimap         win=  0.422ms avg=  0.422ms p95=  0.468ms max=  0.862ms calls(last=  1,win= 120,total=455) (win 2.5% | avg 2.5% budget)
  gameplay.music                   win=  0.402ms avg=  0.402ms p95=  1.299ms max=  3.581ms calls(last=  1,win= 120,total=1560) (win 2.4% | avg 2.4% budget)
  frame.render.hud.text            win=  0.224ms avg=  0.224ms p95=  0.263ms max=  0.564ms calls(last=  1,win= 120,total=455) (win 1.3% | avg 1.3% budget)
  menu.music                       win=  0.202ms avg=  0.405ms p95=  1.345ms max=  4.449ms calls(last=  2,win= 240,total=3120) (win 1.2% | avg 2.4% budget)
  frame.render.world.enemies       win=  0.189ms avg=  0.189ms p95=  0.192ms max=  0.908ms calls(last=  1,win= 120,total=455) (win 1.1% | avg 1.1% budget)
  frame.render.world.enemies.draw  win=  0.169ms avg=  0.169ms p95=  0.172ms max=  0.895ms calls(last=  1,win= 120,total=455) (win 1.0% | avg 1.0% budget)
  enemy.ai.movement                win=  0.144ms avg=  0.365ms p95=  0.525ms max=  0.986ms calls(last=  4,win= 304,total=304) (win 0.9% | avg 2.2% budget)
  enemy.physics.frontal_collisions win=  0.133ms avg=  0.131ms p95=  0.215ms max=  0.272ms calls(last=  1,win= 118,total=118) (win 0.8% | avg 0.8% budget)
  enemy.physics.frontal_grid_build win=  0.087ms avg=  0.086ms p95=  0.147ms max=  0.223ms calls(last=  1,win= 118,total=118) (win 0.5% | avg 0.5% budget)
  frame.render.hud.compass         win=  0.057ms avg=  0.057ms p95=  0.069ms max=  0.391ms calls(last=  1,win= 120,total=455) (win 0.3% | avg 0.3% budget)
  frame.render.hud.lives           win=  0.054ms avg=  0.054ms p95=  0.053ms max=  0.141ms calls(last=  1,win= 120,total=455) (win 0.3% | avg 0.3% budget)
[ENEMY_STATS] frame=1560 alive=31 visible=0 full=4 cheap=27 fullInBase=1 pairs(frontal=0 checks=0 separation=0 resolved=0)
[ENEMY_WINDOW] steps=123 alive[min=25 max=31] visible[min=0 max=0] full[min=0 max=4] collisionPasses[runs=119 skips=4]
[ENEMY_SEGMENTS] window=2.050s D{b/s=1.46 avgLen=4.16 fail=0} T{b/s=0.00 avgLen=0.00 fail=0} H{b/s=0.00 avgLen=0.00 fail=0} A{b/s=0.00 avgLen=0.00 fail=0}
[ENEMY_GRID] frontal{cand/s=150.2 xcell/s=1.0 ins/s=151.2} separation{cand/s=150.2}
[ENEMY_COLLISION_WINDOW] frontal{pairs/s=0.0 checks/s=0.0 baseSkip=0 kill=0(0.0%)} separation{pairs/s=0.0 resolved/s=0.0(0.0%) baseSkip=0 kill=0 wallBlock=0}
[ENEMY_NAV_CACHE] playerCell{changes=0 flowRebuilds=0} flow{hit=0 miss=0 hit%=0.0} pathFallback{calls=0 ok=0 ok%=0.0}
[ENEMY_SAP] updates=3312 active=308 pairs=0 repairs{x=272 y=276}
[ENEMY_PAIR_TYPES] frontal DD=0 DT=0 DH=0 DA=0 TT=0 TH=0 TA=0 HH=0 HA=0 AA=0 separation DD=0 DT=0 DH=0 DA=0 TT=0 TH=0 TA=0 HH=0 HA=0 AA=0
[AUDIO_ROUTE_WINDOW] steps=123 events=6 sounds=2 avg(step ev=0.05 snd=0.02) max(step ev=2 snd=1)
  events{shotP=0 shotE=0 dead=0 spawn=6 base=0 wall=0 start=0 playerExpl=0}
  sounds{shotP=0 shotE=0 dead=0 spawn=2 base=0 wall=0 start=0 playerExpl=0}
[MUSIC_PLAYER_WINDOW] label=menu calls=120 activeCalls=0 buffers=0 avg(buf/call=0.00 active=0.00) max(buf/call=0) upload(total=0.00ms avg=0.000ms max=0.000ms slow=0)
[MUSIC_PLAYER_WINDOW] label=gameplay calls=120 activeCalls=120 buffers=32 avg(buf/call=0.27 active=0.27) max(buf/call=1) upload(total=0.23ms avg=0.007ms max=0.010ms slow=0)

[PROFILE] frame=1680 budget=16.667ms alloc(+109/-109, +8696b/-8696b, live=325920b peak=358368b)
  frame.total                      win= 16.887ms avg= 16.887ms p95= 17.210ms max=106.256ms calls(last=  1,win= 120,total=1680) (win 101.3% | avg 101.3% budget)
  frame.present                    win=  8.733ms avg=  8.733ms p95=  9.758ms max= 36.794ms calls(last=  1,win= 120,total=1680) (win 52.4% | avg 52.4% budget)
  frame.cpu_work                   win=  8.140ms avg=  8.140ms p95= 10.146ms max=104.601ms calls(last=  1,win= 120,total=1680) (win 48.8% | avg 48.8% budget)
  frame.render                     win=  5.073ms avg=  5.073ms p95=  5.416ms max= 24.967ms calls(last=  1,win= 120,total=1680) (win 30.4% | avg 30.4% budget)
  frame.fixed_step                 win=  2.532ms avg=  2.574ms p95=  3.642ms max=102.340ms calls(last=  1,win= 122,total=1719) (win 15.2% | avg 15.4% budget)
  game.update                      win=  2.513ms avg=  2.555ms p95=  3.623ms max=102.308ms calls(last=  1,win= 122,total=648) (win 15.1% | avg 15.3% budget)
  frame.render.world               win=  2.481ms avg=  2.481ms p95=  2.746ms max=  4.938ms calls(last=  1,win= 120,total=575) (win 14.9% | avg 14.9% budget)
  system.ai_update                 win=  2.345ms avg=  2.384ms p95=  3.345ms max=  5.203ms calls(last=  1,win= 122,total=586) (win 14.1% | avg 14.3% budget)
  enemy.update                     win=  2.341ms avg=  2.380ms p95=  3.341ms max=  5.197ms calls(last=  1,win= 122,total=586) (win 14.0% | avg 14.3% budget)
  frame.render.world.maze          win=  0.993ms avg=  0.993ms p95=  1.117ms max=  2.530ms calls(last=  1,win= 120,total=575) (win 6.0% | avg 6.0% budget)
  music.fill_buffer                win=  0.900ms avg=  0.240ms p95=  0.939ms max=  2.791ms calls(last=  0,win=  32,total=447) (win 5.4% | avg 1.4% budget)
  frame.render.hud                 win=  0.860ms avg=  0.860ms p95=  0.921ms max=  1.308ms calls(last=  1,win= 120,total=575) (win 5.2% | avg 5.2% budget)
  frame.render.world.effects       win=  0.466ms avg=  0.466ms p95=  0.553ms max=  0.938ms calls(last=  1,win= 120,total=575) (win 2.8% | avg 2.8% budget)
  gameplay.music                   win=  0.436ms avg=  0.436ms p95=  1.591ms max=  3.614ms calls(last=  1,win= 120,total=1680) (win 2.6% | avg 2.6% budget)
  frame.render.hud.minimap         win=  0.427ms avg=  0.427ms p95=  0.471ms max=  0.862ms calls(last=  1,win= 120,total=575) (win 2.6% | avg 2.6% budget)
  frame.render.hud.text            win=  0.224ms avg=  0.224ms p95=  0.261ms max=  0.564ms calls(last=  1,win= 120,total=575) (win 1.3% | avg 1.3% budget)
  menu.music                       win=  0.219ms avg=  0.439ms p95=  1.591ms max=  4.449ms calls(last=  2,win= 240,total=3360) (win 1.3% | avg 2.6% budget)
  frame.render.world.enemies       win=  0.213ms avg=  0.213ms p95=  0.243ms max=  0.908ms calls(last=  1,win= 120,total=575) (win 1.3% | avg 1.3% budget)
  frame.render.world.enemies.draw  win=  0.190ms avg=  0.190ms p95=  0.218ms max=  0.895ms calls(last=  1,win= 120,total=575) (win 1.1% | avg 1.1% budget)
  enemy.physics.frontal_collisions win=  0.164ms avg=  0.166ms p95=  0.289ms max=  0.369ms calls(last=  1,win= 122,total=240) (win 1.0% | avg 1.0% budget)
  enemy.ai.movement                win=  0.131ms avg=  0.765ms p95=  0.840ms max=  1.615ms calls(last=  6,win= 703,total=1007) (win 0.8% | avg 4.6% budget)
  enemy.physics.frontal_grid_build win=  0.111ms avg=  0.113ms p95=  0.235ms max=  0.299ms calls(last=  1,win= 122,total=240) (win 0.7% | avg 0.7% budget)
  frame.render.hud.compass         win=  0.052ms avg=  0.052ms p95=  0.053ms max=  0.391ms calls(last=  1,win= 120,total=575) (win 0.3% | avg 0.3% budget)
  frame.render.hud.lives           win=  0.052ms avg=  0.052ms p95=  0.053ms max=  0.141ms calls(last=  1,win= 120,total=575) (win 0.3% | avg 0.3% budget)
[ENEMY_STATS] frame=1680 alive=38 visible=1 full=6 cheap=32 fullInBase=1 pairs(frontal=0 checks=0 separation=0 resolved=0)
[ENEMY_WINDOW] steps=122 alive[min=31 max=38] visible[min=0 max=2] full[min=4 max=6] collisionPasses[runs=122 skips=0]
[ENEMY_SEGMENTS] window=2.033s D{b/s=4.43 avgLen=4.94 fail=0} T{b/s=0.00 avgLen=0.00 fail=0} H{b/s=0.00 avgLen=0.00 fail=0} A{b/s=0.00 avgLen=0.00 fail=0}
[ENEMY_GRID] frontal{cand/s=346.7 xcell/s=3.4 ins/s=350.2} separation{cand/s=346.7}
[ENEMY_COLLISION_WINDOW] frontal{pairs/s=0.0 checks/s=0.0 baseSkip=0 kill=0(0.0%)} separation{pairs/s=0.0 resolved/s=0.0(0.0%) baseSkip=0 kill=0 wallBlock=0}
[ENEMY_NAV_CACHE] playerCell{changes=0 flowRebuilds=0} flow{hit=0 miss=0 hit%=0.0} pathFallback{calls=0 ok=0 ok%=0.0}
[ENEMY_SAP] updates=4258 active=705 pairs=0 repairs{x=751 y=778}
[ENEMY_PAIR_TYPES] frontal DD=0 DT=0 DH=0 DA=0 TT=0 TH=0 TA=0 HH=0 HA=0 AA=0 separation DD=0 DT=0 DH=0 DA=0 TT=0 TH=0 TA=0 HH=0 HA=0 AA=0
[AUDIO_ROUTE_WINDOW] steps=122 events=8 sounds=2 avg(step ev=0.07 snd=0.02) max(step ev=1 snd=1)
  events{shotP=0 shotE=1 dead=0 spawn=7 base=0 wall=0 start=0 playerExpl=0}
  sounds{shotP=0 shotE=1 dead=0 spawn=1 base=0 wall=0 start=0 playerExpl=0}
[MUSIC_PLAYER_WINDOW] label=menu calls=120 activeCalls=0 buffers=0 avg(buf/call=0.00 active=0.00) max(buf/call=0) upload(total=0.00ms avg=0.000ms max=0.000ms slow=0)
[MUSIC_PLAYER_WINDOW] label=gameplay calls=120 activeCalls=120 buffers=31 avg(buf/call=0.26 active=0.26) max(buf/call=1) upload(total=0.22ms avg=0.007ms max=0.008ms slow=0)

[PROFILE] frame=1800 budget=16.667ms alloc(+100/-100, +7904b/-7904b, live=326288b peak=358368b)
  frame.total                      win= 16.856ms avg= 16.856ms p95= 17.284ms max=106.256ms calls(last=  1,win= 120,total=1800) (win 101.1% | avg 101.1% budget)
  frame.cpu_work                   win=  8.855ms avg=  8.855ms p95= 11.069ms max=104.601ms calls(last=  1,win= 120,total=1800) (win 53.1% | avg 53.1% budget)
  frame.present                    win=  7.986ms avg=  7.986ms p95=  9.324ms max= 36.794ms calls(last=  1,win= 120,total=1800) (win 47.9% | avg 47.9% budget)
  frame.render                     win=  5.377ms avg=  5.377ms p95=  5.688ms max= 24.967ms calls(last=  1,win= 120,total=1800) (win 32.3% | avg 32.3% budget)
  frame.fixed_step                 win=  2.858ms avg=  2.929ms p95=  4.434ms max=102.340ms calls(last=  1,win= 123,total=1842) (win 17.1% | avg 17.6% budget)
  game.update                      win=  2.838ms avg=  2.909ms p95=  4.416ms max=102.308ms calls(last=  1,win= 123,total=771) (win 17.0% | avg 17.5% budget)
  frame.render.world               win=  2.731ms avg=  2.731ms p95=  2.920ms max=  5.658ms calls(last=  1,win= 120,total=695) (win 16.4% | avg 16.4% budget)
  system.ai_update                 win=  2.637ms avg=  2.703ms p95=  4.254ms max=  6.251ms calls(last=  1,win= 123,total=709) (win 15.8% | avg 16.2% budget)
  enemy.update                     win=  2.633ms avg=  2.699ms p95=  4.249ms max=  6.245ms calls(last=  1,win= 123,total=709) (win 15.8% | avg 16.2% budget)
  frame.render.world.maze          win=  1.147ms avg=  1.147ms p95=  1.355ms max=  3.149ms calls(last=  1,win= 120,total=695) (win 6.9% | avg 6.9% budget)
  music.fill_buffer                win=  0.904ms avg=  0.241ms p95=  0.920ms max=  2.791ms calls(last=  0,win=  32,total=479) (win 5.4% | avg 1.4% budget)
  frame.render.hud                 win=  0.862ms avg=  0.862ms p95=  0.907ms max=  1.308ms calls(last=  1,win= 120,total=695) (win 5.2% | avg 5.2% budget)
  frame.render.world.effects       win=  0.520ms avg=  0.520ms p95=  0.609ms max=  0.938ms calls(last=  1,win= 120,total=695) (win 3.1% | avg 3.1% budget)
  gameplay.music                   win=  0.492ms avg=  0.492ms p95=  2.269ms max=  4.614ms calls(last=  1,win= 120,total=1800) (win 3.0% | avg 3.0% budget)
  frame.render.hud.minimap         win=  0.427ms avg=  0.427ms p95=  0.468ms max=  0.862ms calls(last=  1,win= 120,total=695) (win 2.6% | avg 2.6% budget)
  frame.render.world.enemies       win=  0.267ms avg=  0.267ms p95=  0.323ms max=  0.908ms calls(last=  1,win= 120,total=695) (win 1.6% | avg 1.6% budget)
  menu.music                       win=  0.247ms avg=  0.494ms p95=  2.268ms max=  4.612ms calls(last=  2,win= 240,total=3600) (win 1.5% | avg 3.0% budget)
  frame.render.world.enemies.draw  win=  0.239ms avg=  0.239ms p95=  0.286ms max=  0.895ms calls(last=  1,win= 120,total=695) (win 1.4% | avg 1.4% budget)
  frame.render.hud.text            win=  0.224ms avg=  0.224ms p95=  0.257ms max=  0.564ms calls(last=  1,win= 120,total=695) (win 1.3% | avg 1.3% budget)
  enemy.physics.frontal_collisions win=  0.180ms avg=  0.185ms p95=  0.348ms max=  0.408ms calls(last=  1,win= 123,total=363) (win 1.1% | avg 1.1% budget)
  enemy.ai.movement                win=  0.127ms avg=  0.792ms p95=  0.883ms max=  1.823ms calls(last=  6,win= 746,total=1753) (win 0.8% | avg 4.8% budget)
  enemy.physics.frontal_grid_build win=  0.121ms avg=  0.124ms p95=  0.292ms max=  0.353ms calls(last=  1,win= 123,total=363) (win 0.7% | avg 0.7% budget)
  enemy.ai.decision                win=  0.059ms avg=  0.366ms p95=  0.671ms max=  1.357ms calls(last=  6,win= 746,total=1753) (win 0.4% | avg 2.2% budget)
  enemy.cheap.segment_build        win=  0.055ms avg=  0.003ms p95=  0.000ms max=  0.091ms calls(last=  0,win=   6,total=32) (win 0.3% | avg 0.0% budget)
[ENEMY_STATS] frame=1800 alive=43 visible=3 full=6 cheap=37 fullInBase=1 pairs(frontal=1 checks=1 separation=1 resolved=0)
[ENEMY_WINDOW] steps=123 alive[min=38 max=43] visible[min=1 max=3] full[min=6 max=7] collisionPasses[runs=123 skips=0]
[ENEMY_SEGMENTS] window=2.050s D{b/s=3.41 avgLen=4.96 fail=0} T{b/s=0.00 avgLen=0.00 fail=0} H{b/s=0.00 avgLen=0.00 fail=0} A{b/s=0.00 avgLen=0.00 fail=0}
[ENEMY_GRID] frontal{cand/s=363.9 xcell/s=3.4 ins/s=367.3} separation{cand/s=363.9}
[ENEMY_COLLISION_WINDOW] frontal{pairs/s=4.9 checks/s=4.9 baseSkip=0 kill=0(0.0%)} separation{pairs/s=4.9 resolved/s=0.0(0.0%) baseSkip=0 kill=0 wallBlock=0}
[ENEMY_NAV_CACHE] playerCell{changes=0 flowRebuilds=0} flow{hit=0 miss=0 hit%=0.0} pathFallback{calls=0 ok=0 ok%=0.0}
[ENEMY_SAP] updates=4879 active=746 pairs=10 repairs{x=952 y=983}
[ENEMY_PAIR_TYPES] frontal DD=0 DT=0 DH=0 DA=0 TT=10 TH=0 TA=0 HH=0 HA=0 AA=0 separation DD=0 DT=0 DH=0 DA=0 TT=10 TH=0 TA=0 HH=0 HA=0 AA=0
[AUDIO_ROUTE_WINDOW] steps=123 events=9 sounds=4 avg(step ev=0.07 snd=0.03) max(step ev=1 snd=1)
  events{shotP=1 shotE=1 dead=1 spawn=6 base=0 wall=0 start=0 playerExpl=0}
  sounds{shotP=1 shotE=1 dead=1 spawn=1 base=0 wall=0 start=0 playerExpl=0}
[MUSIC_PLAYER_WINDOW] label=menu calls=120 activeCalls=0 buffers=0 avg(buf/call=0.00 active=0.00) max(buf/call=0) upload(total=0.00ms avg=0.000ms max=0.000ms slow=0)
[MUSIC_PLAYER_WINDOW] label=gameplay calls=120 activeCalls=120 buffers=32 avg(buf/call=0.27 active=0.27) max(buf/call=1) upload(total=0.24ms avg=0.007ms max=0.009ms slow=0)

[PROFILE] frame=1920 budget=16.667ms alloc(+93/-93, +7368b/-7368b, live=326368b peak=358368b)
  frame.total                      win= 16.907ms avg= 16.907ms p95= 17.333ms max=106.256ms calls(last=  1,win= 120,total=1920) (win 101.4% | avg 101.4% budget)
  frame.cpu_work                   win=  8.991ms avg=  8.991ms p95= 12.486ms max=104.601ms calls(last=  1,win= 120,total=1920) (win 53.9% | avg 53.9% budget)
  frame.present                    win=  7.901ms avg=  7.901ms p95=  9.557ms max= 36.794ms calls(last=  1,win= 120,total=1920) (win 47.4% | avg 47.4% budget)
  frame.render                     win=  5.437ms avg=  5.437ms p95=  5.938ms max= 24.967ms calls(last=  1,win= 120,total=1920) (win 32.6% | avg 32.6% budget)
  audio.route.removed_enemy_match  win=  2.757ms avg=  0.023ms p95=  0.000ms max=  2.757ms calls(last=  0,win=   1,total=2) (win 16.5% | avg 0.1% budget)
  frame.render.world               win=  2.734ms avg=  2.734ms p95=  2.999ms max=  7.120ms calls(last=  1,win= 120,total=815) (win 16.4% | avg 16.4% budget)
  frame.fixed_step                 win=  2.587ms avg=  2.630ms p95=  3.839ms max=102.340ms calls(last=  1,win= 122,total=1964) (win 15.5% | avg 15.8% budget)
  game.update                      win=  2.512ms avg=  2.554ms p95=  3.711ms max=102.308ms calls(last=  1,win= 122,total=893) (win 15.1% | avg 15.3% budget)
  system.ai_update                 win=  2.317ms avg=  2.356ms p95=  3.476ms max=  6.251ms calls(last=  1,win= 122,total=831) (win 13.9% | avg 14.1% budget)
  enemy.update                     win=  2.313ms avg=  2.352ms p95=  3.470ms max=  6.245ms calls(last=  1,win= 122,total=831) (win 13.9% | avg 14.1% budget)
  frame.render.world.maze          win=  1.114ms avg=  1.114ms p95=  1.197ms max=  3.326ms calls(last=  1,win= 120,total=815) (win 6.7% | avg 6.7% budget)
  music.fill_buffer                win=  0.905ms avg=  0.241ms p95=  0.920ms max=  2.791ms calls(last=  0,win=  32,total=511) (win 5.4% | avg 1.4% budget)
  frame.render.hud                 win=  0.873ms avg=  0.873ms p95=  0.955ms max=  1.449ms calls(last=  1,win= 120,total=815) (win 5.2% | avg 5.2% budget)
  gameplay.music                   win=  0.866ms avg=  0.866ms p95=  3.922ms max=  6.155ms calls(last=  1,win= 120,total=1920) (win 5.2% | avg 5.2% budget)
  frame.render.world.effects       win=  0.519ms avg=  0.519ms p95=  0.639ms max=  1.102ms calls(last=  1,win= 120,total=815) (win 3.1% | avg 3.1% budget)
  menu.music                       win=  0.434ms avg=  0.868ms p95=  3.919ms max=  6.154ms calls(last=  2,win= 240,total=3840) (win 2.6% | avg 5.2% budget)
  frame.render.hud.minimap         win=  0.432ms avg=  0.432ms p95=  0.525ms max=  0.862ms calls(last=  1,win= 120,total=815) (win 2.6% | avg 2.6% budget)
  frame.render.world.enemies       win=  0.328ms avg=  0.328ms p95=  0.330ms max=  4.105ms calls(last=  1,win= 120,total=815) (win 2.0% | avg 2.0% budget)
  frame.render.world.enemies.draw  win=  0.299ms avg=  0.299ms p95=  0.303ms max=  4.065ms calls(last=  1,win= 120,total=815) (win 1.8% | avg 1.8% budget)
  frame.render.hud.text            win=  0.225ms avg=  0.225ms p95=  0.264ms max=  0.564ms calls(last=  1,win= 120,total=815) (win 1.4% | avg 1.4% budget)
  enemy.physics.frontal_collisions win=  0.177ms avg=  0.180ms p95=  0.203ms max=  0.482ms calls(last=  1,win= 122,total=485) (win 1.1% | avg 1.1% budget)
  enemy.physics.frontal_grid_build win=  0.124ms avg=  0.126ms p95=  0.149ms max=  0.387ms calls(last=  1,win= 122,total=485) (win 0.7% | avg 0.8% budget)
  enemy.ai.movement                win=  0.120ms avg=  0.587ms p95=  0.801ms max=  1.823ms calls(last=  5,win= 585,total=2338) (win 0.7% | avg 3.5% budget)
  audio.route_step                 win=  0.064ms avg=  0.065ms p95=  0.018ms max=  4.089ms calls(last=  1,win= 122,total=893) (win 0.4% | avg 0.4% budget)
[ENEMY_STATS] frame=1920 alive=45 visible=3 full=5 cheap=40 fullInBase=2 pairs(frontal=0 checks=0 separation=0 resolved=0)
[ENEMY_WINDOW] steps=122 alive[min=42 max=45] visible[min=2 max=3] full[min=3 max=6] collisionPasses[runs=122 skips=0]
[ENEMY_SEGMENTS] window=2.033s D{b/s=4.92 avgLen=5.33 fail=0} T{b/s=0.00 avgLen=0.00 fail=0} H{b/s=0.00 avgLen=0.00 fail=0} A{b/s=0.00 avgLen=0.00 fail=0}
[ENEMY_GRID] frontal{cand/s=287.2 xcell/s=3.4 ins/s=290.7} separation{cand/s=287.2}
[ENEMY_COLLISION_WINDOW] frontal{pairs/s=0.0 checks/s=0.0 baseSkip=0 kill=0(0.0%)} separation{pairs/s=0.0 resolved/s=0.0(0.0%) baseSkip=0 kill=0 wallBlock=0}
[ENEMY_NAV_CACHE] playerCell{changes=0 flowRebuilds=0} flow{hit=0 miss=0 hit%=0.0} pathFallback{calls=0 ok=0 ok%=0.0}
[ENEMY_SAP] updates=5338 active=584 pairs=0 repairs{x=520 y=525}
[ENEMY_PAIR_TYPES] frontal DD=0 DT=0 DH=0 DA=0 TT=0 TH=0 TA=0 HH=0 HA=0 AA=0 separation DD=0 DT=0 DH=0 DA=0 TT=0 TH=0 TA=0 HH=0 HA=0 AA=0
[AUDIO_ROUTE_WINDOW] steps=122 events=8 sounds=6 avg(step ev=0.07 snd=0.05) max(step ev=1 snd=1)
  events{shotP=3 shotE=1 dead=1 spawn=3 base=0 wall=0 start=0 playerExpl=0}
  sounds{shotP=3 shotE=1 dead=1 spawn=1 base=0 wall=0 start=0 playerExpl=0}
[MUSIC_PLAYER_WINDOW] label=menu calls=120 activeCalls=0 buffers=0 avg(buf/call=0.00 active=0.00) max(buf/call=0) upload(total=0.00ms avg=0.000ms max=0.000ms slow=0)
[MUSIC_PLAYER_WINDOW] label=gameplay calls=120 activeCalls=120 buffers=32 avg(buf/call=0.27 active=0.27) max(buf/call=1) upload(total=0.24ms avg=0.007ms max=0.009ms slow=0)

[PROFILE] frame=2040 budget=16.667ms alloc(+91/-91, +7256b/-7256b, live=326512b peak=358368b)
  frame.total                      win= 17.418ms avg= 17.418ms p95= 19.287ms max=106.256ms calls(last=  1,win= 120,total=2040) (win 104.5% | avg 104.5% budget)
  frame.cpu_work                   win= 10.862ms avg= 10.862ms p95= 17.146ms max=104.601ms calls(last=  1,win= 120,total=2040) (win 65.2% | avg 65.2% budget)
  frame.present                    win=  6.540ms avg=  6.540ms p95=  9.280ms max= 36.794ms calls(last=  1,win= 120,total=2040) (win 39.2% | avg 39.2% budget)
  frame.render                     win=  5.561ms avg=  5.561ms p95=  6.320ms max= 24.967ms calls(last=  1,win= 120,total=2040) (win 33.4% | avg 33.4% budget)
  audio.route.removed_enemy_match  win=  3.539ms avg=  0.088ms p95=  0.000ms max=  6.108ms calls(last=  0,win=   3,total=5) (win 21.2% | avg 0.5% budget)
  frame.fixed_step                 win=  3.063ms avg=  3.241ms p95=  5.664ms max=102.340ms calls(last=  1,win= 127,total=2091) (win 18.4% | avg 19.4% budget)
  frame.render.world               win=  2.836ms avg=  2.836ms p95=  3.288ms max=  7.120ms calls(last=  1,win= 120,total=935) (win 17.0% | avg 17.0% budget)
  game.update                      win=  2.819ms avg=  2.983ms p95=  4.819ms max=102.308ms calls(last=  1,win= 127,total=1020) (win 16.9% | avg 17.9% budget)
  system.ai_update                 win=  2.588ms avg=  2.739ms p95=  4.552ms max=  6.251ms calls(last=  1,win= 127,total=958) (win 15.5% | avg 16.4% budget)
  enemy.update                     win=  2.583ms avg=  2.734ms p95=  4.548ms max=  6.245ms calls(last=  1,win= 127,total=958) (win 15.5% | avg 16.4% budget)
  gameplay.music                   win=  2.002ms avg=  2.002ms p95=  8.380ms max= 28.353ms calls(last=  1,win= 120,total=2040) (win 12.0% | avg 12.0% budget)
  frame.render.world.maze          win=  1.064ms avg=  1.064ms p95=  1.212ms max=  3.326ms calls(last=  1,win= 120,total=935) (win 6.4% | avg 6.4% budget)
  menu.music                       win=  1.002ms avg=  2.004ms p95=  8.379ms max= 28.353ms calls(last=  2,win= 240,total=4080) (win 6.0% | avg 12.0% budget)
  music.fill_buffer                win=  0.922ms avg=  0.254ms p95=  0.944ms max=  2.791ms calls(last=  0,win=  33,total=544) (win 5.5% | avg 1.5% budget)
  frame.render.hud                 win=  0.899ms avg=  0.899ms p95=  1.146ms max=  2.460ms calls(last=  1,win= 120,total=935) (win 5.4% | avg 5.4% budget)
  music.update_stream              win=  0.863ms avg=  0.237ms p95=  0.012ms max= 14.139ms calls(last=  0,win=  33,total=544) (win 5.2% | avg 1.4% budget)
  frame.render.world.effects       win=  0.582ms avg=  0.582ms p95=  0.717ms max=  1.336ms calls(last=  1,win= 120,total=935) (win 3.5% | avg 3.5% budget)
  frame.render.hud.minimap         win=  0.442ms avg=  0.442ms p95=  0.556ms max=  1.207ms calls(last=  1,win= 120,total=935) (win 2.7% | avg 2.7% budget)
  frame.render.world.enemies       win=  0.413ms avg=  0.413ms p95=  0.451ms max=  4.105ms calls(last=  1,win= 120,total=935) (win 2.5% | avg 2.5% budget)
  frame.render.world.enemies.draw  win=  0.380ms avg=  0.380ms p95=  0.415ms max=  4.065ms calls(last=  1,win= 120,total=935) (win 2.3% | avg 2.3% budget)
  audio.route_step                 win=  0.233ms avg=  0.246ms p95=  0.148ms max=  7.247ms calls(last=  1,win= 127,total=1020) (win 1.4% | avg 1.5% budget)
  frame.render.hud.text            win=  0.231ms avg=  0.231ms p95=  0.261ms max=  0.618ms calls(last=  1,win= 120,total=935) (win 1.4% | avg 1.4% budget)
  enemy.physics.frontal_collisions win=  0.202ms avg=  0.214ms p95=  0.410ms max=  0.729ms calls(last=  1,win= 127,total=612) (win 1.2% | avg 1.3% budget)
  enemy.physics.frontal_grid_build win=  0.145ms avg=  0.154ms p95=  0.349ms max=  0.666ms calls(last=  1,win= 127,total=612) (win 0.9% | avg 0.9% budget)
[ENEMY_STATS] frame=2040 alive=48 visible=2 full=5 cheap=43 fullInBase=0 pairs(frontal=0 checks=0 separation=0 resolved=0)
[ENEMY_WINDOW] steps=127 alive[min=45 max=49] visible[min=2 max=4] full[min=5 max=7] collisionPasses[runs=127 skips=0]
[ENEMY_SEGMENTS] window=2.117s D{b/s=2.83 avgLen=4.49 fail=0} T{b/s=0.00 avgLen=0.00 fail=0} H{b/s=0.00 avgLen=0.00 fail=0} A{b/s=0.00 avgLen=0.00 fail=0}
[ENEMY_GRID] frontal{cand/s=337.3 xcell/s=3.8 ins/s=341.1} separation{cand/s=337.3}
[ENEMY_COLLISION_WINDOW] frontal{pairs/s=0.0 checks/s=0.0 baseSkip=0 kill=0(0.0%)} separation{pairs/s=0.0 resolved/s=0.0(0.0%) baseSkip=0 kill=0 wallBlock=0}
[ENEMY_NAV_CACHE] playerCell{changes=0 flowRebuilds=0} flow{hit=0 miss=0 hit%=0.0} pathFallback{calls=0 ok=0 ok%=0.0}
[ENEMY_SAP] updates=6055 active=714 pairs=0 repairs{x=1327 y=1363}
[ENEMY_PAIR_TYPES] frontal DD=0 DT=0 DH=0 DA=0 TT=0 TH=0 TA=0 HH=0 HA=0 AA=0 separation DD=0 DT=0 DH=0 DA=0 TT=0 TH=0 TA=0 HH=0 HA=0 AA=0
[AUDIO_ROUTE_WINDOW] steps=127 events=21 sounds=17 avg(step ev=0.17 snd=0.13) max(step ev=2 snd=2)
  events{shotP=9 shotE=0 dead=3 spawn=6 base=0 wall=3 start=0 playerExpl=0}
  sounds{shotP=9 shotE=0 dead=3 spawn=2 base=0 wall=3 start=0 playerExpl=0}
[MUSIC_PLAYER_WINDOW] label=menu calls=120 activeCalls=0 buffers=0 avg(buf/call=0.00 active=0.00) max(buf/call=0) upload(total=0.00ms avg=0.000ms max=0.000ms slow=0)
[MUSIC_PLAYER_WINDOW] label=gameplay calls=120 activeCalls=120 buffers=33 avg(buf/call=0.28 active=0.28) max(buf/call=1) upload(total=28.11ms avg=0.852ms max=14.005ms slow=2)

[PROFILE] frame=2160 budget=16.667ms alloc(+73/-73, +5816b/-5816b, live=326800b peak=358368b)
  frame.total                      win= 17.708ms avg= 17.708ms p95= 22.840ms max=106.256ms calls(last=  1,win= 120,total=2160) (win 106.2% | avg 106.2% budget)
  frame.cpu_work                   win= 11.031ms avg= 11.031ms p95= 20.736ms max=104.601ms calls(last=  1,win= 120,total=2160) (win 66.2% | avg 66.2% budget)
  frame.present                    win=  6.661ms avg=  6.661ms p95=  9.539ms max= 36.794ms calls(last=  1,win= 120,total=2160) (win 40.0% | avg 40.0% budget)
  frame.render                     win=  5.529ms avg=  5.529ms p95=  6.257ms max= 24.967ms calls(last=  1,win= 120,total=2160) (win 33.2% | avg 33.2% budget)
  frame.fixed_step                 win=  2.899ms avg=  3.117ms p95=  5.652ms max=102.340ms calls(last=  1,win= 129,total=2220) (win 17.4% | avg 18.7% budget)
  frame.render.world               win=  2.861ms avg=  2.861ms p95=  3.711ms max=  7.120ms calls(last=  1,win= 120,total=1055) (win 17.2% | avg 17.2% budget)
  game.update                      win=  2.638ms avg=  2.836ms p95=  4.263ms max=102.308ms calls(last=  1,win= 129,total=1149) (win 15.8% | avg 17.0% budget)
  gameplay.music                   win=  2.328ms avg=  2.328ms p95=  9.436ms max= 28.353ms calls(last=  1,win= 120,total=2160) (win 14.0% | avg 14.0% budget)
  system.ai_update                 win=  2.326ms avg=  2.501ms p95=  3.951ms max=  6.251ms calls(last=  1,win= 129,total=1087) (win 14.0% | avg 15.0% budget)
  enemy.update                     win=  2.322ms avg=  2.497ms p95=  3.947ms max=  6.245ms calls(last=  1,win= 129,total=1087) (win 13.9% | avg 15.0% budget)
  music.update_stream              win=  1.466ms avg=  0.403ms p95=  0.012ms max= 14.174ms calls(last=  0,win=  33,total=577) (win 8.8% | avg 2.4% budget)
  menu.music                       win=  1.165ms avg=  2.330ms p95=  9.434ms max= 28.353ms calls(last=  2,win= 240,total=4320) (win 7.0% | avg 14.0% budget)
  frame.render.world.maze          win=  1.032ms avg=  1.032ms p95=  1.120ms max=  3.326ms calls(last=  1,win= 120,total=1055) (win 6.2% | avg 6.2% budget)
  music.fill_buffer                win=  0.912ms avg=  0.251ms p95=  0.938ms max=  2.791ms calls(last=  0,win=  33,total=577) (win 5.5% | avg 1.5% budget)
  frame.render.hud                 win=  0.868ms avg=  0.868ms p95=  0.966ms max=  2.460ms calls(last=  1,win= 120,total=1055) (win 5.2% | avg 5.2% budget)
  frame.render.world.effects       win=  0.668ms avg=  0.668ms p95=  0.958ms max=  1.336ms calls(last=  1,win= 120,total=1055) (win 4.0% | avg 4.0% budget)
  frame.render.hud.minimap         win=  0.422ms avg=  0.422ms p95=  0.468ms max=  1.207ms calls(last=  1,win= 120,total=1055) (win 2.5% | avg 2.5% budget)
  frame.render.world.enemies       win=  0.349ms avg=  0.349ms p95=  0.401ms max=  4.105ms calls(last=  1,win= 120,total=1055) (win 2.1% | avg 2.1% budget)
  frame.render.world.enemies.draw  win=  0.317ms avg=  0.317ms p95=  0.371ms max=  4.065ms calls(last=  1,win= 120,total=1055) (win 1.9% | avg 1.9% budget)
  audio.route_step                 win=  0.250ms avg=  0.269ms p95=  0.073ms max= 10.001ms calls(last=  1,win= 129,total=1149) (win 1.5% | avg 1.6% budget)
  frame.render.hud.text            win=  0.229ms avg=  0.229ms p95=  0.263ms max=  0.618ms calls(last=  1,win= 120,total=1055) (win 1.4% | avg 1.4% budget)
  enemy.physics.frontal_collisions win=  0.204ms avg=  0.219ms p95=  0.397ms max=  0.729ms calls(last=  1,win= 129,total=741) (win 1.2% | avg 1.3% budget)
  system.physics_collision         win=  0.154ms avg=  0.165ms p95=  0.085ms max= 14.231ms calls(last=  1,win= 129,total=1087) (win 0.9% | avg 1.0% budget)
  enemy.physics.frontal_grid_build win=  0.149ms avg=  0.160ms p95=  0.343ms max=  0.666ms calls(last=  1,win= 129,total=741) (win 0.9% | avg 1.0% budget)
[ENEMY_STATS] frame=2160 alive=56 visible=1 full=4 cheap=52 fullInBase=0 pairs(frontal=0 checks=0 separation=0 resolved=0)
[ENEMY_WINDOW] steps=129 alive[min=48 max=56] visible[min=1 max=2] full[min=4 max=5] collisionPasses[runs=129 skips=0]
[ENEMY_SEGMENTS] window=2.150s D{b/s=8.84 avgLen=4.91 fail=0} T{b/s=0.00 avgLen=0.00 fail=0} H{b/s=0.00 avgLen=0.00 fail=0} A{b/s=0.00 avgLen=0.00 fail=0}
[ENEMY_GRID] frontal{cand/s=246.5 xcell/s=3.3 ins/s=249.8} separation{cand/s=246.5}
[ENEMY_COLLISION_WINDOW] frontal{pairs/s=0.0 checks/s=0.0 baseSkip=0 kill=0(0.0%)} separation{pairs/s=0.0 resolved/s=0.0(0.0%) baseSkip=0 kill=0 wallBlock=0}
[ENEMY_NAV_CACHE] playerCell{changes=0 flowRebuilds=0} flow{hit=0 miss=0 hit%=0.0} pathFallback{calls=0 ok=0 ok%=0.0}
[ENEMY_SAP] updates=6708 active=530 pairs=0 repairs{x=993 y=1011}
[ENEMY_PAIR_TYPES] frontal DD=0 DT=0 DH=0 DA=0 TT=0 TH=0 TA=0 HH=0 HA=0 AA=0 separation DD=0 DT=0 DH=0 DA=0 TT=0 TH=0 TA=0 HH=0 HA=0 AA=0
[AUDIO_ROUTE_WINDOW] steps=129 events=21 sounds=14 avg(step ev=0.16 snd=0.11) max(step ev=1 snd=1)
  events{shotP=9 shotE=0 dead=0 spawn=8 base=1 wall=3 start=0 playerExpl=0}
  sounds{shotP=9 shotE=0 dead=0 spawn=1 base=1 wall=3 start=0 playerExpl=0}
[MUSIC_PLAYER_WINDOW] label=menu calls=120 activeCalls=0 buffers=0 avg(buf/call=0.00 active=0.00) max(buf/call=0) upload(total=0.00ms avg=0.000ms max=0.000ms slow=0)
[MUSIC_PLAYER_WINDOW] label=gameplay calls=120 activeCalls=120 buffers=34 avg(buf/call=0.28 active=0.28) max(buf/call=1) upload(total=47.75ms avg=1.404ms max=14.037ms slow=4)

[PROFILE] frame=2280 budget=16.667ms alloc(+37/-37, +2936b/-2936b, live=326992b peak=358368b)
  frame.total                      win= 17.621ms avg= 17.621ms p95= 21.854ms max=106.256ms calls(last=  1,win= 120,total=2280) (win 105.7% | avg 105.7% budget)
  frame.cpu_work                   win= 10.265ms avg= 10.265ms p95= 19.908ms max=104.601ms calls(last=  1,win= 120,total=2280) (win 61.6% | avg 61.6% budget)
  frame.present                    win=  7.340ms avg=  7.340ms p95=  9.904ms max= 36.794ms calls(last=  1,win= 120,total=2280) (win 44.0% | avg 44.0% budget)
  frame.render                     win=  5.324ms avg=  5.324ms p95=  5.839ms max= 24.967ms calls(last=  1,win= 120,total=2280) (win 31.9% | avg 31.9% budget)
  frame.render.world               win=  2.631ms avg=  2.631ms p95=  3.058ms max=  7.120ms calls(last=  1,win= 120,total=1175) (win 15.8% | avg 15.8% budget)
  frame.fixed_step                 win=  2.553ms avg=  2.702ms p95=  4.097ms max=102.340ms calls(last=  1,win= 127,total=2347) (win 15.3% | avg 16.2% budget)
  game.update                      win=  2.411ms avg=  2.551ms p95=  3.733ms max=102.308ms calls(last=  1,win= 127,total=1276) (win 14.5% | avg 15.3% budget)
  gameplay.music                   win=  2.183ms avg=  2.183ms p95=  9.217ms max= 28.353ms calls(last=  1,win= 120,total=2280) (win 13.1% | avg 13.1% budget)
  system.ai_update                 win=  2.181ms avg=  2.309ms p95=  3.513ms max=  6.251ms calls(last=  1,win= 127,total=1214) (win 13.1% | avg 13.9% budget)
  enemy.update                     win=  2.177ms avg=  2.304ms p95=  3.508ms max=  6.245ms calls(last=  1,win= 127,total=1214) (win 13.1% | avg 13.8% budget)
  music.update_stream              win=  1.882ms avg=  0.533ms p95=  0.012ms max= 14.174ms calls(last=  1,win=  34,total=611) (win 11.3% | avg 3.2% budget)
  menu.music                       win=  1.092ms avg=  2.185ms p95=  9.219ms max= 28.353ms calls(last=  2,win= 240,total=4560) (win 6.6% | avg 13.1% budget)
  frame.render.world.maze          win=  1.073ms avg=  1.073ms p95=  1.294ms max=  3.326ms calls(last=  1,win= 120,total=1175) (win 6.4% | avg 6.4% budget)
  music.fill_buffer                win=  0.909ms avg=  0.258ms p95=  0.933ms max=  2.791ms calls(last=  1,win=  34,total=611) (win 5.5% | avg 1.5% budget)
  frame.render.hud                 win=  0.873ms avg=  0.873ms p95=  0.944ms max=  2.460ms calls(last=  1,win= 120,total=1175) (win 5.2% | avg 5.2% budget)
  frame.render.world.effects       win=  0.514ms avg=  0.514ms p95=  0.619ms max=  1.425ms calls(last=  1,win= 120,total=1175) (win 3.1% | avg 3.1% budget)
  frame.render.hud.minimap         win=  0.435ms avg=  0.435ms p95=  0.480ms max=  1.207ms calls(last=  1,win= 120,total=1175) (win 2.6% | avg 2.6% budget)
  frame.render.world.enemies       win=  0.234ms avg=  0.234ms p95=  0.290ms max=  4.105ms calls(last=  1,win= 120,total=1175) (win 1.4% | avg 1.4% budget)
  frame.render.hud.text            win=  0.226ms avg=  0.226ms p95=  0.270ms max=  0.618ms calls(last=  1,win= 120,total=1175) (win 1.4% | avg 1.4% budget)
  enemy.physics.frontal_collisions win=  0.214ms avg=  0.227ms p95=  0.377ms max=  0.729ms calls(last=  1,win= 127,total=868) (win 1.3% | avg 1.4% budget)
  frame.render.world.enemies.draw  win=  0.204ms avg=  0.204ms p95=  0.262ms max=  4.065ms calls(last=  1,win= 120,total=1175) (win 1.2% | avg 1.2% budget)
  enemy.physics.frontal_grid_build win=  0.157ms avg=  0.166ms p95=  0.279ms max=  0.666ms calls(last=  1,win= 127,total=868) (win 0.9% | avg 1.0% budget)
  audio.route_step                 win=  0.131ms avg=  0.138ms p95=  0.019ms max= 10.001ms calls(last=  1,win= 127,total=1276) (win 0.8% | avg 0.8% budget)
  enemy.ai.movement                win=  0.131ms avg=  0.388ms p95=  0.548ms max=  1.823ms calls(last=  2,win= 356,total=3939) (win 0.8% | avg 2.3% budget)
[ENEMY_STATS] frame=2280 alive=60 visible=0 full=2 cheap=58 fullInBase=0 pairs(frontal=0 checks=0 separation=0 resolved=0)
[ENEMY_WINDOW] steps=127 alive[min=55 max=60] visible[min=0 max=1] full[min=2 max=4] collisionPasses[runs=127 skips=0]
[ENEMY_SEGMENTS] window=2.117s D{b/s=5.20 avgLen=5.81 fail=0} T{b/s=0.00 avgLen=0.00 fail=0} H{b/s=0.00 avgLen=0.00 fail=0} A{b/s=0.00 avgLen=0.00 fail=0}
[ENEMY_GRID] frontal{cand/s=167.2 xcell/s=1.9 ins/s=169.1} separation{cand/s=167.2}
[ENEMY_COLLISION_WINDOW] frontal{pairs/s=0.0 checks/s=0.0 baseSkip=0 kill=0(0.0%)} separation{pairs/s=0.0 resolved/s=0.0(0.0%) baseSkip=0 kill=0 wallBlock=0}
[ENEMY_NAV_CACHE] playerCell{changes=0 flowRebuilds=0} flow{hit=0 miss=0 hit%=0.0} pathFallback{calls=0 ok=0 ok%=0.0}
[ENEMY_SAP] updates=7372 active=354 pairs=0 repairs{x=464 y=461}
[ENEMY_PAIR_TYPES] frontal DD=0 DT=0 DH=0 DA=0 TT=0 TH=0 TA=0 HH=0 HA=0 AA=0 separation DD=0 DT=0 DH=0 DA=0 TT=0 TH=0 TA=0 HH=0 HA=0 AA=0
[AUDIO_ROUTE_WINDOW] steps=127 events=11 sounds=7 avg(step ev=0.09 snd=0.06) max(step ev=2 snd=2)
  events{shotP=3 shotE=0 dead=1 spawn=5 base=0 wall=2 start=0 playerExpl=0}
  sounds{shotP=3 shotE=0 dead=1 spawn=1 base=0 wall=2 start=0 playerExpl=0}
[MUSIC_PLAYER_WINDOW] label=menu calls=120 activeCalls=0 buffers=0 avg(buf/call=0.00 active=0.00) max(buf/call=0) upload(total=0.00ms avg=0.000ms max=0.000ms slow=0)
[MUSIC_PLAYER_WINDOW] label=gameplay calls=120 activeCalls=120 buffers=33 avg(buf/call=0.28 active=0.28) max(buf/call=1) upload(total=63.13ms avg=1.913ms max=12.612ms slow=5)

[PROFILE] frame=2400 budget=16.667ms alloc(+18/-18, +1440b/-1440b, live=394512b peak=459752b)
  frame.total                      win= 16.874ms avg= 16.874ms p95= 17.273ms max=106.256ms calls(last=  1,win= 120,total=2400) (win 101.2% | avg 101.2% budget)
  frame.cpu_work                   win=  8.719ms avg=  8.719ms p95= 14.061ms max=104.601ms calls(last=  1,win= 120,total=2400) (win 52.3% | avg 52.3% budget)
  frame.present                    win=  8.139ms avg=  8.139ms p95= 10.314ms max= 36.794ms calls(last=  1,win= 120,total=2400) (win 48.8% | avg 48.8% budget)
  frame.render                     win=  5.218ms avg=  5.218ms p95=  5.501ms max= 24.967ms calls(last=  1,win= 120,total=2400) (win 31.3% | avg 31.3% budget)
  frame.render.world               win=  2.519ms avg=  2.519ms p95=  2.698ms max=  7.120ms calls(last=  1,win= 120,total=1295) (win 15.1% | avg 15.1% budget)
  frame.fixed_step                 win=  2.316ms avg=  2.373ms p95=  3.559ms max=102.340ms calls(last=  1,win= 123,total=2470) (win 13.9% | avg 14.2% budget)
  game.update                      win=  2.295ms avg=  2.353ms p95=  3.538ms max=102.308ms calls(last=  1,win= 123,total=1399) (win 13.8% | avg 14.1% budget)
  system.ai_update                 win=  2.103ms avg=  2.156ms p95=  3.371ms max=  6.251ms calls(last=  1,win= 123,total=1337) (win 12.6% | avg 12.9% budget)
  enemy.update                     win=  2.099ms avg=  2.151ms p95=  3.366ms max=  6.245ms calls(last=  1,win= 123,total=1337) (win 12.6% | avg 12.9% budget)
  gameplay.music                   win=  1.072ms avg=  1.072ms p95=  5.704ms max= 28.353ms calls(last=  1,win= 120,total=2400) (win 6.4% | avg 6.4% budget)
  frame.render.world.maze          win=  1.059ms avg=  1.059ms p95=  1.266ms max=  3.326ms calls(last=  1,win= 120,total=1295) (win 6.4% | avg 6.4% budget)
  music.fill_buffer                win=  0.916ms avg=  0.237ms p95=  0.933ms max=  2.791ms calls(last=  0,win=  31,total=642) (win 5.5% | avg 1.4% budget)
  frame.render.hud                 win=  0.874ms avg=  0.874ms p95=  0.973ms max=  2.460ms calls(last=  1,win= 120,total=1295) (win 5.2% | avg 5.2% budget)
  menu.music                       win=  0.537ms avg=  1.074ms p95=  5.705ms max= 28.353ms calls(last=  2,win= 240,total=4800) (win 3.2% | avg 6.4% budget)
  frame.render.world.effects       win=  0.457ms avg=  0.457ms p95=  0.516ms max=  1.914ms calls(last=  1,win= 120,total=1295) (win 2.7% | avg 2.7% budget)
  frame.render.hud.minimap         win=  0.431ms avg=  0.431ms p95=  0.471ms max=  1.207ms calls(last=  1,win= 120,total=1295) (win 2.6% | avg 2.6% budget)
  enemy.physics.frontal_collisions win=  0.236ms avg=  0.171ms p95=  0.392ms max=  0.729ms calls(last=  0,win=  87,total=955) (win 1.4% | avg 1.0% budget)
  frame.render.hud.text            win=  0.227ms avg=  0.227ms p95=  0.266ms max=  0.618ms calls(last=  1,win= 120,total=1295) (win 1.4% | avg 1.4% budget)
  frame.render.world.enemies       win=  0.214ms avg=  0.214ms p95=  0.245ms max=  4.105ms calls(last=  1,win= 120,total=1295) (win 1.3% | avg 1.3% budget)
  frame.render.world.enemies.draw  win=  0.181ms avg=  0.181ms p95=  0.209ms max=  4.065ms calls(last=  1,win= 120,total=1295) (win 1.1% | avg 1.1% budget)
  enemy.physics.frontal_grid_build win=  0.177ms avg=  0.128ms p95=  0.336ms max=  0.666ms calls(last=  0,win=  87,total=955) (win 1.1% | avg 0.8% budget)
  enemy.ai.movement                win=  0.135ms avg=  0.236ms p95=  0.306ms max=  1.823ms calls(last=  1,win= 210,total=4149) (win 0.8% | avg 1.4% budget)
  system.spawner_update            win=  0.060ms avg=  0.062ms p95=  0.241ms max=  0.566ms calls(last=  1,win= 123,total=1337) (win 0.4% | avg 0.4% budget)
  frame.render.hud.compass         win=  0.054ms avg=  0.054ms p95=  0.055ms max=  0.453ms calls(last=  1,win= 120,total=1295) (win 0.3% | avg 0.3% budget)
[ENEMY_STATS] frame=2400 alive=68 visible=0 full=1 cheap=67 fullInBase=0 pairs(frontal=0 checks=0 separation=0 resolved=0)
[ENEMY_WINDOW] steps=123 alive[min=60 max=68] visible[min=0 max=0] full[min=1 max=2] collisionPasses[runs=86 skips=37]
[ENEMY_SEGMENTS] window=2.050s D{b/s=5.85 avgLen=5.09 fail=0} T{b/s=0.00 avgLen=0.00 fail=0} H{b/s=0.00 avgLen=0.00 fail=0} A{b/s=0.00 avgLen=0.00 fail=0}
[ENEMY_GRID] frontal{cand/s=83.9 xcell/s=1.5 ins/s=85.4} separation{cand/s=83.9}
[ENEMY_COLLISION_WINDOW] frontal{pairs/s=0.0 checks/s=0.0 baseSkip=0 kill=0(0.0%)} separation{pairs/s=0.0 resolved/s=0.0(0.0%) baseSkip=0 kill=0 wallBlock=0}
[ENEMY_NAV_CACHE] playerCell{changes=0 flowRebuilds=0} flow{hit=0 miss=0 hit%=0.0} pathFallback{calls=0 ok=0 ok%=0.0}
[ENEMY_SAP] updates=5451 active=172 pairs=0 repairs{x=402 y=396}
[ENEMY_PAIR_TYPES] frontal DD=0 DT=0 DH=0 DA=0 TT=0 TH=0 TA=0 HH=0 HA=0 AA=0 separation DD=0 DT=0 DH=0 DA=0 TT=0 TH=0 TA=0 HH=0 HA=0 AA=0
[AUDIO_ROUTE_WINDOW] steps=123 events=9 sounds=3 avg(step ev=0.07 snd=0.02) max(step ev=1 snd=1)
  events{shotP=0 shotE=0 dead=0 spawn=8 base=0 wall=1 start=0 playerExpl=0}
  sounds{shotP=0 shotE=0 dead=0 spawn=2 base=0 wall=1 start=0 playerExpl=0}
[MUSIC_PLAYER_WINDOW] label=menu calls=120 activeCalls=0 buffers=0 avg(buf/call=0.00 active=0.00) max(buf/call=0) upload(total=0.00ms avg=0.000ms max=0.000ms slow=0)
[MUSIC_PLAYER_WINDOW] label=gameplay calls=120 activeCalls=120 buffers=32 avg(buf/call=0.27 active=0.27) max(buf/call=1) upload(total=0.25ms avg=0.008ms max=0.009ms slow=0)

[PROFILE] frame=2520 budget=16.667ms alloc(+91/-91, +7256b/-7256b, live=394816b peak=459752b)
  frame.total                      win= 16.866ms avg= 16.866ms p95= 17.203ms max=106.256ms calls(last=  1,win= 120,total=2520) (win 101.2% | avg 101.2% budget)
  frame.present                    win=  8.719ms avg=  8.719ms p95= 10.246ms max= 36.794ms calls(last=  1,win= 120,total=2520) (win 52.3% | avg 52.3% budget)
  frame.cpu_work                   win=  8.132ms avg=  8.132ms p95= 10.574ms max=104.601ms calls(last=  1,win= 120,total=2520) (win 48.8% | avg 48.8% budget)
  frame.render                     win=  5.149ms avg=  5.149ms p95=  5.633ms max= 24.967ms calls(last=  1,win= 120,total=2520) (win 30.9% | avg 30.9% budget)
  frame.render.world               win=  2.495ms avg=  2.495ms p95=  2.742ms max=  7.120ms calls(last=  1,win= 120,total=1415) (win 15.0% | avg 15.0% budget)
  frame.fixed_step                 win=  2.415ms avg=  2.475ms p95=  3.969ms max=102.340ms calls(last=  1,win= 123,total=2593) (win 14.5% | avg 14.9% budget)
  game.update                      win=  2.396ms avg=  2.456ms p95=  3.937ms max=102.308ms calls(last=  1,win= 123,total=1522) (win 14.4% | avg 14.7% budget)
  system.ai_update                 win=  2.203ms avg=  2.258ms p95=  3.643ms max=  6.251ms calls(last=  1,win= 123,total=1460) (win 13.2% | avg 13.5% budget)
  enemy.update                     win=  2.198ms avg=  2.253ms p95=  3.633ms max=  6.245ms calls(last=  1,win= 123,total=1460) (win 13.2% | avg 13.5% budget)
  frame.render.world.maze          win=  1.033ms avg=  1.033ms p95=  1.116ms max=  3.326ms calls(last=  1,win= 120,total=1415) (win 6.2% | avg 6.2% budget)
  music.fill_buffer                win=  0.920ms avg=  0.245ms p95=  0.939ms max=  2.791ms calls(last=  0,win=  32,total=674) (win 5.5% | avg 1.5% budget)
  frame.render.hud                 win=  0.861ms avg=  0.861ms p95=  0.923ms max=  2.460ms calls(last=  1,win= 120,total=1415) (win 5.2% | avg 5.2% budget)
  frame.render.world.effects       win=  0.462ms avg=  0.462ms p95=  0.568ms max=  1.914ms calls(last=  1,win= 120,total=1415) (win 2.8% | avg 2.8% budget)
  gameplay.music                   win=  0.451ms avg=  0.451ms p95=  2.562ms max= 28.353ms calls(last=  1,win= 120,total=2520) (win 2.7% | avg 2.7% budget)
  frame.render.hud.minimap         win=  0.423ms avg=  0.423ms p95=  0.465ms max=  1.207ms calls(last=  1,win= 120,total=1415) (win 2.5% | avg 2.5% budget)
  enemy.physics.frontal_collisions win=  0.282ms avg=  0.080ms p95=  0.264ms max=  0.729ms calls(last=  1,win=  34,total=989) (win 1.7% | avg 0.5% budget)
  frame.render.hud.text            win=  0.227ms avg=  0.227ms p95=  0.269ms max=  0.618ms calls(last=  1,win= 120,total=1415) (win 1.4% | avg 1.4% budget)
  menu.music                       win=  0.227ms avg=  0.454ms p95=  2.565ms max= 28.353ms calls(last=  2,win= 240,total=5040) (win 1.4% | avg 2.7% budget)
  frame.render.world.enemies       win=  0.212ms avg=  0.212ms p95=  0.258ms max=  4.105ms calls(last=  1,win= 120,total=1415) (win 1.3% | avg 1.3% budget)
  enemy.physics.frontal_grid_build win=  0.206ms avg=  0.058ms p95=  0.183ms max=  0.666ms calls(last=  1,win=  34,total=989) (win 1.2% | avg 0.4% budget)
  frame.render.world.enemies.draw  win=  0.177ms avg=  0.177ms p95=  0.218ms max=  4.065ms calls(last=  1,win= 120,total=1415) (win 1.1% | avg 1.1% budget)
  enemy.ai.movement                win=  0.132ms avg=  0.285ms p95=  0.641ms max=  1.823ms calls(last=  5,win= 259,total=4408) (win 0.8% | avg 1.7% budget)
  system.spawner_update            win=  0.064ms avg=  0.066ms p95=  0.230ms max=  0.635ms calls(last=  1,win= 123,total=1460) (win 0.4% | avg 0.4% budget)
  frame.render.hud.lives           win=  0.052ms avg=  0.052ms p95=  0.053ms max=  0.210ms calls(last=  1,win= 120,total=1415) (win 0.3% | avg 0.3% budget)
[ENEMY_STATS] frame=2520 alive=74 visible=0 full=5 cheap=69 fullInBase=1 pairs(frontal=0 checks=0 separation=0 resolved=0)
[ENEMY_WINDOW] steps=123 alive[min=68 max=74] visible[min=0 max=0] full[min=1 max=5] collisionPasses[runs=35 skips=88]
[ENEMY_SEGMENTS] window=2.050s D{b/s=7.80 avgLen=4.82 fail=0} T{b/s=0.00 avgLen=0.00 fail=0} H{b/s=0.00 avgLen=0.00 fail=0} A{b/s=0.00 avgLen=0.00 fail=0}
[ENEMY_GRID] frontal{cand/s=85.4 xcell/s=1.0 ins/s=86.3} separation{cand/s=85.4}
[ENEMY_COLLISION_WINDOW] frontal{pairs/s=0.0 checks/s=0.0 baseSkip=0 kill=0(0.0%)} separation{pairs/s=0.0 resolved/s=0.0(0.0%) baseSkip=0 kill=0 wallBlock=0}
[ENEMY_NAV_CACHE] playerCell{changes=0 flowRebuilds=0} flow{hit=0 miss=0 hit%=0.0} pathFallback{calls=0 ok=0 ok%=0.0}
[ENEMY_SAP] updates=2566 active=175 pairs=0 repairs{x=508 y=520}
[ENEMY_PAIR_TYPES] frontal DD=0 DT=0 DH=0 DA=0 TT=0 TH=0 TA=0 HH=0 HA=0 AA=0 separation DD=0 DT=0 DH=0 DA=0 TT=0 TH=0 TA=0 HH=0 HA=0 AA=0
[AUDIO_ROUTE_WINDOW] steps=123 events=6 sounds=1 avg(step ev=0.05 snd=0.01) max(step ev=1 snd=1)
  events{shotP=0 shotE=0 dead=0 spawn=6 base=0 wall=0 start=0 playerExpl=0}
  sounds{shotP=0 shotE=0 dead=0 spawn=1 base=0 wall=0 start=0 playerExpl=0}
[MUSIC_PLAYER_WINDOW] label=menu calls=120 activeCalls=0 buffers=0 avg(buf/call=0.00 active=0.00) max(buf/call=0) upload(total=0.00ms avg=0.000ms max=0.000ms slow=0)
[MUSIC_PLAYER_WINDOW] label=gameplay calls=120 activeCalls=120 buffers=32 avg(buf/call=0.27 active=0.27) max(buf/call=1) upload(total=0.24ms avg=0.007ms max=0.009ms slow=0)

[PROFILE] frame=2640 budget=16.667ms alloc(+156/-156, +12336b/-12336b, live=395312b peak=459752b)
  frame.total                      win= 16.866ms avg= 16.866ms p95= 17.390ms max=106.256ms calls(last=  1,win= 120,total=2640) (win 101.2% | avg 101.2% budget)
  frame.cpu_work                   win=  9.322ms avg=  9.322ms p95= 11.516ms max=104.601ms calls(last=  1,win= 120,total=2640) (win 55.9% | avg 55.9% budget)
  frame.present                    win=  7.529ms avg=  7.529ms p95=  9.300ms max= 36.794ms calls(last=  1,win= 120,total=2640) (win 45.2% | avg 45.2% budget)
  frame.render                     win=  5.168ms avg=  5.168ms p95=  5.660ms max= 24.967ms calls(last=  1,win= 120,total=2640) (win 31.0% | avg 31.0% budget)
  frame.fixed_step                 win=  3.698ms avg=  3.759ms p95=  5.659ms max=102.340ms calls(last=  1,win= 122,total=2715) (win 22.2% | avg 22.6% budget)
  game.update                      win=  3.679ms avg=  3.740ms p95=  5.642ms max=102.308ms calls(last=  1,win= 122,total=1644) (win 22.1% | avg 22.4% budget)
  system.ai_update                 win=  3.480ms avg=  3.538ms p95=  5.468ms max=  6.837ms calls(last=  1,win= 122,total=1582) (win 20.9% | avg 21.2% budget)
  enemy.update                     win=  3.476ms avg=  3.534ms p95=  5.464ms max=  6.829ms calls(last=  1,win= 122,total=1582) (win 20.9% | avg 21.2% budget)
  frame.render.world               win=  2.501ms avg=  2.501ms p95=  2.877ms max=  7.120ms calls(last=  1,win= 120,total=1535) (win 15.0% | avg 15.0% budget)
  frame.render.world.maze          win=  0.996ms avg=  0.996ms p95=  1.085ms max=  3.326ms calls(last=  1,win= 120,total=1535) (win 6.0% | avg 6.0% budget)
  music.fill_buffer                win=  0.938ms avg=  0.250ms p95=  0.972ms max=  2.791ms calls(last=  0,win=  32,total=706) (win 5.6% | avg 1.5% budget)
  frame.render.hud                 win=  0.862ms avg=  0.862ms p95=  0.925ms max=  2.460ms calls(last=  1,win= 120,total=1535) (win 5.2% | avg 5.2% budget)
  frame.render.world.effects       win=  0.480ms avg=  0.480ms p95=  0.657ms max=  1.914ms calls(last=  1,win= 120,total=1535) (win 2.9% | avg 2.9% budget)
  frame.render.hud.minimap         win=  0.424ms avg=  0.424ms p95=  0.468ms max=  1.207ms calls(last=  1,win= 120,total=1535) (win 2.5% | avg 2.5% budget)
  gameplay.music                   win=  0.339ms avg=  0.339ms p95=  1.050ms max= 28.353ms calls(last=  1,win= 120,total=2640) (win 2.0% | avg 2.0% budget)
  enemy.physics.frontal_collisions win=  0.280ms avg=  0.284ms p95=  0.481ms max=  0.815ms calls(last=  1,win= 122,total=1111) (win 1.7% | avg 1.7% budget)
  frame.render.world.enemies       win=  0.247ms avg=  0.247ms p95=  0.283ms max=  4.105ms calls(last=  1,win= 120,total=1535) (win 1.5% | avg 1.5% budget)
  frame.render.hud.text            win=  0.225ms avg=  0.225ms p95=  0.260ms max=  0.618ms calls(last=  1,win= 120,total=1535) (win 1.4% | avg 1.4% budget)
  frame.render.world.enemies.draw  win=  0.211ms avg=  0.211ms p95=  0.247ms max=  4.065ms calls(last=  1,win= 120,total=1535) (win 1.3% | avg 1.3% budget)
  enemy.physics.frontal_grid_build win=  0.209ms avg=  0.212ms p95=  0.362ms max=  0.735ms calls(last=  1,win= 122,total=1111) (win 1.3% | avg 1.3% budget)
  menu.music                       win=  0.170ms avg=  0.341ms p95=  1.140ms max= 28.353ms calls(last=  2,win= 240,total=5280) (win 1.0% | avg 2.0% budget)
  enemy.ai.movement                win=  0.115ms avg=  0.927ms p95=  1.223ms max=  2.244ms calls(last=  9,win= 970,total=5378) (win 0.7% | avg 5.6% budget)
  system.spawner_update            win=  0.064ms avg=  0.066ms p95=  0.234ms max=  0.635ms calls(last=  1,win= 122,total=1582) (win 0.4% | avg 0.4% budget)
  frame.render.hud.lives           win=  0.054ms avg=  0.054ms p95=  0.053ms max=  0.210ms calls(last=  1,win= 120,total=1535) (win 0.3% | avg 0.3% budget)
[ENEMY_STATS] frame=2640 alive=79 visible=1 full=9 cheap=70 fullInBase=1 pairs(frontal=0 checks=0 separation=0 resolved=0)
[ENEMY_WINDOW] steps=122 alive[min=74 max=79] visible[min=0 max=1] full[min=5 max=10] collisionPasses[runs=122 skips=0]
[ENEMY_SEGMENTS] window=2.033s D{b/s=6.89 avgLen=5.55 fail=0} T{b/s=0.00 avgLen=0.00 fail=0} H{b/s=0.00 avgLen=0.00 fail=0} A{b/s=0.00 avgLen=0.00 fail=0}
[ENEMY_GRID] frontal{cand/s=479.0 xcell/s=3.0 ins/s=482.0} separation{cand/s=479.0}
[ENEMY_COLLISION_WINDOW] frontal{pairs/s=0.0 checks/s=0.0 baseSkip=0 kill=0(0.0%)} separation{pairs/s=0.0 resolved/s=0.0(0.0%) baseSkip=0 kill=0 wallBlock=0}
[ENEMY_NAV_CACHE] playerCell{changes=0 flowRebuilds=0} flow{hit=0 miss=0 hit%=0.0} pathFallback{calls=0 ok=0 ok%=0.0}
[ENEMY_SAP] updates=9345 active=974 pairs=0 repairs{x=1808 y=1822}
[ENEMY_PAIR_TYPES] frontal DD=0 DT=0 DH=0 DA=0 TT=0 TH=0 TA=0 HH=0 HA=0 AA=0 separation DD=0 DT=0 DH=0 DA=0 TT=0 TH=0 TA=0 HH=0 HA=0 AA=0
[AUDIO_ROUTE_WINDOW] steps=122 events=5 sounds=1 avg(step ev=0.04 snd=0.01) max(step ev=1 snd=1)
  events{shotP=0 shotE=0 dead=0 spawn=5 base=0 wall=0 start=0 playerExpl=0}
  sounds{shotP=0 shotE=0 dead=0 spawn=1 base=0 wall=0 start=0 playerExpl=0}
[MUSIC_PLAYER_WINDOW] label=menu calls=120 activeCalls=0 buffers=0 avg(buf/call=0.00 active=0.00) max(buf/call=0) upload(total=0.00ms avg=0.000ms max=0.000ms slow=0)
[MUSIC_PLAYER_WINDOW] label=gameplay calls=120 activeCalls=120 buffers=32 avg(buf/call=0.27 active=0.27) max(buf/call=1) upload(total=0.24ms avg=0.007ms max=0.009ms slow=0)

[PROFILE] frame=2760 budget=16.667ms alloc(+181/-181, +14456b/-14456b, live=395472b peak=459752b)
  frame.total                      win= 16.906ms avg= 16.906ms p95= 17.420ms max=106.256ms calls(last=  1,win= 120,total=2760) (win 101.4% | avg 101.4% budget)
  frame.cpu_work                   win= 10.114ms avg= 10.114ms p95= 13.982ms max=104.601ms calls(last=  1,win= 120,total=2760) (win 60.7% | avg 60.7% budget)
  frame.present                    win=  6.777ms avg=  6.777ms p95=  8.421ms max= 36.794ms calls(last=  1,win= 120,total=2760) (win 40.7% | avg 40.7% budget)
  frame.render                     win=  5.303ms avg=  5.303ms p95=  5.709ms max= 24.967ms calls(last=  1,win= 120,total=2760) (win 31.8% | avg 31.8% budget)
  frame.fixed_step                 win=  4.152ms avg=  4.256ms p95=  6.151ms max=102.340ms calls(last=  1,win= 123,total=2838) (win 24.9% | avg 25.5% budget)
  game.update                      win=  4.116ms avg=  4.219ms p95=  5.749ms max=102.308ms calls(last=  1,win= 123,total=1767) (win 24.7% | avg 25.3% budget)
  system.ai_update                 win=  3.897ms avg=  3.994ms p95=  5.547ms max=  8.277ms calls(last=  1,win= 123,total=1705) (win 23.4% | avg 24.0% budget)
  enemy.update                     win=  3.893ms avg=  3.990ms p95=  5.543ms max=  8.270ms calls(last=  1,win= 123,total=1705) (win 23.4% | avg 23.9% budget)
  frame.render.world               win=  2.630ms avg=  2.630ms p95=  2.946ms max= 10.392ms calls(last=  1,win= 120,total=1655) (win 15.8% | avg 15.8% budget)
  frame.render.world.maze          win=  1.022ms avg=  1.022ms p95=  1.245ms max=  3.326ms calls(last=  1,win= 120,total=1655) (win 6.1% | avg 6.1% budget)
  music.fill_buffer                win=  0.908ms avg=  0.242ms p95=  0.928ms max=  2.791ms calls(last=  0,win=  32,total=738) (win 5.4% | avg 1.5% budget)
  frame.render.hud                 win=  0.865ms avg=  0.865ms p95=  0.929ms max=  2.460ms calls(last=  1,win= 120,total=1655) (win 5.2% | avg 5.2% budget)
  frame.render.world.effects       win=  0.505ms avg=  0.505ms p95=  0.604ms max=  1.914ms calls(last=  1,win= 120,total=1655) (win 3.0% | avg 3.0% budget)
  gameplay.music                   win=  0.497ms avg=  0.497ms p95=  2.457ms max= 28.353ms calls(last=  1,win= 120,total=2760) (win 3.0% | avg 3.0% budget)
  frame.render.hud.minimap         win=  0.423ms avg=  0.423ms p95=  0.464ms max=  1.207ms calls(last=  1,win= 120,total=1655) (win 2.5% | avg 2.5% budget)
  enemy.physics.frontal_collisions win=  0.301ms avg=  0.309ms p95=  0.530ms max=  0.816ms calls(last=  1,win= 123,total=1234) (win 1.8% | avg 1.9% budget)
  frame.render.world.enemies       win=  0.269ms avg=  0.269ms p95=  0.335ms max=  4.105ms calls(last=  1,win= 120,total=1655) (win 1.6% | avg 1.6% budget)
  menu.music                       win=  0.250ms avg=  0.500ms p95=  2.457ms max= 28.353ms calls(last=  2,win= 240,total=5520) (win 1.5% | avg 3.0% budget)
  frame.render.hud.text            win=  0.230ms avg=  0.230ms p95=  0.278ms max=  0.618ms calls(last=  1,win= 120,total=1655) (win 1.4% | avg 1.4% budget)
  frame.render.world.enemies.draw  win=  0.229ms avg=  0.229ms p95=  0.294ms max=  4.065ms calls(last=  1,win= 120,total=1655) (win 1.4% | avg 1.4% budget)
  enemy.physics.frontal_grid_build win=  0.225ms avg=  0.231ms p95=  0.442ms max=  0.739ms calls(last=  1,win= 123,total=1234) (win 1.4% | avg 1.4% budget)
  enemy.ai.movement                win=  0.114ms avg=  1.098ms p95=  1.251ms max=  2.257ms calls(last= 10,win=1159,total=6537) (win 0.7% | avg 6.6% budget)
  system.spawner_update            win=  0.066ms avg=  0.068ms p95=  0.232ms max=  0.635ms calls(last=  1,win= 123,total=1705) (win 0.4% | avg 0.4% budget)
  frame.render.hud.lives           win=  0.055ms avg=  0.055ms p95=  0.054ms max=  0.312ms calls(last=  1,win= 120,total=1655) (win 0.3% | avg 0.3% budget)
[ENEMY_STATS] frame=2760 alive=84 visible=2 full=10 cheap=74 fullInBase=1 pairs(frontal=0 checks=0 separation=0 resolved=0)
[ENEMY_WINDOW] steps=123 alive[min=79 max=84] visible[min=1 max=2] full[min=9 max=10] collisionPasses[runs=123 skips=0]
[ENEMY_SEGMENTS] window=2.050s D{b/s=5.37 avgLen=5.24 fail=0} T{b/s=0.00 avgLen=0.00 fail=0} H{b/s=0.00 avgLen=0.00 fail=0} A{b/s=0.00 avgLen=0.00 fail=0}
[ENEMY_GRID] frontal{cand/s=565.9 xcell/s=2.0 ins/s=567.8} separation{cand/s=565.9}
[ENEMY_COLLISION_WINDOW] frontal{pairs/s=0.0 checks/s=0.0 baseSkip=0 kill=0(0.0%)} separation{pairs/s=0.0 resolved/s=0.0(0.0%) baseSkip=0 kill=0 wallBlock=0}
[ENEMY_NAV_CACHE] playerCell{changes=0 flowRebuilds=0} flow{hit=0 miss=0 hit%=0.0} pathFallback{calls=0 ok=0 ok%=0.0}
[ENEMY_SAP] updates=10018 active=1160 pairs=0 repairs{x=1930 y=1907}
[ENEMY_PAIR_TYPES] frontal DD=0 DT=0 DH=0 DA=0 TT=0 TH=0 TA=0 HH=0 HA=0 AA=0 separation DD=0 DT=0 DH=0 DA=0 TT=0 TH=0 TA=0 HH=0 HA=0 AA=0
[AUDIO_ROUTE_WINDOW] steps=123 events=8 sounds=4 avg(step ev=0.07 snd=0.03) max(step ev=1 snd=1)
  events{shotP=0 shotE=2 dead=0 spawn=5 base=0 wall=1 start=0 playerExpl=0}
  sounds{shotP=0 shotE=2 dead=0 spawn=1 base=0 wall=1 start=0 playerExpl=0}
[MUSIC_PLAYER_WINDOW] label=menu calls=120 activeCalls=0 buffers=0 avg(buf/call=0.00 active=0.00) max(buf/call=0) upload(total=0.00ms avg=0.000ms max=0.000ms slow=0)
[MUSIC_PLAYER_WINDOW] label=gameplay calls=120 activeCalls=120 buffers=32 avg(buf/call=0.27 active=0.27) max(buf/call=1) upload(total=0.28ms avg=0.009ms max=0.054ms slow=0)

[PROFILE] frame=2880 budget=16.667ms alloc(+181/-181, +14456b/-14456b, live=395680b peak=459752b)
  frame.total                      win= 16.922ms avg= 16.922ms p95= 17.451ms max=106.256ms calls(last=  1,win= 120,total=2880) (win 101.5% | avg 101.5% budget)
  frame.cpu_work                   win= 10.840ms avg= 10.840ms p95= 14.519ms max=104.601ms calls(last=  1,win= 120,total=2880) (win 65.0% | avg 65.0% budget)
  frame.present                    win=  6.066ms avg=  6.066ms p95=  7.546ms max= 36.794ms calls(last=  1,win= 120,total=2880) (win 36.4% | avg 36.4% budget)
  frame.render                     win=  5.418ms avg=  5.418ms p95=  5.843ms max= 24.967ms calls(last=  1,win= 120,total=2880) (win 32.5% | avg 32.5% budget)
  frame.fixed_step                 win=  4.648ms avg=  4.764ms p95=  6.536ms max=102.340ms calls(last=  1,win= 123,total=2961) (win 27.9% | avg 28.6% budget)
  game.update                      win=  4.629ms avg=  4.744ms p95=  6.518ms max=102.308ms calls(last=  1,win= 123,total=1890) (win 27.8% | avg 28.5% budget)
  system.ai_update                 win=  4.390ms avg=  4.500ms p95=  6.245ms max=  9.940ms calls(last=  1,win= 123,total=1828) (win 26.3% | avg 27.0% budget)
  enemy.update                     win=  4.386ms avg=  4.495ms p95=  6.241ms max=  9.932ms calls(last=  1,win= 123,total=1828) (win 26.3% | avg 27.0% budget)
  frame.render.world               win=  2.709ms avg=  2.709ms p95=  3.009ms max= 10.392ms calls(last=  1,win= 120,total=1775) (win 16.3% | avg 16.3% budget)
  frame.render.world.maze          win=  1.070ms avg=  1.070ms p95=  1.143ms max=  3.326ms calls(last=  1,win= 120,total=1775) (win 6.4% | avg 6.4% budget)
  music.fill_buffer                win=  0.914ms avg=  0.244ms p95=  0.934ms max=  2.791ms calls(last=  0,win=  32,total=770) (win 5.5% | avg 1.5% budget)
  frame.render.hud                 win=  0.869ms avg=  0.869ms p95=  0.959ms max=  2.460ms calls(last=  1,win= 120,total=1775) (win 5.2% | avg 5.2% budget)
  gameplay.music                   win=  0.601ms avg=  0.601ms p95=  3.079ms max= 28.353ms calls(last=  1,win= 120,total=2880) (win 3.6% | avg 3.6% budget)
  frame.render.world.effects       win=  0.531ms avg=  0.531ms p95=  0.706ms max=  1.914ms calls(last=  1,win= 120,total=1775) (win 3.2% | avg 3.2% budget)
  frame.render.hud.minimap         win=  0.429ms avg=  0.429ms p95=  0.491ms max=  1.207ms calls(last=  1,win= 120,total=1775) (win 2.6% | avg 2.6% budget)
  frame.render.world.enemies       win=  0.328ms avg=  0.328ms p95=  0.380ms max=  4.105ms calls(last=  1,win= 120,total=1775) (win 2.0% | avg 2.0% budget)
  enemy.physics.frontal_collisions win=  0.322ms avg=  0.330ms p95=  0.608ms max=  0.889ms calls(last=  1,win= 123,total=1357) (win 1.9% | avg 2.0% budget)
  menu.music                       win=  0.302ms avg=  0.603ms p95=  3.081ms max= 28.353ms calls(last=  2,win= 240,total=5760) (win 1.8% | avg 3.6% budget)
  frame.render.world.enemies.draw  win=  0.283ms avg=  0.283ms p95=  0.335ms max=  4.065ms calls(last=  1,win= 120,total=1775) (win 1.7% | avg 1.7% budget)
  enemy.physics.frontal_grid_build win=  0.239ms avg=  0.245ms p95=  0.428ms max=  0.784ms calls(last=  1,win= 123,total=1357) (win 1.4% | avg 1.5% budget)
  frame.render.hud.text            win=  0.227ms avg=  0.227ms p95=  0.262ms max=  0.618ms calls(last=  1,win= 120,total=1775) (win 1.4% | avg 1.4% budget)
  enemy.ai.movement                win=  0.116ms avg=  1.189ms p95=  1.355ms max=  2.448ms calls(last= 10,win=1230,total=7767) (win 0.7% | avg 7.1% budget)
  system.spawner_update            win=  0.070ms avg=  0.071ms p95=  0.240ms max=  0.635ms calls(last=  1,win= 123,total=1828) (win 0.4% | avg 0.4% budget)
  system.physics_collision         win=  0.057ms avg=  0.059ms p95=  0.082ms max= 14.231ms calls(last=  1,win= 123,total=1828) (win 0.3% | avg 0.4% budget)
[ENEMY_STATS] frame=2880 alive=90 visible=4 full=10 cheap=80 fullInBase=1 pairs(frontal=0 checks=0 separation=0 resolved=0)
[ENEMY_WINDOW] steps=123 alive[min=84 max=90] visible[min=2 max=4] full[min=10 max=10] collisionPasses[runs=123 skips=0]
[ENEMY_SEGMENTS] window=2.050s D{b/s=7.80 avgLen=5.53 fail=0} T{b/s=0.00 avgLen=0.00 fail=0} H{b/s=0.00 avgLen=0.00 fail=0} A{b/s=0.00 avgLen=0.00 fail=0}
[ENEMY_GRID] frontal{cand/s=600.0 xcell/s=3.4 ins/s=603.4} separation{cand/s=600.0}
[ENEMY_COLLISION_WINDOW] frontal{pairs/s=5.4 checks/s=5.4 baseSkip=0 kill=0(0.0%)} separation{pairs/s=5.4 resolved/s=0.0(0.0%) baseSkip=0 kill=0 wallBlock=0}
[ENEMY_NAV_CACHE] playerCell{changes=0 flowRebuilds=0} flow{hit=0 miss=0 hit%=0.0} pathFallback{calls=0 ok=0 ok%=0.0}
[ENEMY_SAP] updates=10795 active=1230 pairs=11 repairs{x=2109 y=2083}
[ENEMY_PAIR_TYPES] frontal DD=0 DT=11 DH=0 DA=0 TT=0 TH=0 TA=0 HH=0 HA=0 AA=0 separation DD=0 DT=11 DH=0 DA=0 TT=0 TH=0 TA=0 HH=0 HA=0 AA=0
[AUDIO_ROUTE_WINDOW] steps=123 events=9 sounds=3 avg(step ev=0.07 snd=0.02) max(step ev=2 snd=1)
  events{shotP=0 shotE=2 dead=0 spawn=6 base=0 wall=1 start=0 playerExpl=0}
  sounds{shotP=0 shotE=2 dead=0 spawn=0 base=0 wall=1 start=0 playerExpl=0}
[MUSIC_PLAYER_WINDOW] label=menu calls=120 activeCalls=0 buffers=0 avg(buf/call=0.00 active=0.00) max(buf/call=0) upload(total=0.00ms avg=0.000ms max=0.000ms slow=0)
[MUSIC_PLAYER_WINDOW] label=gameplay calls=120 activeCalls=120 buffers=32 avg(buf/call=0.27 active=0.27) max(buf/call=1) upload(total=0.25ms avg=0.008ms max=0.011ms slow=0)

[PROFILE] frame=3000 budget=16.667ms alloc(+192/-192, +18160b/-18144b, live=395824b peak=459752b)
  frame.total                      win= 16.894ms avg= 16.894ms p95= 17.357ms max=106.256ms calls(last=  1,win= 120,total=3000) (win 101.4% | avg 101.4% budget)
  frame.cpu_work                   win= 10.513ms avg= 10.513ms p95= 12.967ms max=104.601ms calls(last=  1,win= 120,total=3000) (win 63.1% | avg 63.1% budget)
  frame.present                    win=  6.366ms avg=  6.366ms p95=  7.686ms max= 36.794ms calls(last=  1,win= 120,total=3000) (win 38.2% | avg 38.2% budget)
  frame.render                     win=  5.455ms avg=  5.455ms p95=  5.958ms max= 24.967ms calls(last=  1,win= 120,total=3000) (win 32.7% | avg 32.7% budget)
  frame.fixed_step                 win=  4.505ms avg=  4.618ms p95=  6.195ms max=102.340ms calls(last=  1,win= 123,total=3084) (win 27.0% | avg 27.7% budget)
  game.update                      win=  4.484ms avg=  4.597ms p95=  6.177ms max=102.308ms calls(last=  1,win= 123,total=2013) (win 26.9% | avg 27.6% budget)
  system.ai_update                 win=  4.245ms avg=  4.351ms p95=  5.957ms max=  9.940ms calls(last=  1,win= 123,total=1951) (win 25.5% | avg 26.1% budget)
  enemy.update                     win=  4.241ms avg=  4.347ms p95=  5.952ms max=  9.932ms calls(last=  1,win= 123,total=1951) (win 25.4% | avg 26.1% budget)
  frame.render.world               win=  2.769ms avg=  2.769ms p95=  3.150ms max= 10.392ms calls(last=  1,win= 120,total=1895) (win 16.6% | avg 16.6% budget)
  frame.render.world.maze          win=  1.127ms avg=  1.127ms p95=  1.354ms max=  3.326ms calls(last=  1,win= 120,total=1895) (win 6.8% | avg 6.8% budget)
  music.fill_buffer                win=  0.923ms avg=  0.246ms p95=  0.954ms max=  2.791ms calls(last=  0,win=  32,total=802) (win 5.5% | avg 1.5% budget)
  frame.render.hud                 win=  0.875ms avg=  0.875ms p95=  1.075ms max=  2.460ms calls(last=  1,win= 120,total=1895) (win 5.2% | avg 5.2% budget)
  frame.render.world.effects       win=  0.535ms avg=  0.535ms p95=  0.696ms max=  1.914ms calls(last=  1,win= 120,total=1895) (win 3.2% | avg 3.2% budget)
  frame.render.hud.minimap         win=  0.431ms avg=  0.431ms p95=  0.476ms max=  1.207ms calls(last=  1,win= 120,total=1895) (win 2.6% | avg 2.6% budget)
  gameplay.music                   win=  0.384ms avg=  0.384ms p95=  1.071ms max= 28.353ms calls(last=  1,win= 120,total=3000) (win 2.3% | avg 2.3% budget)
  frame.render.world.enemies       win=  0.335ms avg=  0.335ms p95=  0.384ms max=  4.105ms calls(last=  1,win= 120,total=1895) (win 2.0% | avg 2.0% budget)
  enemy.physics.frontal_collisions win=  0.326ms avg=  0.334ms p95=  0.575ms max=  0.889ms calls(last=  1,win= 123,total=1480) (win 2.0% | avg 2.0% budget)
  frame.render.world.enemies.draw  win=  0.288ms avg=  0.288ms p95=  0.336ms max=  4.065ms calls(last=  1,win= 120,total=1895) (win 1.7% | avg 1.7% budget)
  enemy.physics.frontal_grid_build win=  0.247ms avg=  0.253ms p95=  0.443ms max=  0.784ms calls(last=  1,win= 123,total=1480) (win 1.5% | avg 1.5% budget)
  frame.render.hud.text            win=  0.231ms avg=  0.231ms p95=  0.272ms max=  0.618ms calls(last=  1,win= 120,total=1895) (win 1.4% | avg 1.4% budget)
  menu.music                       win=  0.193ms avg=  0.386ms p95=  1.124ms max= 28.353ms calls(last=  2,win= 240,total=6000) (win 1.2% | avg 2.3% budget)
  enemy.ai.movement                win=  0.113ms avg=  1.158ms p95=  1.217ms max=  2.448ms calls(last= 10,win=1230,total=8997) (win 0.7% | avg 6.9% budget)
  system.spawner_update            win=  0.068ms avg=  0.070ms p95=  0.231ms max=  0.635ms calls(last=  1,win= 123,total=1951) (win 0.4% | avg 0.4% budget)
  system.physics_collision         win=  0.062ms avg=  0.064ms p95=  0.091ms max= 14.231ms calls(last=  1,win= 123,total=1951) (win 0.4% | avg 0.4% budget)
[ENEMY_STATS] frame=3000 alive=94 visible=3 full=10 cheap=84 fullInBase=0 pairs(frontal=0 checks=0 separation=0 resolved=0)
[ENEMY_WINDOW] steps=123 alive[min=90 max=94] visible[min=3 max=4] full[min=10 max=10] collisionPasses[runs=123 skips=0]
[ENEMY_SEGMENTS] window=2.050s D{b/s=6.83 avgLen=3.83 fail=0} T{b/s=0.00 avgLen=0.00 fail=0} H{b/s=0.00 avgLen=0.00 fail=0} A{b/s=0.00 avgLen=0.00 fail=0}
[ENEMY_GRID] frontal{cand/s=600.0 xcell/s=2.9 ins/s=602.9} separation{cand/s=600.0}
[ENEMY_COLLISION_WINDOW] frontal{pairs/s=0.0 checks/s=0.0 baseSkip=0 kill=0(0.0%)} separation{pairs/s=0.0 resolved/s=0.0(0.0%) baseSkip=0 kill=0 wallBlock=0}
[ENEMY_NAV_CACHE] playerCell{changes=0 flowRebuilds=0} flow{hit=0 miss=0 hit%=0.0} pathFallback{calls=0 ok=0 ok%=0.0}
[ENEMY_SAP] updates=11378 active=1230 pairs=0 repairs{x=1688 y=1663}
[ENEMY_PAIR_TYPES] frontal DD=0 DT=0 DH=0 DA=0 TT=0 TH=0 TA=0 HH=0 HA=0 AA=0 separation DD=0 DT=0 DH=0 DA=0 TT=0 TH=0 TA=0 HH=0 HA=0 AA=0
[AUDIO_ROUTE_WINDOW] steps=123 events=5 sounds=0 avg(step ev=0.04 snd=0.00) max(step ev=1 snd=0)
  events{shotP=0 shotE=0 dead=0 spawn=5 base=0 wall=0 start=0 playerExpl=0}
  sounds{shotP=0 shotE=0 dead=0 spawn=0 base=0 wall=0 start=0 playerExpl=0}
[MUSIC_PLAYER_WINDOW] label=menu calls=120 activeCalls=0 buffers=0 avg(buf/call=0.00 active=0.00) max(buf/call=0) upload(total=0.00ms avg=0.000ms max=0.000ms slow=0)
[MUSIC_PLAYER_WINDOW] label=gameplay calls=120 activeCalls=120 buffers=32 avg(buf/call=0.27 active=0.27) max(buf/call=1) upload(total=0.24ms avg=0.008ms max=0.011ms slow=0)

[PROFILE] frame=3120 budget=16.667ms alloc(+184/-184, +14960b/-14960b, live=395952b peak=459752b)
  frame.total                      win= 17.041ms avg= 17.041ms p95= 18.172ms max=106.256ms calls(last=  1,win= 120,total=3120) (win 102.2% | avg 102.2% budget)
  frame.cpu_work                   win= 11.273ms avg= 11.273ms p95= 16.048ms max=104.601ms calls(last=  1,win= 120,total=3120) (win 67.6% | avg 67.6% budget)
  frame.present                    win=  5.752ms avg=  5.752ms p95=  7.600ms max= 36.794ms calls(last=  1,win= 120,total=3120) (win 34.5% | avg 34.5% budget)
  frame.render                     win=  5.635ms avg=  5.635ms p95=  6.016ms max= 24.967ms calls(last=  1,win= 120,total=3120) (win 33.8% | avg 33.8% budget)
  frame.fixed_step                 win=  4.460ms avg=  4.571ms p95=  6.215ms max=102.340ms calls(last=  1,win= 123,total=3207) (win 26.8% | avg 27.4% budget)
  game.update                      win=  4.402ms avg=  4.512ms p95=  5.644ms max=102.308ms calls(last=  1,win= 123,total=2136) (win 26.4% | avg 27.1% budget)
  system.ai_update                 win=  4.122ms avg=  4.225ms p95=  5.402ms max=  9.940ms calls(last=  1,win= 123,total=2074) (win 24.7% | avg 25.4% budget)
  enemy.update                     win=  4.118ms avg=  4.221ms p95=  5.397ms max=  9.932ms calls(last=  1,win= 123,total=2074) (win 24.7% | avg 25.3% budget)
  frame.render.world               win=  2.932ms avg=  2.932ms p95=  3.261ms max= 10.392ms calls(last=  1,win= 120,total=2015) (win 17.6% | avg 17.6% budget)
  frame.render.world.maze          win=  1.134ms avg=  1.134ms p95=  1.298ms max=  3.326ms calls(last=  1,win= 120,total=2015) (win 6.8% | avg 6.8% budget)
  gameplay.music                   win=  1.010ms avg=  1.010ms p95=  6.222ms max= 28.353ms calls(last=  1,win= 120,total=3120) (win 6.1% | avg 6.1% budget)
  music.fill_buffer                win=  0.939ms avg=  0.258ms p95=  0.975ms max=  2.791ms calls(last=  1,win=  33,total=835) (win 5.6% | avg 1.5% budget)
  frame.render.hud                 win=  0.891ms avg=  0.891ms p95=  1.102ms max=  2.474ms calls(last=  1,win= 120,total=2015) (win 5.3% | avg 5.3% budget)
  frame.render.world.effects       win=  0.577ms avg=  0.577ms p95=  0.787ms max=  1.914ms calls(last=  1,win= 120,total=2015) (win 3.5% | avg 3.5% budget)
  menu.music                       win=  0.506ms avg=  1.012ms p95=  6.223ms max= 28.353ms calls(last=  2,win= 240,total=6240) (win 3.0% | avg 6.1% budget)
  frame.render.hud.minimap         win=  0.442ms avg=  0.442ms p95=  0.522ms max=  1.249ms calls(last=  1,win= 120,total=2015) (win 2.6% | avg 2.6% budget)
  frame.render.world.enemies       win=  0.427ms avg=  0.427ms p95=  0.660ms max=  4.105ms calls(last=  1,win= 120,total=2015) (win 2.6% | avg 2.6% budget)
  frame.render.world.enemies.draw  win=  0.378ms avg=  0.378ms p95=  0.611ms max=  4.065ms calls(last=  1,win= 120,total=2015) (win 2.3% | avg 2.3% budget)
  enemy.physics.frontal_collisions win=  0.331ms avg=  0.339ms p95=  0.589ms max=  0.889ms calls(last=  1,win= 123,total=1603) (win 2.0% | avg 2.0% budget)
  enemy.physics.frontal_grid_build win=  0.250ms avg=  0.256ms p95=  0.446ms max=  0.797ms calls(last=  1,win= 123,total=1603) (win 1.5% | avg 1.5% budget)
  frame.render.hud.text            win=  0.235ms avg=  0.235ms p95=  0.271ms max=  0.628ms calls(last=  1,win= 120,total=2015) (win 1.4% | avg 1.4% budget)
  enemy.ai.movement                win=  0.113ms avg=  1.128ms p95=  1.333ms max=  2.448ms calls(last= 10,win=1197,total=10194) (win 0.7% | avg 6.8% budget)
  system.physics_collision         win=  0.089ms avg=  0.091ms p95=  0.134ms max= 14.231ms calls(last=  1,win= 123,total=2074) (win 0.5% | avg 0.5% budget)
  system.spawner_update            win=  0.068ms avg=  0.070ms p95=  0.174ms max=  0.635ms calls(last=  1,win= 123,total=2074) (win 0.4% | avg 0.4% budget)
[ENEMY_STATS] frame=3120 alive=97 visible=3 full=10 cheap=87 fullInBase=1 pairs(frontal=0 checks=0 separation=0 resolved=0)
[ENEMY_WINDOW] steps=123 alive[min=95 max=97] visible[min=1 max=3] full[min=9 max=10] collisionPasses[runs=123 skips=0]
[ENEMY_SEGMENTS] window=2.050s D{b/s=7.80 avgLen=5.05 fail=0} T{b/s=0.00 avgLen=0.00 fail=0} H{b/s=0.00 avgLen=0.00 fail=0} A{b/s=0.00 avgLen=0.00 fail=0}
[ENEMY_GRID] frontal{cand/s=583.9 xcell/s=2.0 ins/s=585.9} separation{cand/s=583.9}
[ENEMY_COLLISION_WINDOW] frontal{pairs/s=0.0 checks/s=0.0 baseSkip=0 kill=0(0.0%)} separation{pairs/s=0.0 resolved/s=0.0(0.0%) baseSkip=0 kill=0 wallBlock=0}
[ENEMY_NAV_CACHE] playerCell{changes=0 flowRebuilds=0} flow{hit=0 miss=0 hit%=0.0} pathFallback{calls=0 ok=0 ok%=0.0}
[ENEMY_SAP] updates=11756 active=1197 pairs=0 repairs{x=2093 y=2066}
[ENEMY_PAIR_TYPES] frontal DD=0 DT=0 DH=0 DA=0 TT=0 TH=0 TA=0 HH=0 HA=0 AA=0 separation DD=0 DT=0 DH=0 DA=0 TT=0 TH=0 TA=0 HH=0 HA=0 AA=0
[AUDIO_ROUTE_WINDOW] steps=123 events=12 sounds=10 avg(step ev=0.10 snd=0.08) max(step ev=2 snd=2)
  events{shotP=8 shotE=0 dead=1 spawn=3 base=0 wall=0 start=0 playerExpl=0}
  sounds{shotP=8 shotE=0 dead=1 spawn=1 base=0 wall=0 start=0 playerExpl=0}
[MUSIC_PLAYER_WINDOW] label=menu calls=120 activeCalls=0 buffers=0 avg(buf/call=0.00 active=0.00) max(buf/call=0) upload(total=0.00ms avg=0.000ms max=0.000ms slow=0)
[MUSIC_PLAYER_WINDOW] label=gameplay calls=120 activeCalls=120 buffers=32 avg(buf/call=0.27 active=0.27) max(buf/call=1) upload(total=0.25ms avg=0.008ms max=0.011ms slow=0)

[PROFILE] frame=3240 budget=16.667ms alloc(+165/-165, +13128b/-13128b, live=396256b peak=459752b)
  frame.total                      win= 17.389ms avg= 17.389ms p95= 20.608ms max=106.256ms calls(last=  1,win= 120,total=3240) (win 104.3% | avg 104.3% budget)
  frame.cpu_work                   win= 12.170ms avg= 12.170ms p95= 18.601ms max=104.601ms calls(last=  1,win= 120,total=3240) (win 73.0% | avg 73.0% budget)
  frame.render                     win=  5.630ms avg=  5.630ms p95=  6.078ms max= 24.967ms calls(last=  1,win= 120,total=3240) (win 33.8% | avg 33.8% budget)
  frame.present                    win=  5.204ms avg=  5.204ms p95=  7.443ms max= 36.794ms calls(last=  1,win= 120,total=3240) (win 31.2% | avg 31.2% budget)
  frame.fixed_step                 win=  4.678ms avg=  4.951ms p95=  7.844ms max=102.340ms calls(last=  1,win= 127,total=3334) (win 28.1% | avg 29.7% budget)
  game.update                      win=  4.607ms avg=  4.875ms p95=  7.456ms max=102.308ms calls(last=  1,win= 127,total=2263) (win 27.6% | avg 29.3% budget)
  system.ai_update                 win=  4.283ms avg=  4.533ms p95=  6.970ms max= 10.064ms calls(last=  1,win= 127,total=2201) (win 25.7% | avg 27.2% budget)
  enemy.update                     win=  4.279ms avg=  4.529ms p95=  6.965ms max= 10.058ms calls(last=  1,win= 127,total=2201) (win 25.7% | avg 27.2% budget)
  frame.render.world               win=  2.989ms avg=  2.989ms p95=  3.328ms max= 10.392ms calls(last=  1,win= 120,total=2135) (win 17.9% | avg 17.9% budget)
  gameplay.music                   win=  1.531ms avg=  1.531ms p95=  6.576ms max= 28.353ms calls(last=  1,win= 120,total=3240) (win 9.2% | avg 9.2% budget)
  frame.render.world.maze          win=  1.223ms avg=  1.223ms p95=  1.352ms max=  3.326ms calls(last=  1,win= 120,total=2135) (win 7.3% | avg 7.3% budget)
  music.fill_buffer                win=  0.968ms avg=  0.266ms p95=  0.989ms max=  2.791ms calls(last=  1,win=  33,total=868) (win 5.8% | avg 1.6% budget)
  frame.render.hud                 win=  0.863ms avg=  0.863ms p95=  0.902ms max=  2.474ms calls(last=  1,win= 120,total=2135) (win 5.2% | avg 5.2% budget)
  menu.music                       win=  0.767ms avg=  1.533ms p95=  6.576ms max= 28.353ms calls(last=  2,win= 240,total=6480) (win 4.6% | avg 9.2% budget)
  music.update_stream              win=  0.692ms avg=  0.190ms p95=  0.012ms max= 14.174ms calls(last=  1,win=  33,total=868) (win 4.2% | avg 1.1% budget)
  frame.render.world.effects       win=  0.592ms avg=  0.592ms p95=  0.695ms max=  1.914ms calls(last=  1,win= 120,total=2135) (win 3.6% | avg 3.6% budget)
  frame.render.hud.minimap         win=  0.422ms avg=  0.422ms p95=  0.467ms max=  1.249ms calls(last=  1,win= 120,total=2135) (win 2.5% | avg 2.5% budget)
  frame.render.world.enemies       win=  0.373ms avg=  0.373ms p95=  0.376ms max=  4.105ms calls(last=  1,win= 120,total=2135) (win 2.2% | avg 2.2% budget)
  enemy.physics.frontal_collisions win=  0.356ms avg=  0.376ms p95=  0.778ms max=  1.043ms calls(last=  1,win= 127,total=1730) (win 2.1% | avg 2.3% budget)
  frame.render.world.enemies.draw  win=  0.326ms avg=  0.326ms p95=  0.329ms max=  4.065ms calls(last=  1,win= 120,total=2135) (win 2.0% | avg 2.0% budget)
  enemy.physics.frontal_grid_build win=  0.271ms avg=  0.287ms p95=  0.697ms max=  0.959ms calls(last=  1,win= 127,total=1730) (win 1.6% | avg 1.7% budget)
  frame.render.hud.text            win=  0.227ms avg=  0.227ms p95=  0.242ms max=  0.628ms calls(last=  1,win= 120,total=2135) (win 1.4% | avg 1.4% budget)
  system.physics_collision         win=  0.127ms avg=  0.134ms p95=  0.203ms max= 14.231ms calls(last=  1,win= 127,total=2201) (win 0.8% | avg 0.8% budget)
  enemy.ai.movement                win=  0.116ms avg=  1.212ms p95=  1.950ms max=  2.604ms calls(last=  9,win=1256,total=11450) (win 0.7% | avg 7.3% budget)
[ENEMY_STATS] frame=3240 alive=101 visible=2 full=9 cheap=92 fullInBase=1 pairs(frontal=0 checks=0 separation=0 resolved=0)
[ENEMY_WINDOW] steps=127 alive[min=97 max=101] visible[min=2 max=3] full[min=9 max=11] collisionPasses[runs=127 skips=0]
[ENEMY_SEGMENTS] window=2.117s D{b/s=10.87 avgLen=4.75 fail=0} T{b/s=0.00 avgLen=0.00 fail=0} H{b/s=0.00 avgLen=0.00 fail=0} A{b/s=0.00 avgLen=0.00 fail=0}
[ENEMY_GRID] frontal{cand/s=592.9 xcell/s=4.3 ins/s=597.2} separation{cand/s=592.9}
[ENEMY_COLLISION_WINDOW] frontal{pairs/s=0.0 checks/s=0.0 baseSkip=0 kill=0(0.0%)} separation{pairs/s=0.0 resolved/s=0.0(0.0%) baseSkip=0 kill=0 wallBlock=0}
[ENEMY_NAV_CACHE] playerCell{changes=0 flowRebuilds=0} flow{hit=0 miss=0 hit%=0.0} pathFallback{calls=0 ok=0 ok%=0.0}
[ENEMY_SAP] updates=12505 active=1255 pairs=0 repairs{x=2709 y=2671}
[ENEMY_PAIR_TYPES] frontal DD=0 DT=0 DH=0 DA=0 TT=0 TH=0 TA=0 HH=0 HA=0 AA=0 separation DD=0 DT=0 DH=0 DA=0 TT=0 TH=0 TA=0 HH=0 HA=0 AA=0
[AUDIO_ROUTE_WINDOW] steps=127 events=19 sounds=15 avg(step ev=0.15 snd=0.12) max(step ev=2 snd=2)
  events{shotP=9 shotE=0 dead=1 spawn=5 base=0 wall=4 start=0 playerExpl=0}
  sounds{shotP=9 shotE=0 dead=1 spawn=1 base=0 wall=4 start=0 playerExpl=0}
[MUSIC_PLAYER_WINDOW] label=menu calls=120 activeCalls=0 buffers=0 avg(buf/call=0.00 active=0.00) max(buf/call=0) upload(total=0.00ms avg=0.000ms max=0.000ms slow=0)
[MUSIC_PLAYER_WINDOW] label=gameplay calls=120 activeCalls=120 buffers=33 avg(buf/call=0.28 active=0.28) max(buf/call=1) upload(total=22.44ms avg=0.680ms max=11.772ms slow=2)

[PROFILE] frame=3360 budget=16.667ms alloc(+367/-367, +29560b/-29560b, live=396464b peak=459752b)
  frame.total                      win= 19.299ms avg= 19.299ms p95= 28.333ms max=106.256ms calls(last=  1,win= 120,total=3360) (win 115.8% | avg 115.8% budget)
  frame.cpu_work                   win= 15.210ms avg= 15.210ms p95= 26.205ms max=104.601ms calls(last=  1,win= 120,total=3360) (win 91.3% | avg 91.3% budget)
  frame.render                     win=  5.686ms avg=  5.686ms p95=  6.187ms max= 24.967ms calls(last=  1,win= 120,total=3360) (win 34.1% | avg 34.1% budget)
  frame.fixed_step                 win=  4.825ms avg=  5.629ms p95=  9.856ms max=102.340ms calls(last=  2,win= 140,total=3474) (win 28.9% | avg 33.8% budget)
  game.update                      win=  4.635ms avg=  5.407ms p95=  9.425ms max=102.308ms calls(last=  2,win= 140,total=2403) (win 27.8% | avg 32.4% budget)
  system.ai_update                 win=  4.277ms avg=  4.990ms p95=  8.701ms max= 10.064ms calls(last=  2,win= 140,total=2341) (win 25.7% | avg 29.9% budget)
  enemy.update                     win=  4.273ms avg=  4.985ms p95=  8.693ms max= 10.058ms calls(last=  2,win= 140,total=2341) (win 25.6% | avg 29.9% budget)
  frame.present                    win=  4.071ms avg=  4.071ms p95=  7.426ms max= 36.794ms calls(last=  1,win= 120,total=3360) (win 24.4% | avg 24.4% budget)
  gameplay.music                   win=  3.836ms avg=  3.836ms p95= 12.721ms max= 28.353ms calls(last=  1,win= 120,total=3360) (win 23.0% | avg 23.0% budget)
  frame.render.world               win=  3.001ms avg=  3.001ms p95=  3.288ms max= 10.392ms calls(last=  1,win= 120,total=2255) (win 18.0% | avg 18.0% budget)
  music.update_stream              win=  2.296ms avg=  0.689ms p95= 10.244ms max= 14.174ms calls(last=  0,win=  36,total=904) (win 13.8% | avg 4.1% budget)
  menu.music                       win=  1.919ms avg=  3.838ms p95= 12.722ms max= 28.353ms calls(last=  2,win= 240,total=6720) (win 11.5% | avg 23.0% budget)
  frame.render.world.maze          win=  1.250ms avg=  1.250ms p95=  1.458ms max=  3.326ms calls(last=  1,win= 120,total=2255) (win 7.5% | avg 7.5% budget)
  music.fill_buffer                win=  0.973ms avg=  0.292ms p95=  0.998ms max=  2.791ms calls(last=  0,win=  36,total=904) (win 5.8% | avg 1.8% budget)
  frame.render.hud                 win=  0.867ms avg=  0.867ms p95=  0.908ms max=  2.474ms calls(last=  1,win= 120,total=2255) (win 5.2% | avg 5.2% budget)
  frame.render.world.effects       win=  0.616ms avg=  0.616ms p95=  0.726ms max=  1.914ms calls(last=  1,win= 120,total=2255) (win 3.7% | avg 3.7% budget)
  frame.render.hud.minimap         win=  0.427ms avg=  0.427ms p95=  0.469ms max=  1.249ms calls(last=  1,win= 120,total=2255) (win 2.6% | avg 2.6% budget)
  enemy.physics.frontal_collisions win=  0.352ms avg=  0.410ms p95=  0.651ms max=  1.274ms calls(last=  2,win= 140,total=1870) (win 2.1% | avg 2.5% budget)
  frame.render.world.enemies       win=  0.345ms avg=  0.345ms p95=  0.377ms max=  4.105ms calls(last=  1,win= 120,total=2255) (win 2.1% | avg 2.1% budget)
  frame.render.world.enemies.draw  win=  0.297ms avg=  0.297ms p95=  0.318ms max=  4.065ms calls(last=  1,win= 120,total=2255) (win 1.8% | avg 1.8% budget)
  enemy.physics.frontal_grid_build win=  0.271ms avg=  0.316ms p95=  0.500ms max=  1.118ms calls(last=  2,win= 140,total=1870) (win 1.6% | avg 1.9% budget)
  frame.render.hud.text            win=  0.228ms avg=  0.228ms p95=  0.260ms max=  0.628ms calls(last=  1,win= 120,total=2255) (win 1.4% | avg 1.4% budget)
  audio.route_step                 win=  0.179ms avg=  0.209ms p95=  0.054ms max= 10.001ms calls(last=  2,win= 140,total=2403) (win 1.1% | avg 1.3% budget)
  system.physics_collision         win=  0.152ms avg=  0.177ms p95=  0.301ms max= 14.231ms calls(last=  2,win= 140,total=2341) (win 0.9% | avg 1.1% budget)
[ENEMY_STATS] frame=3360 alive=106 visible=2 full=10 cheap=96 fullInBase=1 pairs(frontal=0 checks=0 separation=0 resolved=0)
[ENEMY_WINDOW] steps=140 alive[min=101 max=106] visible[min=0 max=2] full[min=8 max=10] collisionPasses[runs=140 skips=0]
[ENEMY_SEGMENTS] window=2.333s D{b/s=7.71 avgLen=4.87 fail=0} T{b/s=0.00 avgLen=0.00 fail=0} H{b/s=0.00 avgLen=0.00 fail=0} A{b/s=0.00 avgLen=0.00 fail=0}
[ENEMY_GRID] frontal{cand/s=513.4 xcell/s=3.0 ins/s=516.4} separation{cand/s=513.4}
[ENEMY_COLLISION_WINDOW] frontal{pairs/s=0.0 checks/s=0.0 baseSkip=0 kill=0(0.0%)} separation{pairs/s=0.0 resolved/s=0.0(0.0%) baseSkip=0 kill=0 wallBlock=0}
[ENEMY_NAV_CACHE] playerCell{changes=0 flowRebuilds=0} flow{hit=0 miss=0 hit%=0.0} pathFallback{calls=0 ok=0 ok%=0.0}
[ENEMY_SAP] updates=14415 active=1198 pairs=0 repairs{x=2083 y=2037}
[ENEMY_PAIR_TYPES] frontal DD=0 DT=0 DH=0 DA=0 TT=0 TH=0 TA=0 HH=0 HA=0 AA=0 separation DD=0 DT=0 DH=0 DA=0 TT=0 TH=0 TA=0 HH=0 HA=0 AA=0
[AUDIO_ROUTE_WINDOW] steps=140 events=23 sounds=19 avg(step ev=0.16 snd=0.14) max(step ev=2 snd=2)
  events{shotP=10 shotE=1 dead=0 spawn=5 base=0 wall=7 start=0 playerExpl=0}
  sounds{shotP=10 shotE=1 dead=0 spawn=1 base=0 wall=7 start=0 playerExpl=0}
[MUSIC_PLAYER_WINDOW] label=menu calls=120 activeCalls=0 buffers=0 avg(buf/call=0.00 active=0.00) max(buf/call=0) upload(total=0.00ms avg=0.000ms max=0.000ms slow=0)
[MUSIC_PLAYER_WINDOW] label=gameplay calls=120 activeCalls=120 buffers=37 avg(buf/call=0.31 active=0.31) max(buf/call=1) upload(total=81.62ms avg=2.206ms max=12.588ms slow=7)

[PROFILE] frame=3480 budget=16.667ms alloc(+163/-163, +12872b/-12872b, live=396592b peak=459752b)
  frame.total                      win= 19.130ms avg= 19.130ms p95= 28.406ms max=106.256ms calls(last=  1,win= 120,total=3480) (win 114.8% | avg 114.8% budget)
  frame.cpu_work                   win= 15.016ms avg= 15.016ms p95= 26.445ms max=104.601ms calls(last=  1,win= 120,total=3480) (win 90.1% | avg 90.1% budget)
  frame.render                     win=  5.582ms avg=  5.582ms p95=  6.071ms max= 24.967ms calls(last=  1,win= 120,total=3480) (win 33.5% | avg 33.5% budget)
  frame.fixed_step                 win=  5.198ms avg=  5.978ms p95= 10.438ms max=102.340ms calls(last=  1,win= 138,total=3612) (win 31.2% | avg 35.9% budget)
  game.update                      win=  4.902ms avg=  5.637ms p95=  9.684ms max=102.308ms calls(last=  1,win= 138,total=2541) (win 29.4% | avg 33.8% budget)
  system.ai_update                 win=  4.547ms avg=  5.229ms p95=  9.070ms max= 11.340ms calls(last=  1,win= 138,total=2479) (win 27.3% | avg 31.4% budget)
  enemy.update                     win=  4.543ms avg=  5.224ms p95=  9.063ms max= 11.333ms calls(last=  1,win= 138,total=2479) (win 27.3% | avg 31.3% budget)
  frame.present                    win=  4.097ms avg=  4.097ms p95=  7.065ms max= 36.794ms calls(last=  1,win= 120,total=3480) (win 24.6% | avg 24.6% budget)
  gameplay.music                   win=  3.398ms avg=  3.398ms p95= 12.103ms max= 28.353ms calls(last=  1,win= 120,total=3480) (win 20.4% | avg 20.4% budget)
  frame.render.world               win=  2.909ms avg=  2.909ms p95=  3.238ms max= 10.392ms calls(last=  1,win= 120,total=2375) (win 17.5% | avg 17.5% budget)
  music.update_stream              win=  1.888ms avg=  0.566ms p95=  0.015ms max= 14.174ms calls(last=  0,win=  36,total=940) (win 11.3% | avg 3.4% budget)
  menu.music                       win=  1.700ms avg=  3.400ms p95= 12.103ms max= 28.353ms calls(last=  2,win= 240,total=6960) (win 10.2% | avg 20.4% budget)
  frame.render.world.maze          win=  1.115ms avg=  1.115ms p95=  1.233ms max=  3.326ms calls(last=  1,win= 120,total=2375) (win 6.7% | avg 6.7% budget)
  music.fill_buffer                win=  0.961ms avg=  0.288ms p95=  0.993ms max=  2.791ms calls(last=  0,win=  36,total=940) (win 5.8% | avg 1.7% budget)
  frame.render.hud                 win=  0.873ms avg=  0.873ms p95=  0.932ms max=  2.474ms calls(last=  1,win= 120,total=2375) (win 5.2% | avg 5.2% budget)
  frame.render.world.effects       win=  0.619ms avg=  0.619ms p95=  0.695ms max=  2.305ms calls(last=  1,win= 120,total=2375) (win 3.7% | avg 3.7% budget)
  frame.render.hud.minimap         win=  0.434ms avg=  0.434ms p95=  0.476ms max=  1.249ms calls(last=  1,win= 120,total=2375) (win 2.6% | avg 2.6% budget)
  frame.render.world.enemies       win=  0.360ms avg=  0.360ms p95=  0.410ms max=  4.105ms calls(last=  1,win= 120,total=2375) (win 2.2% | avg 2.2% budget)
  enemy.physics.frontal_collisions win=  0.351ms avg=  0.403ms p95=  0.670ms max=  1.935ms calls(last=  1,win= 138,total=2008) (win 2.1% | avg 2.4% budget)
  frame.render.world.enemies.draw  win=  0.311ms avg=  0.311ms p95=  0.341ms max=  4.065ms calls(last=  1,win= 120,total=2375) (win 1.9% | avg 1.9% budget)
  audio.route_step                 win=  0.284ms avg=  0.326ms p95=  0.839ms max= 10.001ms calls(last=  1,win= 138,total=2541) (win 1.7% | avg 2.0% budget)
  enemy.physics.frontal_grid_build win=  0.267ms avg=  0.307ms p95=  0.506ms max=  1.775ms calls(last=  1,win= 138,total=2008) (win 1.6% | avg 1.8% budget)
  frame.render.hud.text            win=  0.223ms avg=  0.223ms p95=  0.236ms max=  0.628ms calls(last=  1,win= 120,total=2375) (win 1.3% | avg 1.3% budget)
  system.physics_collision         win=  0.146ms avg=  0.167ms p95=  0.305ms max= 14.231ms calls(last=  1,win= 138,total=2479) (win 0.9% | avg 1.0% budget)
[ENEMY_STATS] frame=3480 alive=108 visible=2 full=10 cheap=98 fullInBase=0 pairs(frontal=0 checks=0 separation=0 resolved=0)
[ENEMY_WINDOW] steps=138 alive[min=106 max=108] visible[min=2 max=2] full[min=10 max=10] collisionPasses[runs=138 skips=0]
[ENEMY_SEGMENTS] window=2.300s D{b/s=10.87 avgLen=5.04 fail=0} T{b/s=0.00 avgLen=0.00 fail=0} H{b/s=0.00 avgLen=0.00 fail=0} A{b/s=0.00 avgLen=0.00 fail=0}
[ENEMY_GRID] frontal{cand/s=600.0 xcell/s=3.9 ins/s=603.9} separation{cand/s=600.0}
[ENEMY_COLLISION_WINDOW] frontal{pairs/s=0.0 checks/s=0.0 baseSkip=0 kill=0(0.0%)} separation{pairs/s=0.0 resolved/s=0.0(0.0%) baseSkip=0 kill=0 wallBlock=0}
[ENEMY_NAV_CACHE] playerCell{changes=0 flowRebuilds=0} flow{hit=0 miss=0 hit%=0.0} pathFallback{calls=0 ok=0 ok%=0.0}
[ENEMY_SAP] updates=14831 active=1380 pairs=0 repairs{x=992 y=971}
[ENEMY_PAIR_TYPES] frontal DD=0 DT=0 DH=0 DA=0 TT=0 TH=0 TA=0 HH=0 HA=0 AA=0 separation DD=0 DT=0 DH=0 DA=0 TT=0 TH=0 TA=0 HH=0 HA=0 AA=0
[AUDIO_ROUTE_WINDOW] steps=138 events=22 sounds=20 avg(step ev=0.16 snd=0.14) max(step ev=2 snd=2)
  events{shotP=10 shotE=1 dead=0 spawn=2 base=0 wall=9 start=0 playerExpl=0}
  sounds{shotP=10 shotE=1 dead=0 spawn=0 base=0 wall=9 start=0 playerExpl=0}
[MUSIC_PLAYER_WINDOW] label=menu calls=120 activeCalls=0 buffers=0 avg(buf/call=0.00 active=0.00) max(buf/call=0) upload(total=0.00ms avg=0.000ms max=0.000ms slow=0)
[MUSIC_PLAYER_WINDOW] label=gameplay calls=120 activeCalls=120 buffers=36 avg(buf/call=0.30 active=0.30) max(buf/call=1) upload(total=67.00ms avg=1.861ms max=11.179ms slow=6)

[PROFILE] frame=3600 budget=16.667ms alloc(+190/-190, +15104b/-15104b, live=396736b peak=459752b)
  frame.total                      win= 18.438ms avg= 18.438ms p95= 23.299ms max=106.256ms calls(last=  1,win= 120,total=3600) (win 110.6% | avg 110.6% budget)
  frame.cpu_work                   win= 13.799ms avg= 13.799ms p95= 21.231ms max=104.601ms calls(last=  1,win= 120,total=3600) (win 82.8% | avg 82.8% budget)
  frame.render                     win=  5.163ms avg=  5.163ms p95=  5.492ms max= 24.967ms calls(last=  1,win= 120,total=3600) (win 31.0% | avg 31.0% budget)
  frame.fixed_step                 win=  4.956ms avg=  5.534ms p95=  9.928ms max=102.340ms calls(last=  1,win= 134,total=3746) (win 29.7% | avg 33.2% budget)
  game.update                      win=  4.783ms avg=  5.341ms p95=  9.161ms max=102.308ms calls(last=  1,win= 134,total=2675) (win 28.7% | avg 32.0% budget)
  frame.present                    win=  4.623ms avg=  4.623ms p95=  7.567ms max= 36.794ms calls(last=  1,win= 120,total=3600) (win 27.7% | avg 27.7% budget)
  system.ai_update                 win=  4.558ms avg=  5.089ms p95=  8.624ms max= 11.340ms calls(last=  1,win= 134,total=2613) (win 27.3% | avg 30.5% budget)
  enemy.update                     win=  4.554ms avg=  5.085ms p95=  8.617ms max= 11.333ms calls(last=  1,win= 134,total=2613) (win 27.3% | avg 30.5% budget)
  gameplay.music                   win=  3.043ms avg=  3.043ms p95=  9.462ms max= 28.353ms calls(last=  1,win= 120,total=3600) (win 18.3% | avg 18.3% budget)
  frame.render.world               win=  2.496ms avg=  2.496ms p95=  2.898ms max= 10.392ms calls(last=  1,win= 120,total=2495) (win 15.0% | avg 15.0% budget)
  menu.music                       win=  1.522ms avg=  3.045ms p95=  9.461ms max= 28.353ms calls(last=  2,win= 240,total=7200) (win 9.1% | avg 18.3% budget)
  frame.render.world.maze          win=  1.006ms avg=  1.006ms p95=  1.101ms max=  3.326ms calls(last=  1,win= 120,total=2495) (win 6.0% | avg 6.0% budget)
  music.fill_buffer                win=  0.969ms avg=  0.282ms p95=  0.997ms max=  2.791ms calls(last=  0,win=  35,total=975) (win 5.8% | avg 1.7% budget)
  frame.render.hud                 win=  0.870ms avg=  0.870ms p95=  0.954ms max=  2.474ms calls(last=  1,win= 120,total=2495) (win 5.2% | avg 5.2% budget)
  frame.render.world.effects       win=  0.663ms avg=  0.663ms p95=  0.975ms max=  2.305ms calls(last=  1,win= 120,total=2495) (win 4.0% | avg 4.0% budget)
  frame.render.hud.minimap         win=  0.428ms avg=  0.428ms p95=  0.472ms max=  1.249ms calls(last=  1,win= 120,total=2495) (win 2.6% | avg 2.6% budget)
  enemy.physics.frontal_collisions win=  0.387ms avg=  0.432ms p95=  0.745ms max=  1.935ms calls(last=  1,win= 134,total=2142) (win 2.3% | avg 2.6% budget)
  frame.render.world.enemies       win=  0.340ms avg=  0.340ms p95=  0.374ms max=  4.105ms calls(last=  1,win= 120,total=2495) (win 2.0% | avg 2.0% budget)
  music.update_stream              win=  0.337ms avg=  0.098ms p95=  0.012ms max= 14.174ms calls(last=  0,win=  35,total=975) (win 2.0% | avg 0.6% budget)
  enemy.physics.frontal_grid_build win=  0.295ms avg=  0.329ms p95=  0.620ms max=  1.775ms calls(last=  1,win= 134,total=2142) (win 1.8% | avg 2.0% budget)
  frame.render.world.enemies.draw  win=  0.288ms avg=  0.288ms p95=  0.324ms max=  4.065ms calls(last=  1,win= 120,total=2495) (win 1.7% | avg 1.7% budget)
  frame.render.hud.text            win=  0.226ms avg=  0.226ms p95=  0.271ms max=  0.628ms calls(last=  1,win= 120,total=2495) (win 1.4% | avg 1.4% budget)
  audio.route_step                 win=  0.162ms avg=  0.181ms p95=  0.018ms max= 10.001ms calls(last=  1,win= 134,total=2675) (win 1.0% | avg 1.1% budget)
  enemy.ai.movement                win=  0.101ms avg=  1.200ms p95=  2.012ms max=  2.604ms calls(last= 11,win=1433,total=15460) (win 0.6% | avg 7.2% budget)
[ENEMY_STATS] frame=3600 alive=113 visible=2 full=11 cheap=102 fullInBase=0 pairs(frontal=1 checks=1 separation=1 resolved=0)
[ENEMY_WINDOW] steps=134 alive[min=108 max=113] visible[min=1 max=2] full[min=10 max=11] collisionPasses[runs=134 skips=0]
[ENEMY_SEGMENTS] window=2.233s D{b/s=8.51 avgLen=5.20 fail=0} T{b/s=0.00 avgLen=0.00 fail=0} H{b/s=0.00 avgLen=0.00 fail=0} A{b/s=0.00 avgLen=0.00 fail=0}
[ENEMY_GRID] frontal{cand/s=642.1 xcell/s=4.5 ins/s=646.6} separation{cand/s=642.1}
[ENEMY_COLLISION_WINDOW] frontal{pairs/s=11.2 checks/s=11.2 baseSkip=0 kill=0(0.0%)} separation{pairs/s=11.2 resolved/s=0.0(0.0%) baseSkip=0 kill=0 wallBlock=0}
[ENEMY_NAV_CACHE] playerCell{changes=0 flowRebuilds=0} flow{hit=0 miss=0 hit%=0.0} pathFallback{calls=0 ok=0 ok%=0.0}
[ENEMY_SAP] updates=14957 active=1434 pairs=25 repairs{x=2688 y=2647}
[ENEMY_PAIR_TYPES] frontal DD=0 DT=0 DH=0 DA=0 TT=25 TH=0 TA=0 HH=0 HA=0 AA=0 separation DD=0 DT=0 DH=0 DA=0 TT=25 TH=0 TA=0 HH=0 HA=0 AA=0
[AUDIO_ROUTE_WINDOW] steps=134 events=11 sounds=7 avg(step ev=0.08 snd=0.05) max(step ev=2 snd=2)
  events{shotP=0 shotE=0 dead=0 spawn=5 base=0 wall=5 start=0 playerExpl=1}
  sounds{shotP=0 shotE=0 dead=0 spawn=1 base=0 wall=5 start=0 playerExpl=1}
[MUSIC_PLAYER_WINDOW] label=menu calls=120 activeCalls=0 buffers=0 avg(buf/call=0.00 active=0.00) max(buf/call=0) upload(total=0.00ms avg=0.000ms max=0.000ms slow=0)
[MUSIC_PLAYER_WINDOW] label=gameplay calls=120 activeCalls=120 buffers=34 avg(buf/call=0.28 active=0.28) max(buf/call=1) upload(total=11.54ms avg=0.339ms max=11.180ms slow=1)

[PROFILE] frame=3720 budget=16.667ms alloc(+37/-37, +2936b/-2936b, live=396752b peak=459752b)
  frame.total                      win= 16.916ms avg= 16.916ms p95= 17.440ms max=106.256ms calls(last=  1,win= 120,total=3720) (win 101.5% | avg 101.5% budget)
  frame.cpu_work                   win= 10.071ms avg= 10.071ms p95= 15.041ms max=104.601ms calls(last=  1,win= 120,total=3720) (win 60.4% | avg 60.4% budget)
  frame.present                    win=  6.830ms avg=  6.830ms p95=  8.801ms max= 36.794ms calls(last=  1,win= 120,total=3720) (win 41.0% | avg 41.0% budget)
  frame.render                     win=  5.112ms avg=  5.112ms p95=  5.586ms max= 24.967ms calls(last=  1,win= 120,total=3720) (win 30.7% | avg 30.7% budget)
  frame.fixed_step                 win=  4.076ms avg=  4.177ms p95=  5.716ms max=102.340ms calls(last=  1,win= 123,total=3869) (win 24.5% | avg 25.1% budget)
  game.update                      win=  4.056ms avg=  4.157ms p95=  5.698ms max=102.308ms calls(last=  1,win= 123,total=2798) (win 24.3% | avg 24.9% budget)
  system.ai_update                 win=  3.860ms avg=  3.957ms p95=  5.540ms max= 11.340ms calls(last=  1,win= 123,total=2736) (win 23.2% | avg 23.7% budget)
  enemy.update                     win=  3.856ms avg=  3.953ms p95=  5.536ms max= 11.333ms calls(last=  1,win= 123,total=2736) (win 23.1% | avg 23.7% budget)
  frame.render.world               win=  2.440ms avg=  2.440ms p95=  2.769ms max= 10.392ms calls(last=  1,win= 120,total=2615) (win 14.6% | avg 14.6% budget)
  music.fill_buffer                win=  1.012ms avg=  0.270ms p95=  1.065ms max=  2.791ms calls(last=  0,win=  32,total=1007) (win 6.1% | avg 1.6% budget)
  frame.render.world.maze          win=  0.968ms avg=  0.968ms p95=  1.160ms max=  3.326ms calls(last=  1,win= 120,total=2615) (win 5.8% | avg 5.8% budget)
  frame.render.hud                 win=  0.860ms avg=  0.860ms p95=  0.958ms max=  2.474ms calls(last=  1,win= 120,total=2615) (win 5.2% | avg 5.2% budget)
  gameplay.music                   win=  0.724ms avg=  0.724ms p95=  3.973ms max= 28.353ms calls(last=  1,win= 120,total=3720) (win 4.3% | avg 4.3% budget)
  frame.render.world.effects       win=  0.496ms avg=  0.496ms p95=  0.724ms max=  2.305ms calls(last=  1,win= 120,total=2615) (win 3.0% | avg 3.0% budget)
  frame.render.hud.minimap         win=  0.427ms avg=  0.427ms p95=  0.484ms max=  1.249ms calls(last=  1,win= 120,total=2615) (win 2.6% | avg 2.6% budget)
  enemy.physics.frontal_collisions win=  0.365ms avg=  0.374ms p95=  0.541ms max=  1.935ms calls(last=  1,win= 123,total=2265) (win 2.2% | avg 2.2% budget)
  menu.music                       win=  0.363ms avg=  0.727ms p95=  3.975ms max= 28.353ms calls(last=  2,win= 240,total=7440) (win 2.2% | avg 4.4% budget)
  enemy.physics.frontal_grid_build win=  0.282ms avg=  0.289ms p95=  0.468ms max=  1.775ms calls(last=  1,win= 123,total=2265) (win 1.7% | avg 1.7% budget)
  frame.render.world.enemies       win=  0.279ms avg=  0.279ms p95=  0.349ms max=  4.105ms calls(last=  1,win= 120,total=2615) (win 1.7% | avg 1.7% budget)
  frame.render.world.enemies.draw  win=  0.231ms avg=  0.231ms p95=  0.296ms max=  4.065ms calls(last=  1,win= 120,total=2615) (win 1.4% | avg 1.4% budget)
  frame.render.hud.text            win=  0.224ms avg=  0.224ms p95=  0.265ms max=  0.628ms calls(last=  1,win= 120,total=2615) (win 1.3% | avg 1.3% budget)
  enemy.ai.movement                win=  0.117ms avg=  0.653ms p95=  1.228ms max=  2.604ms calls(last=  2,win= 672,total=16132) (win 0.7% | avg 3.9% budget)
  system.spawner_update            win=  0.071ms avg=  0.073ms p95=  0.120ms max=  0.635ms calls(last=  1,win= 123,total=2736) (win 0.4% | avg 0.4% budget)
  frame.render.hud.compass         win=  0.053ms avg=  0.053ms p95=  0.054ms max=  0.453ms calls(last=  1,win= 120,total=2615) (win 0.3% | avg 0.3% budget)
[ENEMY_STATS] frame=3720 alive=114 visible=0 full=2 cheap=112 fullInBase=0 pairs(frontal=0 checks=0 separation=0 resolved=0)
[ENEMY_WINDOW] steps=123 alive[min=112 max=114] visible[min=0 max=2] full[min=2 max=11] collisionPasses[runs=123 skips=0]
[ENEMY_SEGMENTS] window=2.050s D{b/s=12.68 avgLen=5.21 fail=0} T{b/s=0.00 avgLen=0.00 fail=0} H{b/s=0.00 avgLen=0.00 fail=0} A{b/s=0.00 avgLen=0.00 fail=0}
[ENEMY_GRID] frontal{cand/s=322.9 xcell/s=3.4 ins/s=326.3} separation{cand/s=322.9}
[ENEMY_COLLISION_WINDOW] frontal{pairs/s=0.0 checks/s=0.0 baseSkip=0 kill=0(0.0%)} separation{pairs/s=0.0 resolved/s=0.0(0.0%) baseSkip=0 kill=0 wallBlock=0}
[ENEMY_NAV_CACHE] playerCell{changes=0 flowRebuilds=0} flow{hit=0 miss=0 hit%=0.0} pathFallback{calls=0 ok=0 ok%=0.0}
[ENEMY_SAP] updates=13873 active=662 pairs=0 repairs{x=406 y=405}
[ENEMY_PAIR_TYPES] frontal DD=0 DT=0 DH=0 DA=0 TT=0 TH=0 TA=0 HH=0 HA=0 AA=0 separation DD=0 DT=0 DH=0 DA=0 TT=0 TH=0 TA=0 HH=0 HA=0 AA=0
[AUDIO_ROUTE_WINDOW] steps=123 events=4 sounds=2 avg(step ev=0.03 snd=0.02) max(step ev=1 snd=1)
  events{shotP=0 shotE=0 dead=1 spawn=2 base=0 wall=0 start=1 playerExpl=0}
  sounds{shotP=0 shotE=0 dead=1 spawn=0 base=0 wall=0 start=1 playerExpl=0}
[MUSIC_PLAYER_WINDOW] label=menu calls=120 activeCalls=0 buffers=0 avg(buf/call=0.00 active=0.00) max(buf/call=0) upload(total=0.00ms avg=0.000ms max=0.000ms slow=0)
[MUSIC_PLAYER_WINDOW] label=gameplay calls=120 activeCalls=120 buffers=32 avg(buf/call=0.27 active=0.27) max(buf/call=1) upload(total=0.25ms avg=0.008ms max=0.014ms slow=0)

[PROFILE] frame=3840 budget=16.667ms alloc(+37/-37, +2936b/-2936b, live=396880b peak=459752b)
  frame.total                      win= 16.881ms avg= 16.881ms p95= 17.315ms max=106.256ms calls(last=  1,win= 120,total=3840) (win 101.3% | avg 101.3% budget)
  frame.cpu_work                   win=  9.357ms avg=  9.357ms p95= 12.049ms max=104.601ms calls(last=  1,win= 120,total=3840) (win 56.1% | avg 56.1% budget)
  frame.present                    win=  7.509ms avg=  7.509ms p95=  9.088ms max= 36.794ms calls(last=  1,win= 120,total=3840) (win 45.1% | avg 45.1% budget)
  frame.render                     win=  5.285ms avg=  5.285ms p95=  5.710ms max= 24.967ms calls(last=  1,win= 120,total=3840) (win 31.7% | avg 31.7% budget)
  frame.fixed_step                 win=  3.564ms avg=  3.653ms p95=  5.645ms max=102.340ms calls(last=  1,win= 123,total=3992) (win 21.4% | avg 21.9% budget)
  game.update                      win=  3.546ms avg=  3.634ms p95=  5.627ms max=102.308ms calls(last=  1,win= 123,total=2921) (win 21.3% | avg 21.8% budget)
  system.ai_update                 win=  3.331ms avg=  3.415ms p95=  5.387ms max= 11.340ms calls(last=  1,win= 123,total=2859) (win 20.0% | avg 20.5% budget)
  enemy.update                     win=  3.327ms avg=  3.411ms p95=  5.383ms max= 11.333ms calls(last=  1,win= 123,total=2859) (win 20.0% | avg 20.5% budget)
  frame.render.world               win=  2.589ms avg=  2.589ms p95=  2.919ms max= 10.392ms calls(last=  1,win= 120,total=2735) (win 15.5% | avg 15.5% budget)
  frame.render.world.maze          win=  1.108ms avg=  1.108ms p95=  1.269ms max=  3.326ms calls(last=  1,win= 120,total=2735) (win 6.6% | avg 6.6% budget)
  music.fill_buffer                win=  0.982ms avg=  0.262ms p95=  1.016ms max=  2.791ms calls(last=  0,win=  32,total=1039) (win 5.9% | avg 1.6% budget)
  frame.render.hud                 win=  0.861ms avg=  0.861ms p95=  0.983ms max=  2.474ms calls(last=  1,win= 120,total=2735) (win 5.2% | avg 5.2% budget)
  frame.render.world.effects       win=  0.449ms avg=  0.449ms p95=  0.523ms max=  2.305ms calls(last=  1,win= 120,total=2735) (win 2.7% | avg 2.7% budget)
  frame.render.hud.minimap         win=  0.429ms avg=  0.429ms p95=  0.506ms max=  1.249ms calls(last=  1,win= 120,total=2735) (win 2.6% | avg 2.6% budget)
  gameplay.music                   win=  0.363ms avg=  0.363ms p95=  1.587ms max= 28.353ms calls(last=  1,win= 120,total=3840) (win 2.2% | avg 2.2% budget)
  enemy.physics.frontal_collisions win=  0.354ms avg=  0.363ms p95=  0.558ms max=  1.935ms calls(last=  1,win= 123,total=2388) (win 2.1% | avg 2.2% budget)
  enemy.physics.frontal_grid_build win=  0.281ms avg=  0.288ms p95=  0.480ms max=  1.775ms calls(last=  1,win= 123,total=2388) (win 1.7% | avg 1.7% budget)
  frame.render.world.enemies       win=  0.233ms avg=  0.233ms p95=  0.266ms max=  4.105ms calls(last=  1,win= 120,total=2735) (win 1.4% | avg 1.4% budget)
  frame.render.hud.text            win=  0.225ms avg=  0.225ms p95=  0.262ms max=  0.628ms calls(last=  1,win= 120,total=2735) (win 1.4% | avg 1.4% budget)
  frame.render.world.enemies.draw  win=  0.186ms avg=  0.186ms p95=  0.188ms max=  4.065ms calls(last=  1,win= 120,total=2735) (win 1.1% | avg 1.1% budget)
  menu.music                       win=  0.183ms avg=  0.365ms p95=  1.589ms max= 28.353ms calls(last=  2,win= 240,total=7680) (win 1.1% | avg 2.2% budget)
  enemy.ai.movement                win=  0.134ms avg=  0.276ms p95=  0.325ms max=  2.604ms calls(last=  2,win= 246,total=16378) (win 0.8% | avg 1.7% budget)
  system.spawner_update            win=  0.071ms avg=  0.072ms p95=  0.117ms max=  0.635ms calls(last=  1,win= 123,total=2859) (win 0.4% | avg 0.4% budget)
  enemy.cheap.segment_build        win=  0.061ms avg=  0.011ms p95=  0.049ms max=  0.274ms calls(last=  0,win=  21,total=310) (win 0.4% | avg 0.1% budget)
[ENEMY_STATS] frame=3840 alive=116 visible=0 full=2 cheap=114 fullInBase=0 pairs(frontal=0 checks=0 separation=0 resolved=0)
[ENEMY_WINDOW] steps=123 alive[min=114 max=116] visible[min=0 max=0] full[min=2 max=2] collisionPasses[runs=123 skips=0]
[ENEMY_SEGMENTS] window=2.050s D{b/s=9.76 avgLen=5.23 fail=0} T{b/s=0.00 avgLen=0.00 fail=0} H{b/s=0.00 avgLen=0.00 fail=0} A{b/s=0.00 avgLen=0.00 fail=0}
[ENEMY_GRID] frontal{cand/s=120.0 xcell/s=1.0 ins/s=121.0} separation{cand/s=120.0}
[ENEMY_COLLISION_WINDOW] frontal{pairs/s=0.0 checks/s=0.0 baseSkip=0 kill=0(0.0%)} separation{pairs/s=0.0 resolved/s=0.0(0.0%) baseSkip=0 kill=0 wallBlock=0}
[ENEMY_NAV_CACHE] playerCell{changes=0 flowRebuilds=0} flow{hit=0 miss=0 hit%=0.0} pathFallback{calls=0 ok=0 ok%=0.0}
[ENEMY_SAP] updates=14099 active=246 pairs=0 repairs{x=238 y=236}
[ENEMY_PAIR_TYPES] frontal DD=0 DT=0 DH=0 DA=0 TT=0 TH=0 TA=0 HH=0 HA=0 AA=0 separation DD=0 DT=0 DH=0 DA=0 TT=0 TH=0 TA=0 HH=0 HA=0 AA=0
[AUDIO_ROUTE_WINDOW] steps=123 events=2 sounds=0 avg(step ev=0.02 snd=0.00) max(step ev=1 snd=0)
  events{shotP=0 shotE=0 dead=0 spawn=2 base=0 wall=0 start=0 playerExpl=0}
  sounds{shotP=0 shotE=0 dead=0 spawn=0 base=0 wall=0 start=0 playerExpl=0}
[MUSIC_PLAYER_WINDOW] label=menu calls=120 activeCalls=0 buffers=0 avg(buf/call=0.00 active=0.00) max(buf/call=0) upload(total=0.00ms avg=0.000ms max=0.000ms slow=0)
[MUSIC_PLAYER_WINDOW] label=gameplay calls=120 activeCalls=120 buffers=32 avg(buf/call=0.27 active=0.27) max(buf/call=1) upload(total=0.24ms avg=0.007ms max=0.009ms slow=0)

[PROFILE] frame=3960 budget=16.667ms alloc(+46/-46, +3584b/-3584b, live=396880b peak=459752b)
  frame.total                      win= 16.862ms avg= 16.862ms p95= 17.330ms max=106.256ms calls(last=  1,win= 120,total=3960) (win 101.2% | avg 101.2% budget)
  frame.cpu_work                   win=  9.177ms avg=  9.177ms p95= 11.491ms max=104.601ms calls(last=  1,win= 120,total=3960) (win 55.1% | avg 55.1% budget)
  frame.present                    win=  7.671ms avg=  7.671ms p95=  9.366ms max= 36.794ms calls(last=  1,win= 120,total=3960) (win 46.0% | avg 46.0% budget)
  frame.render                     win=  5.228ms avg=  5.228ms p95=  5.616ms max= 24.967ms calls(last=  1,win= 120,total=3960) (win 31.4% | avg 31.4% budget)
  frame.fixed_step                 win=  3.466ms avg=  3.553ms p95=  5.747ms max=102.340ms calls(last=  1,win= 123,total=4115) (win 20.8% | avg 21.3% budget)
  game.update                      win=  3.448ms avg=  3.534ms p95=  5.729ms max=102.308ms calls(last=  1,win= 123,total=3044) (win 20.7% | avg 21.2% budget)
  system.ai_update                 win=  3.228ms avg=  3.308ms p95=  5.411ms max= 11.340ms calls(last=  1,win= 123,total=2982) (win 19.4% | avg 19.9% budget)
  enemy.update                     win=  3.224ms avg=  3.304ms p95=  5.405ms max= 11.333ms calls(last=  1,win= 123,total=2982) (win 19.3% | avg 19.8% budget)
  frame.render.world               win=  2.612ms avg=  2.612ms p95=  3.000ms max= 10.392ms calls(last=  1,win= 120,total=2855) (win 15.7% | avg 15.7% budget)
  frame.render.world.maze          win=  1.094ms avg=  1.094ms p95=  1.211ms max=  3.326ms calls(last=  1,win= 120,total=2855) (win 6.6% | avg 6.6% budget)
  music.fill_buffer                win=  0.969ms avg=  0.258ms p95=  0.994ms max=  2.791ms calls(last=  1,win=  32,total=1071) (win 5.8% | avg 1.5% budget)
  frame.render.hud                 win=  0.849ms avg=  0.849ms p95=  0.895ms max=  2.474ms calls(last=  1,win= 120,total=2855) (win 5.1% | avg 5.1% budget)
  frame.render.world.effects       win=  0.470ms avg=  0.470ms p95=  0.550ms max=  2.305ms calls(last=  1,win= 120,total=2855) (win 2.8% | avg 2.8% budget)
  frame.render.hud.minimap         win=  0.424ms avg=  0.424ms p95=  0.466ms max=  1.249ms calls(last=  1,win= 120,total=2855) (win 2.5% | avg 2.5% budget)
  enemy.physics.frontal_collisions win=  0.363ms avg=  0.266ms p95=  0.402ms max=  1.935ms calls(last=  1,win=  88,total=2476) (win 2.2% | avg 1.6% budget)
  gameplay.music                   win=  0.339ms avg=  0.339ms p95=  1.043ms max= 28.353ms calls(last=  1,win= 120,total=3960) (win 2.0% | avg 2.0% budget)
  enemy.physics.frontal_grid_build win=  0.284ms avg=  0.208ms p95=  0.317ms max=  1.775ms calls(last=  1,win=  88,total=2476) (win 1.7% | avg 1.2% budget)
  frame.render.world.enemies       win=  0.233ms avg=  0.233ms p95=  0.275ms max=  4.105ms calls(last=  1,win= 120,total=2855) (win 1.4% | avg 1.4% budget)
  frame.render.hud.text            win=  0.225ms avg=  0.225ms p95=  0.263ms max=  0.628ms calls(last=  1,win= 120,total=2855) (win 1.4% | avg 1.4% budget)
  frame.render.world.enemies.draw  win=  0.186ms avg=  0.186ms p95=  0.226ms max=  4.065ms calls(last=  1,win= 120,total=2855) (win 1.1% | avg 1.1% budget)
  menu.music                       win=  0.170ms avg=  0.341ms p95=  1.045ms max= 28.353ms calls(last=  2,win= 240,total=7920) (win 1.0% | avg 2.0% budget)
  enemy.ai.movement                win=  0.126ms avg=  0.303ms p95=  0.422ms max=  2.604ms calls(last=  3,win= 288,total=16666) (win 0.8% | avg 1.8% budget)
  system.spawner_update            win=  0.070ms avg=  0.072ms p95=  0.120ms max=  0.635ms calls(last=  1,win= 123,total=2982) (win 0.4% | avg 0.4% budget)
  frame.render.hud.compass         win=  0.052ms avg=  0.052ms p95=  0.053ms max=  0.453ms calls(last=  1,win= 120,total=2855) (win 0.3% | avg 0.3% budget)
[ENEMY_STATS] frame=3960 alive=117 visible=0 full=3 cheap=114 fullInBase=0 pairs(frontal=0 checks=0 separation=0 resolved=0)
[ENEMY_WINDOW] steps=123 alive[min=116 max=117] visible[min=0 max=0] full[min=1 max=3] collisionPasses[runs=88 skips=35]
[ENEMY_SEGMENTS] window=2.050s D{b/s=11.22 avgLen=4.45 fail=0} T{b/s=0.00 avgLen=0.00 fail=0} H{b/s=0.00 avgLen=0.00 fail=0} A{b/s=0.00 avgLen=0.00 fail=0}
[ENEMY_GRID] frontal{cand/s=123.9 xcell/s=1.0 ins/s=124.9} separation{cand/s=123.9}
[ENEMY_COLLISION_WINDOW] frontal{pairs/s=0.0 checks/s=0.0 baseSkip=0 kill=0(0.0%)} separation{pairs/s=0.0 resolved/s=0.0(0.0%) baseSkip=0 kill=0 wallBlock=0}
[ENEMY_NAV_CACHE] playerCell{changes=0 flowRebuilds=0} flow{hit=0 miss=0 hit%=0.0} pathFallback{calls=0 ok=0 ok%=0.0}
[ENEMY_SAP] updates=10287 active=254 pairs=0 repairs{x=167 y=167}
[ENEMY_PAIR_TYPES] frontal DD=0 DT=0 DH=0 DA=0 TT=0 TH=0 TA=0 HH=0 HA=0 AA=0 separation DD=0 DT=0 DH=0 DA=0 TT=0 TH=0 TA=0 HH=0 HA=0 AA=0
[AUDIO_ROUTE_WINDOW] steps=123 events=1 sounds=0 avg(step ev=0.01 snd=0.00) max(step ev=1 snd=0)
  events{shotP=0 shotE=0 dead=0 spawn=1 base=0 wall=0 start=0 playerExpl=0}
  sounds{shotP=0 shotE=0 dead=0 spawn=0 base=0 wall=0 start=0 playerExpl=0}
[MUSIC_PLAYER_WINDOW] label=menu calls=120 activeCalls=0 buffers=0 avg(buf/call=0.00 active=0.00) max(buf/call=0) upload(total=0.00ms avg=0.000ms max=0.000ms slow=0)
[MUSIC_PLAYER_WINDOW] label=gameplay calls=120 activeCalls=120 buffers=32 avg(buf/call=0.27 active=0.27) max(buf/call=1) upload(total=0.23ms avg=0.007ms max=0.009ms slow=0)

[PROFILE] frame=4080 budget=16.667ms alloc(+109/-109, +8696b/-8696b, live=396880b peak=459752b)
  frame.total                      win= 16.884ms avg= 16.884ms p95= 17.374ms max=106.256ms calls(last=  1,win= 120,total=4080) (win 101.3% | avg 101.3% budget)
  frame.cpu_work                   win=  9.484ms avg=  9.484ms p95= 11.359ms max=104.601ms calls(last=  1,win= 120,total=4080) (win 56.9% | avg 56.9% budget)
  frame.present                    win=  7.386ms avg=  7.386ms p95=  8.566ms max= 36.794ms calls(last=  1,win= 120,total=4080) (win 44.3% | avg 44.3% budget)
  frame.render                     win=  5.208ms avg=  5.208ms p95=  5.509ms max= 24.967ms calls(last=  1,win= 120,total=4080) (win 31.2% | avg 31.2% budget)
  frame.fixed_step                 win=  3.840ms avg=  3.904ms p95=  5.699ms max=102.340ms calls(last=  1,win= 122,total=4237) (win 23.0% | avg 23.4% budget)
  game.update                      win=  3.822ms avg=  3.885ms p95=  5.682ms max=102.308ms calls(last=  1,win= 122,total=3166) (win 22.9% | avg 23.3% budget)
  system.ai_update                 win=  3.597ms avg=  3.657ms p95=  5.462ms max= 11.340ms calls(last=  1,win= 122,total=3104) (win 21.6% | avg 21.9% budget)
  enemy.update                     win=  3.593ms avg=  3.653ms p95=  5.458ms max= 11.333ms calls(last=  1,win= 122,total=3104) (win 21.6% | avg 21.9% budget)
  frame.render.world               win=  2.598ms avg=  2.598ms p95=  2.836ms max= 10.392ms calls(last=  1,win= 120,total=2975) (win 15.6% | avg 15.6% budget)
  frame.render.world.maze          win=  1.077ms avg=  1.077ms p95=  1.138ms max=  3.326ms calls(last=  1,win= 120,total=2975) (win 6.5% | avg 6.5% budget)
  music.fill_buffer                win=  0.961ms avg=  0.256ms p95=  0.992ms max=  2.791ms calls(last=  1,win=  32,total=1103) (win 5.8% | avg 1.5% budget)
  frame.render.hud                 win=  0.852ms avg=  0.852ms p95=  0.905ms max=  2.474ms calls(last=  1,win= 120,total=2975) (win 5.1% | avg 5.1% budget)
  frame.render.world.effects       win=  0.475ms avg=  0.475ms p95=  0.575ms max=  2.305ms calls(last=  1,win= 120,total=2975) (win 2.9% | avg 2.9% budget)
  frame.render.hud.minimap         win=  0.426ms avg=  0.426ms p95=  0.465ms max=  1.249ms calls(last=  1,win= 120,total=2975) (win 2.6% | avg 2.6% budget)
  enemy.physics.frontal_collisions win=  0.360ms avg=  0.366ms p95=  0.410ms max=  1.935ms calls(last=  1,win= 122,total=2598) (win 2.2% | avg 2.2% budget)
  gameplay.music                   win=  0.316ms avg=  0.316ms p95=  1.042ms max= 28.353ms calls(last=  1,win= 120,total=4080) (win 1.9% | avg 1.9% budget)
  enemy.physics.frontal_grid_build win=  0.278ms avg=  0.283ms p95=  0.323ms max=  1.775ms calls(last=  1,win= 122,total=2598) (win 1.7% | avg 1.7% budget)
  frame.render.world.enemies       win=  0.261ms avg=  0.261ms p95=  0.301ms max=  4.105ms calls(last=  1,win= 120,total=2975) (win 1.6% | avg 1.6% budget)
  frame.render.hud.text            win=  0.224ms avg=  0.224ms p95=  0.260ms max=  0.628ms calls(last=  1,win= 120,total=2975) (win 1.3% | avg 1.3% budget)
  frame.render.world.enemies.draw  win=  0.212ms avg=  0.212ms p95=  0.252ms max=  4.065ms calls(last=  1,win= 120,total=2975) (win 1.3% | avg 1.3% budget)
  menu.music                       win=  0.159ms avg=  0.318ms p95=  1.044ms max= 28.353ms calls(last=  2,win= 240,total=8160) (win 1.0% | avg 1.9% budget)
  enemy.ai.movement                win=  0.117ms avg=  0.484ms p95=  0.703ms max=  2.604ms calls(last=  6,win= 498,total=17164) (win 0.7% | avg 2.9% budget)
  system.spawner_update            win=  0.072ms avg=  0.073ms p95=  0.116ms max=  0.635ms calls(last=  1,win= 122,total=3104) (win 0.4% | avg 0.4% budget)
  frame.render.hud.compass         win=  0.053ms avg=  0.053ms p95=  0.054ms max=  0.453ms calls(last=  1,win= 120,total=2975) (win 0.3% | avg 0.3% budget)
[ENEMY_STATS] frame=4080 alive=117 visible=1 full=6 cheap=111 fullInBase=0 pairs(frontal=0 checks=0 separation=0 resolved=0)
[ENEMY_WINDOW] steps=122 alive[min=117 max=117] visible[min=0 max=1] full[min=3 max=6] collisionPasses[runs=122 skips=0]
[ENEMY_SEGMENTS] window=2.033s D{b/s=11.31 avgLen=5.19 fail=0} T{b/s=0.00 avgLen=0.00 fail=0} H{b/s=0.00 avgLen=0.00 fail=0} A{b/s=0.00 avgLen=0.00 fail=0}
[ENEMY_GRID] frontal{cand/s=246.4 xcell/s=2.0 ins/s=248.4} separation{cand/s=246.4}
[ENEMY_COLLISION_WINDOW] frontal{pairs/s=0.0 checks/s=0.0 baseSkip=0 kill=0(0.0%)} separation{pairs/s=0.0 resolved/s=0.0(0.0%) baseSkip=0 kill=0 wallBlock=0}
[ENEMY_NAV_CACHE] playerCell{changes=0 flowRebuilds=0} flow{hit=0 miss=0 hit%=0.0} pathFallback{calls=0 ok=0 ok%=0.0}
[ENEMY_SAP] updates=14274 active=501 pairs=0 repairs{x=224 y=231}
[ENEMY_PAIR_TYPES] frontal DD=0 DT=0 DH=0 DA=0 TT=0 TH=0 TA=0 HH=0 HA=0 AA=0 separation DD=0 DT=0 DH=0 DA=0 TT=0 TH=0 TA=0 HH=0 HA=0 AA=0
[AUDIO_ROUTE_WINDOW] steps=122 events=0 sounds=0 avg(step ev=0.00 snd=0.00) max(step ev=0 snd=0)
  events{shotP=0 shotE=0 dead=0 spawn=0 base=0 wall=0 start=0 playerExpl=0}
  sounds{shotP=0 shotE=0 dead=0 spawn=0 base=0 wall=0 start=0 playerExpl=0}
[MUSIC_PLAYER_WINDOW] label=menu calls=120 activeCalls=0 buffers=0 avg(buf/call=0.00 active=0.00) max(buf/call=0) upload(total=0.00ms avg=0.000ms max=0.000ms slow=0)
[MUSIC_PLAYER_WINDOW] label=gameplay calls=120 activeCalls=120 buffers=32 avg(buf/call=0.27 active=0.27) max(buf/call=1) upload(total=0.23ms avg=0.007ms max=0.011ms slow=0)

[PROFILE] frame=4200 budget=16.667ms alloc(+145/-145, +11576b/-11576b, live=396880b peak=459752b)
  frame.total                      win= 16.867ms avg= 16.867ms p95= 17.344ms max=106.256ms calls(last=  1,win= 120,total=4200) (win 101.2% | avg 101.2% budget)
  frame.cpu_work                   win= 10.267ms avg= 10.267ms p95= 13.032ms max=104.601ms calls(last=  1,win= 120,total=4200) (win 61.6% | avg 61.6% budget)
  frame.present                    win=  6.585ms avg=  6.585ms p95=  8.334ms max= 36.794ms calls(last=  1,win= 120,total=4200) (win 39.5% | avg 39.5% budget)
  frame.render                     win=  5.334ms avg=  5.334ms p95=  5.923ms max= 24.967ms calls(last=  1,win= 120,total=4200) (win 32.0% | avg 32.0% budget)
  frame.fixed_step                 win=  4.437ms avg=  4.548ms p95=  5.707ms max=102.340ms calls(last=  1,win= 123,total=4360) (win 26.6% | avg 27.3% budget)
  game.update                      win=  4.419ms avg=  4.529ms p95=  5.690ms max=102.308ms calls(last=  1,win= 123,total=3289) (win 26.5% | avg 27.2% budget)
  system.ai_update                 win=  4.198ms avg=  4.303ms p95=  5.475ms max= 11.340ms calls(last=  1,win= 123,total=3227) (win 25.2% | avg 25.8% budget)
  enemy.update                     win=  4.194ms avg=  4.298ms p95=  5.471ms max= 11.333ms calls(last=  1,win= 123,total=3227) (win 25.2% | avg 25.8% budget)
  frame.render.world               win=  2.654ms avg=  2.654ms p95=  2.839ms max= 10.392ms calls(last=  1,win= 120,total=3095) (win 15.9% | avg 15.9% budget)
  frame.render.world.maze          win=  1.100ms avg=  1.100ms p95=  1.193ms max=  3.326ms calls(last=  1,win= 120,total=3095) (win 6.6% | avg 6.6% budget)
  music.fill_buffer                win=  0.973ms avg=  0.259ms p95=  0.992ms max=  2.791ms calls(last=  1,win=  32,total=1135) (win 5.8% | avg 1.6% budget)
  frame.render.hud                 win=  0.859ms avg=  0.859ms p95=  0.953ms max=  2.474ms calls(last=  1,win= 120,total=3095) (win 5.2% | avg 5.2% budget)
  frame.render.world.effects       win=  0.489ms avg=  0.489ms p95=  0.556ms max=  2.414ms calls(last=  1,win= 120,total=3095) (win 2.9% | avg 2.9% budget)
  frame.render.hud.minimap         win=  0.428ms avg=  0.428ms p95=  0.471ms max=  1.249ms calls(last=  1,win= 120,total=3095) (win 2.6% | avg 2.6% budget)
  enemy.physics.frontal_collisions win=  0.385ms avg=  0.395ms p95=  0.624ms max=  1.935ms calls(last=  1,win= 123,total=2721) (win 2.3% | avg 2.4% budget)
  gameplay.music                   win=  0.329ms avg=  0.329ms p95=  1.038ms max= 28.353ms calls(last=  1,win= 120,total=4200) (win 2.0% | avg 2.0% budget)
  enemy.physics.frontal_grid_build win=  0.285ms avg=  0.292ms p95=  0.435ms max=  1.775ms calls(last=  1,win= 123,total=2721) (win 1.7% | avg 1.8% budget)
  frame.render.world.enemies       win=  0.265ms avg=  0.265ms p95=  0.309ms max=  4.105ms calls(last=  1,win= 120,total=3095) (win 1.6% | avg 1.6% budget)
  frame.render.hud.text            win=  0.230ms avg=  0.230ms p95=  0.270ms max=  0.628ms calls(last=  1,win= 120,total=3095) (win 1.4% | avg 1.4% budget)
  frame.render.world.enemies.draw  win=  0.215ms avg=  0.215ms p95=  0.255ms max=  4.065ms calls(last=  1,win= 120,total=3095) (win 1.3% | avg 1.3% budget)
  menu.music                       win=  0.165ms avg=  0.331ms p95=  1.039ms max= 28.353ms calls(last=  2,win= 240,total=8400) (win 1.0% | avg 2.0% budget)
  enemy.ai.movement                win=  0.117ms avg=  0.823ms p95=  0.952ms max=  2.604ms calls(last=  8,win= 844,total=18008) (win 0.7% | avg 4.9% budget)
  system.spawner_update            win=  0.070ms avg=  0.072ms p95=  0.113ms max=  0.635ms calls(last=  1,win= 123,total=3227) (win 0.4% | avg 0.4% budget)
  enemy.physics.frontal_pair_traverse win=  0.064ms avg=  0.065ms p95=  0.094ms max=  0.362ms calls(last=  1,win= 123,total=2721) (win 0.4% | avg 0.4% budget)
[ENEMY_STATS] frame=4200 alive=117 visible=1 full=8 cheap=109 fullInBase=0 pairs(frontal=0 checks=0 separation=0 resolved=0)
[ENEMY_WINDOW] steps=123 alive[min=117 max=117] visible[min=0 max=1] full[min=6 max=8] collisionPasses[runs=123 skips=0]
[ENEMY_SEGMENTS] window=2.050s D{b/s=11.71 avgLen=4.17 fail=0} T{b/s=0.00 avgLen=0.00 fail=0} H{b/s=0.00 avgLen=0.00 fail=0} A{b/s=0.00 avgLen=0.00 fail=0}
[ENEMY_GRID] frontal{cand/s=412.7 xcell/s=2.4 ins/s=415.1} separation{cand/s=412.7}
[ENEMY_COLLISION_WINDOW] frontal{pairs/s=0.0 checks/s=0.0 baseSkip=0 kill=0(0.0%)} separation{pairs/s=0.0 resolved/s=0.0(0.0%) baseSkip=0 kill=0 wallBlock=0}
[ENEMY_NAV_CACHE] playerCell{changes=0 flowRebuilds=0} flow{hit=0 miss=0 hit%=0.0} pathFallback{calls=0 ok=0 ok%=0.0}
[ENEMY_SAP] updates=14391 active=846 pairs=0 repairs{x=114 y=122}
[ENEMY_PAIR_TYPES] frontal DD=0 DT=0 DH=0 DA=0 TT=0 TH=0 TA=0 HH=0 HA=0 AA=0 separation DD=0 DT=0 DH=0 DA=0 TT=0 TH=0 TA=0 HH=0 HA=0 AA=0
[AUDIO_ROUTE_WINDOW] steps=123 events=0 sounds=0 avg(step ev=0.00 snd=0.00) max(step ev=0 snd=0)
  events{shotP=0 shotE=0 dead=0 spawn=0 base=0 wall=0 start=0 playerExpl=0}
  sounds{shotP=0 shotE=0 dead=0 spawn=0 base=0 wall=0 start=0 playerExpl=0}
[MUSIC_PLAYER_WINDOW] label=menu calls=120 activeCalls=0 buffers=0 avg(buf/call=0.00 active=0.00) max(buf/call=0) upload(total=0.00ms avg=0.000ms max=0.000ms slow=0)
[MUSIC_PLAYER_WINDOW] label=gameplay calls=120 activeCalls=120 buffers=32 avg(buf/call=0.27 active=0.27) max(buf/call=1) upload(total=0.23ms avg=0.007ms max=0.009ms slow=0)

[PROFILE] frame=4320 budget=16.667ms alloc(+163/-163, +13016b/-13016b, live=396896b peak=459752b)
  frame.total                      win= 16.893ms avg= 16.893ms p95= 17.396ms max=106.256ms calls(last=  1,win= 120,total=4320) (win 101.4% | avg 101.4% budget)
  frame.cpu_work                   win= 10.438ms avg= 10.438ms p95= 13.380ms max=104.601ms calls(last=  1,win= 120,total=4320) (win 62.6% | avg 62.6% budget)
  frame.present                    win=  6.440ms avg=  6.440ms p95=  7.837ms max= 36.794ms calls(last=  1,win= 120,total=4320) (win 38.6% | avg 38.6% budget)
  frame.render                     win=  5.267ms avg=  5.267ms p95=  5.662ms max= 24.967ms calls(last=  1,win= 120,total=4320) (win 31.6% | avg 31.6% budget)
  frame.fixed_step                 win=  4.645ms avg=  4.722ms p95=  6.381ms max=102.340ms calls(last=  1,win= 122,total=4482) (win 27.9% | avg 28.3% budget)
  game.update                      win=  4.626ms avg=  4.703ms p95=  6.363ms max=102.308ms calls(last=  1,win= 122,total=3411) (win 27.8% | avg 28.2% budget)
  system.ai_update                 win=  4.399ms avg=  4.473ms p95=  6.010ms max= 11.340ms calls(last=  1,win= 122,total=3349) (win 26.4% | avg 26.8% budget)
  enemy.update                     win=  4.395ms avg=  4.469ms p95=  6.007ms max= 11.333ms calls(last=  1,win= 122,total=3349) (win 26.4% | avg 26.8% budget)
  frame.render.world               win=  2.598ms avg=  2.598ms p95=  2.956ms max= 10.392ms calls(last=  1,win= 120,total=3215) (win 15.6% | avg 15.6% budget)
  frame.render.world.maze          win=  1.048ms avg=  1.048ms p95=  1.254ms max=  3.326ms calls(last=  1,win= 120,total=3215) (win 6.3% | avg 6.3% budget)
  music.fill_buffer                win=  0.986ms avg=  0.263ms p95=  1.011ms max=  2.791ms calls(last=  1,win=  32,total=1167) (win 5.9% | avg 1.6% budget)
  frame.render.hud                 win=  0.875ms avg=  0.875ms p95=  0.984ms max=  2.474ms calls(last=  1,win= 120,total=3215) (win 5.2% | avg 5.2% budget)
  frame.render.world.effects       win=  0.479ms avg=  0.479ms p95=  0.575ms max=  2.414ms calls(last=  1,win= 120,total=3215) (win 2.9% | avg 2.9% budget)
  frame.render.hud.minimap         win=  0.435ms avg=  0.435ms p95=  0.477ms max=  1.302ms calls(last=  1,win= 120,total=3215) (win 2.6% | avg 2.6% budget)
  gameplay.music                   win=  0.393ms avg=  0.393ms p95=  1.238ms max= 28.353ms calls(last=  1,win= 120,total=4320) (win 2.4% | avg 2.4% budget)
  enemy.physics.frontal_collisions win=  0.384ms avg=  0.390ms p95=  0.564ms max=  1.935ms calls(last=  1,win= 122,total=2843) (win 2.3% | avg 2.3% budget)
  enemy.physics.frontal_grid_build win=  0.285ms avg=  0.290ms p95=  0.355ms max=  1.775ms calls(last=  1,win= 122,total=2843) (win 1.7% | avg 1.7% budget)
  frame.render.world.enemies       win=  0.270ms avg=  0.270ms p95=  0.286ms max=  4.105ms calls(last=  1,win= 120,total=3215) (win 1.6% | avg 1.6% budget)
  frame.render.hud.text            win=  0.235ms avg=  0.235ms p95=  0.270ms max=  0.638ms calls(last=  1,win= 120,total=3215) (win 1.4% | avg 1.4% budget)
  frame.render.world.enemies.draw  win=  0.220ms avg=  0.220ms p95=  0.234ms max=  4.065ms calls(last=  1,win= 120,total=3215) (win 1.3% | avg 1.3% budget)
  menu.music                       win=  0.197ms avg=  0.395ms p95=  1.216ms max= 28.353ms calls(last=  2,win= 240,total=8640) (win 1.2% | avg 2.4% budget)
  enemy.ai.movement                win=  0.114ms avg=  0.960ms p95=  1.128ms max=  2.604ms calls(last=  9,win=1009,total=19017) (win 0.7% | avg 5.8% budget)
  system.spawner_update            win=  0.070ms avg=  0.072ms p95=  0.092ms max=  0.635ms calls(last=  1,win= 122,total=3349) (win 0.4% | avg 0.4% budget)
  enemy.physics.frontal_pair_traverse win=  0.060ms avg=  0.061ms p95=  0.067ms max=  0.362ms calls(last=  1,win= 122,total=2843) (win 0.4% | avg 0.4% budget)
[ENEMY_STATS] frame=4320 alive=118 visible=2 full=9 cheap=109 fullInBase=1 pairs(frontal=0 checks=0 separation=0 resolved=0)
[ENEMY_WINDOW] steps=122 alive[min=117 max=118] visible[min=1 max=2] full[min=8 max=9] collisionPasses[runs=122 skips=0]
[ENEMY_SEGMENTS] window=2.033s D{b/s=13.28 avgLen=4.49 fail=0} T{b/s=0.00 avgLen=0.00 fail=0} H{b/s=0.00 avgLen=0.00 fail=0} A{b/s=0.00 avgLen=0.00 fail=0}
[ENEMY_GRID] frontal{cand/s=496.7 xcell/s=3.9 ins/s=500.7} separation{cand/s=496.7}
[ENEMY_COLLISION_WINDOW] frontal{pairs/s=0.0 checks/s=0.0 baseSkip=0 kill=0(0.0%)} separation{pairs/s=0.0 resolved/s=0.0(0.0%) baseSkip=0 kill=0 wallBlock=0}
[ENEMY_NAV_CACHE] playerCell{changes=0 flowRebuilds=0} flow{hit=0 miss=0 hit%=0.0} pathFallback{calls=0 ok=0 ok%=0.0}
[ENEMY_SAP] updates=14285 active=1010 pairs=0 repairs{x=566 y=560}
[ENEMY_PAIR_TYPES] frontal DD=0 DT=0 DH=0 DA=0 TT=0 TH=0 TA=0 HH=0 HA=0 AA=0 separation DD=0 DT=0 DH=0 DA=0 TT=0 TH=0 TA=0 HH=0 HA=0 AA=0
[AUDIO_ROUTE_WINDOW] steps=122 events=1 sounds=1 avg(step ev=0.01 snd=0.01) max(step ev=1 snd=1)
  events{shotP=0 shotE=0 dead=0 spawn=1 base=0 wall=0 start=0 playerExpl=0}
  sounds{shotP=0 shotE=0 dead=0 spawn=1 base=0 wall=0 start=0 playerExpl=0}
[MUSIC_PLAYER_WINDOW] label=menu calls=120 activeCalls=0 buffers=0 avg(buf/call=0.00 active=0.00) max(buf/call=0) upload(total=0.00ms avg=0.000ms max=0.000ms slow=0)
[MUSIC_PLAYER_WINDOW] label=gameplay calls=120 activeCalls=120 buffers=32 avg(buf/call=0.27 active=0.27) max(buf/call=1) upload(total=0.26ms avg=0.008ms max=0.037ms slow=0)

[PROFILE] frame=4440 budget=16.667ms alloc(+163/-163, +13016b/-13016b, live=396896b peak=459752b)
  frame.total                      win= 16.881ms avg= 16.881ms p95= 17.320ms max=106.256ms calls(last=  1,win= 120,total=4440) (win 101.3% | avg 101.3% budget)
  frame.cpu_work                   win= 10.512ms avg= 10.512ms p95= 12.626ms max=104.601ms calls(last=  1,win= 120,total=4440) (win 63.1% | avg 63.1% budget)
  frame.present                    win=  6.355ms avg=  6.355ms p95=  7.697ms max= 36.794ms calls(last=  1,win= 120,total=4440) (win 38.1% | avg 38.1% budget)
  frame.render                     win=  5.212ms avg=  5.212ms p95=  5.539ms max= 24.967ms calls(last=  1,win= 120,total=4440) (win 31.3% | avg 31.3% budget)
  frame.fixed_step                 win=  4.693ms avg=  4.810ms p95=  6.473ms max=102.340ms calls(last=  1,win= 123,total=4605) (win 28.2% | avg 28.9% budget)
  game.update                      win=  4.674ms avg=  4.790ms p95=  6.454ms max=102.308ms calls(last=  1,win= 123,total=3534) (win 28.0% | avg 28.7% budget)
  system.ai_update                 win=  4.445ms avg=  4.556ms p95=  6.271ms max= 11.340ms calls(last=  1,win= 123,total=3472) (win 26.7% | avg 27.3% budget)
  enemy.update                     win=  4.441ms avg=  4.552ms p95=  6.267ms max= 11.333ms calls(last=  1,win= 123,total=3472) (win 26.6% | avg 27.3% budget)
  frame.render.world               win=  2.593ms avg=  2.593ms p95=  2.794ms max= 10.392ms calls(last=  1,win= 120,total=3335) (win 15.6% | avg 15.6% budget)
  frame.render.world.maze          win=  0.998ms avg=  0.998ms p95=  1.202ms max=  3.326ms calls(last=  1,win= 120,total=3335) (win 6.0% | avg 6.0% budget)
  music.fill_buffer                win=  0.986ms avg=  0.263ms p95=  1.017ms max=  2.791ms calls(last=  1,win=  32,total=1199) (win 5.9% | avg 1.6% budget)
  frame.render.hud                 win=  0.845ms avg=  0.845ms p95=  0.919ms max=  2.474ms calls(last=  1,win= 120,total=3335) (win 5.1% | avg 5.1% budget)
  frame.render.world.effects       win=  0.549ms avg=  0.549ms p95=  0.858ms max=  2.414ms calls(last=  1,win= 120,total=3335) (win 3.3% | avg 3.3% budget)
  gameplay.music                   win=  0.432ms avg=  0.432ms p95=  1.515ms max= 28.353ms calls(last=  1,win= 120,total=4440) (win 2.6% | avg 2.6% budget)
  frame.render.hud.minimap         win=  0.420ms avg=  0.420ms p95=  0.465ms max=  1.302ms calls(last=  1,win= 120,total=3335) (win 2.5% | avg 2.5% budget)
  enemy.physics.frontal_collisions win=  0.371ms avg=  0.380ms p95=  0.418ms max=  1.935ms calls(last=  1,win= 123,total=2966) (win 2.2% | avg 2.3% budget)
  frame.render.world.enemies       win=  0.294ms avg=  0.294ms p95=  0.343ms max=  4.105ms calls(last=  1,win= 120,total=3335) (win 1.8% | avg 1.8% budget)
  enemy.physics.frontal_grid_build win=  0.283ms avg=  0.290ms p95=  0.329ms max=  1.775ms calls(last=  1,win= 123,total=2966) (win 1.7% | avg 1.7% budget)
  frame.render.world.enemies.draw  win=  0.239ms avg=  0.239ms p95=  0.286ms max=  4.065ms calls(last=  1,win= 120,total=3335) (win 1.4% | avg 1.4% budget)
  frame.render.hud.text            win=  0.224ms avg=  0.224ms p95=  0.240ms max=  0.638ms calls(last=  1,win= 120,total=3335) (win 1.3% | avg 1.3% budget)
  menu.music                       win=  0.217ms avg=  0.435ms p95=  1.514ms max= 28.353ms calls(last=  2,win= 240,total=8880) (win 1.3% | avg 2.6% budget)
  enemy.ai.movement                win=  0.105ms avg=  0.963ms p95=  1.045ms max=  2.604ms calls(last=  9,win=1096,total=20113) (win 0.6% | avg 5.8% budget)
  system.spawner_update            win=  0.070ms avg=  0.072ms p95=  0.118ms max=  0.635ms calls(last=  1,win= 123,total=3472) (win 0.4% | avg 0.4% budget)
  frame.render.world.effects.explosion win=  0.056ms avg=  0.007ms p95=  0.057ms max=  0.090ms calls(last=  1,win=  15,total=182) (win 0.3% | avg 0.0% budget)
[ENEMY_STATS] frame=4440 alive=118 visible=2 full=9 cheap=109 fullInBase=0 pairs(frontal=0 checks=0 separation=0 resolved=0)
[ENEMY_WINDOW] steps=123 alive[min=118 max=118] visible[min=1 max=2] full[min=8 max=9] collisionPasses[runs=123 skips=0]
[ENEMY_SEGMENTS] window=2.050s D{b/s=12.68 avgLen=4.58 fail=0} T{b/s=0.00 avgLen=0.00 fail=0} H{b/s=0.00 avgLen=0.00 fail=0} A{b/s=0.00 avgLen=0.00 fail=0}
[ENEMY_GRID] frontal{cand/s=534.6 xcell/s=2.0 ins/s=536.6} separation{cand/s=534.6}
[ENEMY_COLLISION_WINDOW] frontal{pairs/s=0.0 checks/s=0.0 baseSkip=0 kill=0(0.0%)} separation{pairs/s=0.0 resolved/s=0.0(0.0%) baseSkip=0 kill=0 wallBlock=0}
[ENEMY_NAV_CACHE] playerCell{changes=0 flowRebuilds=0} flow{hit=0 miss=0 hit%=0.0} pathFallback{calls=0 ok=0 ok%=0.0}
[ENEMY_SAP] updates=14514 active=1096 pairs=0 repairs{x=14 y=21}
[ENEMY_PAIR_TYPES] frontal DD=0 DT=0 DH=0 DA=0 TT=0 TH=0 TA=0 HH=0 HA=0 AA=0 separation DD=0 DT=0 DH=0 DA=0 TT=0 TH=0 TA=0 HH=0 HA=0 AA=0
[AUDIO_ROUTE_WINDOW] steps=123 events=2 sounds=2 avg(step ev=0.02 snd=0.02) max(step ev=1 snd=1)
  events{shotP=0 shotE=1 dead=0 spawn=0 base=0 wall=0 start=0 playerExpl=1}
  sounds{shotP=0 shotE=1 dead=0 spawn=0 base=0 wall=0 start=0 playerExpl=1}
[MUSIC_PLAYER_WINDOW] label=menu calls=120 activeCalls=0 buffers=0 avg(buf/call=0.00 active=0.00) max(buf/call=0) upload(total=0.00ms avg=0.000ms max=0.000ms slow=0)
[MUSIC_PLAYER_WINDOW] label=gameplay calls=120 activeCalls=120 buffers=32 avg(buf/call=0.27 active=0.27) max(buf/call=1) upload(total=0.24ms avg=0.008ms max=0.009ms slow=0)

[PROFILE] frame=4560 budget=16.667ms alloc(+163/-163, +13016b/-13016b, live=396896b peak=459752b)
  frame.total                      win= 16.896ms avg= 16.896ms p95= 17.395ms max=106.256ms calls(last=  1,win= 120,total=4560) (win 101.4% | avg 101.4% budget)
  frame.cpu_work                   win= 10.202ms avg= 10.202ms p95= 12.114ms max=104.601ms calls(last=  1,win= 120,total=4560) (win 61.2% | avg 61.2% budget)
  frame.present                    win=  6.679ms avg=  6.679ms p95=  8.316ms max= 36.794ms calls(last=  1,win= 120,total=4560) (win 40.1% | avg 40.1% budget)
  frame.render                     win=  5.004ms avg=  5.004ms p95=  5.537ms max= 24.967ms calls(last=  1,win= 120,total=4560) (win 30.0% | avg 30.0% budget)
  frame.fixed_step                 win=  4.593ms avg=  4.708ms p95=  6.414ms max=102.340ms calls(last=  1,win= 123,total=4728) (win 27.6% | avg 28.2% budget)
  game.update                      win=  4.575ms avg=  4.689ms p95=  6.396ms max=102.308ms calls(last=  1,win= 123,total=3657) (win 27.4% | avg 28.1% budget)
  system.ai_update                 win=  4.406ms avg=  4.516ms p95=  6.237ms max= 11.340ms calls(last=  1,win= 123,total=3595) (win 26.4% | avg 27.1% budget)
  enemy.update                     win=  4.402ms avg=  4.512ms p95=  6.233ms max= 11.333ms calls(last=  1,win= 123,total=3595) (win 26.4% | avg 27.1% budget)
  frame.render.world               win=  2.312ms avg=  2.312ms p95=  2.780ms max= 10.392ms calls(last=  1,win= 120,total=3455) (win 13.9% | avg 13.9% budget)
  music.fill_buffer                win=  0.986ms avg=  0.255ms p95=  0.996ms max=  2.791ms calls(last=  0,win=  31,total=1230) (win 5.9% | avg 1.5% budget)
  frame.render.world.maze          win=  0.982ms avg=  0.982ms p95=  1.093ms max=  3.326ms calls(last=  1,win= 120,total=3455) (win 5.9% | avg 5.9% budget)
  frame.render.hud                 win=  0.858ms avg=  0.858ms p95=  0.926ms max=  2.474ms calls(last=  1,win= 120,total=3455) (win 5.1% | avg 5.1% budget)
  frame.render.world.effects       win=  0.594ms avg=  0.594ms p95=  0.923ms max=  2.414ms calls(last=  1,win= 120,total=3455) (win 3.6% | avg 3.6% budget)
  gameplay.music                   win=  0.433ms avg=  0.433ms p95=  1.312ms max= 28.353ms calls(last=  1,win= 120,total=4560) (win 2.6% | avg 2.6% budget)
  frame.render.hud.minimap         win=  0.431ms avg=  0.431ms p95=  0.479ms max=  1.302ms calls(last=  1,win= 120,total=3455) (win 2.6% | avg 2.6% budget)
  enemy.physics.frontal_collisions win=  0.370ms avg=  0.379ms p95=  0.422ms max=  1.935ms calls(last=  1,win= 123,total=3089) (win 2.2% | avg 2.3% budget)
  frame.render.world.enemies       win=  0.285ms avg=  0.285ms p95=  0.328ms max=  4.105ms calls(last=  1,win= 120,total=3455) (win 1.7% | avg 1.7% budget)
  enemy.physics.frontal_grid_build win=  0.282ms avg=  0.289ms p95=  0.334ms max=  1.775ms calls(last=  1,win= 123,total=3089) (win 1.7% | avg 1.7% budget)
  frame.render.world.enemies.draw  win=  0.233ms avg=  0.233ms p95=  0.274ms max=  4.065ms calls(last=  1,win= 120,total=3455) (win 1.4% | avg 1.4% budget)
  frame.render.hud.text            win=  0.224ms avg=  0.224ms p95=  0.263ms max=  0.638ms calls(last=  1,win= 120,total=3455) (win 1.3% | avg 1.3% budget)
  menu.music                       win=  0.218ms avg=  0.436ms p95=  1.312ms max= 28.353ms calls(last=  2,win= 240,total=9120) (win 1.3% | avg 2.6% budget)
  enemy.ai.movement                win=  0.110ms avg=  1.012ms p95=  1.109ms max=  2.604ms calls(last=  9,win=1107,total=21220) (win 0.7% | avg 6.1% budget)
  system.spawner_update            win=  0.071ms avg=  0.073ms p95=  0.078ms max=  0.635ms calls(last=  1,win= 123,total=3595) (win 0.4% | avg 0.4% budget)
  enemy.cheap.segment_build        win=  0.062ms avg=  0.010ms p95=  0.048ms max=  0.387ms calls(last=  0,win=  19,total=452) (win 0.4% | avg 0.1% budget)
[ENEMY_STATS] frame=4560 alive=118 visible=1 full=9 cheap=109 fullInBase=0 pairs(frontal=0 checks=0 separation=0 resolved=0)
[ENEMY_WINDOW] steps=123 alive[min=118 max=118] visible[min=1 max=2] full[min=9 max=9] collisionPasses[runs=123 skips=0]
[ENEMY_SEGMENTS] window=2.050s D{b/s=8.29 avgLen=5.29 fail=0} T{b/s=0.00 avgLen=0.00 fail=0} H{b/s=0.00 avgLen=0.00 fail=0} A{b/s=0.00 avgLen=0.00 fail=0}
[ENEMY_GRID] frontal{cand/s=540.0 xcell/s=0.5 ins/s=540.5} separation{cand/s=540.0}
[ENEMY_COLLISION_WINDOW] frontal{pairs/s=0.0 checks/s=0.0 baseSkip=0 kill=0(0.0%)} separation{pairs/s=0.0 resolved/s=0.0(0.0%) baseSkip=0 kill=0 wallBlock=0}
[ENEMY_NAV_CACHE] playerCell{changes=0 flowRebuilds=0} flow{hit=0 miss=0 hit%=0.0} pathFallback{calls=0 ok=0 ok%=0.0}
[ENEMY_SAP] updates=14514 active=1107 pairs=0 repairs{x=2 y=2}
[ENEMY_PAIR_TYPES] frontal DD=0 DT=0 DH=0 DA=0 TT=0 TH=0 TA=0 HH=0 HA=0 AA=0 separation DD=0 DT=0 DH=0 DA=0 TT=0 TH=0 TA=0 HH=0 HA=0 AA=0
[AUDIO_ROUTE_WINDOW] steps=123 events=0 sounds=0 avg(step ev=0.00 snd=0.00) max(step ev=0 snd=0)
  events{shotP=0 shotE=0 dead=0 spawn=0 base=0 wall=0 start=0 playerExpl=0}
  sounds{shotP=0 shotE=0 dead=0 spawn=0 base=0 wall=0 start=0 playerExpl=0}
[MUSIC_PLAYER_WINDOW] label=menu calls=120 activeCalls=0 buffers=0 avg(buf/call=0.00 active=0.00) max(buf/call=0) upload(total=0.00ms avg=0.000ms max=0.000ms slow=0)
[MUSIC_PLAYER_WINDOW] label=gameplay calls=120 activeCalls=120 buffers=32 avg(buf/call=0.27 active=0.27) max(buf/call=1) upload(total=0.24ms avg=0.007ms max=0.009ms slow=0)

[PROFILE] frame=4680 budget=16.667ms alloc(+55/-55, +4232b/-4232b, live=396896b peak=459752b)
  frame.total                      win= 16.922ms avg= 16.922ms p95= 17.388ms max=106.256ms calls(last=  1,win= 120,total=4680) (win 101.5% | avg 101.5% budget)
  frame.cpu_work                   win=  9.727ms avg=  9.727ms p95= 11.829ms max=104.601ms calls(last=  1,win= 120,total=4680) (win 58.4% | avg 58.4% budget)
  frame.present                    win=  7.180ms avg=  7.180ms p95=  8.520ms max= 36.794ms calls(last=  1,win= 120,total=4680) (win 43.1% | avg 43.1% budget)
  frame.render                     win=  5.023ms avg=  5.023ms p95=  5.528ms max= 24.967ms calls(last=  1,win= 120,total=4680) (win 30.1% | avg 30.1% budget)
  frame.fixed_step                 win=  4.136ms avg=  4.240ms p95=  5.857ms max=102.340ms calls(last=  1,win= 123,total=4851) (win 24.8% | avg 25.4% budget)
  game.update                      win=  4.118ms avg=  4.220ms p95=  5.828ms max=102.308ms calls(last=  1,win= 123,total=3780) (win 24.7% | avg 25.3% budget)
  system.ai_update                 win=  3.927ms avg=  4.025ms p95=  5.641ms max= 13.819ms calls(last=  1,win= 123,total=3718) (win 23.6% | avg 24.1% budget)
  enemy.update                     win=  3.923ms avg=  4.021ms p95=  5.637ms max= 13.810ms calls(last=  1,win= 123,total=3718) (win 23.5% | avg 24.1% budget)
  frame.render.world               win=  2.363ms avg=  2.363ms p95=  2.687ms max= 10.392ms calls(last=  1,win= 120,total=3575) (win 14.2% | avg 14.2% budget)
  music.fill_buffer                win=  0.981ms avg=  0.262ms p95=  1.008ms max=  2.791ms calls(last=  0,win=  32,total=1262) (win 5.9% | avg 1.6% budget)
  frame.render.world.maze          win=  0.899ms avg=  0.899ms p95=  0.987ms max=  3.326ms calls(last=  1,win= 120,total=3575) (win 5.4% | avg 5.4% budget)
  frame.render.hud                 win=  0.845ms avg=  0.845ms p95=  0.928ms max=  2.474ms calls(last=  1,win= 120,total=3575) (win 5.1% | avg 5.1% budget)
  frame.render.world.effects       win=  0.463ms avg=  0.463ms p95=  0.556ms max=  2.414ms calls(last=  1,win= 120,total=3575) (win 2.8% | avg 2.8% budget)
  frame.render.hud.minimap         win=  0.429ms avg=  0.429ms p95=  0.479ms max=  1.302ms calls(last=  1,win= 120,total=3575) (win 2.6% | avg 2.6% budget)
  gameplay.music                   win=  0.407ms avg=  0.407ms p95=  1.787ms max= 28.353ms calls(last=  1,win= 120,total=4680) (win 2.4% | avg 2.4% budget)
  enemy.physics.frontal_collisions win=  0.403ms avg=  0.413ms p95=  0.507ms max=  1.935ms calls(last=  1,win= 123,total=3212) (win 2.4% | avg 2.5% budget)
  enemy.physics.frontal_grid_build win=  0.284ms avg=  0.291ms p95=  0.368ms max=  1.775ms calls(last=  1,win= 123,total=3212) (win 1.7% | avg 1.7% budget)
  frame.render.world.enemies       win=  0.255ms avg=  0.255ms p95=  0.322ms max=  4.105ms calls(last=  1,win= 120,total=3575) (win 1.5% | avg 1.5% budget)
  frame.render.hud.text            win=  0.219ms avg=  0.219ms p95=  0.258ms max=  0.638ms calls(last=  1,win= 120,total=3575) (win 1.3% | avg 1.3% budget)
  menu.music                       win=  0.205ms avg=  0.409ms p95=  1.788ms max= 28.353ms calls(last=  2,win= 240,total=9360) (win 1.2% | avg 2.5% budget)
  frame.render.world.enemies.draw  win=  0.203ms avg=  0.203ms p95=  0.232ms max=  4.065ms calls(last=  1,win= 120,total=3575) (win 1.2% | avg 1.2% budget)
  enemy.ai.movement                win=  0.094ms avg=  0.555ms p95=  1.006ms max=  2.604ms calls(last=  4,win= 707,total=21927) (win 0.6% | avg 3.3% budget)
  enemy.physics.frontal_pair_traverse win=  0.087ms avg=  0.089ms p95=  0.097ms max=  0.362ms calls(last=  1,win= 123,total=3212) (win 0.5% | avg 0.5% budget)
  system.spawner_update            win=  0.070ms avg=  0.072ms p95=  0.085ms max=  0.635ms calls(last=  1,win= 123,total=3718) (win 0.4% | avg 0.4% budget)
[ENEMY_STATS] frame=4680 alive=118 visible=0 full=4 cheap=114 fullInBase=0 pairs(frontal=1 checks=1 separation=1 resolved=0)
[ENEMY_WINDOW] steps=123 alive[min=118 max=118] visible[min=0 max=1] full[min=3 max=9] collisionPasses[runs=123 skips=0]
[ENEMY_SEGMENTS] window=2.050s D{b/s=13.17 avgLen=5.40 fail=0} T{b/s=0.00 avgLen=0.00 fail=0} H{b/s=0.00 avgLen=0.00 fail=0} A{b/s=0.00 avgLen=0.00 fail=0}
[ENEMY_GRID] frontal{cand/s=342.4 xcell/s=1.5 ins/s=343.9} separation{cand/s=342.4}
[ENEMY_COLLISION_WINDOW] frontal{pairs/s=56.1 checks/s=56.1 baseSkip=0 kill=0(0.0%)} separation{pairs/s=56.1 resolved/s=0.0(0.0%) baseSkip=0 kill=0 wallBlock=0}
[ENEMY_NAV_CACHE] playerCell{changes=0 flowRebuilds=0} flow{hit=0 miss=0 hit%=0.0} pathFallback{calls=0 ok=0 ok%=0.0}
[ENEMY_SAP] updates=14514 active=702 pairs=115 repairs{x=115 y=129}
[ENEMY_PAIR_TYPES] frontal DD=115 DT=0 DH=0 DA=0 TT=0 TH=0 TA=0 HH=0 HA=0 AA=0 separation DD=115 DT=0 DH=0 DA=0 TT=0 TH=0 TA=0 HH=0 HA=0 AA=0
[AUDIO_ROUTE_WINDOW] steps=123 events=1 sounds=1 avg(step ev=0.01 snd=0.01) max(step ev=1 snd=1)
  events{shotP=0 shotE=0 dead=0 spawn=0 base=0 wall=0 start=1 playerExpl=0}
  sounds{shotP=0 shotE=0 dead=0 spawn=0 base=0 wall=0 start=1 playerExpl=0}
[MUSIC_PLAYER_WINDOW] label=menu calls=120 activeCalls=0 buffers=0 avg(buf/call=0.00 active=0.00) max(buf/call=0) upload(total=0.00ms avg=0.000ms max=0.000ms slow=0)
[MUSIC_PLAYER_WINDOW] label=gameplay calls=120 activeCalls=120 buffers=32 avg(buf/call=0.27 active=0.27) max(buf/call=1) upload(total=0.28ms avg=0.009ms max=0.055ms slow=0)

[PROFILE] frame=4800 budget=16.667ms alloc(+91/-91, +7112b/-7112b, live=396896b peak=459752b)
  frame.total                      win= 16.905ms avg= 16.905ms p95= 17.368ms max=106.256ms calls(last=  1,win= 120,total=4800) (win 101.4% | avg 101.4% budget)
  frame.cpu_work                   win=  9.606ms avg=  9.606ms p95= 12.075ms max=104.601ms calls(last=  1,win= 120,total=4800) (win 57.6% | avg 57.6% budget)
  frame.present                    win=  7.284ms avg=  7.284ms p95=  8.912ms max= 36.794ms calls(last=  1,win= 120,total=4800) (win 43.7% | avg 43.7% budget)
  frame.render                     win=  5.060ms avg=  5.060ms p95=  5.382ms max= 24.967ms calls(last=  1,win= 120,total=4800) (win 30.4% | avg 30.4% budget)
  frame.fixed_step                 win=  3.942ms avg=  4.040ms p95=  5.895ms max=102.340ms calls(last=  1,win= 123,total=4974) (win 23.7% | avg 24.2% budget)
  game.update                      win=  3.923ms avg=  4.021ms p95=  5.877ms max=102.308ms calls(last=  1,win= 123,total=3903) (win 23.5% | avg 24.1% budget)
  system.ai_update                 win=  3.712ms avg=  3.805ms p95=  5.682ms max= 13.819ms calls(last=  1,win= 123,total=3841) (win 22.3% | avg 22.8% budget)
  enemy.update                     win=  3.708ms avg=  3.800ms p95=  5.678ms max= 13.810ms calls(last=  1,win= 123,total=3841) (win 22.2% | avg 22.8% budget)
  frame.render.world               win=  2.424ms avg=  2.424ms p95=  2.625ms max= 10.392ms calls(last=  1,win= 120,total=3695) (win 14.5% | avg 14.5% budget)
  music.fill_buffer                win=  0.971ms avg=  0.267ms p95=  1.010ms max=  2.791ms calls(last=  1,win=  33,total=1295) (win 5.8% | avg 1.6% budget)
  frame.render.world.maze          win=  0.858ms avg=  0.858ms p95=  0.950ms max=  3.326ms calls(last=  1,win= 120,total=3695) (win 5.2% | avg 5.2% budget)
  frame.render.hud                 win=  0.841ms avg=  0.841ms p95=  0.897ms max=  2.474ms calls(last=  1,win= 120,total=3695) (win 5.0% | avg 5.0% budget)
  frame.render.world.effects       win=  0.518ms avg=  0.518ms p95=  0.566ms max=  7.424ms calls(last=  1,win= 120,total=3695) (win 3.1% | avg 3.1% budget)
  gameplay.music                   win=  0.448ms avg=  0.448ms p95=  2.316ms max= 28.353ms calls(last=  1,win= 120,total=4800) (win 2.7% | avg 2.7% budget)
  frame.render.hud.minimap         win=  0.427ms avg=  0.427ms p95=  0.469ms max=  1.302ms calls(last=  1,win= 120,total=3695) (win 2.6% | avg 2.6% budget)
  enemy.physics.frontal_collisions win=  0.399ms avg=  0.409ms p95=  0.431ms max=  1.935ms calls(last=  1,win= 123,total=3335) (win 2.4% | avg 2.5% budget)
  enemy.physics.frontal_grid_build win=  0.279ms avg=  0.286ms p95=  0.306ms max=  1.775ms calls(last=  1,win= 123,total=3335) (win 1.7% | avg 1.7% budget)
  frame.render.world.enemies       win=  0.233ms avg=  0.233ms p95=  0.272ms max=  4.105ms calls(last=  1,win= 120,total=3695) (win 1.4% | avg 1.4% budget)
  menu.music                       win=  0.225ms avg=  0.450ms p95=  2.316ms max= 28.353ms calls(last=  2,win= 240,total=9600) (win 1.4% | avg 2.7% budget)
  frame.render.hud.text            win=  0.224ms avg=  0.224ms p95=  0.260ms max=  0.638ms calls(last=  1,win= 120,total=3695) (win 1.3% | avg 1.3% budget)
  frame.render.world.enemies.draw  win=  0.185ms avg=  0.185ms p95=  0.220ms max=  4.065ms calls(last=  1,win= 120,total=3695) (win 1.1% | avg 1.1% budget)
  enemy.ai.movement                win=  0.091ms avg=  0.437ms p95=  0.595ms max=  2.604ms calls(last=  6,win= 575,total=22502) (win 0.5% | avg 2.6% budget)
  enemy.physics.frontal_pair_traverse win=  0.090ms avg=  0.092ms p95=  0.108ms max=  0.362ms calls(last=  1,win= 123,total=3335) (win 0.5% | avg 0.6% budget)
  system.spawner_update            win=  0.068ms avg=  0.070ms p95=  0.072ms max=  0.635ms calls(last=  1,win= 123,total=3841) (win 0.4% | avg 0.4% budget)
[ENEMY_STATS] frame=4800 alive=118 visible=0 full=6 cheap=112 fullInBase=0 pairs(frontal=1 checks=1 separation=1 resolved=0)
[ENEMY_WINDOW] steps=123 alive[min=118 max=118] visible[min=0 max=0] full[min=4 max=6] collisionPasses[runs=123 skips=0]
[ENEMY_SEGMENTS] window=2.050s D{b/s=8.78 avgLen=4.40 fail=0} T{b/s=0.00 avgLen=0.00 fail=0} H{b/s=0.00 avgLen=0.00 fail=0} A{b/s=0.00 avgLen=0.00 fail=0}
[ENEMY_GRID] frontal{cand/s=281.5 xcell/s=2.0 ins/s=283.4} separation{cand/s=281.5}
[ENEMY_COLLISION_WINDOW] frontal{pairs/s=60.0 checks/s=60.0 baseSkip=0 kill=0(0.0%)} separation{pairs/s=60.0 resolved/s=0.0(0.0%) baseSkip=0 kill=0 wallBlock=0}
[ENEMY_NAV_CACHE] playerCell{changes=0 flowRebuilds=0} flow{hit=0 miss=0 hit%=0.0} pathFallback{calls=0 ok=0 ok%=0.0}
[ENEMY_SAP] updates=14514 active=577 pairs=123 repairs{x=1 y=5}
[ENEMY_PAIR_TYPES] frontal DD=123 DT=0 DH=0 DA=0 TT=0 TH=0 TA=0 HH=0 HA=0 AA=0 separation DD=123 DT=0 DH=0 DA=0 TT=0 TH=0 TA=0 HH=0 HA=0 AA=0
[AUDIO_ROUTE_WINDOW] steps=123 events=0 sounds=0 avg(step ev=0.00 snd=0.00) max(step ev=0 snd=0)
  events{shotP=0 shotE=0 dead=0 spawn=0 base=0 wall=0 start=0 playerExpl=0}
  sounds{shotP=0 shotE=0 dead=0 spawn=0 base=0 wall=0 start=0 playerExpl=0}
[MUSIC_PLAYER_WINDOW] label=menu calls=120 activeCalls=0 buffers=0 avg(buf/call=0.00 active=0.00) max(buf/call=0) upload(total=0.00ms avg=0.000ms max=0.000ms slow=0)
[MUSIC_PLAYER_WINDOW] label=gameplay calls=120 activeCalls=120 buffers=32 avg(buf/call=0.27 active=0.27) max(buf/call=1) upload(total=0.24ms avg=0.008ms max=0.011ms slow=0)

[PROFILE] frame=4920 budget=16.667ms alloc(+82/-82, +6464b/-6464b, live=397472b peak=459752b)
  frame.total                      win= 16.893ms avg= 16.893ms p95= 17.350ms max=106.256ms calls(last=  1,win= 120,total=4920) (win 101.4% | avg 101.4% budget)
  frame.cpu_work                   win=  9.934ms avg=  9.934ms p95= 11.924ms max=104.601ms calls(last=  1,win= 120,total=4920) (win 59.6% | avg 59.6% budget)
  frame.present                    win=  6.944ms avg=  6.944ms p95=  8.449ms max= 36.794ms calls(last=  1,win= 120,total=4920) (win 41.7% | avg 41.7% budget)
  frame.render                     win=  4.980ms avg=  4.980ms p95=  5.291ms max= 24.967ms calls(last=  1,win= 120,total=4920) (win 29.9% | avg 29.9% budget)
  frame.fixed_step                 win=  4.444ms avg=  4.518ms p95=  6.079ms max=102.340ms calls(last=  1,win= 122,total=5096) (win 26.7% | avg 27.1% budget)
  game.update                      win=  4.426ms avg=  4.499ms p95=  6.062ms max=102.308ms calls(last=  1,win= 122,total=4025) (win 26.6% | avg 27.0% budget)
  system.ai_update                 win=  4.207ms avg=  4.277ms p95=  5.821ms max= 13.819ms calls(last=  1,win= 122,total=3963) (win 25.2% | avg 25.7% budget)
  enemy.update                     win=  4.203ms avg=  4.273ms p95=  5.817ms max= 13.810ms calls(last=  1,win= 122,total=3963) (win 25.2% | avg 25.6% budget)
  frame.render.world               win=  2.335ms avg=  2.335ms p95=  2.564ms max= 10.392ms calls(last=  1,win= 120,total=3815) (win 14.0% | avg 14.0% budget)
  music.fill_buffer                win=  1.005ms avg=  0.268ms p95=  1.034ms max=  2.791ms calls(last=  1,win=  32,total=1327) (win 6.0% | avg 1.6% budget)
  frame.render.world.maze          win=  0.870ms avg=  0.870ms p95=  0.957ms max=  3.326ms calls(last=  1,win= 120,total=3815) (win 5.2% | avg 5.2% budget)
  frame.render.hud                 win=  0.850ms avg=  0.850ms p95=  0.945ms max=  2.474ms calls(last=  1,win= 120,total=3815) (win 5.1% | avg 5.1% budget)
  frame.render.world.effects       win=  0.454ms avg=  0.454ms p95=  0.551ms max=  7.424ms calls(last=  1,win= 120,total=3815) (win 2.7% | avg 2.7% budget)
  frame.render.hud.minimap         win=  0.431ms avg=  0.431ms p95=  0.482ms max=  1.302ms calls(last=  1,win= 120,total=3815) (win 2.6% | avg 2.6% budget)
  enemy.physics.frontal_collisions win=  0.395ms avg=  0.402ms p95=  0.446ms max=  1.935ms calls(last=  1,win= 122,total=3457) (win 2.4% | avg 2.4% budget)
  gameplay.music                   win=  0.377ms avg=  0.377ms p95=  1.339ms max= 28.353ms calls(last=  1,win= 120,total=4920) (win 2.3% | avg 2.3% budget)
  enemy.physics.frontal_grid_build win=  0.287ms avg=  0.292ms p95=  0.309ms max=  1.775ms calls(last=  1,win= 122,total=3457) (win 1.7% | avg 1.8% budget)
  frame.render.world.enemies       win=  0.236ms avg=  0.236ms p95=  0.276ms max=  4.105ms calls(last=  1,win= 120,total=3815) (win 1.4% | avg 1.4% budget)
  frame.render.hud.text            win=  0.227ms avg=  0.227ms p95=  0.268ms max=  0.638ms calls(last=  1,win= 120,total=3815) (win 1.4% | avg 1.4% budget)
  menu.music                       win=  0.190ms avg=  0.380ms p95=  1.339ms max= 28.353ms calls(last=  2,win= 240,total=9840) (win 1.1% | avg 2.3% budget)
  frame.render.world.enemies.draw  win=  0.187ms avg=  0.187ms p95=  0.228ms max=  4.065ms calls(last=  1,win= 120,total=3815) (win 1.1% | avg 1.1% budget)
  enemy.ai.movement                win=  0.117ms avg=  0.714ms p95=  0.835ms max=  2.604ms calls(last=  5,win= 735,total=23237) (win 0.7% | avg 4.3% budget)
  enemy.physics.frontal_pair_traverse win=  0.076ms avg=  0.078ms p95=  0.111ms max=  0.362ms calls(last=  1,win= 122,total=3457) (win 0.5% | avg 0.5% budget)
  system.spawner_update            win=  0.071ms avg=  0.072ms p95=  0.090ms max=  0.635ms calls(last=  1,win= 122,total=3963) (win 0.4% | avg 0.4% budget)
[ENEMY_STATS] frame=4920 alive=119 visible=0 full=5 cheap=114 fullInBase=0 pairs(frontal=0 checks=0 separation=0 resolved=0)
[ENEMY_WINDOW] steps=122 alive[min=118 max=119] visible[min=0 max=0] full[min=5 max=7] collisionPasses[runs=122 skips=0]
[ENEMY_SEGMENTS] window=2.033s D{b/s=11.80 avgLen=4.77 fail=0} T{b/s=0.00 avgLen=0.00 fail=0} H{b/s=0.00 avgLen=0.00 fail=0} A{b/s=0.00 avgLen=0.00 fail=0}
[ENEMY_GRID] frontal{cand/s=361.0 xcell/s=2.0 ins/s=363.0} separation{cand/s=361.0}
[ENEMY_COLLISION_WINDOW] frontal{pairs/s=12.3 checks/s=12.3 baseSkip=0 kill=0(0.0%)} separation{pairs/s=12.3 resolved/s=0.5(4.0%) baseSkip=0 kill=0 wallBlock=0}
[ENEMY_NAV_CACHE] playerCell{changes=0 flowRebuilds=0} flow{hit=0 miss=0 hit%=0.0} pathFallback{calls=0 ok=0 ok%=0.0}
[ENEMY_SAP] updates=14517 active=734 pairs=25 repairs{x=569 y=572}
[ENEMY_PAIR_TYPES] frontal DD=10 DT=15 DH=0 DA=0 TT=0 TH=0 TA=0 HH=0 HA=0 AA=0 separation DD=10 DT=15 DH=0 DA=0 TT=0 TH=0 TA=0 HH=0 HA=0 AA=0
[AUDIO_ROUTE_WINDOW] steps=122 events=1 sounds=0 avg(step ev=0.01 snd=0.00) max(step ev=1 snd=0)
  events{shotP=0 shotE=0 dead=0 spawn=1 base=0 wall=0 start=0 playerExpl=0}
  sounds{shotP=0 shotE=0 dead=0 spawn=0 base=0 wall=0 start=0 playerExpl=0}
[MUSIC_PLAYER_WINDOW] label=menu calls=120 activeCalls=0 buffers=0 avg(buf/call=0.00 active=0.00) max(buf/call=0) upload(total=0.00ms avg=0.000ms max=0.000ms slow=0)
[MUSIC_PLAYER_WINDOW] label=gameplay calls=120 activeCalls=120 buffers=32 avg(buf/call=0.27 active=0.27) max(buf/call=1) upload(total=0.24ms avg=0.008ms max=0.009ms slow=0)

[PROFILE] frame=5040 budget=16.667ms alloc(+91/-91, +7112b/-7112b, live=397488b peak=459752b)
  frame.total                      win= 16.892ms avg= 16.892ms p95= 17.276ms max=106.256ms calls(last=  1,win= 120,total=5040) (win 101.4% | avg 101.4% budget)
  frame.cpu_work                   win=  9.883ms avg=  9.883ms p95= 12.184ms max=104.601ms calls(last=  1,win= 120,total=5040) (win 59.3% | avg 59.3% budget)
  frame.present                    win=  6.994ms avg=  6.994ms p95=  8.616ms max= 36.794ms calls(last=  1,win= 120,total=5040) (win 42.0% | avg 42.0% budget)
  frame.render                     win=  5.111ms avg=  5.111ms p95=  5.468ms max= 24.967ms calls(last=  1,win= 120,total=5040) (win 30.7% | avg 30.7% budget)
  frame.fixed_step                 win=  4.191ms avg=  4.296ms p95=  5.884ms max=102.340ms calls(last=  1,win= 123,total=5219) (win 25.1% | avg 25.8% budget)
  game.update                      win=  4.172ms avg=  4.277ms p95=  5.866ms max=102.308ms calls(last=  1,win= 123,total=4148) (win 25.0% | avg 25.7% budget)
  system.ai_update                 win=  3.947ms avg=  4.046ms p95=  5.650ms max= 13.819ms calls(last=  1,win= 123,total=4086) (win 23.7% | avg 24.3% budget)
  enemy.update                     win=  3.943ms avg=  4.041ms p95=  5.645ms max= 13.810ms calls(last=  1,win= 123,total=4086) (win 23.7% | avg 24.2% budget)
  frame.render.world               win=  2.446ms avg=  2.446ms p95=  2.692ms max= 10.392ms calls(last=  1,win= 120,total=3935) (win 14.7% | avg 14.7% budget)
  music.fill_buffer                win=  0.988ms avg=  0.263ms p95=  1.018ms max=  2.791ms calls(last=  1,win=  32,total=1359) (win 5.9% | avg 1.6% budget)
  frame.render.world.maze          win=  0.976ms avg=  0.976ms p95=  1.131ms max=  3.326ms calls(last=  1,win= 120,total=3935) (win 5.9% | avg 5.9% budget)
  frame.render.hud                 win=  0.848ms avg=  0.848ms p95=  0.932ms max=  2.474ms calls(last=  1,win= 120,total=3935) (win 5.1% | avg 5.1% budget)
  frame.render.world.effects       win=  0.460ms avg=  0.460ms p95=  0.561ms max=  7.424ms calls(last=  1,win= 120,total=3935) (win 2.8% | avg 2.8% budget)
  frame.render.hud.minimap         win=  0.428ms avg=  0.428ms p95=  0.468ms max=  1.302ms calls(last=  1,win= 120,total=3935) (win 2.6% | avg 2.6% budget)
  gameplay.music                   win=  0.418ms avg=  0.418ms p95=  1.847ms max= 28.353ms calls(last=  1,win= 120,total=5040) (win 2.5% | avg 2.5% budget)
  enemy.physics.frontal_collisions win=  0.389ms avg=  0.399ms p95=  0.581ms max=  1.935ms calls(last=  1,win= 123,total=3580) (win 2.3% | avg 2.4% budget)
  enemy.physics.frontal_grid_build win=  0.296ms avg=  0.304ms p95=  0.488ms max=  1.775ms calls(last=  1,win= 123,total=3580) (win 1.8% | avg 1.8% budget)
  frame.render.world.enemies       win=  0.235ms avg=  0.235ms p95=  0.272ms max=  4.105ms calls(last=  1,win= 120,total=3935) (win 1.4% | avg 1.4% budget)
  frame.render.hud.text            win=  0.228ms avg=  0.228ms p95=  0.278ms max=  0.638ms calls(last=  1,win= 120,total=3935) (win 1.4% | avg 1.4% budget)
  menu.music                       win=  0.211ms avg=  0.421ms p95=  1.849ms max= 28.353ms calls(last=  2,win= 240,total=10080) (win 1.3% | avg 2.5% budget)
  frame.render.world.enemies.draw  win=  0.186ms avg=  0.186ms p95=  0.222ms max=  4.065ms calls(last=  1,win= 120,total=3935) (win 1.1% | avg 1.1% budget)
  enemy.ai.movement                win=  0.099ms avg=  0.562ms p95=  0.754ms max=  2.604ms calls(last=  6,win= 678,total=23915) (win 0.6% | avg 3.4% budget)
  system.spawner_update            win=  0.071ms avg=  0.072ms p95=  0.107ms max=  0.635ms calls(last=  1,win= 123,total=4086) (win 0.4% | avg 0.4% budget)
  enemy.physics.frontal_pair_traverse win=  0.059ms avg=  0.061ms p95=  0.079ms max=  0.362ms calls(last=  1,win= 123,total=3580) (win 0.4% | avg 0.4% budget)
[ENEMY_STATS] frame=5040 alive=120 visible=0 full=6 cheap=114 fullInBase=0 pairs(frontal=0 checks=0 separation=0 resolved=0)
[ENEMY_WINDOW] steps=123 alive[min=119 max=120] visible[min=0 max=0] full[min=5 max=6] collisionPasses[runs=123 skips=0]
[ENEMY_SEGMENTS] window=2.050s D{b/s=10.73 avgLen=4.69 fail=0} T{b/s=0.00 avgLen=0.00 fail=0} H{b/s=0.00 avgLen=0.00 fail=0} A{b/s=0.00 avgLen=0.00 fail=0}
[ENEMY_GRID] frontal{cand/s=331.2 xcell/s=0.5 ins/s=331.7} separation{cand/s=331.2}
[ENEMY_COLLISION_WINDOW] frontal{pairs/s=0.0 checks/s=0.0 baseSkip=0 kill=0(0.0%)} separation{pairs/s=0.0 resolved/s=0.0(0.0%) baseSkip=0 kill=0 wallBlock=0}
[ENEMY_NAV_CACHE] playerCell{changes=0 flowRebuilds=0} flow{hit=0 miss=0 hit%=0.0} pathFallback{calls=0 ok=0 ok%=0.0}
[ENEMY_SAP] updates=14755 active=679 pairs=0 repairs{x=463 y=472}
[ENEMY_PAIR_TYPES] frontal DD=0 DT=0 DH=0 DA=0 TT=0 TH=0 TA=0 HH=0 HA=0 AA=0 separation DD=0 DT=0 DH=0 DA=0 TT=0 TH=0 TA=0 HH=0 HA=0 AA=0
[AUDIO_ROUTE_WINDOW] steps=123 events=1 sounds=1 avg(step ev=0.01 snd=0.01) max(step ev=1 snd=1)
  events{shotP=0 shotE=0 dead=0 spawn=1 base=0 wall=0 start=0 playerExpl=0}
  sounds{shotP=0 shotE=0 dead=0 spawn=1 base=0 wall=0 start=0 playerExpl=0}
[MUSIC_PLAYER_WINDOW] label=menu calls=120 activeCalls=0 buffers=0 avg(buf/call=0.00 active=0.00) max(buf/call=0) upload(total=0.00ms avg=0.000ms max=0.000ms slow=0)
[MUSIC_PLAYER_WINDOW] label=gameplay calls=120 activeCalls=120 buffers=32 avg(buf/call=0.27 active=0.27) max(buf/call=1) upload(total=0.24ms avg=0.007ms max=0.010ms slow=0)

[PROFILE] frame=5160 budget=16.667ms alloc(+136/-136, +10784b/-10784b, live=397488b peak=459752b)
  frame.total                      win= 16.880ms avg= 16.880ms p95= 17.360ms max=106.256ms calls(last=  1,win= 120,total=5160) (win 101.3% | avg 101.3% budget)
  frame.cpu_work                   win= 10.366ms avg= 10.366ms p95= 13.141ms max=104.601ms calls(last=  1,win= 120,total=5160) (win 62.2% | avg 62.2% budget)
  frame.present                    win=  6.498ms avg=  6.498ms p95=  8.414ms max= 36.794ms calls(last=  1,win= 120,total=5160) (win 39.0% | avg 39.0% budget)
  frame.render                     win=  5.216ms avg=  5.216ms p95=  5.782ms max= 24.967ms calls(last=  1,win= 120,total=5160) (win 31.3% | avg 31.3% budget)
  frame.fixed_step                 win=  4.499ms avg=  4.611ms p95=  6.195ms max=102.340ms calls(last=  1,win= 123,total=5342) (win 27.0% | avg 27.7% budget)
  game.update                      win=  4.479ms avg=  4.591ms p95=  6.177ms max=102.308ms calls(last=  1,win= 123,total=4271) (win 26.9% | avg 27.5% budget)
  system.ai_update                 win=  4.232ms avg=  4.337ms p95=  5.959ms max= 13.819ms calls(last=  1,win= 123,total=4209) (win 25.4% | avg 26.0% budget)
  enemy.update                     win=  4.227ms avg=  4.332ms p95=  5.955ms max= 13.810ms calls(last=  1,win= 123,total=4209) (win 25.4% | avg 26.0% budget)
  frame.render.world               win=  2.611ms avg=  2.611ms p95=  2.913ms max= 10.392ms calls(last=  1,win= 120,total=4055) (win 15.7% | avg 15.7% budget)
  frame.render.world.maze          win=  1.043ms avg=  1.043ms p95=  1.122ms max=  3.326ms calls(last=  1,win= 120,total=4055) (win 6.3% | avg 6.3% budget)
  music.fill_buffer                win=  0.969ms avg=  0.250ms p95=  0.992ms max=  2.791ms calls(last=  0,win=  31,total=1390) (win 5.8% | avg 1.5% budget)
  frame.render.hud                 win=  0.845ms avg=  0.845ms p95=  0.917ms max=  2.474ms calls(last=  1,win= 120,total=4055) (win 5.1% | avg 5.1% budget)
  frame.render.world.effects       win=  0.516ms avg=  0.516ms p95=  0.624ms max=  7.424ms calls(last=  1,win= 120,total=4055) (win 3.1% | avg 3.1% budget)
  gameplay.music                   win=  0.480ms avg=  0.480ms p95=  2.560ms max= 28.353ms calls(last=  1,win= 120,total=5160) (win 2.9% | avg 2.9% budget)
  frame.render.hud.minimap         win=  0.430ms avg=  0.430ms p95=  0.486ms max=  1.302ms calls(last=  1,win= 120,total=4055) (win 2.6% | avg 2.6% budget)
  enemy.physics.frontal_collisions win=  0.367ms avg=  0.377ms p95=  0.420ms max=  1.935ms calls(last=  1,win= 123,total=3703) (win 2.2% | avg 2.3% budget)
  enemy.physics.frontal_grid_build win=  0.283ms avg=  0.290ms p95=  0.325ms max=  1.775ms calls(last=  1,win= 123,total=3703) (win 1.7% | avg 1.7% budget)
  frame.render.world.enemies       win=  0.259ms avg=  0.259ms p95=  0.306ms max=  4.105ms calls(last=  1,win= 120,total=4055) (win 1.6% | avg 1.6% budget)
  menu.music                       win=  0.242ms avg=  0.484ms p95=  2.561ms max= 28.353ms calls(last=  2,win= 240,total=10320) (win 1.5% | avg 2.9% budget)
  frame.render.hud.text            win=  0.225ms avg=  0.225ms p95=  0.261ms max=  0.638ms calls(last=  1,win= 120,total=4055) (win 1.3% | avg 1.3% budget)
  frame.render.world.enemies.draw  win=  0.209ms avg=  0.209ms p95=  0.251ms max=  4.065ms calls(last=  1,win= 120,total=4055) (win 1.3% | avg 1.3% budget)
  enemy.ai.movement                win=  0.102ms avg=  0.717ms p95=  0.917ms max=  2.604ms calls(last=  8,win= 841,total=24756) (win 0.6% | avg 4.3% budget)
  enemy.cheap.segment_build        win=  0.073ms avg=  0.016ms p95=  0.052ms max=  0.742ms calls(last=  0,win=  27,total=570) (win 0.4% | avg 0.1% budget)
  system.spawner_update            win=  0.071ms avg=  0.073ms p95=  0.101ms max=  0.635ms calls(last=  1,win= 123,total=4209) (win 0.4% | avg 0.4% budget)
[ENEMY_STATS] frame=5160 alive=120 visible=1 full=8 cheap=112 fullInBase=0 pairs(frontal=0 checks=0 separation=0 resolved=0)
[ENEMY_WINDOW] steps=123 alive[min=120 max=120] visible[min=0 max=1] full[min=6 max=8] collisionPasses[runs=123 skips=0]
[ENEMY_SEGMENTS] window=2.050s D{b/s=12.68 avgLen=5.36 fail=0} T{b/s=0.00 avgLen=0.00 fail=0} H{b/s=0.00 avgLen=0.00 fail=0} A{b/s=0.00 avgLen=0.00 fail=0}
[ENEMY_GRID] frontal{cand/s=411.2 xcell/s=2.0 ins/s=413.2} separation{cand/s=411.2}
[ENEMY_COLLISION_WINDOW] frontal{pairs/s=0.0 checks/s=0.0 baseSkip=0 kill=0(0.0%)} separation{pairs/s=0.0 resolved/s=0.0(0.0%) baseSkip=0 kill=0 wallBlock=0}
[ENEMY_NAV_CACHE] playerCell{changes=0 flowRebuilds=0} flow{hit=0 miss=0 hit%=0.0} pathFallback{calls=0 ok=0 ok%=0.0}
[ENEMY_SAP] updates=14760 active=843 pairs=0 repairs{x=174 y=178}
[ENEMY_PAIR_TYPES] frontal DD=0 DT=0 DH=0 DA=0 TT=0 TH=0 TA=0 HH=0 HA=0 AA=0 separation DD=0 DT=0 DH=0 DA=0 TT=0 TH=0 TA=0 HH=0 HA=0 AA=0
[AUDIO_ROUTE_WINDOW] steps=123 events=4 sounds=4 avg(step ev=0.03 snd=0.03) max(step ev=1 snd=1)
  events{shotP=2 shotE=2 dead=0 spawn=0 base=0 wall=0 start=0 playerExpl=0}
  sounds{shotP=2 shotE=2 dead=0 spawn=0 base=0 wall=0 start=0 playerExpl=0}
[MUSIC_PLAYER_WINDOW] label=menu calls=120 activeCalls=0 buffers=0 avg(buf/call=0.00 active=0.00) max(buf/call=0) upload(total=0.00ms avg=0.000ms max=0.000ms slow=0)
[MUSIC_PLAYER_WINDOW] label=gameplay calls=120 activeCalls=120 buffers=32 avg(buf/call=0.27 active=0.27) max(buf/call=1) upload(total=0.24ms avg=0.008ms max=0.009ms slow=0)

[PROFILE] frame=5280 budget=16.667ms alloc(+118/-118, +9344b/-9344b, live=397488b peak=459752b)
  frame.total                      win= 17.325ms avg= 17.325ms p95= 19.530ms max=106.256ms calls(last=  1,win= 120,total=5280) (win 104.0% | avg 104.0% budget)
  frame.cpu_work                   win= 12.289ms avg= 12.289ms p95= 17.516ms max=104.601ms calls(last=  1,win= 120,total=5280) (win 73.7% | avg 73.7% budget)
  frame.render                     win=  5.468ms avg=  5.468ms p95=  5.778ms max= 24.967ms calls(last=  1,win= 120,total=5280) (win 32.8% | avg 32.8% budget)
  frame.fixed_step                 win=  5.161ms avg=  5.377ms p95=  7.303ms max=102.340ms calls(last=  1,win= 125,total=5467) (win 31.0% | avg 32.3% budget)
  game.update                      win=  5.121ms avg=  5.334ms p95=  7.285ms max=102.308ms calls(last=  1,win= 125,total=4396) (win 30.7% | avg 32.0% budget)
  frame.present                    win=  5.020ms avg=  5.020ms p95=  7.094ms max= 36.794ms calls(last=  1,win= 120,total=5280) (win 30.1% | avg 30.1% budget)
  system.ai_update                 win=  4.770ms avg=  4.969ms p95=  6.938ms max= 13.819ms calls(last=  1,win= 125,total=4334) (win 28.6% | avg 29.8% budget)
  enemy.update                     win=  4.766ms avg=  4.964ms p95=  6.935ms max= 13.810ms calls(last=  1,win= 125,total=4334) (win 28.6% | avg 29.8% budget)
  frame.render.world               win=  2.839ms avg=  2.839ms p95=  3.099ms max= 10.392ms calls(last=  1,win= 120,total=4175) (win 17.0% | avg 17.0% budget)
  gameplay.music                   win=  1.388ms avg=  1.388ms p95=  6.607ms max= 28.353ms calls(last=  1,win= 120,total=5280) (win 8.3% | avg 8.3% budget)
  frame.render.world.maze          win=  1.067ms avg=  1.067ms p95=  1.186ms max=  3.452ms calls(last=  1,win= 120,total=4175) (win 6.4% | avg 6.4% budget)
  music.fill_buffer                win=  0.973ms avg=  0.268ms p95=  0.990ms max=  2.791ms calls(last=  0,win=  33,total=1423) (win 5.8% | avg 1.6% budget)
  frame.render.hud                 win=  0.848ms avg=  0.848ms p95=  0.895ms max=  2.474ms calls(last=  1,win= 120,total=4175) (win 5.1% | avg 5.1% budget)
  menu.music                       win=  0.695ms avg=  1.391ms p95=  6.606ms max= 28.353ms calls(last=  2,win= 240,total=10560) (win 4.2% | avg 8.3% budget)
  frame.render.world.effects       win=  0.621ms avg=  0.621ms p95=  0.701ms max=  7.424ms calls(last=  1,win= 120,total=4175) (win 3.7% | avg 3.7% budget)
  frame.render.hud.minimap         win=  0.427ms avg=  0.427ms p95=  0.469ms max=  1.302ms calls(last=  1,win= 120,total=4175) (win 2.6% | avg 2.6% budget)
  enemy.physics.frontal_collisions win=  0.381ms avg=  0.397ms p95=  0.667ms max=  1.935ms calls(last=  1,win= 125,total=3828) (win 2.3% | avg 2.4% budget)
  frame.render.world.enemies       win=  0.377ms avg=  0.377ms p95=  0.440ms max=  4.105ms calls(last=  1,win= 120,total=4175) (win 2.3% | avg 2.3% budget)
  frame.render.world.enemies.draw  win=  0.320ms avg=  0.320ms p95=  0.387ms max=  4.065ms calls(last=  1,win= 120,total=4175) (win 1.9% | avg 1.9% budget)
  enemy.physics.frontal_grid_build win=  0.295ms avg=  0.307ms p95=  0.539ms max=  1.775ms calls(last=  1,win= 125,total=3828) (win 1.8% | avg 1.8% budget)
  frame.render.hud.text            win=  0.226ms avg=  0.226ms p95=  0.272ms max=  0.638ms calls(last=  1,win= 120,total=4175) (win 1.4% | avg 1.4% budget)
  system.physics_collision         win=  0.156ms avg=  0.162ms p95=  0.224ms max= 14.231ms calls(last=  1,win= 125,total=4334) (win 0.9% | avg 1.0% budget)
  frame.render.world.effects.projectiles win=  0.114ms avg=  0.114ms p95=  0.148ms max=  0.535ms calls(last=  1,win= 120,total=1636) (win 0.7% | avg 0.7% budget)
  enemy.ai.movement                win=  0.112ms avg=  0.892ms p95=  1.094ms max=  2.604ms calls(last=  7,win= 953,total=25709) (win 0.7% | avg 5.4% budget)
[ENEMY_STATS] frame=5280 alive=118 visible=4 full=7 cheap=111 fullInBase=0 pairs(frontal=0 checks=0 separation=0 resolved=0)
[ENEMY_WINDOW] steps=125 alive[min=118 max=120] visible[min=1 max=5] full[min=7 max=9] collisionPasses[runs=125 skips=0]
[ENEMY_SEGMENTS] window=2.083s D{b/s=11.04 avgLen=5.51 fail=0} T{b/s=0.00 avgLen=0.00 fail=0} H{b/s=0.00 avgLen=0.00 fail=0} A{b/s=0.00 avgLen=0.00 fail=0}
[ENEMY_GRID] frontal{cand/s=457.0 xcell/s=1.4 ins/s=458.4} separation{cand/s=457.0}
[ENEMY_COLLISION_WINDOW] frontal{pairs/s=0.0 checks/s=0.0 baseSkip=0 kill=0(0.0%)} separation{pairs/s=0.0 resolved/s=0.0(0.0%) baseSkip=0 kill=0 wallBlock=0}
[ENEMY_NAV_CACHE] playerCell{changes=0 flowRebuilds=0} flow{hit=0 miss=0 hit%=0.0} pathFallback{calls=0 ok=0 ok%=0.0}
[ENEMY_SAP] updates=14864 active=952 pairs=0 repairs{x=1144 y=1155}
[ENEMY_PAIR_TYPES] frontal DD=0 DT=0 DH=0 DA=0 TT=0 TH=0 TA=0 HH=0 HA=0 AA=0 separation DD=0 DT=0 DH=0 DA=0 TT=0 TH=0 TA=0 HH=0 HA=0 AA=0
[AUDIO_ROUTE_WINDOW] steps=125 events=10 sounds=10 avg(step ev=0.08 snd=0.08) max(step ev=1 snd=1)
  events{shotP=6 shotE=1 dead=2 spawn=0 base=0 wall=1 start=0 playerExpl=0}
  sounds{shotP=6 shotE=1 dead=2 spawn=0 base=0 wall=1 start=0 playerExpl=0}
[MUSIC_PLAYER_WINDOW] label=menu calls=120 activeCalls=0 buffers=0 avg(buf/call=0.00 active=0.00) max(buf/call=0) upload(total=0.00ms avg=0.000ms max=0.000ms slow=0)
[MUSIC_PLAYER_WINDOW] label=gameplay calls=120 activeCalls=120 buffers=32 avg(buf/call=0.27 active=0.27) max(buf/call=1) upload(total=0.23ms avg=0.007ms max=0.011ms slow=0)

[PROFILE] frame=5400 budget=16.667ms alloc(+101/-101, +8376b/-8376b, live=397808b peak=459752b)
  frame.total                      win= 19.099ms avg= 19.099ms p95= 28.433ms max=106.256ms calls(last=  1,win= 120,total=5400) (win 114.6% | avg 114.6% budget)
  frame.cpu_work                   win= 15.110ms avg= 15.110ms p95= 25.955ms max=104.601ms calls(last=  1,win= 120,total=5400) (win 90.7% | avg 90.7% budget)
  frame.render                     win=  5.492ms avg=  5.492ms p95=  5.778ms max= 24.967ms calls(last=  1,win= 120,total=5400) (win 33.0% | avg 33.0% budget)
  frame.fixed_step                 win=  5.103ms avg=  5.911ms p95=  9.873ms max=102.340ms calls(last=  1,win= 139,total=5606) (win 30.6% | avg 35.5% budget)
  game.update                      win=  4.909ms avg=  5.686ms p95=  9.623ms max=102.308ms calls(last=  1,win= 139,total=4535) (win 29.5% | avg 34.1% budget)
  system.ai_update                 win=  4.480ms avg=  5.190ms p95=  8.726ms max= 13.819ms calls(last=  1,win= 139,total=4473) (win 26.9% | avg 31.1% budget)
  enemy.update                     win=  4.476ms avg=  5.185ms p95=  8.718ms max= 13.810ms calls(last=  1,win= 139,total=4473) (win 26.9% | avg 31.1% budget)
  frame.present                    win=  3.972ms avg=  3.972ms p95=  7.199ms max= 36.794ms calls(last=  1,win= 120,total=5400) (win 23.8% | avg 23.8% budget)
  gameplay.music                   win=  3.649ms avg=  3.649ms p95= 11.081ms max= 28.353ms calls(last=  1,win= 120,total=5400) (win 21.9% | avg 21.9% budget)
  frame.render.world               win=  2.856ms avg=  2.856ms p95=  3.114ms max= 10.392ms calls(last=  1,win= 120,total=4295) (win 17.1% | avg 17.1% budget)
  menu.music                       win=  1.826ms avg=  3.651ms p95= 11.080ms max= 28.353ms calls(last=  2,win= 240,total=10800) (win 11.0% | avg 21.9% budget)
  music.update_stream              win=  1.781ms avg=  0.534ms p95=  0.014ms max= 14.174ms calls(last=  0,win=  36,total=1459) (win 10.7% | avg 3.2% budget)
  frame.render.world.maze          win=  1.082ms avg=  1.082ms p95=  1.220ms max=  3.452ms calls(last=  1,win= 120,total=4295) (win 6.5% | avg 6.5% budget)
  music.fill_buffer                win=  0.968ms avg=  0.290ms p95=  0.993ms max=  2.791ms calls(last=  0,win=  36,total=1459) (win 5.8% | avg 1.7% budget)
  frame.render.hud                 win=  0.852ms avg=  0.852ms p95=  0.936ms max=  2.474ms calls(last=  1,win= 120,total=4295) (win 5.1% | avg 5.1% budget)
  frame.render.world.effects       win=  0.637ms avg=  0.637ms p95=  0.727ms max=  7.424ms calls(last=  1,win= 120,total=4295) (win 3.8% | avg 3.8% budget)
  frame.render.hud.minimap         win=  0.429ms avg=  0.429ms p95=  0.473ms max=  1.302ms calls(last=  1,win= 120,total=4295) (win 2.6% | avg 2.6% budget)
  enemy.physics.frontal_collisions win=  0.373ms avg=  0.432ms p95=  0.713ms max=  1.935ms calls(last=  1,win= 139,total=3967) (win 2.2% | avg 2.6% budget)
  frame.render.world.enemies       win=  0.344ms avg=  0.344ms p95=  0.389ms max=  4.105ms calls(last=  1,win= 120,total=4295) (win 2.1% | avg 2.1% budget)
  frame.render.world.enemies.draw  win=  0.290ms avg=  0.290ms p95=  0.334ms max=  4.065ms calls(last=  1,win= 120,total=4295) (win 1.7% | avg 1.7% budget)
  enemy.physics.frontal_grid_build win=  0.289ms avg=  0.334ms p95=  0.559ms max=  1.775ms calls(last=  1,win= 139,total=3967) (win 1.7% | avg 2.0% budget)
  frame.render.hud.text            win=  0.230ms avg=  0.230ms p95=  0.273ms max=  0.638ms calls(last=  1,win= 120,total=4295) (win 1.4% | avg 1.4% budget)
  system.physics_collision         win=  0.213ms avg=  0.247ms p95=  0.454ms max= 14.231ms calls(last=  1,win= 139,total=4473) (win 1.3% | avg 1.5% budget)
  audio.route_step                 win=  0.183ms avg=  0.211ms p95=  0.024ms max= 10.001ms calls(last=  1,win= 139,total=4535) (win 1.1% | avg 1.3% budget)
[ENEMY_STATS] frame=5400 alive=117 visible=3 full=6 cheap=111 fullInBase=0 pairs(frontal=0 checks=0 separation=0 resolved=0)
[ENEMY_WINDOW] steps=139 alive[min=117 max=118] visible[min=3 max=4] full[min=6 max=7] collisionPasses[runs=139 skips=0]
[ENEMY_SEGMENTS] window=2.317s D{b/s=7.77 avgLen=5.31 fail=0} T{b/s=0.00 avgLen=0.00 fail=0} H{b/s=0.00 avgLen=0.00 fail=0} A{b/s=0.00 avgLen=0.00 fail=0}
[ENEMY_GRID] frontal{cand/s=411.4 xcell/s=1.7 ins/s=413.1} separation{cand/s=411.4}
[ENEMY_COLLISION_WINDOW] frontal{pairs/s=0.0 checks/s=0.0 baseSkip=0 kill=0(0.0%)} separation{pairs/s=0.0 resolved/s=0.0(0.0%) baseSkip=0 kill=0 wallBlock=0}
[ENEMY_NAV_CACHE] playerCell{changes=0 flowRebuilds=0} flow{hit=0 miss=0 hit%=0.0} pathFallback{calls=0 ok=0 ok%=0.0}
[ENEMY_SAP] updates=16382 active=953 pairs=0 repairs{x=513 y=511}
[ENEMY_PAIR_TYPES] frontal DD=0 DT=0 DH=0 DA=0 TT=0 TH=0 TA=0 HH=0 HA=0 AA=0 separation DD=0 DT=0 DH=0 DA=0 TT=0 TH=0 TA=0 HH=0 HA=0 AA=0
[AUDIO_ROUTE_WINDOW] steps=139 events=24 sounds=24 avg(step ev=0.17 snd=0.17) max(step ev=2 snd=2)
  events{shotP=10 shotE=2 dead=1 spawn=0 base=0 wall=11 start=0 playerExpl=0}
  sounds{shotP=10 shotE=2 dead=1 spawn=0 base=0 wall=11 start=0 playerExpl=0}
[MUSIC_PLAYER_WINDOW] label=menu calls=120 activeCalls=0 buffers=0 avg(buf/call=0.00 active=0.00) max(buf/call=0) upload(total=0.00ms avg=0.000ms max=0.000ms slow=0)
[MUSIC_PLAYER_WINDOW] label=gameplay calls=120 activeCalls=120 buffers=37 avg(buf/call=0.31 active=0.31) max(buf/call=1) upload(total=74.27ms avg=2.007ms max=11.179ms slow=7)

[PROFILE] frame=5520 budget=16.667ms alloc(+128/-128, +10048b/-10048b, live=397808b peak=459752b)
  frame.total                      win= 19.030ms avg= 19.030ms p95= 29.599ms max=106.256ms calls(last=  1,win= 120,total=5520) (win 114.2% | avg 114.2% budget)
  frame.cpu_work                   win= 14.572ms avg= 14.572ms p95= 27.525ms max=104.601ms calls(last=  1,win= 120,total=5520) (win 87.4% | avg 87.4% budget)
  frame.render                     win=  5.437ms avg=  5.437ms p95=  5.769ms max= 24.967ms calls(last=  1,win= 120,total=5520) (win 32.6% | avg 32.6% budget)
  frame.fixed_step                 win=  4.881ms avg=  5.613ms p95= 10.931ms max=102.340ms calls(last=  2,win= 138,total=5744) (win 29.3% | avg 33.7% budget)
  frame.present                    win=  4.441ms avg=  4.441ms p95=  7.717ms max= 36.794ms calls(last=  1,win= 120,total=5520) (win 26.6% | avg 26.6% budget)
  game.update                      win=  4.366ms avg=  5.021ms p95=  8.922ms max=102.308ms calls(last=  2,win= 138,total=4673) (win 26.2% | avg 30.1% budget)
  system.ai_update                 win=  3.986ms avg=  4.584ms p95=  8.137ms max= 13.819ms calls(last=  2,win= 138,total=4611) (win 23.9% | avg 27.5% budget)
  enemy.update                     win=  3.981ms avg=  4.578ms p95=  8.130ms max= 13.810ms calls(last=  2,win= 138,total=4611) (win 23.9% | avg 27.5% budget)
  gameplay.music                   win=  3.463ms avg=  3.463ms p95= 14.999ms max= 28.353ms calls(last=  1,win= 120,total=5520) (win 20.8% | avg 20.8% budget)
  music.update_stream              win=  3.073ms avg=  0.922ms p95= 11.111ms max= 14.174ms calls(last=  0,win=  36,total=1495) (win 18.4% | avg 5.5% budget)
  frame.render.world               win=  2.787ms avg=  2.787ms p95=  3.052ms max= 10.392ms calls(last=  1,win= 120,total=4415) (win 16.7% | avg 16.7% budget)
  menu.music                       win=  1.733ms avg=  3.465ms p95= 15.000ms max= 28.353ms calls(last=  2,win= 240,total=11040) (win 10.4% | avg 20.8% budget)
  frame.render.world.maze          win=  1.071ms avg=  1.071ms p95=  1.138ms max=  3.452ms calls(last=  1,win= 120,total=4415) (win 6.4% | avg 6.4% budget)
  music.fill_buffer                win=  0.989ms avg=  0.297ms p95=  1.014ms max=  2.791ms calls(last=  0,win=  36,total=1495) (win 5.9% | avg 1.8% budget)
  frame.render.hud                 win=  0.846ms avg=  0.846ms p95=  0.896ms max=  2.474ms calls(last=  1,win= 120,total=4415) (win 5.1% | avg 5.1% budget)
  frame.render.world.effects       win=  0.598ms avg=  0.598ms p95=  0.798ms max=  7.424ms calls(last=  1,win= 120,total=4415) (win 3.6% | avg 3.6% budget)
  audio.route.removed_enemy_match  win=  0.563ms avg=  0.005ms p95=  0.000ms max=  6.108ms calls(last=  0,win=   1,total=13) (win 3.4% | avg 0.0% budget)
  audio.route_step                 win=  0.504ms avg=  0.579ms p95=  5.016ms max= 10.809ms calls(last=  2,win= 138,total=4673) (win 3.0% | avg 3.5% budget)
  frame.render.hud.minimap         win=  0.425ms avg=  0.425ms p95=  0.468ms max=  1.302ms calls(last=  1,win= 120,total=4415) (win 2.6% | avg 2.6% budget)
  enemy.physics.frontal_collisions win=  0.363ms avg=  0.418ms p95=  0.697ms max=  1.935ms calls(last=  2,win= 138,total=4105) (win 2.2% | avg 2.5% budget)
  frame.render.world.enemies       win=  0.329ms avg=  0.329ms p95=  0.370ms max=  4.105ms calls(last=  1,win= 120,total=4415) (win 2.0% | avg 2.0% budget)
  enemy.physics.frontal_grid_build win=  0.283ms avg=  0.326ms p95=  0.542ms max=  1.775ms calls(last=  2,win= 138,total=4105) (win 1.7% | avg 2.0% budget)
  frame.render.world.enemies.draw  win=  0.276ms avg=  0.276ms p95=  0.319ms max=  4.065ms calls(last=  1,win= 120,total=4415) (win 1.7% | avg 1.7% budget)
  frame.render.hud.text            win=  0.228ms avg=  0.228ms p95=  0.264ms max=  0.638ms calls(last=  1,win= 120,total=4415) (win 1.4% | avg 1.4% budget)
[ENEMY_STATS] frame=5520 alive=116 visible=2 full=4 cheap=112 fullInBase=0 pairs(frontal=0 checks=0 separation=0 resolved=0)
[ENEMY_WINDOW] steps=138 alive[min=116 max=117] visible[min=2 max=3] full[min=4 max=6] collisionPasses[runs=138 skips=0]
[ENEMY_SEGMENTS] window=2.300s D{b/s=10.43 avgLen=5.15 fail=0} T{b/s=0.00 avgLen=0.00 fail=0} H{b/s=0.00 avgLen=0.00 fail=0} A{b/s=0.00 avgLen=0.00 fail=0}
[ENEMY_GRID] frontal{cand/s=314.3 xcell/s=1.7 ins/s=316.1} separation{cand/s=314.3}
[ENEMY_COLLISION_WINDOW] frontal{pairs/s=0.0 checks/s=0.0 baseSkip=0 kill=0(0.0%)} separation{pairs/s=0.0 resolved/s=0.0(0.0%) baseSkip=0 kill=0 wallBlock=0}
[ENEMY_NAV_CACHE] playerCell{changes=0 flowRebuilds=0} flow{hit=0 miss=0 hit%=0.0} pathFallback{calls=0 ok=0 ok%=0.0}
[ENEMY_SAP] updates=16116 active=723 pairs=0 repairs{x=291 y=288}
[ENEMY_PAIR_TYPES] frontal DD=0 DT=0 DH=0 DA=0 TT=0 TH=0 TA=0 HH=0 HA=0 AA=0 separation DD=0 DT=0 DH=0 DA=0 TT=0 TH=0 TA=0 HH=0 HA=0 AA=0
[AUDIO_ROUTE_WINDOW] steps=138 events=19 sounds=19 avg(step ev=0.14 snd=0.14) max(step ev=1 snd=1)
  events{shotP=9 shotE=1 dead=1 spawn=0 base=0 wall=8 start=0 playerExpl=0}
  sounds{shotP=9 shotE=1 dead=1 spawn=0 base=0 wall=8 start=0 playerExpl=0}
[MUSIC_PLAYER_WINDOW] label=menu calls=120 activeCalls=0 buffers=0 avg(buf/call=0.00 active=0.00) max(buf/call=0) upload(total=0.00ms avg=0.000ms max=0.000ms slow=0)
[MUSIC_PLAYER_WINDOW] label=gameplay calls=120 activeCalls=120 buffers=36 avg(buf/call=0.30 active=0.30) max(buf/call=1) upload(total=98.07ms avg=2.724ms max=11.431ms slow=9)

[PROFILE] frame=5640 budget=16.667ms alloc(+64/-64, +5024b/-5024b, live=397808b peak=459752b)
  frame.total                      win= 17.238ms avg= 17.238ms p95= 19.808ms max=106.256ms calls(last=  1,win= 120,total=5640) (win 103.4% | avg 103.4% budget)
  frame.cpu_work                   win= 11.359ms avg= 11.359ms p95= 17.506ms max=104.601ms calls(last=  1,win= 120,total=5640) (win 68.2% | avg 68.2% budget)
  frame.present                    win=  5.863ms avg=  5.863ms p95=  8.512ms max= 36.794ms calls(last=  1,win= 120,total=5640) (win 35.2% | avg 35.2% budget)
  frame.render                     win=  5.308ms avg=  5.308ms p95=  5.739ms max= 24.967ms calls(last=  1,win= 120,total=5640) (win 31.8% | avg 31.8% budget)
  frame.fixed_step                 win=  4.000ms avg=  4.167ms p95=  6.073ms max=102.340ms calls(last=  1,win= 125,total=5869) (win 24.0% | avg 25.0% budget)
  game.update                      win=  3.929ms avg=  4.093ms p95=  6.031ms max=102.308ms calls(last=  1,win= 125,total=4798) (win 23.6% | avg 24.6% budget)
  system.ai_update                 win=  3.637ms avg=  3.789ms p95=  5.360ms max= 13.819ms calls(last=  1,win= 125,total=4736) (win 21.8% | avg 22.7% budget)
  enemy.update                     win=  3.633ms avg=  3.784ms p95=  5.353ms max= 13.810ms calls(last=  1,win= 125,total=4736) (win 21.8% | avg 22.7% budget)
  frame.render.world               win=  2.645ms avg=  2.645ms p95=  2.878ms max= 10.392ms calls(last=  1,win= 120,total=4535) (win 15.9% | avg 15.9% budget)
  gameplay.music                   win=  1.825ms avg=  1.825ms p95=  7.711ms max= 28.353ms calls(last=  1,win= 120,total=5640) (win 11.0% | avg 11.0% budget)
  frame.render.world.maze          win=  1.083ms avg=  1.083ms p95=  1.310ms max=  3.452ms calls(last=  1,win= 120,total=4535) (win 6.5% | avg 6.5% budget)
  music.fill_buffer                win=  0.985ms avg=  0.271ms p95=  1.006ms max=  2.791ms calls(last=  0,win=  33,total=1528) (win 5.9% | avg 1.6% budget)
  menu.music                       win=  0.914ms avg=  1.827ms p95=  7.712ms max= 28.353ms calls(last=  2,win= 240,total=11280) (win 5.5% | avg 11.0% budget)
  frame.render.hud                 win=  0.851ms avg=  0.851ms p95=  0.976ms max=  2.474ms calls(last=  1,win= 120,total=4535) (win 5.1% | avg 5.1% budget)
  frame.render.world.effects       win=  0.494ms avg=  0.494ms p95=  0.589ms max=  7.424ms calls(last=  1,win= 120,total=4535) (win 3.0% | avg 3.0% budget)
  frame.render.hud.minimap         win=  0.432ms avg=  0.432ms p95=  0.478ms max=  1.302ms calls(last=  1,win= 120,total=4535) (win 2.6% | avg 2.6% budget)
  enemy.physics.frontal_collisions win=  0.358ms avg=  0.373ms p95=  0.570ms max=  1.935ms calls(last=  1,win= 125,total=4230) (win 2.1% | avg 2.2% budget)
  frame.render.world.enemies       win=  0.293ms avg=  0.293ms p95=  0.338ms max=  4.105ms calls(last=  1,win= 120,total=4535) (win 1.8% | avg 1.8% budget)
  enemy.physics.frontal_grid_build win=  0.280ms avg=  0.291ms p95=  0.384ms max=  1.775ms calls(last=  1,win= 125,total=4230) (win 1.7% | avg 1.7% budget)
  frame.render.world.enemies.draw  win=  0.242ms avg=  0.242ms p95=  0.288ms max=  4.065ms calls(last=  1,win= 120,total=4535) (win 1.4% | avg 1.4% budget)
  frame.render.hud.text            win=  0.228ms avg=  0.228ms p95=  0.264ms max=  0.638ms calls(last=  1,win= 120,total=4535) (win 1.4% | avg 1.4% budget)
  enemy.ai.movement                win=  0.103ms avg=  0.431ms p95=  0.494ms max=  2.604ms calls(last=  4,win= 500,total=27888) (win 0.6% | avg 2.6% budget)
  system.physics_collision         win=  0.084ms avg=  0.087ms p95=  0.161ms max= 14.231ms calls(last=  1,win= 125,total=4736) (win 0.5% | avg 0.5% budget)
  system.spawner_update            win=  0.069ms avg=  0.072ms p95=  0.117ms max=  0.635ms calls(last=  1,win= 125,total=4736) (win 0.4% | avg 0.4% budget)
[ENEMY_STATS] frame=5640 alive=116 visible=1 full=4 cheap=112 fullInBase=0 pairs(frontal=0 checks=0 separation=0 resolved=0)
[ENEMY_WINDOW] steps=125 alive[min=116 max=116] visible[min=1 max=2] full[min=4 max=4] collisionPasses[runs=125 skips=0]
[ENEMY_SEGMENTS] window=2.083s D{b/s=12.48 avgLen=5.23 fail=0} T{b/s=0.00 avgLen=0.00 fail=0} H{b/s=0.00 avgLen=0.00 fail=0} A{b/s=0.00 avgLen=0.00 fail=0}
[ENEMY_GRID] frontal{cand/s=240.0 xcell/s=1.0 ins/s=241.0} separation{cand/s=240.0}
[ENEMY_COLLISION_WINDOW] frontal{pairs/s=0.0 checks/s=0.0 baseSkip=0 kill=0(0.0%)} separation{pairs/s=0.0 resolved/s=0.0(0.0%) baseSkip=0 kill=0 wallBlock=0}
[ENEMY_NAV_CACHE] playerCell{changes=0 flowRebuilds=0} flow{hit=0 miss=0 hit%=0.0} pathFallback{calls=0 ok=0 ok%=0.0}
[ENEMY_SAP] updates=14500 active=500 pairs=0 repairs{x=0 y=0}
[ENEMY_PAIR_TYPES] frontal DD=0 DT=0 DH=0 DA=0 TT=0 TH=0 TA=0 HH=0 HA=0 AA=0 separation DD=0 DT=0 DH=0 DA=0 TT=0 TH=0 TA=0 HH=0 HA=0 AA=0
[AUDIO_ROUTE_WINDOW] steps=125 events=5 sounds=5 avg(step ev=0.04 snd=0.04) max(step ev=1 snd=1)
  events{shotP=0 shotE=0 dead=0 spawn=0 base=0 wall=5 start=0 playerExpl=0}
  sounds{shotP=0 shotE=0 dead=0 spawn=0 base=0 wall=5 start=0 playerExpl=0}
[MUSIC_PLAYER_WINDOW] label=menu calls=120 activeCalls=0 buffers=0 avg(buf/call=0.00 active=0.00) max(buf/call=0) upload(total=0.00ms avg=0.000ms max=0.000ms slow=0)
[MUSIC_PLAYER_WINDOW] label=gameplay calls=120 activeCalls=120 buffers=32 avg(buf/call=0.27 active=0.27) max(buf/call=1) upload(total=0.24ms avg=0.008ms max=0.009ms slow=0)

[PROFILE] frame=5760 budget=16.667ms alloc(+64/-64, +5024b/-5024b, live=397808b peak=459752b)
  frame.total                      win= 16.918ms avg= 16.918ms p95= 17.424ms max=106.256ms calls(last=  1,win= 120,total=5760) (win 101.5% | avg 101.5% budget)
  frame.cpu_work                   win= 10.369ms avg= 10.369ms p95= 14.107ms max=104.601ms calls(last=  1,win= 120,total=5760) (win 62.2% | avg 62.2% budget)
  frame.present                    win=  6.534ms avg=  6.534ms p95=  8.437ms max= 36.794ms calls(last=  1,win= 120,total=5760) (win 39.2% | avg 39.2% budget)
  frame.render                     win=  5.297ms avg=  5.297ms p95=  5.674ms max= 24.967ms calls(last=  1,win= 120,total=5760) (win 31.8% | avg 31.8% budget)
  frame.fixed_step                 win=  4.057ms avg=  4.158ms p95=  5.728ms max=102.340ms calls(last=  1,win= 123,total=5992) (win 24.3% | avg 24.9% budget)
  game.update                      win=  4.006ms avg=  4.106ms p95=  5.480ms max=102.308ms calls(last=  1,win= 123,total=4921) (win 24.0% | avg 24.6% budget)
  system.ai_update                 win=  3.739ms avg=  3.833ms p95=  5.206ms max= 13.819ms calls(last=  1,win= 123,total=4859) (win 22.4% | avg 23.0% budget)
  enemy.update                     win=  3.735ms avg=  3.829ms p95=  5.202ms max= 13.810ms calls(last=  1,win= 123,total=4859) (win 22.4% | avg 23.0% budget)
  frame.render.world               win=  2.682ms avg=  2.682ms p95=  2.984ms max= 10.392ms calls(last=  1,win= 120,total=4655) (win 16.1% | avg 16.1% budget)
  frame.render.world.maze          win=  1.067ms avg=  1.067ms p95=  1.160ms max=  3.452ms calls(last=  1,win= 120,total=4655) (win 6.4% | avg 6.4% budget)
  music.fill_buffer                win=  0.978ms avg=  0.261ms p95=  1.002ms max=  2.791ms calls(last=  0,win=  32,total=1560) (win 5.9% | avg 1.6% budget)
  gameplay.music                   win=  0.858ms avg=  0.858ms p95=  4.284ms max= 28.353ms calls(last=  1,win= 120,total=5760) (win 5.1% | avg 5.1% budget)
  frame.render.hud                 win=  0.847ms avg=  0.847ms p95=  0.903ms max=  2.474ms calls(last=  1,win= 120,total=4655) (win 5.1% | avg 5.1% budget)
  frame.render.world.effects       win=  0.534ms avg=  0.534ms p95=  0.630ms max=  7.424ms calls(last=  1,win= 120,total=4655) (win 3.2% | avg 3.2% budget)
  menu.music                       win=  0.430ms avg=  0.860ms p95=  4.284ms max= 28.353ms calls(last=  2,win= 240,total=11520) (win 2.6% | avg 5.2% budget)
  frame.render.hud.minimap         win=  0.429ms avg=  0.429ms p95=  0.470ms max=  1.302ms calls(last=  1,win= 120,total=4655) (win 2.6% | avg 2.6% budget)
  enemy.physics.frontal_collisions win=  0.350ms avg=  0.359ms p95=  0.381ms max=  1.935ms calls(last=  1,win= 123,total=4353) (win 2.1% | avg 2.2% budget)
  frame.render.world.enemies       win=  0.289ms avg=  0.289ms p95=  0.331ms max=  4.105ms calls(last=  1,win= 120,total=4655) (win 1.7% | avg 1.7% budget)
  enemy.physics.frontal_grid_build win=  0.273ms avg=  0.279ms p95=  0.304ms max=  1.775ms calls(last=  1,win= 123,total=4353) (win 1.6% | avg 1.7% budget)
  frame.render.world.enemies.draw  win=  0.238ms avg=  0.238ms p95=  0.274ms max=  4.065ms calls(last=  1,win= 120,total=4655) (win 1.4% | avg 1.4% budget)
  frame.render.hud.text            win=  0.226ms avg=  0.226ms p95=  0.263ms max=  0.638ms calls(last=  1,win= 120,total=4655) (win 1.4% | avg 1.4% budget)
  enemy.ai.movement                win=  0.101ms avg=  0.382ms p95=  0.477ms max=  2.604ms calls(last=  4,win= 452,total=28340) (win 0.6% | avg 2.3% budget)
  system.physics_collision         win=  0.082ms avg=  0.084ms p95=  0.142ms max= 14.231ms calls(last=  1,win= 123,total=4859) (win 0.5% | avg 0.5% budget)
  enemy.ai.decision                win=  0.081ms avg=  0.304ms p95=  0.337ms max=  2.115ms calls(last=  4,win= 452,total=28340) (win 0.5% | avg 1.8% budget)
[ENEMY_STATS] frame=5760 alive=116 visible=2 full=4 cheap=112 fullInBase=0 pairs(frontal=0 checks=0 separation=0 resolved=0)
[ENEMY_WINDOW] steps=123 alive[min=116 max=116] visible[min=1 max=2] full[min=3 max=4] collisionPasses[runs=123 skips=0]
[ENEMY_SEGMENTS] window=2.050s D{b/s=8.78 avgLen=4.65 fail=0} T{b/s=0.00 avgLen=0.00 fail=0} H{b/s=0.00 avgLen=0.00 fail=0} A{b/s=0.00 avgLen=0.00 fail=0}
[ENEMY_GRID] frontal{cand/s=220.5 xcell/s=0.5 ins/s=221.0} separation{cand/s=220.5}
[ENEMY_COLLISION_WINDOW] frontal{pairs/s=0.0 checks/s=0.0 baseSkip=0 kill=0(0.0%)} separation{pairs/s=0.0 resolved/s=0.0(0.0%) baseSkip=0 kill=0 wallBlock=0}
[ENEMY_NAV_CACHE] playerCell{changes=0 flowRebuilds=0} flow{hit=0 miss=0 hit%=0.0} pathFallback{calls=0 ok=0 ok%=0.0}
[ENEMY_SAP] updates=14268 active=452 pairs=0 repairs{x=52 y=51}
[ENEMY_PAIR_TYPES] frontal DD=0 DT=0 DH=0 DA=0 TT=0 TH=0 TA=0 HH=0 HA=0 AA=0 separation DD=0 DT=0 DH=0 DA=0 TT=0 TH=0 TA=0 HH=0 HA=0 AA=0
[AUDIO_ROUTE_WINDOW] steps=123 events=6 sounds=6 avg(step ev=0.05 snd=0.05) max(step ev=1 snd=1)
  events{shotP=5 shotE=1 dead=0 spawn=0 base=0 wall=0 start=0 playerExpl=0}
  sounds{shotP=5 shotE=1 dead=0 spawn=0 base=0 wall=0 start=0 playerExpl=0}
[MUSIC_PLAYER_WINDOW] label=menu calls=120 activeCalls=0 buffers=0 avg(buf/call=0.00 active=0.00) max(buf/call=0) upload(total=0.00ms avg=0.000ms max=0.000ms slow=0)
[MUSIC_PLAYER_WINDOW] label=gameplay calls=120 activeCalls=120 buffers=32 avg(buf/call=0.27 active=0.27) max(buf/call=1) upload(total=0.23ms avg=0.007ms max=0.009ms slow=0)

[PROFILE] frame=5880 budget=16.667ms alloc(+118/-118, +9344b/-9344b, live=397808b peak=459752b)
  frame.total                      win= 19.112ms avg= 19.112ms p95= 30.025ms max=106.256ms calls(last=  1,win= 120,total=5880) (win 114.7% | avg 114.7% budget)
  frame.cpu_work                   win= 14.727ms avg= 14.727ms p95= 27.980ms max=104.601ms calls(last=  1,win= 120,total=5880) (win 88.4% | avg 88.4% budget)
  frame.render                     win=  5.489ms avg=  5.489ms p95=  6.015ms max= 24.967ms calls(last=  1,win= 120,total=5880) (win 32.9% | avg 32.9% budget)
  frame.fixed_step                 win=  5.066ms avg=  5.868ms p95= 10.484ms max=102.340ms calls(last=  1,win= 139,total=6131) (win 30.4% | avg 35.2% budget)
  game.update                      win=  4.642ms avg=  5.377ms p95= 10.089ms max=102.308ms calls(last=  1,win= 139,total=5060) (win 27.9% | avg 32.3% budget)
  frame.present                    win=  4.368ms avg=  4.368ms p95=  7.739ms max= 36.794ms calls(last=  1,win= 120,total=5880) (win 26.2% | avg 26.2% budget)
  system.ai_update                 win=  4.298ms avg=  4.978ms p95=  9.443ms max= 13.819ms calls(last=  1,win= 139,total=4998) (win 25.8% | avg 29.9% budget)
  enemy.update                     win=  4.294ms avg=  4.974ms p95=  9.436ms max= 13.810ms calls(last=  1,win= 139,total=4998) (win 25.8% | avg 29.8% budget)
  gameplay.music                   win=  3.310ms avg=  3.310ms p95= 13.613ms max= 28.353ms calls(last=  1,win= 120,total=5880) (win 19.9% | avg 19.9% budget)
  frame.render.world               win=  2.821ms avg=  2.821ms p95=  3.166ms max= 10.392ms calls(last=  1,win= 120,total=4775) (win 16.9% | avg 16.9% budget)
  music.update_stream              win=  2.789ms avg=  0.837ms p95= 11.524ms max= 14.174ms calls(last=  0,win=  36,total=1596) (win 16.7% | avg 5.0% budget)
  menu.music                       win=  1.656ms avg=  3.312ms p95= 13.615ms max= 28.353ms calls(last=  2,win= 240,total=11760) (win 9.9% | avg 19.9% budget)
  frame.render.world.maze          win=  1.099ms avg=  1.099ms p95=  1.306ms max=  3.452ms calls(last=  1,win= 120,total=4775) (win 6.6% | avg 6.6% budget)
  music.fill_buffer                win=  0.984ms avg=  0.295ms p95=  1.024ms max=  2.791ms calls(last=  0,win=  36,total=1596) (win 5.9% | avg 1.8% budget)
  frame.render.hud                 win=  0.848ms avg=  0.848ms p95=  0.920ms max=  2.474ms calls(last=  1,win= 120,total=4775) (win 5.1% | avg 5.1% budget)
  frame.render.world.effects       win=  0.590ms avg=  0.590ms p95=  0.676ms max=  7.424ms calls(last=  1,win= 120,total=4775) (win 3.5% | avg 3.5% budget)
  frame.render.hud.minimap         win=  0.432ms avg=  0.432ms p95=  0.474ms max=  1.302ms calls(last=  1,win= 120,total=4775) (win 2.6% | avg 2.6% budget)
  audio.route_step                 win=  0.412ms avg=  0.477ms p95=  4.878ms max= 10.809ms calls(last=  1,win= 139,total=5060) (win 2.5% | avg 2.9% budget)
  enemy.physics.frontal_collisions win=  0.376ms avg=  0.436ms p95=  0.729ms max=  1.935ms calls(last=  1,win= 139,total=4492) (win 2.3% | avg 2.6% budget)
  frame.render.world.enemies       win=  0.327ms avg=  0.327ms p95=  0.413ms max=  4.105ms calls(last=  1,win= 120,total=4775) (win 2.0% | avg 2.0% budget)
  enemy.physics.frontal_grid_build win=  0.290ms avg=  0.336ms p95=  0.564ms max=  1.775ms calls(last=  1,win= 139,total=4492) (win 1.7% | avg 2.0% budget)
  frame.render.world.enemies.draw  win=  0.275ms avg=  0.275ms p95=  0.363ms max=  4.065ms calls(last=  1,win= 120,total=4775) (win 1.7% | avg 1.7% budget)
  frame.render.hud.text            win=  0.224ms avg=  0.224ms p95=  0.264ms max=  0.638ms calls(last=  1,win= 120,total=4775) (win 1.3% | avg 1.3% budget)
  system.physics_collision         win=  0.127ms avg=  0.148ms p95=  0.262ms max= 14.231ms calls(last=  1,win= 139,total=4998) (win 0.8% | avg 0.9% budget)
[ENEMY_STATS] frame=5880 alive=116 visible=3 full=7 cheap=109 fullInBase=1 pairs(frontal=0 checks=0 separation=0 resolved=0)
[ENEMY_WINDOW] steps=139 alive[min=115 max=116] visible[min=1 max=3] full[min=3 max=7] collisionPasses[runs=139 skips=0]
[ENEMY_SEGMENTS] window=2.317s D{b/s=9.06 avgLen=4.43 fail=0} T{b/s=0.00 avgLen=0.00 fail=0} H{b/s=0.00 avgLen=0.00 fail=0} A{b/s=0.00 avgLen=0.00 fail=0}
[ENEMY_GRID] frontal{cand/s=315.5 xcell/s=2.2 ins/s=317.7} separation{cand/s=315.5}
[ENEMY_COLLISION_WINDOW] frontal{pairs/s=0.9 checks/s=0.9 baseSkip=0 kill=0(0.0%)} separation{pairs/s=0.9 resolved/s=0.4(50.0%) baseSkip=0 kill=0 wallBlock=0}
[ENEMY_NAV_CACHE] playerCell{changes=0 flowRebuilds=0} flow{hit=0 miss=0 hit%=0.0} pathFallback{calls=0 ok=0 ok%=0.0}
[ENEMY_SAP] updates=16061 active=731 pairs=2 repairs{x=1411 y=1410}
[ENEMY_PAIR_TYPES] frontal DD=2 DT=0 DH=0 DA=0 TT=0 TH=0 TA=0 HH=0 HA=0 AA=0 separation DD=2 DT=0 DH=0 DA=0 TT=0 TH=0 TA=0 HH=0 HA=0 AA=0
[AUDIO_ROUTE_WINDOW] steps=139 events=20 sounds=20 avg(step ev=0.14 snd=0.14) max(step ev=2 snd=2)
  events{shotP=7 shotE=2 dead=2 spawn=2 base=0 wall=7 start=0 playerExpl=0}
  sounds{shotP=7 shotE=2 dead=2 spawn=2 base=0 wall=7 start=0 playerExpl=0}
[MUSIC_PLAYER_WINDOW] label=menu calls=120 activeCalls=0 buffers=0 avg(buf/call=0.00 active=0.00) max(buf/call=0) upload(total=0.00ms avg=0.000ms max=0.000ms slow=0)
[MUSIC_PLAYER_WINDOW] label=gameplay calls=120 activeCalls=120 buffers=37 avg(buf/call=0.31 active=0.31) max(buf/call=1) upload(total=99.24ms avg=2.682ms max=13.897ms slow=8)

[PROFILE] frame=6000 budget=16.667ms alloc(+254/-254, +19984b/-19984b, live=397808b peak=459752b)
  frame.total                      win= 18.874ms avg= 18.874ms p95= 29.435ms max=106.256ms calls(last=  1,win= 120,total=6000) (win 113.2% | avg 113.2% budget)
  frame.cpu_work                   win= 14.526ms avg= 14.526ms p95= 27.221ms max=104.601ms calls(last=  1,win= 120,total=6000) (win 87.2% | avg 87.2% budget)
  frame.render                     win=  5.374ms avg=  5.374ms p95=  5.707ms max= 24.967ms calls(last=  1,win= 120,total=6000) (win 32.2% | avg 32.2% budget)
  frame.fixed_step                 win=  4.993ms avg=  5.700ms p95=  9.542ms max=102.340ms calls(last=  2,win= 137,total=6268) (win 30.0% | avg 34.2% budget)
  game.update                      win=  4.787ms avg=  5.466ms p95=  9.280ms max=102.308ms calls(last=  2,win= 137,total=5197) (win 28.7% | avg 32.8% budget)
  system.ai_update                 win=  4.418ms avg=  5.044ms p95=  8.618ms max= 13.819ms calls(last=  2,win= 137,total=5135) (win 26.5% | avg 30.3% budget)
  enemy.update                     win=  4.414ms avg=  5.040ms p95=  8.611ms max= 13.810ms calls(last=  2,win= 137,total=5135) (win 26.5% | avg 30.2% budget)
  frame.present                    win=  4.332ms avg=  4.332ms p95=  7.329ms max= 36.794ms calls(last=  1,win= 120,total=6000) (win 26.0% | avg 26.0% budget)
  gameplay.music                   win=  3.394ms avg=  3.394ms p95= 14.794ms max= 28.353ms calls(last=  1,win= 120,total=6000) (win 20.4% | avg 20.4% budget)
  music.update_stream              win=  3.167ms avg=  0.950ms p95= 11.289ms max= 14.906ms calls(last=  1,win=  36,total=1632) (win 19.0% | avg 5.7% budget)
  frame.render.world               win=  2.753ms avg=  2.753ms p95=  2.975ms max= 10.392ms calls(last=  1,win= 120,total=4895) (win 16.5% | avg 16.5% budget)
  menu.music                       win=  1.698ms avg=  3.396ms p95= 14.795ms max= 28.353ms calls(last=  2,win= 240,total=12000) (win 10.2% | avg 20.4% budget)
  music.fill_buffer                win=  0.991ms avg=  0.297ms p95=  1.024ms max=  2.791ms calls(last=  1,win=  36,total=1632) (win 5.9% | avg 1.8% budget)
  frame.render.world.maze          win=  0.956ms avg=  0.956ms p95=  1.071ms max=  3.452ms calls(last=  1,win= 120,total=4895) (win 5.7% | avg 5.7% budget)
  frame.render.hud                 win=  0.843ms avg=  0.843ms p95=  0.886ms max=  2.474ms calls(last=  1,win= 120,total=4895) (win 5.1% | avg 5.1% budget)
  frame.render.world.effects       win=  0.715ms avg=  0.715ms p95=  0.959ms max=  7.424ms calls(last=  1,win= 120,total=4895) (win 4.3% | avg 4.3% budget)
  frame.render.hud.minimap         win=  0.424ms avg=  0.424ms p95=  0.468ms max=  1.302ms calls(last=  1,win= 120,total=4895) (win 2.5% | avg 2.5% budget)
  frame.render.world.enemies       win=  0.396ms avg=  0.396ms p95=  0.460ms max=  4.105ms calls(last=  1,win= 120,total=4895) (win 2.4% | avg 2.4% budget)
  enemy.physics.frontal_collisions win=  0.377ms avg=  0.431ms p95=  0.729ms max=  1.935ms calls(last=  2,win= 137,total=4629) (win 2.3% | avg 2.6% budget)
  frame.render.world.enemies.draw  win=  0.340ms avg=  0.340ms p95=  0.403ms max=  4.065ms calls(last=  1,win= 120,total=4895) (win 2.0% | avg 2.0% budget)
  enemy.physics.frontal_grid_build win=  0.279ms avg=  0.319ms p95=  0.541ms max=  1.775ms calls(last=  2,win= 137,total=4629) (win 1.7% | avg 1.9% budget)
  frame.render.hud.text            win=  0.227ms avg=  0.227ms p95=  0.260ms max=  0.638ms calls(last=  1,win= 120,total=4895) (win 1.4% | avg 1.4% budget)
  audio.route_step                 win=  0.194ms avg=  0.221ms p95=  0.109ms max= 10.809ms calls(last=  2,win= 137,total=5197) (win 1.2% | avg 1.3% budget)
  system.physics_collision         win=  0.159ms avg=  0.182ms p95=  0.343ms max= 14.231ms calls(last=  2,win= 137,total=5135) (win 1.0% | avg 1.1% budget)
[ENEMY_STATS] frame=6000 alive=117 visible=5 full=8 cheap=109 fullInBase=1 pairs(frontal=0 checks=0 separation=0 resolved=0)
[ENEMY_WINDOW] steps=137 alive[min=116 max=117] visible[min=3 max=5] full[min=7 max=8] collisionPasses[runs=137 skips=0]
[ENEMY_SEGMENTS] window=2.283s D{b/s=11.39 avgLen=4.84 fail=0} T{b/s=0.00 avgLen=0.00 fail=0} H{b/s=0.00 avgLen=0.00 fail=0} A{b/s=0.00 avgLen=0.00 fail=0}
[ENEMY_GRID] frontal{cand/s=462.0 xcell/s=2.6 ins/s=464.7} separation{cand/s=462.0}
[ENEMY_COLLISION_WINDOW] frontal{pairs/s=0.0 checks/s=0.0 baseSkip=0 kill=0(0.0%)} separation{pairs/s=0.0 resolved/s=0.0(0.0%) baseSkip=0 kill=0 wallBlock=0}
[ENEMY_NAV_CACHE] playerCell{changes=0 flowRebuilds=0} flow{hit=0 miss=0 hit%=0.0} pathFallback{calls=0 ok=0 ok%=0.0}
[ENEMY_SAP] updates=15988 active=1055 pairs=0 repairs{x=529 y=530}
[ENEMY_PAIR_TYPES] frontal DD=0 DT=0 DH=0 DA=0 TT=0 TH=0 TA=0 HH=0 HA=0 AA=0 separation DD=0 DT=0 DH=0 DA=0 TT=0 TH=0 TA=0 HH=0 HA=0 AA=0
[AUDIO_ROUTE_WINDOW] steps=137 events=18 sounds=18 avg(step ev=0.13 snd=0.13) max(step ev=2 snd=2)
  events{shotP=7 shotE=2 dead=0 spawn=1 base=0 wall=7 start=0 playerExpl=1}
  sounds{shotP=7 shotE=2 dead=0 spawn=1 base=0 wall=7 start=0 playerExpl=1}
[MUSIC_PLAYER_WINDOW] label=menu calls=120 activeCalls=0 buffers=0 avg(buf/call=0.00 active=0.00) max(buf/call=0) upload(total=0.00ms avg=0.000ms max=0.000ms slow=0)
[MUSIC_PLAYER_WINDOW] label=gameplay calls=120 activeCalls=120 buffers=35 avg(buf/call=0.29 active=0.29) max(buf/call=1) upload(total=112.67ms avg=3.219ms max=14.769ms slow=9)

[PROFILE] frame=6120 budget=16.667ms alloc(+156/-156, +12336b/-12336b, live=397808b peak=459752b)
  frame.total                      win= 17.468ms avg= 17.468ms p95= 21.553ms max=106.256ms calls(last=  1,win= 120,total=6120) (win 104.8% | avg 104.8% budget)
  frame.cpu_work                   win= 11.893ms avg= 11.893ms p95= 19.587ms max=104.601ms calls(last=  1,win= 120,total=6120) (win 71.4% | avg 71.4% budget)
  frame.present                    win=  5.560ms avg=  5.560ms p95=  8.417ms max= 36.794ms calls(last=  1,win= 120,total=6120) (win 33.4% | avg 33.4% budget)
  frame.render                     win=  4.957ms avg=  4.957ms p95=  5.565ms max= 24.967ms calls(last=  1,win= 120,total=6120) (win 29.7% | avg 29.7% budget)
  frame.fixed_step                 win=  4.657ms avg=  4.928ms p95=  9.071ms max=102.340ms calls(last=  1,win= 127,total=6395) (win 27.9% | avg 29.6% budget)
  game.update                      win=  4.533ms avg=  4.798ms p95=  8.155ms max=102.308ms calls(last=  1,win= 127,total=5324) (win 27.2% | avg 28.8% budget)
  system.ai_update                 win=  4.272ms avg=  4.521ms p95=  7.894ms max= 13.819ms calls(last=  1,win= 127,total=5262) (win 25.6% | avg 27.1% budget)
  enemy.update                     win=  4.268ms avg=  4.517ms p95=  7.890ms max= 13.810ms calls(last=  1,win= 127,total=5262) (win 25.6% | avg 27.1% budget)
  frame.render.world               win=  2.330ms avg=  2.330ms p95=  2.800ms max= 10.392ms calls(last=  1,win= 120,total=5015) (win 14.0% | avg 14.0% budget)
  gameplay.music                   win=  1.951ms avg=  1.951ms p95=  7.734ms max= 28.353ms calls(last=  1,win= 120,total=6120) (win 11.7% | avg 11.7% budget)
  music.fill_buffer                win=  0.991ms avg=  0.273ms p95=  1.000ms max=  2.791ms calls(last=  1,win=  33,total=1665) (win 5.9% | avg 1.6% budget)
  menu.music                       win=  0.976ms avg=  1.953ms p95=  7.733ms max= 28.353ms calls(last=  2,win= 240,total=12240) (win 5.9% | avg 11.7% budget)
  frame.render.world.maze          win=  0.944ms avg=  0.944ms p95=  1.078ms max=  3.452ms calls(last=  1,win= 120,total=5015) (win 5.7% | avg 5.7% budget)
  frame.render.hud                 win=  0.851ms avg=  0.851ms p95=  0.903ms max=  2.474ms calls(last=  1,win= 120,total=5015) (win 5.1% | avg 5.1% budget)
  frame.render.world.effects       win=  0.554ms avg=  0.554ms p95=  0.851ms max=  7.424ms calls(last=  1,win= 120,total=5015) (win 3.3% | avg 3.3% budget)
  frame.render.hud.minimap         win=  0.429ms avg=  0.429ms p95=  0.468ms max=  1.302ms calls(last=  1,win= 120,total=5015) (win 2.6% | avg 2.6% budget)
  frame.render.world.enemies       win=  0.374ms avg=  0.374ms p95=  0.437ms max=  4.105ms calls(last=  1,win= 120,total=5015) (win 2.2% | avg 2.2% budget)
  enemy.physics.frontal_collisions win=  0.370ms avg=  0.392ms p95=  0.691ms max=  1.935ms calls(last=  1,win= 127,total=4756) (win 2.2% | avg 2.4% budget)
  frame.render.world.enemies.draw  win=  0.316ms avg=  0.316ms p95=  0.379ms max=  4.065ms calls(last=  1,win= 120,total=5015) (win 1.9% | avg 1.9% budget)
  enemy.physics.frontal_grid_build win=  0.285ms avg=  0.302ms p95=  0.536ms max=  1.775ms calls(last=  1,win= 127,total=4756) (win 1.7% | avg 1.8% budget)
  frame.render.hud.text            win=  0.228ms avg=  0.228ms p95=  0.265ms max=  0.871ms calls(last=  1,win= 120,total=5015) (win 1.4% | avg 1.4% budget)
  audio.route_step                 win=  0.112ms avg=  0.118ms p95=  0.012ms max= 10.809ms calls(last=  1,win= 127,total=5324) (win 0.7% | avg 0.7% budget)
  enemy.ai.movement                win=  0.107ms avg=  0.938ms p95=  1.572ms max=  2.604ms calls(last=  9,win=1049,total=31171) (win 0.6% | avg 5.6% budget)
  system.physics_collision         win=  0.080ms avg=  0.085ms p95=  0.167ms max= 14.231ms calls(last=  1,win= 127,total=5262) (win 0.5% | avg 0.5% budget)
[ENEMY_STATS] frame=6120 alive=118 visible=5 full=9 cheap=109 fullInBase=1 pairs(frontal=0 checks=0 separation=0 resolved=0)
[ENEMY_WINDOW] steps=127 alive[min=117 max=118] visible[min=5 max=6] full[min=8 max=9] collisionPasses[runs=127 skips=0]
[ENEMY_SEGMENTS] window=2.117s D{b/s=12.76 avgLen=5.19 fail=0} T{b/s=0.00 avgLen=0.00 fail=0} H{b/s=0.00 avgLen=0.00 fail=0} A{b/s=0.00 avgLen=0.00 fail=0}
[ENEMY_GRID] frontal{cand/s=496.1 xcell/s=3.3 ins/s=499.4} separation{cand/s=496.1}
[ENEMY_COLLISION_WINDOW] frontal{pairs/s=0.0 checks/s=0.0 baseSkip=0 kill=0(0.0%)} separation{pairs/s=0.0 resolved/s=0.0(0.0%) baseSkip=0 kill=0 wallBlock=0}
[ENEMY_NAV_CACHE] playerCell{changes=0 flowRebuilds=0} flow{hit=0 miss=0 hit%=0.0} pathFallback{calls=0 ok=0 ok%=0.0}
[ENEMY_SAP] updates=14893 active=1050 pairs=0 repairs{x=643 y=643}
[ENEMY_PAIR_TYPES] frontal DD=0 DT=0 DH=0 DA=0 TT=0 TH=0 TA=0 HH=0 HA=0 AA=0 separation DD=0 DT=0 DH=0 DA=0 TT=0 TH=0 TA=0 HH=0 HA=0 AA=0
[AUDIO_ROUTE_WINDOW] steps=127 events=4 sounds=4 avg(step ev=0.03 snd=0.03) max(step ev=1 snd=1)
  events{shotP=0 shotE=0 dead=0 spawn=1 base=0 wall=3 start=0 playerExpl=0}
  sounds{shotP=0 shotE=0 dead=0 spawn=1 base=0 wall=3 start=0 playerExpl=0}
[MUSIC_PLAYER_WINDOW] label=menu calls=120 activeCalls=0 buffers=0 avg(buf/call=0.00 active=0.00) max(buf/call=0) upload(total=0.00ms avg=0.000ms max=0.000ms slow=0)
[MUSIC_PLAYER_WINDOW] label=gameplay calls=120 activeCalls=120 buffers=33 avg(buf/call=0.28 active=0.28) max(buf/call=1) upload(total=0.25ms avg=0.008ms max=0.009ms slow=0)

[PROFILE] frame=6240 budget=16.667ms alloc(+37/-37, +2936b/-2936b, live=397808b peak=459752b)
  frame.total                      win= 16.890ms avg= 16.890ms p95= 17.405ms max=106.256ms calls(last=  1,win= 120,total=6240) (win 101.3% | avg 101.3% budget)
  frame.cpu_work                   win=  9.778ms avg=  9.778ms p95= 13.123ms max=104.601ms calls(last=  1,win= 120,total=6240) (win 58.7% | avg 58.7% budget)
  frame.present                    win=  7.097ms avg=  7.097ms p95=  9.307ms max= 36.794ms calls(last=  1,win= 120,total=6240) (win 42.6% | avg 42.6% budget)
  frame.render                     win=  5.011ms avg=  5.011ms p95=  5.362ms max= 24.967ms calls(last=  1,win= 120,total=6240) (win 30.1% | avg 30.1% budget)
  frame.fixed_step                 win=  3.722ms avg=  3.815ms p95=  5.624ms max=102.340ms calls(last=  1,win= 123,total=6518) (win 22.3% | avg 22.9% budget)
  game.update                      win=  3.702ms avg=  3.795ms p95=  5.600ms max=102.308ms calls(last=  1,win= 123,total=5447) (win 22.2% | avg 22.8% budget)
  system.ai_update                 win=  3.490ms avg=  3.577ms p95=  5.403ms max= 13.819ms calls(last=  1,win= 123,total=5385) (win 20.9% | avg 21.5% budget)
  enemy.update                     win=  3.486ms avg=  3.573ms p95=  5.398ms max= 13.810ms calls(last=  1,win= 123,total=5385) (win 20.9% | avg 21.4% budget)
  frame.render.world               win=  2.366ms avg=  2.366ms p95=  2.667ms max= 10.392ms calls(last=  1,win= 120,total=5135) (win 14.2% | avg 14.2% budget)
  music.fill_buffer                win=  0.979ms avg=  0.261ms p95=  1.016ms max=  2.791ms calls(last=  1,win=  32,total=1697) (win 5.9% | avg 1.6% budget)
  gameplay.music                   win=  0.896ms avg=  0.896ms p95=  3.576ms max= 28.353ms calls(last=  1,win= 120,total=6240) (win 5.4% | avg 5.4% budget)
  frame.render.hud                 win=  0.831ms avg=  0.831ms p95=  0.918ms max=  2.474ms calls(last=  1,win= 120,total=5135) (win 5.0% | avg 5.0% budget)
  frame.render.world.maze          win=  0.808ms avg=  0.808ms p95=  0.964ms max=  3.452ms calls(last=  1,win= 120,total=5135) (win 4.8% | avg 4.8% budget)
  frame.render.world.effects       win=  0.464ms avg=  0.464ms p95=  0.552ms max=  7.424ms calls(last=  1,win= 120,total=5135) (win 2.8% | avg 2.8% budget)
  menu.music                       win=  0.449ms avg=  0.897ms p95=  3.521ms max= 28.353ms calls(last=  2,win= 240,total=12480) (win 2.7% | avg 5.4% budget)
  frame.render.hud.minimap         win=  0.426ms avg=  0.426ms p95=  0.468ms max=  1.302ms calls(last=  1,win= 120,total=5135) (win 2.6% | avg 2.6% budget)
  enemy.physics.frontal_collisions win=  0.369ms avg=  0.378ms p95=  0.584ms max=  1.935ms calls(last=  1,win= 123,total=4879) (win 2.2% | avg 2.3% budget)
  enemy.physics.frontal_grid_build win=  0.291ms avg=  0.298ms p95=  0.507ms max=  1.775ms calls(last=  1,win= 123,total=4879) (win 1.7% | avg 1.8% budget)
  frame.render.world.enemies       win=  0.237ms avg=  0.237ms p95=  0.379ms max=  4.105ms calls(last=  1,win= 120,total=5135) (win 1.4% | avg 1.4% budget)
  frame.render.hud.text            win=  0.227ms avg=  0.227ms p95=  0.268ms max=  0.871ms calls(last=  1,win= 120,total=5135) (win 1.4% | avg 1.4% budget)
  frame.render.world.enemies.draw  win=  0.188ms avg=  0.188ms p95=  0.324ms max=  4.065ms calls(last=  1,win= 120,total=5135) (win 1.1% | avg 1.1% budget)
  enemy.ai.movement                win=  0.124ms avg=  0.326ms p95=  1.009ms max=  2.604ms calls(last=  2,win= 316,total=31487) (win 0.7% | avg 2.0% budget)
  system.spawner_update            win=  0.075ms avg=  0.077ms p95=  0.133ms max=  0.635ms calls(last=  1,win= 123,total=5385) (win 0.4% | avg 0.5% budget)
  frame.render.hud.compass         win=  0.053ms avg=  0.053ms p95=  0.054ms max=  0.453ms calls(last=  1,win= 120,total=5135) (win 0.3% | avg 0.3% budget)
[ENEMY_STATS] frame=6240 alive=119 visible=0 full=2 cheap=117 fullInBase=0 pairs(frontal=0 checks=0 separation=0 resolved=0)
[ENEMY_WINDOW] steps=123 alive[min=118 max=119] visible[min=0 max=5] full[min=2 max=9] collisionPasses[runs=123 skips=0]
[ENEMY_SEGMENTS] window=2.050s D{b/s=12.20 avgLen=4.43 fail=0} T{b/s=0.00 avgLen=0.00 fail=0} H{b/s=0.00 avgLen=0.00 fail=0} A{b/s=0.00 avgLen=0.00 fail=0}
[ENEMY_GRID] frontal{cand/s=150.7 xcell/s=0.0 ins/s=150.7} separation{cand/s=150.7}
[ENEMY_COLLISION_WINDOW] frontal{pairs/s=0.0 checks/s=0.0 baseSkip=0 kill=0(0.0%)} separation{pairs/s=0.0 resolved/s=0.0(0.0%) baseSkip=0 kill=0 wallBlock=0}
[ENEMY_NAV_CACHE] playerCell{changes=0 flowRebuilds=0} flow{hit=0 miss=0 hit%=0.0} pathFallback{calls=0 ok=0 ok%=0.0}
[ENEMY_SAP] updates=14545 active=309 pairs=0 repairs{x=328 y=329}
[ENEMY_PAIR_TYPES] frontal DD=0 DT=0 DH=0 DA=0 TT=0 TH=0 TA=0 HH=0 HA=0 AA=0 separation DD=0 DT=0 DH=0 DA=0 TT=0 TH=0 TA=0 HH=0 HA=0 AA=0
[AUDIO_ROUTE_WINDOW] steps=123 events=2 sounds=1 avg(step ev=0.02 snd=0.01) max(step ev=1 snd=1)
  events{shotP=0 shotE=0 dead=0 spawn=1 base=0 wall=0 start=1 playerExpl=0}
  sounds{shotP=0 shotE=0 dead=0 spawn=0 base=0 wall=0 start=1 playerExpl=0}
[MUSIC_PLAYER_WINDOW] label=menu calls=120 activeCalls=0 buffers=0 avg(buf/call=0.00 active=0.00) max(buf/call=0) upload(total=0.00ms avg=0.000ms max=0.000ms slow=0)
[MUSIC_PLAYER_WINDOW] label=gameplay calls=120 activeCalls=120 buffers=32 avg(buf/call=0.27 active=0.27) max(buf/call=1) upload(total=0.24ms avg=0.007ms max=0.009ms slow=0)

[PROFILE] frame=6360 budget=16.667ms alloc(+91/-91, +7256b/-7256b, live=397856b peak=459752b)
  frame.total                      win= 16.867ms avg= 16.867ms p95= 17.291ms max=106.256ms calls(last=  1,win= 120,total=6360) (win 101.2% | avg 101.2% budget)
  frame.cpu_work                   win=  9.330ms avg=  9.330ms p95= 11.198ms max=104.601ms calls(last=  1,win= 120,total=6360) (win 56.0% | avg 56.0% budget)
  frame.present                    win=  7.523ms avg=  7.523ms p95=  9.285ms max= 36.794ms calls(last=  1,win= 120,total=6360) (win 45.1% | avg 45.1% budget)
  frame.render                     win=  4.997ms avg=  4.997ms p95=  5.485ms max= 24.967ms calls(last=  1,win= 120,total=6360) (win 30.0% | avg 30.0% budget)
  frame.fixed_step                 win=  3.845ms avg=  3.909ms p95=  5.698ms max=102.340ms calls(last=  1,win= 122,total=6640) (win 23.1% | avg 23.5% budget)
  game.update                      win=  3.826ms avg=  3.890ms p95=  5.680ms max=102.308ms calls(last=  1,win= 122,total=5569) (win 23.0% | avg 23.3% budget)
  system.ai_update                 win=  3.597ms avg=  3.657ms p95=  5.429ms max= 13.819ms calls(last=  1,win= 122,total=5507) (win 21.6% | avg 21.9% budget)
  enemy.update                     win=  3.593ms avg=  3.653ms p95=  5.425ms max= 13.810ms calls(last=  1,win= 122,total=5507) (win 21.6% | avg 21.9% budget)
  frame.render.world               win=  2.296ms avg=  2.296ms p95=  2.576ms max= 10.392ms calls(last=  1,win= 120,total=5255) (win 13.8% | avg 13.8% budget)
  music.fill_buffer                win=  0.972ms avg=  0.259ms p95=  1.018ms max=  2.791ms calls(last=  1,win=  32,total=1729) (win 5.8% | avg 1.6% budget)
  frame.render.world.maze          win=  0.848ms avg=  0.848ms p95=  1.033ms max=  3.452ms calls(last=  1,win= 120,total=5255) (win 5.1% | avg 5.1% budget)
  frame.render.hud                 win=  0.844ms avg=  0.844ms p95=  1.015ms max=  2.474ms calls(last=  1,win= 120,total=5255) (win 5.1% | avg 5.1% budget)
  frame.render.world.effects       win=  0.443ms avg=  0.443ms p95=  0.527ms max=  7.424ms calls(last=  1,win= 120,total=5255) (win 2.7% | avg 2.7% budget)
  frame.render.hud.minimap         win=  0.435ms avg=  0.435ms p95=  0.550ms max=  1.302ms calls(last=  1,win= 120,total=5255) (win 2.6% | avg 2.6% budget)
  enemy.physics.frontal_collisions win=  0.383ms avg=  0.389ms p95=  0.608ms max=  1.935ms calls(last=  1,win= 122,total=5001) (win 2.3% | avg 2.3% budget)
  gameplay.music                   win=  0.368ms avg=  0.368ms p95=  1.047ms max= 28.353ms calls(last=  1,win= 120,total=6360) (win 2.2% | avg 2.2% budget)
  enemy.physics.frontal_grid_build win=  0.305ms avg=  0.310ms p95=  0.533ms max=  1.775ms calls(last=  1,win= 122,total=5001) (win 1.8% | avg 1.9% budget)
  frame.render.world.enemies       win=  0.234ms avg=  0.234ms p95=  0.278ms max=  4.105ms calls(last=  1,win= 120,total=5255) (win 1.4% | avg 1.4% budget)
  frame.render.hud.text            win=  0.228ms avg=  0.228ms p95=  0.256ms max=  0.871ms calls(last=  1,win= 120,total=5255) (win 1.4% | avg 1.4% budget)
  menu.music                       win=  0.185ms avg=  0.370ms p95=  1.049ms max= 28.353ms calls(last=  2,win= 240,total=12720) (win 1.1% | avg 2.2% budget)
  frame.render.world.enemies.draw  win=  0.183ms avg=  0.183ms p95=  0.189ms max=  4.065ms calls(last=  1,win= 120,total=5255) (win 1.1% | avg 1.1% budget)
  enemy.ai.movement                win=  0.123ms avg=  0.354ms p95=  0.592ms max=  2.604ms calls(last=  5,win= 345,total=31832) (win 0.7% | avg 2.1% budget)
  system.spawner_update            win=  0.075ms avg=  0.076ms p95=  0.121ms max=  0.635ms calls(last=  1,win= 122,total=5507) (win 0.5% | avg 0.5% budget)
  enemy.cheap.segment_build        win=  0.054ms avg=  0.011ms p95=  0.065ms max=  0.742ms calls(last=  0,win=  24,total=802) (win 0.3% | avg 0.1% budget)
[ENEMY_STATS] frame=6360 alive=121 visible=0 full=5 cheap=116 fullInBase=0 pairs(frontal=0 checks=0 separation=0 resolved=0)
[ENEMY_WINDOW] steps=122 alive[min=119 max=121] visible[min=0 max=0] full[min=2 max=5] collisionPasses[runs=122 skips=0]
[ENEMY_SEGMENTS] window=2.033s D{b/s=11.80 avgLen=5.05 fail=0} T{b/s=0.00 avgLen=0.00 fail=0} H{b/s=0.00 avgLen=0.00 fail=0} A{b/s=0.00 avgLen=0.00 fail=0}
[ENEMY_GRID] frontal{cand/s=171.1 xcell/s=0.5 ins/s=171.6} separation{cand/s=171.1}
[ENEMY_COLLISION_WINDOW] frontal{pairs/s=0.0 checks/s=0.0 baseSkip=0 kill=0(0.0%)} separation{pairs/s=0.0 resolved/s=0.0(0.0%) baseSkip=0 kill=0 wallBlock=0}
[ENEMY_NAV_CACHE] playerCell{changes=0 flowRebuilds=0} flow{hit=0 miss=0 hit%=0.0} pathFallback{calls=0 ok=0 ok%=0.0}
[ENEMY_SAP] updates=14635 active=348 pairs=0 repairs{x=593 y=597}
[ENEMY_PAIR_TYPES] frontal DD=0 DT=0 DH=0 DA=0 TT=0 TH=0 TA=0 HH=0 HA=0 AA=0 separation DD=0 DT=0 DH=0 DA=0 TT=0 TH=0 TA=0 HH=0 HA=0 AA=0
[AUDIO_ROUTE_WINDOW] steps=122 events=2 sounds=0 avg(step ev=0.02 snd=0.00) max(step ev=1 snd=0)
  events{shotP=0 shotE=0 dead=0 spawn=2 base=0 wall=0 start=0 playerExpl=0}
  sounds{shotP=0 shotE=0 dead=0 spawn=0 base=0 wall=0 start=0 playerExpl=0}
[MUSIC_PLAYER_WINDOW] label=menu calls=120 activeCalls=0 buffers=0 avg(buf/call=0.00 active=0.00) max(buf/call=0) upload(total=0.00ms avg=0.000ms max=0.000ms slow=0)
[MUSIC_PLAYER_WINDOW] label=gameplay calls=120 activeCalls=120 buffers=32 avg(buf/call=0.27 active=0.27) max(buf/call=1) upload(total=0.23ms avg=0.007ms max=0.009ms slow=0)

[PROFILE] frame=6480 budget=16.667ms alloc(+82/-82, +6464b/-6464b, live=397872b peak=459752b)
  frame.total                      win= 16.874ms avg= 16.874ms p95= 17.306ms max=106.256ms calls(last=  1,win= 120,total=6480) (win 101.2% | avg 101.2% budget)
  frame.cpu_work                   win=  9.763ms avg=  9.763ms p95= 11.678ms max=104.601ms calls(last=  1,win= 120,total=6480) (win 58.6% | avg 58.6% budget)
  frame.present                    win=  7.096ms avg=  7.096ms p95=  8.472ms max= 36.794ms calls(last=  1,win= 120,total=6480) (win 42.6% | avg 42.6% budget)
  frame.render                     win=  5.078ms avg=  5.078ms p95=  5.435ms max= 24.967ms calls(last=  1,win= 120,total=6480) (win 30.5% | avg 30.5% budget)
  frame.fixed_step                 win=  4.212ms avg=  4.317ms p95=  5.769ms max=102.340ms calls(last=  1,win= 123,total=6763) (win 25.3% | avg 25.9% budget)
  game.update                      win=  4.193ms avg=  4.298ms p95=  5.751ms max=102.308ms calls(last=  1,win= 123,total=5692) (win 25.2% | avg 25.8% budget)
  system.ai_update                 win=  3.968ms avg=  4.067ms p95=  5.540ms max= 13.819ms calls(last=  1,win= 123,total=5630) (win 23.8% | avg 24.4% budget)
  enemy.update                     win=  3.964ms avg=  4.063ms p95=  5.536ms max= 13.810ms calls(last=  1,win= 123,total=5630) (win 23.8% | avg 24.4% budget)
  frame.render.world               win=  2.458ms avg=  2.458ms p95=  2.744ms max= 10.392ms calls(last=  1,win= 120,total=5375) (win 14.7% | avg 14.7% budget)
  music.fill_buffer                win=  0.982ms avg=  0.254ms p95=  0.997ms max=  2.791ms calls(last=  0,win=  31,total=1760) (win 5.9% | avg 1.5% budget)
  frame.render.world.maze          win=  0.966ms avg=  0.966ms p95=  1.082ms max=  3.452ms calls(last=  1,win= 120,total=5375) (win 5.8% | avg 5.8% budget)
  frame.render.hud                 win=  0.839ms avg=  0.839ms p95=  0.914ms max=  2.474ms calls(last=  1,win= 120,total=5375) (win 5.0% | avg 5.0% budget)
  frame.render.world.effects       win=  0.460ms avg=  0.460ms p95=  0.541ms max=  7.424ms calls(last=  1,win= 120,total=5375) (win 2.8% | avg 2.8% budget)
  frame.render.hud.minimap         win=  0.434ms avg=  0.434ms p95=  0.484ms max=  1.302ms calls(last=  1,win= 120,total=5375) (win 2.6% | avg 2.6% budget)
  enemy.physics.frontal_collisions win=  0.375ms avg=  0.385ms p95=  0.416ms max=  1.935ms calls(last=  1,win= 123,total=5124) (win 2.3% | avg 2.3% budget)
  gameplay.music                   win=  0.313ms avg=  0.313ms p95=  1.058ms max= 28.353ms calls(last=  1,win= 120,total=6480) (win 1.9% | avg 1.9% budget)
  enemy.physics.frontal_grid_build win=  0.290ms avg=  0.298ms p95=  0.323ms max=  1.775ms calls(last=  1,win= 123,total=5124) (win 1.7% | avg 1.8% budget)
  frame.render.hud.text            win=  0.228ms avg=  0.228ms p95=  0.268ms max=  0.871ms calls(last=  1,win= 120,total=5375) (win 1.4% | avg 1.4% budget)
  frame.render.world.enemies       win=  0.226ms avg=  0.226ms p95=  0.263ms max=  4.105ms calls(last=  1,win= 120,total=5375) (win 1.4% | avg 1.4% budget)
  frame.render.world.enemies.draw  win=  0.176ms avg=  0.176ms p95=  0.179ms max=  4.065ms calls(last=  1,win= 120,total=5375) (win 1.1% | avg 1.1% budget)
  menu.music                       win=  0.158ms avg=  0.316ms p95=  1.060ms max= 28.353ms calls(last=  2,win= 240,total=12960) (win 0.9% | avg 1.9% budget)
  enemy.ai.movement                win=  0.118ms avg=  0.645ms p95=  0.775ms max=  2.604ms calls(last=  5,win= 656,total=32488) (win 0.7% | avg 3.9% budget)
  system.spawner_update            win=  0.072ms avg=  0.074ms p95=  0.093ms max=  0.635ms calls(last=  1,win= 123,total=5630) (win 0.4% | avg 0.4% budget)
  enemy.physics.frontal_pair_traverse win=  0.053ms avg=  0.054ms p95=  0.081ms max=  0.362ms calls(last=  1,win= 123,total=5124) (win 0.3% | avg 0.3% budget)
[ENEMY_STATS] frame=6480 alive=122 visible=0 full=5 cheap=117 fullInBase=0 pairs(frontal=0 checks=0 separation=0 resolved=0)
[ENEMY_WINDOW] steps=123 alive[min=121 max=122] visible[min=0 max=0] full[min=5 max=6] collisionPasses[runs=123 skips=0]
[ENEMY_SEGMENTS] window=2.050s D{b/s=10.73 avgLen=4.90 fail=0} T{b/s=0.00 avgLen=0.00 fail=0} H{b/s=0.00 avgLen=0.00 fail=0} A{b/s=0.00 avgLen=0.00 fail=0}
[ENEMY_GRID] frontal{cand/s=320.0 xcell/s=1.5 ins/s=321.5} separation{cand/s=320.0}
[ENEMY_COLLISION_WINDOW] frontal{pairs/s=0.0 checks/s=0.0 baseSkip=0 kill=0(0.0%)} separation{pairs/s=0.0 resolved/s=0.0(0.0%) baseSkip=0 kill=0 wallBlock=0}
[ENEMY_NAV_CACHE] playerCell{changes=0 flowRebuilds=0} flow{hit=0 miss=0 hit%=0.0} pathFallback{calls=0 ok=0 ok%=0.0}
[ENEMY_SAP] updates=14907 active=656 pairs=0 repairs{x=416 y=414}
[ENEMY_PAIR_TYPES] frontal DD=0 DT=0 DH=0 DA=0 TT=0 TH=0 TA=0 HH=0 HA=0 AA=0 separation DD=0 DT=0 DH=0 DA=0 TT=0 TH=0 TA=0 HH=0 HA=0 AA=0
[AUDIO_ROUTE_WINDOW] steps=123 events=1 sounds=0 avg(step ev=0.01 snd=0.00) max(step ev=1 snd=0)
  events{shotP=0 shotE=0 dead=0 spawn=1 base=0 wall=0 start=0 playerExpl=0}
  sounds{shotP=0 shotE=0 dead=0 spawn=0 base=0 wall=0 start=0 playerExpl=0}
[MUSIC_PLAYER_WINDOW] label=menu calls=120 activeCalls=0 buffers=0 avg(buf/call=0.00 active=0.00) max(buf/call=0) upload(total=0.00ms avg=0.000ms max=0.000ms slow=0)
[MUSIC_PLAYER_WINDOW] label=gameplay calls=120 activeCalls=120 buffers=32 avg(buf/call=0.27 active=0.27) max(buf/call=1) upload(total=0.24ms avg=0.007ms max=0.009ms slow=0)

[PROFILE] frame=6600 budget=16.667ms alloc(+91/-91, +7256b/-7256b, live=397872b peak=459752b)
  frame.total                      win= 16.892ms avg= 16.892ms p95= 17.353ms max=106.256ms calls(last=  1,win= 120,total=6600) (win 101.4% | avg 101.4% budget)
  frame.cpu_work                   win=  9.772ms avg=  9.772ms p95= 11.328ms max=104.601ms calls(last=  1,win= 120,total=6600) (win 58.6% | avg 58.6% budget)
  frame.present                    win=  7.105ms avg=  7.105ms p95=  8.553ms max= 36.794ms calls(last=  1,win= 120,total=6600) (win 42.6% | avg 42.6% budget)
  frame.render                     win=  5.124ms avg=  5.124ms p95=  5.526ms max= 24.967ms calls(last=  1,win= 120,total=6600) (win 30.7% | avg 30.7% budget)
  frame.fixed_step                 win=  4.173ms avg=  4.243ms p95=  5.193ms max=102.340ms calls(last=  1,win= 122,total=6885) (win 25.0% | avg 25.5% budget)
  game.update                      win=  4.155ms avg=  4.224ms p95=  5.175ms max=102.308ms calls(last=  1,win= 122,total=5814) (win 24.9% | avg 25.3% budget)
  system.ai_update                 win=  3.930ms avg=  3.995ms p95=  4.956ms max= 13.819ms calls(last=  1,win= 122,total=5752) (win 23.6% | avg 24.0% budget)
  enemy.update                     win=  3.925ms avg=  3.991ms p95=  4.951ms max= 13.810ms calls(last=  1,win= 122,total=5752) (win 23.6% | avg 23.9% budget)
  frame.render.world               win=  2.521ms avg=  2.521ms p95=  2.765ms max= 10.392ms calls(last=  1,win= 120,total=5495) (win 15.1% | avg 15.1% budget)
  frame.render.world.maze          win=  1.029ms avg=  1.029ms p95=  1.113ms max=  3.452ms calls(last=  1,win= 120,total=5495) (win 6.2% | avg 6.2% budget)
  music.fill_buffer                win=  0.979ms avg=  0.261ms p95=  1.006ms max=  2.791ms calls(last=  0,win=  32,total=1792) (win 5.9% | avg 1.6% budget)
  frame.render.hud                 win=  0.836ms avg=  0.836ms p95=  0.905ms max=  2.474ms calls(last=  1,win= 120,total=5495) (win 5.0% | avg 5.0% budget)
  frame.render.world.effects       win=  0.454ms avg=  0.454ms p95=  0.529ms max=  7.424ms calls(last=  1,win= 120,total=5495) (win 2.7% | avg 2.7% budget)
  frame.render.hud.minimap         win=  0.428ms avg=  0.428ms p95=  0.467ms max=  1.302ms calls(last=  1,win= 120,total=5495) (win 2.6% | avg 2.6% budget)
  enemy.physics.frontal_collisions win=  0.376ms avg=  0.382ms p95=  0.410ms max=  1.935ms calls(last=  1,win= 122,total=5246) (win 2.3% | avg 2.3% budget)
  gameplay.music                   win=  0.350ms avg=  0.350ms p95=  1.174ms max= 28.353ms calls(last=  1,win= 120,total=6600) (win 2.1% | avg 2.1% budget)
  enemy.physics.frontal_grid_build win=  0.293ms avg=  0.298ms p95=  0.323ms max=  1.775ms calls(last=  1,win= 122,total=5246) (win 1.8% | avg 1.8% budget)
  frame.render.world.enemies       win=  0.233ms avg=  0.233ms p95=  0.272ms max=  4.105ms calls(last=  1,win= 120,total=5495) (win 1.4% | avg 1.4% budget)
  frame.render.hud.text            win=  0.229ms avg=  0.229ms p95=  0.269ms max=  0.871ms calls(last=  1,win= 120,total=5495) (win 1.4% | avg 1.4% budget)
  frame.render.world.enemies.draw  win=  0.182ms avg=  0.182ms p95=  0.220ms max=  4.065ms calls(last=  1,win= 120,total=5495) (win 1.1% | avg 1.1% budget)
  menu.music                       win=  0.176ms avg=  0.352ms p95=  1.184ms max= 28.353ms calls(last=  2,win= 240,total=13200) (win 1.1% | avg 2.1% budget)
  enemy.ai.movement                win=  0.123ms avg=  0.623ms p95=  0.670ms max=  2.604ms calls(last=  5,win= 610,total=33098) (win 0.7% | avg 3.7% budget)
  system.spawner_update            win=  0.073ms avg=  0.075ms p95=  0.108ms max=  0.635ms calls(last=  1,win= 122,total=5752) (win 0.4% | avg 0.4% budget)
  enemy.cheap.segment_build        win=  0.053ms avg=  0.010ms p95=  0.062ms max=  0.742ms calls(last=  0,win=  22,total=846) (win 0.3% | avg 0.1% budget)
[ENEMY_STATS] frame=6600 alive=122 visible=0 full=5 cheap=117 fullInBase=0 pairs(frontal=0 checks=0 separation=0 resolved=0)
[ENEMY_WINDOW] steps=122 alive[min=122 max=122] visible[min=0 max=0] full[min=5 max=5] collisionPasses[runs=122 skips=0]
[ENEMY_SEGMENTS] window=2.033s D{b/s=10.82 avgLen=4.83 fail=0} T{b/s=0.00 avgLen=0.00 fail=0} H{b/s=0.00 avgLen=0.00 fail=0} A{b/s=0.00 avgLen=0.00 fail=0}
[ENEMY_GRID] frontal{cand/s=300.0 xcell/s=1.0 ins/s=301.0} separation{cand/s=300.0}
[ENEMY_COLLISION_WINDOW] frontal{pairs/s=0.0 checks/s=0.0 baseSkip=0 kill=0(0.0%)} separation{pairs/s=0.0 resolved/s=0.0(0.0%) baseSkip=0 kill=0 wallBlock=0}
[ENEMY_NAV_CACHE] playerCell{changes=0 flowRebuilds=0} flow{hit=0 miss=0 hit%=0.0} pathFallback{calls=0 ok=0 ok%=0.0}
[ENEMY_SAP] updates=14884 active=610 pairs=0 repairs{x=2 y=1}
[ENEMY_PAIR_TYPES] frontal DD=0 DT=0 DH=0 DA=0 TT=0 TH=0 TA=0 HH=0 HA=0 AA=0 separation DD=0 DT=0 DH=0 DA=0 TT=0 TH=0 TA=0 HH=0 HA=0 AA=0
[AUDIO_ROUTE_WINDOW] steps=122 events=0 sounds=0 avg(step ev=0.00 snd=0.00) max(step ev=0 snd=0)
  events{shotP=0 shotE=0 dead=0 spawn=0 base=0 wall=0 start=0 playerExpl=0}
  sounds{shotP=0 shotE=0 dead=0 spawn=0 base=0 wall=0 start=0 playerExpl=0}
[MUSIC_PLAYER_WINDOW] label=menu calls=120 activeCalls=0 buffers=0 avg(buf/call=0.00 active=0.00) max(buf/call=0) upload(total=0.00ms avg=0.000ms max=0.000ms slow=0)
[MUSIC_PLAYER_WINDOW] label=gameplay calls=120 activeCalls=120 buffers=32 avg(buf/call=0.27 active=0.27) max(buf/call=1) upload(total=0.23ms avg=0.007ms max=0.009ms slow=0)

[PROFILE] frame=6720 budget=16.667ms alloc(+163/-163, +13016b/-13016b, live=397984b peak=459752b)
  frame.total                      win= 16.917ms avg= 16.917ms p95= 17.453ms max=106.256ms calls(last=  1,win= 120,total=6720) (win 101.5% | avg 101.5% budget)
  frame.cpu_work                   win= 10.832ms avg= 10.832ms p95= 14.076ms max=104.601ms calls(last=  1,win= 120,total=6720) (win 65.0% | avg 65.0% budget)
  frame.present                    win=  6.070ms avg=  6.070ms p95=  7.625ms max= 36.794ms calls(last=  1,win= 120,total=6720) (win 36.4% | avg 36.4% budget)
  frame.render                     win=  5.207ms avg=  5.207ms p95=  5.562ms max= 24.967ms calls(last=  1,win= 120,total=6720) (win 31.2% | avg 31.2% budget)
  frame.fixed_step                 win=  4.828ms avg=  4.949ms p95=  6.488ms max=102.340ms calls(last=  1,win= 123,total=7008) (win 29.0% | avg 29.7% budget)
  game.update                      win=  4.808ms avg=  4.929ms p95=  6.469ms max=102.308ms calls(last=  1,win= 123,total=5937) (win 28.9% | avg 29.6% budget)
  system.ai_update                 win=  4.538ms avg=  4.652ms p95=  6.237ms max= 13.819ms calls(last=  1,win= 123,total=5875) (win 27.2% | avg 27.9% budget)
  enemy.update                     win=  4.534ms avg=  4.647ms p95=  6.233ms max= 13.810ms calls(last=  1,win= 123,total=5875) (win 27.2% | avg 27.9% budget)
  frame.render.world               win=  2.600ms avg=  2.600ms p95=  2.824ms max= 10.392ms calls(last=  1,win= 120,total=5615) (win 15.6% | avg 15.6% budget)
  frame.render.world.maze          win=  1.044ms avg=  1.044ms p95=  1.107ms max=  3.452ms calls(last=  1,win= 120,total=5615) (win 6.3% | avg 6.3% budget)
  music.fill_buffer                win=  0.997ms avg=  0.266ms p95=  1.022ms max=  2.791ms calls(last=  0,win=  32,total=1824) (win 6.0% | avg 1.6% budget)
  frame.render.hud                 win=  0.838ms avg=  0.838ms p95=  0.877ms max=  2.474ms calls(last=  1,win= 120,total=5615) (win 5.0% | avg 5.0% budget)
  gameplay.music                   win=  0.619ms avg=  0.619ms p95=  3.723ms max= 28.353ms calls(last=  1,win= 120,total=6720) (win 3.7% | avg 3.7% budget)
  frame.render.world.effects       win=  0.511ms avg=  0.511ms p95=  0.608ms max=  7.424ms calls(last=  1,win= 120,total=5615) (win 3.1% | avg 3.1% budget)
  frame.render.hud.minimap         win=  0.430ms avg=  0.430ms p95=  0.472ms max=  1.302ms calls(last=  1,win= 120,total=5615) (win 2.6% | avg 2.6% budget)
  enemy.physics.frontal_collisions win=  0.399ms avg=  0.409ms p95=  0.577ms max=  1.935ms calls(last=  1,win= 123,total=5369) (win 2.4% | avg 2.5% budget)
  menu.music                       win=  0.311ms avg=  0.621ms p95=  3.724ms max= 28.353ms calls(last=  2,win= 240,total=13440) (win 1.9% | avg 3.7% budget)
  enemy.physics.frontal_grid_build win=  0.304ms avg=  0.312ms p95=  0.475ms max=  1.775ms calls(last=  1,win= 123,total=5369) (win 1.8% | avg 1.9% budget)
  frame.render.world.enemies       win=  0.272ms avg=  0.272ms p95=  0.321ms max=  4.105ms calls(last=  1,win= 120,total=5615) (win 1.6% | avg 1.6% budget)
  frame.render.hud.text            win=  0.230ms avg=  0.230ms p95=  0.271ms max=  0.871ms calls(last=  1,win= 120,total=5615) (win 1.4% | avg 1.4% budget)
  frame.render.world.enemies.draw  win=  0.220ms avg=  0.220ms p95=  0.266ms max=  4.065ms calls(last=  1,win= 120,total=5615) (win 1.3% | avg 1.3% budget)
  enemy.ai.movement                win=  0.114ms avg=  1.043ms p95=  1.216ms max=  2.604ms calls(last=  9,win=1102,total=34200) (win 0.7% | avg 6.3% budget)
  system.spawner_update            win=  0.074ms avg=  0.076ms p95=  0.096ms max=  0.635ms calls(last=  1,win= 123,total=5875) (win 0.4% | avg 0.5% budget)
  system.physics_collision         win=  0.069ms avg=  0.070ms p95=  0.128ms max= 14.231ms calls(last=  1,win= 123,total=5875) (win 0.4% | avg 0.4% budget)
[ENEMY_STATS] frame=6720 alive=123 visible=0 full=9 cheap=114 fullInBase=0 pairs(frontal=0 checks=0 separation=0 resolved=0)
[ENEMY_WINDOW] steps=123 alive[min=122 max=123] visible[min=0 max=2] full[min=5 max=11] collisionPasses[runs=123 skips=0]
[ENEMY_SEGMENTS] window=2.050s D{b/s=9.76 avgLen=4.78 fail=0} T{b/s=0.00 avgLen=0.00 fail=0} H{b/s=0.00 avgLen=0.00 fail=0} A{b/s=0.00 avgLen=0.00 fail=0}
[ENEMY_GRID] frontal{cand/s=539.5 xcell/s=3.9 ins/s=543.4} separation{cand/s=539.5}
[ENEMY_COLLISION_WINDOW] frontal{pairs/s=0.0 checks/s=0.0 baseSkip=0 kill=0(0.0%)} separation{pairs/s=0.0 resolved/s=0.0(0.0%) baseSkip=0 kill=0 wallBlock=0}
[ENEMY_NAV_CACHE] playerCell{changes=0 flowRebuilds=0} flow{hit=0 miss=0 hit%=0.0} pathFallback{calls=0 ok=0 ok%=0.0}
[ENEMY_SAP] updates=15086 active=1106 pairs=0 repairs{x=1575 y=1569}
[ENEMY_PAIR_TYPES] frontal DD=0 DT=0 DH=0 DA=0 TT=0 TH=0 TA=0 HH=0 HA=0 AA=0 separation DD=0 DT=0 DH=0 DA=0 TT=0 TH=0 TA=0 HH=0 HA=0 AA=0
[AUDIO_ROUTE_WINDOW] steps=123 events=8 sounds=7 avg(step ev=0.07 snd=0.06) max(step ev=2 snd=2)
  events{shotP=5 shotE=0 dead=1 spawn=2 base=0 wall=0 start=0 playerExpl=0}
  sounds{shotP=5 shotE=0 dead=1 spawn=1 base=0 wall=0 start=0 playerExpl=0}
[MUSIC_PLAYER_WINDOW] label=menu calls=120 activeCalls=0 buffers=0 avg(buf/call=0.00 active=0.00) max(buf/call=0) upload(total=0.00ms avg=0.000ms max=0.000ms slow=0)
[MUSIC_PLAYER_WINDOW] label=gameplay calls=120 activeCalls=120 buffers=32 avg(buf/call=0.27 active=0.27) max(buf/call=1) upload(total=0.24ms avg=0.007ms max=0.010ms slow=0)

[PROFILE] frame=6840 budget=16.667ms alloc(+253/-253, +20072b/-20072b, live=397984b peak=459752b)
  frame.total                      win= 18.376ms avg= 18.376ms p95= 23.938ms max=106.256ms calls(last=  1,win= 120,total=6840) (win 110.3% | avg 110.3% budget)
  frame.cpu_work                   win= 14.132ms avg= 14.132ms p95= 21.899ms max=104.601ms calls(last=  1,win= 120,total=6840) (win 84.8% | avg 84.8% budget)
  frame.fixed_step                 win=  5.696ms avg=  6.313ms p95= 11.606ms max=102.340ms calls(last=  1,win= 133,total=7141) (win 34.2% | avg 37.9% budget)
  game.update                      win=  5.455ms avg=  6.046ms p95= 10.511ms max=102.308ms calls(last=  1,win= 133,total=6070) (win 32.7% | avg 36.3% budget)
  frame.render                     win=  5.377ms avg=  5.377ms p95=  5.788ms max= 24.967ms calls(last=  1,win= 120,total=6840) (win 32.3% | avg 32.3% budget)
  system.ai_update                 win=  5.134ms avg=  5.690ms p95=  9.951ms max= 13.819ms calls(last=  1,win= 133,total=6008) (win 30.8% | avg 34.1% budget)
  enemy.update                     win=  5.129ms avg=  5.685ms p95=  9.944ms max= 13.810ms calls(last=  1,win= 133,total=6008) (win 30.8% | avg 34.1% budget)
  audio.route.removed_enemy_match  win=  4.366ms avg=  0.036ms p95=  0.000ms max=  6.108ms calls(last=  0,win=   1,total=17) (win 26.2% | avg 0.2% budget)
  frame.present                    win=  4.226ms avg=  4.226ms p95=  6.918ms max= 36.794ms calls(last=  1,win= 120,total=6840) (win 25.4% | avg 25.4% budget)
  frame.render.world               win=  2.779ms avg=  2.779ms p95=  3.052ms max= 10.392ms calls(last=  1,win= 120,total=5735) (win 16.7% | avg 16.7% budget)
  gameplay.music                   win=  2.383ms avg=  2.383ms p95=  8.841ms max= 28.353ms calls(last=  1,win= 120,total=6840) (win 14.3% | avg 14.3% budget)
  menu.music                       win=  1.192ms avg=  2.385ms p95=  8.840ms max= 28.353ms calls(last=  2,win= 240,total=13680) (win 7.2% | avg 14.3% budget)
  frame.render.world.maze          win=  1.043ms avg=  1.043ms p95=  1.109ms max=  3.452ms calls(last=  1,win= 120,total=5735) (win 6.3% | avg 6.3% budget)
  music.fill_buffer                win=  0.981ms avg=  0.286ms p95=  1.019ms max=  2.791ms calls(last=  0,win=  35,total=1859) (win 5.9% | avg 1.7% budget)
  frame.render.hud                 win=  0.841ms avg=  0.841ms p95=  0.928ms max=  2.474ms calls(last=  1,win= 120,total=5735) (win 5.0% | avg 5.0% budget)
  frame.render.world.effects       win=  0.566ms avg=  0.566ms p95=  0.627ms max=  7.424ms calls(last=  1,win= 120,total=5735) (win 3.4% | avg 3.4% budget)
  frame.render.hud.minimap         win=  0.430ms avg=  0.430ms p95=  0.472ms max=  1.302ms calls(last=  1,win= 120,total=5735) (win 2.6% | avg 2.6% budget)
  enemy.physics.frontal_collisions win=  0.417ms avg=  0.462ms p95=  0.786ms max=  1.935ms calls(last=  1,win= 133,total=5502) (win 2.5% | avg 2.8% budget)
  frame.render.world.enemies       win=  0.324ms avg=  0.324ms p95=  0.427ms max=  4.105ms calls(last=  1,win= 120,total=5735) (win 1.9% | avg 1.9% budget)
  music.update_stream              win=  0.301ms avg=  0.088ms p95=  0.012ms max= 14.906ms calls(last=  0,win=  35,total=1859) (win 1.8% | avg 0.5% budget)
  enemy.physics.frontal_grid_build win=  0.298ms avg=  0.330ms p95=  0.573ms max=  1.775ms calls(last=  1,win= 133,total=5502) (win 1.8% | avg 2.0% budget)
  frame.render.world.enemies.draw  win=  0.274ms avg=  0.274ms p95=  0.375ms max=  4.065ms calls(last=  1,win= 120,total=5735) (win 1.6% | avg 1.6% budget)
  frame.render.hud.text            win=  0.230ms avg=  0.230ms p95=  0.274ms max=  0.871ms calls(last=  1,win= 120,total=5735) (win 1.4% | avg 1.4% budget)
  audio.route_step                 win=  0.229ms avg=  0.254ms p95=  0.026ms max= 10.809ms calls(last=  1,win= 133,total=6070) (win 1.4% | avg 1.5% budget)
[ENEMY_STATS] frame=6840 alive=123 visible=1 full=15 cheap=108 fullInBase=1 pairs(frontal=1 checks=1 separation=1 resolved=0)
[ENEMY_WINDOW] steps=133 alive[min=122 max=123] visible[min=0 max=1] full[min=9 max=17] collisionPasses[runs=133 skips=0]
[ENEMY_SEGMENTS] window=2.217s D{b/s=15.34 avgLen=4.72 fail=0} T{b/s=0.00 avgLen=0.00 fail=0} H{b/s=0.00 avgLen=0.00 fail=0} A{b/s=0.00 avgLen=0.00 fail=0}
[ENEMY_GRID] frontal{cand/s=728.6 xcell/s=4.5 ins/s=733.1} separation{cand/s=728.6}
[ENEMY_COLLISION_WINDOW] frontal{pairs/s=25.3 checks/s=25.3 baseSkip=0 kill=0(0.0%)} separation{pairs/s=25.3 resolved/s=0.0(0.0%) baseSkip=0 kill=0 wallBlock=0}
[ENEMY_NAV_CACHE] playerCell{changes=0 flowRebuilds=0} flow{hit=0 miss=0 hit%=0.0} pathFallback{calls=0 ok=0 ok%=0.0}
[ENEMY_SAP] updates=16359 active=1615 pairs=56 repairs{x=982 y=1011}
[ENEMY_PAIR_TYPES] frontal DD=56 DT=0 DH=0 DA=0 TT=0 TH=0 TA=0 HH=0 HA=0 AA=0 separation DD=56 DT=0 DH=0 DA=0 TT=0 TH=0 TA=0 HH=0 HA=0 AA=0
[AUDIO_ROUTE_WINDOW] steps=133 events=16 sounds=16 avg(step ev=0.12 snd=0.12) max(step ev=2 snd=2)
  events{shotP=5 shotE=1 dead=1 spawn=1 base=0 wall=8 start=0 playerExpl=0}
  sounds{shotP=5 shotE=1 dead=1 spawn=1 base=0 wall=8 start=0 playerExpl=0}
[MUSIC_PLAYER_WINDOW] label=menu calls=120 activeCalls=0 buffers=0 avg(buf/call=0.00 active=0.00) max(buf/call=0) upload(total=0.00ms avg=0.000ms max=0.000ms slow=0)
[MUSIC_PLAYER_WINDOW] label=gameplay calls=120 activeCalls=120 buffers=35 avg(buf/call=0.29 active=0.29) max(buf/call=1) upload(total=10.26ms avg=0.293ms max=9.998ms slow=1)

[PROFILE] frame=6960 budget=16.667ms alloc(+388/-388, +30800b/-30800b, live=398016b peak=459752b)
  frame.total                      win= 18.388ms avg= 18.388ms p95= 23.354ms max=106.256ms calls(last=  1,win= 120,total=6960) (win 110.3% | avg 110.3% budget)
  frame.cpu_work                   win= 14.670ms avg= 14.670ms p95= 21.362ms max=104.601ms calls(last=  1,win= 120,total=6960) (win 88.0% | avg 88.0% budget)
  frame.fixed_step                 win=  6.664ms avg=  7.442ms p95= 13.658ms max=102.340ms calls(last=  1,win= 134,total=7275) (win 40.0% | avg 44.7% budget)
  game.update                      win=  6.622ms avg=  7.394ms p95= 13.625ms max=102.308ms calls(last=  1,win= 134,total=6204) (win 39.7% | avg 44.4% budget)
  system.ai_update                 win=  6.329ms avg=  7.068ms p95= 13.077ms max= 15.310ms calls(last=  1,win= 134,total=6142) (win 38.0% | avg 42.4% budget)
  enemy.update                     win=  6.325ms avg=  7.063ms p95= 13.071ms max= 15.303ms calls(last=  1,win= 134,total=6142) (win 37.9% | avg 42.4% budget)
  frame.render                     win=  5.266ms avg=  5.266ms p95=  5.500ms max= 24.967ms calls(last=  1,win= 120,total=6960) (win 31.6% | avg 31.6% budget)
  frame.present                    win=  3.701ms avg=  3.701ms p95=  6.475ms max= 36.794ms calls(last=  1,win= 120,total=6960) (win 22.2% | avg 22.2% budget)
  frame.render.world               win=  2.686ms avg=  2.686ms p95=  2.876ms max= 10.392ms calls(last=  1,win= 120,total=5855) (win 16.1% | avg 16.1% budget)
  gameplay.music                   win=  1.906ms avg=  1.906ms p95=  8.123ms max= 28.353ms calls(last=  1,win= 120,total=6960) (win 11.4% | avg 11.4% budget)
  frame.render.world.maze          win=  0.992ms avg=  0.992ms p95=  1.094ms max=  3.452ms calls(last=  1,win= 120,total=5855) (win 6.0% | avg 6.0% budget)
  music.fill_buffer                win=  0.972ms avg=  0.283ms p95=  0.997ms max=  2.791ms calls(last=  0,win=  35,total=1894) (win 5.8% | avg 1.7% budget)
  menu.music                       win=  0.954ms avg=  1.908ms p95=  8.123ms max= 28.353ms calls(last=  2,win= 240,total=13920) (win 5.7% | avg 11.4% budget)
  frame.render.hud                 win=  0.835ms avg=  0.835ms p95=  0.876ms max=  2.474ms calls(last=  1,win= 120,total=5855) (win 5.0% | avg 5.0% budget)
  frame.render.world.effects       win=  0.553ms avg=  0.553ms p95=  0.665ms max=  7.424ms calls(last=  1,win= 120,total=5855) (win 3.3% | avg 3.3% budget)
  enemy.physics.frontal_collisions win=  0.457ms avg=  0.511ms p95=  0.896ms max=  1.935ms calls(last=  1,win= 134,total=5636) (win 2.7% | avg 3.1% budget)
  frame.render.hud.minimap         win=  0.426ms avg=  0.426ms p95=  0.469ms max=  1.302ms calls(last=  1,win= 120,total=5855) (win 2.6% | avg 2.6% budget)
  enemy.physics.frontal_grid_build win=  0.309ms avg=  0.345ms p95=  0.599ms max=  1.775ms calls(last=  1,win= 134,total=5636) (win 1.9% | avg 2.1% budget)
  frame.render.world.enemies       win=  0.296ms avg=  0.296ms p95=  0.345ms max=  4.105ms calls(last=  1,win= 120,total=5855) (win 1.8% | avg 1.8% budget)
  frame.render.world.enemies.draw  win=  0.242ms avg=  0.242ms p95=  0.287ms max=  4.065ms calls(last=  1,win= 120,total=5855) (win 1.5% | avg 1.5% budget)
  frame.render.hud.text            win=  0.228ms avg=  0.228ms p95=  0.264ms max=  0.871ms calls(last=  1,win= 120,total=5855) (win 1.4% | avg 1.4% budget)
  music.update_stream              win=  0.219ms avg=  0.064ms p95=  0.012ms max= 14.906ms calls(last=  0,win=  35,total=1894) (win 1.3% | avg 0.4% budget)
  enemy.ai.movement                win=  0.105ms avg=  2.098ms p95=  4.001ms max=  4.957ms calls(last= 23,win=2403,total=38213) (win 0.6% | avg 12.6% budget)
  enemy.physics.frontal_pair_traverse win=  0.103ms avg=  0.115ms p95=  0.217ms max=  0.362ms calls(last=  1,win= 134,total=5636) (win 0.6% | avg 0.7% budget)
[ENEMY_STATS] frame=6960 alive=124 visible=4 full=23 cheap=101 fullInBase=0 pairs(frontal=0 checks=0 separation=0 resolved=0)
[ENEMY_WINDOW] steps=134 alive[min=123 max=124] visible[min=0 max=4] full[min=15 max=23] collisionPasses[runs=134 skips=0]
[ENEMY_SEGMENTS] window=2.233s D{b/s=10.75 avgLen=4.88 fail=0} T{b/s=0.00 avgLen=0.00 fail=0} H{b/s=0.00 avgLen=0.00 fail=0} A{b/s=0.00 avgLen=0.00 fail=0}
[ENEMY_GRID] frontal{cand/s=1079.6 xcell/s=5.4 ins/s=1084.9} separation{cand/s=1079.6}
[ENEMY_COLLISION_WINDOW] frontal{pairs/s=64.0 checks/s=64.0 baseSkip=0 kill=0(0.0%)} separation{pairs/s=64.0 resolved/s=0.4(0.7%) baseSkip=0 kill=0 wallBlock=0}
[ENEMY_NAV_CACHE] playerCell{changes=0 flowRebuilds=0} flow{hit=0 miss=0 hit%=0.0} pathFallback{calls=0 ok=0 ok%=0.0}
[ENEMY_SAP] updates=16577 active=2411 pairs=143 repairs{x=1632 y=1705}
[ENEMY_PAIR_TYPES] frontal DD=128 DT=15 DH=0 DA=0 TT=0 TH=0 TA=0 HH=0 HA=0 AA=0 separation DD=128 DT=15 DH=0 DA=0 TT=0 TH=0 TA=0 HH=0 HA=0 AA=0
[AUDIO_ROUTE_WINDOW] steps=134 events=9 sounds=8 avg(step ev=0.07 snd=0.06) max(step ev=1 snd=1)
  events{shotP=3 shotE=3 dead=0 spawn=1 base=0 wall=2 start=0 playerExpl=0}
  sounds{shotP=3 shotE=3 dead=0 spawn=0 base=0 wall=2 start=0 playerExpl=0}
[MUSIC_PLAYER_WINDOW] label=menu calls=120 activeCalls=0 buffers=0 avg(buf/call=0.00 active=0.00) max(buf/call=0) upload(total=0.00ms avg=0.000ms max=0.000ms slow=0)
[MUSIC_PLAYER_WINDOW] label=gameplay calls=120 activeCalls=120 buffers=34 avg(buf/call=0.28 active=0.28) max(buf/call=1) upload(total=7.41ms avg=0.218ms max=7.157ms slow=1)

[PROFILE] frame=7080 budget=16.667ms alloc(+372/-372, +29472b/-29472b, live=398496b peak=459752b)
  frame.total                      win= 21.922ms avg= 21.922ms p95= 34.757ms max=106.256ms calls(last=  1,win= 120,total=7080) (win 131.5% | avg 131.5% budget)
  frame.cpu_work                   win= 19.454ms avg= 19.454ms p95= 32.572ms max=104.601ms calls(last=  1,win= 120,total=7080) (win 116.7% | avg 116.7% budget)
  frame.fixed_step                 win=  7.653ms avg= 10.141ms p95= 16.958ms max=102.340ms calls(last=  1,win= 159,total=7434) (win 45.9% | avg 60.8% budget)
  game.update                      win=  7.341ms avg=  9.727ms p95= 15.635ms max=102.308ms calls(last=  1,win= 159,total=6363) (win 44.0% | avg 58.4% budget)
  system.ai_update                 win=  6.917ms avg=  9.166ms p95= 14.904ms max= 18.959ms calls(last=  1,win= 159,total=6301) (win 41.5% | avg 55.0% budget)
  enemy.update                     win=  6.914ms avg=  9.160ms p95= 14.898ms max= 18.949ms calls(last=  1,win= 159,total=6301) (win 41.5% | avg 55.0% budget)
  frame.render                     win=  5.522ms avg=  5.522ms p95=  5.831ms max= 24.967ms calls(last=  1,win= 120,total=7080) (win 33.1% | avg 33.1% budget)
  gameplay.music                   win=  3.733ms avg=  3.733ms p95= 11.041ms max= 28.353ms calls(last=  1,win= 120,total=7080) (win 22.4% | avg 22.4% budget)
  audio.route.removed_enemy_match  win=  3.184ms avg=  0.053ms p95=  0.000ms max=  6.356ms calls(last=  0,win=   2,total=19) (win 19.1% | avg 0.3% budget)
  frame.render.world               win=  2.959ms avg=  2.959ms p95=  3.307ms max= 10.392ms calls(last=  1,win= 120,total=5975) (win 17.8% | avg 17.8% budget)
  frame.present                    win=  2.451ms avg=  2.451ms p95=  4.160ms max= 36.794ms calls(last=  1,win= 120,total=7080) (win 14.7% | avg 14.7% budget)
  menu.music                       win=  1.868ms avg=  3.735ms p95= 11.041ms max= 28.353ms calls(last=  2,win= 240,total=14160) (win 11.2% | avg 22.4% budget)
  music.update_stream              win=  1.178ms avg=  0.402ms p95=  0.012ms max= 14.906ms calls(last=  0,win=  41,total=1935) (win 7.1% | avg 2.4% budget)
  frame.render.world.maze          win=  1.040ms avg=  1.040ms p95=  1.226ms max=  3.452ms calls(last=  1,win= 120,total=5975) (win 6.2% | avg 6.2% budget)
  music.fill_buffer                win=  0.980ms avg=  0.335ms p95=  1.007ms max=  2.791ms calls(last=  0,win=  41,total=1935) (win 5.9% | avg 2.0% budget)
  frame.render.hud                 win=  0.832ms avg=  0.832ms p95=  0.869ms max=  2.474ms calls(last=  1,win= 120,total=5975) (win 5.0% | avg 5.0% budget)
  frame.render.world.effects       win=  0.674ms avg=  0.674ms p95=  0.774ms max=  7.424ms calls(last=  1,win= 120,total=5975) (win 4.0% | avg 4.0% budget)
  enemy.physics.frontal_collisions win=  0.434ms avg=  0.576ms p95=  0.911ms max=  2.184ms calls(last=  1,win= 159,total=5795) (win 2.6% | avg 3.5% budget)
  frame.render.hud.minimap         win=  0.424ms avg=  0.424ms p95=  0.468ms max=  1.302ms calls(last=  1,win= 120,total=5975) (win 2.5% | avg 2.5% budget)
  frame.render.world.enemies       win=  0.420ms avg=  0.420ms p95=  0.442ms max=  4.105ms calls(last=  1,win= 120,total=5975) (win 2.5% | avg 2.5% budget)
  frame.render.world.enemies.draw  win=  0.362ms avg=  0.362ms p95=  0.384ms max=  4.065ms calls(last=  1,win= 120,total=5975) (win 2.2% | avg 2.2% budget)
  enemy.physics.frontal_grid_build win=  0.309ms avg=  0.409ms p95=  0.633ms max=  1.920ms calls(last=  1,win= 159,total=5795) (win 1.9% | avg 2.5% budget)
  audio.route_step                 win=  0.301ms avg=  0.399ms p95=  2.972ms max= 10.809ms calls(last=  1,win= 159,total=6363) (win 1.8% | avg 2.4% budget)
  frame.render.hud.text            win=  0.224ms avg=  0.224ms p95=  0.258ms max=  0.871ms calls(last=  1,win= 120,total=5975) (win 1.3% | avg 1.3% budget)
[ENEMY_STATS] frame=7080 alive=125 visible=4 full=22 cheap=103 fullInBase=1 pairs(frontal=0 checks=0 separation=0 resolved=0)
[ENEMY_WINDOW] steps=159 alive[min=124 max=125] visible[min=2 max=5] full[min=21 max=23] collisionPasses[runs=159 skips=0]
[ENEMY_SEGMENTS] window=2.650s D{b/s=9.81 avgLen=4.86 fail=0} T{b/s=0.00 avgLen=0.00 fail=0} H{b/s=0.00 avgLen=0.00 fail=0} A{b/s=0.00 avgLen=0.00 fail=0}
[ENEMY_GRID] frontal{cand/s=1298.9 xcell/s=4.5 ins/s=1303.4} separation{cand/s=1298.9}
[ENEMY_COLLISION_WINDOW] frontal{pairs/s=0.0 checks/s=0.0 baseSkip=0 kill=0(0.0%)} separation{pairs/s=0.0 resolved/s=0.0(0.0%) baseSkip=0 kill=0 wallBlock=0}
[ENEMY_NAV_CACHE] playerCell{changes=0 flowRebuilds=0} flow{hit=0 miss=0 hit%=0.0} pathFallback{calls=0 ok=0 ok%=0.0}
[ENEMY_SAP] updates=19781 active=3442 pairs=0 repairs{x=2233 y=2184}
[ENEMY_PAIR_TYPES] frontal DD=0 DT=0 DH=0 DA=0 TT=0 TH=0 TA=0 HH=0 HA=0 AA=0 separation DD=0 DT=0 DH=0 DA=0 TT=0 TH=0 TA=0 HH=0 HA=0 AA=0
[AUDIO_ROUTE_WINDOW] steps=159 events=26 sounds=25 avg(step ev=0.16 snd=0.16) max(step ev=2 snd=2)
  events{shotP=11 shotE=2 dead=2 spawn=3 base=0 wall=8 start=0 playerExpl=0}
  sounds{shotP=11 shotE=2 dead=2 spawn=2 base=0 wall=8 start=0 playerExpl=0}
[MUSIC_PLAYER_WINDOW] label=menu calls=120 activeCalls=0 buffers=0 avg(buf/call=0.00 active=0.00) max(buf/call=0) upload(total=0.00ms avg=0.000ms max=0.000ms slow=0)
[MUSIC_PLAYER_WINDOW] label=gameplay calls=120 activeCalls=120 buffers=42 avg(buf/call=0.35 active=0.35) max(buf/call=1) upload(total=61.71ms avg=1.469ms max=14.093ms slow=5)

[PROFILE] frame=7200 budget=16.667ms alloc(+776/-776, +61888b/-61888b, live=398496b peak=459752b)
  frame.total                      win= 24.913ms avg= 24.913ms p95= 37.205ms max=106.256ms calls(last=  1,win= 120,total=7200) (win 149.5% | avg 149.5% budget)
  frame.cpu_work                   win= 22.431ms avg= 22.431ms p95= 35.227ms max=104.601ms calls(last=  1,win= 120,total=7200) (win 134.6% | avg 134.6% budget)
  frame.fixed_step                 win=  7.521ms avg= 11.281ms p95= 19.434ms max=102.340ms calls(last=  2,win= 180,total=7614) (win 45.1% | avg 67.7% budget)
  game.update                      win=  7.204ms avg= 10.805ms p95= 17.571ms max=102.308ms calls(last=  2,win= 180,total=6543) (win 43.2% | avg 64.8% budget)
  system.ai_update                 win=  6.842ms avg= 10.262ms p95= 16.916ms max= 22.698ms calls(last=  2,win= 180,total=6481) (win 41.0% | avg 61.6% budget)
  enemy.update                     win=  6.838ms avg= 10.257ms p95= 16.907ms max= 22.688ms calls(last=  2,win= 180,total=6481) (win 41.0% | avg 61.5% budget)
  gameplay.music                   win=  5.595ms avg=  5.595ms p95= 20.734ms max= 28.353ms calls(last=  1,win= 120,total=7200) (win 33.6% | avg 33.6% budget)
  frame.render                     win=  5.496ms avg=  5.496ms p95=  5.859ms max= 24.967ms calls(last=  1,win= 120,total=7200) (win 33.0% | avg 33.0% budget)
  audio.route.removed_enemy_match  win=  4.748ms avg=  0.079ms p95=  0.000ms max=  9.493ms calls(last=  0,win=   2,total=21) (win 28.5% | avg 0.5% budget)
  frame.render.world               win=  2.921ms avg=  2.921ms p95=  3.169ms max= 10.392ms calls(last=  1,win= 120,total=6095) (win 17.5% | avg 17.5% budget)
  menu.music                       win=  2.798ms avg=  5.596ms p95= 20.735ms max= 28.353ms calls(last=  2,win= 240,total=14400) (win 16.8% | avg 33.6% budget)
  music.update_stream              win=  2.785ms avg=  1.091ms p95= 11.194ms max= 15.213ms calls(last=  0,win=  47,total=1982) (win 16.7% | avg 6.5% budget)
  frame.present                    win=  2.464ms avg=  2.464ms p95=  4.597ms max= 36.794ms calls(last=  1,win= 120,total=7200) (win 14.8% | avg 14.8% budget)
  frame.render.world.maze          win=  0.994ms avg=  0.994ms p95=  1.060ms max=  3.452ms calls(last=  1,win= 120,total=6095) (win 6.0% | avg 6.0% budget)
  music.fill_buffer                win=  0.982ms avg=  0.384ms p95=  1.029ms max=  2.791ms calls(last=  0,win=  47,total=1982) (win 5.9% | avg 2.3% budget)
  frame.render.hud                 win=  0.827ms avg=  0.827ms p95=  0.869ms max=  2.474ms calls(last=  1,win= 120,total=6095) (win 5.0% | avg 5.0% budget)
  frame.render.world.effects       win=  0.617ms avg=  0.617ms p95=  0.684ms max=  7.424ms calls(last=  1,win= 120,total=6095) (win 3.7% | avg 3.7% budget)
  frame.render.world.enemies       win=  0.492ms avg=  0.492ms p95=  0.523ms max=  4.105ms calls(last=  1,win= 120,total=6095) (win 3.0% | avg 3.0% budget)
  frame.render.world.enemies.draw  win=  0.435ms avg=  0.435ms p95=  0.450ms max=  4.065ms calls(last=  1,win= 120,total=6095) (win 2.6% | avg 2.6% budget)
  frame.render.hud.minimap         win=  0.423ms avg=  0.423ms p95=  0.463ms max=  1.302ms calls(last=  1,win= 120,total=6095) (win 2.5% | avg 2.5% budget)
  enemy.physics.frontal_collisions win=  0.417ms avg=  0.626ms p95=  0.900ms max=  2.184ms calls(last=  2,win= 180,total=5975) (win 2.5% | avg 3.8% budget)
  audio.route_step                 win=  0.306ms avg=  0.459ms p95=  2.820ms max= 12.317ms calls(last=  2,win= 180,total=6543) (win 1.8% | avg 2.8% budget)
  enemy.physics.frontal_grid_build win=  0.305ms avg=  0.457ms p95=  0.639ms max=  1.920ms calls(last=  2,win= 180,total=5975) (win 1.8% | avg 2.7% budget)
  frame.render.hud.text            win=  0.224ms avg=  0.224ms p95=  0.235ms max=  0.871ms calls(last=  1,win= 120,total=6095) (win 1.3% | avg 1.3% budget)
[ENEMY_STATS] frame=7200 alive=124 visible=6 full=22 cheap=102 fullInBase=0 pairs(frontal=0 checks=0 separation=0 resolved=0)
[ENEMY_WINDOW] steps=180 alive[min=124 max=125] visible[min=4 max=6] full[min=22 max=22] collisionPasses[runs=180 skips=0]
[ENEMY_SEGMENTS] window=3.000s D{b/s=7.00 avgLen=5.14 fail=0} T{b/s=0.00 avgLen=0.00 fail=0} H{b/s=0.00 avgLen=0.00 fail=0} A{b/s=0.00 avgLen=0.00 fail=0}
[ENEMY_GRID] frontal{cand/s=1320.0 xcell/s=6.7 ins/s=1326.7} separation{cand/s=1320.0}
[ENEMY_COLLISION_WINDOW] frontal{pairs/s=5.0 checks/s=5.0 baseSkip=0 kill=0(0.0%)} separation{pairs/s=5.0 resolved/s=0.3(6.7%) baseSkip=0 kill=0 wallBlock=0}
[ENEMY_NAV_CACHE] playerCell{changes=0 flowRebuilds=0} flow{hit=0 miss=0 hit%=0.0} pathFallback{calls=0 ok=0 ok%=0.0}
[ENEMY_SAP] updates=22370 active=3960 pairs=15 repairs{x=1376 y=1396}
[ENEMY_PAIR_TYPES] frontal DD=15 DT=0 DH=0 DA=0 TT=0 TH=0 TA=0 HH=0 HA=0 AA=0 separation DD=15 DT=0 DH=0 DA=0 TT=0 TH=0 TA=0 HH=0 HA=0 AA=0
[AUDIO_ROUTE_WINDOW] steps=180 events=24 sounds=24 avg(step ev=0.13 snd=0.13) max(step ev=3 snd=3)
  events{shotP=13 shotE=1 dead=2 spawn=1 base=0 wall=7 start=0 playerExpl=0}
  sounds{shotP=13 shotE=1 dead=2 spawn=1 base=0 wall=7 start=0 playerExpl=0}
[MUSIC_PLAYER_WINDOW] label=menu calls=120 activeCalls=0 buffers=0 avg(buf/call=0.00 active=0.00) max(buf/call=0) upload(total=0.00ms avg=0.000ms max=0.000ms slow=0)
[MUSIC_PLAYER_WINDOW] label=gameplay calls=120 activeCalls=120 buffers=47 avg(buf/call=0.39 active=0.39) max(buf/call=1) upload(total=115.15ms avg=2.450ms max=15.078ms slow=10)

[PROFILE] frame=7320 budget=16.667ms alloc(+361/-361, +28712b/-28712b, live=398496b peak=459752b)
  frame.total                      win= 23.442ms avg= 23.442ms p95= 33.157ms max=106.256ms calls(last=  1,win= 120,total=7320) (win 140.7% | avg 140.7% budget)
  frame.cpu_work                   win= 21.042ms avg= 21.042ms p95= 31.091ms max=104.601ms calls(last=  1,win= 120,total=7320) (win 126.2% | avg 126.2% budget)
  frame.fixed_step                 win=  7.270ms avg= 10.299ms p95= 15.672ms max=102.340ms calls(last=  1,win= 170,total=7784) (win 43.6% | avg 61.8% budget)
  game.update                      win=  7.061ms avg= 10.003ms p95= 15.153ms max=102.308ms calls(last=  1,win= 170,total=6713) (win 42.4% | avg 60.0% budget)
  system.ai_update                 win=  6.666ms avg=  9.443ms p95= 14.387ms max= 22.698ms calls(last=  1,win= 170,total=6651) (win 40.0% | avg 56.7% budget)
  enemy.update                     win=  6.662ms avg=  9.437ms p95= 14.380ms max= 22.688ms calls(last=  1,win= 170,total=6651) (win 40.0% | avg 56.6% budget)
  frame.render                     win=  5.533ms avg=  5.533ms p95=  5.793ms max= 24.967ms calls(last=  1,win= 120,total=7320) (win 33.2% | avg 33.2% budget)
  gameplay.music                   win=  5.151ms avg=  5.151ms p95= 15.270ms max= 28.353ms calls(last=  1,win= 120,total=7320) (win 30.9% | avg 30.9% budget)
  audio.route.removed_enemy_match  win=  2.984ms avg=  0.050ms p95=  0.000ms max=  9.493ms calls(last=  0,win=   2,total=23) (win 17.9% | avg 0.3% budget)
  frame.render.world               win=  2.980ms avg=  2.980ms p95=  3.260ms max= 10.392ms calls(last=  1,win= 120,total=6215) (win 17.9% | avg 17.9% budget)
  menu.music                       win=  2.576ms avg=  5.153ms p95= 15.271ms max= 28.353ms calls(last=  2,win= 240,total=14640) (win 15.5% | avg 30.9% budget)
  music.update_stream              win=  2.537ms avg=  0.930ms p95= 10.137ms max= 15.213ms calls(last=  0,win=  44,total=2026) (win 15.2% | avg 5.6% budget)
  frame.present                    win=  2.383ms avg=  2.383ms p95=  4.551ms max= 36.794ms calls(last=  1,win= 120,total=7320) (win 14.3% | avg 14.3% budget)
  frame.render.world.maze          win=  0.998ms avg=  0.998ms p95=  1.053ms max=  3.452ms calls(last=  1,win= 120,total=6215) (win 6.0% | avg 6.0% budget)
  music.fill_buffer                win=  0.980ms avg=  0.359ms p95=  1.018ms max=  2.791ms calls(last=  0,win=  44,total=2026) (win 5.9% | avg 2.2% budget)
  frame.render.hud                 win=  0.823ms avg=  0.823ms p95=  0.863ms max=  2.474ms calls(last=  1,win= 120,total=6215) (win 4.9% | avg 4.9% budget)
  frame.render.world.effects       win=  0.648ms avg=  0.648ms p95=  0.729ms max=  7.424ms calls(last=  1,win= 120,total=6215) (win 3.9% | avg 3.9% budget)
  frame.render.world.enemies       win=  0.491ms avg=  0.491ms p95=  0.529ms max=  4.105ms calls(last=  1,win= 120,total=6215) (win 2.9% | avg 2.9% budget)
  frame.render.world.enemies.draw  win=  0.432ms avg=  0.432ms p95=  0.468ms max=  4.065ms calls(last=  1,win= 120,total=6215) (win 2.6% | avg 2.6% budget)
  frame.render.hud.minimap         win=  0.421ms avg=  0.421ms p95=  0.453ms max=  1.302ms calls(last=  1,win= 120,total=6215) (win 2.5% | avg 2.5% budget)
  enemy.physics.frontal_collisions win=  0.419ms avg=  0.593ms p95=  0.849ms max=  2.184ms calls(last=  1,win= 170,total=6145) (win 2.5% | avg 3.6% budget)
  enemy.physics.frontal_grid_build win=  0.303ms avg=  0.430ms p95=  0.614ms max=  1.920ms calls(last=  1,win= 170,total=6145) (win 1.8% | avg 2.6% budget)
  frame.render.hud.text            win=  0.224ms avg=  0.224ms p95=  0.240ms max=  0.871ms calls(last=  1,win= 120,total=6215) (win 1.3% | avg 1.3% budget)
  audio.route_step                 win=  0.197ms avg=  0.280ms p95=  1.583ms max= 12.317ms calls(last=  1,win= 170,total=6713) (win 1.2% | avg 1.7% budget)
[ENEMY_STATS] frame=7320 alive=123 visible=6 full=21 cheap=102 fullInBase=0 pairs(frontal=0 checks=0 separation=0 resolved=0)
[ENEMY_WINDOW] steps=170 alive[min=123 max=124] visible[min=5 max=7] full[min=21 max=22] collisionPasses[runs=170 skips=0]
[ENEMY_SEGMENTS] window=2.833s D{b/s=8.12 avgLen=4.77 fail=0} T{b/s=0.00 avgLen=0.00 fail=0} H{b/s=0.00 avgLen=0.00 fail=0} A{b/s=0.00 avgLen=0.00 fail=0}
[ENEMY_GRID] frontal{cand/s=1274.8 xcell/s=3.5 ins/s=1278.4} separation{cand/s=1274.8}
[ENEMY_COLLISION_WINDOW] frontal{pairs/s=12.4 checks/s=12.4 baseSkip=0 kill=0(0.0%)} separation{pairs/s=12.4 resolved/s=0.0(0.0%) baseSkip=0 kill=0 wallBlock=0}
[ENEMY_NAV_CACHE] playerCell{changes=0 flowRebuilds=0} flow{hit=0 miss=0 hit%=0.0} pathFallback{calls=0 ok=0 ok%=0.0}
[ENEMY_SAP] updates=20984 active=3612 pairs=35 repairs{x=1861 y=1861}
[ENEMY_PAIR_TYPES] frontal DD=35 DT=0 DH=0 DA=0 TT=0 TH=0 TA=0 HH=0 HA=0 AA=0 separation DD=35 DT=0 DH=0 DA=0 TT=0 TH=0 TA=0 HH=0 HA=0 AA=0
[AUDIO_ROUTE_WINDOW] steps=170 events=22 sounds=21 avg(step ev=0.13 snd=0.12) max(step ev=2 snd=1)
  events{shotP=12 shotE=1 dead=2 spawn=1 base=0 wall=6 start=0 playerExpl=0}
  sounds{shotP=12 shotE=1 dead=2 spawn=0 base=0 wall=6 start=0 playerExpl=0}
[MUSIC_PLAYER_WINDOW] label=menu calls=120 activeCalls=0 buffers=0 avg(buf/call=0.00 active=0.00) max(buf/call=0) upload(total=0.00ms avg=0.000ms max=0.000ms slow=0)
[MUSIC_PLAYER_WINDOW] label=gameplay calls=120 activeCalls=120 buffers=44 avg(buf/call=0.37 active=0.37) max(buf/call=1) upload(total=110.17ms avg=2.504ms max=12.693ms slow=10)

[PROFILE] frame=7440 budget=16.667ms alloc(+361/-361, +28712b/-28712b, live=398496b peak=459752b)
  frame.total                      win= 21.347ms avg= 21.347ms p95= 27.183ms max=106.256ms calls(last=  1,win= 120,total=7440) (win 128.1% | avg 128.1% budget)
  frame.cpu_work                   win= 18.717ms avg= 18.717ms p95= 25.101ms max=104.601ms calls(last=  1,win= 120,total=7440) (win 112.3% | avg 112.3% budget)
  frame.fixed_step                 win=  7.152ms avg=  9.238ms p95= 15.136ms max=102.340ms calls(last=  1,win= 155,total=7939) (win 42.9% | avg 55.4% budget)
  game.update                      win=  6.937ms avg=  8.960ms p95= 14.874ms max=102.308ms calls(last=  1,win= 155,total=6868) (win 41.6% | avg 53.8% budget)
  system.ai_update                 win=  6.587ms avg=  8.508ms p95= 14.247ms max= 22.698ms calls(last=  1,win= 155,total=6806) (win 39.5% | avg 51.0% budget)
  enemy.update                     win=  6.583ms avg=  8.503ms p95= 14.240ms max= 22.688ms calls(last=  1,win= 155,total=6806) (win 39.5% | avg 51.0% budget)
  frame.render                     win=  5.527ms avg=  5.527ms p95=  5.761ms max= 24.967ms calls(last=  1,win= 120,total=7440) (win 33.2% | avg 33.2% budget)
  gameplay.music                   win=  3.894ms avg=  3.894ms p95= 10.757ms max= 28.353ms calls(last=  1,win= 120,total=7440) (win 23.4% | avg 23.4% budget)
  frame.render.world               win=  2.958ms avg=  2.958ms p95=  3.141ms max= 10.392ms calls(last=  1,win= 120,total=6335) (win 17.8% | avg 17.8% budget)
  frame.present                    win=  2.613ms avg=  2.613ms p95=  4.809ms max= 36.794ms calls(last=  1,win= 120,total=7440) (win 15.7% | avg 15.7% budget)
  menu.music                       win=  1.948ms avg=  3.895ms p95= 10.754ms max= 28.353ms calls(last=  2,win= 240,total=14880) (win 11.7% | avg 23.4% budget)
  music.update_stream              win=  1.070ms avg=  0.366ms p95=  0.012ms max= 15.213ms calls(last=  0,win=  41,total=2067) (win 6.4% | avg 2.2% budget)
  frame.render.world.maze          win=  0.993ms avg=  0.993ms p95=  1.063ms max=  3.452ms calls(last=  1,win= 120,total=6335) (win 6.0% | avg 6.0% budget)
  music.fill_buffer                win=  0.980ms avg=  0.335ms p95=  1.011ms max=  2.791ms calls(last=  0,win=  41,total=2067) (win 5.9% | avg 2.0% budget)
  frame.render.hud                 win=  0.829ms avg=  0.829ms p95=  0.868ms max=  2.474ms calls(last=  1,win= 120,total=6335) (win 5.0% | avg 5.0% budget)
  frame.render.world.effects       win=  0.626ms avg=  0.626ms p95=  0.707ms max=  7.424ms calls(last=  1,win= 120,total=6335) (win 3.8% | avg 3.8% budget)
  frame.render.world.enemies       win=  0.516ms avg=  0.516ms p95=  0.540ms max=  4.105ms calls(last=  1,win= 120,total=6335) (win 3.1% | avg 3.1% budget)
  frame.render.world.enemies.draw  win=  0.459ms avg=  0.459ms p95=  0.483ms max=  4.065ms calls(last=  1,win= 120,total=6335) (win 2.8% | avg 2.8% budget)
  frame.render.hud.minimap         win=  0.425ms avg=  0.425ms p95=  0.468ms max=  1.302ms calls(last=  1,win= 120,total=6335) (win 2.6% | avg 2.6% budget)
  enemy.physics.frontal_collisions win=  0.404ms avg=  0.522ms p95=  0.806ms max=  2.184ms calls(last=  1,win= 155,total=6300) (win 2.4% | avg 3.1% budget)
  enemy.physics.frontal_grid_build win=  0.294ms avg=  0.379ms p95=  0.584ms max=  1.920ms calls(last=  1,win= 155,total=6300) (win 1.8% | avg 2.3% budget)
  frame.render.hud.text            win=  0.225ms avg=  0.225ms p95=  0.263ms max=  0.871ms calls(last=  1,win= 120,total=6335) (win 1.3% | avg 1.3% budget)
  audio.route_step                 win=  0.204ms avg=  0.264ms p95=  1.270ms max= 12.317ms calls(last=  1,win= 155,total=6868) (win 1.2% | avg 1.6% budget)
  system.physics_collision         win=  0.141ms avg=  0.182ms p95=  0.362ms max= 14.231ms calls(last=  1,win= 155,total=6806) (win 0.8% | avg 1.1% budget)
[ENEMY_STATS] frame=7440 alive=123 visible=5 full=21 cheap=102 fullInBase=0 pairs(frontal=0 checks=0 separation=0 resolved=0)
[ENEMY_WINDOW] steps=155 alive[min=123 max=123] visible[min=5 max=6] full[min=21 max=21] collisionPasses[runs=155 skips=0]
[ENEMY_SEGMENTS] window=2.583s D{b/s=8.13 avgLen=4.99 fail=0} T{b/s=0.00 avgLen=0.00 fail=0} H{b/s=0.00 avgLen=0.00 fail=0} A{b/s=0.00 avgLen=0.00 fail=0}
[ENEMY_GRID] frontal{cand/s=1260.0 xcell/s=4.6 ins/s=1264.6} separation{cand/s=1260.0}
[ENEMY_COLLISION_WINDOW] frontal{pairs/s=0.0 checks/s=0.0 baseSkip=0 kill=0(0.0%)} separation{pairs/s=0.0 resolved/s=0.0(0.0%) baseSkip=0 kill=0 wallBlock=0}
[ENEMY_NAV_CACHE] playerCell{changes=0 flowRebuilds=0} flow{hit=0 miss=0 hit%=0.0} pathFallback{calls=0 ok=0 ok%=0.0}
[ENEMY_SAP] updates=19065 active=3255 pairs=0 repairs{x=151 y=8}
[ENEMY_PAIR_TYPES] frontal DD=0 DT=0 DH=0 DA=0 TT=0 TH=0 TA=0 HH=0 HA=0 AA=0 separation DD=0 DT=0 DH=0 DA=0 TT=0 TH=0 TA=0 HH=0 HA=0 AA=0
[AUDIO_ROUTE_WINDOW] steps=155 events=23 sounds=23 avg(step ev=0.15 snd=0.15) max(step ev=1 snd=1)
  events{shotP=11 shotE=2 dead=0 spawn=0 base=0 wall=10 start=0 playerExpl=0}
  sounds{shotP=11 shotE=2 dead=0 spawn=0 base=0 wall=10 start=0 playerExpl=0}
[MUSIC_PLAYER_WINDOW] label=menu calls=120 activeCalls=0 buffers=0 avg(buf/call=0.00 active=0.00) max(buf/call=0) upload(total=0.00ms avg=0.000ms max=0.000ms slow=0)
[MUSIC_PLAYER_WINDOW] label=gameplay calls=120 activeCalls=120 buffers=40 avg(buf/call=0.33 active=0.33) max(buf/call=1) upload(total=43.14ms avg=1.079ms max=11.452ms slow=4)

[PROFILE] frame=7560 budget=16.667ms alloc(+325/-325, +25832b/-25832b, live=398496b peak=459752b)
  frame.total                      win= 21.285ms avg= 21.285ms p95= 29.056ms max=106.256ms calls(last=  1,win= 120,total=7560) (win 127.7% | avg 127.7% budget)
  frame.cpu_work                   win= 18.705ms avg= 18.705ms p95= 26.971ms max=104.601ms calls(last=  1,win= 120,total=7560) (win 112.2% | avg 112.2% budget)
  frame.fixed_step                 win=  7.491ms avg=  9.613ms p95= 16.109ms max=102.340ms calls(last=  1,win= 154,total=8093) (win 44.9% | avg 57.7% budget)
  game.update                      win=  7.280ms avg=  9.342ms p95= 15.681ms max=102.308ms calls(last=  1,win= 154,total=7022) (win 43.7% | avg 56.1% budget)
  system.ai_update                 win=  6.908ms avg=  8.866ms p95= 14.990ms max= 22.698ms calls(last=  1,win= 154,total=6960) (win 41.4% | avg 53.2% budget)
  enemy.update                     win=  6.904ms avg=  8.860ms p95= 14.983ms max= 22.688ms calls(last=  1,win= 154,total=6960) (win 41.4% | avg 53.2% budget)
  frame.render                     win=  5.550ms avg=  5.550ms p95=  5.791ms max= 24.967ms calls(last=  1,win= 120,total=7560) (win 33.3% | avg 33.3% budget)
  gameplay.music                   win=  3.482ms avg=  3.482ms p95= 10.252ms max= 28.353ms calls(last=  1,win= 120,total=7560) (win 20.9% | avg 20.9% budget)
  frame.render.world               win=  2.990ms avg=  2.990ms p95=  3.155ms max= 10.392ms calls(last=  1,win= 120,total=6455) (win 17.9% | avg 17.9% budget)
  frame.present                    win=  2.564ms avg=  2.564ms p95=  4.547ms max= 36.794ms calls(last=  1,win= 120,total=7560) (win 15.4% | avg 15.4% budget)
  menu.music                       win=  1.742ms avg=  3.484ms p95= 10.252ms max= 28.353ms calls(last=  2,win= 240,total=15120) (win 10.5% | avg 20.9% budget)
  music.update_stream              win=  1.082ms avg=  0.361ms p95=  0.012ms max= 15.213ms calls(last=  0,win=  40,total=2107) (win 6.5% | avg 2.2% budget)
  frame.render.world.maze          win=  1.014ms avg=  1.014ms p95=  1.069ms max=  3.452ms calls(last=  1,win= 120,total=6455) (win 6.1% | avg 6.1% budget)
  music.fill_buffer                win=  0.984ms avg=  0.328ms p95=  1.006ms max=  2.791ms calls(last=  0,win=  40,total=2107) (win 5.9% | avg 2.0% budget)
  frame.render.hud                 win=  0.830ms avg=  0.830ms p95=  0.869ms max=  2.474ms calls(last=  1,win= 120,total=6455) (win 5.0% | avg 5.0% budget)
  frame.render.world.effects       win=  0.674ms avg=  0.674ms p95=  0.755ms max=  7.424ms calls(last=  1,win= 120,total=6455) (win 4.0% | avg 4.0% budget)
  frame.render.world.enemies       win=  0.480ms avg=  0.480ms p95=  0.507ms max=  4.105ms calls(last=  1,win= 120,total=6455) (win 2.9% | avg 2.9% budget)
  enemy.physics.frontal_collisions win=  0.425ms avg=  0.546ms p95=  0.856ms max=  2.184ms calls(last=  1,win= 154,total=6454) (win 2.6% | avg 3.3% budget)
  frame.render.hud.minimap         win=  0.423ms avg=  0.423ms p95=  0.466ms max=  1.302ms calls(last=  1,win= 120,total=6455) (win 2.5% | avg 2.5% budget)
  frame.render.world.enemies.draw  win=  0.423ms avg=  0.423ms p95=  0.451ms max=  4.065ms calls(last=  1,win= 120,total=6455) (win 2.5% | avg 2.5% budget)
  enemy.physics.frontal_grid_build win=  0.297ms avg=  0.381ms p95=  0.592ms max=  1.920ms calls(last=  1,win= 154,total=6454) (win 1.8% | avg 2.3% budget)
  frame.render.hud.text            win=  0.227ms avg=  0.227ms p95=  0.265ms max=  0.871ms calls(last=  1,win= 120,total=6455) (win 1.4% | avg 1.4% budget)
  audio.route_step                 win=  0.199ms avg=  0.255ms p95=  0.075ms max= 12.317ms calls(last=  1,win= 154,total=7022) (win 1.2% | avg 1.5% budget)
  system.physics_collision         win=  0.178ms avg=  0.228ms p95=  0.409ms max= 14.231ms calls(last=  1,win= 154,total=6960) (win 1.1% | avg 1.4% budget)
[ENEMY_STATS] frame=7560 alive=122 visible=5 full=19 cheap=103 fullInBase=0 pairs(frontal=2 checks=2 separation=2 resolved=0)
[ENEMY_WINDOW] steps=154 alive[min=122 max=123] visible[min=4 max=5] full[min=19 max=21] collisionPasses[runs=154 skips=0]
[ENEMY_SEGMENTS] window=2.567s D{b/s=6.23 avgLen=5.05 fail=0} T{b/s=0.00 avgLen=0.00 fail=0} H{b/s=0.00 avgLen=0.00 fail=0} A{b/s=0.00 avgLen=0.00 fail=0}
[ENEMY_GRID] frontal{cand/s=1213.6 xcell/s=3.5 ins/s=1217.1} separation{cand/s=1213.6}
[ENEMY_COLLISION_WINDOW] frontal{pairs/s=32.3 checks/s=32.3 baseSkip=0 kill=0(0.0%)} separation{pairs/s=32.3 resolved/s=0.0(0.0%) baseSkip=0 kill=0 wallBlock=0}
[ENEMY_NAV_CACHE] playerCell{changes=0 flowRebuilds=0} flow{hit=0 miss=0 hit%=0.0} pathFallback{calls=0 ok=0 ok%=0.0}
[ENEMY_SAP] updates=18889 active=3115 pairs=83 repairs{x=1165 y=997}
[ENEMY_PAIR_TYPES] frontal DD=83 DT=0 DH=0 DA=0 TT=0 TH=0 TA=0 HH=0 HA=0 AA=0 separation DD=83 DT=0 DH=0 DA=0 TT=0 TH=0 TA=0 HH=0 HA=0 AA=0
[AUDIO_ROUTE_WINDOW] steps=154 events=17 sounds=17 avg(step ev=0.11 snd=0.11) max(step ev=1 snd=1)
  events{shotP=11 shotE=3 dead=1 spawn=0 base=0 wall=2 start=0 playerExpl=0}
  sounds{shotP=11 shotE=3 dead=1 spawn=0 base=0 wall=2 start=0 playerExpl=0}
[MUSIC_PLAYER_WINDOW] label=menu calls=120 activeCalls=0 buffers=0 avg(buf/call=0.00 active=0.00) max(buf/call=0) upload(total=0.00ms avg=0.000ms max=0.000ms slow=0)
[MUSIC_PLAYER_WINDOW] label=gameplay calls=120 activeCalls=120 buffers=41 avg(buf/call=0.34 active=0.34) max(buf/call=1) upload(total=42.63ms avg=1.040ms max=11.175ms slow=4)

[PROFILE] frame=7680 budget=16.667ms alloc(+614/-614, +48496b/-48496b, live=398496b peak=459752b)
  frame.total                      win= 25.947ms avg= 25.947ms p95= 46.335ms max=106.256ms calls(last=  1,win= 120,total=7680) (win 155.7% | avg 155.7% budget)
  frame.cpu_work                   win= 23.586ms avg= 23.586ms p95= 44.196ms max=104.601ms calls(last=  1,win= 120,total=7680) (win 141.5% | avg 141.5% budget)
  frame.fixed_step                 win=  7.691ms avg= 12.050ms p95= 22.849ms max=102.340ms calls(last=  2,win= 188,total=8281) (win 46.1% | avg 72.3% budget)
  game.update                      win=  7.402ms avg= 11.597ms p95= 22.275ms max=102.308ms calls(last=  2,win= 188,total=7210) (win 44.4% | avg 69.6% budget)
  system.ai_update                 win=  6.859ms avg= 10.745ms p95= 20.623ms max= 23.039ms calls(last=  2,win= 188,total=7148) (win 41.2% | avg 64.5% budget)
  enemy.update                     win=  6.855ms avg= 10.740ms p95= 20.613ms max= 23.030ms calls(last=  2,win= 188,total=7148) (win 41.1% | avg 64.4% budget)
  gameplay.music                   win=  5.832ms avg=  5.832ms p95= 23.614ms max= 28.353ms calls(last=  1,win= 120,total=7680) (win 35.0% | avg 35.0% budget)
  frame.render                     win=  5.645ms avg=  5.645ms p95=  6.212ms max= 24.967ms calls(last=  1,win= 120,total=7680) (win 33.9% | avg 33.9% budget)
  music.update_stream              win=  4.314ms avg=  1.761ms p95= 12.690ms max= 15.213ms calls(last=  0,win=  49,total=2156) (win 25.9% | avg 10.6% budget)
  frame.render.world               win=  3.069ms avg=  3.069ms p95=  3.597ms max= 10.392ms calls(last=  1,win= 120,total=6575) (win 18.4% | avg 18.4% budget)
  menu.music                       win=  2.917ms avg=  5.834ms p95= 23.614ms max= 28.353ms calls(last=  2,win= 240,total=15360) (win 17.5% | avg 35.0% budget)
  frame.present                    win=  2.344ms avg=  2.344ms p95=  3.811ms max= 36.794ms calls(last=  1,win= 120,total=7680) (win 14.1% | avg 14.1% budget)
  frame.render.world.maze          win=  1.005ms avg=  1.005ms p95=  1.065ms max=  3.452ms calls(last=  1,win= 120,total=6575) (win 6.0% | avg 6.0% budget)
  music.fill_buffer                win=  0.983ms avg=  0.401ms p95=  1.018ms max=  2.791ms calls(last=  0,win=  49,total=2156) (win 5.9% | avg 2.4% budget)
  frame.render.hud                 win=  0.835ms avg=  0.835ms p95=  0.873ms max=  2.474ms calls(last=  1,win= 120,total=6575) (win 5.0% | avg 5.0% budget)
  frame.render.world.effects       win=  0.771ms avg=  0.771ms p95=  1.085ms max=  7.424ms calls(last=  1,win= 120,total=6575) (win 4.6% | avg 4.6% budget)
  enemy.physics.frontal_collisions win=  0.444ms avg=  0.696ms p95=  1.288ms max=  2.184ms calls(last=  2,win= 188,total=6642) (win 2.7% | avg 4.2% budget)
  frame.render.world.enemies       win=  0.440ms avg=  0.440ms p95=  0.499ms max=  4.105ms calls(last=  1,win= 120,total=6575) (win 2.6% | avg 2.6% budget)
  frame.render.hud.minimap         win=  0.430ms avg=  0.430ms p95=  0.468ms max=  1.302ms calls(last=  1,win= 120,total=6575) (win 2.6% | avg 2.6% budget)
  frame.render.world.enemies.draw  win=  0.384ms avg=  0.384ms p95=  0.444ms max=  4.065ms calls(last=  1,win= 120,total=6575) (win 2.3% | avg 2.3% budget)
  system.physics_collision         win=  0.335ms avg=  0.524ms p95=  0.778ms max= 14.426ms calls(last=  2,win= 188,total=7148) (win 2.0% | avg 3.1% budget)
  enemy.physics.frontal_grid_build win=  0.301ms avg=  0.472ms p95=  0.854ms max=  1.920ms calls(last=  2,win= 188,total=6642) (win 1.8% | avg 2.8% budget)
  audio.route_step                 win=  0.278ms avg=  0.436ms p95=  2.967ms max= 12.317ms calls(last=  2,win= 188,total=7210) (win 1.7% | avg 2.6% budget)
  frame.render.hud.text            win=  0.226ms avg=  0.226ms p95=  0.261ms max=  0.871ms calls(last=  1,win= 120,total=6575) (win 1.4% | avg 1.4% budget)
[ENEMY_STATS] frame=7680 alive=122 visible=5 full=19 cheap=103 fullInBase=0 pairs(frontal=1 checks=1 separation=1 resolved=0)
[ENEMY_WINDOW] steps=188 alive[min=122 max=123] visible[min=4 max=6] full[min=19 max=20] collisionPasses[runs=188 skips=0]
[ENEMY_SEGMENTS] window=3.133s D{b/s=7.66 avgLen=4.32 fail=0} T{b/s=0.00 avgLen=0.00 fail=0} H{b/s=0.00 avgLen=0.00 fail=0} A{b/s=0.00 avgLen=0.00 fail=0}
[ENEMY_GRID] frontal{cand/s=1186.0 xcell/s=3.2 ins/s=1189.1} separation{cand/s=1186.0}
[ENEMY_COLLISION_WINDOW] frontal{pairs/s=71.8 checks/s=71.8 baseSkip=0 kill=0(0.0%)} separation{pairs/s=71.8 resolved/s=0.0(0.0%) baseSkip=0 kill=0 wallBlock=0}
[ENEMY_NAV_CACHE] playerCell{changes=0 flowRebuilds=0} flow{hit=0 miss=0 hit%=0.0} pathFallback{calls=0 ok=0 ok%=0.0}
[ENEMY_SAP] updates=23080 active=3716 pairs=225 repairs{x=2156 y=2098}
[ENEMY_PAIR_TYPES] frontal DD=225 DT=0 DH=0 DA=0 TT=0 TH=0 TA=0 HH=0 HA=0 AA=0 separation DD=225 DT=0 DH=0 DA=0 TT=0 TH=0 TA=0 HH=0 HA=0 AA=0
[AUDIO_ROUTE_WINDOW] steps=188 events=32 sounds=32 avg(step ev=0.17 snd=0.17) max(step ev=2 snd=2)
  events{shotP=14 shotE=4 dead=1 spawn=1 base=1 wall=11 start=0 playerExpl=0}
  sounds{shotP=14 shotE=4 dead=1 spawn=1 base=1 wall=11 start=0 playerExpl=0}
[MUSIC_PLAYER_WINDOW] label=menu calls=120 activeCalls=0 buffers=0 avg(buf/call=0.00 active=0.00) max(buf/call=0) upload(total=0.00ms avg=0.000ms max=0.000ms slow=0)
[MUSIC_PLAYER_WINDOW] label=gameplay calls=120 activeCalls=120 buffers=49 avg(buf/call=0.41 active=0.41) max(buf/call=1) upload(total=208.85ms avg=4.262ms max=12.905ms slow=17)

[PROFILE] frame=7800 budget=16.667ms alloc(+289/-289, +22952b/-22952b, live=398496b peak=459752b)
  frame.total                      win= 27.604ms avg= 27.604ms p95= 46.132ms max=106.256ms calls(last=  1,win= 120,total=7800) (win 165.6% | avg 165.6% budget)
  frame.cpu_work                   win= 25.234ms avg= 25.234ms p95= 44.066ms max=104.601ms calls(last=  1,win= 120,total=7800) (win 151.4% | avg 151.4% budget)
  frame.fixed_step                 win=  7.612ms avg= 12.687ms p95= 21.821ms max=102.340ms calls(last=  1,win= 200,total=8481) (win 45.7% | avg 76.1% budget)
  game.update                      win=  7.238ms avg= 12.063ms p95= 21.222ms max=102.308ms calls(last=  1,win= 200,total=7410) (win 43.4% | avg 72.4% budget)
  gameplay.music                   win=  6.939ms avg=  6.939ms p95= 23.035ms max= 28.353ms calls(last=  1,win= 120,total=7800) (win 41.6% | avg 41.6% budget)
  system.ai_update                 win=  6.741ms avg= 11.236ms p95= 19.637ms max= 23.039ms calls(last=  1,win= 200,total=7348) (win 40.4% | avg 67.4% budget)
  enemy.update                     win=  6.738ms avg= 11.229ms p95= 19.615ms max= 23.030ms calls(last=  1,win= 200,total=7348) (win 40.4% | avg 67.4% budget)
  frame.render                     win=  5.549ms avg=  5.549ms p95=  5.941ms max= 24.967ms calls(last=  1,win= 120,total=7800) (win 33.3% | avg 33.3% budget)
  music.update_stream              win=  4.502ms avg=  1.951ms p95= 14.012ms max= 15.592ms calls(last=  1,win=  52,total=2208) (win 27.0% | avg 11.7% budget)
  menu.music                       win=  3.470ms avg=  6.941ms p95= 23.035ms max= 28.353ms calls(last=  2,win= 240,total=15600) (win 20.8% | avg 41.6% budget)
  frame.render.world               win=  2.941ms avg=  2.941ms p95=  3.207ms max= 10.392ms calls(last=  1,win= 120,total=6695) (win 17.6% | avg 17.6% budget)
  frame.present                    win=  2.352ms avg=  2.352ms p95=  4.641ms max= 36.794ms calls(last=  1,win= 120,total=7800) (win 14.1% | avg 14.1% budget)
  audio.route.removed_enemy_match  win=  1.061ms avg=  0.027ms p95=  0.000ms max=  9.493ms calls(last=  0,win=   3,total=28) (win 6.4% | avg 0.2% budget)
  frame.render.world.maze          win=  1.014ms avg=  1.014ms p95=  1.106ms max=  3.452ms calls(last=  1,win= 120,total=6695) (win 6.1% | avg 6.1% budget)
  music.fill_buffer                win=  0.991ms avg=  0.430ms p95=  1.036ms max=  2.791ms calls(last=  1,win=  52,total=2208) (win 5.9% | avg 2.6% budget)
  frame.render.hud                 win=  0.839ms avg=  0.839ms p95=  0.886ms max=  2.474ms calls(last=  1,win= 120,total=6695) (win 5.0% | avg 5.0% budget)
  frame.render.world.effects       win=  0.697ms avg=  0.697ms p95=  0.828ms max=  7.424ms calls(last=  1,win= 120,total=6695) (win 4.2% | avg 4.2% budget)
  enemy.physics.frontal_collisions win=  0.449ms avg=  0.749ms p95=  1.266ms max=  2.184ms calls(last=  1,win= 200,total=6842) (win 2.7% | avg 4.5% budget)
  frame.render.hud.minimap         win=  0.432ms avg=  0.432ms p95=  0.473ms max=  1.302ms calls(last=  1,win= 120,total=6695) (win 2.6% | avg 2.6% budget)
  frame.render.world.enemies       win=  0.419ms avg=  0.419ms p95=  0.473ms max=  4.105ms calls(last=  1,win= 120,total=6695) (win 2.5% | avg 2.5% budget)
  audio.route_step                 win=  0.364ms avg=  0.606ms p95=  4.880ms max= 12.967ms calls(last=  1,win= 200,total=7410) (win 2.2% | avg 3.6% budget)
  frame.render.world.enemies.draw  win=  0.363ms avg=  0.363ms p95=  0.406ms max=  4.065ms calls(last=  1,win= 120,total=6695) (win 2.2% | avg 2.2% budget)
  enemy.physics.frontal_grid_build win=  0.315ms avg=  0.525ms p95=  0.881ms max=  1.920ms calls(last=  1,win= 200,total=6842) (win 1.9% | avg 3.1% budget)
  system.physics_collision         win=  0.278ms avg=  0.463ms p95=  0.906ms max= 14.426ms calls(last=  1,win= 200,total=7348) (win 1.7% | avg 2.8% budget)
[ENEMY_STATS] frame=7800 alive=122 visible=5 full=17 cheap=105 fullInBase=2 pairs(frontal=1 checks=1 separation=1 resolved=0)
[ENEMY_WINDOW] steps=200 alive[min=122 max=123] visible[min=4 max=6] full[min=17 max=20] collisionPasses[runs=200 skips=0]
[ENEMY_SEGMENTS] window=3.333s D{b/s=9.30 avgLen=4.76 fail=0} T{b/s=0.00 avgLen=0.00 fail=0} H{b/s=0.00 avgLen=0.00 fail=0} A{b/s=0.00 avgLen=0.00 fail=0}
[ENEMY_GRID] frontal{cand/s=1127.1 xcell/s=2.7 ins/s=1129.8} separation{cand/s=1127.1}
[ENEMY_COLLISION_WINDOW] frontal{pairs/s=72.0 checks/s=72.0 baseSkip=0 kill=0(0.0%)} separation{pairs/s=72.0 resolved/s=0.0(0.0%) baseSkip=0 kill=0 wallBlock=0}
[ENEMY_NAV_CACHE] playerCell{changes=0 flowRebuilds=0} flow{hit=0 miss=0 hit%=0.0} pathFallback{calls=0 ok=0 ok%=0.0}
[ENEMY_SAP] updates=24489 active=3757 pairs=240 repairs{x=5345 y=5149}
[ENEMY_PAIR_TYPES] frontal DD=240 DT=0 DH=0 DA=0 TT=0 TH=0 TA=0 HH=0 HA=0 AA=0 separation DD=240 DT=0 DH=0 DA=0 TT=0 TH=0 TA=0 HH=0 HA=0 AA=0
[AUDIO_ROUTE_WINDOW] steps=200 events=35 sounds=34 avg(step ev=0.17 snd=0.17) max(step ev=2 snd=2)
  events{shotP=10 shotE=6 dead=3 spawn=3 base=0 wall=13 start=0 playerExpl=0}
  sounds{shotP=10 shotE=6 dead=3 spawn=2 base=0 wall=13 start=0 playerExpl=0}
[MUSIC_PLAYER_WINDOW] label=menu calls=120 activeCalls=0 buffers=0 avg(buf/call=0.00 active=0.00) max(buf/call=0) upload(total=0.00ms avg=0.000ms max=0.000ms slow=0)
[MUSIC_PLAYER_WINDOW] label=gameplay calls=120 activeCalls=120 buffers=52 avg(buf/call=0.43 active=0.43) max(buf/call=1) upload(total=242.65ms avg=4.666ms max=15.459ms slow=19)

[PROFILE] frame=7920 budget=16.667ms alloc(+271/-271, +21512b/-21512b, live=398496b peak=459752b)
  frame.total                      win= 20.805ms avg= 20.805ms p95= 29.960ms max=106.256ms calls(last=  1,win= 120,total=7920) (win 124.8% | avg 124.8% budget)
  frame.cpu_work                   win= 17.876ms avg= 17.876ms p95= 27.858ms max=104.601ms calls(last=  1,win= 120,total=7920) (win 107.3% | avg 107.3% budget)
  frame.fixed_step                 win=  6.888ms avg=  8.667ms p95= 14.557ms max=102.340ms calls(last=  1,win= 151,total=8632) (win 41.3% | avg 52.0% budget)
  game.update                      win=  6.620ms avg=  8.330ms p95= 14.162ms max=102.308ms calls(last=  1,win= 151,total=7561) (win 39.7% | avg 50.0% budget)
  system.ai_update                 win=  6.248ms avg=  7.862ms p95= 13.457ms max= 23.039ms calls(last=  1,win= 151,total=7499) (win 37.5% | avg 47.2% budget)
  enemy.update                     win=  6.244ms avg=  7.857ms p95= 13.450ms max= 23.030ms calls(last=  1,win= 151,total=7499) (win 37.5% | avg 47.1% budget)
  frame.render                     win=  5.497ms avg=  5.497ms p95=  5.825ms max= 24.967ms calls(last=  1,win= 120,total=7920) (win 33.0% | avg 33.0% budget)
  gameplay.music                   win=  3.653ms avg=  3.653ms p95= 11.294ms max= 28.353ms calls(last=  1,win= 120,total=7920) (win 21.9% | avg 21.9% budget)
  audio.route.removed_enemy_match  win=  3.412ms avg=  0.057ms p95=  0.000ms max=  9.493ms calls(last=  0,win=   2,total=30) (win 20.5% | avg 0.3% budget)
  frame.present                    win=  2.911ms avg=  2.911ms p95=  4.875ms max= 36.794ms calls(last=  1,win= 120,total=7920) (win 17.5% | avg 17.5% budget)
  frame.render.world               win=  2.894ms avg=  2.894ms p95=  3.136ms max= 10.392ms calls(last=  1,win= 120,total=6815) (win 17.4% | avg 17.4% budget)
  menu.music                       win=  1.827ms avg=  3.654ms p95= 11.293ms max= 28.353ms calls(last=  2,win= 240,total=15840) (win 11.0% | avg 21.9% budget)
  music.update_stream              win=  1.396ms avg=  0.454ms p95=  0.013ms max= 15.592ms calls(last=  0,win=  39,total=2247) (win 8.4% | avg 2.7% budget)
  frame.render.world.maze          win=  1.057ms avg=  1.057ms p95=  1.154ms max=  3.452ms calls(last=  1,win= 120,total=6815) (win 6.3% | avg 6.3% budget)
  music.fill_buffer                win=  0.994ms avg=  0.323ms p95=  1.036ms max=  2.791ms calls(last=  0,win=  39,total=2247) (win 6.0% | avg 1.9% budget)
  frame.render.hud                 win=  0.837ms avg=  0.837ms p95=  0.889ms max=  2.474ms calls(last=  1,win= 120,total=6815) (win 5.0% | avg 5.0% budget)
  frame.render.world.effects       win=  0.637ms avg=  0.637ms p95=  0.746ms max=  7.424ms calls(last=  1,win= 120,total=6815) (win 3.8% | avg 3.8% budget)
  frame.render.hud.minimap         win=  0.425ms avg=  0.425ms p95=  0.469ms max=  1.302ms calls(last=  1,win= 120,total=6815) (win 2.6% | avg 2.6% budget)
  enemy.physics.frontal_collisions win=  0.417ms avg=  0.525ms p95=  0.840ms max=  2.184ms calls(last=  1,win= 151,total=6993) (win 2.5% | avg 3.1% budget)
  frame.render.world.enemies       win=  0.386ms avg=  0.386ms p95=  0.422ms max=  4.105ms calls(last=  1,win= 120,total=6815) (win 2.3% | avg 2.3% budget)
  frame.render.world.enemies.draw  win=  0.330ms avg=  0.330ms p95=  0.365ms max=  4.065ms calls(last=  1,win= 120,total=6815) (win 2.0% | avg 2.0% budget)
  enemy.physics.frontal_grid_build win=  0.300ms avg=  0.377ms p95=  0.593ms max=  1.920ms calls(last=  1,win= 151,total=6993) (win 1.8% | avg 2.3% budget)
  audio.route_step                 win=  0.257ms avg=  0.323ms p95=  0.075ms max= 12.967ms calls(last=  1,win= 151,total=7561) (win 1.5% | avg 1.9% budget)
  frame.render.hud.text            win=  0.230ms avg=  0.230ms p95=  0.267ms max=  0.871ms calls(last=  1,win= 120,total=6815) (win 1.4% | avg 1.4% budget)
[ENEMY_STATS] frame=7920 alive=120 visible=3 full=16 cheap=104 fullInBase=1 pairs(frontal=0 checks=0 separation=0 resolved=0)
[ENEMY_WINDOW] steps=151 alive[min=120 max=122] visible[min=3 max=5] full[min=16 max=17] collisionPasses[runs=151 skips=0]
[ENEMY_SEGMENTS] window=2.517s D{b/s=7.15 avgLen=4.21 fail=0} T{b/s=0.00 avgLen=0.00 fail=0} H{b/s=0.00 avgLen=0.00 fail=0} A{b/s=0.00 avgLen=0.00 fail=0}
[ENEMY_GRID] frontal{cand/s=989.0 xcell/s=2.8 ins/s=991.8} separation{cand/s=989.0}
[ENEMY_COLLISION_WINDOW] frontal{pairs/s=34.2 checks/s=34.2 baseSkip=0 kill=0(0.0%)} separation{pairs/s=34.2 resolved/s=0.0(0.0%) baseSkip=0 kill=0 wallBlock=0}
[ENEMY_NAV_CACHE] playerCell{changes=0 flowRebuilds=0} flow{hit=0 miss=0 hit%=0.0} pathFallback{calls=0 ok=0 ok%=0.0}
[ENEMY_SAP] updates=18232 active=2489 pairs=86 repairs{x=1960 y=1881}
[ENEMY_PAIR_TYPES] frontal DD=86 DT=0 DH=0 DA=0 TT=0 TH=0 TA=0 HH=0 HA=0 AA=0 separation DD=86 DT=0 DH=0 DA=0 TT=0 TH=0 TA=0 HH=0 HA=0 AA=0
[AUDIO_ROUTE_WINDOW] steps=151 events=21 sounds=21 avg(step ev=0.14 snd=0.14) max(step ev=2 snd=2)
  events{shotP=8 shotE=5 dead=2 spawn=0 base=0 wall=6 start=0 playerExpl=0}
  sounds{shotP=8 shotE=5 dead=2 spawn=0 base=0 wall=6 start=0 playerExpl=0}
[MUSIC_PLAYER_WINDOW] label=menu calls=120 activeCalls=0 buffers=0 avg(buf/call=0.00 active=0.00) max(buf/call=0) upload(total=0.00ms avg=0.000ms max=0.000ms slow=0)
[MUSIC_PLAYER_WINDOW] label=gameplay calls=120 activeCalls=120 buffers=39 avg(buf/call=0.32 active=0.32) max(buf/call=1) upload(total=55.31ms avg=1.418ms max=12.791ms slow=5)

[PROFILE] frame=8040 budget=16.667ms alloc(+976/-976, +77120b/-77120b, live=398496b peak=459752b)
  frame.total                      win= 25.474ms avg= 25.474ms p95= 46.180ms max=106.256ms calls(last=  1,win= 120,total=8040) (win 152.8% | avg 152.8% budget)
  frame.cpu_work                   win= 22.656ms avg= 22.656ms p95= 43.836ms max=104.601ms calls(last=  1,win= 120,total=8040) (win 135.9% | avg 135.9% budget)
  gameplay.music                   win=  6.833ms avg=  6.833ms p95= 24.628ms max= 32.088ms calls(last=  1,win= 120,total=8040) (win 41.0% | avg 41.0% budget)
  frame.fixed_step                 win=  6.662ms avg= 10.215ms p95= 20.174ms max=102.340ms calls(last=  4,win= 184,total=8816) (win 40.0% | avg 61.3% budget)
  game.update                      win=  6.353ms avg=  9.741ms p95= 18.665ms max=102.308ms calls(last=  4,win= 184,total=7745) (win 38.1% | avg 58.4% budget)
  system.ai_update                 win=  5.993ms avg=  9.190ms p95= 17.671ms max= 23.039ms calls(last=  4,win= 184,total=7683) (win 36.0% | avg 55.1% budget)
  enemy.update                     win=  5.989ms avg=  9.184ms p95= 17.662ms max= 23.030ms calls(last=  4,win= 184,total=7683) (win 35.9% | avg 55.1% budget)
  frame.render                     win=  5.548ms avg=  5.548ms p95=  5.944ms max= 24.967ms calls(last=  1,win= 120,total=8040) (win 33.3% | avg 33.3% budget)
  music.update_stream              win=  4.393ms avg=  1.757ms p95= 14.040ms max= 16.835ms calls(last=  0,win=  48,total=2295) (win 26.4% | avg 10.5% budget)
  menu.music                       win=  3.417ms avg=  6.834ms p95= 24.629ms max= 32.089ms calls(last=  2,win= 240,total=16080) (win 20.5% | avg 41.0% budget)
  frame.render.world               win=  2.920ms avg=  2.920ms p95=  3.194ms max= 10.392ms calls(last=  1,win= 120,total=6935) (win 17.5% | avg 17.5% budget)
  frame.present                    win=  2.801ms avg=  2.801ms p95=  5.215ms max= 36.794ms calls(last=  1,win= 120,total=8040) (win 16.8% | avg 16.8% budget)
  music.fill_buffer                win=  1.005ms avg=  0.402ms p95=  1.076ms max=  2.791ms calls(last=  0,win=  48,total=2295) (win 6.0% | avg 2.4% budget)
  frame.render.world.maze          win=  0.978ms avg=  0.978ms p95=  1.180ms max=  3.452ms calls(last=  1,win= 120,total=6935) (win 5.9% | avg 5.9% budget)
  frame.render.hud                 win=  0.842ms avg=  0.842ms p95=  0.912ms max=  2.474ms calls(last=  1,win= 120,total=6935) (win 5.1% | avg 5.1% budget)
  frame.render.world.effects       win=  0.642ms avg=  0.642ms p95=  0.757ms max=  7.424ms calls(last=  1,win= 120,total=6935) (win 3.9% | avg 3.9% budget)
  frame.render.world.enemies       win=  0.488ms avg=  0.488ms p95=  0.535ms max=  4.105ms calls(last=  1,win= 120,total=6935) (win 2.9% | avg 2.9% budget)
  enemy.physics.frontal_collisions win=  0.438ms avg=  0.672ms p95=  1.339ms max=  2.205ms calls(last=  4,win= 184,total=7177) (win 2.6% | avg 4.0% budget)
  frame.render.hud.minimap         win=  0.435ms avg=  0.435ms p95=  0.483ms max=  1.302ms calls(last=  1,win= 120,total=6935) (win 2.6% | avg 2.6% budget)
  frame.render.world.enemies.draw  win=  0.432ms avg=  0.432ms p95=  0.477ms max=  4.065ms calls(last=  1,win= 120,total=6935) (win 2.6% | avg 2.6% budget)
  enemy.physics.frontal_grid_build win=  0.323ms avg=  0.495ms p95=  1.165ms max=  1.920ms calls(last=  4,win= 184,total=7177) (win 1.9% | avg 3.0% budget)
  audio.route_step                 win=  0.299ms avg=  0.458ms p95=  3.052ms max= 12.967ms calls(last=  4,win= 184,total=7745) (win 1.8% | avg 2.7% budget)
  frame.render.hud.text            win=  0.228ms avg=  0.228ms p95=  0.265ms max=  0.871ms calls(last=  1,win= 120,total=6935) (win 1.4% | avg 1.4% budget)
  audio.route.removed_enemy_match  win=  0.219ms avg=  0.007ms p95=  0.000ms max=  9.493ms calls(last=  0,win=   4,total=34) (win 1.3% | avg 0.0% budget)
[ENEMY_STATS] frame=8040 alive=119 visible=4 full=15 cheap=104 fullInBase=1 pairs(frontal=0 checks=0 separation=0 resolved=0)
[ENEMY_WINDOW] steps=184 alive[min=118 max=121] visible[min=2 max=4] full[min=14 max=17] collisionPasses[runs=184 skips=0]
[ENEMY_SEGMENTS] window=3.067s D{b/s=7.50 avgLen=4.91 fail=0} T{b/s=0.00 avgLen=0.00 fail=0} H{b/s=0.00 avgLen=0.00 fail=0} A{b/s=0.00 avgLen=0.00 fail=0}
[ENEMY_GRID] frontal{cand/s=973.0 xcell/s=3.6 ins/s=976.6} separation{cand/s=973.0}
[ENEMY_COLLISION_WINDOW] frontal{pairs/s=5.9 checks/s=5.9 baseSkip=0 kill=0(0.0%)} separation{pairs/s=5.9 resolved/s=0.0(0.0%) baseSkip=0 kill=0 wallBlock=0}
[ENEMY_NAV_CACHE] playerCell{changes=0 flowRebuilds=0} flow{hit=0 miss=0 hit%=0.0} pathFallback{calls=0 ok=0 ok%=0.0}
[ENEMY_SAP] updates=22083 active=2984 pairs=18 repairs{x=6100 y=5935}
[ENEMY_PAIR_TYPES] frontal DD=0 DT=18 DH=0 DA=0 TT=0 TH=0 TA=0 HH=0 HA=0 AA=0 separation DD=0 DT=18 DH=0 DA=0 TT=0 TH=0 TA=0 HH=0 HA=0 AA=0
[AUDIO_ROUTE_WINDOW] steps=184 events=37 sounds=36 avg(step ev=0.20 snd=0.20) max(step ev=2 snd=2)
  events{shotP=13 shotE=5 dead=4 spawn=3 base=0 wall=12 start=0 playerExpl=0}
  sounds{shotP=13 shotE=5 dead=4 spawn=2 base=0 wall=12 start=0 playerExpl=0}
[MUSIC_PLAYER_WINDOW] label=menu calls=120 activeCalls=0 buffers=0 avg(buf/call=0.00 active=0.00) max(buf/call=0) upload(total=0.00ms avg=0.000ms max=0.000ms slow=0)
[MUSIC_PLAYER_WINDOW] label=gameplay calls=120 activeCalls=120 buffers=48 avg(buf/call=0.40 active=0.40) max(buf/call=1) upload(total=213.85ms avg=4.455ms max=18.060ms slow=16)

[PROFILE] frame=8160 budget=16.667ms alloc(+253/-253, +20216b/-20216b, live=398496b peak=459752b)
  frame.total                      win= 23.005ms avg= 23.005ms p95= 40.457ms max=106.256ms calls(last=  1,win= 120,total=8160) (win 138.0% | avg 138.0% budget)
  frame.cpu_work                   win= 20.128ms avg= 20.128ms p95= 38.272ms max=104.601ms calls(last=  1,win= 120,total=8160) (win 120.8% | avg 120.8% budget)
  frame.fixed_step                 win=  6.583ms avg=  9.107ms p95= 18.902ms max=102.340ms calls(last=  1,win= 166,total=8982) (win 39.5% | avg 54.6% budget)
  game.update                      win=  6.170ms avg=  8.535ms p95= 15.105ms max=102.308ms calls(last=  1,win= 166,total=7911) (win 37.0% | avg 51.2% budget)
  system.ai_update                 win=  5.747ms avg=  7.951ms p95= 13.323ms max= 23.039ms calls(last=  1,win= 166,total=7849) (win 34.5% | avg 47.7% budget)
  enemy.update                     win=  5.744ms avg=  7.945ms p95= 13.313ms max= 23.030ms calls(last=  1,win= 166,total=7849) (win 34.5% | avg 47.7% budget)
  frame.render                     win=  5.650ms avg=  5.650ms p95=  6.965ms max= 24.967ms calls(last=  1,win= 120,total=8160) (win 33.9% | avg 33.9% budget)
  gameplay.music                   win=  5.313ms avg=  5.313ms p95= 21.998ms max= 35.844ms calls(last=  1,win= 120,total=8160) (win 31.9% | avg 31.9% budget)
  music.update_stream              win=  4.015ms avg=  1.472ms p95= 12.376ms max= 18.501ms calls(last=  1,win=  44,total=2339) (win 24.1% | avg 8.8% budget)
  audio.route.removed_enemy_match  win=  3.277ms avg=  0.055ms p95=  0.000ms max=  9.493ms calls(last=  0,win=   2,total=36) (win 19.7% | avg 0.3% budget)
  frame.render.world               win=  3.014ms avg=  3.014ms p95=  4.399ms max= 10.392ms calls(last=  1,win= 120,total=7055) (win 18.1% | avg 18.1% budget)
  frame.present                    win=  2.859ms avg=  2.859ms p95=  5.590ms max= 36.794ms calls(last=  1,win= 120,total=8160) (win 17.2% | avg 17.2% budget)
  menu.music                       win=  2.658ms avg=  5.315ms p95= 21.999ms max= 36.012ms calls(last=  2,win= 240,total=16320) (win 15.9% | avg 31.9% budget)
  music.fill_buffer                win=  0.985ms avg=  0.361ms p95=  1.009ms max=  2.791ms calls(last=  1,win=  44,total=2339) (win 5.9% | avg 2.2% budget)
  frame.render.world.maze          win=  0.941ms avg=  0.941ms p95=  1.035ms max=  3.452ms calls(last=  1,win= 120,total=7055) (win 5.6% | avg 5.6% budget)
  frame.render.hud                 win=  0.839ms avg=  0.839ms p95=  0.889ms max=  2.474ms calls(last=  1,win= 120,total=7055) (win 5.0% | avg 5.0% budget)
  frame.render.world.effects       win=  0.801ms avg=  0.801ms p95=  1.120ms max=  7.424ms calls(last=  1,win= 120,total=7055) (win 4.8% | avg 4.8% budget)
  frame.render.world.enemies       win=  0.493ms avg=  0.493ms p95=  0.557ms max=  4.105ms calls(last=  1,win= 120,total=7055) (win 3.0% | avg 3.0% budget)
  frame.render.world.enemies.draw  win=  0.438ms avg=  0.438ms p95=  0.502ms max=  4.065ms calls(last=  1,win= 120,total=7055) (win 2.6% | avg 2.6% budget)
  frame.render.hud.minimap         win=  0.430ms avg=  0.430ms p95=  0.471ms max=  1.302ms calls(last=  1,win= 120,total=7055) (win 2.6% | avg 2.6% budget)
  audio.route_step                 win=  0.403ms avg=  0.557ms p95=  4.093ms max= 15.468ms calls(last=  1,win= 166,total=7911) (win 2.4% | avg 3.3% budget)
  enemy.physics.frontal_collisions win=  0.388ms avg=  0.537ms p95=  1.133ms max=  2.205ms calls(last=  1,win= 166,total=7343) (win 2.3% | avg 3.2% budget)
  enemy.physics.frontal_grid_build win=  0.288ms avg=  0.399ms p95=  0.820ms max=  1.920ms calls(last=  1,win= 166,total=7343) (win 1.7% | avg 2.4% budget)
  frame.render.hud.text            win=  0.228ms avg=  0.228ms p95=  0.268ms max=  0.871ms calls(last=  1,win= 120,total=7055) (win 1.4% | avg 1.4% budget)
[ENEMY_STATS] frame=8160 alive=117 visible=2 full=14 cheap=103 fullInBase=0 pairs(frontal=0 checks=0 separation=0 resolved=0)
[ENEMY_WINDOW] steps=166 alive[min=117 max=119] visible[min=2 max=4] full[min=14 max=15] collisionPasses[runs=166 skips=0]
[ENEMY_SEGMENTS] window=2.767s D{b/s=9.04 avgLen=4.99 fail=0} T{b/s=0.00 avgLen=0.00 fail=0} H{b/s=0.00 avgLen=0.00 fail=0} A{b/s=0.00 avgLen=0.00 fail=0}
[ENEMY_GRID] frontal{cand/s=892.4 xcell/s=2.2 ins/s=894.6} separation{cand/s=892.4}
[ENEMY_COLLISION_WINDOW] frontal{pairs/s=0.0 checks/s=0.0 baseSkip=0 kill=0(0.0%)} separation{pairs/s=0.0 resolved/s=0.0(0.0%) baseSkip=0 kill=0 wallBlock=0}
[ENEMY_NAV_CACHE] playerCell{changes=0 flowRebuilds=0} flow{hit=0 miss=0 hit%=0.0} pathFallback{calls=0 ok=0 ok%=0.0}
[ENEMY_SAP] updates=19663 active=2469 pairs=0 repairs{x=1508 y=1493}
[ENEMY_PAIR_TYPES] frontal DD=0 DT=0 DH=0 DA=0 TT=0 TH=0 TA=0 HH=0 HA=0 AA=0 separation DD=0 DT=0 DH=0 DA=0 TT=0 TH=0 TA=0 HH=0 HA=0 AA=0
[AUDIO_ROUTE_WINDOW] steps=166 events=19 sounds=19 avg(step ev=0.11 snd=0.11) max(step ev=2 snd=2)
  events{shotP=8 shotE=2 dead=2 spawn=0 base=1 wall=5 start=0 playerExpl=1}
  sounds{shotP=8 shotE=2 dead=2 spawn=0 base=1 wall=5 start=0 playerExpl=1}
[MUSIC_PLAYER_WINDOW] label=menu calls=120 activeCalls=0 buffers=0 avg(buf/call=0.00 active=0.00) max(buf/call=0) upload(total=0.00ms avg=0.000ms max=0.000ms slow=0)
[MUSIC_PLAYER_WINDOW] label=gameplay calls=120 activeCalls=120 buffers=43 avg(buf/call=0.36 active=0.36) max(buf/call=1) upload(total=156.51ms avg=3.640ms max=18.174ms slow=12)

[PROFILE] frame=8280 budget=16.667ms alloc(+0/-0, +0b/-0b, live=19600b peak=459752b)
  frame.total                      win= 17.507ms avg= 17.507ms p95= 22.414ms max=106.256ms calls(last=  1,win= 120,total=8280) (win 105.0% | avg 105.0% budget)
  frame.cpu_work                   win=  9.679ms avg=  9.679ms p95= 19.860ms max=104.601ms calls(last=  1,win= 120,total=8280) (win 58.1% | avg 58.1% budget)
  frame.present                    win=  7.812ms avg=  7.812ms p95= 14.326ms max= 36.794ms calls(last=  1,win= 120,total=8280) (win 46.9% | avg 46.9% budget)
  game.update                      win=  5.123ms avg=  2.945ms p95=  8.958ms max=102.308ms calls(last=  0,win=  69,total=7980) (win 30.7% | avg 17.7% budget)
  frame.render                     win=  5.029ms avg=  5.029ms p95=  6.229ms max= 24.967ms calls(last=  1,win= 120,total=8280) (win 30.2% | avg 30.2% budget)
  system.ai_update                 win=  4.916ms avg=  2.826ms p95=  8.613ms max= 23.039ms calls(last=  0,win=  69,total=7918) (win 29.5% | avg 17.0% budget)
  enemy.update                     win=  4.911ms avg=  2.824ms p95=  8.607ms max= 23.030ms calls(last=  0,win=  69,total=7918) (win 29.5% | avg 16.9% budget)
  frame.fixed_step                 win=  2.773ms avg=  2.958ms p95=  8.987ms max=102.340ms calls(last=  1,win= 128,total=9110) (win 16.6% | avg 17.7% budget)
  frame.render.world               win=  2.389ms avg=  2.030ms p95=  2.708ms max= 10.392ms calls(last=  0,win= 102,total=7157) (win 14.3% | avg 12.2% budget)
  gameplay.music                   win=  1.521ms avg=  1.521ms p95=  6.622ms max= 35.844ms calls(last=  1,win= 120,total=8280) (win 9.1% | avg 9.1% budget)
  frame.render.overlay             win=  1.290ms avg=  0.430ms p95=  1.267ms max=  3.036ms calls(last=  0,win=  40,total=40) (win 7.7% | avg 2.6% budget)
  music.fill_buffer                win=  1.111ms avg=  0.305ms p95=  1.038ms max=  2.791ms calls(last=  1,win=  33,total=2372) (win 6.7% | avg 1.8% budget)
  frame.render.world.maze          win=  0.932ms avg=  0.792ms p95=  1.002ms max=  3.452ms calls(last=  0,win= 102,total=7157) (win 5.6% | avg 4.8% budget)
  frame.render.hud                 win=  0.834ms avg=  0.709ms p95=  0.887ms max=  2.474ms calls(last=  0,win= 102,total=7157) (win 5.0% | avg 4.3% budget)
  menu.music                       win=  0.818ms avg=  1.637ms p95=  6.624ms max= 36.012ms calls(last=  2,win= 240,total=16560) (win 4.9% | avg 9.8% budget)
  frame.render.world.effects       win=  0.643ms avg=  0.546ms p95=  0.900ms max=  7.424ms calls(last=  0,win= 102,total=7157) (win 3.9% | avg 3.3% budget)
  frame.render.hud.minimap         win=  0.432ms avg=  0.367ms p95=  0.477ms max=  1.302ms calls(last=  0,win= 102,total=7157) (win 2.6% | avg 2.2% budget)
  enemy.physics.frontal_collisions win=  0.384ms avg=  0.221ms p95=  0.709ms max=  2.205ms calls(last=  0,win=  69,total=7412) (win 2.3% | avg 1.3% budget)
  frame.render.world.enemies       win=  0.339ms avg=  0.289ms p95=  0.388ms max=  4.105ms calls(last=  0,win= 102,total=7157) (win 2.0% | avg 1.7% budget)
  enemy.physics.frontal_grid_build win=  0.289ms avg=  0.166ms p95=  0.534ms max=  1.920ms calls(last=  0,win=  69,total=7412) (win 1.7% | avg 1.0% budget)
  frame.render.world.enemies.draw  win=  0.284ms avg=  0.241ms p95=  0.326ms max=  4.065ms calls(last=  0,win= 102,total=7157) (win 1.7% | avg 1.4% budget)
  frame.render.hud.text            win=  0.219ms avg=  0.186ms p95=  0.225ms max=  0.871ms calls(last=  0,win= 102,total=7157) (win 1.3% | avg 1.1% budget)
  enemy.ai.movement                win=  0.098ms avg=  0.790ms p95=  2.483ms max=  7.300ms calls(last=  0,win= 966,total=71989) (win 0.6% | avg 4.7% budget)
  system.spawner_update            win=  0.070ms avg=  0.040ms p95=  0.122ms max=  0.635ms calls(last=  0,win=  69,total=7918) (win 0.4% | avg 0.2% budget)
[MUSIC_PLAYER_WINDOW] label=menu calls=120 activeCalls=20 buffers=5 avg(buf/call=0.04 active=0.25) max(buf/call=1) upload(total=0.04ms avg=0.008ms max=0.008ms slow=0)
[MUSIC_PLAYER_WINDOW] label=gameplay calls=120 activeCalls=100 buffers=28 avg(buf/call=0.23 active=0.28) max(buf/call=1) upload(total=0.21ms avg=0.008ms max=0.009ms slow=0)
arm_release_ver: g13p0-01eac0, rk_so_ver: 11
