ark@rg353v:/roms2/ports/bolt$ rm profile.log
ark@rg353v:/roms2/ports/bolt$ cat profile.log
INFO: Initializing raylib 5.6-dev
INFO: Platform backend: DESKTOP (SDL)
INFO: Supported raylib modules:
INFO:     > rcore:..... loaded (mandatory)
INFO:     > rlgl:...... loaded (mandatory)
INFO:     > rshapes:... loaded (optional)
INFO:     > rtextures:. loaded (optional)
INFO:     > rtext:..... loaded (optional)
INFO:     > rmodels:... loaded (optional)
INFO:     > raudio:.... loaded (optional)
arm_release_ver: g13p0-01eac0, rk_so_ver: 11
INFO: DISPLAY: Device initialized successfully
INFO:     > Display size: 640 x 480
INFO:     > Screen size:  640 x 480
INFO:     > Render size:  640 x 480
INFO:     > Viewport offsets: 0, 0
INFO: GLAD: OpenGL ES 2.0 loaded successfully
INFO: GL: Supported extensions count: 99
INFO: GL: OpenGL device information:
INFO:     > Vendor:   ARM
INFO:     > Renderer: Mali-G52
INFO:     > Version:  OpenGL ES 3.2 v1.g13p0-01eac0.fdf91928d758c45c1787782175b35c6a
INFO:     > GLSL:     OpenGL ES GLSL ES 3.20
INFO: GL: VAO extension detected, VAO functions loaded successfully
INFO: GL: NPOT textures extension detected, full NPOT textures supported
INFO: GL: ETC1 compressed textures supported
INFO: GL: ASTC compressed textures supported
INFO: PLATFORM: DESKTOP (SDL2): Initialized successfully
INFO: TEXTURE: [ID 1] Texture loaded successfully (1x1 | R8G8B8A8 | 1 mipmaps)
INFO: TEXTURE: [ID 1] Default texture loaded successfully
INFO: SHADER: [ID 1] Vertex shader compiled successfully
INFO: SHADER: [ID 2] Fragment shader compiled successfully
INFO: SHADER: [ID 3] Program shader loaded successfully
INFO: SHADER: [ID 3] Default shader loaded successfully
INFO: RLGL: Render batch vertex buffers loaded successfully in RAM (CPU)
INFO: RLGL: Render batch vertex buffers loaded successfully in VRAM (GPU)
INFO: RLGL: Default OpenGL state initialized successfully
INFO: TEXTURE: [ID 2] Texture loaded successfully (128x128 | GRAY_ALPHA | 1 mipmaps)
INFO: FONT: Default font loaded successfully (224 glyphs)
INFO: SYSTEM: Working Directory: /roms2/ports/bolt
INFO: TIMER: Target time per frame: 16.667 milliseconds
INFO: FILEIO: [resources/textures/sprites.png] File loaded successfully
INFO: IMAGE: Data loaded successfully (18x63 | R8G8B8A8 | 1 mipmaps)
INFO: TEXTURE: [ID 3] Texture loaded successfully (72x9 | R8G8B8A8 | 1 mipmaps)
INFO: TEXTURE: [ID 4] Texture loaded successfully (72x36 | R8G8B8A8 | 1 mipmaps)
INFO: AUDIO: Device initialized successfully
INFO:     > Backend:       miniaudio | ALSA
INFO:     > Format:        32-bit IEEE Floating Point -> 32-bit IEEE Floating Point
INFO:     > Channels:      2 -> 2
INFO:     > Sample rate:   44100 -> 44100
INFO:     > Periods size:  3072
INFO: FILEIO: [resources/audio/keyboard-click.wav] File loaded successfully
INFO: WAVE: Data loaded successfully (48000 Hz, 16 bit, 1 channels)
INFO: AUDIO: menu click sound loaded from: resources/audio/keyboard-click.wav
INFO: FILEIO: [resources/audio/power-up.wav] File loaded successfully
INFO: WAVE: Data loaded successfully (48000 Hz, 16 bit, 1 channels)
INFO: AUDIO: power-up sound loaded from: resources/audio/power-up.wav
INFO: FILEIO: [resources/audio/player-shot.wav] File loaded successfully
INFO: WAVE: Data loaded successfully (48000 Hz, 16 bit, 1 channels)
INFO: AUDIO: player-shot sound loaded from: resources/audio/player-shot.wav
INFO: FILEIO: [resources/audio/enemy-shot.wav] File loaded successfully
INFO: WAVE: Data loaded successfully (48000 Hz, 16 bit, 1 channels)
INFO: AUDIO: enemy-shot sound loaded from: resources/audio/enemy-shot.wav
INFO: FILEIO: [resources/audio/enemy-spawning.wav] File loaded successfully
INFO: WAVE: Data loaded successfully (48000 Hz, 16 bit, 1 channels)
INFO: AUDIO: enemy-spawning sound loaded from: resources/audio/enemy-spawning.wav
INFO: FILEIO: [resources/audio/enemy-exploding.wav] File loaded successfully
INFO: WAVE: Data loaded successfully (48000 Hz, 16 bit, 1 channels)
INFO: AUDIO: enemy-exploding sound loaded from: resources/audio/enemy-exploding.wav
INFO: FILEIO: [resources/audio/base-exploding.wav] File loaded successfully
INFO: WAVE: Data loaded successfully (48000 Hz, 16 bit, 1 channels)
INFO: AUDIO: base-exploding sound loaded from: resources/audio/base-exploding.wav

[PROFILE] frame=120 budget=16.667ms alloc(+0/-0, +0b/-0b, live=0b peak=56b)
  frame.total                      win= 17.100ms avg= 17.100ms p95= 16.981ms max= 36.356ms calls(last=  1,win= 120,total=120) (win 102.6% | avg 102.6% budget)
  frame.render                     win= 17.061ms avg= 17.061ms p95= 16.944ms max= 36.287ms calls(last=  1,win= 120,total=120) (win 102.4% | avg 102.4% budget)
  frame.present                    win= 17.054ms avg= 17.054ms p95= 16.937ms max= 36.280ms calls(last=  1,win= 120,total=120) (win 102.3% | avg 102.3% budget)
  frame.input_poll                 win=  0.027ms avg=  0.027ms p95=  0.028ms max=  0.058ms calls(last=  1,win= 120,total=120) (win 0.2% | avg 0.2% budget)
  frame.fixed_step                 win=  0.002ms avg=  0.002ms p95=  0.003ms max=  0.005ms calls(last=  1,win= 124,total=124) (win 0.0% | avg 0.0% budget)

[PROFILE] frame=240 budget=16.667ms alloc(+22/-22, +110672b/-110672b, live=29160b peak=139576b)
  frame.total                      win= 17.473ms avg= 17.473ms p95= 17.378ms max= 83.488ms calls(last=  1,win= 120,total=240) (win 104.8% | avg 104.8% budget)
  frame.render                     win= 16.111ms avg= 16.111ms p95= 16.907ms max= 83.451ms calls(last=  1,win= 120,total=240) (win 96.7% | avg 96.7% budget)
  frame.present                    win= 16.104ms avg= 16.104ms p95= 16.900ms max= 83.444ms calls(last=  1,win= 120,total=240) (win 96.6% | avg 96.6% budget)
  frame.render.world               win=  4.228ms avg=  6.483ms p95=  8.729ms max= 10.043ms calls(last=  2,win= 184,total=184) (win 25.4% | avg 38.9% budget)
  frame.render.overlay             win=  2.916ms avg=  2.236ms p95=  3.544ms max=  3.616ms calls(last=  1,win=  92,total=92) (win 17.5% | avg 13.4% budget)
  game.update                      win=  1.399ms avg=  1.131ms p95=  1.815ms max=  4.829ms calls(last=  1,win=  97,total=97) (win 8.4% | avg 6.8% budget)
  system.ai_update                 win=  1.298ms avg=  1.049ms p95=  1.626ms max=  4.700ms calls(last=  1,win=  97,total=97) (win 7.8% | avg 6.3% budget)
  enemy.update                     win=  1.292ms avg=  1.044ms p95=  1.621ms max=  4.646ms calls(last=  1,win=  97,total=97) (win 7.8% | avg 6.3% budget)
  frame.fixed_step                 win=  1.271ms avg=  1.324ms p95=  2.081ms max=  5.437ms calls(last=  1,win= 125,total=249) (win 7.6% | avg 7.9% budget)
  frame.render.world.enemies       win=  1.102ms avg=  0.845ms p95=  1.149ms max=  1.160ms calls(last=  1,win=  92,total=92) (win 6.6% | avg 5.1% budget)
  frame.render.world.maze          win=  0.922ms avg=  0.707ms p95=  0.973ms max=  1.066ms calls(last=  1,win=  92,total=92) (win 5.5% | avg 4.2% budget)
  frame.render.world.effects       win=  0.413ms avg=  0.317ms p95=  0.480ms max=  0.836ms calls(last=  1,win=  92,total=92) (win 2.5% | avg 1.9% budget)
  enemy.cheap.segment_build        win=  0.250ms avg=  0.021ms p95=  0.209ms max=  0.336ms calls(last=  0,win=  10,total=10) (win 1.5% | avg 0.1% budget)
  system.spawner_update            win=  0.053ms avg=  0.043ms p95=  0.415ms max=  0.454ms calls(last=  1,win=  97,total=97) (win 0.3% | avg 0.3% budget)
  frame.input_poll                 win=  0.027ms avg=  0.027ms p95=  0.028ms max=  0.058ms calls(last=  1,win= 120,total=240) (win 0.2% | avg 0.2% budget)
  enemy.type.torpedo               win=  0.015ms avg=  0.008ms p95=  0.007ms max=  0.320ms calls(last=  3,win=  67,total=67) (win 0.1% | avg 0.1% budget)
  system.physics_collision         win=  0.015ms avg=  0.012ms p95=  0.018ms max=  0.033ms calls(last=  1,win=  97,total=97) (win 0.1% | avg 0.1% budget)
  enemy.type.drone                 win=  0.014ms avg=  0.033ms p95=  0.206ms max=  0.363ms calls(last=  7,win= 283,total=283) (win 0.1% | avg 0.2% budget)
  system.projectile_update         win=  0.003ms avg=  0.003ms p95=  0.004ms max=  0.006ms calls(last=  1,win=  97,total=97) (win 0.0% | avg 0.0% budget)
  system.maze_update               win=  0.001ms avg=  0.001ms p95=  0.001ms max=  0.002ms calls(last=  1,win=  97,total=97) (win 0.0% | avg 0.0% budget)
[ENEMY_STATS] frame=240 alive=10 visible=0 full=0 cheap=10 fullInBase=0 pairs(frontal=0 checks=0 separation=0 resolved=0)
[ENEMY_WINDOW] steps=98 alive[min=0 max=10] visible[min=0 max=0] full[min=0 max=0] collisionPasses[runs=0 skips=98]

[PROFILE] frame=360 budget=16.667ms alloc(+36/-36, +120544b/-120544b, live=43752b peak=163760b)
  frame.total                      win= 16.907ms avg= 16.907ms p95= 17.361ms max= 83.488ms calls(last=  1,win= 120,total=360) (win 101.4% | avg 101.4% budget)
  frame.render                     win= 14.808ms avg= 14.808ms p95= 15.273ms max= 83.451ms calls(last=  1,win= 120,total=360) (win 88.8% | avg 88.8% budget)
  frame.present                    win= 14.801ms avg= 14.801ms p95= 15.265ms max= 83.444ms calls(last=  1,win= 120,total=360) (win 88.8% | avg 88.8% budget)
  frame.render.world               win=  4.318ms avg=  8.636ms p95=  9.054ms max= 10.043ms calls(last=  2,win= 240,total=424) (win 25.9% | avg 51.8% budget)
  frame.render.overlay             win=  2.979ms avg=  2.979ms p95=  3.600ms max=  3.759ms calls(last=  1,win= 120,total=212) (win 17.9% | avg 17.9% budget)
  frame.fixed_step                 win=  2.011ms avg=  2.062ms p95=  2.504ms max=  5.437ms calls(last=  1,win= 123,total=372) (win 12.1% | avg 12.4% budget)
  game.update                      win=  1.679ms avg=  1.721ms p95=  2.157ms max=  4.829ms calls(last=  1,win= 123,total=220) (win 10.1% | avg 10.3% budget)
  system.ai_update                 win=  1.539ms avg=  1.578ms p95=  1.879ms max=  4.700ms calls(last=  1,win= 123,total=220) (win 9.2% | avg 9.5% budget)
  enemy.update                     win=  1.534ms avg=  1.573ms p95=  1.873ms max=  4.646ms calls(last=  1,win= 123,total=220) (win 9.2% | avg 9.4% budget)
  frame.render.world.enemies       win=  1.128ms avg=  1.128ms p95=  1.250ms max=  1.520ms calls(last=  1,win= 120,total=212) (win 6.8% | avg 6.8% budget)
  frame.render.world.maze          win=  0.919ms avg=  0.919ms p95=  0.980ms max=  1.086ms calls(last=  1,win= 120,total=212) (win 5.5% | avg 5.5% budget)
  frame.render.world.effects       win=  0.393ms avg=  0.393ms p95=  0.490ms max=  0.836ms calls(last=  1,win= 120,total=212) (win 2.4% | avg 2.4% budget)
  enemy.cheap.segment_build        win=  0.126ms avg=  0.111ms p95=  0.351ms max=  0.646ms calls(last=  1,win= 106,total=116) (win 0.8% | avg 0.7% budget)
  system.spawner_update            win=  0.072ms avg=  0.073ms p95=  0.429ms max=  0.468ms calls(last=  1,win= 123,total=220) (win 0.4% | avg 0.4% budget)
  frame.input_poll                 win=  0.027ms avg=  0.027ms p95=  0.028ms max=  0.058ms calls(last=  1,win= 120,total=360) (win 0.2% | avg 0.2% budget)
  system.player_update             win=  0.024ms avg=  0.020ms p95=  0.026ms max=  0.041ms calls(last=  1,win= 100,total=100) (win 0.1% | avg 0.1% budget)
  enemy.type.torpedo               win=  0.017ms avg=  0.121ms p95=  0.326ms max=  0.458ms calls(last= 10,win= 864,total=931) (win 0.1% | avg 0.7% budget)
  system.physics_collision         win=  0.015ms avg=  0.015ms p95=  0.019ms max=  0.033ms calls(last=  1,win= 123,total=220) (win 0.1% | avg 0.1% budget)
  enemy.type.drone                 win=  0.008ms avg=  0.064ms p95=  0.228ms max=  0.592ms calls(last= 10,win=1008,total=1291) (win 0.0% | avg 0.4% budget)
  system.projectile_update         win=  0.003ms avg=  0.004ms p95=  0.004ms max=  0.006ms calls(last=  1,win= 123,total=220) (win 0.0% | avg 0.0% budget)
  system.maze_update               win=  0.001ms avg=  0.001ms p95=  0.001ms max=  0.002ms calls(last=  1,win= 123,total=220) (win 0.0% | avg 0.0% budget)
[ENEMY_STATS] frame=360 alive=21 visible=0 full=0 cheap=21 fullInBase=0 pairs(frontal=0 checks=0 separation=0 resolved=0)
[ENEMY_WINDOW] steps=123 alive[min=10 max=21] visible[min=0 max=0] full[min=0 max=0] collisionPasses[runs=0 skips=123]

[PROFILE] frame=480 budget=16.667ms alloc(+44/-44, +130128b/-130128b, live=43752b peak=173336b)
  frame.total                      win= 16.924ms avg= 16.924ms p95= 17.457ms max= 83.488ms calls(last=  1,win= 120,total=480) (win 101.5% | avg 101.5% budget)
  frame.render                     win= 14.536ms avg= 14.536ms p95= 15.213ms max= 83.451ms calls(last=  1,win= 120,total=480) (win 87.2% | avg 87.2% budget)
  frame.present                    win= 14.529ms avg= 14.529ms p95= 15.205ms max= 83.444ms calls(last=  1,win= 120,total=480) (win 87.2% | avg 87.2% budget)
  frame.render.world               win=  4.485ms avg=  8.970ms p95=  9.396ms max= 10.043ms calls(last=  2,win= 240,total=664) (win 26.9% | avg 53.8% budget)
  frame.render.overlay             win=  3.002ms avg=  3.002ms p95=  3.598ms max=  3.884ms calls(last=  1,win= 120,total=332) (win 18.0% | avg 18.0% budget)
  frame.fixed_step                 win=  2.312ms avg=  2.350ms p95=  2.712ms max=  5.437ms calls(last=  1,win= 122,total=494) (win 13.9% | avg 14.1% budget)
  game.update                      win=  1.857ms avg=  1.888ms p95=  2.296ms max=  4.829ms calls(last=  1,win= 122,total=342) (win 11.1% | avg 11.3% budget)
  system.ai_update                 win=  1.707ms avg=  1.735ms p95=  2.014ms max=  4.700ms calls(last=  1,win= 122,total=342) (win 10.2% | avg 10.4% budget)
  enemy.update                     win=  1.701ms avg=  1.730ms p95=  2.009ms max=  4.646ms calls(last=  1,win= 122,total=342) (win 10.2% | avg 10.4% budget)
  frame.render.world.enemies       win=  1.115ms avg=  1.115ms p95=  1.210ms max=  1.528ms calls(last=  1,win= 120,total=332) (win 6.7% | avg 6.7% budget)
  frame.render.world.maze          win=  1.026ms avg=  1.026ms p95=  1.189ms max=  1.280ms calls(last=  1,win= 120,total=332) (win 6.2% | avg 6.2% budget)
  frame.render.world.effects       win=  0.381ms avg=  0.381ms p95=  0.478ms max=  0.836ms calls(last=  1,win= 120,total=332) (win 2.3% | avg 2.3% budget)
  enemy.cheap.segment_build        win=  0.131ms avg=  0.169ms p95=  0.383ms max=  0.646ms calls(last=  2,win= 155,total=271) (win 0.8% | avg 1.0% budget)
  system.spawner_update            win=  0.073ms avg=  0.075ms p95=  0.426ms max=  0.491ms calls(last=  1,win= 122,total=342) (win 0.4% | avg 0.4% budget)
  frame.input_poll                 win=  0.027ms avg=  0.027ms p95=  0.028ms max=  0.058ms calls(last=  1,win= 120,total=480) (win 0.2% | avg 0.2% budget)
  system.player_update             win=  0.026ms avg=  0.026ms p95=  0.028ms max=  0.041ms calls(last=  1,win= 122,total=222) (win 0.2% | avg 0.2% budget)
  system.physics_collision         win=  0.016ms avg=  0.016ms p95=  0.019ms max=  0.033ms calls(last=  1,win= 122,total=342) (win 0.1% | avg 0.1% budget)
  enemy.type.torpedo               win=  0.014ms avg=  0.186ms p95=  0.413ms max=  0.647ms calls(last= 16,win=1591,total=2522) (win 0.1% | avg 1.1% budget)
  enemy.type.drone                 win=  0.007ms avg=  0.091ms p95=  0.321ms max=  0.592ms calls(last= 14,win=1572,total=2863) (win 0.0% | avg 0.5% budget)
  system.projectile_update         win=  0.004ms avg=  0.004ms p95=  0.004ms max=  0.006ms calls(last=  1,win= 122,total=342) (win 0.0% | avg 0.0% budget)
  system.maze_update               win=  0.001ms avg=  0.001ms p95=  0.001ms max=  0.002ms calls(last=  1,win= 122,total=342) (win 0.0% | avg 0.0% budget)
[ENEMY_STATS] frame=480 alive=30 visible=0 full=0 cheap=30 fullInBase=0 pairs(frontal=0 checks=0 separation=0 resolved=0)
[ENEMY_WINDOW] steps=122 alive[min=21 max=30] visible[min=0 max=0] full[min=0 max=0] collisionPasses[runs=0 skips=122]

[PROFILE] frame=600 budget=16.667ms alloc(+59/-59, +142184b/-142184b, live=72936b peak=214064b)
  frame.total                      win= 16.922ms avg= 16.922ms p95= 17.485ms max= 83.488ms calls(last=  1,win= 120,total=600) (win 101.5% | avg 101.5% budget)
  frame.render                     win= 14.208ms avg= 14.208ms p95= 14.867ms max= 83.451ms calls(last=  1,win= 120,total=600) (win 85.2% | avg 85.2% budget)
  frame.present                    win= 14.201ms avg= 14.201ms p95= 14.860ms max= 83.444ms calls(last=  1,win= 120,total=600) (win 85.2% | avg 85.2% budget)
  frame.render.world               win=  4.712ms avg=  9.424ms p95=  9.910ms max= 13.834ms calls(last=  2,win= 240,total=904) (win 28.3% | avg 56.5% budget)
  frame.render.overlay             win=  3.041ms avg=  3.041ms p95=  3.773ms max=  3.940ms calls(last=  1,win= 120,total=452) (win 18.2% | avg 18.2% budget)
  frame.fixed_step                 win=  2.610ms avg=  2.675ms p95=  3.155ms max=  5.437ms calls(last=  1,win= 123,total=617) (win 15.7% | avg 16.0% budget)
  game.update                      win=  1.978ms avg=  2.028ms p95=  2.465ms max=  4.829ms calls(last=  1,win= 123,total=465) (win 11.9% | avg 12.2% budget)
  system.ai_update                 win=  1.817ms avg=  1.862ms p95=  2.282ms max=  4.700ms calls(last=  1,win= 123,total=465) (win 10.9% | avg 11.2% budget)
  enemy.update                     win=  1.811ms avg=  1.857ms p95=  2.277ms max=  4.646ms calls(last=  1,win= 123,total=465) (win 10.9% | avg 11.1% budget)
  frame.render.world.maze          win=  1.164ms avg=  1.164ms p95=  1.300ms max=  1.466ms calls(last=  1,win= 120,total=452) (win 7.0% | avg 7.0% budget)
  frame.render.world.enemies       win=  1.117ms avg=  1.117ms p95=  1.204ms max=  1.528ms calls(last=  1,win= 120,total=452) (win 6.7% | avg 6.7% budget)
  frame.render.world.effects       win=  0.409ms avg=  0.409ms p95=  0.493ms max=  0.836ms calls(last=  1,win= 120,total=452) (win 2.5% | avg 2.5% budget)
  enemy.cheap.segment_build        win=  0.133ms avg=  0.182ms p95=  0.442ms max=  0.960ms calls(last=  1,win= 164,total=435) (win 0.8% | avg 1.1% budget)
  system.spawner_update            win=  0.081ms avg=  0.083ms p95=  0.445ms max=  0.785ms calls(last=  1,win= 123,total=465) (win 0.5% | avg 0.5% budget)
  frame.input_poll                 win=  0.028ms avg=  0.028ms p95=  0.029ms max=  0.061ms calls(last=  1,win= 120,total=600) (win 0.2% | avg 0.2% budget)
  system.player_update             win=  0.026ms avg=  0.027ms p95=  0.032ms max=  0.074ms calls(last=  1,win= 123,total=345) (win 0.2% | avg 0.2% budget)
  system.physics_collision         win=  0.017ms avg=  0.017ms p95=  0.020ms max=  0.033ms calls(last=  1,win= 123,total=465) (win 0.1% | avg 0.1% budget)
  enemy.type.torpedo               win=  0.012ms avg=  0.207ms p95=  0.440ms max=  0.647ms calls(last= 19,win=2139,total=4661) (win 0.1% | avg 1.2% budget)
  enemy.type.drone                 win=  0.006ms avg=  0.114ms p95=  0.343ms max=  0.698ms calls(last= 23,win=2306,total=5169) (win 0.0% | avg 0.7% budget)
  system.projectile_update         win=  0.003ms avg=  0.004ms p95=  0.004ms max=  0.006ms calls(last=  1,win= 123,total=465) (win 0.0% | avg 0.0% budget)
  system.maze_update               win=  0.001ms avg=  0.001ms p95=  0.001ms max=  0.002ms calls(last=  1,win= 123,total=465) (win 0.0% | avg 0.0% budget)
[ENEMY_STATS] frame=600 alive=43 visible=0 full=0 cheap=43 fullInBase=0 pairs(frontal=0 checks=0 separation=0 resolved=0)
[ENEMY_WINDOW] steps=123 alive[min=30 max=43] visible[min=0 max=0] full[min=0 max=0] collisionPasses[runs=0 skips=123]

[PROFILE] frame=720 budget=16.667ms alloc(+66/-66, +150688b/-150688b, live=72936b peak=222696b)
  frame.total                      win= 16.939ms avg= 16.939ms p95= 17.552ms max= 83.488ms calls(last=  1,win= 120,total=720) (win 101.6% | avg 101.6% budget)
  frame.render                     win= 13.772ms avg= 13.772ms p95= 14.689ms max= 83.451ms calls(last=  1,win= 120,total=720) (win 82.6% | avg 82.6% budget)
  frame.present                    win= 13.765ms avg= 13.765ms p95= 14.682ms max= 83.444ms calls(last=  1,win= 120,total=720) (win 82.6% | avg 82.6% budget)
  frame.render.world               win=  4.754ms avg=  9.508ms p95=  9.982ms max= 13.834ms calls(last=  2,win= 240,total=1144) (win 28.5% | avg 57.0% budget)
  frame.render.overlay             win=  3.059ms avg=  3.059ms p95=  3.712ms max=  3.997ms calls(last=  1,win= 120,total=572) (win 18.4% | avg 18.4% budget)
  frame.fixed_step                 win=  3.052ms avg=  3.129ms p95=  3.736ms max=  6.431ms calls(last=  1,win= 123,total=740) (win 18.3% | avg 18.8% budget)
  game.update                      win=  2.173ms avg=  2.227ms p95=  2.809ms max=  4.942ms calls(last=  1,win= 123,total=588) (win 13.0% | avg 13.4% budget)
  system.ai_update                 win=  2.023ms avg=  2.073ms p95=  2.569ms max=  4.700ms calls(last=  1,win= 123,total=588) (win 12.1% | avg 12.4% budget)
  enemy.update                     win=  2.017ms avg=  2.068ms p95=  2.563ms max=  4.646ms calls(last=  1,win= 123,total=588) (win 12.1% | avg 12.4% budget)
  frame.render.world.maze          win=  1.141ms avg=  1.141ms p95=  1.197ms max=  1.506ms calls(last=  1,win= 120,total=572) (win 6.8% | avg 6.8% budget)
  frame.render.world.enemies       win=  1.125ms avg=  1.125ms p95=  1.193ms max=  1.528ms calls(last=  1,win= 120,total=572) (win 6.7% | avg 6.7% budget)
  frame.render.world.effects       win=  0.390ms avg=  0.390ms p95=  0.481ms max=  0.836ms calls(last=  1,win= 120,total=572) (win 2.3% | avg 2.3% budget)
  enemy.cheap.segment_build        win=  0.138ms avg=  0.204ms p95=  0.601ms max=  1.004ms calls(last=  1,win= 177,total=612) (win 0.8% | avg 1.2% budget)
  enemy.ai.movement                win=  0.086ms avg=  0.034ms p95=  0.087ms max=  0.168ms calls(last=  1,win=  47,total=47) (win 0.5% | avg 0.2% budget)
  system.spawner_update            win=  0.068ms avg=  0.070ms p95=  0.437ms max=  0.785ms calls(last=  1,win= 123,total=588) (win 0.4% | avg 0.4% budget)
  enemy.ai.decision                win=  0.031ms avg=  0.012ms p95=  0.032ms max=  0.057ms calls(last=  1,win=  47,total=47) (win 0.2% | avg 0.1% budget)
  frame.input_poll                 win=  0.027ms avg=  0.027ms p95=  0.029ms max=  0.061ms calls(last=  1,win= 120,total=720) (win 0.2% | avg 0.2% budget)
  system.player_update             win=  0.026ms avg=  0.026ms p95=  0.027ms max=  0.074ms calls(last=  1,win= 123,total=468) (win 0.2% | avg 0.2% budget)
  system.physics_collision         win=  0.019ms avg=  0.019ms p95=  0.023ms max=  0.037ms calls(last=  1,win= 123,total=588) (win 0.1% | avg 0.1% budget)
  enemy.type.torpedo               win=  0.010ms avg=  0.234ms p95=  0.512ms max=  0.888ms calls(last= 24,win=2713,total=7374) (win 0.1% | avg 1.4% budget)
  enemy.type.drone                 win=  0.008ms avg=  0.201ms p95=  0.455ms max=  0.698ms calls(last= 27,win=3168,total=8337) (win 0.0% | avg 1.2% budget)
  enemy.ai.perception              win=  0.006ms avg=  0.002ms p95=  0.007ms max=  0.009ms calls(last=  1,win=  47,total=47) (win 0.0% | avg 0.0% budget)
  enemy.ai.firing                  win=  0.004ms avg=  0.002ms p95=  0.005ms max=  0.007ms calls(last=  1,win=  47,total=47) (win 0.0% | avg 0.0% budget)
  system.projectile_update         win=  0.004ms avg=  0.004ms p95=  0.004ms max=  0.007ms calls(last=  1,win= 123,total=588) (win 0.0% | avg 0.0% budget)
[ENEMY_STATS] frame=720 alive=51 visible=0 full=1 cheap=50 fullInBase=0 pairs(frontal=0 checks=0 separation=0 resolved=0)
[ENEMY_WINDOW] steps=123 alive[min=43 max=51] visible[min=0 max=0] full[min=0 max=1] collisionPasses[runs=0 skips=123]

[PROFILE] frame=840 budget=16.667ms alloc(+81/-81, +245736b/-245736b, live=72936b peak=317248b)
  frame.total                      win= 17.182ms avg= 17.182ms p95= 17.998ms max= 83.488ms calls(last=  1,win= 120,total=840) (win 103.1% | avg 103.1% budget)
  frame.render                     win= 12.456ms avg= 12.456ms p95= 13.784ms max= 83.451ms calls(last=  1,win= 120,total=840) (win 74.7% | avg 74.7% budget)
  frame.present                    win= 12.449ms avg= 12.449ms p95= 13.776ms max= 83.444ms calls(last=  1,win= 120,total=840) (win 74.7% | avg 74.7% budget)
  frame.render.world               win=  4.656ms avg=  9.312ms p95=  9.682ms max= 13.834ms calls(last=  2,win= 240,total=1384) (win 27.9% | avg 55.9% budget)
  frame.fixed_step                 win=  4.536ms avg=  4.687ms p95=  5.934ms max= 10.956ms calls(last=  1,win= 124,total=864) (win 27.2% | avg 28.1% budget)
  game.update                      win=  3.452ms avg=  3.567ms p95=  4.766ms max=  8.589ms calls(last=  1,win= 124,total=712) (win 20.7% | avg 21.4% budget)
  system.ai_update                 win=  3.282ms avg=  3.392ms p95=  4.547ms max=  8.316ms calls(last=  1,win= 124,total=712) (win 19.7% | avg 20.4% budget)
  enemy.update                     win=  3.277ms avg=  3.386ms p95=  4.542ms max=  8.304ms calls(last=  1,win= 124,total=712) (win 19.7% | avg 20.3% budget)
  frame.render.overlay             win=  3.034ms avg=  3.034ms p95=  3.697ms max=  3.997ms calls(last=  1,win= 120,total=692) (win 18.2% | avg 18.2% budget)
  frame.render.world.enemies       win=  1.122ms avg=  1.122ms p95=  1.192ms max=  1.528ms calls(last=  1,win= 120,total=692) (win 6.7% | avg 6.7% budget)
  frame.render.world.maze          win=  1.026ms avg=  1.026ms p95=  1.134ms max=  1.506ms calls(last=  1,win= 120,total=692) (win 6.2% | avg 6.2% budget)
  enemy.physics.frontal_collisions win=  0.910ms avg=  0.523ms p95=  1.025ms max=  1.793ms calls(last=  1,win=  69,total=69) (win 5.5% | avg 3.1% budget)
  enemy.physics.frontal_grid_build win=  0.844ms avg=  0.485ms p95=  0.940ms max=  1.646ms calls(last=  1,win=  69,total=69) (win 5.1% | avg 2.9% budget)
  enemy.physics.separation         win=  0.579ms avg=  0.333ms p95=  0.621ms max=  1.363ms calls(last=  1,win=  69,total=69) (win 3.5% | avg 2.0% budget)
  enemy.physics.separation_grid_build win=  0.542ms avg=  0.312ms p95=  0.581ms max=  1.302ms calls(last=  1,win=  69,total=69) (win 3.3% | avg 1.9% budget)
  frame.render.world.effects       win=  0.389ms avg=  0.389ms p95=  0.465ms max=  0.836ms calls(last=  1,win= 120,total=692) (win 2.3% | avg 2.3% budget)
  enemy.cheap.segment_build        win=  0.133ms avg=  0.202ms p95=  0.545ms max=  1.004ms calls(last=  1,win= 182,total=794) (win 0.8% | avg 1.2% budget)
  enemy.ai.movement                win=  0.091ms avg=  0.146ms p95=  0.218ms max=  0.398ms calls(last=  2,win= 193,total=240) (win 0.5% | avg 0.9% budget)
  system.spawner_update            win=  0.077ms avg=  0.080ms p95=  0.432ms max=  0.785ms calls(last=  1,win= 124,total=712) (win 0.5% | avg 0.5% budget)
  enemy.physics.frontal_pair_traverse win=  0.059ms avg=  0.034ms p95=  0.076ms max=  0.138ms calls(last=  1,win=  69,total=69) (win 0.4% | avg 0.2% budget)
  enemy.physics.separation_pair_traverse win=  0.031ms avg=  0.018ms p95=  0.040ms max=  0.072ms calls(last=  1,win=  69,total=69) (win 0.2% | avg 0.1% budget)
  system.player_update             win=  0.029ms avg=  0.030ms p95=  0.052ms max=  0.074ms calls(last=  1,win= 124,total=592) (win 0.2% | avg 0.2% budget)
  frame.input_poll                 win=  0.027ms avg=  0.027ms p95=  0.028ms max=  0.061ms calls(last=  1,win= 120,total=840) (win 0.2% | avg 0.2% budget)
  enemy.ai.decision                win=  0.026ms avg=  0.042ms p95=  0.051ms max=  0.096ms calls(last=  2,win= 193,total=240) (win 0.2% | avg 0.3% budget)
[ENEMY_STATS] frame=840 alive=59 visible=0 full=2 cheap=57 fullInBase=0 pairs(frontal=0 checks=0 separation=0 resolved=0)
[ENEMY_WINDOW] steps=124 alive[min=51 max=59] visible[min=0 max=0] full[min=1 max=2] collisionPasses[runs=70 skips=54]

[PROFILE] frame=960 budget=16.667ms alloc(+81/-81, +165000b/-165000b, live=131304b peak=318216b)
  frame.total                      win= 17.037ms avg= 17.037ms p95= 17.566ms max= 83.488ms calls(last=  1,win= 120,total=960) (win 102.2% | avg 102.2% budget)
  frame.render                     win= 12.871ms avg= 12.871ms p95= 13.777ms max= 83.451ms calls(last=  1,win= 120,total=960) (win 77.2% | avg 77.2% budget)
  frame.present                    win= 12.864ms avg= 12.864ms p95= 13.769ms max= 83.444ms calls(last=  1,win= 120,total=960) (win 77.2% | avg 77.2% budget)
  frame.render.world               win=  4.619ms avg=  9.238ms p95=  9.595ms max= 13.834ms calls(last=  2,win= 240,total=1624) (win 27.7% | avg 55.4% budget)
  frame.fixed_step                 win=  4.027ms avg=  4.128ms p95=  5.744ms max= 10.956ms calls(last=  1,win= 123,total=987) (win 24.2% | avg 24.8% budget)
  frame.render.overlay             win=  3.018ms avg=  3.018ms p95=  3.658ms max=  3.997ms calls(last=  1,win= 120,total=812) (win 18.1% | avg 18.1% budget)
  game.update                      win=  2.713ms avg=  2.781ms p95=  4.414ms max=  8.589ms calls(last=  1,win= 123,total=835) (win 16.3% | avg 16.7% budget)
  system.ai_update                 win=  2.559ms avg=  2.623ms p95=  4.282ms max=  8.316ms calls(last=  1,win= 123,total=835) (win 15.4% | avg 15.7% budget)
  enemy.update                     win=  2.553ms avg=  2.617ms p95=  4.276ms max=  8.304ms calls(last=  1,win= 123,total=835) (win 15.3% | avg 15.7% budget)
  frame.render.world.enemies       win=  1.118ms avg=  1.118ms p95=  1.160ms max=  1.528ms calls(last=  1,win= 120,total=812) (win 6.7% | avg 6.7% budget)
  frame.render.world.maze          win=  0.961ms avg=  0.961ms p95=  1.039ms max=  1.506ms calls(last=  1,win= 120,total=812) (win 5.8% | avg 5.8% budget)
  enemy.physics.frontal_collisions win=  0.887ms avg=  0.126ms p95=  0.904ms max=  1.793ms calls(last=  0,win=  17,total=86) (win 5.3% | avg 0.8% budget)
  enemy.physics.frontal_grid_build win=  0.838ms avg=  0.119ms p95=  0.854ms max=  1.646ms calls(last=  0,win=  17,total=86) (win 5.0% | avg 0.7% budget)
  enemy.physics.separation         win=  0.565ms avg=  0.080ms p95=  0.558ms max=  1.363ms calls(last=  0,win=  17,total=86) (win 3.4% | avg 0.5% budget)
  enemy.physics.separation_grid_build win=  0.538ms avg=  0.076ms p95=  0.531ms max=  1.302ms calls(last=  0,win=  17,total=86) (win 3.2% | avg 0.5% budget)
  frame.render.world.effects       win=  0.388ms avg=  0.388ms p95=  0.497ms max=  0.836ms calls(last=  1,win= 120,total=812) (win 2.3% | avg 2.3% budget)
  enemy.cheap.segment_build        win=  0.141ms avg=  0.225ms p95=  0.551ms max=  1.004ms calls(last=  1,win= 191,total=985) (win 0.8% | avg 1.3% budget)
  enemy.ai.movement                win=  0.101ms avg=  0.118ms p95=  0.187ms max=  0.398ms calls(last=  1,win= 140,total=380) (win 0.6% | avg 0.7% budget)
  system.spawner_update            win=  0.067ms avg=  0.068ms p95=  0.394ms max=  0.785ms calls(last=  1,win= 123,total=835) (win 0.4% | avg 0.4% budget)
  enemy.physics.frontal_pair_traverse win=  0.041ms avg=  0.006ms p95=  0.042ms max=  0.138ms calls(last=  0,win=  17,total=86) (win 0.2% | avg 0.0% budget)
  enemy.ai.decision                win=  0.030ms avg=  0.034ms p95=  0.049ms max=  0.096ms calls(last=  1,win= 140,total=380) (win 0.2% | avg 0.2% budget)
  frame.input_poll                 win=  0.027ms avg=  0.027ms p95=  0.028ms max=  0.061ms calls(last=  1,win= 120,total=960) (win 0.2% | avg 0.2% budget)
  system.player_update             win=  0.026ms avg=  0.027ms p95=  0.032ms max=  0.074ms calls(last=  1,win= 123,total=715) (win 0.2% | avg 0.2% budget)
  system.physics_collision         win=  0.022ms avg=  0.023ms p95=  0.032ms max=  0.069ms calls(last=  1,win= 123,total=835) (win 0.1% | avg 0.1% budget)
[ENEMY_STATS] frame=960 alive=66 visible=0 full=1 cheap=65 fullInBase=0 pairs(frontal=0 checks=0 separation=0 resolved=0)
[ENEMY_WINDOW] steps=123 alive[min=59 max=66] visible[min=0 max=0] full[min=1 max=2] collisionPasses[runs=16 skips=107]

[PROFILE] frame=1080 budget=16.667ms alloc(+83/-83, +166904b/-166904b, live=131304b peak=318216b)
  frame.total                      win= 17.006ms avg= 17.006ms p95= 17.555ms max= 83.488ms calls(last=  1,win= 120,total=1080) (win 102.0% | avg 102.0% budget)
  frame.render                     win= 12.992ms avg= 12.992ms p95= 13.664ms max= 83.451ms calls(last=  1,win= 120,total=1080) (win 78.0% | avg 78.0% budget)
  frame.present                    win= 12.984ms avg= 12.984ms p95= 13.656ms max= 83.444ms calls(last=  1,win= 120,total=1080) (win 77.9% | avg 77.9% budget)
  frame.render.world               win=  4.802ms avg=  9.604ms p95= 10.033ms max= 13.834ms calls(last=  2,win= 240,total=1864) (win 28.8% | avg 57.6% budget)
  frame.fixed_step                 win=  3.878ms avg=  3.975ms p95=  4.374ms max= 10.956ms calls(last=  1,win= 123,total=1110) (win 23.3% | avg 23.8% budget)
  frame.render.overlay             win=  3.039ms avg=  3.039ms p95=  3.670ms max=  3.997ms calls(last=  1,win= 120,total=932) (win 18.2% | avg 18.2% budget)
  game.update                      win=  2.420ms avg=  2.480ms p95=  2.849ms max=  8.589ms calls(last=  1,win= 123,total=958) (win 14.5% | avg 14.9% budget)
  system.ai_update                 win=  2.284ms avg=  2.341ms p95=  2.687ms max=  8.316ms calls(last=  1,win= 123,total=958) (win 13.7% | avg 14.0% budget)
  enemy.update                     win=  2.278ms avg=  2.335ms p95=  2.681ms max=  8.304ms calls(last=  1,win= 123,total=958) (win 13.7% | avg 14.0% budget)
  frame.render.world.enemies       win=  1.135ms avg=  1.135ms p95=  1.391ms max=  1.528ms calls(last=  1,win= 120,total=932) (win 6.8% | avg 6.8% budget)
  frame.render.world.maze          win=  1.081ms avg=  1.081ms p95=  1.310ms max=  1.506ms calls(last=  1,win= 120,total=932) (win 6.5% | avg 6.5% budget)
  frame.render.world.effects       win=  0.390ms avg=  0.390ms p95=  0.510ms max=  0.836ms calls(last=  1,win= 120,total=932) (win 2.3% | avg 2.3% budget)
  enemy.cheap.segment_build        win=  0.145ms avg=  0.231ms p95=  0.529ms max=  1.004ms calls(last=  2,win= 191,total=1176) (win 0.9% | avg 1.4% budget)
  enemy.ai.movement                win=  0.110ms avg=  0.062ms p95=  0.111ms max=  0.398ms calls(last=  0,win=  68,total=448) (win 0.7% | avg 0.4% budget)
  system.spawner_update            win=  0.048ms avg=  0.049ms p95=  0.075ms max=  0.785ms calls(last=  1,win= 123,total=958) (win 0.3% | avg 0.3% budget)
  enemy.ai.decision                win=  0.036ms avg=  0.021ms p95=  0.035ms max=  0.165ms calls(last=  0,win=  68,total=448) (win 0.2% | avg 0.1% budget)
  frame.input_poll                 win=  0.028ms avg=  0.028ms p95=  0.029ms max=  0.074ms calls(last=  1,win= 120,total=1080) (win 0.2% | avg 0.2% budget)
  system.player_update             win=  0.026ms avg=  0.026ms p95=  0.028ms max=  0.074ms calls(last=  1,win= 123,total=838) (win 0.2% | avg 0.2% budget)
  system.physics_collision         win=  0.023ms avg=  0.023ms p95=  0.026ms max=  0.107ms calls(last=  1,win= 123,total=958) (win 0.1% | avg 0.1% budget)
  enemy.type.torpedo               win=  0.009ms avg=  0.288ms p95=  0.495ms max=  0.888ms calls(last= 33,win=4059,total=18586) (win 0.1% | avg 1.7% budget)
  enemy.type.drone                 win=  0.008ms avg=  0.278ms p95=  0.522ms max=  0.993ms calls(last= 35,win=4221,total=19996) (win 0.0% | avg 1.7% budget)
  enemy.ai.perception              win=  0.007ms avg=  0.004ms p95=  0.007ms max=  0.047ms calls(last=  0,win=  68,total=448) (win 0.0% | avg 0.0% budget)
  system.projectile_update         win=  0.004ms avg=  0.004ms p95=  0.005ms max=  0.034ms calls(last=  1,win= 123,total=958) (win 0.0% | avg 0.0% budget)
  enemy.ai.firing                  win=  0.004ms avg=  0.002ms p95=  0.004ms max=  0.017ms calls(last=  0,win=  68,total=448) (win 0.0% | avg 0.0% budget)
[ENEMY_STATS] frame=1080 alive=68 visible=0 full=0 cheap=68 fullInBase=0 pairs(frontal=0 checks=0 separation=0 resolved=0)
[ENEMY_WINDOW] steps=123 alive[min=66 max=68] visible[min=0 max=0] full[min=0 max=1] collisionPasses[runs=0 skips=123]

[PROFILE] frame=1200 budget=16.667ms alloc(+85/-85, +168360b/-168360b, live=131304b peak=318216b)
  frame.total                      win= 17.122ms avg= 17.122ms p95= 17.923ms max= 83.488ms calls(last=  1,win= 120,total=1200) (win 102.7% | avg 102.7% budget)
  frame.render                     win= 13.043ms avg= 13.043ms p95= 13.909ms max= 83.451ms calls(last=  1,win= 120,total=1200) (win 78.3% | avg 78.3% budget)
  frame.present                    win= 13.036ms avg= 13.036ms p95= 13.902ms max= 83.444ms calls(last=  1,win= 120,total=1200) (win 78.2% | avg 78.2% budget)
  frame.render.world               win=  5.002ms avg= 10.004ms p95= 10.520ms max= 16.426ms calls(last=  2,win= 240,total=2104) (win 30.0% | avg 60.0% budget)
  frame.fixed_step                 win=  3.909ms avg=  4.039ms p95=  4.495ms max= 10.956ms calls(last=  1,win= 124,total=1234) (win 23.5% | avg 24.2% budget)
  frame.render.overlay             win=  3.043ms avg=  3.043ms p95=  3.690ms max=  3.997ms calls(last=  1,win= 120,total=1052) (win 18.3% | avg 18.3% budget)
  game.update                      win=  2.398ms avg=  2.478ms p95=  2.959ms max=  8.589ms calls(last=  1,win= 124,total=1082) (win 14.4% | avg 14.9% budget)
  system.ai_update                 win=  2.262ms avg=  2.337ms p95=  2.822ms max=  8.316ms calls(last=  1,win= 124,total=1082) (win 13.6% | avg 14.0% budget)
  enemy.update                     win=  2.256ms avg=  2.331ms p95=  2.815ms max=  8.304ms calls(last=  1,win= 124,total=1082) (win 13.5% | avg 14.0% budget)
  frame.render.world.maze          win=  1.289ms avg=  1.289ms p95=  1.463ms max=  4.160ms calls(last=  1,win= 120,total=1052) (win 7.7% | avg 7.7% budget)
  frame.render.world.enemies       win=  1.132ms avg=  1.132ms p95=  1.190ms max=  1.528ms calls(last=  1,win= 120,total=1052) (win 6.8% | avg 6.8% budget)
  frame.render.world.effects       win=  0.401ms avg=  0.401ms p95=  0.509ms max=  0.836ms calls(last=  1,win= 120,total=1052) (win 2.4% | avg 2.4% budget)
  enemy.cheap.segment_build        win=  0.125ms avg=  0.297ms p95=  0.651ms max=  1.004ms calls(last=  3,win= 284,total=1460) (win 0.8% | avg 1.8% budget)
  system.spawner_update            win=  0.046ms avg=  0.048ms p95=  0.074ms max=  0.785ms calls(last=  1,win= 124,total=1082) (win 0.3% | avg 0.3% budget)
  frame.input_poll                 win=  0.028ms avg=  0.028ms p95=  0.029ms max=  0.074ms calls(last=  1,win= 120,total=1200) (win 0.2% | avg 0.2% budget)
  system.player_update             win=  0.027ms avg=  0.028ms p95=  0.040ms max=  0.129ms calls(last=  1,win= 124,total=962) (win 0.2% | avg 0.2% budget)
  system.physics_collision         win=  0.022ms avg=  0.023ms p95=  0.029ms max=  0.107ms calls(last=  1,win= 124,total=1082) (win 0.1% | avg 0.1% budget)
  enemy.type.torpedo               win=  0.010ms avg=  0.353ms p95=  0.578ms max=  0.888ms calls(last= 33,win=4092,total=22678) (win 0.1% | avg 2.1% budget)
  enemy.type.drone                 win=  0.005ms avg=  0.189ms p95=  0.412ms max=  0.993ms calls(last= 36,win=4372,total=24368) (win 0.0% | avg 1.1% budget)
  system.projectile_update         win=  0.004ms avg=  0.004ms p95=  0.005ms max=  0.034ms calls(last=  1,win= 124,total=1082) (win 0.0% | avg 0.0% budget)
  system.maze_update               win=  0.001ms avg=  0.001ms p95=  0.001ms max=  0.002ms calls(last=  1,win= 124,total=1082) (win 0.0% | avg 0.0% budget)
  enemy.physics.frontal_collisions win=  0.000ms avg=  0.000ms p95=  0.000ms max=  1.793ms calls(last=  0,win=   0,total=86) (win 0.0% | avg 0.0% budget)
  enemy.physics.separation         win=  0.000ms avg=  0.000ms p95=  0.000ms max=  1.363ms calls(last=  0,win=   0,total=86) (win 0.0% | avg 0.0% budget)
  enemy.physics.frontal_grid_build win=  0.000ms avg=  0.000ms p95=  0.000ms max=  1.646ms calls(last=  0,win=   0,total=86) (win 0.0% | avg 0.0% budget)
[ENEMY_STATS] frame=1200 alive=69 visible=0 full=0 cheap=69 fullInBase=0 pairs(frontal=0 checks=0 separation=0 resolved=0)
[ENEMY_WINDOW] steps=124 alive[min=68 max=69] visible[min=0 max=0] full[min=0 max=0] collisionPasses[runs=0 skips=124]

[PROFILE] frame=1320 budget=16.667ms alloc(+87/-87, +170264b/-170264b, live=131304b peak=318216b)
  frame.total                      win= 16.985ms avg= 16.985ms p95= 17.570ms max= 83.488ms calls(last=  1,win= 120,total=1320) (win 101.9% | avg 101.9% budget)
  frame.render                     win= 12.843ms avg= 12.843ms p95= 13.329ms max= 83.451ms calls(last=  1,win= 120,total=1320) (win 77.1% | avg 77.1% budget)
  frame.present                    win= 12.836ms avg= 12.836ms p95= 13.322ms max= 83.444ms calls(last=  1,win= 120,total=1320) (win 77.0% | avg 77.0% budget)
  frame.render.world               win=  4.864ms avg=  9.729ms p95= 10.199ms max= 16.426ms calls(last=  2,win= 240,total=2344) (win 29.2% | avg 58.4% budget)
  frame.fixed_step                 win=  4.003ms avg=  4.103ms p95=  4.402ms max= 10.956ms calls(last=  1,win= 123,total=1357) (win 24.0% | avg 24.6% budget)
  frame.render.overlay             win=  3.035ms avg=  3.035ms p95=  3.806ms max=  3.997ms calls(last=  1,win= 120,total=1172) (win 18.2% | avg 18.2% budget)
  game.update                      win=  2.449ms avg=  2.510ms p95=  2.857ms max=  8.589ms calls(last=  1,win= 123,total=1205) (win 14.7% | avg 15.1% budget)
  system.ai_update                 win=  2.313ms avg=  2.371ms p95=  2.726ms max=  8.316ms calls(last=  1,win= 123,total=1205) (win 13.9% | avg 14.2% budget)
  enemy.update                     win=  2.308ms avg=  2.365ms p95=  2.721ms max=  8.304ms calls(last=  1,win= 123,total=1205) (win 13.8% | avg 14.2% budget)
  frame.render.world.enemies       win=  1.136ms avg=  1.136ms p95=  1.259ms max=  1.528ms calls(last=  1,win= 120,total=1172) (win 6.8% | avg 6.8% budget)
  frame.render.world.maze          win=  1.132ms avg=  1.132ms p95=  1.263ms max=  4.160ms calls(last=  1,win= 120,total=1172) (win 6.8% | avg 6.8% budget)
  frame.render.world.effects       win=  0.394ms avg=  0.394ms p95=  0.500ms max=  0.836ms calls(last=  1,win= 120,total=1172) (win 2.4% | avg 2.4% budget)
  enemy.cheap.segment_build        win=  0.122ms avg=  0.329ms p95=  0.643ms max=  1.004ms calls(last=  2,win= 323,total=1783) (win 0.7% | avg 2.0% budget)
  system.spawner_update            win=  0.047ms avg=  0.048ms p95=  0.070ms max=  0.785ms calls(last=  1,win= 123,total=1205) (win 0.3% | avg 0.3% budget)
  frame.input_poll                 win=  0.028ms avg=  0.028ms p95=  0.028ms max=  0.115ms calls(last=  1,win= 120,total=1320) (win 0.2% | avg 0.2% budget)
  system.player_update             win=  0.026ms avg=  0.027ms p95=  0.029ms max=  0.129ms calls(last=  1,win= 123,total=1085) (win 0.2% | avg 0.2% budget)
  system.physics_collision         win=  0.022ms avg=  0.023ms p95=  0.027ms max=  0.107ms calls(last=  1,win= 123,total=1205) (win 0.1% | avg 0.1% budget)
  enemy.type.torpedo               win=  0.011ms avg=  0.378ms p95=  0.708ms max=  1.029ms calls(last= 33,win=4059,total=26737) (win 0.1% | avg 2.3% budget)
  enemy.type.drone                 win=  0.005ms avg=  0.200ms p95=  0.435ms max=  0.993ms calls(last= 38,win=4513,total=28881) (win 0.0% | avg 1.2% budget)
  system.projectile_update         win=  0.004ms avg=  0.004ms p95=  0.005ms max=  0.034ms calls(last=  1,win= 123,total=1205) (win 0.0% | avg 0.0% budget)
  system.maze_update               win=  0.001ms avg=  0.001ms p95=  0.001ms max=  0.002ms calls(last=  1,win= 123,total=1205) (win 0.0% | avg 0.0% budget)
  enemy.physics.frontal_collisions win=  0.000ms avg=  0.000ms p95=  0.000ms max=  1.793ms calls(last=  0,win=   0,total=86) (win 0.0% | avg 0.0% budget)
  enemy.physics.separation         win=  0.000ms avg=  0.000ms p95=  0.000ms max=  1.363ms calls(last=  0,win=   0,total=86) (win 0.0% | avg 0.0% budget)
  enemy.physics.frontal_grid_build win=  0.000ms avg=  0.000ms p95=  0.000ms max=  1.646ms calls(last=  0,win=   0,total=86) (win 0.0% | avg 0.0% budget)
[ENEMY_STATS] frame=1320 alive=71 visible=0 full=0 cheap=71 fullInBase=0 pairs(frontal=0 checks=0 separation=0 resolved=0)
[ENEMY_WINDOW] steps=123 alive[min=69 max=71] visible[min=0 max=0] full[min=0 max=0] collisionPasses[runs=0 skips=123]

[PROFILE] frame=1440 budget=16.667ms alloc(+88/-88, +171232b/-171232b, live=131304b peak=318216b)
  frame.total                      win= 16.978ms avg= 16.978ms p95= 17.520ms max= 83.488ms calls(last=  1,win= 120,total=1440) (win 101.9% | avg 101.9% budget)
  frame.render                     win= 12.771ms avg= 12.771ms p95= 13.465ms max= 83.451ms calls(last=  1,win= 120,total=1440) (win 76.6% | avg 76.6% budget)
  frame.present                    win= 12.763ms avg= 12.763ms p95= 13.457ms max= 83.444ms calls(last=  1,win= 120,total=1440) (win 76.6% | avg 76.6% budget)
  frame.render.world               win=  4.761ms avg=  9.522ms p95=  9.989ms max= 16.426ms calls(last=  2,win= 240,total=2584) (win 28.6% | avg 57.1% budget)
  frame.fixed_step                 win=  4.066ms avg=  4.168ms p95=  4.753ms max= 10.956ms calls(last=  1,win= 123,total=1480) (win 24.4% | avg 25.0% budget)
  frame.render.overlay             win=  3.029ms avg=  3.029ms p95=  3.683ms max=  3.997ms calls(last=  1,win= 120,total=1292) (win 18.2% | avg 18.2% budget)
  game.update                      win=  2.463ms avg=  2.525ms p95=  3.134ms max=  8.589ms calls(last=  1,win= 123,total=1328) (win 14.8% | avg 15.1% budget)
  system.ai_update                 win=  2.330ms avg=  2.388ms p95=  3.005ms max=  8.316ms calls(last=  1,win= 123,total=1328) (win 14.0% | avg 14.3% budget)
  enemy.update                     win=  2.325ms avg=  2.383ms p95=  2.995ms max=  8.304ms calls(last=  1,win= 123,total=1328) (win 13.9% | avg 14.3% budget)
  frame.render.world.enemies       win=  1.124ms avg=  1.124ms p95=  1.166ms max=  1.528ms calls(last=  1,win= 120,total=1292) (win 6.7% | avg 6.7% budget)
  frame.render.world.maze          win=  1.057ms avg=  1.057ms p95=  1.189ms max=  4.160ms calls(last=  1,win= 120,total=1292) (win 6.3% | avg 6.3% budget)
  frame.render.world.effects       win=  0.399ms avg=  0.399ms p95=  0.485ms max=  0.836ms calls(last=  1,win= 120,total=1292) (win 2.4% | avg 2.4% budget)
  enemy.cheap.segment_build        win=  0.122ms avg=  0.332ms p95=  0.659ms max=  1.181ms calls(last=  2,win= 325,total=2108) (win 0.7% | avg 2.0% budget)
  system.spawner_update            win=  0.044ms avg=  0.045ms p95=  0.044ms max=  0.785ms calls(last=  1,win= 123,total=1328) (win 0.3% | avg 0.3% budget)
  frame.input_poll                 win=  0.027ms avg=  0.027ms p95=  0.028ms max=  0.115ms calls(last=  1,win= 120,total=1440) (win 0.2% | avg 0.2% budget)
  system.player_update             win=  0.026ms avg=  0.026ms p95=  0.030ms max=  0.129ms calls(last=  1,win= 123,total=1208) (win 0.2% | avg 0.2% budget)
  system.physics_collision         win=  0.023ms avg=  0.024ms p95=  0.035ms max=  0.107ms calls(last=  1,win= 123,total=1328) (win 0.1% | avg 0.1% budget)
  enemy.type.torpedo               win=  0.011ms avg=  0.379ms p95=  0.756ms max=  1.029ms calls(last= 34,win=4112,total=30849) (win 0.1% | avg 2.3% budget)
  enemy.type.drone                 win=  0.005ms avg=  0.208ms p95=  0.475ms max=  0.993ms calls(last= 38,win=4674,total=33555) (win 0.0% | avg 1.2% budget)
  system.projectile_update         win=  0.004ms avg=  0.004ms p95=  0.004ms max=  0.034ms calls(last=  1,win= 123,total=1328) (win 0.0% | avg 0.0% budget)
  system.maze_update               win=  0.001ms avg=  0.001ms p95=  0.001ms max=  0.002ms calls(last=  1,win= 123,total=1328) (win 0.0% | avg 0.0% budget)
  enemy.physics.frontal_collisions win=  0.000ms avg=  0.000ms p95=  0.000ms max=  1.793ms calls(last=  0,win=   0,total=86) (win 0.0% | avg 0.0% budget)
  enemy.physics.separation         win=  0.000ms avg=  0.000ms p95=  0.000ms max=  1.363ms calls(last=  0,win=   0,total=86) (win 0.0% | avg 0.0% budget)
  enemy.physics.frontal_grid_build win=  0.000ms avg=  0.000ms p95=  0.000ms max=  1.646ms calls(last=  0,win=   0,total=86) (win 0.0% | avg 0.0% budget)
[ENEMY_STATS] frame=1440 alive=72 visible=0 full=0 cheap=72 fullInBase=0 pairs(frontal=0 checks=0 separation=0 resolved=0)
[ENEMY_WINDOW] steps=123 alive[min=71 max=72] visible[min=0 max=0] full[min=0 max=0] collisionPasses[runs=0 skips=123]

[PROFILE] frame=1560 budget=16.667ms alloc(+88/-88, +171232b/-171232b, live=131304b peak=318216b)
  frame.total                      win= 17.057ms avg= 17.057ms p95= 17.662ms max= 83.488ms calls(last=  1,win= 120,total=1560) (win 102.3% | avg 102.3% budget)
  frame.render                     win= 12.820ms avg= 12.820ms p95= 13.417ms max= 83.451ms calls(last=  1,win= 120,total=1560) (win 76.9% | avg 76.9% budget)
  frame.present                    win= 12.812ms avg= 12.812ms p95= 13.410ms max= 83.444ms calls(last=  1,win= 120,total=1560) (win 76.9% | avg 76.9% budget)
  frame.render.world               win=  4.777ms avg=  9.554ms p95= 10.107ms max= 16.426ms calls(last=  2,win= 240,total=2824) (win 28.7% | avg 57.3% budget)
  frame.fixed_step                 win=  4.062ms avg=  4.198ms p95=  4.550ms max= 10.956ms calls(last=  1,win= 124,total=1604) (win 24.4% | avg 25.2% budget)
  frame.render.overlay             win=  3.056ms avg=  3.056ms p95=  3.722ms max=  3.997ms calls(last=  1,win= 120,total=1412) (win 18.3% | avg 18.3% budget)
  game.update                      win=  2.428ms avg=  2.509ms p95=  2.918ms max=  8.589ms calls(last=  1,win= 124,total=1452) (win 14.6% | avg 15.1% budget)
  system.ai_update                 win=  2.298ms avg=  2.375ms p95=  2.772ms max=  8.316ms calls(last=  1,win= 124,total=1452) (win 13.8% | avg 14.2% budget)
  enemy.update                     win=  2.293ms avg=  2.369ms p95=  2.764ms max=  8.304ms calls(last=  1,win= 124,total=1452) (win 13.8% | avg 14.2% budget)
  frame.render.world.enemies       win=  1.134ms avg=  1.134ms p95=  1.269ms max=  1.528ms calls(last=  1,win= 120,total=1412) (win 6.8% | avg 6.8% budget)
  frame.render.world.maze          win=  1.031ms avg=  1.031ms p95=  1.171ms max=  4.160ms calls(last=  1,win= 120,total=1412) (win 6.2% | avg 6.2% budget)
  frame.render.world.effects       win=  0.389ms avg=  0.389ms p95=  0.477ms max=  0.836ms calls(last=  1,win= 120,total=1412) (win 2.3% | avg 2.3% budget)
  enemy.cheap.segment_build        win=  0.117ms avg=  0.301ms p95=  0.663ms max=  1.181ms calls(last=  3,win= 308,total=2416) (win 0.7% | avg 1.8% budget)
  system.spawner_update            win=  0.041ms avg=  0.042ms p95=  0.044ms max=  0.785ms calls(last=  1,win= 124,total=1452) (win 0.2% | avg 0.3% budget)
  frame.input_poll                 win=  0.028ms avg=  0.028ms p95=  0.029ms max=  0.115ms calls(last=  1,win= 120,total=1560) (win 0.2% | avg 0.2% budget)
  system.player_update             win=  0.026ms avg=  0.027ms p95=  0.034ms max=  0.129ms calls(last=  1,win= 124,total=1332) (win 0.2% | avg 0.2% budget)
  system.physics_collision         win=  0.022ms avg=  0.023ms p95=  0.030ms max=  0.107ms calls(last=  1,win= 124,total=1452) (win 0.1% | avg 0.1% budget)
  enemy.type.torpedo               win=  0.010ms avg=  0.360ms p95=  0.759ms max=  1.056ms calls(last= 34,win=4216,total=35065) (win 0.1% | avg 2.2% budget)
  enemy.type.drone                 win=  0.005ms avg=  0.196ms p95=  0.446ms max=  0.993ms calls(last= 38,win=4712,total=38267) (win 0.0% | avg 1.2% budget)
  system.projectile_update         win=  0.004ms avg=  0.004ms p95=  0.005ms max=  0.034ms calls(last=  1,win= 124,total=1452) (win 0.0% | avg 0.0% budget)
  system.maze_update               win=  0.001ms avg=  0.001ms p95=  0.001ms max=  0.002ms calls(last=  1,win= 124,total=1452) (win 0.0% | avg 0.0% budget)
  enemy.physics.frontal_collisions win=  0.000ms avg=  0.000ms p95=  0.000ms max=  1.793ms calls(last=  0,win=   0,total=86) (win 0.0% | avg 0.0% budget)
  enemy.physics.separation         win=  0.000ms avg=  0.000ms p95=  0.000ms max=  1.363ms calls(last=  0,win=   0,total=86) (win 0.0% | avg 0.0% budget)
  enemy.physics.frontal_grid_build win=  0.000ms avg=  0.000ms p95=  0.000ms max=  1.646ms calls(last=  0,win=   0,total=86) (win 0.0% | avg 0.0% budget)
[ENEMY_STATS] frame=1560 alive=72 visible=0 full=0 cheap=72 fullInBase=0 pairs(frontal=0 checks=0 separation=0 resolved=0)
[ENEMY_WINDOW] steps=124 alive[min=72 max=72] visible[min=0 max=0] full[min=0 max=0] collisionPasses[runs=0 skips=124]

[PROFILE] frame=1680 budget=16.667ms alloc(+91/-91, +171336b/-171336b, live=131304b peak=318216b)
  frame.total                      win= 17.029ms avg= 17.029ms p95= 17.690ms max= 83.488ms calls(last=  1,win= 120,total=1680) (win 102.2% | avg 102.2% budget)
  frame.render                     win= 12.726ms avg= 12.726ms p95= 13.333ms max= 83.451ms calls(last=  1,win= 120,total=1680) (win 76.4% | avg 76.4% budget)
  frame.present                    win= 12.719ms avg= 12.719ms p95= 13.326ms max= 83.444ms calls(last=  1,win= 120,total=1680) (win 76.3% | avg 76.3% budget)
  frame.render.world               win=  4.833ms avg=  9.666ms p95= 10.205ms max= 16.426ms calls(last=  2,win= 240,total=3064) (win 29.0% | avg 58.0% budget)
  frame.fixed_step                 win=  4.159ms avg=  4.263ms p95=  4.733ms max= 10.956ms calls(last=  1,win= 123,total=1727) (win 25.0% | avg 25.6% budget)
  frame.render.overlay             win=  3.047ms avg=  3.047ms p95=  3.717ms max=  3.997ms calls(last=  1,win= 120,total=1532) (win 18.3% | avg 18.3% budget)
  game.update                      win=  2.532ms avg=  2.595ms p95=  3.117ms max=  8.589ms calls(last=  1,win= 123,total=1575) (win 15.2% | avg 15.6% budget)
  system.ai_update                 win=  2.402ms avg=  2.462ms p95=  2.990ms max=  8.316ms calls(last=  1,win= 123,total=1575) (win 14.4% | avg 14.8% budget)
  enemy.update                     win=  2.396ms avg=  2.456ms p95=  2.984ms max=  8.304ms calls(last=  1,win= 123,total=1575) (win 14.4% | avg 14.7% budget)
  frame.render.world.enemies       win=  1.126ms avg=  1.126ms p95=  1.201ms max=  1.528ms calls(last=  1,win= 120,total=1532) (win 6.8% | avg 6.8% budget)
  frame.render.world.maze          win=  1.086ms avg=  1.086ms p95=  1.293ms max=  4.160ms calls(last=  1,win= 120,total=1532) (win 6.5% | avg 6.5% budget)
  enemy.torpedo.select_heading     win=  0.502ms avg=  0.004ms p95=  0.000ms max=  0.502ms calls(last=  0,win=   1,total=1) (win 3.0% | avg 0.0% budget)
  frame.render.world.effects       win=  0.398ms avg=  0.398ms p95=  0.522ms max=  0.836ms calls(last=  1,win= 120,total=1532) (win 2.4% | avg 2.4% budget)
  enemy.ai.decision                win=  0.138ms avg=  0.033ms p95=  0.127ms max=  0.516ms calls(last=  1,win=  29,total=477) (win 0.8% | avg 0.2% budget)
  enemy.cheap.segment_build        win=  0.121ms avg=  0.326ms p95=  0.691ms max=  1.181ms calls(last=  4,win= 324,total=2740) (win 0.7% | avg 2.0% budget)
  enemy.ai.movement                win=  0.119ms avg=  0.029ms p95=  0.115ms max=  0.398ms calls(last=  1,win=  29,total=477) (win 0.7% | avg 0.2% budget)
  system.spawner_update            win=  0.041ms avg=  0.042ms p95=  0.043ms max=  0.785ms calls(last=  1,win= 123,total=1575) (win 0.2% | avg 0.3% budget)
  frame.input_poll                 win=  0.028ms avg=  0.028ms p95=  0.028ms max=  0.115ms calls(last=  1,win= 120,total=1680) (win 0.2% | avg 0.2% budget)
  system.player_update             win=  0.026ms avg=  0.027ms p95=  0.028ms max=  0.129ms calls(last=  1,win= 123,total=1455) (win 0.2% | avg 0.2% budget)
  system.physics_collision         win=  0.023ms avg=  0.024ms p95=  0.025ms max=  0.107ms calls(last=  1,win= 123,total=1575) (win 0.1% | avg 0.1% budget)
  enemy.type.torpedo               win=  0.013ms avg=  0.445ms p95=  0.807ms max=  1.282ms calls(last= 34,win=4182,total=39247) (win 0.1% | avg 2.7% budget)
  enemy.ai.perception              win=  0.006ms avg=  0.001ms p95=  0.006ms max=  0.047ms calls(last=  1,win=  29,total=477) (win 0.0% | avg 0.0% budget)
  enemy.type.drone                 win=  0.005ms avg=  0.205ms p95=  0.425ms max=  0.993ms calls(last= 38,win=4674,total=42941) (win 0.0% | avg 1.2% budget)
  enemy.ai.firing                  win=  0.005ms avg=  0.001ms p95=  0.005ms max=  0.017ms calls(last=  1,win=  29,total=477) (win 0.0% | avg 0.0% budget)
[ENEMY_STATS] frame=1680 alive=72 visible=0 full=1 cheap=71 fullInBase=0 pairs(frontal=0 checks=0 separation=0 resolved=0)
[ENEMY_WINDOW] steps=123 alive[min=72 max=72] visible[min=0 max=0] full[min=0 max=1] collisionPasses[runs=0 skips=123]

[PROFILE] frame=1800 budget=16.667ms alloc(+91/-91, +171336b/-171336b, live=131304b peak=318216b)
  frame.total                      win= 17.023ms avg= 17.023ms p95= 17.628ms max= 83.488ms calls(last=  1,win= 120,total=1800) (win 102.1% | avg 102.1% budget)
  frame.render                     win= 12.611ms avg= 12.611ms p95= 13.291ms max= 83.451ms calls(last=  1,win= 120,total=1800) (win 75.7% | avg 75.7% budget)
  frame.present                    win= 12.604ms avg= 12.604ms p95= 13.284ms max= 83.444ms calls(last=  1,win= 120,total=1800) (win 75.6% | avg 75.6% budget)
  frame.render.world               win=  4.853ms avg=  9.706ms p95= 10.118ms max= 16.426ms calls(last=  2,win= 240,total=3304) (win 29.1% | avg 58.2% budget)
  frame.fixed_step                 win=  4.265ms avg=  4.372ms p95=  4.729ms max= 10.956ms calls(last=  1,win= 123,total=1850) (win 25.6% | avg 26.2% budget)
  frame.render.overlay             win=  3.047ms avg=  3.047ms p95=  3.703ms max=  3.997ms calls(last=  1,win= 120,total=1652) (win 18.3% | avg 18.3% budget)
  game.update                      win=  2.647ms avg=  2.714ms p95=  3.121ms max=  8.589ms calls(last=  1,win= 123,total=1698) (win 15.9% | avg 16.3% budget)
  system.ai_update                 win=  2.515ms avg=  2.577ms p95=  2.993ms max=  8.316ms calls(last=  1,win= 123,total=1698) (win 15.1% | avg 15.5% budget)
  enemy.update                     win=  2.509ms avg=  2.572ms p95=  2.988ms max=  8.304ms calls(last=  1,win= 123,total=1698) (win 15.1% | avg 15.4% budget)
  frame.render.world.enemies       win=  1.129ms avg=  1.129ms p95=  1.207ms max=  1.528ms calls(last=  1,win= 120,total=1652) (win 6.8% | avg 6.8% budget)
  frame.render.world.maze          win=  1.107ms avg=  1.107ms p95=  1.214ms max=  4.160ms calls(last=  1,win= 120,total=1652) (win 6.6% | avg 6.6% budget)
  frame.render.world.effects       win=  0.390ms avg=  0.390ms p95=  0.470ms max=  0.836ms calls(last=  1,win= 120,total=1652) (win 2.3% | avg 2.3% budget)
  enemy.ai.decision                win=  0.132ms avg=  0.050ms p95=  0.133ms max=  0.516ms calls(last=  1,win=  46,total=523) (win 0.8% | avg 0.3% budget)
  enemy.ai.movement                win=  0.119ms avg=  0.045ms p95=  0.117ms max=  0.398ms calls(last=  1,win=  46,total=523) (win 0.7% | avg 0.3% budget)
  enemy.cheap.segment_build        win=  0.113ms avg=  0.399ms p95=  0.755ms max=  1.181ms calls(last=  3,win= 423,total=3163) (win 0.7% | avg 2.4% budget)
  system.spawner_update            win=  0.042ms avg=  0.044ms p95=  0.046ms max=  0.785ms calls(last=  1,win= 123,total=1698) (win 0.3% | avg 0.3% budget)
  frame.input_poll                 win=  0.028ms avg=  0.028ms p95=  0.028ms max=  0.115ms calls(last=  1,win= 120,total=1800) (win 0.2% | avg 0.2% budget)
  system.player_update             win=  0.026ms avg=  0.026ms p95=  0.029ms max=  0.129ms calls(last=  1,win= 123,total=1578) (win 0.2% | avg 0.2% budget)
  system.physics_collision         win=  0.024ms avg=  0.024ms p95=  0.042ms max=  0.107ms calls(last=  1,win= 123,total=1698) (win 0.1% | avg 0.1% budget)
  enemy.type.torpedo               win=  0.016ms avg=  0.557ms p95=  1.049ms max=  1.282ms calls(last= 34,win=4182,total=43429) (win 0.1% | avg 3.3% budget)
  enemy.ai.perception              win=  0.006ms avg=  0.002ms p95=  0.006ms max=  0.047ms calls(last=  1,win=  46,total=523) (win 0.0% | avg 0.0% budget)
  enemy.type.drone                 win=  0.005ms avg=  0.207ms p95=  0.428ms max=  0.993ms calls(last= 38,win=4674,total=47615) (win 0.0% | avg 1.2% budget)
  enemy.ai.firing                  win=  0.005ms avg=  0.002ms p95=  0.005ms max=  0.017ms calls(last=  1,win=  46,total=523) (win 0.0% | avg 0.0% budget)
  system.projectile_update         win=  0.004ms avg=  0.004ms p95=  0.004ms max=  0.034ms calls(last=  1,win= 123,total=1698) (win 0.0% | avg 0.0% budget)
[ENEMY_STATS] frame=1800 alive=72 visible=0 full=1 cheap=71 fullInBase=0 pairs(frontal=0 checks=0 separation=0 resolved=0)
[ENEMY_WINDOW] steps=123 alive[min=72 max=72] visible[min=0 max=0] full[min=0 max=1] collisionPasses[runs=0 skips=123]

[PROFILE] frame=1920 budget=16.667ms alloc(+90/-90, +171296b/-171296b, live=131304b peak=318216b)
  frame.total                      win= 17.074ms avg= 17.074ms p95= 17.647ms max= 83.488ms calls(last=  1,win= 120,total=1920) (win 102.4% | avg 102.4% budget)
  frame.render                     win= 12.439ms avg= 12.439ms p95= 13.075ms max= 83.451ms calls(last=  1,win= 120,total=1920) (win 74.6% | avg 74.6% budget)
  frame.present                    win= 12.431ms avg= 12.431ms p95= 13.068ms max= 83.444ms calls(last=  1,win= 120,total=1920) (win 74.6% | avg 74.6% budget)
  frame.render.world               win=  4.790ms avg=  9.580ms p95= 10.055ms max= 16.426ms calls(last=  2,win= 240,total=3544) (win 28.7% | avg 57.5% budget)
  frame.fixed_step                 win=  4.448ms avg=  4.597ms p95=  4.928ms max= 10.956ms calls(last=  1,win= 124,total=1974) (win 26.7% | avg 27.6% budget)
  frame.render.overlay             win=  3.043ms avg=  3.043ms p95=  3.687ms max=  4.158ms calls(last=  1,win= 120,total=1772) (win 18.3% | avg 18.3% budget)
  game.update                      win=  2.832ms avg=  2.926ms p95=  3.291ms max=  8.589ms calls(last=  1,win= 124,total=1822) (win 17.0% | avg 17.6% budget)
  system.ai_update                 win=  2.701ms avg=  2.791ms p95=  3.158ms max=  8.316ms calls(last=  1,win= 124,total=1822) (win 16.2% | avg 16.7% budget)
  enemy.update                     win=  2.696ms avg=  2.785ms p95=  3.153ms max=  8.304ms calls(last=  1,win= 124,total=1822) (win 16.2% | avg 16.7% budget)
  frame.render.world.enemies       win=  1.138ms avg=  1.138ms p95=  1.221ms max=  1.528ms calls(last=  1,win= 120,total=1772) (win 6.8% | avg 6.8% budget)
  frame.render.world.maze          win=  1.041ms avg=  1.041ms p95=  1.169ms max=  4.160ms calls(last=  1,win= 120,total=1772) (win 6.2% | avg 6.2% budget)
  enemy.torpedo.select_heading     win=  0.648ms avg=  0.011ms p95=  0.000ms max=  0.669ms calls(last=  0,win=   2,total=3) (win 3.9% | avg 0.1% budget)
  frame.render.world.effects       win=  0.394ms avg=  0.394ms p95=  0.475ms max=  0.836ms calls(last=  1,win= 120,total=1772) (win 2.4% | avg 2.4% budget)
  enemy.ai.decision                win=  0.133ms avg=  0.137ms p95=  0.176ms max=  0.684ms calls(last=  1,win= 124,total=647) (win 0.8% | avg 0.8% budget)
  enemy.ai.movement                win=  0.116ms avg=  0.120ms p95=  0.142ms max=  0.398ms calls(last=  1,win= 124,total=647) (win 0.7% | avg 0.7% budget)
  enemy.cheap.segment_build        win=  0.110ms avg=  0.410ms p95=  0.730ms max=  1.181ms calls(last=  3,win= 447,total=3610) (win 0.7% | avg 2.5% budget)
  system.spawner_update            win=  0.042ms avg=  0.043ms p95=  0.044ms max=  0.785ms calls(last=  1,win= 124,total=1822) (win 0.2% | avg 0.3% budget)
  frame.input_poll                 win=  0.027ms avg=  0.027ms p95=  0.028ms max=  0.115ms calls(last=  1,win= 120,total=1920) (win 0.2% | avg 0.2% budget)
  system.player_update             win=  0.026ms avg=  0.027ms p95=  0.029ms max=  0.129ms calls(last=  1,win= 124,total=1702) (win 0.2% | avg 0.2% budget)
  system.physics_collision         win=  0.023ms avg=  0.024ms p95=  0.027ms max=  0.107ms calls(last=  1,win= 124,total=1822) (win 0.1% | avg 0.1% budget)
  enemy.type.torpedo               win=  0.021ms avg=  0.738ms p95=  1.111ms max=  1.510ms calls(last= 34,win=4216,total=47645) (win 0.1% | avg 4.4% budget)
  enemy.ai.perception              win=  0.006ms avg=  0.006ms p95=  0.007ms max=  0.047ms calls(last=  1,win= 124,total=647) (win 0.0% | avg 0.0% budget)
  enemy.type.drone                 win=  0.005ms avg=  0.213ms p95=  0.460ms max=  0.993ms calls(last= 38,win=4712,total=52327) (win 0.0% | avg 1.3% budget)
  enemy.ai.firing                  win=  0.005ms avg=  0.005ms p95=  0.006ms max=  0.017ms calls(last=  1,win= 124,total=647) (win 0.0% | avg 0.0% budget)
[ENEMY_STATS] frame=1920 alive=72 visible=1 full=1 cheap=71 fullInBase=0 pairs(frontal=0 checks=0 separation=0 resolved=0)
[ENEMY_WINDOW] steps=124 alive[min=72 max=72] visible[min=0 max=1] full[min=1 max=1] collisionPasses[runs=0 skips=124]

[PROFILE] frame=2040 budget=16.667ms alloc(+91/-91, +171336b/-171336b, live=131304b peak=318216b)
  frame.total                      win= 17.077ms avg= 17.077ms p95= 17.647ms max= 83.488ms calls(last=  1,win= 120,total=2040) (win 102.5% | avg 102.5% budget)
  frame.render                     win= 12.428ms avg= 12.428ms p95= 13.170ms max= 83.451ms calls(last=  1,win= 120,total=2040) (win 74.6% | avg 74.6% budget)
  frame.present                    win= 12.421ms avg= 12.421ms p95= 13.162ms max= 83.444ms calls(last=  1,win= 120,total=2040) (win 74.5% | avg 74.5% budget)
  frame.render.world               win=  4.878ms avg=  9.757ms p95= 10.235ms max= 16.426ms calls(last=  2,win= 240,total=3784) (win 29.3% | avg 58.5% budget)
  frame.fixed_step                 win=  4.462ms avg=  4.610ms p95=  5.096ms max= 10.956ms calls(last=  1,win= 124,total=2098) (win 26.8% | avg 27.7% budget)
  frame.render.overlay             win=  3.038ms avg=  3.038ms p95=  3.685ms max=  4.158ms calls(last=  1,win= 120,total=1892) (win 18.2% | avg 18.2% budget)
  game.update                      win=  2.847ms avg=  2.942ms p95=  3.482ms max=  8.589ms calls(last=  1,win= 124,total=1946) (win 17.1% | avg 17.7% budget)
  system.ai_update                 win=  2.716ms avg=  2.807ms p95=  3.351ms max=  8.316ms calls(last=  1,win= 124,total=1946) (win 16.3% | avg 16.8% budget)
  enemy.update                     win=  2.711ms avg=  2.801ms p95=  3.345ms max=  8.304ms calls(last=  1,win= 124,total=1946) (win 16.3% | avg 16.8% budget)
  frame.render.world.enemies       win=  1.162ms avg=  1.162ms p95=  1.201ms max=  1.528ms calls(last=  1,win= 120,total=1892) (win 7.0% | avg 7.0% budget)
  frame.render.world.maze          win=  1.113ms avg=  1.113ms p95=  1.207ms max=  4.160ms calls(last=  1,win= 120,total=1892) (win 6.7% | avg 6.7% budget)
  enemy.torpedo.select_heading     win=  0.877ms avg=  0.015ms p95=  0.000ms max=  0.889ms calls(last=  0,win=   2,total=5) (win 5.3% | avg 0.1% budget)
  frame.render.world.effects       win=  0.406ms avg=  0.406ms p95=  0.490ms max=  0.836ms calls(last=  1,win= 120,total=1892) (win 2.4% | avg 2.4% budget)
  enemy.ai.decision                win=  0.138ms avg=  0.142ms p95=  0.225ms max=  0.904ms calls(last=  1,win= 124,total=771) (win 0.8% | avg 0.9% budget)
  enemy.ai.movement                win=  0.116ms avg=  0.120ms p95=  0.157ms max=  0.398ms calls(last=  1,win= 124,total=771) (win 0.7% | avg 0.7% budget)
  enemy.cheap.segment_build        win=  0.113ms avg=  0.426ms p95=  0.811ms max=  1.609ms calls(last=  4,win= 452,total=4062) (win 0.7% | avg 2.6% budget)
  system.spawner_update            win=  0.042ms avg=  0.043ms p95=  0.044ms max=  0.785ms calls(last=  1,win= 124,total=1946) (win 0.3% | avg 0.3% budget)
  frame.input_poll                 win=  0.027ms avg=  0.027ms p95=  0.028ms max=  0.115ms calls(last=  1,win= 120,total=2040) (win 0.2% | avg 0.2% budget)
  system.player_update             win=  0.026ms avg=  0.027ms p95=  0.033ms max=  0.129ms calls(last=  1,win= 124,total=1826) (win 0.2% | avg 0.2% budget)
  system.physics_collision         win=  0.023ms avg=  0.024ms p95=  0.027ms max=  0.107ms calls(last=  1,win= 124,total=1946) (win 0.1% | avg 0.1% budget)
  enemy.type.torpedo               win=  0.022ms avg=  0.759ms p95=  1.230ms max=  1.639ms calls(last= 34,win=4216,total=51861) (win 0.1% | avg 4.6% budget)
  enemy.ai.perception              win=  0.006ms avg=  0.007ms p95=  0.007ms max=  0.047ms calls(last=  1,win= 124,total=771) (win 0.0% | avg 0.0% budget)
  enemy.type.drone                 win=  0.006ms avg=  0.218ms p95=  0.438ms max=  1.095ms calls(last= 38,win=4712,total=57039) (win 0.0% | avg 1.3% budget)
  enemy.ai.firing                  win=  0.005ms avg=  0.005ms p95=  0.006ms max=  0.017ms calls(last=  1,win= 124,total=771) (win 0.0% | avg 0.0% budget)
[ENEMY_STATS] frame=2040 alive=72 visible=0 full=1 cheap=71 fullInBase=0 pairs(frontal=0 checks=0 separation=0 resolved=0)
[ENEMY_WINDOW] steps=124 alive[min=72 max=72] visible[min=0 max=1] full[min=1 max=1] collisionPasses[runs=0 skips=124]

[PROFILE] frame=2160 budget=16.667ms alloc(+88/-88, +171232b/-171232b, live=131304b peak=388424b)
  frame.total                      win= 17.713ms avg= 17.713ms p95= 21.291ms max= 83.488ms calls(last=  1,win= 120,total=2160) (win 106.3% | avg 106.3% budget)
  frame.render                     win= 12.357ms avg= 12.357ms p95= 13.116ms max= 83.451ms calls(last=  1,win= 120,total=2160) (win 74.1% | avg 74.1% budget)
  frame.present                    win= 12.350ms avg= 12.350ms p95= 13.109ms max= 83.444ms calls(last=  1,win= 120,total=2160) (win 74.1% | avg 74.1% budget)
  frame.fixed_step                 win=  4.985ms avg=  5.317ms p95=  8.657ms max= 12.791ms calls(last=  1,win= 128,total=2226) (win 29.9% | avg 31.9% budget)
  frame.render.world               win=  4.866ms avg=  9.732ms p95= 10.291ms max= 16.426ms calls(last=  2,win= 240,total=4024) (win 29.2% | avg 58.4% budget)
  game.update                      win=  3.361ms avg=  3.585ms p95=  5.505ms max=  9.556ms calls(last=  1,win= 128,total=2074) (win 20.2% | avg 21.5% budget)
  system.ai_update                 win=  3.228ms avg=  3.443ms p95=  5.263ms max=  9.297ms calls(last=  1,win= 128,total=2074) (win 19.4% | avg 20.7% budget)
  enemy.update                     win=  3.222ms avg=  3.437ms p95=  5.252ms max=  9.287ms calls(last=  1,win= 128,total=2074) (win 19.3% | avg 20.6% budget)
  frame.render.overlay             win=  3.064ms avg=  3.064ms p95=  3.785ms max=  4.158ms calls(last=  1,win= 120,total=2012) (win 18.4% | avg 18.4% budget)
  frame.render.world.enemies       win=  1.131ms avg=  1.131ms p95=  1.214ms max=  1.528ms calls(last=  1,win= 120,total=2012) (win 6.8% | avg 6.8% budget)
  frame.render.world.maze          win=  1.122ms avg=  1.122ms p95=  1.304ms max=  4.160ms calls(last=  1,win= 120,total=2012) (win 6.7% | avg 6.7% budget)
  enemy.physics.frontal_collisions win=  0.883ms avg=  0.287ms p95=  1.075ms max=  2.023ms calls(last=  0,win=  39,total=125) (win 5.3% | avg 1.7% budget)
  enemy.physics.frontal_grid_build win=  0.845ms avg=  0.275ms p95=  1.035ms max=  1.934ms calls(last=  0,win=  39,total=125) (win 5.1% | avg 1.6% budget)
  enemy.physics.separation         win=  0.566ms avg=  0.184ms p95=  0.669ms max=  1.363ms calls(last=  0,win=  39,total=125) (win 3.4% | avg 1.1% budget)
  enemy.physics.separation_grid_build win=  0.534ms avg=  0.174ms p95=  0.561ms max=  1.302ms calls(last=  0,win=  39,total=125) (win 3.2% | avg 1.0% budget)
  frame.render.world.effects       win=  0.391ms avg=  0.391ms p95=  0.477ms max=  0.836ms calls(last=  1,win= 120,total=2012) (win 2.3% | avg 2.3% budget)
  enemy.ai.movement                win=  0.114ms avg=  0.159ms p95=  0.362ms max=  0.540ms calls(last=  1,win= 167,total=938) (win 0.7% | avg 1.0% budget)
  enemy.cheap.segment_build        win=  0.108ms avg=  0.411ms p95=  0.751ms max=  1.609ms calls(last=  6,win= 456,total=4518) (win 0.6% | avg 2.5% budget)
  enemy.ai.decision                win=  0.059ms avg=  0.082ms p95=  0.198ms max=  0.904ms calls(last=  1,win= 167,total=938) (win 0.4% | avg 0.5% budget)
  system.spawner_update            win=  0.042ms avg=  0.045ms p95=  0.079ms max=  0.785ms calls(last=  1,win= 128,total=2074) (win 0.3% | avg 0.3% budget)
  enemy.physics.frontal_pair_traverse win=  0.031ms avg=  0.010ms p95=  0.036ms max=  0.138ms calls(last=  0,win=  39,total=125) (win 0.2% | avg 0.1% budget)
  frame.input_poll                 win=  0.027ms avg=  0.027ms p95=  0.028ms max=  0.115ms calls(last=  1,win= 120,total=2160) (win 0.2% | avg 0.2% budget)
  system.player_update             win=  0.026ms avg=  0.028ms p95=  0.049ms max=  0.129ms calls(last=  1,win= 128,total=1954) (win 0.2% | avg 0.2% budget)
  system.physics_collision         win=  0.025ms avg=  0.027ms p95=  0.051ms max=  0.107ms calls(last=  1,win= 128,total=2074) (win 0.2% | avg 0.2% budget)
[ENEMY_STATS] frame=2160 alive=72 visible=0 full=1 cheap=71 fullInBase=0 pairs(frontal=0 checks=0 separation=0 resolved=0)
[ENEMY_WINDOW] steps=128 alive[min=72 max=72] visible[min=0 max=0] full[min=1 max=2] collisionPasses[runs=39 skips=89]

[PROFILE] frame=2280 budget=16.667ms alloc(+88/-88, +171232b/-171232b, live=131304b peak=388424b)
  frame.total                      win= 17.020ms avg= 17.020ms p95= 17.548ms max= 83.488ms calls(last=  1,win= 120,total=2280) (win 102.1% | avg 102.1% budget)
  frame.render                     win= 12.546ms avg= 12.546ms p95= 13.176ms max= 83.451ms calls(last=  1,win= 120,total=2280) (win 75.3% | avg 75.3% budget)
  frame.present                    win= 12.539ms avg= 12.539ms p95= 13.170ms max= 83.444ms calls(last=  1,win= 120,total=2280) (win 75.2% | avg 75.2% budget)
  frame.render.world               win=  4.720ms avg=  9.441ms p95=  9.857ms max= 16.426ms calls(last=  2,win= 240,total=4264) (win 28.3% | avg 56.6% budget)
  frame.fixed_step                 win=  4.327ms avg=  4.436ms p95=  4.739ms max= 12.791ms calls(last=  1,win= 123,total=2349) (win 26.0% | avg 26.6% budget)
  frame.render.overlay             win=  3.032ms avg=  3.032ms p95=  3.720ms max=  4.158ms calls(last=  1,win= 120,total=2132) (win 18.2% | avg 18.2% budget)
  game.update                      win=  2.704ms avg=  2.771ms p95=  3.091ms max=  9.556ms calls(last=  1,win= 123,total=2197) (win 16.2% | avg 16.6% budget)
  system.ai_update                 win=  2.569ms avg=  2.633ms p95=  2.956ms max=  9.297ms calls(last=  1,win= 123,total=2197) (win 15.4% | avg 15.8% budget)
  enemy.update                     win=  2.562ms avg=  2.626ms p95=  2.951ms max=  9.287ms calls(last=  1,win= 123,total=2197) (win 15.4% | avg 15.8% budget)
  frame.render.world.enemies       win=  1.172ms avg=  1.172ms p95=  1.232ms max=  1.538ms calls(last=  1,win= 120,total=2132) (win 7.0% | avg 7.0% budget)
  frame.render.world.maze          win=  0.963ms avg=  0.963ms p95=  1.038ms max=  4.160ms calls(last=  1,win= 120,total=2132) (win 5.8% | avg 5.8% budget)
  frame.render.world.effects       win=  0.412ms avg=  0.412ms p95=  0.509ms max=  0.836ms calls(last=  1,win= 120,total=2132) (win 2.5% | avg 2.5% budget)
  enemy.ai.movement                win=  0.114ms avg=  0.117ms p95=  0.125ms max=  0.540ms calls(last=  1,win= 123,total=1061) (win 0.7% | avg 0.7% budget)
  enemy.cheap.segment_build        win=  0.109ms avg=  0.396ms p95=  0.709ms max=  1.609ms calls(last=  3,win= 438,total=4956) (win 0.7% | avg 2.4% budget)
  system.spawner_update            win=  0.042ms avg=  0.043ms p95=  0.047ms max=  0.785ms calls(last=  1,win= 123,total=2197) (win 0.3% | avg 0.3% budget)
  frame.input_poll                 win=  0.027ms avg=  0.027ms p95=  0.028ms max=  0.115ms calls(last=  1,win= 120,total=2280) (win 0.2% | avg 0.2% budget)
  system.player_update             win=  0.027ms avg=  0.028ms p95=  0.042ms max=  0.132ms calls(last=  1,win= 123,total=2077) (win 0.2% | avg 0.2% budget)
  enemy.ai.decision                win=  0.025ms avg=  0.026ms p95=  0.027ms max=  0.904ms calls(last=  1,win= 123,total=1061) (win 0.2% | avg 0.2% budget)
  system.physics_collision         win=  0.023ms avg=  0.024ms p95=  0.029ms max=  0.107ms calls(last=  1,win= 123,total=2197) (win 0.1% | avg 0.1% budget)
  enemy.type.torpedo               win=  0.013ms avg=  0.457ms p95=  0.802ms max=  1.639ms calls(last= 34,win=4182,total=60395) (win 0.1% | avg 2.7% budget)
  enemy.type.drone                 win=  0.009ms avg=  0.361ms p95=  0.591ms max=  1.095ms calls(last= 38,win=4674,total=66577) (win 0.1% | avg 2.2% budget)
  enemy.ai.perception              win=  0.006ms avg=  0.006ms p95=  0.007ms max=  0.047ms calls(last=  1,win= 123,total=1061) (win 0.0% | avg 0.0% budget)
  enemy.ai.firing                  win=  0.004ms avg=  0.004ms p95=  0.005ms max=  0.109ms calls(last=  1,win= 123,total=1061) (win 0.0% | avg 0.0% budget)
  system.projectile_update         win=  0.004ms avg=  0.004ms p95=  0.005ms max=  0.048ms calls(last=  1,win= 123,total=2197) (win 0.0% | avg 0.0% budget)
[ENEMY_STATS] frame=2280 alive=72 visible=1 full=1 cheap=71 fullInBase=0 pairs(frontal=0 checks=0 separation=0 resolved=0)
[ENEMY_WINDOW] steps=123 alive[min=72 max=72] visible[min=0 max=1] full[min=1 max=1] collisionPasses[runs=0 skips=123]

[PROFILE] frame=2400 budget=16.667ms alloc(+107/-107, +259384b/-259384b, live=131304b peak=388560b)
  frame.total                      win= 20.029ms avg= 20.029ms p95= 25.914ms max= 83.488ms calls(last=  1,win= 120,total=2400) (win 120.2% | avg 120.2% budget)
  frame.render                     win= 11.686ms avg= 11.686ms p95= 12.676ms max= 83.451ms calls(last=  1,win= 120,total=2400) (win 70.1% | avg 70.1% budget)
  frame.present                    win= 11.678ms avg= 11.678ms p95= 12.668ms max= 83.444ms calls(last=  1,win= 120,total=2400) (win 70.1% | avg 70.1% budget)
  frame.fixed_step                 win=  6.871ms avg=  8.302ms p95= 14.239ms max= 14.884ms calls(last=  1,win= 145,total=2494) (win 41.2% | avg 49.8% budget)
  game.update                      win=  5.244ms avg=  6.336ms p95= 11.080ms max= 11.624ms calls(last=  1,win= 145,total=2342) (win 31.5% | avg 38.0% budget)
  system.ai_update                 win=  5.097ms avg=  6.159ms p95= 10.803ms max= 11.351ms calls(last=  1,win= 145,total=2342) (win 30.6% | avg 37.0% budget)
  enemy.update                     win=  5.092ms avg=  6.153ms p95= 10.792ms max= 11.340ms calls(last=  1,win= 145,total=2342) (win 30.6% | avg 36.9% budget)
  frame.render.world               win=  4.738ms avg=  9.476ms p95=  9.915ms max= 16.426ms calls(last=  2,win= 240,total=4504) (win 28.4% | avg 56.9% budget)
  frame.render.overlay             win=  3.112ms avg=  3.112ms p95=  3.828ms max=  4.158ms calls(last=  1,win= 120,total=2252) (win 18.7% | avg 18.7% budget)
  frame.render.world.enemies       win=  1.168ms avg=  1.168ms p95=  1.219ms max=  1.538ms calls(last=  1,win= 120,total=2252) (win 7.0% | avg 7.0% budget)
  frame.render.world.maze          win=  0.957ms avg=  0.957ms p95=  1.026ms max=  4.160ms calls(last=  1,win= 120,total=2252) (win 5.7% | avg 5.7% budget)
  enemy.physics.frontal_collisions win=  0.934ms avg=  1.097ms p95=  1.891ms max=  2.023ms calls(last=  1,win= 141,total=266) (win 5.6% | avg 6.6% budget)
  enemy.torpedo.select_heading     win=  0.933ms avg=  0.023ms p95=  0.000ms max=  1.018ms calls(last=  0,win=   3,total=8) (win 5.6% | avg 0.1% budget)
  enemy.physics.frontal_grid_build win=  0.851ms avg=  1.000ms p95=  1.711ms max=  1.934ms calls(last=  1,win= 141,total=266) (win 5.1% | avg 6.0% budget)
  enemy.physics.separation         win=  0.597ms avg=  0.702ms p95=  1.196ms max=  1.363ms calls(last=  1,win= 141,total=266) (win 3.6% | avg 4.2% budget)
  enemy.physics.separation_grid_build win=  0.542ms avg=  0.637ms p95=  1.073ms max=  1.302ms calls(last=  1,win= 141,total=266) (win 3.3% | avg 3.8% budget)
  frame.render.world.effects       win=  0.404ms avg=  0.404ms p95=  0.493ms max=  0.836ms calls(last=  1,win= 120,total=2252) (win 2.4% | avg 2.4% budget)
  enemy.ai.movement                win=  0.109ms avg=  0.548ms p95=  1.063ms max=  1.260ms calls(last=  5,win= 604,total=1665) (win 0.7% | avg 3.3% budget)
  enemy.cheap.segment_build        win=  0.103ms avg=  0.548ms p95=  1.136ms max=  1.609ms calls(last=  4,win= 639,total=5595) (win 0.6% | avg 3.3% budget)
  enemy.physics.frontal_pair_traverse win=  0.075ms avg=  0.088ms p95=  0.163ms max=  0.201ms calls(last=  1,win= 141,total=266) (win 0.5% | avg 0.5% budget)
  enemy.ai.decision                win=  0.064ms avg=  0.322ms p95=  0.643ms max=  1.238ms calls(last=  5,win= 604,total=1665) (win 0.4% | avg 1.9% budget)
  enemy.physics.separation_pair_traverse win=  0.050ms avg=  0.058ms p95=  0.111ms max=  0.165ms calls(last=  1,win= 141,total=266) (win 0.3% | avg 0.3% budget)
  system.spawner_update            win=  0.044ms avg=  0.053ms p95=  0.087ms max=  0.785ms calls(last=  1,win= 145,total=2342) (win 0.3% | avg 0.3% budget)
  system.physics_collision         win=  0.034ms avg=  0.041ms p95=  0.073ms max=  0.113ms calls(last=  1,win= 145,total=2342) (win 0.2% | avg 0.2% budget)
[ENEMY_STATS] frame=2400 alive=72 visible=2 full=5 cheap=67 fullInBase=0 pairs(frontal=2 checks=2 separation=2 resolved=0)
[ENEMY_WINDOW] steps=145 alive[min=72 max=72] visible[min=1 max=2] full[min=1 max=5] collisionPasses[runs=142 skips=3]

[PROFILE] frame=2520 budget=16.667ms alloc(+109/-109, +259432b/-259432b, live=131304b peak=388584b)
  frame.total                      win= 20.521ms avg= 20.521ms p95= 26.007ms max= 83.488ms calls(last=  1,win= 120,total=2520) (win 123.1% | avg 123.1% budget)
  frame.render                     win= 11.679ms avg= 11.679ms p95= 12.506ms max= 83.451ms calls(last=  1,win= 120,total=2520) (win 70.1% | avg 70.1% budget)
  frame.present                    win= 11.672ms avg= 11.672ms p95= 12.498ms max= 83.444ms calls(last=  1,win= 120,total=2520) (win 70.0% | avg 70.0% budget)
  frame.fixed_step                 win=  7.137ms avg=  8.802ms p95= 14.272ms max= 14.884ms calls(last=  1,win= 148,total=2642) (win 42.8% | avg 52.8% budget)
  game.update                      win=  5.519ms avg=  6.807ms p95= 11.040ms max= 11.624ms calls(last=  1,win= 148,total=2490) (win 33.1% | avg 40.8% budget)
  system.ai_update                 win=  5.373ms avg=  6.627ms p95= 10.752ms max= 11.351ms calls(last=  1,win= 148,total=2490) (win 32.2% | avg 39.8% budget)
  enemy.update                     win=  5.368ms avg=  6.621ms p95= 10.744ms max= 11.340ms calls(last=  1,win= 148,total=2490) (win 32.2% | avg 39.7% budget)
  frame.render.world               win=  4.803ms avg=  9.607ms p95=  9.929ms max= 16.426ms calls(last=  2,win= 240,total=4744) (win 28.8% | avg 57.6% budget)
  frame.render.overlay             win=  3.098ms avg=  3.098ms p95=  3.788ms max=  4.158ms calls(last=  1,win= 120,total=2372) (win 18.6% | avg 18.6% budget)
  frame.render.world.enemies       win=  1.199ms avg=  1.199ms p95=  1.248ms max=  1.538ms calls(last=  1,win= 120,total=2372) (win 7.2% | avg 7.2% budget)
  frame.render.world.maze          win=  0.963ms avg=  0.963ms p95=  1.130ms max=  4.160ms calls(last=  1,win= 120,total=2372) (win 5.8% | avg 5.8% budget)
  enemy.physics.frontal_collisions win=  0.936ms avg=  1.155ms p95=  1.872ms max=  2.023ms calls(last=  1,win= 148,total=414) (win 5.6% | avg 6.9% budget)
  enemy.torpedo.select_heading     win=  0.878ms avg=  0.022ms p95=  0.000ms max=  1.169ms calls(last=  0,win=   3,total=11) (win 5.3% | avg 0.1% budget)
  enemy.physics.frontal_grid_build win=  0.853ms avg=  1.052ms p95=  1.707ms max=  1.934ms calls(last=  1,win= 148,total=414) (win 5.1% | avg 6.3% budget)
  enemy.physics.separation         win=  0.603ms avg=  0.743ms p95=  1.227ms max=  1.468ms calls(last=  1,win= 148,total=414) (win 3.6% | avg 4.5% budget)
  enemy.physics.separation_grid_build win=  0.545ms avg=  0.672ms p95=  1.106ms max=  1.302ms calls(last=  1,win= 148,total=414) (win 3.3% | avg 4.0% budget)
  frame.render.world.effects       win=  0.411ms avg=  0.411ms p95=  0.497ms max=  0.836ms calls(last=  1,win= 120,total=2372) (win 2.5% | avg 2.5% budget)
  enemy.ai.movement                win=  0.107ms avg=  0.730ms p95=  1.266ms max=  1.336ms calls(last=  6,win= 815,total=2480) (win 0.6% | avg 4.4% budget)
  enemy.cheap.segment_build        win=  0.102ms avg=  0.567ms p95=  1.098ms max=  1.609ms calls(last=  5,win= 669,total=6264) (win 0.6% | avg 3.4% budget)
  enemy.physics.frontal_pair_traverse win=  0.075ms avg=  0.092ms p95=  0.161ms max=  0.201ms calls(last=  1,win= 148,total=414) (win 0.4% | avg 0.6% budget)
  enemy.ai.decision                win=  0.059ms avg=  0.399ms p95=  0.634ms max=  1.335ms calls(last=  6,win= 815,total=2480) (win 0.4% | avg 2.4% budget)
  enemy.physics.separation_pair_traverse win=  0.053ms avg=  0.065ms p95=  0.111ms max=  0.250ms calls(last=  1,win= 148,total=414) (win 0.3% | avg 0.4% budget)
  system.spawner_update            win=  0.044ms avg=  0.054ms p95=  0.086ms max=  0.785ms calls(last=  1,win= 148,total=2490) (win 0.3% | avg 0.3% budget)
  system.physics_collision         win=  0.033ms avg=  0.041ms p95=  0.068ms max=  0.113ms calls(last=  1,win= 148,total=2490) (win 0.2% | avg 0.2% budget)
[ENEMY_STATS] frame=2520 alive=72 visible=2 full=6 cheap=66 fullInBase=0 pairs(frontal=1 checks=1 separation=1 resolved=0)
[ENEMY_WINDOW] steps=148 alive[min=72 max=72] visible[min=2 max=3] full[min=5 max=6] collisionPasses[runs=148 skips=0]

[PROFILE] frame=2640 budget=16.667ms alloc(+107/-107, +259384b/-259384b, live=131304b peak=388608b)
  frame.total                      win= 20.830ms avg= 20.830ms p95= 26.426ms max= 83.488ms calls(last=  1,win= 120,total=2640) (win 125.0% | avg 125.0% budget)
  frame.render                     win= 11.694ms avg= 11.694ms p95= 12.464ms max= 83.451ms calls(last=  1,win= 120,total=2640) (win 70.2% | avg 70.2% budget)
  frame.present                    win= 11.686ms avg= 11.686ms p95= 12.456ms max= 83.444ms calls(last=  1,win= 120,total=2640) (win 70.1% | avg 70.1% budget)
  frame.fixed_step                 win=  7.227ms avg=  9.094ms p95= 14.712ms max= 15.380ms calls(last=  1,win= 151,total=2793) (win 43.4% | avg 54.6% budget)
  game.update                      win=  5.602ms avg=  7.049ms p95= 11.476ms max= 12.083ms calls(last=  1,win= 151,total=2641) (win 33.6% | avg 42.3% budget)
  system.ai_update                 win=  5.456ms avg=  6.865ms p95= 11.207ms max= 11.786ms calls(last=  1,win= 151,total=2641) (win 32.7% | avg 41.2% budget)
  enemy.update                     win=  5.450ms avg=  6.858ms p95= 11.197ms max= 11.774ms calls(last=  1,win= 151,total=2641) (win 32.7% | avg 41.1% budget)
  frame.render.world               win=  4.840ms avg=  9.681ms p95= 10.055ms max= 16.426ms calls(last=  2,win= 240,total=4984) (win 29.0% | avg 58.1% budget)
  frame.render.overlay             win=  3.088ms avg=  3.088ms p95=  3.735ms max=  4.158ms calls(last=  1,win= 120,total=2492) (win 18.5% | avg 18.5% budget)
  frame.render.world.enemies       win=  1.193ms avg=  1.193ms p95=  1.243ms max=  1.538ms calls(last=  1,win= 120,total=2492) (win 7.2% | avg 7.2% budget)
  frame.render.world.maze          win=  1.046ms avg=  1.046ms p95=  1.152ms max=  4.160ms calls(last=  1,win= 120,total=2492) (win 6.3% | avg 6.3% budget)
  enemy.physics.frontal_collisions win=  0.935ms avg=  1.177ms p95=  1.896ms max=  2.080ms calls(last=  1,win= 151,total=565) (win 5.6% | avg 7.1% budget)
  enemy.torpedo.select_heading     win=  0.869ms avg=  0.036ms p95=  0.000ms max=  1.169ms calls(last=  0,win=   5,total=16) (win 5.2% | avg 0.2% budget)
  enemy.physics.frontal_grid_build win=  0.865ms avg=  1.088ms p95=  1.742ms max=  1.977ms calls(last=  1,win= 151,total=565) (win 5.2% | avg 6.5% budget)
  enemy.physics.separation         win=  0.593ms avg=  0.746ms p95=  1.210ms max=  1.468ms calls(last=  1,win= 151,total=565) (win 3.6% | avg 4.5% budget)
  enemy.physics.separation_grid_build win=  0.542ms avg=  0.682ms p95=  1.098ms max=  1.302ms calls(last=  1,win= 151,total=565) (win 3.2% | avg 4.1% budget)
  frame.render.world.effects       win=  0.418ms avg=  0.418ms p95=  0.505ms max=  0.836ms calls(last=  1,win= 120,total=2492) (win 2.5% | avg 2.5% budget)
  enemy.cheap.segment_build        win=  0.100ms avg=  0.565ms p95=  1.144ms max=  1.609ms calls(last=  4,win= 677,total=6941) (win 0.6% | avg 3.4% budget)
  enemy.ai.movement                win=  0.091ms avg=  0.764ms p95=  1.352ms max=  1.519ms calls(last=  6,win=1003,total=3483) (win 0.5% | avg 4.6% budget)
  enemy.physics.frontal_pair_traverse win=  0.062ms avg=  0.078ms p95=  0.178ms max=  0.213ms calls(last=  1,win= 151,total=565) (win 0.4% | avg 0.5% budget)
  enemy.ai.decision                win=  0.059ms avg=  0.496ms p95=  0.883ms max=  1.436ms calls(last=  6,win=1003,total=3483) (win 0.4% | avg 3.0% budget)
  enemy.physics.separation_pair_traverse win=  0.046ms avg=  0.057ms p95=  0.124ms max=  0.250ms calls(last=  1,win= 151,total=565) (win 0.3% | avg 0.3% budget)
  system.spawner_update            win=  0.043ms avg=  0.055ms p95=  0.087ms max=  0.785ms calls(last=  1,win= 151,total=2641) (win 0.3% | avg 0.3% budget)
  system.physics_collision         win=  0.034ms avg=  0.042ms p95=  0.068ms max=  0.113ms calls(last=  1,win= 151,total=2641) (win 0.2% | avg 0.3% budget)
[ENEMY_STATS] frame=2640 alive=72 visible=1 full=6 cheap=66 fullInBase=0 pairs(frontal=0 checks=0 separation=0 resolved=0)
[ENEMY_WINDOW] steps=151 alive[min=72 max=72] visible[min=1 max=3] full[min=6 max=8] collisionPasses[runs=151 skips=0]

[PROFILE] frame=2760 budget=16.667ms alloc(+101/-101, +259176b/-259176b, live=131304b peak=388616b)
  frame.total                      win= 20.450ms avg= 20.450ms p95= 26.296ms max= 83.488ms calls(last=  1,win= 120,total=2760) (win 122.7% | avg 122.7% budget)
  frame.render                     win= 11.601ms avg= 11.601ms p95= 12.342ms max= 83.451ms calls(last=  1,win= 120,total=2760) (win 69.6% | avg 69.6% budget)
  frame.present                    win= 11.594ms avg= 11.594ms p95= 12.314ms max= 83.444ms calls(last=  1,win= 120,total=2760) (win 69.6% | avg 69.6% budget)
  frame.fixed_step                 win=  7.142ms avg=  8.808ms p95= 14.413ms max= 15.380ms calls(last=  1,win= 148,total=2941) (win 42.9% | avg 52.9% budget)
  game.update                      win=  5.526ms avg=  6.816ms p95= 11.153ms max= 12.083ms calls(last=  1,win= 148,total=2789) (win 33.2% | avg 40.9% budget)
  system.ai_update                 win=  5.382ms avg=  6.638ms p95= 10.880ms max= 11.786ms calls(last=  1,win= 148,total=2789) (win 32.3% | avg 39.8% budget)
  enemy.update                     win=  5.377ms avg=  6.631ms p95= 10.870ms max= 11.774ms calls(last=  1,win= 148,total=2789) (win 32.3% | avg 39.8% budget)
  frame.render.world               win=  4.770ms avg=  9.541ms p95=  9.814ms max= 16.426ms calls(last=  2,win= 240,total=5224) (win 28.6% | avg 57.2% budget)
  frame.render.overlay             win=  3.071ms avg=  3.071ms p95=  3.739ms max=  4.158ms calls(last=  1,win= 120,total=2612) (win 18.4% | avg 18.4% budget)
  frame.render.world.enemies       win=  1.178ms avg=  1.178ms p95=  1.225ms max=  1.538ms calls(last=  1,win= 120,total=2612) (win 7.1% | avg 7.1% budget)
  frame.render.world.maze          win=  0.995ms avg=  0.995ms p95=  1.098ms max=  4.160ms calls(last=  1,win= 120,total=2612) (win 6.0% | avg 6.0% budget)
  enemy.physics.frontal_collisions win=  0.934ms avg=  1.152ms p95=  1.908ms max=  2.080ms calls(last=  1,win= 148,total=713) (win 5.6% | avg 6.9% budget)
  enemy.physics.frontal_grid_build win=  0.856ms avg=  1.056ms p95=  1.729ms max=  1.977ms calls(last=  1,win= 148,total=713) (win 5.1% | avg 6.3% budget)
  enemy.torpedo.select_heading     win=  0.830ms avg=  0.014ms p95=  0.000ms max=  1.169ms calls(last=  0,win=   2,total=18) (win 5.0% | avg 0.1% budget)
  enemy.physics.separation         win=  0.599ms avg=  0.739ms p95=  1.209ms max=  1.468ms calls(last=  1,win= 148,total=713) (win 3.6% | avg 4.4% budget)
  enemy.physics.separation_grid_build win=  0.544ms avg=  0.671ms p95=  1.098ms max=  1.302ms calls(last=  1,win= 148,total=713) (win 3.3% | avg 4.0% budget)
  frame.render.world.effects       win=  0.416ms avg=  0.416ms p95=  0.511ms max=  0.836ms calls(last=  1,win= 120,total=2612) (win 2.5% | avg 2.5% budget)
  enemy.cheap.segment_build        win=  0.106ms avg=  0.606ms p95=  1.135ms max=  1.609ms calls(last=  4,win= 685,total=7626) (win 0.6% | avg 3.6% budget)
  enemy.ai.movement                win=  0.098ms avg=  0.763ms p95=  1.359ms max=  1.519ms calls(last=  6,win= 936,total=4419) (win 0.6% | avg 4.6% budget)
  enemy.physics.frontal_pair_traverse win=  0.070ms avg=  0.086ms p95=  0.159ms max=  0.213ms calls(last=  1,win= 148,total=713) (win 0.4% | avg 0.5% budget)
  enemy.physics.separation_pair_traverse win=  0.049ms avg=  0.060ms p95=  0.109ms max=  0.250ms calls(last=  1,win= 148,total=713) (win 0.3% | avg 0.4% budget)
  enemy.ai.decision                win=  0.045ms avg=  0.355ms p95=  0.645ms max=  1.440ms calls(last=  6,win= 936,total=4419) (win 0.3% | avg 2.1% budget)
  system.spawner_update            win=  0.043ms avg=  0.053ms p95=  0.086ms max=  0.785ms calls(last=  1,win= 148,total=2789) (win 0.3% | avg 0.3% budget)
  system.physics_collision         win=  0.033ms avg=  0.041ms p95=  0.072ms max=  0.113ms calls(last=  1,win= 148,total=2789) (win 0.2% | avg 0.2% budget)
[ENEMY_STATS] frame=2760 alive=72 visible=2 full=6 cheap=66 fullInBase=0 pairs(frontal=0 checks=0 separation=0 resolved=0)
[ENEMY_WINDOW] steps=148 alive[min=72 max=72] visible[min=0 max=2] full[min=5 max=7] collisionPasses[runs=148 skips=0]

[PROFILE] frame=2880 budget=16.667ms alloc(+98/-98, +259088b/-259088b, live=131304b peak=388616b)
  frame.total                      win= 19.664ms avg= 19.664ms p95= 25.499ms max= 83.488ms calls(last=  1,win= 120,total=2880) (win 118.0% | avg 118.0% budget)
  frame.render                     win= 11.547ms avg= 11.547ms p95= 12.339ms max= 83.451ms calls(last=  1,win= 120,total=2880) (win 69.3% | avg 69.3% budget)
  frame.present                    win= 11.540ms avg= 11.540ms p95= 12.331ms max= 83.444ms calls(last=  1,win= 120,total=2880) (win 69.2% | avg 69.2% budget)
  frame.fixed_step                 win=  6.826ms avg=  8.077ms p95= 13.746ms max= 15.380ms calls(last=  1,win= 142,total=3083) (win 41.0% | avg 48.5% budget)
  game.update                      win=  5.207ms avg=  6.161ms p95= 10.532ms max= 12.083ms calls(last=  1,win= 142,total=2931) (win 31.2% | avg 37.0% budget)
  system.ai_update                 win=  5.063ms avg=  5.991ms p95= 10.241ms max= 11.786ms calls(last=  1,win= 142,total=2931) (win 30.4% | avg 35.9% budget)
  enemy.update                     win=  5.057ms avg=  5.985ms p95= 10.229ms max= 11.774ms calls(last=  1,win= 142,total=2931) (win 30.3% | avg 35.9% budget)
  frame.render.world               win=  4.687ms avg=  9.375ms p95=  9.786ms max= 16.426ms calls(last=  2,win= 240,total=5464) (win 28.1% | avg 56.2% budget)
  frame.render.overlay             win=  3.082ms avg=  3.082ms p95=  3.751ms max=  4.158ms calls(last=  1,win= 120,total=2732) (win 18.5% | avg 18.5% budget)
  frame.render.world.enemies       win=  1.195ms avg=  1.195ms p95=  1.246ms max=  1.538ms calls(last=  1,win= 120,total=2732) (win 7.2% | avg 7.2% budget)
  enemy.physics.frontal_collisions win=  0.930ms avg=  1.101ms p95=  1.908ms max=  2.080ms calls(last=  1,win= 142,total=855) (win 5.6% | avg 6.6% budget)
  frame.render.world.maze          win=  0.878ms avg=  0.878ms p95=  1.016ms max=  4.160ms calls(last=  1,win= 120,total=2732) (win 5.3% | avg 5.3% budget)
  enemy.physics.frontal_grid_build win=  0.854ms avg=  1.010ms p95=  1.740ms max=  1.977ms calls(last=  1,win= 142,total=855) (win 5.1% | avg 6.1% budget)
  enemy.physics.separation         win=  0.587ms avg=  0.695ms p95=  1.171ms max=  1.468ms calls(last=  1,win= 142,total=855) (win 3.5% | avg 4.2% budget)
  enemy.physics.separation_grid_build win=  0.541ms avg=  0.640ms p95=  1.071ms max=  1.302ms calls(last=  1,win= 142,total=855) (win 3.2% | avg 3.8% budget)
  frame.render.world.effects       win=  0.420ms avg=  0.420ms p95=  0.504ms max=  0.836ms calls(last=  1,win= 120,total=2732) (win 2.5% | avg 2.5% budget)
  enemy.ai.movement                win=  0.105ms avg=  0.639ms p95=  1.090ms max=  1.519ms calls(last=  4,win= 727,total=5146) (win 0.6% | avg 3.8% budget)
  enemy.cheap.segment_build        win=  0.102ms avg=  0.544ms p95=  1.163ms max=  1.741ms calls(last=  4,win= 643,total=8269) (win 0.6% | avg 3.3% budget)
  enemy.physics.frontal_pair_traverse win=  0.068ms avg=  0.081ms p95=  0.158ms max=  0.213ms calls(last=  1,win= 142,total=855) (win 0.4% | avg 0.5% budget)
  system.spawner_update            win=  0.043ms avg=  0.051ms p95=  0.086ms max=  0.785ms calls(last=  1,win= 142,total=2931) (win 0.3% | avg 0.3% budget)
  enemy.physics.separation_pair_traverse win=  0.041ms avg=  0.048ms p95=  0.091ms max=  0.250ms calls(last=  1,win= 142,total=855) (win 0.2% | avg 0.3% budget)
  system.physics_collision         win=  0.033ms avg=  0.039ms p95=  0.067ms max=  0.113ms calls(last=  1,win= 142,total=2931) (win 0.2% | avg 0.2% budget)
  system.player_update             win=  0.027ms avg=  0.032ms p95=  0.054ms max=  0.132ms calls(last=  1,win= 142,total=2811) (win 0.2% | avg 0.2% budget)
  frame.input_poll                 win=  0.027ms avg=  0.027ms p95=  0.028ms max=  0.126ms calls(last=  1,win= 120,total=2880) (win 0.2% | avg 0.2% budget)
[ENEMY_STATS] frame=2880 alive=72 visible=2 full=4 cheap=68 fullInBase=0 pairs(frontal=1 checks=1 separation=1 resolved=0)
[ENEMY_WINDOW] steps=142 alive[min=72 max=72] visible[min=1 max=3] full[min=4 max=6] collisionPasses[runs=142 skips=0]

[PROFILE] frame=3000 budget=16.667ms alloc(+102/-102, +259248b/-259248b, live=131304b peak=388616b)
  frame.total                      win= 19.742ms avg= 19.742ms p95= 25.246ms max= 83.488ms calls(last=  1,win= 120,total=3000) (win 118.4% | avg 118.4% budget)
  frame.render                     win= 11.580ms avg= 11.580ms p95= 12.366ms max= 83.451ms calls(last=  1,win= 120,total=3000) (win 69.5% | avg 69.5% budget)
  frame.present                    win= 11.573ms avg= 11.573ms p95= 12.358ms max= 83.444ms calls(last=  1,win= 120,total=3000) (win 69.4% | avg 69.4% budget)
  frame.fixed_step                 win=  6.815ms avg=  8.121ms p95= 13.683ms max= 15.380ms calls(last=  1,win= 143,total=3226) (win 40.9% | avg 48.7% budget)
  game.update                      win=  5.179ms avg=  6.171ms p95= 10.455ms max= 12.083ms calls(last=  1,win= 143,total=3074) (win 31.1% | avg 37.0% budget)
  system.ai_update                 win=  5.034ms avg=  5.999ms p95= 10.183ms max= 11.786ms calls(last=  1,win= 143,total=3074) (win 30.2% | avg 36.0% budget)
  enemy.update                     win=  5.029ms avg=  5.993ms p95= 10.161ms max= 11.774ms calls(last=  1,win= 143,total=3074) (win 30.2% | avg 36.0% budget)
  frame.render.world               win=  4.651ms avg=  9.302ms p95=  9.702ms max= 16.426ms calls(last=  2,win= 240,total=5704) (win 27.9% | avg 55.8% budget)
  frame.render.overlay             win=  3.111ms avg=  3.111ms p95=  3.794ms max=  4.158ms calls(last=  1,win= 120,total=2852) (win 18.7% | avg 18.7% budget)
  frame.render.world.enemies       win=  1.200ms avg=  1.200ms p95=  1.259ms max=  1.538ms calls(last=  1,win= 120,total=2852) (win 7.2% | avg 7.2% budget)
  enemy.physics.frontal_collisions win=  0.915ms avg=  1.091ms p95=  1.871ms max=  2.080ms calls(last=  1,win= 143,total=998) (win 5.5% | avg 6.5% budget)
  enemy.physics.frontal_grid_build win=  0.857ms avg=  1.022ms p95=  1.732ms max=  1.977ms calls(last=  1,win= 143,total=998) (win 5.1% | avg 6.1% budget)
  frame.render.world.maze          win=  0.817ms avg=  0.817ms p95=  0.969ms max=  4.160ms calls(last=  1,win= 120,total=2852) (win 4.9% | avg 4.9% budget)
  enemy.physics.separation         win=  0.580ms avg=  0.691ms p95=  1.170ms max=  1.488ms calls(last=  1,win= 143,total=998) (win 3.5% | avg 4.1% budget)
  enemy.physics.separation_grid_build win=  0.544ms avg=  0.648ms p95=  1.092ms max=  1.401ms calls(last=  1,win= 143,total=998) (win 3.3% | avg 3.9% budget)
  frame.render.world.effects       win=  0.411ms avg=  0.411ms p95=  0.509ms max=  0.836ms calls(last=  1,win= 120,total=2852) (win 2.5% | avg 2.5% budget)
  enemy.torpedo.select_heading     win=  0.315ms avg=  0.003ms p95=  0.000ms max=  1.169ms calls(last=  0,win=   1,total=19) (win 1.9% | avg 0.0% budget)
  enemy.ai.movement                win=  0.109ms avg=  0.495ms p95=  0.845ms max=  1.519ms calls(last=  5,win= 547,total=5693) (win 0.7% | avg 3.0% budget)
  enemy.cheap.segment_build        win=  0.098ms avg=  0.691ms p95=  1.387ms max=  1.748ms calls(last=  5,win= 846,total=9115) (win 0.6% | avg 4.1% budget)
  enemy.physics.frontal_pair_traverse win=  0.050ms avg=  0.059ms p95=  0.096ms max=  0.213ms calls(last=  1,win= 143,total=998) (win 0.3% | avg 0.4% budget)
  system.spawner_update            win=  0.043ms avg=  0.052ms p95=  0.086ms max=  0.785ms calls(last=  1,win= 143,total=3074) (win 0.3% | avg 0.3% budget)
  system.physics_collision         win=  0.033ms avg=  0.039ms p95=  0.072ms max=  0.130ms calls(last=  1,win= 143,total=3074) (win 0.2% | avg 0.2% budget)
  enemy.physics.separation_pair_traverse win=  0.030ms avg=  0.036ms p95=  0.065ms max=  0.250ms calls(last=  1,win= 143,total=998) (win 0.2% | avg 0.2% budget)
  system.player_update             win=  0.029ms avg=  0.034ms p95=  0.060ms max=  0.132ms calls(last=  1,win= 143,total=2954) (win 0.2% | avg 0.2% budget)
[ENEMY_STATS] frame=3000 alive=72 visible=2 full=6 cheap=66 fullInBase=0 pairs(frontal=0 checks=0 separation=0 resolved=0)
[ENEMY_WINDOW] steps=143 alive[min=72 max=72] visible[min=2 max=2] full[min=3 max=6] collisionPasses[runs=143 skips=0]

[PROFILE] frame=3120 budget=16.667ms alloc(+112/-112, +259552b/-259552b, live=131304b peak=388736b)
  frame.total                      win= 21.316ms avg= 21.316ms p95= 27.223ms max= 83.488ms calls(last=  1,win= 120,total=3120) (win 127.9% | avg 127.9% budget)
  frame.render                     win= 11.692ms avg= 11.692ms p95= 12.513ms max= 83.451ms calls(last=  1,win= 120,total=3120) (win 70.2% | avg 70.2% budget)
  frame.present                    win= 11.684ms avg= 11.684ms p95= 12.507ms max= 83.444ms calls(last=  1,win= 120,total=3120) (win 70.1% | avg 70.1% budget)
  frame.fixed_step                 win=  7.468ms avg=  9.584ms p95= 15.449ms max= 15.924ms calls(last=  1,win= 154,total=3380) (win 44.8% | avg 57.5% budget)
  game.update                      win=  5.848ms avg=  7.505ms p95= 12.200ms max= 12.680ms calls(last=  1,win= 154,total=3228) (win 35.1% | avg 45.0% budget)
  system.ai_update                 win=  5.701ms avg=  7.316ms p95= 11.909ms max= 12.394ms calls(last=  1,win= 154,total=3228) (win 34.2% | avg 43.9% budget)
  enemy.update                     win=  5.695ms avg=  7.309ms p95= 11.898ms max= 12.385ms calls(last=  1,win= 154,total=3228) (win 34.2% | avg 43.9% budget)
  frame.render.world               win=  4.766ms avg=  9.532ms p95= 10.040ms max= 16.426ms calls(last=  2,win= 240,total=5944) (win 28.6% | avg 57.2% budget)
  frame.render.overlay             win=  3.104ms avg=  3.104ms p95=  3.753ms max=  4.158ms calls(last=  1,win= 120,total=2972) (win 18.6% | avg 18.6% budget)
  frame.render.world.enemies       win=  1.215ms avg=  1.215ms p95=  1.302ms max=  1.538ms calls(last=  1,win= 120,total=2972) (win 7.3% | avg 7.3% budget)
  enemy.physics.frontal_collisions win=  0.958ms avg=  1.229ms p95=  1.981ms max=  2.080ms calls(last=  1,win= 154,total=1152) (win 5.7% | avg 7.4% budget)
  frame.render.world.maze          win=  0.937ms avg=  0.937ms p95=  1.038ms max=  4.160ms calls(last=  1,win= 120,total=2972) (win 5.6% | avg 5.6% budget)
  enemy.physics.frontal_grid_build win=  0.866ms avg=  1.112ms p95=  1.751ms max=  1.977ms calls(last=  1,win= 154,total=1152) (win 5.2% | avg 6.7% budget)
  enemy.torpedo.select_heading     win=  0.842ms avg=  0.007ms p95=  0.000ms max=  1.169ms calls(last=  0,win=   1,total=20) (win 5.1% | avg 0.0% budget)
  enemy.physics.separation         win=  0.617ms avg=  0.791ms p95=  1.257ms max=  1.488ms calls(last=  1,win= 154,total=1152) (win 3.7% | avg 4.7% budget)
  enemy.physics.separation_grid_build win=  0.550ms avg=  0.706ms p95=  1.127ms max=  1.401ms calls(last=  1,win= 154,total=1152) (win 3.3% | avg 4.2% budget)
  frame.render.world.effects       win=  0.418ms avg=  0.418ms p95=  0.514ms max=  0.836ms calls(last=  1,win= 120,total=2972) (win 2.5% | avg 2.5% budget)
  enemy.ai.movement                win=  0.106ms avg=  1.072ms p95=  1.876ms max=  2.088ms calls(last= 10,win=1211,total=6904) (win 0.6% | avg 6.4% budget)
  enemy.cheap.segment_build        win=  0.096ms avg=  0.679ms p95=  1.284ms max=  1.748ms calls(last=  5,win= 848,total=9963) (win 0.6% | avg 4.1% budget)
  enemy.physics.frontal_pair_traverse win=  0.084ms avg=  0.108ms p95=  0.202ms max=  0.229ms calls(last=  1,win= 154,total=1152) (win 0.5% | avg 0.6% budget)
  enemy.physics.separation_pair_traverse win=  0.061ms avg=  0.078ms p95=  0.145ms max=  0.250ms calls(last=  1,win= 154,total=1152) (win 0.4% | avg 0.5% budget)
  system.spawner_update            win=  0.044ms avg=  0.057ms p95=  0.087ms max=  0.785ms calls(last=  1,win= 154,total=3228) (win 0.3% | avg 0.3% budget)
  enemy.ai.decision                win=  0.034ms avg=  0.346ms p95=  0.721ms max=  1.440ms calls(last= 10,win=1211,total=6904) (win 0.2% | avg 2.1% budget)
  system.physics_collision         win=  0.034ms avg=  0.044ms p95=  0.073ms max=  0.130ms calls(last=  1,win= 154,total=3228) (win 0.2% | avg 0.3% budget)
[ENEMY_STATS] frame=3120 alive=72 visible=1 full=10 cheap=62 fullInBase=0 pairs(frontal=2 checks=2 separation=2 resolved=0)
[ENEMY_WINDOW] steps=154 alive[min=72 max=72] visible[min=1 max=3] full[min=6 max=10] collisionPasses[runs=154 skips=0]

[PROFILE] frame=3240 budget=16.667ms alloc(+108/-108, +259440b/-259440b, live=131304b peak=388736b)
  frame.total                      win= 21.989ms avg= 21.989ms p95= 27.528ms max= 83.488ms calls(last=  1,win= 120,total=3240) (win 131.9% | avg 131.9% budget)
  frame.render                     win= 11.788ms avg= 11.788ms p95= 12.583ms max= 83.451ms calls(last=  1,win= 120,total=3240) (win 70.7% | avg 70.7% budget)
  frame.present                    win= 11.780ms avg= 11.780ms p95= 12.575ms max= 83.444ms calls(last=  1,win= 120,total=3240) (win 70.7% | avg 70.7% budget)
  frame.fixed_step                 win=  7.668ms avg= 10.160ms p95= 15.642ms max= 16.018ms calls(last=  1,win= 159,total=3539) (win 46.0% | avg 61.0% budget)
  game.update                      win=  6.053ms avg=  8.020ms p95= 12.416ms max= 12.748ms calls(last=  1,win= 159,total=3387) (win 36.3% | avg 48.1% budget)
  system.ai_update                 win=  5.907ms avg=  7.827ms p95= 12.122ms max= 12.470ms calls(last=  1,win= 159,total=3387) (win 35.4% | avg 47.0% budget)
  enemy.update                     win=  5.902ms avg=  7.820ms p95= 12.111ms max= 12.461ms calls(last=  1,win= 159,total=3387) (win 35.4% | avg 46.9% budget)
  frame.render.world               win=  4.883ms avg=  9.766ms p95= 10.178ms max= 16.426ms calls(last=  2,win= 240,total=6184) (win 29.3% | avg 58.6% budget)
  frame.render.overlay             win=  3.126ms avg=  3.126ms p95=  3.762ms max=  4.158ms calls(last=  1,win= 120,total=3092) (win 18.8% | avg 18.8% budget)
  frame.render.world.enemies       win=  1.214ms avg=  1.214ms p95=  1.374ms max=  1.562ms calls(last=  1,win= 120,total=3092) (win 7.3% | avg 7.3% budget)
  enemy.torpedo.select_heading     win=  1.090ms avg=  0.009ms p95=  0.000ms max=  1.169ms calls(last=  0,win=   1,total=21) (win 6.5% | avg 0.1% budget)
  frame.render.world.maze          win=  1.063ms avg=  1.063ms p95=  1.168ms max=  4.160ms calls(last=  1,win= 120,total=3092) (win 6.4% | avg 6.4% budget)
  enemy.physics.frontal_collisions win=  0.951ms avg=  1.260ms p95=  1.964ms max=  2.080ms calls(last=  1,win= 159,total=1311) (win 5.7% | avg 7.6% budget)
  enemy.physics.frontal_grid_build win=  0.871ms avg=  1.154ms p95=  1.751ms max=  1.977ms calls(last=  1,win= 159,total=1311) (win 5.2% | avg 6.9% budget)
  enemy.physics.separation         win=  0.607ms avg=  0.805ms p95=  1.241ms max=  1.488ms calls(last=  1,win= 159,total=1311) (win 3.6% | avg 4.8% budget)
  enemy.physics.separation_grid_build win=  0.546ms avg=  0.723ms p95=  1.106ms max=  1.401ms calls(last=  1,win= 159,total=1311) (win 3.3% | avg 4.3% budget)
  frame.render.world.effects       win=  0.413ms avg=  0.413ms p95=  0.506ms max=  0.836ms calls(last=  1,win= 120,total=3092) (win 2.5% | avg 2.5% budget)
  enemy.ai.movement                win=  0.103ms avg=  1.294ms p95=  2.091ms max=  2.140ms calls(last=  9,win=1508,total=8412) (win 0.6% | avg 7.8% budget)
  enemy.cheap.segment_build        win=  0.097ms avg=  0.706ms p95=  1.328ms max=  1.748ms calls(last=  6,win= 877,total=10840) (win 0.6% | avg 4.2% budget)
  enemy.physics.frontal_pair_traverse win=  0.072ms avg=  0.095ms p95=  0.202ms max=  0.240ms calls(last=  1,win= 159,total=1311) (win 0.4% | avg 0.6% budget)
  enemy.physics.separation_pair_traverse win=  0.056ms avg=  0.074ms p95=  0.146ms max=  0.250ms calls(last=  1,win= 159,total=1311) (win 0.3% | avg 0.4% budget)
  system.spawner_update            win=  0.043ms avg=  0.057ms p95=  0.087ms max=  0.785ms calls(last=  1,win= 159,total=3387) (win 0.3% | avg 0.3% budget)
  enemy.ai.decision                win=  0.035ms avg=  0.439ms p95=  0.720ms max=  1.440ms calls(last=  9,win=1508,total=8412) (win 0.2% | avg 2.6% budget)
  enemy.type.drone                 win=  0.034ms avg=  1.725ms p95=  2.660ms max=  2.916ms calls(last= 38,win=6042,total=111797) (win 0.2% | avg 10.4% budget)
[ENEMY_STATS] frame=3240 alive=72 visible=2 full=9 cheap=63 fullInBase=0 pairs(frontal=0 checks=0 separation=0 resolved=0)
[ENEMY_WINDOW] steps=159 alive[min=72 max=72] visible[min=1 max=3] full[min=9 max=10] collisionPasses[runs=159 skips=0]

[PROFILE] frame=3360 budget=16.667ms alloc(+220/-220, +518816b/-518816b, live=131344b peak=388736b)
  frame.total                      win= 21.654ms avg= 21.654ms p95= 27.300ms max= 83.488ms calls(last=  1,win= 120,total=3360) (win 129.9% | avg 129.9% budget)
  frame.render                     win= 11.803ms avg= 11.803ms p95= 12.631ms max= 83.451ms calls(last=  1,win= 120,total=3360) (win 70.8% | avg 70.8% budget)
  frame.present                    win= 11.795ms avg= 11.795ms p95= 12.624ms max= 83.444ms calls(last=  1,win= 120,total=3360) (win 70.8% | avg 70.8% budget)
  frame.fixed_step                 win=  7.497ms avg=  9.809ms p95= 15.305ms max= 16.300ms calls(last=  2,win= 157,total=3696) (win 45.0% | avg 58.9% budget)
  game.update                      win=  5.856ms avg=  7.662ms p95= 11.928ms max= 13.001ms calls(last=  2,win= 157,total=3544) (win 35.1% | avg 46.0% budget)
  system.ai_update                 win=  5.709ms avg=  7.470ms p95= 11.642ms max= 12.678ms calls(last=  2,win= 157,total=3544) (win 34.3% | avg 44.8% budget)
  enemy.update                     win=  5.704ms avg=  7.463ms p95= 11.633ms max= 12.663ms calls(last=  2,win= 157,total=3544) (win 34.2% | avg 44.8% budget)
  frame.render.world               win=  4.892ms avg=  9.785ms p95= 10.674ms max= 16.426ms calls(last=  2,win= 240,total=6424) (win 29.4% | avg 58.7% budget)
  frame.render.overlay             win=  3.099ms avg=  3.099ms p95=  3.747ms max=  4.158ms calls(last=  1,win= 120,total=3212) (win 18.6% | avg 18.6% budget)
  frame.render.world.enemies       win=  1.189ms avg=  1.189ms p95=  1.224ms max=  1.562ms calls(last=  1,win= 120,total=3212) (win 7.1% | avg 7.1% budget)
  frame.render.world.maze          win=  1.043ms avg=  1.043ms p95=  1.133ms max=  4.160ms calls(last=  1,win= 120,total=3212) (win 6.3% | avg 6.3% budget)
  enemy.physics.frontal_collisions win=  0.946ms avg=  1.238ms p95=  1.949ms max=  2.106ms calls(last=  2,win= 157,total=1468) (win 5.7% | avg 7.4% budget)
  enemy.physics.frontal_grid_build win=  0.867ms avg=  1.135ms p95=  1.763ms max=  1.977ms calls(last=  2,win= 157,total=1468) (win 5.2% | avg 6.8% budget)
  enemy.torpedo.select_heading     win=  0.862ms avg=  0.029ms p95=  0.000ms max=  1.169ms calls(last=  0,win=   4,total=25) (win 5.2% | avg 0.2% budget)
  enemy.physics.separation         win=  0.604ms avg=  0.790ms p95=  1.225ms max=  1.488ms calls(last=  2,win= 157,total=1468) (win 3.6% | avg 4.7% budget)
  enemy.physics.separation_grid_build win=  0.546ms avg=  0.714ms p95=  1.096ms max=  1.401ms calls(last=  2,win= 157,total=1468) (win 3.3% | avg 4.3% budget)
  frame.render.world.effects       win=  0.446ms avg=  0.446ms p95=  0.919ms max=  0.990ms calls(last=  1,win= 120,total=3212) (win 2.7% | avg 2.7% budget)
  enemy.ai.movement                win=  0.103ms avg=  1.071ms p95=  1.747ms max=  2.140ms calls(last= 18,win=1243,total=9655) (win 0.6% | avg 6.4% budget)
  enemy.cheap.segment_build        win=  0.097ms avg=  0.694ms p95=  1.188ms max=  1.915ms calls(last= 10,win= 862,total=11702) (win 0.6% | avg 4.2% budget)
  enemy.physics.frontal_pair_traverse win=  0.070ms avg=  0.092ms p95=  0.187ms max=  0.240ms calls(last=  2,win= 157,total=1468) (win 0.4% | avg 0.6% budget)
  enemy.physics.separation_pair_traverse win=  0.052ms avg=  0.068ms p95=  0.130ms max=  0.250ms calls(last=  2,win= 157,total=1468) (win 0.3% | avg 0.4% budget)
  system.spawner_update            win=  0.043ms avg=  0.056ms p95=  0.086ms max=  0.785ms calls(last=  2,win= 157,total=3544) (win 0.3% | avg 0.3% budget)
  enemy.ai.decision                win=  0.038ms avg=  0.398ms p95=  0.748ms max=  1.440ms calls(last= 18,win=1243,total=9655) (win 0.2% | avg 2.4% budget)
  system.physics_collision         win=  0.034ms avg=  0.045ms p95=  0.074ms max=  0.130ms calls(last=  2,win= 157,total=3544) (win 0.2% | avg 0.3% budget)
[ENEMY_STATS] frame=3360 alive=72 visible=2 full=9 cheap=63 fullInBase=0 pairs(frontal=2 checks=2 separation=2 resolved=0)
[ENEMY_WINDOW] steps=157 alive[min=72 max=72] visible[min=1 max=2] full[min=7 max=9] collisionPasses[runs=157 skips=0]

[PROFILE] frame=3480 budget=16.667ms alloc(+99/-99, +258120b/-258120b, live=131344b peak=388736b)
  frame.total                      win= 21.194ms avg= 21.194ms p95= 27.252ms max= 83.488ms calls(last=  1,win= 120,total=3480) (win 127.2% | avg 127.2% budget)
  frame.render                     win= 11.757ms avg= 11.757ms p95= 12.624ms max= 83.451ms calls(last=  1,win= 120,total=3480) (win 70.5% | avg 70.5% budget)
  frame.present                    win= 11.749ms avg= 11.749ms p95= 12.617ms max= 83.444ms calls(last=  1,win= 120,total=3480) (win 70.5% | avg 70.5% budget)
  frame.fixed_step                 win=  7.369ms avg=  9.396ms p95= 15.303ms max= 16.300ms calls(last=  1,win= 153,total=3849) (win 44.2% | avg 56.4% budget)
  game.update                      win=  5.756ms avg=  7.339ms p95= 12.030ms max= 13.001ms calls(last=  1,win= 153,total=3697) (win 34.5% | avg 44.0% budget)
  system.ai_update                 win=  5.606ms avg=  7.147ms p95= 11.734ms max= 12.678ms calls(last=  1,win= 153,total=3697) (win 33.6% | avg 42.9% budget)
  enemy.update                     win=  5.601ms avg=  7.141ms p95= 11.720ms max= 12.663ms calls(last=  1,win= 153,total=3697) (win 33.6% | avg 42.8% budget)
  frame.render.world               win=  4.838ms avg=  9.676ms p95= 10.721ms max= 16.426ms calls(last=  2,win= 240,total=6664) (win 29.0% | avg 58.1% budget)
  frame.render.overlay             win=  3.106ms avg=  3.106ms p95=  3.749ms max=  4.158ms calls(last=  1,win= 120,total=3332) (win 18.6% | avg 18.6% budget)
  frame.render.world.enemies       win=  1.168ms avg=  1.168ms p95=  1.224ms max=  1.562ms calls(last=  1,win= 120,total=3332) (win 7.0% | avg 7.0% budget)
  enemy.physics.frontal_collisions win=  0.976ms avg=  1.245ms p95=  1.974ms max=  2.115ms calls(last=  1,win= 153,total=1621) (win 5.9% | avg 7.5% budget)
  frame.render.world.maze          win=  0.971ms avg=  0.971ms p95=  1.135ms max=  4.160ms calls(last=  1,win= 120,total=3332) (win 5.8% | avg 5.8% budget)
  enemy.physics.frontal_grid_build win=  0.871ms avg=  1.110ms p95=  1.765ms max=  1.977ms calls(last=  1,win= 153,total=1621) (win 5.2% | avg 6.7% budget)
  enemy.torpedo.select_heading     win=  0.704ms avg=  0.012ms p95=  0.000ms max=  1.169ms calls(last=  0,win=   2,total=27) (win 4.2% | avg 0.1% budget)
  enemy.physics.separation         win=  0.620ms avg=  0.790ms p95=  1.263ms max=  1.488ms calls(last=  1,win= 153,total=1621) (win 3.7% | avg 4.7% budget)
  enemy.physics.separation_grid_build win=  0.549ms avg=  0.699ms p95=  1.110ms max=  1.401ms calls(last=  1,win= 153,total=1621) (win 3.3% | avg 4.2% budget)
  frame.render.world.effects       win=  0.500ms avg=  0.500ms p95=  0.930ms max=  1.294ms calls(last=  1,win= 120,total=3332) (win 3.0% | avg 3.0% budget)
  enemy.ai.movement                win=  0.104ms avg=  0.917ms p95=  1.724ms max=  2.140ms calls(last=  5,win=1057,total=10712) (win 0.6% | avg 5.5% budget)
  enemy.cheap.segment_build        win=  0.098ms avg=  0.697ms p95=  1.363ms max=  1.915ms calls(last=  5,win= 850,total=12552) (win 0.6% | avg 4.2% budget)
  enemy.physics.frontal_pair_traverse win=  0.097ms avg=  0.124ms p95=  0.205ms max=  0.277ms calls(last=  1,win= 153,total=1621) (win 0.6% | avg 0.7% budget)
  enemy.physics.separation_pair_traverse win=  0.066ms avg=  0.084ms p95=  0.146ms max=  0.250ms calls(last=  1,win= 153,total=1621) (win 0.4% | avg 0.5% budget)
  system.spawner_update            win=  0.043ms avg=  0.055ms p95=  0.087ms max=  0.785ms calls(last=  1,win= 153,total=3697) (win 0.3% | avg 0.3% budget)
  enemy.ai.decision                win=  0.039ms avg=  0.346ms p95=  0.722ms max=  1.440ms calls(last=  5,win=1057,total=10712) (win 0.2% | avg 2.1% budget)
  system.physics_collision         win=  0.037ms avg=  0.048ms p95=  0.099ms max=  0.130ms calls(last=  1,win= 153,total=3697) (win 0.2% | avg 0.3% budget)
[ENEMY_STATS] frame=3480 alive=71 visible=0 full=5 cheap=66 fullInBase=0 pairs(frontal=2 checks=2 separation=2 resolved=0)
[ENEMY_WINDOW] steps=153 alive[min=71 max=72] visible[min=0 max=2] full[min=5 max=9] collisionPasses[runs=153 skips=0]

[PROFILE] frame=3600 budget=16.667ms alloc(+103/-103, +258264b/-258264b, live=131344b peak=388736b)
  frame.total                      win= 19.616ms avg= 19.616ms p95= 25.507ms max= 83.488ms calls(last=  1,win= 120,total=3600) (win 117.7% | avg 117.7% budget)
  frame.render                     win= 11.586ms avg= 11.586ms p95= 12.317ms max= 83.451ms calls(last=  1,win= 120,total=3600) (win 69.5% | avg 69.5% budget)
  frame.present                    win= 11.579ms avg= 11.579ms p95= 12.310ms max= 83.444ms calls(last=  1,win= 120,total=3600) (win 69.5% | avg 69.5% budget)
  frame.fixed_step                 win=  6.752ms avg=  7.989ms p95= 13.650ms max= 16.300ms calls(last=  1,win= 142,total=3991) (win 40.5% | avg 47.9% budget)
  game.update                      win=  5.174ms avg=  6.122ms p95= 10.536ms max= 13.001ms calls(last=  1,win= 142,total=3839) (win 31.0% | avg 36.7% budget)
  system.ai_update                 win=  5.031ms avg=  5.953ms p95= 10.234ms max= 12.678ms calls(last=  1,win= 142,total=3839) (win 30.2% | avg 35.7% budget)
  enemy.update                     win=  5.025ms avg=  5.947ms p95= 10.220ms max= 12.663ms calls(last=  1,win= 142,total=3839) (win 30.2% | avg 35.7% budget)
  frame.render.world               win=  4.740ms avg=  9.479ms p95=  9.932ms max= 16.426ms calls(last=  2,win= 240,total=6904) (win 28.4% | avg 56.9% budget)
  frame.render.overlay             win=  3.070ms avg=  3.070ms p95=  3.741ms max=  4.158ms calls(last=  1,win= 120,total=3452) (win 18.4% | avg 18.4% budget)
  frame.render.world.enemies       win=  1.157ms avg=  1.157ms p95=  1.211ms max=  1.562ms calls(last=  1,win= 120,total=3452) (win 6.9% | avg 6.9% budget)
  frame.render.world.maze          win=  0.966ms avg=  0.966ms p95=  1.129ms max=  4.160ms calls(last=  1,win= 120,total=3452) (win 5.8% | avg 5.8% budget)
  enemy.physics.frontal_collisions win=  0.906ms avg=  1.072ms p95=  1.839ms max=  2.115ms calls(last=  1,win= 142,total=1763) (win 5.4% | avg 6.4% budget)
  enemy.physics.frontal_grid_build win=  0.848ms avg=  1.003ms p95=  1.707ms max=  1.977ms calls(last=  1,win= 142,total=1763) (win 5.1% | avg 6.0% budget)
  enemy.physics.separation         win=  0.578ms avg=  0.684ms p95=  1.156ms max=  1.488ms calls(last=  1,win= 142,total=1763) (win 3.5% | avg 4.1% budget)
  enemy.physics.separation_grid_build win=  0.540ms avg=  0.639ms p95=  1.071ms max=  1.401ms calls(last=  1,win= 142,total=1763) (win 3.2% | avg 3.8% budget)
  frame.render.world.effects       win=  0.395ms avg=  0.395ms p95=  0.472ms max=  1.294ms calls(last=  1,win= 120,total=3452) (win 2.4% | avg 2.4% budget)
  enemy.cheap.segment_build        win=  0.096ms avg=  0.732ms p95=  1.294ms max=  1.915ms calls(last=  7,win= 918,total=13470) (win 0.6% | avg 4.4% budget)
  enemy.ai.movement                win=  0.093ms avg=  0.447ms p95=  1.040ms max=  2.140ms calls(last=  6,win= 574,total=11286) (win 0.6% | avg 2.7% budget)
  enemy.physics.frontal_pair_traverse win=  0.051ms avg=  0.060ms p95=  0.099ms max=  0.277ms calls(last=  1,win= 142,total=1763) (win 0.3% | avg 0.4% budget)
  system.spawner_update            win=  0.042ms avg=  0.050ms p95=  0.084ms max=  0.785ms calls(last=  1,win= 142,total=3839) (win 0.3% | avg 0.3% budget)
  enemy.ai.decision                win=  0.035ms avg=  0.166ms p95=  0.413ms max=  1.440ms calls(last=  6,win= 574,total=11286) (win 0.2% | avg 1.0% budget)
  system.physics_collision         win=  0.033ms avg=  0.039ms p95=  0.061ms max=  0.130ms calls(last=  1,win= 142,total=3839) (win 0.2% | avg 0.2% budget)
  enemy.physics.separation_pair_traverse win=  0.032ms avg=  0.038ms p95=  0.071ms max=  0.250ms calls(last=  1,win= 142,total=1763) (win 0.2% | avg 0.2% budget)
  system.player_update             win=  0.028ms avg=  0.033ms p95=  0.056ms max=  0.132ms calls(last=  1,win= 142,total=3719) (win 0.2% | avg 0.2% budget)
[ENEMY_STATS] frame=3600 alive=71 visible=1 full=6 cheap=65 fullInBase=0 pairs(frontal=0 checks=0 separation=0 resolved=0)
[ENEMY_WINDOW] steps=142 alive[min=71 max=71] visible[min=0 max=2] full[min=3 max=6] collisionPasses[runs=142 skips=0]

[PROFILE] frame=3720 budget=16.667ms alloc(+102/-102, +258208b/-258208b, live=131344b peak=388736b)
  frame.total                      win= 21.149ms avg= 21.149ms p95= 26.987ms max= 83.488ms calls(last=  1,win= 120,total=3720) (win 126.9% | avg 126.9% budget)
  frame.render                     win= 11.786ms avg= 11.786ms p95= 12.561ms max= 83.451ms calls(last=  1,win= 120,total=3720) (win 70.7% | avg 70.7% budget)
  frame.present                    win= 11.779ms avg= 11.779ms p95= 12.553ms max= 83.444ms calls(last=  1,win= 120,total=3720) (win 70.7% | avg 70.7% budget)
  frame.fixed_step                 win=  7.311ms avg=  9.321ms p95= 15.102ms max= 16.300ms calls(last=  1,win= 153,total=4144) (win 43.9% | avg 55.9% budget)
  game.update                      win=  5.731ms avg=  7.308ms p95= 11.884ms max= 13.001ms calls(last=  1,win= 153,total=3992) (win 34.4% | avg 43.8% budget)
  system.ai_update                 win=  5.601ms avg=  7.141ms p95= 11.622ms max= 12.678ms calls(last=  1,win= 153,total=3992) (win 33.6% | avg 42.8% budget)
  enemy.update                     win=  5.596ms avg=  7.134ms p95= 11.614ms max= 12.663ms calls(last=  1,win= 153,total=3992) (win 33.6% | avg 42.8% budget)
  frame.render.world               win=  4.902ms avg=  9.804ms p95= 10.403ms max= 16.426ms calls(last=  2,win= 240,total=7144) (win 29.4% | avg 58.8% budget)
  frame.render.overlay             win=  3.116ms avg=  3.116ms p95=  3.796ms max=  4.158ms calls(last=  1,win= 120,total=3572) (win 18.7% | avg 18.7% budget)
  frame.render.world.enemies       win=  1.174ms avg=  1.174ms p95=  1.390ms max=  1.562ms calls(last=  1,win= 120,total=3572) (win 7.0% | avg 7.0% budget)
  frame.render.world.maze          win=  1.080ms avg=  1.080ms p95=  1.376ms max=  4.160ms calls(last=  1,win= 120,total=3572) (win 6.5% | avg 6.5% budget)
  enemy.torpedo.select_heading     win=  1.018ms avg=  0.017ms p95=  0.000ms max=  1.169ms calls(last=  0,win=   2,total=29) (win 6.1% | avg 0.1% budget)
  enemy.physics.frontal_collisions win=  0.945ms avg=  1.205ms p95=  1.883ms max=  2.202ms calls(last=  1,win= 153,total=1916) (win 5.7% | avg 7.2% budget)
  enemy.physics.frontal_grid_build win=  0.863ms avg=  1.100ms p95=  1.729ms max=  1.992ms calls(last=  1,win= 153,total=1916) (win 5.2% | avg 6.6% budget)
  enemy.physics.separation         win=  0.603ms avg=  0.768ms p95=  1.216ms max=  1.488ms calls(last=  1,win= 153,total=1916) (win 3.6% | avg 4.6% budget)
  frame.render.world.effects       win=  0.593ms avg=  0.593ms p95=  1.083ms max=  1.397ms calls(last=  1,win= 120,total=3572) (win 3.6% | avg 3.6% budget)
  enemy.physics.separation_grid_build win=  0.545ms avg=  0.695ms p95=  1.092ms max=  1.401ms calls(last=  1,win= 153,total=1916) (win 3.3% | avg 4.2% budget)
  enemy.ai.movement                win=  0.095ms avg=  0.760ms p95=  1.330ms max=  2.140ms calls(last=  5,win= 958,total=12244) (win 0.6% | avg 4.6% budget)
  enemy.cheap.segment_build        win=  0.093ms avg=  0.895ms p95=  1.611ms max=  1.915ms calls(last=  7,win=1150,total=14620) (win 0.6% | avg 5.4% budget)
  enemy.physics.frontal_pair_traverse win=  0.073ms avg=  0.094ms p95=  0.150ms max=  0.277ms calls(last=  1,win= 153,total=1916) (win 0.4% | avg 0.6% budget)
  enemy.physics.separation_pair_traverse win=  0.052ms avg=  0.066ms p95=  0.108ms max=  0.250ms calls(last=  1,win= 153,total=1916) (win 0.3% | avg 0.4% budget)
  enemy.ai.decision                win=  0.048ms avg=  0.382ms p95=  0.712ms max=  1.657ms calls(last=  5,win= 958,total=12244) (win 0.3% | avg 2.3% budget)
  system.spawner_update            win=  0.045ms avg=  0.058ms p95=  0.092ms max=  0.785ms calls(last=  1,win= 153,total=3992) (win 0.3% | avg 0.3% budget)
  enemy.type.torpedo               win=  0.028ms avg=  1.165ms p95=  2.142ms max=  3.147ms calls(last= 33,win=5049,total=121065) (win 0.2% | avg 7.0% budget)
[ENEMY_STATS] frame=3720 alive=71 visible=1 full=5 cheap=66 fullInBase=0 pairs(frontal=1 checks=1 separation=1 resolved=0)
[ENEMY_WINDOW] steps=153 alive[min=71 max=71] visible[min=1 max=1] full[min=5 max=7] collisionPasses[runs=153 skips=0]

[PROFILE] frame=3840 budget=16.667ms alloc(+0/-0, +0b/-0b, live=131344b peak=388736b)
  frame.total                      win= 20.226ms avg= 20.226ms p95= 25.931ms max= 83.488ms calls(last=  1,win= 120,total=3840) (win 121.4% | avg 121.4% budget)
  frame.render                     win= 12.299ms avg= 12.299ms p95= 16.881ms max= 83.451ms calls(last=  1,win= 120,total=3840) (win 73.8% | avg 73.8% budget)
  frame.present                    win= 12.292ms avg= 12.292ms p95= 16.846ms max= 83.444ms calls(last=  1,win= 120,total=3840) (win 73.8% | avg 73.8% budget)
  frame.fixed_step                 win=  6.438ms avg=  7.886ms p95= 14.050ms max= 16.300ms calls(last=  1,win= 147,total=4291) (win 38.6% | avg 47.3% budget)
  game.update                      win=  5.430ms avg=  6.109ms p95= 10.970ms max= 13.001ms calls(last=  0,win= 135,total=4127) (win 32.6% | avg 36.7% budget)
  system.ai_update                 win=  5.334ms avg=  6.000ms p95= 10.786ms max= 12.678ms calls(last=  0,win= 135,total=4127) (win 32.0% | avg 36.0% budget)
  enemy.update                     win=  5.328ms avg=  5.994ms p95= 10.777ms max= 12.663ms calls(last=  0,win= 135,total=4127) (win 32.0% | avg 36.0% budget)
  frame.render.world               win=  4.951ms avg=  9.901ms p95= 10.352ms max= 16.426ms calls(last=  2,win= 240,total=7384) (win 29.7% | avg 59.4% budget)
  frame.render.overlay             win=  2.934ms avg=  3.203ms p95=  4.018ms max=  4.775ms calls(last=  2,win= 131,total=3703) (win 17.6% | avg 19.2% budget)
  frame.render.world.enemies       win=  1.169ms avg=  1.169ms p95=  1.214ms max=  1.562ms calls(last=  1,win= 120,total=3692) (win 7.0% | avg 7.0% budget)
  frame.render.world.effects       win=  1.030ms avg=  1.030ms p95=  1.162ms max=  1.837ms calls(last=  1,win= 120,total=3692) (win 6.2% | avg 6.2% budget)
  frame.render.world.maze          win=  0.979ms avg=  0.979ms p95=  1.027ms max=  4.160ms calls(last=  1,win= 120,total=3692) (win 5.9% | avg 5.9% budget)
  enemy.physics.frontal_collisions win=  0.926ms avg=  1.042ms p95=  1.821ms max=  2.202ms calls(last=  0,win= 135,total=2051) (win 5.6% | avg 6.3% budget)
  enemy.physics.frontal_grid_build win=  0.849ms avg=  0.955ms p95=  1.670ms max=  1.992ms calls(last=  0,win= 135,total=2051) (win 5.1% | avg 5.7% budget)
  enemy.physics.separation         win=  0.601ms avg=  0.676ms p95=  1.223ms max=  1.488ms calls(last=  0,win= 135,total=2051) (win 3.6% | avg 4.1% budget)
  enemy.torpedo.select_heading     win=  0.567ms avg=  0.009ms p95=  0.000ms max=  1.169ms calls(last=  0,win=   2,total=31) (win 3.4% | avg 0.1% budget)
  enemy.physics.separation_grid_build win=  0.549ms avg=  0.617ms p95=  1.120ms max=  1.401ms calls(last=  0,win= 135,total=2051) (win 3.3% | avg 3.7% budget)
  enemy.ai.movement                win=  0.106ms avg=  0.525ms p95=  1.039ms max=  2.140ms calls(last=  0,win= 594,total=12838) (win 0.6% | avg 3.2% budget)
  enemy.cheap.segment_build        win=  0.092ms avg=  0.776ms p95=  1.538ms max=  1.915ms calls(last=  0,win=1012,total=15632) (win 0.6% | avg 4.7% budget)
  enemy.physics.frontal_pair_traverse win=  0.070ms avg=  0.078ms p95=  0.137ms max=  0.277ms calls(last=  0,win= 135,total=2051) (win 0.4% | avg 0.5% budget)
  system.spawner_update            win=  0.053ms avg=  0.059ms p95=  0.103ms max=  0.785ms calls(last=  0,win= 135,total=4127) (win 0.3% | avg 0.4% budget)
  enemy.ai.decision                win=  0.048ms avg=  0.238ms p95=  0.419ms max=  1.657ms calls(last=  0,win= 594,total=12838) (win 0.3% | avg 1.4% budget)
  enemy.physics.separation_pair_traverse win=  0.046ms avg=  0.052ms p95=  0.092ms max=  0.250ms calls(last=  0,win= 135,total=2051) (win 0.3% | avg 0.3% budget)
  frame.input_poll                 win=  0.027ms avg=  0.027ms p95=  0.028ms max=  0.126ms calls(last=  1,win= 120,total=3840) (win 0.2% | avg 0.2% budget)

[PROFILE] frame=3960 budget=16.667ms alloc(+0/-0, +0b/-0b, live=131344b peak=388736b)
  frame.total                      win= 16.920ms avg= 16.920ms p95= 17.421ms max= 83.488ms calls(last=  1,win= 120,total=3960) (win 101.5% | avg 101.5% budget)
  frame.render                     win= 16.881ms avg= 16.881ms p95= 17.383ms max= 83.451ms calls(last=  1,win= 120,total=3960) (win 101.3% | avg 101.3% budget)
  frame.present                    win= 16.874ms avg= 16.874ms p95= 17.375ms max= 83.444ms calls(last=  1,win= 120,total=3960) (win 101.2% | avg 101.2% budget)
  frame.render.world               win=  4.913ms avg=  3.603ms p95= 10.007ms max= 16.426ms calls(last=  0,win=  88,total=7472) (win 29.5% | avg 21.6% budget)
  frame.render.overlay             win=  2.098ms avg=  1.538ms p95=  4.846ms max=  5.147ms calls(last=  0,win=  88,total=3791) (win 12.6% | avg 9.2% budget)
  frame.render.world.enemies       win=  1.172ms avg=  0.430ms p95=  1.199ms max=  1.562ms calls(last=  0,win=  44,total=3736) (win 7.0% | avg 2.6% budget)
  frame.render.world.effects       win=  1.010ms avg=  0.370ms p95=  1.085ms max=  1.837ms calls(last=  0,win=  44,total=3736) (win 6.1% | avg 2.2% budget)
  frame.render.world.maze          win=  0.972ms avg=  0.357ms p95=  0.995ms max=  4.160ms calls(last=  0,win=  44,total=3736) (win 5.8% | avg 2.1% budget)
  frame.input_poll                 win=  0.027ms avg=  0.027ms p95=  0.029ms max=  0.126ms calls(last=  1,win= 120,total=3960) (win 0.2% | avg 0.2% budget)
  frame.fixed_step                 win=  0.002ms avg=  0.002ms p95=  0.003ms max= 16.300ms calls(last=  1,win= 122,total=4413) (win 0.0% | avg 0.0% budget)
  system.ai_update                 win=  0.000ms avg=  0.000ms p95=  0.000ms max= 12.678ms calls(last=  0,win=   0,total=4127) (win 0.0% | avg 0.0% budget)
  enemy.ai.perception              win=  0.000ms avg=  0.000ms p95=  0.000ms max=  0.068ms calls(last=  0,win=   0,total=12838) (win 0.0% | avg 0.0% budget)
  enemy.ai.decision                win=  0.000ms avg=  0.000ms p95=  0.000ms max=  1.657ms calls(last=  0,win=   0,total=12838) (win 0.0% | avg 0.0% budget)
  enemy.ai.movement                win=  0.000ms avg=  0.000ms p95=  0.000ms max=  2.140ms calls(last=  0,win=   0,total=12838) (win 0.0% | avg 0.0% budget)
  enemy.ai.firing                  win=  0.000ms avg=  0.000ms p95=  0.000ms max=  0.109ms calls(last=  0,win=   0,total=12838) (win 0.0% | avg 0.0% budget)
  game.update                      win=  0.000ms avg=  0.000ms p95=  0.000ms max= 13.001ms calls(last=  0,win=   0,total=4127) (win 0.0% | avg 0.0% budget)
  enemy.physics.frontal_collisions win=  0.000ms avg=  0.000ms p95=  0.000ms max=  2.202ms calls(last=  0,win=   0,total=2051) (win 0.0% | avg 0.0% budget)
  enemy.physics.separation         win=  0.000ms avg=  0.000ms p95=  0.000ms max=  1.488ms calls(last=  0,win=   0,total=2051) (win 0.0% | avg 0.0% budget)
  enemy.physics.frontal_grid_build win=  0.000ms avg=  0.000ms p95=  0.000ms max=  1.992ms calls(last=  0,win=   0,total=2051) (win 0.0% | avg 0.0% budget)
  enemy.physics.frontal_pair_traverse win=  0.000ms avg=  0.000ms p95=  0.000ms max=  0.277ms calls(last=  0,win=   0,total=2051) (win 0.0% | avg 0.0% budget)
  enemy.physics.frontal_pair_narrow win=  0.000ms avg=  0.000ms p95=  0.000ms max=  0.071ms calls(last=  0,win=   0,total=1753) (win 0.0% | avg 0.0% budget)
  enemy.physics.separation_grid_build win=  0.000ms avg=  0.000ms p95=  0.000ms max=  1.401ms calls(last=  0,win=   0,total=2051) (win 0.0% | avg 0.0% budget)
  enemy.physics.separation_pair_traverse win=  0.000ms avg=  0.000ms p95=  0.000ms max=  0.250ms calls(last=  0,win=   0,total=2051) (win 0.0% | avg 0.0% budget)
  enemy.physics.separation_pair_resolve win=  0.000ms avg=  0.000ms p95=  0.000ms max=  0.040ms calls(last=  0,win=   0,total=1742) (win 0.0% | avg 0.0% budget)
INFO: TEXTURE: [ID 3] Unloaded texture data from VRAM (GPU)
INFO: TEXTURE: [ID 4] Unloaded texture data from VRAM (GPU)
INFO: AUDIO: Device closed successfully
INFO: TEXTURE: [ID 2] Unloaded texture data from VRAM (GPU)
INFO: SHADER: [ID 3] Default shader unloaded successfully
INFO: TEXTURE: [ID 1] Default texture unloaded successfully
INFO: Window closed successfully
ark@rg353v:/roms2/ports/bolt$