Failed to create secure directory (/run/user/1000//pulse): No such file or directory

[PROFILE] frame=120 budget=16.667ms alloc(+0/-0, +0b/-0b, live=5192b peak=20448b)
  frame.total                      win= 17.133ms avg= 17.133ms p95= 17.283ms max= 43.900ms calls(last=  1,win= 120,total=120) (win 102.8% | avg 102.8% budget)
  frame.present                    win= 14.089ms avg= 14.089ms p95= 14.562ms max= 41.440ms calls(last=  1,win= 120,total=120) (win 84.5% | avg 84.5% budget)
  music.fill_buffer                win=  6.549ms avg=  0.437ms p95=  6.440ms max=  6.847ms calls(last=  1,win=   8,total=8) (win 39.3% | avg 2.6% budget)
  frame.cpu_work                   win=  3.028ms avg=  3.028ms p95=  9.061ms max= 10.658ms calls(last=  1,win= 120,total=120) (win 18.2% | avg 18.2% budget)
  frame.render                     win=  2.467ms avg=  2.467ms p95=  2.624ms max=  4.196ms calls(last=  1,win= 120,total=120) (win 14.8% | avg 14.8% budget)
  music.update_stream              win=  0.354ms avg=  0.024ms p95=  0.014ms max=  1.529ms calls(last=  1,win=   8,total=8) (win 2.1% | avg 0.1% budget)
  menu.music                       win=  0.252ms avg=  0.504ms p95=  6.535ms max=  8.220ms calls(last=  2,win= 240,total=240) (win 1.5% | avg 3.0% budget)
  frame.input_poll                 win=  0.037ms avg=  0.037ms p95=  0.038ms max=  0.088ms calls(last=  1,win= 120,total=120) (win 0.2% | avg 0.2% budget)
  frame.fixed_step                 win=  0.002ms avg=  0.003ms p95=  0.003ms max=  0.004ms calls(last=  1,win= 124,total=124) (win 0.0% | avg 0.0% budget)
  gameplay.music                   win=  0.002ms avg=  0.002ms p95=  0.002ms max=  0.003ms calls(last=  1,win= 120,total=120) (win 0.0% | avg 0.0% budget)
[MUSIC_PLAYER_WINDOW] label=menu calls=121 activeCalls=121 buffers=8 avg(buf/call=0.07 active=0.07) max(buf/call=1) upload(total=2.80ms avg=0.350ms max=1.525ms slow=0)
[MUSIC_PLAYER_WINDOW] label=gameplay calls=121 activeCalls=0 buffers=0 avg(buf/call=0.00 active=0.00) max(buf/call=0) upload(total=0.00ms avg=0.000ms max=0.000ms slow=0)

[PROFILE] frame=240 budget=16.667ms alloc(+0/-0, +0b/-0b, live=5192b peak=20448b)
  frame.total                      win= 16.866ms avg= 16.866ms p95= 17.254ms max= 43.900ms calls(last=  1,win= 120,total=240) (win 101.2% | avg 101.2% budget)
  frame.present                    win= 13.850ms avg= 13.850ms p95= 14.465ms max= 41.440ms calls(last=  1,win= 120,total=240) (win 83.1% | avg 83.1% budget)
  music.fill_buffer                win=  6.641ms avg=  0.443ms p95=  6.611ms max=  6.847ms calls(last=  1,win=   8,total=16) (win 39.8% | avg 2.7% budget)
  frame.cpu_work                   win=  3.001ms avg=  3.001ms p95=  9.089ms max= 10.658ms calls(last=  1,win= 120,total=240) (win 18.0% | avg 18.0% budget)
  frame.render                     win=  2.441ms avg=  2.441ms p95=  2.546ms max=  4.196ms calls(last=  1,win= 120,total=240) (win 14.6% | avg 14.6% budget)
  menu.music                       win=  0.252ms avg=  0.504ms p95=  6.634ms max=  8.220ms calls(last=  2,win= 240,total=480) (win 1.5% | avg 3.0% budget)
  frame.input_poll                 win=  0.036ms avg=  0.036ms p95=  0.037ms max=  0.088ms calls(last=  1,win= 120,total=240) (win 0.2% | avg 0.2% budget)
  music.update_stream              win=  0.013ms avg=  0.001ms p95=  0.013ms max=  1.529ms calls(last=  1,win=   8,total=16) (win 0.1% | avg 0.0% budget)
  frame.fixed_step                 win=  0.003ms avg=  0.003ms p95=  0.003ms max=  0.004ms calls(last=  1,win= 122,total=246) (win 0.0% | avg 0.0% budget)
  gameplay.music                   win=  0.002ms avg=  0.002ms p95=  0.002ms max=  0.048ms calls(last=  1,win= 120,total=240) (win 0.0% | avg 0.0% budget)
[MUSIC_PLAYER_WINDOW] label=menu calls=120 activeCalls=120 buffers=8 avg(buf/call=0.07 active=0.07) max(buf/call=1) upload(total=0.08ms avg=0.010ms max=0.011ms slow=0)
[MUSIC_PLAYER_WINDOW] label=gameplay calls=120 activeCalls=0 buffers=0 avg(buf/call=0.00 active=0.00) max(buf/call=0) upload(total=0.00ms avg=0.000ms max=0.000ms slow=0)

[PROFILE] frame=360 budget=16.667ms alloc(+0/-0, +0b/-0b, live=5192b peak=20448b)
  frame.total                      win= 16.855ms avg= 16.855ms p95= 17.089ms max= 43.900ms calls(last=  1,win= 120,total=360) (win 101.1% | avg 101.1% budget)
  frame.present                    win= 13.820ms avg= 13.820ms p95= 14.559ms max= 41.440ms calls(last=  1,win= 120,total=360) (win 82.9% | avg 82.9% budget)
  music.fill_buffer                win=  6.872ms avg=  0.458ms p95=  6.680ms max=  7.018ms calls(last=  1,win=   8,total=24) (win 41.2% | avg 2.7% budget)
  frame.cpu_work                   win=  3.020ms avg=  3.020ms p95=  9.360ms max= 10.658ms calls(last=  1,win= 120,total=360) (win 18.1% | avg 18.1% budget)
  frame.render                     win=  2.447ms avg=  2.447ms p95=  2.627ms max=  4.196ms calls(last=  1,win= 120,total=360) (win 14.7% | avg 14.7% budget)
  menu.music                       win=  0.258ms avg=  0.516ms p95=  6.702ms max=  8.220ms calls(last=  2,win= 240,total=720) (win 1.5% | avg 3.1% budget)
  frame.input_poll                 win=  0.035ms avg=  0.035ms p95=  0.037ms max=  0.088ms calls(last=  1,win= 120,total=360) (win 0.2% | avg 0.2% budget)
  music.update_stream              win=  0.013ms avg=  0.001ms p95=  0.012ms max=  1.529ms calls(last=  1,win=   8,total=24) (win 0.1% | avg 0.0% budget)
  frame.fixed_step                 win=  0.002ms avg=  0.003ms p95=  0.003ms max=  0.004ms calls(last=  1,win= 123,total=369) (win 0.0% | avg 0.0% budget)
  gameplay.music                   win=  0.002ms avg=  0.002ms p95=  0.002ms max=  0.048ms calls(last=  1,win= 120,total=360) (win 0.0% | avg 0.0% budget)
[MUSIC_PLAYER_WINDOW] label=menu calls=120 activeCalls=120 buffers=8 avg(buf/call=0.07 active=0.07) max(buf/call=1) upload(total=0.08ms avg=0.010ms max=0.011ms slow=0)
[MUSIC_PLAYER_WINDOW] label=gameplay calls=120 activeCalls=0 buffers=0 avg(buf/call=0.00 active=0.00) max(buf/call=0) upload(total=0.00ms avg=0.000ms max=0.000ms slow=0)

[PROFILE] frame=480 budget=16.667ms alloc(+0/-0, +0b/-0b, live=5192b peak=20448b)
  frame.total                      win= 16.859ms avg= 16.859ms p95= 16.952ms max= 43.900ms calls(last=  1,win= 120,total=480) (win 101.2% | avg 101.2% budget)
  frame.present                    win= 13.841ms avg= 13.841ms p95= 14.477ms max= 41.440ms calls(last=  1,win= 120,total=480) (win 83.0% | avg 83.0% budget)
  music.fill_buffer                win=  6.932ms avg=  0.462ms p95=  6.854ms max=  7.018ms calls(last=  1,win=   8,total=32) (win 41.6% | avg 2.8% budget)
  frame.cpu_work                   win=  3.002ms avg=  3.002ms p95=  9.358ms max= 10.658ms calls(last=  1,win= 120,total=480) (win 18.0% | avg 18.0% budget)
  frame.render                     win=  2.445ms avg=  2.445ms p95=  2.639ms max=  4.196ms calls(last=  1,win= 120,total=480) (win 14.7% | avg 14.7% budget)
  menu.music                       win=  0.250ms avg=  0.501ms p95=  6.878ms max=  8.220ms calls(last=  2,win= 240,total=960) (win 1.5% | avg 3.0% budget)
  frame.input_poll                 win=  0.036ms avg=  0.036ms p95=  0.037ms max=  0.088ms calls(last=  1,win= 120,total=480) (win 0.2% | avg 0.2% budget)
  music.update_stream              win=  0.013ms avg=  0.001ms p95=  0.013ms max=  1.529ms calls(last=  1,win=   8,total=32) (win 0.1% | avg 0.0% budget)
  frame.fixed_step                 win=  0.003ms avg=  0.003ms p95=  0.003ms max=  0.004ms calls(last=  1,win= 122,total=491) (win 0.0% | avg 0.0% budget)
  gameplay.music                   win=  0.002ms avg=  0.002ms p95=  0.002ms max=  0.048ms calls(last=  1,win= 120,total=480) (win 0.0% | avg 0.0% budget)
[MUSIC_PLAYER_WINDOW] label=menu calls=120 activeCalls=120 buffers=8 avg(buf/call=0.07 active=0.07) max(buf/call=1) upload(total=0.08ms avg=0.009ms max=0.010ms slow=0)
[MUSIC_PLAYER_WINDOW] label=gameplay calls=120 activeCalls=0 buffers=0 avg(buf/call=0.00 active=0.00) max(buf/call=0) upload(total=0.00ms avg=0.000ms max=0.000ms slow=0)

[PROFILE] frame=600 budget=16.667ms alloc(+0/-0, +0b/-0b, live=5192b peak=20448b)
  frame.total                      win= 16.858ms avg= 16.858ms p95= 17.048ms max= 43.900ms calls(last=  1,win= 120,total=600) (win 101.1% | avg 101.1% budget)
  frame.present                    win= 13.785ms avg= 13.785ms p95= 14.534ms max= 41.440ms calls(last=  1,win= 120,total=600) (win 82.7% | avg 82.7% budget)
  music.fill_buffer                win=  7.010ms avg=  0.467ms p95=  6.968ms max=  7.065ms calls(last=  1,win=   8,total=40) (win 42.1% | avg 2.8% budget)
  frame.cpu_work                   win=  3.057ms avg=  3.057ms p95=  9.492ms max= 10.658ms calls(last=  1,win= 120,total=600) (win 18.3% | avg 18.3% budget)
  frame.render                     win=  2.452ms avg=  2.452ms p95=  2.623ms max=  4.196ms calls(last=  1,win= 120,total=600) (win 14.7% | avg 14.7% budget)
  menu.music                       win=  0.273ms avg=  0.547ms p95=  6.992ms max=  8.220ms calls(last=  2,win= 240,total=1200) (win 1.6% | avg 3.3% budget)
  frame.input_poll                 win=  0.037ms avg=  0.037ms p95=  0.038ms max=  0.095ms calls(last=  1,win= 120,total=600) (win 0.2% | avg 0.2% budget)
  music.update_stream              win=  0.013ms avg=  0.001ms p95=  0.013ms max=  1.529ms calls(last=  1,win=   8,total=40) (win 0.1% | avg 0.0% budget)
  frame.fixed_step                 win=  0.003ms avg=  0.003ms p95=  0.003ms max=  0.005ms calls(last=  1,win= 123,total=614) (win 0.0% | avg 0.0% budget)
  gameplay.music                   win=  0.002ms avg=  0.002ms p95=  0.002ms max=  0.049ms calls(last=  1,win= 120,total=600) (win 0.0% | avg 0.0% budget)
[MUSIC_PLAYER_WINDOW] label=menu calls=120 activeCalls=120 buffers=8 avg(buf/call=0.07 active=0.07) max(buf/call=1) upload(total=0.08ms avg=0.009ms max=0.013ms slow=0)
[MUSIC_PLAYER_WINDOW] label=gameplay calls=120 activeCalls=0 buffers=0 avg(buf/call=0.00 active=0.00) max(buf/call=0) upload(total=0.00ms avg=0.000ms max=0.000ms slow=0)

[PROFILE] frame=720 budget=16.667ms alloc(+0/-0, +0b/-0b, live=5192b peak=20448b)
  frame.total                      win= 16.857ms avg= 16.857ms p95= 17.117ms max= 43.900ms calls(last=  1,win= 120,total=720) (win 101.1% | avg 101.1% budget)
  frame.present                    win= 13.851ms avg= 13.851ms p95= 14.596ms max= 41.440ms calls(last=  1,win= 120,total=720) (win 83.1% | avg 83.1% budget)
  music.fill_buffer                win=  7.101ms avg=  0.414ms p95=  7.012ms max=  7.252ms calls(last=  0,win=   7,total=47) (win 42.6% | avg 2.5% budget)
  frame.cpu_work                   win=  2.991ms avg=  2.991ms p95=  9.540ms max= 11.046ms calls(last=  1,win= 120,total=720) (win 17.9% | avg 17.9% budget)
  frame.render                     win=  2.449ms avg=  2.449ms p95=  2.539ms max=  4.196ms calls(last=  1,win= 120,total=720) (win 14.7% | avg 14.7% budget)
  music.update_stream              win=  0.269ms avg=  0.016ms p95=  0.013ms max=  1.529ms calls(last=  0,win=   7,total=47) (win 1.6% | avg 0.1% budget)
  menu.music                       win=  0.242ms avg=  0.485ms p95=  7.035ms max=  8.556ms calls(last=  2,win= 240,total=1440) (win 1.5% | avg 2.9% budget)
  frame.input_poll                 win=  0.036ms avg=  0.036ms p95=  0.037ms max=  0.095ms calls(last=  1,win= 120,total=720) (win 0.2% | avg 0.2% budget)
  frame.fixed_step                 win=  0.003ms avg=  0.003ms p95=  0.003ms max=  0.005ms calls(last=  1,win= 122,total=736) (win 0.0% | avg 0.0% budget)
  gameplay.music                   win=  0.002ms avg=  0.002ms p95=  0.002ms max=  0.049ms calls(last=  1,win= 120,total=720) (win 0.0% | avg 0.0% budget)
[MUSIC_PLAYER_WINDOW] label=menu calls=120 activeCalls=120 buffers=8 avg(buf/call=0.07 active=0.07) max(buf/call=1) upload(total=1.87ms avg=0.233ms max=1.118ms slow=0)
[MUSIC_PLAYER_WINDOW] label=gameplay calls=120 activeCalls=0 buffers=0 avg(buf/call=0.00 active=0.00) max(buf/call=0) upload(total=0.00ms avg=0.000ms max=0.000ms slow=0)

[PROFILE] frame=840 budget=16.667ms alloc(+0/-0, +0b/-0b, live=5192b peak=20448b)
  frame.total                      win= 16.866ms avg= 16.866ms p95= 17.167ms max= 43.900ms calls(last=  1,win= 120,total=840) (win 101.2% | avg 101.2% budget)
  frame.present                    win= 13.805ms avg= 13.805ms p95= 14.673ms max= 41.440ms calls(last=  1,win= 120,total=840) (win 82.8% | avg 82.8% budget)
  music.fill_buffer                win=  7.012ms avg=  0.467ms p95=  6.973ms max=  7.252ms calls(last=  0,win=   8,total=55) (win 42.1% | avg 2.8% budget)
  frame.cpu_work                   win=  3.045ms avg=  3.045ms p95=  9.496ms max= 11.046ms calls(last=  1,win= 120,total=840) (win 18.3% | avg 18.3% budget)
  frame.render                     win=  2.445ms avg=  2.445ms p95=  2.572ms max=  4.196ms calls(last=  1,win= 120,total=840) (win 14.7% | avg 14.7% budget)
  menu.music                       win=  0.271ms avg=  0.543ms p95=  6.995ms max=  8.556ms calls(last=  2,win= 240,total=1680) (win 1.6% | avg 3.3% budget)
  frame.input_poll                 win=  0.036ms avg=  0.036ms p95=  0.037ms max=  0.095ms calls(last=  1,win= 120,total=840) (win 0.2% | avg 0.2% budget)
  music.update_stream              win=  0.013ms avg=  0.001ms p95=  0.012ms max=  1.529ms calls(last=  0,win=   8,total=55) (win 0.1% | avg 0.0% budget)
  frame.fixed_step                 win=  0.003ms avg=  0.003ms p95=  0.003ms max=  0.005ms calls(last=  1,win= 122,total=858) (win 0.0% | avg 0.0% budget)
  gameplay.music                   win=  0.002ms avg=  0.002ms p95=  0.002ms max=  0.049ms calls(last=  1,win= 120,total=840) (win 0.0% | avg 0.0% budget)
[MUSIC_PLAYER_WINDOW] label=menu calls=120 activeCalls=120 buffers=8 avg(buf/call=0.07 active=0.07) max(buf/call=1) upload(total=0.08ms avg=0.010ms max=0.011ms slow=0)
[MUSIC_PLAYER_WINDOW] label=gameplay calls=120 activeCalls=0 buffers=0 avg(buf/call=0.00 active=0.00) max(buf/call=0) upload(total=0.00ms avg=0.000ms max=0.000ms slow=0)

[PROFILE] frame=960 budget=16.667ms alloc(+0/-0, +0b/-0b, live=5192b peak=20448b)
  frame.total                      win= 16.867ms avg= 16.867ms p95= 17.162ms max= 43.900ms calls(last=  1,win= 120,total=960) (win 101.2% | avg 101.2% budget)
  frame.present                    win= 13.799ms avg= 13.799ms p95= 14.499ms max= 41.440ms calls(last=  1,win= 120,total=960) (win 82.8% | avg 82.8% budget)
  music.fill_buffer                win=  7.154ms avg=  0.477ms p95=  7.032ms max=  7.419ms calls(last=  0,win=   8,total=63) (win 42.9% | avg 2.9% budget)
  frame.cpu_work                   win=  3.053ms avg=  3.053ms p95=  9.537ms max= 11.046ms calls(last=  1,win= 120,total=960) (win 18.3% | avg 18.3% budget)
  frame.render                     win=  2.439ms avg=  2.439ms p95=  2.522ms max=  4.196ms calls(last=  1,win= 120,total=960) (win 14.6% | avg 14.6% budget)
  menu.music                       win=  0.279ms avg=  0.557ms p95=  7.056ms max=  8.556ms calls(last=  2,win= 240,total=1920) (win 1.7% | avg 3.3% budget)
  frame.input_poll                 win=  0.036ms avg=  0.036ms p95=  0.037ms max=  0.095ms calls(last=  1,win= 120,total=960) (win 0.2% | avg 0.2% budget)
  music.update_stream              win=  0.016ms avg=  0.001ms p95=  0.014ms max=  1.529ms calls(last=  0,win=   8,total=63) (win 0.1% | avg 0.0% budget)
  frame.fixed_step                 win=  0.002ms avg=  0.003ms p95=  0.003ms max=  0.005ms calls(last=  1,win= 123,total=981) (win 0.0% | avg 0.0% budget)
  gameplay.music                   win=  0.002ms avg=  0.002ms p95=  0.002ms max=  0.049ms calls(last=  1,win= 120,total=960) (win 0.0% | avg 0.0% budget)
[MUSIC_PLAYER_WINDOW] label=menu calls=120 activeCalls=120 buffers=7 avg(buf/call=0.06 active=0.06) max(buf/call=1) upload(total=0.08ms avg=0.012ms max=0.017ms slow=0)
[MUSIC_PLAYER_WINDOW] label=gameplay calls=120 activeCalls=0 buffers=0 avg(buf/call=0.00 active=0.00) max(buf/call=0) upload(total=0.00ms avg=0.000ms max=0.000ms slow=0)

[PROFILE] frame=1080 budget=16.667ms alloc(+0/-0, +0b/-0b, live=5192b peak=20448b)
  frame.total                      win= 16.866ms avg= 16.866ms p95= 17.048ms max= 43.900ms calls(last=  1,win= 120,total=1080) (win 101.2% | avg 101.2% budget)
  frame.present                    win= 13.770ms avg= 13.770ms p95= 14.515ms max= 41.440ms calls(last=  1,win= 120,total=1080) (win 82.6% | avg 82.6% budget)
  music.fill_buffer                win=  7.103ms avg=  0.474ms p95=  7.078ms max=  7.419ms calls(last=  0,win=   8,total=71) (win 42.6% | avg 2.8% budget)
  frame.cpu_work                   win=  3.081ms avg=  3.081ms p95=  9.591ms max= 11.046ms calls(last=  1,win= 120,total=1080) (win 18.5% | avg 18.5% budget)
  frame.render                     win=  2.473ms avg=  2.473ms p95=  2.551ms max=  4.196ms calls(last=  1,win= 120,total=1080) (win 14.8% | avg 14.8% budget)
  menu.music                       win=  0.276ms avg=  0.551ms p95=  7.103ms max=  8.556ms calls(last=  2,win= 240,total=2160) (win 1.7% | avg 3.3% budget)
  frame.input_poll                 win=  0.036ms avg=  0.036ms p95=  0.037ms max=  0.095ms calls(last=  1,win= 120,total=1080) (win 0.2% | avg 0.2% budget)
  music.update_stream              win=  0.013ms avg=  0.001ms p95=  0.013ms max=  1.529ms calls(last=  0,win=   8,total=71) (win 0.1% | avg 0.0% budget)
  frame.fixed_step                 win=  0.002ms avg=  0.003ms p95=  0.003ms max=  0.005ms calls(last=  1,win= 122,total=1103) (win 0.0% | avg 0.0% budget)
  gameplay.music                   win=  0.002ms avg=  0.002ms p95=  0.002ms max=  0.050ms calls(last=  1,win= 120,total=1080) (win 0.0% | avg 0.0% budget)
[MUSIC_PLAYER_WINDOW] label=menu calls=120 activeCalls=120 buffers=8 avg(buf/call=0.07 active=0.07) max(buf/call=1) upload(total=0.08ms avg=0.010ms max=0.011ms slow=0)
[MUSIC_PLAYER_WINDOW] label=gameplay calls=120 activeCalls=0 buffers=0 avg(buf/call=0.00 active=0.00) max(buf/call=0) upload(total=0.00ms avg=0.000ms max=0.000ms slow=0)

[PROFILE] frame=1200 budget=16.667ms alloc(+0/-0, +0b/-0b, live=5192b peak=20448b)
  frame.total                      win= 16.858ms avg= 16.858ms p95= 17.008ms max= 43.900ms calls(last=  1,win= 120,total=1200) (win 101.1% | avg 101.1% budget)
  frame.present                    win= 13.806ms avg= 13.806ms p95= 14.483ms max= 41.440ms calls(last=  1,win= 120,total=1200) (win 82.8% | avg 82.8% budget)
  music.fill_buffer                win=  7.103ms avg=  0.474ms p95=  7.059ms max=  7.419ms calls(last=  0,win=   8,total=79) (win 42.6% | avg 2.8% budget)
  frame.cpu_work                   win=  3.037ms avg=  3.037ms p95=  9.581ms max= 11.046ms calls(last=  1,win= 120,total=1200) (win 18.2% | avg 18.2% budget)
  frame.render                     win=  2.456ms avg=  2.456ms p95=  2.585ms max=  4.196ms calls(last=  1,win= 120,total=1200) (win 14.7% | avg 14.7% budget)
  menu.music                       win=  0.262ms avg=  0.524ms p95=  7.082ms max=  8.556ms calls(last=  2,win= 240,total=2400) (win 1.6% | avg 3.1% budget)
  frame.input_poll                 win=  0.036ms avg=  0.036ms p95=  0.037ms max=  0.095ms calls(last=  1,win= 120,total=1200) (win 0.2% | avg 0.2% budget)
  music.update_stream              win=  0.013ms avg=  0.001ms p95=  0.012ms max=  1.529ms calls(last=  0,win=   8,total=79) (win 0.1% | avg 0.0% budget)
  frame.fixed_step                 win=  0.003ms avg=  0.003ms p95=  0.003ms max=  0.035ms calls(last=  1,win= 123,total=1226) (win 0.0% | avg 0.0% budget)
  gameplay.music                   win=  0.002ms avg=  0.002ms p95=  0.002ms max=  0.050ms calls(last=  1,win= 120,total=1200) (win 0.0% | avg 0.0% budget)
[MUSIC_PLAYER_WINDOW] label=menu calls=120 activeCalls=120 buffers=8 avg(buf/call=0.07 active=0.07) max(buf/call=1) upload(total=0.08ms avg=0.010ms max=0.011ms slow=0)
[MUSIC_PLAYER_WINDOW] label=gameplay calls=120 activeCalls=0 buffers=0 avg(buf/call=0.00 active=0.00) max(buf/call=0) upload(total=0.00ms avg=0.000ms max=0.000ms slow=0)

[PROFILE] frame=1320 budget=16.667ms alloc(+0/-0, +0b/-0b, live=5192b peak=20448b)
  frame.total                      win= 16.858ms avg= 16.858ms p95= 17.210ms max= 43.900ms calls(last=  1,win= 120,total=1320) (win 101.1% | avg 101.1% budget)
  frame.present                    win= 13.824ms avg= 13.824ms p95= 14.677ms max= 41.440ms calls(last=  1,win= 120,total=1320) (win 82.9% | avg 82.9% budget)
  music.fill_buffer                win=  7.139ms avg=  0.476ms p95=  7.072ms max=  7.419ms calls(last=  0,win=   8,total=87) (win 42.8% | avg 2.9% budget)
  frame.cpu_work                   win=  3.019ms avg=  3.019ms p95=  9.587ms max= 11.046ms calls(last=  1,win= 120,total=1320) (win 18.1% | avg 18.1% budget)
  frame.render                     win=  2.436ms avg=  2.436ms p95=  2.498ms max=  4.196ms calls(last=  1,win= 120,total=1320) (win 14.6% | avg 14.6% budget)
  menu.music                       win=  0.263ms avg=  0.526ms p95=  7.096ms max=  8.556ms calls(last=  2,win= 240,total=2640) (win 1.6% | avg 3.2% budget)
  frame.input_poll                 win=  0.036ms avg=  0.036ms p95=  0.037ms max=  0.095ms calls(last=  1,win= 120,total=1320) (win 0.2% | avg 0.2% budget)
  music.update_stream              win=  0.015ms avg=  0.001ms p95=  0.012ms max=  1.529ms calls(last=  0,win=   8,total=87) (win 0.1% | avg 0.0% budget)
  frame.fixed_step                 win=  0.002ms avg=  0.003ms p95=  0.003ms max=  0.035ms calls(last=  1,win= 122,total=1348) (win 0.0% | avg 0.0% budget)
  gameplay.music                   win=  0.002ms avg=  0.002ms p95=  0.002ms max=  0.050ms calls(last=  1,win= 120,total=1320) (win 0.0% | avg 0.0% budget)
[MUSIC_PLAYER_WINDOW] label=menu calls=120 activeCalls=120 buffers=8 avg(buf/call=0.07 active=0.07) max(buf/call=1) upload(total=0.08ms avg=0.010ms max=0.012ms slow=0)
[MUSIC_PLAYER_WINDOW] label=gameplay calls=120 activeCalls=0 buffers=0 avg(buf/call=0.00 active=0.00) max(buf/call=0) upload(total=0.00ms avg=0.000ms max=0.000ms slow=0)

[PROFILE] frame=1440 budget=16.667ms alloc(+0/-0, +0b/-0b, live=5192b peak=20448b)
  frame.total                      win= 16.858ms avg= 16.858ms p95= 17.061ms max= 43.900ms calls(last=  1,win= 120,total=1440) (win 101.1% | avg 101.1% budget)
  frame.present                    win= 13.781ms avg= 13.781ms p95= 14.471ms max= 41.440ms calls(last=  1,win= 120,total=1440) (win 82.7% | avg 82.7% budget)
  music.fill_buffer                win=  7.126ms avg=  0.475ms p95=  7.084ms max=  7.419ms calls(last=  0,win=   8,total=95) (win 42.8% | avg 2.9% budget)
  frame.cpu_work                   win=  3.061ms avg=  3.061ms p95=  9.597ms max= 11.046ms calls(last=  1,win= 120,total=1440) (win 18.4% | avg 18.4% budget)
  frame.render                     win=  2.454ms avg=  2.454ms p95=  2.619ms max=  4.196ms calls(last=  1,win= 120,total=1440) (win 14.7% | avg 14.7% budget)
  menu.music                       win=  0.275ms avg=  0.550ms p95=  7.107ms max=  8.556ms calls(last=  2,win= 240,total=2880) (win 1.6% | avg 3.3% budget)
  frame.input_poll                 win=  0.036ms avg=  0.036ms p95=  0.037ms max=  0.095ms calls(last=  1,win= 120,total=1440) (win 0.2% | avg 0.2% budget)
  music.update_stream              win=  0.014ms avg=  0.001ms p95=  0.012ms max=  1.529ms calls(last=  0,win=   8,total=95) (win 0.1% | avg 0.0% budget)
  frame.fixed_step                 win=  0.003ms avg=  0.003ms p95=  0.003ms max=  0.035ms calls(last=  1,win= 123,total=1471) (win 0.0% | avg 0.0% budget)
  gameplay.music                   win=  0.002ms avg=  0.002ms p95=  0.002ms max=  0.050ms calls(last=  1,win= 120,total=1440) (win 0.0% | avg 0.0% budget)
[MUSIC_PLAYER_WINDOW] label=menu calls=120 activeCalls=120 buffers=8 avg(buf/call=0.07 active=0.07) max(buf/call=1) upload(total=0.08ms avg=0.010ms max=0.012ms slow=0)
[MUSIC_PLAYER_WINDOW] label=gameplay calls=120 activeCalls=0 buffers=0 avg(buf/call=0.00 active=0.00) max(buf/call=0) upload(total=0.00ms avg=0.000ms max=0.000ms slow=0)

[PROFILE] frame=1560 budget=16.667ms alloc(+0/-0, +0b/-0b, live=5192b peak=20448b)
  frame.total                      win= 16.857ms avg= 16.857ms p95= 17.164ms max= 43.900ms calls(last=  1,win= 120,total=1560) (win 101.1% | avg 101.1% budget)
  frame.present                    win= 13.808ms avg= 13.808ms p95= 14.621ms max= 41.440ms calls(last=  1,win= 120,total=1560) (win 82.8% | avg 82.8% budget)
  music.fill_buffer                win=  7.145ms avg=  0.476ms p95=  7.099ms max=  7.419ms calls(last=  0,win=   8,total=103) (win 42.9% | avg 2.9% budget)
  frame.cpu_work                   win=  3.034ms avg=  3.034ms p95=  9.597ms max= 11.046ms calls(last=  1,win= 120,total=1560) (win 18.2% | avg 18.2% budget)
  frame.render                     win=  2.447ms avg=  2.447ms p95=  2.640ms max=  4.196ms calls(last=  1,win= 120,total=1560) (win 14.7% | avg 14.7% budget)
  menu.music                       win=  0.265ms avg=  0.530ms p95=  7.122ms max=  8.556ms calls(last=  2,win= 240,total=3120) (win 1.6% | avg 3.2% budget)
  frame.input_poll                 win=  0.036ms avg=  0.036ms p95=  0.037ms max=  0.095ms calls(last=  1,win= 120,total=1560) (win 0.2% | avg 0.2% budget)
  music.update_stream              win=  0.014ms avg=  0.001ms p95=  0.013ms max=  1.529ms calls(last=  0,win=   8,total=103) (win 0.1% | avg 0.0% budget)
  frame.fixed_step                 win=  0.002ms avg=  0.003ms p95=  0.003ms max=  0.035ms calls(last=  1,win= 122,total=1593) (win 0.0% | avg 0.0% budget)
  gameplay.music                   win=  0.002ms avg=  0.002ms p95=  0.002ms max=  0.050ms calls(last=  1,win= 120,total=1560) (win 0.0% | avg 0.0% budget)
[MUSIC_PLAYER_WINDOW] label=menu calls=120 activeCalls=120 buffers=8 avg(buf/call=0.07 active=0.07) max(buf/call=1) upload(total=0.08ms avg=0.010ms max=0.012ms slow=0)
[MUSIC_PLAYER_WINDOW] label=gameplay calls=120 activeCalls=0 buffers=0 avg(buf/call=0.00 active=0.00) max(buf/call=0) upload(total=0.00ms avg=0.000ms max=0.000ms slow=0)

[PROFILE] frame=1680 budget=16.667ms alloc(+0/-0, +0b/-0b, live=5192b peak=20448b)
  frame.total                      win= 16.857ms avg= 16.857ms p95= 17.062ms max= 43.900ms calls(last=  1,win= 120,total=1680) (win 101.1% | avg 101.1% budget)
  frame.present                    win= 13.783ms avg= 13.783ms p95= 14.527ms max= 41.440ms calls(last=  1,win= 120,total=1680) (win 82.7% | avg 82.7% budget)
  music.fill_buffer                win=  7.149ms avg=  0.477ms p95=  7.112ms max=  7.419ms calls(last=  0,win=   8,total=111) (win 42.9% | avg 2.9% budget)
  frame.cpu_work                   win=  3.058ms avg=  3.058ms p95=  9.620ms max= 11.046ms calls(last=  1,win= 120,total=1680) (win 18.3% | avg 18.3% budget)
  frame.render                     win=  2.446ms avg=  2.446ms p95=  2.576ms max=  4.196ms calls(last=  1,win= 120,total=1680) (win 14.7% | avg 14.7% budget)
  menu.music                       win=  0.278ms avg=  0.556ms p95=  7.138ms max=  8.556ms calls(last=  2,win= 240,total=3360) (win 1.7% | avg 3.3% budget)
  frame.input_poll                 win=  0.036ms avg=  0.036ms p95=  0.037ms max=  0.095ms calls(last=  1,win= 120,total=1680) (win 0.2% | avg 0.2% budget)
  music.update_stream              win=  0.014ms avg=  0.001ms p95=  0.013ms max=  1.529ms calls(last=  0,win=   8,total=111) (win 0.1% | avg 0.0% budget)
  frame.fixed_step                 win=  0.002ms avg=  0.003ms p95=  0.003ms max=  0.035ms calls(last=  1,win= 122,total=1715) (win 0.0% | avg 0.0% budget)
  gameplay.music                   win=  0.002ms avg=  0.002ms p95=  0.002ms max=  0.050ms calls(last=  1,win= 120,total=1680) (win 0.0% | avg 0.0% budget)
[MUSIC_PLAYER_WINDOW] label=menu calls=120 activeCalls=120 buffers=8 avg(buf/call=0.07 active=0.07) max(buf/call=1) upload(total=0.08ms avg=0.010ms max=0.011ms slow=0)
[MUSIC_PLAYER_WINDOW] label=gameplay calls=120 activeCalls=0 buffers=0 avg(buf/call=0.00 active=0.00) max(buf/call=0) upload(total=0.00ms avg=0.000ms max=0.000ms slow=0)

[PROFILE] frame=1800 budget=16.667ms alloc(+0/-0, +0b/-0b, live=5192b peak=20448b)
  frame.total                      win= 16.858ms avg= 16.858ms p95= 17.087ms max= 43.900ms calls(last=  1,win= 120,total=1800) (win 101.1% | avg 101.1% budget)
  frame.present                    win= 13.792ms avg= 13.792ms p95= 14.546ms max= 41.440ms calls(last=  1,win= 120,total=1800) (win 82.8% | avg 82.8% budget)
  music.fill_buffer                win=  7.131ms avg=  0.475ms p95=  7.104ms max=  7.419ms calls(last=  0,win=   8,total=119) (win 42.8% | avg 2.9% budget)
  frame.cpu_work                   win=  3.050ms avg=  3.050ms p95=  9.634ms max= 11.046ms calls(last=  1,win= 120,total=1800) (win 18.3% | avg 18.3% budget)
  frame.render                     win=  2.467ms avg=  2.467ms p95=  2.597ms max=  5.752ms calls(last=  1,win= 120,total=1800) (win 14.8% | avg 14.8% budget)
  menu.music                       win=  0.263ms avg=  0.527ms p95=  7.143ms max=  8.556ms calls(last=  2,win= 240,total=3600) (win 1.6% | avg 3.2% budget)
  frame.input_poll                 win=  0.036ms avg=  0.036ms p95=  0.037ms max=  0.095ms calls(last=  1,win= 120,total=1800) (win 0.2% | avg 0.2% budget)
  music.update_stream              win=  0.013ms avg=  0.001ms p95=  0.013ms max=  1.529ms calls(last=  0,win=   8,total=119) (win 0.1% | avg 0.0% budget)
  frame.fixed_step                 win=  0.002ms avg=  0.002ms p95=  0.003ms max=  0.035ms calls(last=  1,win= 123,total=1838) (win 0.0% | avg 0.0% budget)
  gameplay.music                   win=  0.002ms avg=  0.002ms p95=  0.002ms max=  0.050ms calls(last=  1,win= 120,total=1800) (win 0.0% | avg 0.0% budget)
[MUSIC_PLAYER_WINDOW] label=menu calls=120 activeCalls=120 buffers=8 avg(buf/call=0.07 active=0.07) max(buf/call=1) upload(total=0.08ms avg=0.009ms max=0.011ms slow=0)
[MUSIC_PLAYER_WINDOW] label=gameplay calls=120 activeCalls=0 buffers=0 avg(buf/call=0.00 active=0.00) max(buf/call=0) upload(total=0.00ms avg=0.000ms max=0.000ms slow=0)

[PROFILE] frame=1920 budget=16.667ms alloc(+0/-0, +0b/-0b, live=5192b peak=20448b)
  frame.total                      win= 16.877ms avg= 16.877ms p95= 17.195ms max= 43.900ms calls(last=  1,win= 120,total=1920) (win 101.3% | avg 101.3% budget)
  frame.present                    win= 13.819ms avg= 13.819ms p95= 14.618ms max= 41.440ms calls(last=  1,win= 120,total=1920) (win 82.9% | avg 82.9% budget)
  music.fill_buffer                win=  7.141ms avg=  0.476ms p95=  7.108ms max=  7.419ms calls(last=  0,win=   8,total=127) (win 42.8% | avg 2.9% budget)
  frame.cpu_work                   win=  3.043ms avg=  3.043ms p95=  9.663ms max= 11.046ms calls(last=  1,win= 120,total=1920) (win 18.3% | avg 18.3% budget)
  frame.render                     win=  2.443ms avg=  2.443ms p95=  2.545ms max=  5.752ms calls(last=  1,win= 120,total=1920) (win 14.7% | avg 14.7% budget)
  menu.music                       win=  0.271ms avg=  0.542ms p95=  7.133ms max=  8.556ms calls(last=  2,win= 240,total=3840) (win 1.6% | avg 3.3% budget)
  music.update_stream              win=  0.106ms avg=  0.007ms p95=  0.013ms max=  1.529ms calls(last=  0,win=   8,total=127) (win 0.6% | avg 0.0% budget)
  frame.input_poll                 win=  0.036ms avg=  0.036ms p95=  0.037ms max=  0.095ms calls(last=  1,win= 120,total=1920) (win 0.2% | avg 0.2% budget)
  frame.fixed_step                 win=  0.002ms avg=  0.003ms p95=  0.003ms max=  0.035ms calls(last=  1,win= 122,total=1960) (win 0.0% | avg 0.0% budget)
  gameplay.music                   win=  0.002ms avg=  0.002ms p95=  0.002ms max=  0.050ms calls(last=  1,win= 120,total=1920) (win 0.0% | avg 0.0% budget)
[MUSIC_PLAYER_WINDOW] label=menu calls=120 activeCalls=120 buffers=8 avg(buf/call=0.07 active=0.07) max(buf/call=1) upload(total=0.82ms avg=0.102ms max=0.745ms slow=0)
[MUSIC_PLAYER_WINDOW] label=gameplay calls=120 activeCalls=0 buffers=0 avg(buf/call=0.00 active=0.00) max(buf/call=0) upload(total=0.00ms avg=0.000ms max=0.000ms slow=0)

[PROFILE] frame=2040 budget=16.667ms alloc(+0/-0, +0b/-0b, live=5192b peak=20448b)
  frame.total                      win= 16.857ms avg= 16.857ms p95= 17.162ms max= 43.900ms calls(last=  1,win= 120,total=2040) (win 101.1% | avg 101.1% budget)
  frame.present                    win= 13.787ms avg= 13.787ms p95= 14.616ms max= 41.440ms calls(last=  1,win= 120,total=2040) (win 82.7% | avg 82.7% budget)
  music.fill_buffer                win=  7.243ms avg=  0.483ms p95=  7.172ms max=  7.419ms calls(last=  0,win=   8,total=135) (win 43.5% | avg 2.9% budget)
  frame.cpu_work                   win=  3.054ms avg=  3.054ms p95=  9.692ms max= 11.046ms calls(last=  1,win= 120,total=2040) (win 18.3% | avg 18.3% budget)
  frame.render                     win=  2.446ms avg=  2.446ms p95=  2.626ms max=  5.752ms calls(last=  1,win= 120,total=2040) (win 14.7% | avg 14.7% budget)
  menu.music                       win=  0.276ms avg=  0.552ms p95=  7.197ms max=  8.556ms calls(last=  2,win= 240,total=4080) (win 1.7% | avg 3.3% budget)
  frame.input_poll                 win=  0.036ms avg=  0.036ms p95=  0.037ms max=  0.095ms calls(last=  1,win= 120,total=2040) (win 0.2% | avg 0.2% budget)
  music.update_stream              win=  0.014ms avg=  0.001ms p95=  0.013ms max=  1.529ms calls(last=  0,win=   8,total=135) (win 0.1% | avg 0.0% budget)
  frame.fixed_step                 win=  0.002ms avg=  0.003ms p95=  0.003ms max=  0.035ms calls(last=  1,win= 123,total=2083) (win 0.0% | avg 0.0% budget)
  gameplay.music                   win=  0.002ms avg=  0.002ms p95=  0.002ms max=  0.050ms calls(last=  1,win= 120,total=2040) (win 0.0% | avg 0.0% budget)
[MUSIC_PLAYER_WINDOW] label=menu calls=120 activeCalls=120 buffers=8 avg(buf/call=0.07 active=0.07) max(buf/call=1) upload(total=0.08ms avg=0.010ms max=0.012ms slow=0)
[MUSIC_PLAYER_WINDOW] label=gameplay calls=120 activeCalls=0 buffers=0 avg(buf/call=0.00 active=0.00) max(buf/call=0) upload(total=0.00ms avg=0.000ms max=0.000ms slow=0)

[PROFILE] frame=2160 budget=16.667ms alloc(+0/-0, +0b/-0b, live=5192b peak=20448b)
  frame.total                      win= 16.856ms avg= 16.856ms p95= 17.051ms max= 43.900ms calls(last=  1,win= 120,total=2160) (win 101.1% | avg 101.1% budget)
  frame.present                    win= 13.786ms avg= 13.786ms p95= 14.558ms max= 41.440ms calls(last=  1,win= 120,total=2160) (win 82.7% | avg 82.7% budget)
  music.fill_buffer                win=  7.189ms avg=  0.479ms p95=  7.163ms max=  7.419ms calls(last=  0,win=   8,total=143) (win 43.1% | avg 2.9% budget)
  frame.cpu_work                   win=  3.056ms avg=  3.056ms p95=  9.679ms max= 11.046ms calls(last=  1,win= 120,total=2160) (win 18.3% | avg 18.3% budget)
  frame.render                     win=  2.443ms avg=  2.443ms p95=  2.524ms max=  5.752ms calls(last=  1,win= 120,total=2160) (win 14.7% | avg 14.7% budget)
  menu.music                       win=  0.278ms avg=  0.556ms p95=  7.187ms max=  8.556ms calls(last=  2,win= 240,total=4320) (win 1.7% | avg 3.3% budget)
  frame.input_poll                 win=  0.036ms avg=  0.036ms p95=  0.037ms max=  0.095ms calls(last=  1,win= 120,total=2160) (win 0.2% | avg 0.2% budget)
  music.update_stream              win=  0.014ms avg=  0.001ms p95=  0.013ms max=  1.529ms calls(last=  0,win=   8,total=143) (win 0.1% | avg 0.0% budget)
  frame.fixed_step                 win=  0.003ms avg=  0.003ms p95=  0.003ms max=  0.035ms calls(last=  1,win= 122,total=2205) (win 0.0% | avg 0.0% budget)
  gameplay.music                   win=  0.002ms avg=  0.002ms p95=  0.002ms max=  0.050ms calls(last=  1,win= 120,total=2160) (win 0.0% | avg 0.0% budget)
[MUSIC_PLAYER_WINDOW] label=menu calls=120 activeCalls=120 buffers=8 avg(buf/call=0.07 active=0.07) max(buf/call=1) upload(total=0.08ms avg=0.010ms max=0.012ms slow=0)
[MUSIC_PLAYER_WINDOW] label=gameplay calls=120 activeCalls=0 buffers=0 avg(buf/call=0.00 active=0.00) max(buf/call=0) upload(total=0.00ms avg=0.000ms max=0.000ms slow=0)

[PROFILE] frame=2280 budget=16.667ms alloc(+0/-0, +0b/-0b, live=5192b peak=20448b)
  frame.total                      win= 16.857ms avg= 16.857ms p95= 17.141ms max= 43.900ms calls(last=  1,win= 120,total=2280) (win 101.1% | avg 101.1% budget)
  frame.present                    win= 13.801ms avg= 13.801ms p95= 14.641ms max= 41.440ms calls(last=  1,win= 120,total=2280) (win 82.8% | avg 82.8% budget)
  music.fill_buffer                win=  7.210ms avg=  0.481ms p95=  7.175ms max=  7.419ms calls(last=  0,win=   8,total=151) (win 43.3% | avg 2.9% budget)
  frame.cpu_work                   win=  3.042ms avg=  3.042ms p95=  9.707ms max= 11.046ms calls(last=  1,win= 120,total=2280) (win 18.2% | avg 18.2% budget)
  frame.render                     win=  2.445ms avg=  2.445ms p95=  2.575ms max=  5.752ms calls(last=  1,win= 120,total=2280) (win 14.7% | avg 14.7% budget)
  menu.music                       win=  0.270ms avg=  0.540ms p95=  7.209ms max=  8.556ms calls(last=  2,win= 240,total=4560) (win 1.6% | avg 3.2% budget)
  frame.input_poll                 win=  0.036ms avg=  0.036ms p95=  0.037ms max=  0.095ms calls(last=  1,win= 120,total=2280) (win 0.2% | avg 0.2% budget)
  music.update_stream              win=  0.014ms avg=  0.001ms p95=  0.013ms max=  1.529ms calls(last=  0,win=   8,total=151) (win 0.1% | avg 0.0% budget)
  frame.fixed_step                 win=  0.002ms avg=  0.002ms p95=  0.003ms max=  0.035ms calls(last=  1,win= 122,total=2327) (win 0.0% | avg 0.0% budget)
  gameplay.music                   win=  0.002ms avg=  0.002ms p95=  0.002ms max=  0.050ms calls(last=  1,win= 120,total=2280) (win 0.0% | avg 0.0% budget)
[MUSIC_PLAYER_WINDOW] label=menu calls=120 activeCalls=120 buffers=8 avg(buf/call=0.07 active=0.07) max(buf/call=1) upload(total=0.08ms avg=0.010ms max=0.011ms slow=0)
[MUSIC_PLAYER_WINDOW] label=gameplay calls=120 activeCalls=0 buffers=0 avg(buf/call=0.00 active=0.00) max(buf/call=0) upload(total=0.00ms avg=0.000ms max=0.000ms slow=0)

[PROFILE] frame=2400 budget=16.667ms alloc(+0/-0, +0b/-0b, live=5192b peak=20448b)
  frame.total                      win= 16.866ms avg= 16.866ms p95= 17.125ms max= 43.900ms calls(last=  1,win= 120,total=2400) (win 101.2% | avg 101.2% budget)
  frame.present                    win= 13.774ms avg= 13.774ms p95= 14.515ms max= 41.440ms calls(last=  1,win= 120,total=2400) (win 82.6% | avg 82.6% budget)
  music.fill_buffer                win=  7.259ms avg=  0.484ms p95=  7.190ms max=  7.434ms calls(last=  0,win=   8,total=159) (win 43.6% | avg 2.9% budget)
  frame.cpu_work                   win=  3.078ms avg=  3.078ms p95=  9.757ms max= 11.198ms calls(last=  1,win= 120,total=2400) (win 18.5% | avg 18.5% budget)
  frame.render                     win=  2.441ms avg=  2.441ms p95=  2.603ms max=  5.752ms calls(last=  1,win= 120,total=2400) (win 14.6% | avg 14.6% budget)
  menu.music                       win=  0.290ms avg=  0.580ms p95=  7.243ms max=  8.724ms calls(last=  2,win= 240,total=4800) (win 1.7% | avg 3.5% budget)
  music.update_stream              win=  0.185ms avg=  0.012ms p95=  0.013ms max=  1.529ms calls(last=  0,win=   8,total=159) (win 1.1% | avg 0.1% budget)
  frame.input_poll                 win=  0.036ms avg=  0.036ms p95=  0.037ms max=  0.095ms calls(last=  1,win= 120,total=2400) (win 0.2% | avg 0.2% budget)
  frame.fixed_step                 win=  0.003ms avg=  0.003ms p95=  0.003ms max=  0.035ms calls(last=  1,win= 123,total=2450) (win 0.0% | avg 0.0% budget)
  gameplay.music                   win=  0.002ms avg=  0.002ms p95=  0.002ms max=  0.050ms calls(last=  1,win= 120,total=2400) (win 0.0% | avg 0.0% budget)
[MUSIC_PLAYER_WINDOW] label=menu calls=120 activeCalls=120 buffers=8 avg(buf/call=0.07 active=0.07) max(buf/call=1) upload(total=1.46ms avg=0.182ms max=0.894ms slow=0)
[MUSIC_PLAYER_WINDOW] label=gameplay calls=120 activeCalls=0 buffers=0 avg(buf/call=0.00 active=0.00) max(buf/call=0) upload(total=0.00ms avg=0.000ms max=0.000ms slow=0)

[PROFILE] frame=2520 budget=16.667ms alloc(+0/-0, +0b/-0b, live=5192b peak=20448b)
  frame.total                      win= 16.858ms avg= 16.858ms p95= 17.203ms max= 43.900ms calls(last=  1,win= 120,total=2520) (win 101.1% | avg 101.1% budget)
  frame.present                    win= 13.768ms avg= 13.768ms p95= 14.664ms max= 41.440ms calls(last=  1,win= 120,total=2520) (win 82.6% | avg 82.6% budget)
  music.fill_buffer                win=  7.240ms avg=  0.483ms p95=  7.158ms max=  7.434ms calls(last=  0,win=   8,total=167) (win 43.4% | avg 2.9% budget)
  frame.cpu_work                   win=  3.075ms avg=  3.075ms p95=  9.689ms max= 11.198ms calls(last=  1,win= 120,total=2520) (win 18.4% | avg 18.4% budget)
  frame.render                     win=  2.451ms avg=  2.451ms p95=  2.629ms max=  5.752ms calls(last=  1,win= 120,total=2520) (win 14.7% | avg 14.7% budget)
  menu.music                       win=  0.284ms avg=  0.567ms p95=  7.181ms max=  8.724ms calls(last=  2,win= 240,total=5040) (win 1.7% | avg 3.4% budget)
  frame.input_poll                 win=  0.036ms avg=  0.036ms p95=  0.037ms max=  0.095ms calls(last=  1,win= 120,total=2520) (win 0.2% | avg 0.2% budget)
  music.update_stream              win=  0.014ms avg=  0.001ms p95=  0.012ms max=  1.529ms calls(last=  0,win=   8,total=167) (win 0.1% | avg 0.0% budget)
  frame.fixed_step                 win=  0.003ms avg=  0.003ms p95=  0.003ms max=  0.035ms calls(last=  1,win= 122,total=2572) (win 0.0% | avg 0.0% budget)
  gameplay.music                   win=  0.002ms avg=  0.002ms p95=  0.002ms max=  0.050ms calls(last=  1,win= 120,total=2520) (win 0.0% | avg 0.0% budget)
[MUSIC_PLAYER_WINDOW] label=menu calls=120 activeCalls=120 buffers=8 avg(buf/call=0.07 active=0.07) max(buf/call=1) upload(total=0.08ms avg=0.010ms max=0.012ms slow=0)
[MUSIC_PLAYER_WINDOW] label=gameplay calls=120 activeCalls=0 buffers=0 avg(buf/call=0.00 active=0.00) max(buf/call=0) upload(total=0.00ms avg=0.000ms max=0.000ms slow=0)

[PROFILE] frame=2640 budget=16.667ms alloc(+0/-0, +0b/-0b, live=5192b peak=20448b)
  frame.total                      win= 16.856ms avg= 16.856ms p95= 17.133ms max= 43.900ms calls(last=  1,win= 120,total=2640) (win 101.1% | avg 101.1% budget)
  frame.present                    win= 13.761ms avg= 13.761ms p95= 14.553ms max= 41.440ms calls(last=  1,win= 120,total=2640) (win 82.6% | avg 82.6% budget)
  music.fill_buffer                win=  7.226ms avg=  0.482ms p95=  7.177ms max=  7.434ms calls(last=  0,win=   8,total=175) (win 43.4% | avg 2.9% budget)
  frame.cpu_work                   win=  3.078ms avg=  3.078ms p95=  9.654ms max= 11.198ms calls(last=  1,win= 120,total=2640) (win 18.5% | avg 18.5% budget)
  frame.render                     win=  2.420ms avg=  2.420ms p95=  2.582ms max=  5.752ms calls(last=  1,win= 120,total=2640) (win 14.5% | avg 14.5% budget)
  menu.music                       win=  0.301ms avg=  0.601ms p95=  7.199ms max=  8.724ms calls(last=  2,win= 240,total=5280) (win 1.8% | avg 3.6% budget)
  frame.input_poll                 win=  0.036ms avg=  0.036ms p95=  0.037ms max=  0.095ms calls(last=  1,win= 120,total=2640) (win 0.2% | avg 0.2% budget)
  music.update_stream              win=  0.014ms avg=  0.001ms p95=  0.012ms max=  1.529ms calls(last=  0,win=   8,total=175) (win 0.1% | avg 0.0% budget)
  frame.fixed_step                 win=  0.003ms avg=  0.003ms p95=  0.003ms max=  0.035ms calls(last=  1,win= 123,total=2695) (win 0.0% | avg 0.0% budget)
  gameplay.music                   win=  0.002ms avg=  0.002ms p95=  0.002ms max=  0.050ms calls(last=  1,win= 120,total=2640) (win 0.0% | avg 0.0% budget)
[MUSIC_PLAYER_WINDOW] label=menu calls=120 activeCalls=120 buffers=8 avg(buf/call=0.07 active=0.07) max(buf/call=1) upload(total=0.08ms avg=0.010ms max=0.013ms slow=0)
[MUSIC_PLAYER_WINDOW] label=gameplay calls=120 activeCalls=0 buffers=0 avg(buf/call=0.00 active=0.00) max(buf/call=0) upload(total=0.00ms avg=0.000ms max=0.000ms slow=0)

[PROFILE] frame=2760 budget=16.667ms alloc(+0/-0, +0b/-0b, live=256760b peak=256760b)
  frame.total                      win= 17.697ms avg= 17.697ms p95= 17.074ms max=106.689ms calls(last=  1,win= 120,total=2760) (win 106.2% | avg 106.2% budget)
  frame.present                    win= 14.380ms avg= 14.380ms p95= 16.311ms max= 41.440ms calls(last=  1,win= 120,total=2760) (win 86.3% | avg 86.3% budget)
  music.fill_buffer                win=  5.242ms avg=  0.349ms p95=  3.247ms max=  7.434ms calls(last=  0,win=   8,total=183) (win 31.5% | avg 2.1% budget)
  frame.cpu_work                   win=  3.302ms avg=  3.302ms p95=  9.791ms max=105.065ms calls(last=  1,win= 120,total=2760) (win 19.8% | avg 19.8% budget)
  frame.render.world               win=  2.549ms avg=  0.149ms p95=  2.116ms max=  3.807ms calls(last=  1,win=   7,total=7) (win 15.3% | avg 0.9% budget)
  frame.render                     win=  1.935ms avg=  1.935ms p95=  4.756ms max= 25.862ms calls(last=  1,win= 120,total=2760) (win 11.6% | avg 11.6% budget)
  game.update                      win=  1.586ms avg=  0.898ms p95=  0.396ms max=104.116ms calls(last=  1,win=  68,total=68) (win 9.5% | avg 5.4% budget)
  frame.render.hud                 win=  0.912ms avg=  0.053ms p95=  0.876ms max=  0.946ms calls(last=  1,win=   7,total=7) (win 5.5% | avg 0.3% budget)
  frame.fixed_step                 win=  0.873ms avg=  0.909ms p95=  0.413ms max=104.148ms calls(last=  1,win= 125,total=2820) (win 5.2% | avg 5.5% budget)
  frame.render.world.maze          win=  0.790ms avg=  0.046ms p95=  0.737ms max=  0.835ms calls(last=  1,win=   7,total=7) (win 4.7% | avg 0.3% budget)
  frame.render.world.effects       win=  0.499ms avg=  0.029ms p95=  0.389ms max=  0.857ms calls(last=  1,win=   7,total=7) (win 3.0% | avg 0.2% budget)
  system.ai_update                 win=  0.478ms avg=  0.024ms p95=  0.000ms max=  1.142ms calls(last=  1,win=   6,total=6) (win 2.9% | avg 0.1% budget)
  enemy.update                     win=  0.472ms avg=  0.024ms p95=  0.000ms max=  1.133ms calls(last=  1,win=   6,total=6) (win 2.8% | avg 0.1% budget)
  frame.render.hud.minimap         win=  0.373ms avg=  0.022ms p95=  0.371ms max=  0.375ms calls(last=  1,win=   7,total=7) (win 2.2% | avg 0.1% budget)
  frame.render.world.enemies       win=  0.285ms avg=  0.017ms p95=  0.172ms max=  0.947ms calls(last=  1,win=   7,total=7) (win 1.7% | avg 0.1% budget)
  frame.render.world.enemies.draw  win=  0.274ms avg=  0.016ms p95=  0.162ms max=  0.930ms calls(last=  1,win=   7,total=7) (win 1.6% | avg 0.1% budget)
  frame.render.hud.text            win=  0.219ms avg=  0.013ms p95=  0.207ms max=  0.254ms calls(last=  1,win=   7,total=7) (win 1.3% | avg 0.1% budget)
  menu.music                       win=  0.203ms avg=  0.405ms p95=  3.329ms max=  8.724ms calls(last=  2,win= 240,total=5520) (win 1.2% | avg 2.4% budget)
  frame.render.hud.compass         win=  0.150ms avg=  0.009ms p95=  0.148ms max=  0.153ms calls(last=  1,win=   7,total=7) (win 0.9% | avg 0.1% budget)
  gameplay.music                   win=  0.145ms avg=  0.145ms p95=  0.311ms max=  4.446ms calls(last=  1,win= 120,total=2760) (win 0.9% | avg 0.9% budget)
  frame.render.hud.lives           win=  0.054ms avg=  0.003ms p95=  0.049ms max=  0.079ms calls(last=  1,win=   7,total=7) (win 0.3% | avg 0.0% budget)
  frame.render.hud.static          win=  0.046ms avg=  0.003ms p95=  0.033ms max=  0.060ms calls(last=  1,win=   7,total=7) (win 0.3% | avg 0.0% budget)
  frame.render.hud.bars            win=  0.043ms avg=  0.002ms p95=  0.037ms max=  0.069ms calls(last=  1,win=   7,total=7) (win 0.3% | avg 0.0% budget)
  frame.input_poll                 win=  0.036ms avg=  0.036ms p95=  0.037ms max=  0.095ms calls(last=  1,win= 120,total=2760) (win 0.2% | avg 0.2% budget)
[ENEMY_STATS] frame=2760 alive=0 visible=0 full=0 cheap=0 fullInBase=0 pairs(frontal=0 checks=0 separation=0 resolved=0)
[ENEMY_WINDOW] steps=7 alive[min=0 max=0] visible[min=0 max=0] full[min=0 max=0] collisionPasses[runs=0 skips=7]
[ENEMY_SEGMENTS] window=0.117s D{b/s=0.00 avgLen=0.00 fail=0} T{b/s=0.00 avgLen=0.00 fail=0} H{b/s=0.00 avgLen=0.00 fail=0} A{b/s=0.00 avgLen=0.00 fail=0}
[ENEMY_GRID] frontal{cand/s=0.0 xcell/s=0.0 ins/s=0.0} separation{cand/s=0.0}
[ENEMY_COLLISION_WINDOW] frontal{pairs/s=0.0 checks/s=0.0 baseSkip=0 kill=0(0.0%)} separation{pairs/s=0.0 resolved/s=0.0(0.0%) baseSkip=0 kill=0 wallBlock=0}
[ENEMY_NAV_CACHE] playerCell{changes=0 flowRebuilds=0} flow{hit=0 miss=0 hit%=0.0} pathFallback{calls=0 ok=0 ok%=0.0}
[ENEMY_SAP] updates=0 active=0 pairs=0 repairs{x=0 y=0}
[ENEMY_PAIR_TYPES] frontal DD=0 DT=0 DH=0 DA=0 TT=0 TH=0 TA=0 HH=0 HA=0 AA=0 separation DD=0 DT=0 DH=0 DA=0 TT=0 TH=0 TA=0 HH=0 HA=0 AA=0
[AUDIO_ROUTE_WINDOW] steps=69 events=1 sounds=1 avg(step ev=0.01 snd=0.01) max(step ev=1 snd=1)
  events{shotP=0 shotE=0 dead=0 spawn=0 base=0 wall=0 start=1 playerExpl=0}
  sounds{shotP=0 shotE=0 dead=0 spawn=0 base=0 wall=0 start=1 playerExpl=0}
[MUSIC_PLAYER_WINDOW] label=menu calls=120 activeCalls=54 buffers=4 avg(buf/call=0.03 active=0.07) max(buf/call=1) upload(total=0.04ms avg=0.010ms max=0.011ms slow=0)
[MUSIC_PLAYER_WINDOW] label=gameplay calls=120 activeCalls=66 buffers=4 avg(buf/call=0.03 active=0.06) max(buf/call=1) upload(total=0.04ms avg=0.010ms max=0.010ms slow=0)

[PROFILE] frame=2880 budget=16.667ms alloc(+0/-0, +0b/-0b, live=265200b peak=269320b)
  frame.total                      win= 16.853ms avg= 16.853ms p95= 17.195ms max=106.689ms calls(last=  1,win= 120,total=2880) (win 101.1% | avg 101.1% budget)
  frame.present                    win= 10.921ms avg= 10.921ms p95= 11.716ms max= 41.440ms calls(last=  1,win= 120,total=2880) (win 65.5% | avg 65.5% budget)
  frame.cpu_work                   win=  5.918ms avg=  5.918ms p95=  8.635ms max=105.065ms calls(last=  1,win= 120,total=2880) (win 35.5% | avg 35.5% budget)
  frame.render                     win=  4.826ms avg=  4.826ms p95=  5.123ms max= 25.862ms calls(last=  1,win= 120,total=2880) (win 29.0% | avg 29.0% budget)
  music.fill_buffer                win=  3.420ms avg=  0.228ms p95=  3.316ms max=  7.434ms calls(last=  0,win=   8,total=191) (win 20.5% | avg 1.4% budget)
  frame.render.world               win=  2.217ms avg=  2.217ms p95=  2.412ms max=  3.807ms calls(last=  1,win= 120,total=127) (win 13.3% | avg 13.3% budget)
  frame.render.hud                 win=  0.811ms avg=  0.811ms p95=  0.896ms max=  1.080ms calls(last=  1,win= 120,total=127) (win 4.9% | avg 4.9% budget)
  frame.render.world.maze          win=  0.791ms avg=  0.791ms p95=  0.883ms max=  0.988ms calls(last=  1,win= 120,total=127) (win 4.7% | avg 4.7% budget)
  frame.fixed_step                 win=  0.598ms avg=  0.613ms p95=  1.278ms max=104.148ms calls(last=  1,win= 123,total=2943) (win 3.6% | avg 3.7% budget)
  game.update                      win=  0.580ms avg=  0.595ms p95=  1.261ms max=104.116ms calls(last=  1,win= 123,total=191) (win 3.5% | avg 3.6% budget)
  system.ai_update                 win=  0.454ms avg=  0.465ms p95=  1.167ms max=  1.748ms calls(last=  1,win= 123,total=129) (win 2.7% | avg 2.8% budget)
  enemy.update                     win=  0.449ms avg=  0.460ms p95=  1.163ms max=  1.742ms calls(last=  1,win= 123,total=129) (win 2.7% | avg 2.8% budget)
  frame.render.world.effects       win=  0.425ms avg=  0.425ms p95=  0.494ms max=  0.857ms calls(last=  1,win= 120,total=127) (win 2.6% | avg 2.6% budget)
  gameplay.music                   win=  0.424ms avg=  0.424ms p95=  3.340ms max=  4.446ms calls(last=  1,win= 120,total=2880) (win 2.5% | avg 2.5% budget)
  frame.render.hud.minimap         win=  0.383ms avg=  0.383ms p95=  0.421ms max=  0.594ms calls(last=  1,win= 120,total=127) (win 2.3% | avg 2.3% budget)
  frame.render.hud.text            win=  0.218ms avg=  0.218ms p95=  0.250ms max=  0.326ms calls(last=  1,win= 120,total=127) (win 1.3% | avg 1.3% budget)
  menu.music                       win=  0.213ms avg=  0.426ms p95=  3.341ms max=  8.724ms calls(last=  2,win= 240,total=5760) (win 1.3% | avg 2.6% budget)
  frame.render.world.enemies       win=  0.178ms avg=  0.178ms p95=  0.182ms max=  0.947ms calls(last=  1,win= 120,total=127) (win 1.1% | avg 1.1% budget)
  frame.render.world.enemies.draw  win=  0.165ms avg=  0.165ms p95=  0.168ms max=  0.930ms calls(last=  1,win= 120,total=127) (win 1.0% | avg 1.0% budget)
  enemy.cheap.segment_build        win=  0.069ms avg=  0.001ms p95=  0.000ms max=  0.072ms calls(last=  0,win=   2,total=2) (win 0.4% | avg 0.0% budget)
  frame.render.hud.compass         win=  0.055ms avg=  0.055ms p95=  0.097ms max=  0.153ms calls(last=  1,win= 120,total=127) (win 0.3% | avg 0.3% budget)
  frame.render.hud.lives           win=  0.052ms avg=  0.052ms p95=  0.053ms max=  0.156ms calls(last=  1,win= 120,total=127) (win 0.3% | avg 0.3% budget)
  frame.render.hud.static          win=  0.045ms avg=  0.045ms p95=  0.059ms max=  0.120ms calls(last=  1,win= 120,total=127) (win 0.3% | avg 0.3% budget)
  frame.render.hud.bars            win=  0.039ms avg=  0.039ms p95=  0.040ms max=  0.146ms calls(last=  1,win= 120,total=127) (win 0.2% | avg 0.2% budget)
[ENEMY_STATS] frame=2880 alive=7 visible=0 full=0 cheap=7 fullInBase=0 pairs(frontal=0 checks=0 separation=0 resolved=0)
[ENEMY_WINDOW] steps=123 alive[min=0 max=7] visible[min=0 max=0] full[min=0 max=0] collisionPasses[runs=0 skips=123]
[ENEMY_SEGMENTS] window=2.050s D{b/s=0.98 avgLen=5.90 fail=0} T{b/s=0.00 avgLen=0.00 fail=0} H{b/s=0.00 avgLen=0.00 fail=0} A{b/s=0.00 avgLen=0.00 fail=0}
[ENEMY_GRID] frontal{cand/s=0.0 xcell/s=0.0 ins/s=0.0} separation{cand/s=0.0}
[ENEMY_COLLISION_WINDOW] frontal{pairs/s=0.0 checks/s=0.0 baseSkip=0 kill=0(0.0%)} separation{pairs/s=0.0 resolved/s=0.0(0.0%) baseSkip=0 kill=0 wallBlock=0}
[ENEMY_NAV_CACHE] playerCell{changes=0 flowRebuilds=0} flow{hit=0 miss=0 hit%=0.0} pathFallback{calls=0 ok=0 ok%=0.0}
[ENEMY_SAP] updates=0 active=0 pairs=0 repairs{x=0 y=0}
[ENEMY_PAIR_TYPES] frontal DD=0 DT=0 DH=0 DA=0 TT=0 TH=0 TA=0 HH=0 HA=0 AA=0 separation DD=0 DT=0 DH=0 DA=0 TT=0 TH=0 TA=0 HH=0 HA=0 AA=0
[AUDIO_ROUTE_WINDOW] steps=123 events=7 sounds=0 avg(step ev=0.06 snd=0.00) max(step ev=2 snd=0)
  events{shotP=0 shotE=0 dead=0 spawn=7 base=0 wall=0 start=0 playerExpl=0}
  sounds{shotP=0 shotE=0 dead=0 spawn=0 base=0 wall=0 start=0 playerExpl=0}
[MUSIC_PLAYER_WINDOW] label=menu calls=120 activeCalls=0 buffers=0 avg(buf/call=0.00 active=0.00) max(buf/call=0) upload(total=0.00ms avg=0.000ms max=0.000ms slow=0)
[MUSIC_PLAYER_WINDOW] label=gameplay calls=120 activeCalls=120 buffers=8 avg(buf/call=0.07 active=0.07) max(buf/call=1) upload(total=0.08ms avg=0.009ms max=0.010ms slow=0)

[PROFILE] frame=3000 budget=16.667ms alloc(+0/-0, +0b/-0b, live=273584b peak=281784b)
  frame.total                      win= 16.859ms avg= 16.859ms p95= 17.173ms max=106.689ms calls(last=  1,win= 120,total=3000) (win 101.2% | avg 101.2% budget)
  frame.present                    win= 10.793ms avg= 10.793ms p95= 11.721ms max= 41.440ms calls(last=  1,win= 120,total=3000) (win 64.8% | avg 64.8% budget)
  frame.cpu_work                   win=  6.052ms avg=  6.052ms p95=  8.977ms max=105.065ms calls(last=  1,win= 120,total=3000) (win 36.3% | avg 36.3% budget)
  frame.render                     win=  4.877ms avg=  4.877ms p95=  5.239ms max= 25.862ms calls(last=  1,win= 120,total=3000) (win 29.3% | avg 29.3% budget)
  music.fill_buffer                win=  3.515ms avg=  0.234ms p95=  3.465ms max=  7.434ms calls(last=  0,win=   8,total=199) (win 21.1% | avg 1.4% budget)
  frame.render.world               win=  2.303ms avg=  2.303ms p95=  2.677ms max=  4.279ms calls(last=  1,win= 120,total=247) (win 13.8% | avg 13.8% budget)
  frame.render.world.maze          win=  0.884ms avg=  0.884ms p95=  1.038ms max=  1.298ms calls(last=  1,win= 120,total=247) (win 5.3% | avg 5.3% budget)
  frame.render.hud                 win=  0.817ms avg=  0.817ms p95=  0.893ms max=  1.080ms calls(last=  1,win= 120,total=247) (win 4.9% | avg 4.9% budget)
  frame.fixed_step                 win=  0.802ms avg=  0.816ms p95=  1.590ms max=104.148ms calls(last=  1,win= 122,total=3065) (win 4.8% | avg 4.9% budget)
  game.update                      win=  0.784ms avg=  0.797ms p95=  1.569ms max=104.116ms calls(last=  1,win= 122,total=313) (win 4.7% | avg 4.8% budget)
  system.ai_update                 win=  0.639ms avg=  0.649ms p95=  1.420ms max=  2.402ms calls(last=  1,win= 122,total=251) (win 3.8% | avg 3.9% budget)
  enemy.update                     win=  0.634ms avg=  0.645ms p95=  1.415ms max=  2.397ms calls(last=  1,win= 122,total=251) (win 3.8% | avg 3.9% budget)
  frame.render.world.effects       win=  0.447ms avg=  0.447ms p95=  0.554ms max=  0.927ms calls(last=  1,win= 120,total=247) (win 2.7% | avg 2.7% budget)
  frame.render.hud.minimap         win=  0.386ms avg=  0.386ms p95=  0.423ms max=  0.657ms calls(last=  1,win= 120,total=247) (win 2.3% | avg 2.3% budget)
  gameplay.music                   win=  0.305ms avg=  0.305ms p95=  3.486ms max=  4.446ms calls(last=  1,win= 120,total=3000) (win 1.8% | avg 1.8% budget)
  frame.render.hud.text            win=  0.225ms avg=  0.225ms p95=  0.270ms max=  0.494ms calls(last=  1,win= 120,total=247) (win 1.3% | avg 1.3% budget)
  frame.render.world.enemies       win=  0.184ms avg=  0.184ms p95=  0.201ms max=  0.947ms calls(last=  1,win= 120,total=247) (win 1.1% | avg 1.1% budget)
  frame.render.world.enemies.draw  win=  0.169ms avg=  0.169ms p95=  0.173ms max=  0.930ms calls(last=  1,win= 120,total=247) (win 1.0% | avg 1.0% budget)
  menu.music                       win=  0.154ms avg=  0.307ms p95=  3.486ms max=  8.724ms calls(last=  2,win= 240,total=6000) (win 0.9% | avg 1.8% budget)
  enemy.cheap.segment_build        win=  0.055ms avg=  0.001ms p95=  0.000ms max=  0.103ms calls(last=  0,win=   3,total=5) (win 0.3% | avg 0.0% budget)
  frame.render.hud.lives           win=  0.051ms avg=  0.051ms p95=  0.053ms max=  0.156ms calls(last=  1,win= 120,total=247) (win 0.3% | avg 0.3% budget)
  frame.render.hud.compass         win=  0.051ms avg=  0.051ms p95=  0.052ms max=  0.153ms calls(last=  1,win= 120,total=247) (win 0.3% | avg 0.3% budget)
  frame.render.hud.static          win=  0.045ms avg=  0.045ms p95=  0.058ms max=  0.120ms calls(last=  1,win= 120,total=247) (win 0.3% | avg 0.3% budget)
  frame.render.hud.bars            win=  0.039ms avg=  0.039ms p95=  0.040ms max=  0.146ms calls(last=  1,win= 120,total=247) (win 0.2% | avg 0.2% budget)
[ENEMY_STATS] frame=3000 alive=15 visible=0 full=0 cheap=15 fullInBase=0 pairs(frontal=0 checks=0 separation=0 resolved=0)
[ENEMY_WINDOW] steps=122 alive[min=7 max=15] visible[min=0 max=0] full[min=0 max=0] collisionPasses[runs=0 skips=122]
[ENEMY_SEGMENTS] window=2.033s D{b/s=1.48 avgLen=4.60 fail=0} T{b/s=0.00 avgLen=0.00 fail=0} H{b/s=0.00 avgLen=0.00 fail=0} A{b/s=0.00 avgLen=0.00 fail=0}
[ENEMY_GRID] frontal{cand/s=0.0 xcell/s=0.0 ins/s=0.0} separation{cand/s=0.0}
[ENEMY_COLLISION_WINDOW] frontal{pairs/s=0.0 checks/s=0.0 baseSkip=0 kill=0(0.0%)} separation{pairs/s=0.0 resolved/s=0.0(0.0%) baseSkip=0 kill=0 wallBlock=0}
[ENEMY_NAV_CACHE] playerCell{changes=0 flowRebuilds=0} flow{hit=0 miss=0 hit%=0.0} pathFallback{calls=0 ok=0 ok%=0.0}
[ENEMY_SAP] updates=0 active=0 pairs=0 repairs{x=0 y=0}
[ENEMY_PAIR_TYPES] frontal DD=0 DT=0 DH=0 DA=0 TT=0 TH=0 TA=0 HH=0 HA=0 AA=0 separation DD=0 DT=0 DH=0 DA=0 TT=0 TH=0 TA=0 HH=0 HA=0 AA=0
[AUDIO_ROUTE_WINDOW] steps=122 events=9 sounds=0 avg(step ev=0.07 snd=0.00) max(step ev=2 snd=0)
  events{shotP=0 shotE=0 dead=0 spawn=9 base=0 wall=0 start=0 playerExpl=0}
  sounds{shotP=0 shotE=0 dead=0 spawn=0 base=0 wall=0 start=0 playerExpl=0}
[MUSIC_PLAYER_WINDOW] label=menu calls=120 activeCalls=0 buffers=0 avg(buf/call=0.00 active=0.00) max(buf/call=0) upload(total=0.00ms avg=0.000ms max=0.000ms slow=0)
[MUSIC_PLAYER_WINDOW] label=gameplay calls=120 activeCalls=120 buffers=8 avg(buf/call=0.07 active=0.07) max(buf/call=1) upload(total=0.07ms avg=0.009ms max=0.010ms slow=0)

[PROFILE] frame=3120 budget=16.667ms alloc(+18/-18, +1440b/-1440b, live=290256b peak=306760b)
  frame.total                      win= 16.844ms avg= 16.844ms p95= 17.196ms max=106.689ms calls(last=  1,win= 120,total=3120) (win 101.1% | avg 101.1% budget)
  frame.present                    win= 10.203ms avg= 10.203ms p95= 11.240ms max= 41.440ms calls(last=  1,win= 120,total=3120) (win 61.2% | avg 61.2% budget)
  frame.cpu_work                   win=  6.627ms avg=  6.627ms p95=  9.339ms max=105.065ms calls(last=  1,win= 120,total=3120) (win 39.8% | avg 39.8% budget)
  frame.render                     win=  5.118ms avg=  5.118ms p95=  5.509ms max= 25.862ms calls(last=  1,win= 120,total=3120) (win 30.7% | avg 30.7% budget)
  music.fill_buffer                win=  3.619ms avg=  0.241ms p95=  3.542ms max=  7.434ms calls(last=  0,win=   8,total=207) (win 21.7% | avg 1.4% budget)
  frame.render.world               win=  2.465ms avg=  2.465ms p95=  2.756ms max=  4.279ms calls(last=  1,win= 120,total=367) (win 14.8% | avg 14.8% budget)
  frame.fixed_step                 win=  1.116ms avg=  1.144ms p95=  1.936ms max=104.148ms calls(last=  1,win= 123,total=3188) (win 6.7% | avg 6.9% budget)
  game.update                      win=  1.097ms avg=  1.125ms p95=  1.920ms max=104.116ms calls(last=  1,win= 123,total=436) (win 6.6% | avg 6.7% budget)
  frame.render.world.maze          win=  1.065ms avg=  1.065ms p95=  1.171ms max=  1.316ms calls(last=  1,win= 120,total=367) (win 6.4% | avg 6.4% budget)
  system.ai_update                 win=  0.949ms avg=  0.972ms p95=  1.783ms max=  2.402ms calls(last=  1,win= 123,total=374) (win 5.7% | avg 5.8% budget)
  enemy.update                     win=  0.944ms avg=  0.968ms p95=  1.778ms max=  2.397ms calls(last=  1,win= 123,total=374) (win 5.7% | avg 5.8% budget)
  frame.render.hud                 win=  0.835ms avg=  0.835ms p95=  0.922ms max=  1.080ms calls(last=  1,win= 120,total=367) (win 5.0% | avg 5.0% budget)
  frame.render.world.effects       win=  0.430ms avg=  0.430ms p95=  0.531ms max=  0.927ms calls(last=  1,win= 120,total=367) (win 2.6% | avg 2.6% budget)
  frame.render.hud.minimap         win=  0.398ms avg=  0.398ms p95=  0.442ms max=  0.657ms calls(last=  1,win= 120,total=367) (win 2.4% | avg 2.4% budget)
  gameplay.music                   win=  0.311ms avg=  0.311ms p95=  3.564ms max=  4.446ms calls(last=  1,win= 120,total=3120) (win 1.9% | avg 1.9% budget)
  frame.render.hud.text            win=  0.224ms avg=  0.224ms p95=  0.263ms max=  0.494ms calls(last=  1,win= 120,total=367) (win 1.3% | avg 1.3% budget)
  frame.render.world.enemies       win=  0.188ms avg=  0.188ms p95=  0.225ms max=  0.947ms calls(last=  1,win= 120,total=367) (win 1.1% | avg 1.1% budget)
  enemy.ai.movement                win=  0.172ms avg=  0.121ms p95=  0.178ms max=  0.301ms calls(last=  1,win=  84,total=84) (win 1.0% | avg 0.7% budget)
  frame.render.world.enemies.draw  win=  0.170ms avg=  0.170ms p95=  0.207ms max=  0.930ms calls(last=  1,win= 120,total=367) (win 1.0% | avg 1.0% budget)
  menu.music                       win=  0.157ms avg=  0.313ms p95=  3.566ms max=  8.724ms calls(last=  2,win= 240,total=6240) (win 0.9% | avg 1.9% budget)
  enemy.movement.wall_check        win=  0.066ms avg=  0.046ms p95=  0.068ms max=  0.126ms calls(last=  1,win=  84,total=84) (win 0.4% | avg 0.3% budget)
  enemy.cheap.segment_build        win=  0.056ms avg=  0.002ms p95=  0.000ms max=  0.103ms calls(last=  0,win=   5,total=10) (win 0.3% | avg 0.0% budget)
  frame.render.hud.lives           win=  0.053ms avg=  0.053ms p95=  0.052ms max=  0.332ms calls(last=  1,win= 120,total=367) (win 0.3% | avg 0.3% budget)
  frame.render.hud.compass         win=  0.051ms avg=  0.051ms p95=  0.052ms max=  0.153ms calls(last=  1,win= 120,total=367) (win 0.3% | avg 0.3% budget)
[ENEMY_STATS] frame=3120 alive=23 visible=0 full=1 cheap=22 fullInBase=0 pairs(frontal=0 checks=0 separation=0 resolved=0)
[ENEMY_WINDOW] steps=123 alive[min=16 max=23] visible[min=0 max=0] full[min=0 max=1] collisionPasses[runs=0 skips=123]
[ENEMY_SEGMENTS] window=2.050s D{b/s=2.44 avgLen=5.68 fail=0} T{b/s=0.00 avgLen=0.00 fail=0} H{b/s=0.00 avgLen=0.00 fail=0} A{b/s=0.00 avgLen=0.00 fail=0}
[ENEMY_GRID] frontal{cand/s=0.0 xcell/s=0.0 ins/s=0.0} separation{cand/s=0.0}
[ENEMY_COLLISION_WINDOW] frontal{pairs/s=0.0 checks/s=0.0 baseSkip=0 kill=0(0.0%)} separation{pairs/s=0.0 resolved/s=0.0(0.0%) baseSkip=0 kill=0 wallBlock=0}
[ENEMY_NAV_CACHE] playerCell{changes=0 flowRebuilds=0} flow{hit=0 miss=0 hit%=0.0} pathFallback{calls=0 ok=0 ok%=0.0}
[ENEMY_SAP] updates=0 active=0 pairs=0 repairs{x=0 y=0}
[ENEMY_PAIR_TYPES] frontal DD=0 DT=0 DH=0 DA=0 TT=0 TH=0 TA=0 HH=0 HA=0 AA=0 separation DD=0 DT=0 DH=0 DA=0 TT=0 TH=0 TA=0 HH=0 HA=0 AA=0
[AUDIO_ROUTE_WINDOW] steps=123 events=7 sounds=0 avg(step ev=0.06 snd=0.00) max(step ev=1 snd=0)
  events{shotP=0 shotE=0 dead=0 spawn=7 base=0 wall=0 start=0 playerExpl=0}
  sounds{shotP=0 shotE=0 dead=0 spawn=0 base=0 wall=0 start=0 playerExpl=0}
[MUSIC_PLAYER_WINDOW] label=menu calls=120 activeCalls=0 buffers=0 avg(buf/call=0.00 active=0.00) max(buf/call=0) upload(total=0.00ms avg=0.000ms max=0.000ms slow=0)
[MUSIC_PLAYER_WINDOW] label=gameplay calls=120 activeCalls=120 buffers=8 avg(buf/call=0.07 active=0.07) max(buf/call=1) upload(total=0.10ms avg=0.012ms max=0.025ms slow=0)

[PROFILE] frame=3240 budget=16.667ms alloc(+83/-83, +6584b/-6584b, live=291800b peak=306760b)
  frame.total                      win= 16.849ms avg= 16.849ms p95= 17.217ms max=106.689ms calls(last=  1,win= 120,total=3240) (win 101.1% | avg 101.1% budget)
  frame.present                    win=  9.664ms avg=  9.664ms p95= 10.790ms max= 41.440ms calls(last=  1,win= 120,total=3240) (win 58.0% | avg 58.0% budget)
  frame.cpu_work                   win=  7.171ms avg=  7.171ms p95= 10.075ms max=105.065ms calls(last=  1,win= 120,total=3240) (win 43.0% | avg 43.0% budget)
  frame.render                     win=  5.167ms avg=  5.167ms p95=  5.502ms max= 25.862ms calls(last=  1,win= 120,total=3240) (win 31.0% | avg 31.0% budget)
  music.fill_buffer                win=  3.617ms avg=  0.241ms p95=  3.543ms max=  7.434ms calls(last=  0,win=   8,total=215) (win 21.7% | avg 1.4% budget)
  frame.render.world               win=  2.569ms avg=  2.569ms p95=  2.893ms max=  4.321ms calls(last=  1,win= 120,total=487) (win 15.4% | avg 15.4% budget)
  frame.fixed_step                 win=  1.607ms avg=  1.634ms p95=  2.620ms max=104.148ms calls(last=  1,win= 122,total=3310) (win 9.6% | avg 9.8% budget)
  game.update                      win=  1.588ms avg=  1.614ms p95=  2.603ms max=104.116ms calls(last=  1,win= 122,total=558) (win 9.5% | avg 9.7% budget)
  system.ai_update                 win=  1.431ms avg=  1.454ms p95=  2.473ms max=  4.732ms calls(last=  1,win= 122,total=496) (win 8.6% | avg 8.7% budget)
  enemy.update                     win=  1.426ms avg=  1.450ms p95=  2.468ms max=  4.726ms calls(last=  1,win= 122,total=496) (win 8.6% | avg 8.7% budget)
  frame.render.world.maze          win=  1.107ms avg=  1.107ms p95=  1.197ms max=  1.360ms calls(last=  1,win= 120,total=487) (win 6.6% | avg 6.6% budget)
  frame.render.hud                 win=  0.841ms avg=  0.841ms p95=  0.931ms max=  1.101ms calls(last=  1,win= 120,total=487) (win 5.0% | avg 5.0% budget)
  frame.render.world.effects       win=  0.454ms avg=  0.454ms p95=  0.534ms max=  0.927ms calls(last=  1,win= 120,total=487) (win 2.7% | avg 2.7% budget)
  frame.render.hud.minimap         win=  0.413ms avg=  0.413ms p95=  0.462ms max=  0.678ms calls(last=  1,win= 120,total=487) (win 2.5% | avg 2.5% budget)
  gameplay.music                   win=  0.316ms avg=  0.316ms p95=  3.564ms max=  4.446ms calls(last=  1,win= 120,total=3240) (win 1.9% | avg 1.9% budget)
  frame.render.hud.text            win=  0.223ms avg=  0.223ms p95=  0.256ms max=  0.494ms calls(last=  1,win= 120,total=487) (win 1.3% | avg 1.3% budget)
  frame.render.world.enemies       win=  0.207ms avg=  0.207ms p95=  0.242ms max=  0.947ms calls(last=  1,win= 120,total=487) (win 1.2% | avg 1.2% budget)
  frame.render.world.enemies.draw  win=  0.186ms avg=  0.186ms p95=  0.221ms max=  0.930ms calls(last=  1,win= 120,total=487) (win 1.1% | avg 1.1% budget)
  menu.music                       win=  0.159ms avg=  0.318ms p95=  3.566ms max=  8.724ms calls(last=  2,win= 240,total=6480) (win 1.0% | avg 1.9% budget)
  enemy.ai.movement                win=  0.154ms avg=  0.294ms p95=  0.624ms max=  0.874ms calls(last=  5,win= 230,total=314) (win 0.9% | avg 1.8% budget)
  enemy.physics.frontal_collisions win=  0.149ms avg=  0.073ms p95=  0.217ms max=  0.313ms calls(last=  1,win=  59,total=59) (win 0.9% | avg 0.4% budget)
  enemy.physics.frontal_grid_build win=  0.102ms avg=  0.050ms p95=  0.168ms max=  0.252ms calls(last=  1,win=  59,total=59) (win 0.6% | avg 0.3% budget)
  enemy.movement.wall_check        win=  0.059ms avg=  0.113ms p95=  0.231ms max=  0.350ms calls(last=  5,win= 230,total=314) (win 0.4% | avg 0.7% budget)
  frame.render.hud.compass         win=  0.052ms avg=  0.052ms p95=  0.052ms max=  0.153ms calls(last=  1,win= 120,total=487) (win 0.3% | avg 0.3% budget)
[ENEMY_STATS] frame=3240 alive=30 visible=1 full=5 cheap=25 fullInBase=0 pairs(frontal=0 checks=0 separation=0 resolved=0)
[ENEMY_WINDOW] steps=122 alive[min=23 max=30] visible[min=0 max=1] full[min=1 max=5] collisionPasses[runs=60 skips=62]
[ENEMY_SEGMENTS] window=2.033s D{b/s=2.46 avgLen=6.12 fail=0} T{b/s=0.00 avgLen=0.00 fail=0} H{b/s=0.00 avgLen=0.00 fail=0} A{b/s=0.00 avgLen=0.00 fail=0}
[ENEMY_GRID] frontal{cand/s=84.6 xcell/s=1.0 ins/s=85.6} separation{cand/s=84.6}
[ENEMY_COLLISION_WINDOW] frontal{pairs/s=0.0 checks/s=0.0 baseSkip=0 kill=0(0.0%)} separation{pairs/s=0.0 resolved/s=0.0(0.0%) baseSkip=0 kill=0 wallBlock=0}
[ENEMY_NAV_CACHE] playerCell{changes=0 flowRebuilds=0} flow{hit=0 miss=0 hit%=0.0} pathFallback{calls=0 ok=0 ok%=0.0}
[ENEMY_SAP] updates=1725 active=172 pairs=0 repairs{x=137 y=131}
[ENEMY_PAIR_TYPES] frontal DD=0 DT=0 DH=0 DA=0 TT=0 TH=0 TA=0 HH=0 HA=0 AA=0 separation DD=0 DT=0 DH=0 DA=0 TT=0 TH=0 TA=0 HH=0 HA=0 AA=0
[AUDIO_ROUTE_WINDOW] steps=122 events=7 sounds=1 avg(step ev=0.06 snd=0.01) max(step ev=2 snd=1)
  events{shotP=0 shotE=0 dead=0 spawn=7 base=0 wall=0 start=0 playerExpl=0}
  sounds{shotP=0 shotE=0 dead=0 spawn=1 base=0 wall=0 start=0 playerExpl=0}
[MUSIC_PLAYER_WINDOW] label=menu calls=120 activeCalls=0 buffers=0 avg(buf/call=0.00 active=0.00) max(buf/call=0) upload(total=0.00ms avg=0.000ms max=0.000ms slow=0)
[MUSIC_PLAYER_WINDOW] label=gameplay calls=120 activeCalls=120 buffers=8 avg(buf/call=0.07 active=0.07) max(buf/call=1) upload(total=0.08ms avg=0.010ms max=0.011ms slow=0)

[PROFILE] frame=3360 budget=16.667ms alloc(+100/-100, +7904b/-7904b, live=326064b peak=358408b)
  frame.total                      win= 16.891ms avg= 16.891ms p95= 17.480ms max=106.689ms calls(last=  1,win= 120,total=3360) (win 101.3% | avg 101.3% budget)
  frame.cpu_work                   win=  8.567ms avg=  8.567ms p95= 12.705ms max=105.065ms calls(last=  1,win= 120,total=3360) (win 51.4% | avg 51.4% budget)
  frame.present                    win=  8.309ms avg=  8.309ms p95=  9.898ms max= 41.440ms calls(last=  1,win= 120,total=3360) (win 49.9% | avg 49.9% budget)
  frame.render                     win=  5.281ms avg=  5.281ms p95=  5.624ms max= 25.862ms calls(last=  1,win= 120,total=3360) (win 31.7% | avg 31.7% budget)
  music.fill_buffer                win=  3.627ms avg=  0.242ms p95=  3.604ms max=  7.434ms calls(last=  0,win=   8,total=223) (win 21.8% | avg 1.5% budget)
  frame.render.world               win=  2.638ms avg=  2.638ms p95=  2.864ms max=  4.321ms calls(last=  1,win= 120,total=607) (win 15.8% | avg 15.8% budget)
  frame.fixed_step                 win=  2.270ms avg=  2.327ms p95=  3.400ms max=104.148ms calls(last=  1,win= 123,total=3433) (win 13.6% | avg 14.0% budget)
  game.update                      win=  2.240ms avg=  2.296ms p95=  3.345ms max=104.116ms calls(last=  1,win= 123,total=681) (win 13.4% | avg 13.8% budget)
  system.ai_update                 win=  2.030ms avg=  2.081ms p95=  3.082ms max=  4.732ms calls(last=  1,win= 123,total=619) (win 12.2% | avg 12.5% budget)
  enemy.update                     win=  2.027ms avg=  2.077ms p95=  3.080ms max=  4.726ms calls(last=  1,win= 123,total=619) (win 12.2% | avg 12.5% budget)
  frame.render.world.maze          win=  1.120ms avg=  1.120ms p95=  1.277ms max=  1.408ms calls(last=  1,win= 120,total=607) (win 6.7% | avg 6.7% budget)
  gameplay.music                   win=  0.902ms avg=  0.902ms p95=  5.150ms max=  8.632ms calls(last=  1,win= 120,total=3360) (win 5.4% | avg 5.4% budget)
  frame.render.hud                 win=  0.846ms avg=  0.846ms p95=  0.893ms max=  1.101ms calls(last=  1,win= 120,total=607) (win 5.1% | avg 5.1% budget)
  frame.render.world.effects       win=  0.529ms avg=  0.529ms p95=  0.639ms max=  0.927ms calls(last=  1,win= 120,total=607) (win 3.2% | avg 3.2% budget)
  menu.music                       win=  0.452ms avg=  0.905ms p95=  5.150ms max=  8.724ms calls(last=  2,win= 240,total=6720) (win 2.7% | avg 5.4% budget)
  frame.render.hud.minimap         win=  0.419ms avg=  0.419ms p95=  0.464ms max=  0.678ms calls(last=  1,win= 120,total=607) (win 2.5% | avg 2.5% budget)
  frame.render.hud.text            win=  0.220ms avg=  0.220ms p95=  0.231ms max=  0.494ms calls(last=  1,win= 120,total=607) (win 1.3% | avg 1.3% budget)
  frame.render.world.enemies       win=  0.214ms avg=  0.214ms p95=  0.251ms max=  0.947ms calls(last=  1,win= 120,total=607) (win 1.3% | avg 1.3% budget)
  frame.render.world.enemies.draw  win=  0.191ms avg=  0.191ms p95=  0.228ms max=  0.930ms calls(last=  1,win= 120,total=607) (win 1.1% | avg 1.1% budget)
  enemy.physics.frontal_collisions win=  0.161ms avg=  0.165ms p95=  0.275ms max=  0.348ms calls(last=  1,win= 123,total=182) (win 1.0% | avg 1.0% budget)
  enemy.ai.movement                win=  0.123ms avg=  0.593ms p95=  0.698ms max=  1.215ms calls(last=  6,win= 580,total=894) (win 0.7% | avg 3.6% budget)
  enemy.physics.frontal_grid_build win=  0.109ms avg=  0.111ms p95=  0.196ms max=  0.295ms calls(last=  1,win= 123,total=182) (win 0.7% | avg 0.7% budget)
  frame.render.world.effects.projectiles win=  0.078ms avg=  0.057ms p95=  0.110ms max=  0.128ms calls(last=  1,win=  87,total=87) (win 0.5% | avg 0.3% budget)
  system.physics_collision         win=  0.063ms avg=  0.065ms p95=  0.111ms max=  0.277ms calls(last=  1,win= 123,total=619) (win 0.4% | avg 0.4% budget)
[ENEMY_STATS] frame=3360 alive=36 visible=0 full=6 cheap=30 fullInBase=1 pairs(frontal=0 checks=0 separation=0 resolved=0)
[ENEMY_WINDOW] steps=123 alive[min=30 max=36] visible[min=0 max=1] full[min=4 max=6] collisionPasses[runs=123 skips=0]
[ENEMY_SEGMENTS] window=2.050s D{b/s=3.90 avgLen=4.54 fail=0} T{b/s=0.00 avgLen=0.00 fail=0} H{b/s=0.00 avgLen=0.00 fail=0} A{b/s=0.00 avgLen=0.00 fail=0}
[ENEMY_GRID] frontal{cand/s=282.9 xcell/s=3.4 ins/s=286.3} separation{cand/s=282.9}
[ENEMY_COLLISION_WINDOW] frontal{pairs/s=0.0 checks/s=0.0 baseSkip=0 kill=0(0.0%)} separation{pairs/s=0.0 resolved/s=0.0(0.0%) baseSkip=0 kill=0 wallBlock=0}
[ENEMY_NAV_CACHE] playerCell{changes=0 flowRebuilds=0} flow{hit=0 miss=0 hit%=0.0} pathFallback{calls=0 ok=0 ok%=0.0}
[ENEMY_SAP] updates=3990 active=580 pairs=0 repairs{x=641 y=624}
[ENEMY_PAIR_TYPES] frontal DD=0 DT=0 DH=0 DA=0 TT=0 TH=0 TA=0 HH=0 HA=0 AA=0 separation DD=0 DT=0 DH=0 DA=0 TT=0 TH=0 TA=0 HH=0 HA=0 AA=0
[AUDIO_ROUTE_WINDOW] steps=123 events=16 sounds=9 avg(step ev=0.13 snd=0.07) max(step ev=1 snd=1)
  events{shotP=6 shotE=0 dead=1 spawn=8 base=0 wall=1 start=0 playerExpl=0}
  sounds{shotP=6 shotE=0 dead=1 spawn=1 base=0 wall=1 start=0 playerExpl=0}
[MUSIC_PLAYER_WINDOW] label=menu calls=120 activeCalls=0 buffers=0 avg(buf/call=0.00 active=0.00) max(buf/call=0) upload(total=0.00ms avg=0.000ms max=0.000ms slow=0)
[MUSIC_PLAYER_WINDOW] label=gameplay calls=120 activeCalls=120 buffers=8 avg(buf/call=0.07 active=0.07) max(buf/call=1) upload(total=0.08ms avg=0.010ms max=0.011ms slow=0)

[PROFILE] frame=3480 budget=16.667ms alloc(+136/-136, +10784b/-10784b, live=326272b peak=358408b)
  frame.total                      win= 16.907ms avg= 16.907ms p95= 17.758ms max=106.689ms calls(last=  1,win= 120,total=3480) (win 101.4% | avg 101.4% budget)
  frame.cpu_work                   win=  9.510ms avg=  9.510ms p95= 14.814ms max=105.065ms calls(last=  1,win= 120,total=3480) (win 57.1% | avg 57.1% budget)
  frame.present                    win=  7.382ms avg=  7.382ms p95=  9.424ms max= 41.440ms calls(last=  1,win= 120,total=3480) (win 44.3% | avg 44.3% budget)
  frame.render                     win=  5.440ms avg=  5.440ms p95=  5.821ms max= 25.862ms calls(last=  1,win= 120,total=3480) (win 32.6% | avg 32.6% budget)
  music.fill_buffer                win=  3.661ms avg=  0.244ms p95=  3.617ms max=  7.434ms calls(last=  0,win=   8,total=231) (win 22.0% | avg 1.5% budget)
  frame.render.world               win=  2.787ms avg=  2.787ms p95=  3.133ms max=  5.589ms calls(last=  1,win= 120,total=727) (win 16.7% | avg 16.7% budget)
  frame.fixed_step                 win=  2.718ms avg=  2.786ms p95=  4.452ms max=104.148ms calls(last=  1,win= 123,total=3556) (win 16.3% | avg 16.7% budget)
  game.update                      win=  2.666ms avg=  2.732ms p95=  4.194ms max=104.116ms calls(last=  1,win= 123,total=804) (win 16.0% | avg 16.4% budget)
  system.ai_update                 win=  2.435ms avg=  2.496ms p95=  3.984ms max=  5.933ms calls(last=  1,win= 123,total=742) (win 14.6% | avg 15.0% budget)
  enemy.update                     win=  2.431ms avg=  2.492ms p95=  3.980ms max=  5.926ms calls(last=  1,win= 123,total=742) (win 14.6% | avg 15.0% budget)
  gameplay.music                   win=  1.229ms avg=  1.229ms p95=  6.723ms max=  8.632ms calls(last=  1,win= 120,total=3480) (win 7.4% | avg 7.4% budget)
  frame.render.world.maze          win=  1.187ms avg=  1.187ms p95=  1.343ms max=  1.508ms calls(last=  1,win= 120,total=727) (win 7.1% | avg 7.1% budget)
  frame.render.hud                 win=  0.855ms avg=  0.855ms p95=  0.936ms max=  1.123ms calls(last=  1,win= 120,total=727) (win 5.1% | avg 5.1% budget)
  menu.music                       win=  0.616ms avg=  1.231ms p95=  6.722ms max=  8.724ms calls(last=  2,win= 240,total=6960) (win 3.7% | avg 7.4% budget)
  frame.render.world.effects       win=  0.528ms avg=  0.528ms p95=  0.628ms max=  0.930ms calls(last=  1,win= 120,total=727) (win 3.2% | avg 3.2% budget)
  frame.render.hud.minimap         win=  0.423ms avg=  0.423ms p95=  0.461ms max=  0.709ms calls(last=  1,win= 120,total=727) (win 2.5% | avg 2.5% budget)
  frame.render.world.enemies       win=  0.285ms avg=  0.285ms p95=  0.337ms max=  0.947ms calls(last=  1,win= 120,total=727) (win 1.7% | avg 1.7% budget)
  frame.render.world.enemies.draw  win=  0.256ms avg=  0.256ms p95=  0.309ms max=  0.930ms calls(last=  1,win= 120,total=727) (win 1.5% | avg 1.5% budget)
  frame.render.hud.text            win=  0.220ms avg=  0.220ms p95=  0.258ms max=  0.494ms calls(last=  1,win= 120,total=727) (win 1.3% | avg 1.3% budget)
  enemy.physics.frontal_collisions win=  0.182ms avg=  0.187ms p95=  0.321ms max=  0.407ms calls(last=  1,win= 123,total=305) (win 1.1% | avg 1.1% budget)
  enemy.physics.frontal_grid_build win=  0.126ms avg=  0.129ms p95=  0.222ms max=  0.347ms calls(last=  1,win= 123,total=305) (win 0.8% | avg 0.8% budget)
  enemy.ai.movement                win=  0.118ms avg=  0.800ms p95=  0.984ms max=  1.871ms calls(last=  8,win= 813,total=1707) (win 0.7% | avg 4.8% budget)
  system.physics_collision         win=  0.077ms avg=  0.079ms p95=  0.110ms max=  0.277ms calls(last=  1,win= 123,total=742) (win 0.5% | avg 0.5% budget)
  frame.render.hud.compass         win=  0.052ms avg=  0.052ms p95=  0.053ms max=  0.155ms calls(last=  1,win= 120,total=727) (win 0.3% | avg 0.3% budget)
[ENEMY_STATS] frame=3480 alive=42 visible=3 full=8 cheap=34 fullInBase=0 pairs(frontal=0 checks=0 separation=0 resolved=0)
[ENEMY_WINDOW] steps=123 alive[min=37 max=42] visible[min=0 max=4] full[min=6 max=8] collisionPasses[runs=123 skips=0]
[ENEMY_SEGMENTS] window=2.050s D{b/s=2.44 avgLen=6.43 fail=0} T{b/s=0.00 avgLen=0.00 fail=0} H{b/s=0.00 avgLen=0.00 fail=0} A{b/s=0.00 avgLen=0.00 fail=0}
[ENEMY_GRID] frontal{cand/s=397.6 xcell/s=4.4 ins/s=402.0} separation{cand/s=397.6}
[ENEMY_COLLISION_WINDOW] frontal{pairs/s=0.0 checks/s=0.0 baseSkip=0 kill=0(0.0%)} separation{pairs/s=0.0 resolved/s=0.0(0.0%) baseSkip=0 kill=0 wallBlock=0}
[ENEMY_NAV_CACHE] playerCell{changes=0 flowRebuilds=0} flow{hit=0 miss=0 hit%=0.0} pathFallback{calls=0 ok=0 ok%=0.0}
[ENEMY_SAP] updates=4872 active=815 pairs=0 repairs{x=741 y=699}
[ENEMY_PAIR_TYPES] frontal DD=0 DT=0 DH=0 DA=0 TT=0 TH=0 TA=0 HH=0 HA=0 AA=0 separation DD=0 DT=0 DH=0 DA=0 TT=0 TH=0 TA=0 HH=0 HA=0 AA=0
[AUDIO_ROUTE_WINDOW] steps=123 events=11 sounds=7 avg(step ev=0.09 snd=0.06) max(step ev=2 snd=2)
  events{shotP=3 shotE=0 dead=0 spawn=5 base=0 wall=3 start=0 playerExpl=0}
  sounds{shotP=3 shotE=0 dead=0 spawn=1 base=0 wall=3 start=0 playerExpl=0}
[MUSIC_PLAYER_WINDOW] label=menu calls=120 activeCalls=0 buffers=0 avg(buf/call=0.00 active=0.00) max(buf/call=0) upload(total=0.00ms avg=0.000ms max=0.000ms slow=0)
[MUSIC_PLAYER_WINDOW] label=gameplay calls=120 activeCalls=120 buffers=8 avg(buf/call=0.07 active=0.07) max(buf/call=1) upload(total=0.08ms avg=0.010ms max=0.014ms slow=0)

[PROFILE] frame=3600 budget=16.667ms alloc(+236/-236, +18688b/-18688b, live=326544b peak=358408b)
  frame.total                      win= 18.064ms avg= 18.064ms p95= 24.094ms max=106.689ms calls(last=  1,win= 120,total=3600) (win 108.4% | avg 108.4% budget)
  frame.cpu_work                   win= 12.645ms avg= 12.645ms p95= 22.055ms max=105.065ms calls(last=  1,win= 120,total=3600) (win 75.9% | avg 75.9% budget)
  frame.render                     win=  5.514ms avg=  5.514ms p95=  5.818ms max= 25.862ms calls(last=  1,win= 120,total=3600) (win 33.1% | avg 33.1% budget)
  frame.present                    win=  5.403ms avg=  5.403ms p95=  8.510ms max= 41.440ms calls(last=  1,win= 120,total=3600) (win 32.4% | avg 32.4% budget)
  music.fill_buffer                win=  3.685ms avg=  0.276ms p95=  3.632ms max=  7.434ms calls(last=  0,win=   9,total=240) (win 22.1% | avg 1.7% budget)
  frame.fixed_step                 win=  3.564ms avg=  3.890ms p95=  6.880ms max=104.148ms calls(last=  2,win= 131,total=3687) (win 21.4% | avg 23.3% budget)
  game.update                      win=  3.336ms avg=  3.641ms p95=  6.100ms max=104.116ms calls(last=  2,win= 131,total=935) (win 20.0% | avg 21.8% budget)
  gameplay.music                   win=  3.184ms avg=  3.184ms p95= 12.035ms max= 19.119ms calls(last=  1,win= 120,total=3600) (win 19.1% | avg 19.1% budget)
  system.ai_update                 win=  3.097ms avg=  3.381ms p95=  5.483ms max=  7.346ms calls(last=  2,win= 131,total=873) (win 18.6% | avg 20.3% budget)
  enemy.update                     win=  3.093ms avg=  3.376ms p95=  5.477ms max=  7.342ms calls(last=  2,win= 131,total=873) (win 18.6% | avg 20.3% budget)
  frame.render.world               win=  2.830ms avg=  2.830ms p95=  3.065ms max=  5.589ms calls(last=  1,win= 120,total=847) (win 17.0% | avg 17.0% budget)
  music.update_stream              win=  2.106ms avg=  0.158ms p95=  0.014ms max= 10.248ms calls(last=  0,win=   9,total=240) (win 12.6% | avg 0.9% budget)
  menu.music                       win=  1.593ms avg=  3.186ms p95= 12.035ms max= 19.120ms calls(last=  2,win= 240,total=7200) (win 9.6% | avg 19.1% budget)
  frame.render.world.maze          win=  1.180ms avg=  1.180ms p95=  1.280ms max=  1.508ms calls(last=  1,win= 120,total=847) (win 7.1% | avg 7.1% budget)
  frame.render.hud                 win=  0.855ms avg=  0.855ms p95=  0.918ms max=  1.151ms calls(last=  1,win= 120,total=847) (win 5.1% | avg 5.1% budget)
  frame.render.world.effects       win=  0.561ms avg=  0.561ms p95=  0.655ms max=  0.930ms calls(last=  1,win= 120,total=847) (win 3.4% | avg 3.4% budget)
  frame.render.hud.minimap         win=  0.419ms avg=  0.419ms p95=  0.461ms max=  0.709ms calls(last=  1,win= 120,total=847) (win 2.5% | avg 2.5% budget)
  frame.render.world.enemies       win=  0.331ms avg=  0.331ms p95=  0.375ms max=  0.947ms calls(last=  1,win= 120,total=847) (win 2.0% | avg 2.0% budget)
  frame.render.world.enemies.draw  win=  0.299ms avg=  0.299ms p95=  0.342ms max=  0.930ms calls(last=  1,win= 120,total=847) (win 1.8% | avg 1.8% budget)
  frame.render.hud.text            win=  0.228ms avg=  0.228ms p95=  0.264ms max=  0.521ms calls(last=  1,win= 120,total=847) (win 1.4% | avg 1.4% budget)
  audio.route_step                 win=  0.217ms avg=  0.237ms p95=  0.070ms max=  9.290ms calls(last=  2,win= 131,total=935) (win 1.3% | avg 1.4% budget)
  enemy.physics.frontal_collisions win=  0.212ms avg=  0.232ms p95=  0.425ms max=  0.537ms calls(last=  2,win= 131,total=436) (win 1.3% | avg 1.4% budget)
  enemy.physics.frontal_grid_build win=  0.152ms avg=  0.166ms p95=  0.364ms max=  0.470ms calls(last=  2,win= 131,total=436) (win 0.9% | avg 1.0% budget)
  enemy.ai.movement                win=  0.122ms avg=  1.211ms p95=  2.096ms max=  2.710ms calls(last= 14,win=1193,total=2900) (win 0.7% | avg 7.3% budget)
[ENEMY_STATS] frame=3600 alive=46 visible=1 full=7 cheap=39 fullInBase=1 pairs(frontal=0 checks=0 separation=0 resolved=0)
[ENEMY_WINDOW] steps=131 alive[min=42 max=46] visible[min=1 max=5] full[min=7 max=11] collisionPasses[runs=131 skips=0]
[ENEMY_SEGMENTS] window=2.183s D{b/s=3.66 avgLen=5.16 fail=0} T{b/s=0.00 avgLen=0.00 fail=0} H{b/s=0.00 avgLen=0.00 fail=0} A{b/s=0.00 avgLen=0.00 fail=0}
[ENEMY_GRID] frontal{cand/s=546.0 xcell/s=3.7 ins/s=549.6} separation{cand/s=546.0}
[ENEMY_COLLISION_WINDOW] frontal{pairs/s=0.0 checks/s=0.0 baseSkip=0 kill=0(0.0%)} separation{pairs/s=0.0 resolved/s=0.0(0.0%) baseSkip=0 kill=0 wallBlock=0}
[ENEMY_NAV_CACHE] playerCell{changes=0 flowRebuilds=0} flow{hit=0 miss=0 hit%=0.0} pathFallback{calls=0 ok=0 ok%=0.0}
[ENEMY_SAP] updates=5913 active=1192 pairs=0 repairs{x=2275 y=2172}
[ENEMY_PAIR_TYPES] frontal DD=0 DT=0 DH=0 DA=0 TT=0 TH=0 TA=0 HH=0 HA=0 AA=0 separation DD=0 DT=0 DH=0 DA=0 TT=0 TH=0 TA=0 HH=0 HA=0 AA=0
[AUDIO_ROUTE_WINDOW] steps=131 events=25 sounds=19 avg(step ev=0.19 snd=0.15) max(step ev=2 snd=1)
  events{shotP=7 shotE=2 dead=4 spawn=8 base=0 wall=4 start=0 playerExpl=0}
  sounds{shotP=7 shotE=2 dead=4 spawn=2 base=0 wall=4 start=0 playerExpl=0}
[MUSIC_PLAYER_WINDOW] label=menu calls=120 activeCalls=0 buffers=0 avg(buf/call=0.00 active=0.00) max(buf/call=0) upload(total=0.00ms avg=0.000ms max=0.000ms slow=0)
[MUSIC_PLAYER_WINDOW] label=gameplay calls=120 activeCalls=120 buffers=9 avg(buf/call=0.08 active=0.08) max(buf/call=1) upload(total=18.65ms avg=2.072ms max=10.105ms slow=2)

[PROFILE] frame=3720 budget=16.667ms alloc(+93/-93, +7544b/-7544b, live=326800b peak=358408b)
  frame.total                      win= 18.656ms avg= 18.656ms p95= 29.956ms max=106.689ms calls(last=  1,win= 120,total=3720) (win 111.9% | avg 111.9% budget)
  frame.cpu_work                   win= 13.562ms avg= 13.562ms p95= 27.856ms max=105.065ms calls(last=  1,win= 120,total=3720) (win 81.4% | avg 81.4% budget)
  music.update_stream              win=  6.615ms avg=  0.441ms p95=  0.014ms max= 14.322ms calls(last=  0,win=   8,total=248) (win 39.7% | avg 2.6% budget)
  frame.render                     win=  5.573ms avg=  5.573ms p95=  5.960ms max= 25.862ms calls(last=  1,win= 120,total=3720) (win 33.4% | avg 33.4% budget)
  frame.present                    win=  5.078ms avg=  5.078ms p95=  8.480ms max= 41.440ms calls(last=  1,win= 120,total=3720) (win 30.5% | avg 30.5% budget)
  frame.fixed_step                 win=  3.761ms avg=  4.231ms p95= 10.081ms max=104.148ms calls(last=  1,win= 135,total=3822) (win 22.6% | avg 25.4% budget)
  music.fill_buffer                win=  3.729ms avg=  0.249ms p95=  3.667ms max=  7.434ms calls(last=  0,win=   8,total=248) (win 22.4% | avg 1.5% budget)
  gameplay.music                   win=  3.700ms avg=  3.700ms p95= 12.956ms max= 23.184ms calls(last=  1,win= 120,total=3720) (win 22.2% | avg 22.2% budget)
  game.update                      win=  3.177ms avg=  3.575ms p95=  6.340ms max=104.116ms calls(last=  1,win= 135,total=1070) (win 19.1% | avg 21.4% budget)
  frame.render.world               win=  2.923ms avg=  2.923ms p95=  3.164ms max=  6.083ms calls(last=  1,win= 120,total=967) (win 17.5% | avg 17.5% budget)
  system.ai_update                 win=  2.910ms avg=  3.274ms p95=  5.899ms max=  8.884ms calls(last=  1,win= 135,total=1008) (win 17.5% | avg 19.6% budget)
  enemy.update                     win=  2.906ms avg=  3.269ms p95=  5.892ms max=  8.877ms calls(last=  1,win= 135,total=1008) (win 17.4% | avg 19.6% budget)
  menu.music                       win=  1.851ms avg=  3.702ms p95= 12.954ms max= 23.184ms calls(last=  2,win= 240,total=7440) (win 11.1% | avg 22.2% budget)
  frame.render.world.maze          win=  1.190ms avg=  1.190ms p95=  1.271ms max=  1.536ms calls(last=  1,win= 120,total=967) (win 7.1% | avg 7.1% budget)
  frame.render.hud                 win=  0.851ms avg=  0.851ms p95=  0.906ms max=  1.159ms calls(last=  1,win= 120,total=967) (win 5.1% | avg 5.1% budget)
  frame.render.world.effects       win=  0.602ms avg=  0.602ms p95=  0.712ms max=  0.930ms calls(last=  1,win= 120,total=967) (win 3.6% | avg 3.6% budget)
  audio.route_step                 win=  0.573ms avg=  0.644ms p95=  6.052ms max= 11.408ms calls(last=  1,win= 135,total=1070) (win 3.4% | avg 3.9% budget)
  frame.render.hud.minimap         win=  0.423ms avg=  0.423ms p95=  0.464ms max=  0.731ms calls(last=  1,win= 120,total=967) (win 2.5% | avg 2.5% budget)
  frame.render.world.enemies       win=  0.351ms avg=  0.351ms p95=  0.388ms max=  3.351ms calls(last=  1,win= 120,total=967) (win 2.1% | avg 2.1% budget)
  frame.render.world.enemies.draw  win=  0.322ms avg=  0.322ms p95=  0.358ms max=  3.317ms calls(last=  1,win= 120,total=967) (win 1.9% | avg 1.9% budget)
  frame.render.hud.text            win=  0.223ms avg=  0.223ms p95=  0.259ms max=  0.521ms calls(last=  1,win= 120,total=967) (win 1.3% | avg 1.3% budget)
  enemy.physics.frontal_collisions win=  0.215ms avg=  0.241ms p95=  0.454ms max=  0.667ms calls(last=  1,win= 135,total=571) (win 1.3% | avg 1.4% budget)
  enemy.physics.frontal_grid_build win=  0.155ms avg=  0.174ms p95=  0.395ms max=  0.559ms calls(last=  1,win= 135,total=571) (win 0.9% | avg 1.0% budget)
  enemy.ai.movement                win=  0.106ms avg=  0.910ms p95=  1.632ms max=  2.710ms calls(last=  6,win=1026,total=3926) (win 0.6% | avg 5.5% budget)
[ENEMY_STATS] frame=3720 alive=53 visible=1 full=6 cheap=47 fullInBase=1 pairs(frontal=0 checks=0 separation=0 resolved=0)
[ENEMY_WINDOW] steps=135 alive[min=46 max=53] visible[min=1 max=2] full[min=6 max=10] collisionPasses[runs=135 skips=0]
[ENEMY_SEGMENTS] window=2.250s D{b/s=3.11 avgLen=5.42 fail=0} T{b/s=0.00 avgLen=0.00 fail=0} H{b/s=0.00 avgLen=0.00 fail=0} A{b/s=0.00 avgLen=0.00 fail=0}
[ENEMY_GRID] frontal{cand/s=455.1 xcell/s=2.7 ins/s=457.8} separation{cand/s=455.1}
[ENEMY_COLLISION_WINDOW] frontal{pairs/s=0.0 checks/s=0.0 baseSkip=0 kill=0(0.0%)} separation{pairs/s=0.0 resolved/s=0.0(0.0%) baseSkip=0 kill=0 wallBlock=0}
[ENEMY_NAV_CACHE] playerCell{changes=0 flowRebuilds=0} flow{hit=0 miss=0 hit%=0.0} pathFallback{calls=0 ok=0 ok%=0.0}
[ENEMY_SAP] updates=6538 active=1024 pairs=0 repairs{x=2015 y=1962}
[ENEMY_PAIR_TYPES] frontal DD=0 DT=0 DH=0 DA=0 TT=0 TH=0 TA=0 HH=0 HA=0 AA=0 separation DD=0 DT=0 DH=0 DA=0 TT=0 TH=0 TA=0 HH=0 HA=0 AA=0
[AUDIO_ROUTE_WINDOW] steps=135 events=32 sounds=25 avg(step ev=0.24 snd=0.19) max(step ev=2 snd=2)
  events{shotP=9 shotE=2 dead=2 spawn=9 base=0 wall=10 start=0 playerExpl=0}
  sounds{shotP=9 shotE=2 dead=2 spawn=2 base=0 wall=10 start=0 playerExpl=0}
[MUSIC_PLAYER_WINDOW] label=menu calls=120 activeCalls=0 buffers=0 avg(buf/call=0.00 active=0.00) max(buf/call=0) upload(total=0.00ms avg=0.000ms max=0.000ms slow=0)
[MUSIC_PLAYER_WINDOW] label=gameplay calls=120 activeCalls=120 buffers=9 avg(buf/call=0.08 active=0.08) max(buf/call=1) upload(total=52.24ms avg=5.805ms max=14.188ms slow=5)

[PROFILE] frame=3840 budget=16.667ms alloc(+138/-138, +10896b/-10896b, live=327152b peak=358408b)
  frame.total                      win= 18.524ms avg= 18.524ms p95= 24.949ms max=106.689ms calls(last=  1,win= 120,total=3840) (win 111.1% | avg 111.1% budget)
  frame.cpu_work                   win= 13.041ms avg= 13.041ms p95= 22.874ms max=105.065ms calls(last=  1,win= 120,total=3840) (win 78.2% | avg 78.2% budget)
  frame.render                     win=  5.720ms avg=  5.720ms p95=  7.018ms max= 25.862ms calls(last=  1,win= 120,total=3840) (win 34.3% | avg 34.3% budget)
  frame.present                    win=  5.467ms avg=  5.467ms p95=  8.760ms max= 41.440ms calls(last=  1,win= 120,total=3840) (win 32.8% | avg 32.8% budget)
  music.fill_buffer                win=  3.725ms avg=  0.279ms p95=  3.694ms max=  7.434ms calls(last=  0,win=   9,total=257) (win 22.4% | avg 1.7% budget)
  frame.fixed_step                 win=  3.540ms avg=  3.982ms p95=  8.734ms max=104.148ms calls(last=  1,win= 135,total=3957) (win 21.2% | avg 23.9% budget)
  gameplay.music                   win=  3.281ms avg=  3.281ms p95= 12.671ms max= 23.184ms calls(last=  1,win= 120,total=3840) (win 19.7% | avg 19.7% budget)
  game.update                      win=  3.132ms avg=  3.524ms p95=  6.143ms max=104.116ms calls(last=  1,win= 135,total=1205) (win 18.8% | avg 21.1% budget)
  frame.render.world               win=  3.027ms avg=  3.027ms p95=  4.603ms max=  9.577ms calls(last=  1,win= 120,total=1087) (win 18.2% | avg 18.2% budget)
  system.ai_update                 win=  2.885ms avg=  3.246ms p95=  5.810ms max=  8.884ms calls(last=  1,win= 135,total=1143) (win 17.3% | avg 19.5% budget)
  enemy.update                     win=  2.882ms avg=  3.242ms p95=  5.803ms max=  8.877ms calls(last=  1,win= 135,total=1143) (win 17.3% | avg 19.5% budget)
  menu.music                       win=  1.641ms avg=  3.282ms p95= 12.669ms max= 23.184ms calls(last=  2,win= 240,total=7680) (win 9.8% | avg 19.7% budget)
  music.update_stream              win=  1.620ms avg=  0.122ms p95=  0.013ms max= 14.322ms calls(last=  0,win=   9,total=257) (win 9.7% | avg 0.7% budget)
  frame.render.world.maze          win=  1.205ms avg=  1.205ms p95=  1.312ms max=  1.536ms calls(last=  1,win= 120,total=1087) (win 7.2% | avg 7.2% budget)
  frame.render.hud                 win=  0.857ms avg=  0.857ms p95=  0.926ms max=  1.159ms calls(last=  1,win= 120,total=1087) (win 5.1% | avg 5.1% budget)
  frame.render.world.effects       win=  0.661ms avg=  0.661ms p95=  0.699ms max=  7.183ms calls(last=  1,win= 120,total=1087) (win 4.0% | avg 4.0% budget)
  frame.render.hud.minimap         win=  0.423ms avg=  0.423ms p95=  0.471ms max=  0.731ms calls(last=  1,win= 120,total=1087) (win 2.5% | avg 2.5% budget)
  frame.render.world.enemies       win=  0.406ms avg=  0.406ms p95=  0.457ms max=  3.351ms calls(last=  1,win= 120,total=1087) (win 2.4% | avg 2.4% budget)
  audio.route_step                 win=  0.396ms avg=  0.446ms p95=  2.772ms max= 11.929ms calls(last=  1,win= 135,total=1205) (win 2.4% | avg 2.7% budget)
  frame.render.world.enemies.draw  win=  0.373ms avg=  0.373ms p95=  0.424ms max=  3.317ms calls(last=  1,win= 120,total=1087) (win 2.2% | avg 2.2% budget)
  enemy.physics.frontal_collisions win=  0.238ms avg=  0.268ms p95=  0.496ms max=  0.804ms calls(last=  1,win= 135,total=706) (win 1.4% | avg 1.6% budget)
  frame.render.hud.text            win=  0.226ms avg=  0.226ms p95=  0.268ms max=  0.521ms calls(last=  1,win= 120,total=1087) (win 1.4% | avg 1.4% budget)
  enemy.physics.frontal_grid_build win=  0.174ms avg=  0.196ms p95=  0.403ms max=  0.676ms calls(last=  1,win= 135,total=706) (win 1.0% | avg 1.2% budget)
  enemy.ai.movement                win=  0.101ms avg=  0.746ms p95=  1.334ms max=  2.710ms calls(last=  8,win= 888,total=4814) (win 0.6% | avg 4.5% budget)
[ENEMY_STATS] frame=3840 alive=60 visible=2 full=8 cheap=52 fullInBase=3 pairs(frontal=0 checks=0 separation=0 resolved=0)
[ENEMY_WINDOW] steps=135 alive[min=53 max=60] visible[min=1 max=2] full[min=6 max=8] collisionPasses[runs=135 skips=0]
[ENEMY_SEGMENTS] window=2.250s D{b/s=5.33 avgLen=5.20 fail=0} T{b/s=0.00 avgLen=0.00 fail=0} H{b/s=0.00 avgLen=0.00 fail=0} A{b/s=0.00 avgLen=0.00 fail=0}
[ENEMY_GRID] frontal{cand/s=395.6 xcell/s=2.2 ins/s=397.8} separation{cand/s=395.6}
[ENEMY_COLLISION_WINDOW] frontal{pairs/s=0.0 checks/s=0.0 baseSkip=0 kill=0(0.0%)} separation{pairs/s=0.0 resolved/s=0.0(0.0%) baseSkip=0 kill=0 wallBlock=0}
[ENEMY_NAV_CACHE] playerCell{changes=0 flowRebuilds=0} flow{hit=0 miss=0 hit%=0.0} pathFallback{calls=0 ok=0 ok%=0.0}
[ENEMY_SAP] updates=7530 active=890 pairs=0 repairs{x=1452 y=1434}
[ENEMY_PAIR_TYPES] frontal DD=0 DT=0 DH=0 DA=0 TT=0 TH=0 TA=0 HH=0 HA=0 AA=0 separation DD=0 DT=0 DH=0 DA=0 TT=0 TH=0 TA=0 HH=0 HA=0 AA=0
[AUDIO_ROUTE_WINDOW] steps=135 events=22 sounds=17 avg(step ev=0.16 snd=0.13) max(step ev=1 snd=1)
  events{shotP=10 shotE=0 dead=0 spawn=7 base=0 wall=5 start=0 playerExpl=0}
  sounds{shotP=10 shotE=0 dead=0 spawn=2 base=0 wall=5 start=0 playerExpl=0}
[MUSIC_PLAYER_WINDOW] label=menu calls=120 activeCalls=0 buffers=0 avg(buf/call=0.00 active=0.00) max(buf/call=0) upload(total=0.00ms avg=0.000ms max=0.000ms slow=0)
[MUSIC_PLAYER_WINDOW] label=gameplay calls=120 activeCalls=120 buffers=8 avg(buf/call=0.07 active=0.07) max(buf/call=1) upload(total=14.28ms avg=1.785ms max=7.256ms slow=2)

[PROFILE] frame=3960 budget=16.667ms alloc(+127/-127, +9992b/-9992b, live=327536b peak=358408b)
  frame.total                      win= 18.810ms avg= 18.810ms p95= 28.836ms max=106.689ms calls(last=  1,win= 120,total=3960) (win 112.9% | avg 112.9% budget)
  frame.cpu_work                   win= 13.700ms avg= 13.700ms p95= 26.807ms max=105.065ms calls(last=  1,win= 120,total=3960) (win 82.2% | avg 82.2% budget)
  frame.render                     win=  5.551ms avg=  5.551ms p95=  5.872ms max= 25.862ms calls(last=  1,win= 120,total=3960) (win 33.3% | avg 33.3% budget)
  frame.present                    win=  5.093ms avg=  5.093ms p95=  8.432ms max= 41.440ms calls(last=  1,win= 120,total=3960) (win 30.6% | avg 30.6% budget)
  frame.fixed_step                 win=  4.397ms avg=  4.983ms p95= 12.591ms max=104.148ms calls(last=  1,win= 136,total=4093) (win 26.4% | avg 29.9% budget)
  music.update_stream              win=  4.169ms avg=  0.313ms p95=  0.013ms max= 14.322ms calls(last=  0,win=   9,total=266) (win 25.0% | avg 1.9% budget)
  music.fill_buffer                win=  3.742ms avg=  0.281ms p95=  3.707ms max=  7.434ms calls(last=  0,win=   9,total=266) (win 22.5% | avg 1.7% budget)
  game.update                      win=  3.634ms avg=  4.119ms p95=  8.006ms max=104.116ms calls(last=  1,win= 136,total=1341) (win 21.8% | avg 24.7% budget)
  system.ai_update                 win=  3.286ms avg=  3.725ms p95=  7.065ms max=  9.823ms calls(last=  1,win= 136,total=1279) (win 19.7% | avg 22.3% budget)
  enemy.update                     win=  3.283ms avg=  3.721ms p95=  7.059ms max=  9.819ms calls(last=  1,win= 136,total=1279) (win 19.7% | avg 22.3% budget)
  gameplay.music                   win=  3.108ms avg=  3.108ms p95= 11.855ms max= 23.184ms calls(last=  1,win= 120,total=3960) (win 18.6% | avg 18.6% budget)
  frame.render.world               win=  2.911ms avg=  2.911ms p95=  3.226ms max=  9.577ms calls(last=  1,win= 120,total=1207) (win 17.5% | avg 17.5% budget)
  menu.music                       win=  1.555ms avg=  3.109ms p95= 11.856ms max= 23.184ms calls(last=  2,win= 240,total=7920) (win 9.3% | avg 18.7% budget)
  frame.render.world.maze          win=  1.096ms avg=  1.096ms p95=  1.181ms max=  1.536ms calls(last=  1,win= 120,total=1207) (win 6.6% | avg 6.6% budget)
  frame.render.hud                 win=  0.850ms avg=  0.850ms p95=  0.918ms max=  1.159ms calls(last=  1,win= 120,total=1207) (win 5.1% | avg 5.1% budget)
  audio.route_step                 win=  0.751ms avg=  0.852ms p95=  8.295ms max= 11.929ms calls(last=  1,win= 136,total=1341) (win 4.5% | avg 5.1% budget)
  frame.render.world.effects       win=  0.725ms avg=  0.725ms p95=  1.002ms max=  7.183ms calls(last=  1,win= 120,total=1207) (win 4.3% | avg 4.3% budget)
  frame.render.hud.minimap         win=  0.420ms avg=  0.420ms p95=  0.465ms max=  0.731ms calls(last=  1,win= 120,total=1207) (win 2.5% | avg 2.5% budget)
  frame.render.world.enemies       win=  0.319ms avg=  0.319ms p95=  0.371ms max=  3.351ms calls(last=  1,win= 120,total=1207) (win 1.9% | avg 1.9% budget)
  frame.render.world.enemies.draw  win=  0.285ms avg=  0.285ms p95=  0.334ms max=  3.317ms calls(last=  1,win= 120,total=1207) (win 1.7% | avg 1.7% budget)
  enemy.physics.frontal_collisions win=  0.250ms avg=  0.283ms p95=  0.476ms max=  0.804ms calls(last=  1,win= 136,total=842) (win 1.5% | avg 1.7% budget)
  frame.render.hud.text            win=  0.225ms avg=  0.225ms p95=  0.265ms max=  0.521ms calls(last=  1,win= 120,total=1207) (win 1.4% | avg 1.4% budget)
  system.physics_collision         win=  0.190ms avg=  0.215ms p95=  0.189ms max= 14.441ms calls(last=  1,win= 136,total=1279) (win 1.1% | avg 1.3% budget)
  enemy.physics.frontal_grid_build win=  0.176ms avg=  0.199ms p95=  0.331ms max=  0.676ms calls(last=  1,win= 136,total=842) (win 1.1% | avg 1.2% budget)
[ENEMY_STATS] frame=3960 alive=63 visible=2 full=8 cheap=55 fullInBase=0 pairs(frontal=0 checks=0 separation=0 resolved=0)
[ENEMY_WINDOW] steps=136 alive[min=60 max=63] visible[min=2 max=2] full[min=7 max=8] collisionPasses[runs=136 skips=0]
[ENEMY_SEGMENTS] window=2.267s D{b/s=3.53 avgLen=5.77 fail=0} T{b/s=0.00 avgLen=0.00 fail=0} H{b/s=0.00 avgLen=0.00 fail=0} A{b/s=0.00 avgLen=0.00 fail=0}
[ENEMY_GRID] frontal{cand/s=467.6 xcell/s=3.1 ins/s=470.7} separation{cand/s=467.6}
[ENEMY_COLLISION_WINDOW] frontal{pairs/s=8.8 checks/s=0.0 baseSkip=20 kill=0(0.0%)} separation{pairs/s=8.8 resolved/s=0.0(0.0%) baseSkip=20 kill=0 wallBlock=0}
[ENEMY_NAV_CACHE] playerCell{changes=0 flowRebuilds=0} flow{hit=0 miss=0 hit%=0.0} pathFallback{calls=0 ok=0 ok%=0.0}
[ENEMY_SAP] updates=8324 active=1060 pairs=20 repairs{x=884 y=871}
[ENEMY_PAIR_TYPES] frontal DD=0 DT=20 DH=0 DA=0 TT=0 TH=0 TA=0 HH=0 HA=0 AA=0 separation DD=0 DT=20 DH=0 DA=0 TT=0 TH=0 TA=0 HH=0 HA=0 AA=0
[AUDIO_ROUTE_WINDOW] steps=136 events=21 sounds=19 avg(step ev=0.15 snd=0.14) max(step ev=1 snd=1)
  events{shotP=10 shotE=1 dead=0 spawn=3 base=1 wall=6 start=0 playerExpl=0}
  sounds{shotP=10 shotE=1 dead=0 spawn=1 base=1 wall=6 start=0 playerExpl=0}
[MUSIC_PLAYER_WINDOW] label=menu calls=120 activeCalls=0 buffers=0 avg(buf/call=0.00 active=0.00) max(buf/call=0) upload(total=0.00ms avg=0.000ms max=0.000ms slow=0)
[MUSIC_PLAYER_WINDOW] label=gameplay calls=120 activeCalls=120 buffers=9 avg(buf/call=0.08 active=0.08) max(buf/call=1) upload(total=36.96ms avg=4.106ms max=9.959ms slow=4)

[PROFILE] frame=4080 budget=16.667ms alloc(+138/-138, +10752b/-10752b, live=395008b peak=460152b)
  frame.total                      win= 17.910ms avg= 17.910ms p95= 24.213ms max=106.689ms calls(last=  1,win= 120,total=4080) (win 107.5% | avg 107.5% budget)
  frame.cpu_work                   win= 12.698ms avg= 12.698ms p95= 22.112ms max=105.065ms calls(last=  1,win= 120,total=4080) (win 76.2% | avg 76.2% budget)
  frame.render                     win=  5.448ms avg=  5.448ms p95=  5.742ms max= 25.862ms calls(last=  1,win= 120,total=4080) (win 32.7% | avg 32.7% budget)
  frame.present                    win=  5.197ms avg=  5.197ms p95=  8.415ms max= 41.440ms calls(last=  1,win= 120,total=4080) (win 31.2% | avg 31.2% budget)
  frame.fixed_step                 win=  4.091ms avg=  4.432ms p95=  7.874ms max=104.148ms calls(last=  1,win= 130,total=4223) (win 24.5% | avg 26.6% budget)
  music.fill_buffer                win=  3.753ms avg=  0.250ms p95=  3.719ms max=  7.434ms calls(last=  0,win=   8,total=274) (win 22.5% | avg 1.5% budget)
  game.update                      win=  3.651ms avg=  3.955ms p95=  6.314ms max=104.116ms calls(last=  1,win= 130,total=1471) (win 21.9% | avg 23.7% budget)
  system.ai_update                 win=  3.374ms avg=  3.656ms p95=  5.865ms max=  9.823ms calls(last=  1,win= 130,total=1409) (win 20.2% | avg 21.9% budget)
  enemy.update                     win=  3.371ms avg=  3.652ms p95=  5.859ms max=  9.819ms calls(last=  1,win= 130,total=1409) (win 20.2% | avg 21.9% budget)
  music.update_stream              win=  3.369ms avg=  0.225ms p95=  0.013ms max= 14.322ms calls(last=  0,win=   8,total=274) (win 20.2% | avg 1.3% budget)
  frame.render.world               win=  2.798ms avg=  2.798ms p95=  3.077ms max=  9.577ms calls(last=  1,win= 120,total=1327) (win 16.8% | avg 16.8% budget)
  gameplay.music                   win=  2.761ms avg=  2.761ms p95= 11.336ms max= 23.184ms calls(last=  1,win= 120,total=4080) (win 16.6% | avg 16.6% budget)
  menu.music                       win=  1.381ms avg=  2.763ms p95= 11.334ms max= 23.184ms calls(last=  2,win= 240,total=8160) (win 8.3% | avg 16.6% budget)
  frame.render.world.maze          win=  1.098ms avg=  1.098ms p95=  1.184ms max=  1.536ms calls(last=  1,win= 120,total=1327) (win 6.6% | avg 6.6% budget)
  frame.render.hud                 win=  0.848ms avg=  0.848ms p95=  0.894ms max=  1.159ms calls(last=  1,win= 120,total=1327) (win 5.1% | avg 5.1% budget)
  frame.render.world.effects       win=  0.594ms avg=  0.594ms p95=  0.693ms max=  7.183ms calls(last=  1,win= 120,total=1327) (win 3.6% | avg 3.6% budget)
  audio.route_step                 win=  0.429ms avg=  0.464ms p95=  4.538ms max= 11.929ms calls(last=  1,win= 130,total=1471) (win 2.6% | avg 2.8% budget)
  frame.render.hud.minimap         win=  0.420ms avg=  0.420ms p95=  0.463ms max=  0.731ms calls(last=  1,win= 120,total=1327) (win 2.5% | avg 2.5% budget)
  frame.render.world.enemies       win=  0.340ms avg=  0.340ms p95=  0.380ms max=  3.351ms calls(last=  1,win= 120,total=1327) (win 2.0% | avg 2.0% budget)
  frame.render.world.enemies.draw  win=  0.305ms avg=  0.305ms p95=  0.347ms max=  3.317ms calls(last=  1,win= 120,total=1327) (win 1.8% | avg 1.8% budget)
  enemy.physics.frontal_collisions win=  0.266ms avg=  0.288ms p95=  0.490ms max=  0.804ms calls(last=  1,win= 130,total=972) (win 1.6% | avg 1.7% budget)
  frame.render.hud.text            win=  0.220ms avg=  0.220ms p95=  0.235ms max=  0.521ms calls(last=  1,win= 120,total=1327) (win 1.3% | avg 1.3% budget)
  enemy.physics.frontal_grid_build win=  0.188ms avg=  0.204ms p95=  0.348ms max=  0.676ms calls(last=  1,win= 130,total=972) (win 1.1% | avg 1.2% budget)
  enemy.ai.movement                win=  0.103ms avg=  0.946ms p95=  1.625ms max=  5.535ms calls(last=  9,win=1105,total=6979) (win 0.6% | avg 5.7% budget)
[ENEMY_STATS] frame=4080 alive=67 visible=1 full=9 cheap=58 fullInBase=1 pairs(frontal=0 checks=0 separation=0 resolved=0)
[ENEMY_WINDOW] steps=130 alive[min=63 max=67] visible[min=1 max=2] full[min=8 max=9] collisionPasses[runs=130 skips=0]
[ENEMY_SEGMENTS] window=2.167s D{b/s=3.23 avgLen=4.28 fail=0} T{b/s=0.00 avgLen=0.00 fail=0} H{b/s=0.00 avgLen=0.00 fail=0} A{b/s=0.00 avgLen=0.00 fail=0}
[ENEMY_GRID] frontal{cand/s=510.5 xcell/s=1.8 ins/s=512.3} separation{cand/s=510.5}
[ENEMY_COLLISION_WINDOW] frontal{pairs/s=0.0 checks/s=0.0 baseSkip=0 kill=0(0.0%)} separation{pairs/s=0.0 resolved/s=0.0(0.0%) baseSkip=0 kill=0 wallBlock=0}
[ENEMY_NAV_CACHE] playerCell{changes=0 flowRebuilds=0} flow{hit=0 miss=0 hit%=0.0} pathFallback{calls=0 ok=0 ok%=0.0}
[ENEMY_SAP] updates=8559 active=1106 pairs=0 repairs{x=945 y=937}
[ENEMY_PAIR_TYPES] frontal DD=0 DT=0 DH=0 DA=0 TT=0 TH=0 TA=0 HH=0 HA=0 AA=0 separation DD=0 DT=0 DH=0 DA=0 TT=0 TH=0 TA=0 HH=0 HA=0 AA=0
[AUDIO_ROUTE_WINDOW] steps=130 events=25 sounds=22 avg(step ev=0.19 snd=0.17) max(step ev=3 snd=3)
  events{shotP=9 shotE=1 dead=0 spawn=4 base=0 wall=11 start=0 playerExpl=0}
  sounds{shotP=9 shotE=1 dead=0 spawn=1 base=0 wall=11 start=0 playerExpl=0}
[MUSIC_PLAYER_WINDOW] label=menu calls=120 activeCalls=0 buffers=0 avg(buf/call=0.00 active=0.00) max(buf/call=0) upload(total=0.00ms avg=0.000ms max=0.000ms slow=0)
[MUSIC_PLAYER_WINDOW] label=gameplay calls=120 activeCalls=120 buffers=9 avg(buf/call=0.08 active=0.08) max(buf/call=1) upload(total=26.54ms avg=2.949ms max=9.498ms slow=3)

[PROFILE] frame=4200 budget=16.667ms alloc(+136/-136, +10640b/-10640b, live=395168b peak=460152b)
  frame.total                      win= 17.778ms avg= 17.778ms p95= 23.817ms max=106.689ms calls(last=  1,win= 120,total=4200) (win 106.7% | avg 106.7% budget)
  frame.cpu_work                   win= 12.144ms avg= 12.144ms p95= 21.791ms max=105.065ms calls(last=  1,win= 120,total=4200) (win 72.9% | avg 72.9% budget)
  audio.route.removed_enemy_match  win= 11.068ms avg=  0.092ms p95=  0.000ms max= 11.068ms calls(last=  0,win=   1,total=8) (win 66.4% | avg 0.6% budget)
  frame.present                    win=  5.619ms avg=  5.619ms p95=  8.485ms max= 41.440ms calls(last=  1,win= 120,total=4200) (win 33.7% | avg 33.7% budget)
  frame.render                     win=  5.438ms avg=  5.438ms p95=  5.721ms max= 25.862ms calls(last=  1,win= 120,total=4200) (win 32.6% | avg 32.6% budget)
  frame.fixed_step                 win=  3.973ms avg=  4.271ms p95=  6.869ms max=104.148ms calls(last=  1,win= 129,total=4352) (win 23.8% | avg 25.6% budget)
  game.update                      win=  3.770ms avg=  4.052ms p95=  6.481ms max=104.116ms calls(last=  1,win= 129,total=1600) (win 22.6% | avg 24.3% budget)
  music.fill_buffer                win=  3.721ms avg=  0.279ms p95=  3.702ms max=  7.434ms calls(last=  0,win=   9,total=283) (win 22.3% | avg 1.7% budget)
  system.ai_update                 win=  3.492ms avg=  3.754ms p95=  6.149ms max=  9.823ms calls(last=  1,win= 129,total=1538) (win 21.0% | avg 22.5% budget)
  enemy.update                     win=  3.488ms avg=  3.749ms p95=  6.146ms max=  9.819ms calls(last=  1,win= 129,total=1538) (win 20.9% | avg 22.5% budget)
  frame.render.world               win=  2.764ms avg=  2.764ms p95=  2.976ms max=  9.577ms calls(last=  1,win= 120,total=1447) (win 16.6% | avg 16.6% budget)
  gameplay.music                   win=  2.379ms avg=  2.379ms p95= 11.399ms max= 23.184ms calls(last=  1,win= 120,total=4200) (win 14.3% | avg 14.3% budget)
  menu.music                       win=  1.190ms avg=  2.381ms p95= 11.398ms max= 23.184ms calls(last=  2,win= 240,total=8400) (win 7.1% | avg 14.3% budget)
  frame.render.world.maze          win=  1.122ms avg=  1.122ms p95=  1.225ms max=  3.160ms calls(last=  1,win= 120,total=1447) (win 6.7% | avg 6.7% budget)
  frame.render.hud                 win=  0.855ms avg=  0.855ms p95=  0.931ms max=  1.166ms calls(last=  1,win= 120,total=1447) (win 5.1% | avg 5.1% budget)
  music.update_stream              win=  0.823ms avg=  0.062ms p95=  0.014ms max= 14.322ms calls(last=  0,win=   9,total=283) (win 4.9% | avg 0.4% budget)
  frame.render.world.effects       win=  0.570ms avg=  0.570ms p95=  0.653ms max=  7.183ms calls(last=  1,win= 120,total=1447) (win 3.4% | avg 3.4% budget)
  frame.render.hud.minimap         win=  0.421ms avg=  0.421ms p95=  0.465ms max=  0.748ms calls(last=  1,win= 120,total=1447) (win 2.5% | avg 2.5% budget)
  frame.render.world.enemies       win=  0.290ms avg=  0.290ms p95=  0.353ms max=  3.351ms calls(last=  1,win= 120,total=1447) (win 1.7% | avg 1.7% budget)
  enemy.physics.frontal_collisions win=  0.288ms avg=  0.310ms p95=  0.565ms max=  1.036ms calls(last=  1,win= 129,total=1101) (win 1.7% | avg 1.9% budget)
  frame.render.world.enemies.draw  win=  0.255ms avg=  0.255ms p95=  0.319ms max=  3.317ms calls(last=  1,win= 120,total=1447) (win 1.5% | avg 1.5% budget)
  frame.render.hud.text            win=  0.226ms avg=  0.226ms p95=  0.271ms max=  0.521ms calls(last=  1,win= 120,total=1447) (win 1.4% | avg 1.4% budget)
  enemy.physics.frontal_grid_build win=  0.214ms avg=  0.230ms p95=  0.386ms max=  0.905ms calls(last=  1,win= 129,total=1101) (win 1.3% | avg 1.4% budget)
  audio.route_step                 win=  0.192ms avg=  0.206ms p95=  0.024ms max= 11.929ms calls(last=  1,win= 129,total=1600) (win 1.1% | avg 1.2% budget)
[ENEMY_STATS] frame=4200 alive=72 visible=0 full=9 cheap=63 fullInBase=0 pairs(frontal=0 checks=0 separation=0 resolved=0)
[ENEMY_WINDOW] steps=129 alive[min=67 max=72] visible[min=0 max=1] full[min=9 max=10] collisionPasses[runs=129 skips=0]
[ENEMY_SEGMENTS] window=2.150s D{b/s=6.98 avgLen=5.22 fail=0} T{b/s=0.00 avgLen=0.00 fail=0} H{b/s=0.00 avgLen=0.00 fail=0} A{b/s=0.00 avgLen=0.00 fail=0}
[ENEMY_GRID] frontal{cand/s=547.0 xcell/s=2.8 ins/s=549.8} separation{cand/s=547.0}
[ENEMY_COLLISION_WINDOW] frontal{pairs/s=0.0 checks/s=0.0 baseSkip=0 kill=0(0.0%)} separation{pairs/s=0.0 resolved/s=0.0(0.0%) baseSkip=0 kill=0 wallBlock=0}
[ENEMY_NAV_CACHE] playerCell{changes=0 flowRebuilds=0} flow{hit=0 miss=0 hit%=0.0} pathFallback{calls=0 ok=0 ok%=0.0}
[ENEMY_SAP] updates=9031 active=1176 pairs=0 repairs{x=2416 y=2390}
[ENEMY_PAIR_TYPES] frontal DD=0 DT=0 DH=0 DA=0 TT=0 TH=0 TA=0 HH=0 HA=0 AA=0 separation DD=0 DT=0 DH=0 DA=0 TT=0 TH=0 TA=0 HH=0 HA=0 AA=0
[AUDIO_ROUTE_WINDOW] steps=129 events=18 sounds=13 avg(step ev=0.14 snd=0.10) max(step ev=2 snd=1)
  events{shotP=6 shotE=0 dead=1 spawn=6 base=0 wall=5 start=0 playerExpl=0}
  sounds{shotP=6 shotE=0 dead=1 spawn=1 base=0 wall=5 start=0 playerExpl=0}
[MUSIC_PLAYER_WINDOW] label=menu calls=120 activeCalls=0 buffers=0 avg(buf/call=0.00 active=0.00) max(buf/call=0) upload(total=0.00ms avg=0.000ms max=0.000ms slow=0)
[MUSIC_PLAYER_WINDOW] label=gameplay calls=120 activeCalls=120 buffers=8 avg(buf/call=0.07 active=0.07) max(buf/call=1) upload(total=7.24ms avg=0.905ms max=7.169ms slow=1)

[PROFILE] frame=4320 budget=16.667ms alloc(+174/-174, +13776b/-13776b, live=395360b peak=460152b)
  frame.total                      win= 16.948ms avg= 16.948ms p95= 17.903ms max=106.689ms calls(last=  1,win= 120,total=4320) (win 101.7% | avg 101.7% budget)
  frame.cpu_work                   win= 10.336ms avg= 10.336ms p95= 15.099ms max=105.065ms calls(last=  1,win= 120,total=4320) (win 62.0% | avg 62.0% budget)
  frame.present                    win=  6.597ms avg=  6.597ms p95=  8.688ms max= 41.440ms calls(last=  1,win= 120,total=4320) (win 39.6% | avg 39.6% budget)
  frame.render                     win=  5.202ms avg=  5.202ms p95=  5.475ms max= 25.862ms calls(last=  1,win= 120,total=4320) (win 31.2% | avg 31.2% budget)
  frame.fixed_step                 win=  3.903ms avg=  4.000ms p95=  5.182ms max=104.148ms calls(last=  1,win= 123,total=4475) (win 23.4% | avg 24.0% budget)
  game.update                      win=  3.827ms avg=  3.922ms p95=  5.006ms max=104.116ms calls(last=  1,win= 123,total=1723) (win 23.0% | avg 23.5% budget)
  music.fill_buffer                win=  3.718ms avg=  0.248ms p95=  3.689ms max=  7.434ms calls(last=  0,win=   8,total=291) (win 22.3% | avg 1.5% budget)
  system.ai_update                 win=  3.600ms avg=  3.690ms p95=  4.823ms max=  9.823ms calls(last=  1,win= 123,total=1661) (win 21.6% | avg 22.1% budget)
  enemy.update                     win=  3.596ms avg=  3.686ms p95=  4.819ms max=  9.819ms calls(last=  1,win= 123,total=1661) (win 21.6% | avg 22.1% budget)
  frame.render.world               win=  2.563ms avg=  2.563ms p95=  2.786ms max=  9.577ms calls(last=  1,win= 120,total=1567) (win 15.4% | avg 15.4% budget)
  frame.render.world.maze          win=  1.099ms avg=  1.099ms p95=  1.194ms max=  3.160ms calls(last=  1,win= 120,total=1567) (win 6.6% | avg 6.6% budget)
  gameplay.music                   win=  1.078ms avg=  1.078ms p95=  6.535ms max= 23.184ms calls(last=  1,win= 120,total=4320) (win 6.5% | avg 6.5% budget)
  frame.render.hud                 win=  0.848ms avg=  0.848ms p95=  0.889ms max=  1.166ms calls(last=  1,win= 120,total=1567) (win 5.1% | avg 5.1% budget)
  menu.music                       win=  0.540ms avg=  1.080ms p95=  6.535ms max= 23.184ms calls(last=  2,win= 240,total=8640) (win 3.2% | avg 6.5% budget)
  frame.render.world.effects       win=  0.476ms avg=  0.476ms p95=  0.564ms max=  7.183ms calls(last=  1,win= 120,total=1567) (win 2.9% | avg 2.9% budget)
  frame.render.hud.minimap         win=  0.417ms avg=  0.417ms p95=  0.460ms max=  0.748ms calls(last=  1,win= 120,total=1567) (win 2.5% | avg 2.5% budget)
  enemy.physics.frontal_collisions win=  0.300ms avg=  0.308ms p95=  0.505ms max=  1.036ms calls(last=  1,win= 123,total=1224) (win 1.8% | avg 1.8% budget)
  frame.render.hud.text            win=  0.225ms avg=  0.225ms p95=  0.263ms max=  0.521ms calls(last=  1,win= 120,total=1567) (win 1.3% | avg 1.3% budget)
  enemy.physics.frontal_grid_build win=  0.223ms avg=  0.229ms p95=  0.384ms max=  0.905ms calls(last=  1,win= 123,total=1224) (win 1.3% | avg 1.4% budget)
  frame.render.world.enemies       win=  0.214ms avg=  0.214ms p95=  0.246ms max=  3.351ms calls(last=  1,win= 120,total=1567) (win 1.3% | avg 1.3% budget)
  frame.render.world.enemies.draw  win=  0.180ms avg=  0.180ms p95=  0.212ms max=  3.317ms calls(last=  1,win= 120,total=1567) (win 1.1% | avg 1.1% budget)
  enemy.ai.movement                win=  0.113ms avg=  1.005ms p95=  1.177ms max=  5.535ms calls(last= 10,win=1065,total=9220) (win 0.7% | avg 6.0% budget)
  audio.route_step                 win=  0.065ms avg=  0.067ms p95=  0.012ms max= 11.929ms calls(last=  1,win= 123,total=1723) (win 0.4% | avg 0.4% budget)
  system.spawner_update            win=  0.061ms avg=  0.062ms p95=  0.167ms max=  0.609ms calls(last=  1,win= 123,total=1661) (win 0.4% | avg 0.4% budget)
[ENEMY_STATS] frame=4320 alive=77 visible=0 full=10 cheap=67 fullInBase=1 pairs(frontal=0 checks=0 separation=0 resolved=0)
[ENEMY_WINDOW] steps=123 alive[min=72 max=77] visible[min=0 max=0] full[min=8 max=10] collisionPasses[runs=123 skips=0]
[ENEMY_SEGMENTS] window=2.050s D{b/s=6.83 avgLen=5.36 fail=0} T{b/s=0.00 avgLen=0.00 fail=0} H{b/s=0.00 avgLen=0.00 fail=0} A{b/s=0.00 avgLen=0.00 fail=0}
[ENEMY_GRID] frontal{cand/s=520.0 xcell/s=4.4 ins/s=524.4} separation{cand/s=520.0}
[ENEMY_COLLISION_WINDOW] frontal{pairs/s=7.3 checks/s=7.3 baseSkip=0 kill=0(0.0%)} separation{pairs/s=7.3 resolved/s=0.0(0.0%) baseSkip=0 kill=0 wallBlock=0}
[ENEMY_NAV_CACHE] playerCell{changes=0 flowRebuilds=0} flow{hit=0 miss=0 hit%=0.0} pathFallback{calls=0 ok=0 ok%=0.0}
[ENEMY_SAP] updates=9174 active=1066 pairs=15 repairs{x=2011 y=2006}
[ENEMY_PAIR_TYPES] frontal DD=0 DT=15 DH=0 DA=0 TT=0 TH=0 TA=0 HH=0 HA=0 AA=0 separation DD=0 DT=15 DH=0 DA=0 TT=0 TH=0 TA=0 HH=0 HA=0 AA=0
[AUDIO_ROUTE_WINDOW] steps=123 events=9 sounds=5 avg(step ev=0.07 snd=0.04) max(step ev=1 snd=1)
  events{shotP=0 shotE=0 dead=0 spawn=5 base=0 wall=4 start=0 playerExpl=0}
  sounds{shotP=0 shotE=0 dead=0 spawn=2 base=0 wall=3 start=0 playerExpl=0}
[MUSIC_PLAYER_WINDOW] label=menu calls=120 activeCalls=0 buffers=0 avg(buf/call=0.00 active=0.00) max(buf/call=0) upload(total=0.00ms avg=0.000ms max=0.000ms slow=0)
[MUSIC_PLAYER_WINDOW] label=gameplay calls=120 activeCalls=120 buffers=8 avg(buf/call=0.07 active=0.07) max(buf/call=1) upload(total=0.08ms avg=0.010ms max=0.011ms slow=0)

[PROFILE] frame=4440 budget=16.667ms alloc(+217/-217, +17336b/-17336b, live=395504b peak=460152b)
  frame.total                      win= 16.862ms avg= 16.862ms p95= 17.357ms max=106.689ms calls(last=  1,win= 120,total=4440) (win 101.2% | avg 101.2% budget)
  frame.cpu_work                   win= 10.094ms avg= 10.094ms p95= 12.949ms max=105.065ms calls(last=  1,win= 120,total=4440) (win 60.6% | avg 60.6% budget)
  frame.present                    win=  6.754ms avg=  6.754ms p95=  8.382ms max= 41.440ms calls(last=  1,win= 120,total=4440) (win 40.5% | avg 40.5% budget)
  frame.render                     win=  5.152ms avg=  5.152ms p95=  5.380ms max= 25.862ms calls(last=  1,win= 120,total=4440) (win 30.9% | avg 30.9% budget)
  frame.fixed_step                 win=  4.366ms avg=  4.476ms p95=  5.891ms max=104.148ms calls(last=  1,win= 123,total=4598) (win 26.2% | avg 26.9% budget)
  game.update                      win=  4.348ms avg=  4.457ms p95=  5.872ms max=104.116ms calls(last=  1,win= 123,total=1846) (win 26.1% | avg 26.7% budget)
  system.ai_update                 win=  4.142ms avg=  4.246ms p95=  5.686ms max=  9.823ms calls(last=  1,win= 123,total=1784) (win 24.9% | avg 25.5% budget)
  enemy.update                     win=  4.139ms avg=  4.242ms p95=  5.683ms max=  9.819ms calls(last=  1,win= 123,total=1784) (win 24.8% | avg 25.5% budget)
  music.fill_buffer                win=  3.741ms avg=  0.249ms p95=  3.722ms max=  7.434ms calls(last=  0,win=   8,total=299) (win 22.4% | avg 1.5% budget)
  frame.render.world               win=  2.510ms avg=  2.510ms p95=  2.713ms max=  9.577ms calls(last=  1,win= 120,total=1687) (win 15.1% | avg 15.1% budget)
  frame.render.world.maze          win=  1.010ms avg=  1.010ms p95=  1.127ms max=  3.160ms calls(last=  1,win= 120,total=1687) (win 6.1% | avg 6.1% budget)
  frame.render.hud                 win=  0.844ms avg=  0.844ms p95=  0.891ms max=  1.166ms calls(last=  1,win= 120,total=1687) (win 5.1% | avg 5.1% budget)
  frame.render.world.effects       win=  0.478ms avg=  0.478ms p95=  0.559ms max=  7.183ms calls(last=  1,win= 120,total=1687) (win 2.9% | avg 2.9% budget)
  frame.render.hud.minimap         win=  0.418ms avg=  0.418ms p95=  0.461ms max=  0.748ms calls(last=  1,win= 120,total=1687) (win 2.5% | avg 2.5% budget)
  gameplay.music                   win=  0.410ms avg=  0.410ms p95=  3.746ms max= 23.184ms calls(last=  1,win= 120,total=4440) (win 2.5% | avg 2.5% budget)
  enemy.physics.frontal_collisions win=  0.316ms avg=  0.324ms p95=  0.428ms max=  1.036ms calls(last=  1,win= 123,total=1347) (win 1.9% | avg 1.9% budget)
  frame.render.world.enemies       win=  0.267ms avg=  0.267ms p95=  0.316ms max=  3.351ms calls(last=  1,win= 120,total=1687) (win 1.6% | avg 1.6% budget)
  enemy.physics.frontal_grid_build win=  0.229ms avg=  0.235ms p95=  0.306ms max=  0.905ms calls(last=  1,win= 123,total=1347) (win 1.4% | avg 1.4% budget)
  frame.render.world.enemies.draw  win=  0.227ms avg=  0.227ms p95=  0.268ms max=  3.317ms calls(last=  1,win= 120,total=1687) (win 1.4% | avg 1.4% budget)
  frame.render.hud.text            win=  0.221ms avg=  0.221ms p95=  0.234ms max=  0.521ms calls(last=  1,win= 120,total=1687) (win 1.3% | avg 1.3% budget)
  menu.music                       win=  0.206ms avg=  0.413ms p95=  3.746ms max= 23.184ms calls(last=  2,win= 240,total=8880) (win 1.2% | avg 2.5% budget)
  enemy.ai.movement                win=  0.120ms avg=  1.363ms p95=  1.655ms max=  5.535ms calls(last= 12,win=1366,total=10586) (win 0.7% | avg 8.2% budget)
  system.spawner_update            win=  0.065ms avg=  0.066ms p95=  0.119ms max=  0.609ms calls(last=  1,win= 123,total=1784) (win 0.4% | avg 0.4% budget)
  enemy.physics.frontal_pair_traverse win=  0.052ms avg=  0.053ms p95=  0.057ms max=  0.143ms calls(last=  1,win= 123,total=1347) (win 0.3% | avg 0.3% budget)
[ENEMY_STATS] frame=4440 alive=80 visible=3 full=12 cheap=68 fullInBase=0 pairs(frontal=0 checks=0 separation=0 resolved=0)
[ENEMY_WINDOW] steps=123 alive[min=77 max=80] visible[min=0 max=3] full[min=10 max=13] collisionPasses[runs=123 skips=0]
[ENEMY_SEGMENTS] window=2.050s D{b/s=2.44 avgLen=4.77 fail=0} T{b/s=0.00 avgLen=0.00 fail=0} H{b/s=0.00 avgLen=0.00 fail=0} A{b/s=0.00 avgLen=0.00 fail=0}
[ENEMY_GRID] frontal{cand/s=667.3 xcell/s=6.8 ins/s=674.1} separation{cand/s=667.3}
[ENEMY_COLLISION_WINDOW] frontal{pairs/s=0.0 checks/s=0.0 baseSkip=0 kill=0(0.0%)} separation{pairs/s=0.0 resolved/s=0.0(0.0%) baseSkip=0 kill=0 wallBlock=0}
[ENEMY_NAV_CACHE] playerCell{changes=0 flowRebuilds=0} flow{hit=0 miss=0 hit%=0.0} pathFallback{calls=0 ok=0 ok%=0.0}
[ENEMY_SAP] updates=9729 active=1368 pairs=0 repairs{x=1669 y=1634}
[ENEMY_PAIR_TYPES] frontal DD=0 DT=0 DH=0 DA=0 TT=0 TH=0 TA=0 HH=0 HA=0 AA=0 separation DD=0 DT=0 DH=0 DA=0 TT=0 TH=0 TA=0 HH=0 HA=0 AA=0
[AUDIO_ROUTE_WINDOW] steps=123 events=3 sounds=0 avg(step ev=0.02 snd=0.00) max(step ev=1 snd=0)
  events{shotP=0 shotE=0 dead=0 spawn=3 base=0 wall=0 start=0 playerExpl=0}
  sounds{shotP=0 shotE=0 dead=0 spawn=0 base=0 wall=0 start=0 playerExpl=0}
[MUSIC_PLAYER_WINDOW] label=menu calls=120 activeCalls=0 buffers=0 avg(buf/call=0.00 active=0.00) max(buf/call=0) upload(total=0.00ms avg=0.000ms max=0.000ms slow=0)
[MUSIC_PLAYER_WINDOW] label=gameplay calls=120 activeCalls=120 buffers=8 avg(buf/call=0.07 active=0.07) max(buf/call=1) upload(total=0.07ms avg=0.009ms max=0.011ms slow=0)

[PROFILE] frame=4560 budget=16.667ms alloc(+219/-219, +17304b/-17304b, live=395776b peak=460152b)
  frame.total                      win= 16.948ms avg= 16.948ms p95= 17.598ms max=106.689ms calls(last=  1,win= 120,total=4560) (win 101.7% | avg 101.7% budget)
  frame.cpu_work                   win= 10.933ms avg= 10.933ms p95= 14.517ms max=105.065ms calls(last=  1,win= 120,total=4560) (win 65.6% | avg 65.6% budget)
  frame.present                    win=  6.001ms avg=  6.001ms p95=  7.579ms max= 41.440ms calls(last=  1,win= 120,total=4560) (win 36.0% | avg 36.0% budget)
  frame.render                     win=  5.199ms avg=  5.199ms p95=  5.482ms max= 25.862ms calls(last=  1,win= 120,total=4560) (win 31.2% | avg 31.2% budget)
  frame.fixed_step                 win=  4.994ms avg=  5.119ms p95=  6.668ms max=104.148ms calls(last=  1,win= 123,total=4721) (win 30.0% | avg 30.7% budget)
  game.update                      win=  4.952ms avg=  5.076ms p95=  6.472ms max=104.116ms calls(last=  1,win= 123,total=1969) (win 29.7% | avg 30.5% budget)
  system.ai_update                 win=  4.737ms avg=  4.855ms p95=  6.250ms max= 13.998ms calls(last=  1,win= 123,total=1907) (win 28.4% | avg 29.1% budget)
  enemy.update                     win=  4.733ms avg=  4.851ms p95=  6.247ms max= 13.992ms calls(last=  1,win= 123,total=1907) (win 28.4% | avg 29.1% budget)
  music.fill_buffer                win=  3.771ms avg=  0.251ms p95=  3.738ms max=  7.434ms calls(last=  0,win=   8,total=307) (win 22.6% | avg 1.5% budget)
  frame.render.world               win=  2.563ms avg=  2.563ms p95=  2.810ms max=  9.577ms calls(last=  1,win= 120,total=1807) (win 15.4% | avg 15.4% budget)
  audio.route.removed_enemy_match  win=  1.403ms avg=  0.023ms p95=  0.000ms max= 11.068ms calls(last=  0,win=   2,total=10) (win 8.4% | avg 0.1% budget)
  frame.render.world.maze          win=  1.005ms avg=  1.005ms p95=  1.093ms max=  3.160ms calls(last=  1,win= 120,total=1807) (win 6.0% | avg 6.0% budget)
  frame.render.hud                 win=  0.854ms avg=  0.854ms p95=  0.901ms max=  1.166ms calls(last=  1,win= 120,total=1807) (win 5.1% | avg 5.1% budget)
  gameplay.music                   win=  0.558ms avg=  0.558ms p95=  3.796ms max= 23.184ms calls(last=  1,win= 120,total=4560) (win 3.3% | avg 3.3% budget)
  frame.render.world.effects       win=  0.478ms avg=  0.478ms p95=  0.554ms max=  7.183ms calls(last=  1,win= 120,total=1807) (win 2.9% | avg 2.9% budget)
  frame.render.hud.minimap         win=  0.418ms avg=  0.418ms p95=  0.462ms max=  0.748ms calls(last=  1,win= 120,total=1807) (win 2.5% | avg 2.5% budget)
  enemy.physics.frontal_collisions win=  0.374ms avg=  0.383ms p95=  1.044ms max=  1.396ms calls(last=  1,win= 123,total=1470) (win 2.2% | avg 2.3% budget)
  frame.render.world.enemies       win=  0.305ms avg=  0.305ms p95=  0.355ms max=  3.351ms calls(last=  1,win= 120,total=1807) (win 1.8% | avg 1.8% budget)
  menu.music                       win=  0.280ms avg=  0.561ms p95=  3.798ms max= 23.184ms calls(last=  2,win= 240,total=9120) (win 1.7% | avg 3.4% budget)
  enemy.physics.frontal_grid_build win=  0.277ms avg=  0.284ms p95=  0.954ms max=  1.215ms calls(last=  1,win= 123,total=1470) (win 1.7% | avg 1.7% budget)
  frame.render.world.enemies.draw  win=  0.261ms avg=  0.261ms p95=  0.309ms max=  3.317ms calls(last=  1,win= 120,total=1807) (win 1.6% | avg 1.6% budget)
  frame.render.hud.text            win=  0.226ms avg=  0.226ms p95=  0.270ms max=  0.521ms calls(last=  1,win= 120,total=1807) (win 1.4% | avg 1.4% budget)
  enemy.ai.movement                win=  0.114ms avg=  1.676ms p95=  1.846ms max=  5.535ms calls(last= 13,win=1769,total=12355) (win 0.7% | avg 10.1% budget)
  system.spawner_update            win=  0.071ms avg=  0.073ms p95=  0.250ms max=  0.609ms calls(last=  1,win= 123,total=1907) (win 0.4% | avg 0.4% budget)
[ENEMY_STATS] frame=4560 alive=86 visible=3 full=13 cheap=73 fullInBase=3 pairs(frontal=0 checks=0 separation=0 resolved=0)
[ENEMY_WINDOW] steps=123 alive[min=80 max=87] visible[min=2 max=3] full[min=12 max=16] collisionPasses[runs=123 skips=0]
[ENEMY_SEGMENTS] window=2.050s D{b/s=7.32 avgLen=4.56 fail=0} T{b/s=0.00 avgLen=0.00 fail=0} H{b/s=0.00 avgLen=0.00 fail=0} A{b/s=0.00 avgLen=0.00 fail=0}
[ENEMY_GRID] frontal{cand/s=862.4 xcell/s=6.3 ins/s=868.8} separation{cand/s=862.4}
[ENEMY_COLLISION_WINDOW] frontal{pairs/s=14.1 checks/s=13.2 baseSkip=2 kill=0(0.0%)} separation{pairs/s=14.1 resolved/s=0.0(0.0%) baseSkip=2 kill=0 wallBlock=0}
[ENEMY_NAV_CACHE] playerCell{changes=0 flowRebuilds=0} flow{hit=0 miss=0 hit%=0.0} pathFallback{calls=0 ok=0 ok%=0.0}
[ENEMY_SAP] updates=10260 active=1768 pairs=29 repairs{x=6099 y=6161}
[ENEMY_PAIR_TYPES] frontal DD=0 DT=2 DH=0 DA=0 TT=27 TH=0 TA=0 HH=0 HA=0 AA=0 separation DD=0 DT=2 DH=0 DA=0 TT=27 TH=0 TA=0 HH=0 HA=0 AA=0
[AUDIO_ROUTE_WINDOW] steps=123 events=10 sounds=5 avg(step ev=0.08 snd=0.04) max(step ev=2 snd=1)
  events{shotP=0 shotE=0 dead=2 spawn=8 base=0 wall=0 start=0 playerExpl=0}
  sounds{shotP=0 shotE=0 dead=2 spawn=3 base=0 wall=0 start=0 playerExpl=0}
[MUSIC_PLAYER_WINDOW] label=menu calls=120 activeCalls=0 buffers=0 avg(buf/call=0.00 active=0.00) max(buf/call=0) upload(total=0.00ms avg=0.000ms max=0.000ms slow=0)
[MUSIC_PLAYER_WINDOW] label=gameplay calls=120 activeCalls=120 buffers=8 avg(buf/call=0.07 active=0.07) max(buf/call=1) upload(total=0.08ms avg=0.010ms max=0.011ms slow=0)

[PROFILE] frame=4680 budget=16.667ms alloc(+208/-208, +16400b/-16400b, live=395968b peak=460152b)
  frame.total                      win= 17.501ms avg= 17.501ms p95= 21.805ms max=106.689ms calls(last=  1,win= 120,total=4680) (win 105.0% | avg 105.0% budget)
  frame.cpu_work                   win= 12.324ms avg= 12.324ms p95= 19.721ms max=105.065ms calls(last=  1,win= 120,total=4680) (win 73.9% | avg 73.9% budget)
  audio.route.removed_enemy_match  win=  6.190ms avg=  0.052ms p95=  0.000ms max= 11.068ms calls(last=  0,win=   1,total=11) (win 37.1% | avg 0.3% budget)
  frame.render                     win=  5.375ms avg=  5.375ms p95=  5.724ms max= 25.862ms calls(last=  1,win= 120,total=4680) (win 32.3% | avg 32.3% budget)
  frame.present                    win=  5.162ms avg=  5.162ms p95=  7.550ms max= 41.440ms calls(last=  1,win= 120,total=4680) (win 31.0% | avg 31.0% budget)
  frame.fixed_step                 win=  4.957ms avg=  5.247ms p95=  8.519ms max=104.148ms calls(last=  1,win= 127,total=4848) (win 29.7% | avg 31.5% budget)
  game.update                      win=  4.889ms avg=  5.174ms p95=  8.195ms max=104.116ms calls(last=  1,win= 127,total=2096) (win 29.3% | avg 31.0% budget)
  system.ai_update                 win=  4.621ms avg=  4.890ms p95=  7.807ms max= 13.998ms calls(last=  1,win= 127,total=2034) (win 27.7% | avg 29.3% budget)
  enemy.update                     win=  4.617ms avg=  4.886ms p95=  7.802ms max= 13.992ms calls(last=  1,win= 127,total=2034) (win 27.7% | avg 29.3% budget)
  music.fill_buffer                win=  3.793ms avg=  0.253ms p95=  3.728ms max=  7.434ms calls(last=  0,win=   8,total=315) (win 22.8% | avg 1.5% budget)
  frame.render.world               win=  2.727ms avg=  2.727ms p95=  3.054ms max=  9.577ms calls(last=  1,win= 120,total=1927) (win 16.4% | avg 16.4% budget)
  gameplay.music                   win=  1.645ms avg=  1.645ms p95=  6.773ms max= 23.184ms calls(last=  1,win= 120,total=4680) (win 9.9% | avg 9.9% budget)
  frame.render.world.maze          win=  1.061ms avg=  1.061ms p95=  1.162ms max=  3.160ms calls(last=  1,win= 120,total=1927) (win 6.4% | avg 6.4% budget)
  frame.render.hud                 win=  0.859ms avg=  0.859ms p95=  0.939ms max=  1.166ms calls(last=  1,win= 120,total=1927) (win 5.2% | avg 5.2% budget)
  menu.music                       win=  0.823ms avg=  1.646ms p95=  6.768ms max= 23.184ms calls(last=  2,win= 240,total=9360) (win 4.9% | avg 9.9% budget)
  frame.render.world.effects       win=  0.554ms avg=  0.554ms p95=  0.682ms max=  7.183ms calls(last=  1,win= 120,total=1927) (win 3.3% | avg 3.3% budget)
  frame.render.hud.minimap         win=  0.428ms avg=  0.428ms p95=  0.507ms max=  0.748ms calls(last=  1,win= 120,total=1927) (win 2.6% | avg 2.6% budget)
  enemy.physics.frontal_collisions win=  0.356ms avg=  0.377ms p95=  0.671ms max=  1.396ms calls(last=  1,win= 127,total=1597) (win 2.1% | avg 2.3% budget)
  frame.render.world.enemies       win=  0.327ms avg=  0.327ms p95=  0.361ms max=  3.351ms calls(last=  1,win= 120,total=1927) (win 2.0% | avg 2.0% budget)
  frame.render.world.enemies.draw  win=  0.281ms avg=  0.281ms p95=  0.312ms max=  3.317ms calls(last=  1,win= 120,total=1927) (win 1.7% | avg 1.7% budget)
  enemy.physics.frontal_grid_build win=  0.265ms avg=  0.281ms p95=  0.477ms max=  1.215ms calls(last=  1,win= 127,total=1597) (win 1.6% | avg 1.7% budget)
  frame.render.hud.text            win=  0.223ms avg=  0.223ms p95=  0.264ms max=  0.521ms calls(last=  1,win= 120,total=1927) (win 1.3% | avg 1.3% budget)
  enemy.ai.movement                win=  0.106ms avg=  1.491ms p95=  2.431ms max=  5.535ms calls(last= 13,win=1687,total=14042) (win 0.6% | avg 8.9% budget)
  frame.render.world.effects.projectiles win=  0.075ms avg=  0.051ms p95=  0.129ms max=  0.415ms calls(last=  1,win=  82,total=1058) (win 0.5% | avg 0.3% budget)
[ENEMY_STATS] frame=4680 alive=91 visible=3 full=13 cheap=78 fullInBase=2 pairs(frontal=0 checks=0 separation=0 resolved=0)
[ENEMY_WINDOW] steps=127 alive[min=86 max=91] visible[min=2 max=4] full[min=12 max=14] collisionPasses[runs=127 skips=0]
[ENEMY_SEGMENTS] window=2.117s D{b/s=8.98 avgLen=4.65 fail=0} T{b/s=0.00 avgLen=0.00 fail=0} H{b/s=0.00 avgLen=0.00 fail=0} A{b/s=0.00 avgLen=0.00 fail=0}
[ENEMY_GRID] frontal{cand/s=797.0 xcell/s=7.1 ins/s=804.1} separation{cand/s=797.0}
[ENEMY_COLLISION_WINDOW] frontal{pairs/s=0.0 checks/s=0.0 baseSkip=0 kill=0(0.0%)} separation{pairs/s=0.0 resolved/s=0.0(0.0%) baseSkip=0 kill=0 wallBlock=0}
[ENEMY_NAV_CACHE] playerCell{changes=0 flowRebuilds=0} flow{hit=0 miss=0 hit%=0.0} pathFallback{calls=0 ok=0 ok%=0.0}
[ENEMY_SAP] updates=11303 active=1687 pairs=0 repairs{x=3438 y=3441}
[ENEMY_PAIR_TYPES] frontal DD=0 DT=0 DH=0 DA=0 TT=0 TH=0 TA=0 HH=0 HA=0 AA=0 separation DD=0 DT=0 DH=0 DA=0 TT=0 TH=0 TA=0 HH=0 HA=0 AA=0
[AUDIO_ROUTE_WINDOW] steps=127 events=18 sounds=13 avg(step ev=0.14 snd=0.10) max(step ev=2 snd=2)
  events{shotP=7 shotE=2 dead=1 spawn=6 base=0 wall=2 start=0 playerExpl=0}
  sounds{shotP=7 shotE=2 dead=1 spawn=1 base=0 wall=2 start=0 playerExpl=0}
[MUSIC_PLAYER_WINDOW] label=menu calls=120 activeCalls=0 buffers=0 avg(buf/call=0.00 active=0.00) max(buf/call=0) upload(total=0.00ms avg=0.000ms max=0.000ms slow=0)
[MUSIC_PLAYER_WINDOW] label=gameplay calls=120 activeCalls=120 buffers=8 avg(buf/call=0.07 active=0.07) max(buf/call=1) upload(total=0.08ms avg=0.010ms max=0.012ms slow=0)

[PROFILE] frame=4800 budget=16.667ms alloc(+199/-199, +15752b/-15752b, live=396304b peak=460152b)
  frame.total                      win= 17.868ms avg= 17.868ms p95= 23.486ms max=106.689ms calls(last=  1,win= 120,total=4800) (win 107.2% | avg 107.2% budget)
  frame.cpu_work                   win= 13.239ms avg= 13.239ms p95= 21.387ms max=105.065ms calls(last=  1,win= 120,total=4800) (win 79.4% | avg 79.4% budget)
  frame.fixed_step                 win=  5.526ms avg=  5.987ms p95= 10.937ms max=104.148ms calls(last=  1,win= 130,total=4978) (win 33.2% | avg 35.9% budget)
  frame.render                     win=  5.485ms avg=  5.485ms p95=  5.724ms max= 25.862ms calls(last=  1,win= 120,total=4800) (win 32.9% | avg 32.9% budget)
  game.update                      win=  5.233ms avg=  5.670ms p95= 10.765ms max=104.116ms calls(last=  1,win= 130,total=2226) (win 31.4% | avg 34.0% budget)
  system.ai_update                 win=  4.828ms avg=  5.230ms p95=  9.883ms max= 13.998ms calls(last=  1,win= 130,total=2164) (win 29.0% | avg 31.4% budget)
  enemy.update                     win=  4.824ms avg=  5.226ms p95=  9.877ms max= 13.992ms calls(last=  1,win= 130,total=2164) (win 28.9% | avg 31.4% budget)
  frame.present                    win=  4.613ms avg=  4.613ms p95=  6.748ms max= 41.440ms calls(last=  1,win= 120,total=4800) (win 27.7% | avg 27.7% budget)
  music.fill_buffer                win=  3.973ms avg=  0.298ms p95=  3.866ms max=  7.434ms calls(last=  0,win=   9,total=324) (win 23.8% | avg 1.8% budget)
  frame.render.world               win=  2.821ms avg=  2.821ms p95=  3.077ms max=  9.577ms calls(last=  1,win= 120,total=2047) (win 16.9% | avg 16.9% budget)
  gameplay.music                   win=  1.710ms avg=  1.710ms p95=  7.561ms max= 23.184ms calls(last=  1,win= 120,total=4800) (win 10.3% | avg 10.3% budget)
  music.update_stream              win=  1.538ms avg=  0.115ms p95=  0.014ms max= 14.322ms calls(last=  0,win=   9,total=324) (win 9.2% | avg 0.7% budget)
  frame.render.world.maze          win=  1.081ms avg=  1.081ms p95=  1.155ms max=  3.160ms calls(last=  1,win= 120,total=2047) (win 6.5% | avg 6.5% budget)
  frame.render.hud                 win=  0.861ms avg=  0.861ms p95=  0.938ms max=  1.166ms calls(last=  1,win= 120,total=2047) (win 5.2% | avg 5.2% budget)
  menu.music                       win=  0.856ms avg=  1.712ms p95=  7.562ms max= 23.184ms calls(last=  2,win= 240,total=9600) (win 5.1% | avg 10.3% budget)
  frame.render.world.effects       win=  0.634ms avg=  0.634ms p95=  0.731ms max=  7.183ms calls(last=  1,win= 120,total=2047) (win 3.8% | avg 3.8% budget)
  frame.render.hud.minimap         win=  0.422ms avg=  0.422ms p95=  0.465ms max=  0.748ms calls(last=  1,win= 120,total=2047) (win 2.5% | avg 2.5% budget)
  enemy.physics.frontal_collisions win=  0.346ms avg=  0.375ms p95=  0.638ms max=  1.455ms calls(last=  1,win= 130,total=1727) (win 2.1% | avg 2.3% budget)
  frame.render.world.enemies       win=  0.333ms avg=  0.333ms p95=  0.363ms max=  3.351ms calls(last=  1,win= 120,total=2047) (win 2.0% | avg 2.0% budget)
  frame.render.world.enemies.draw  win=  0.286ms avg=  0.286ms p95=  0.317ms max=  3.317ms calls(last=  1,win= 120,total=2047) (win 1.7% | avg 1.7% budget)
  audio.route_step                 win=  0.281ms avg=  0.305ms p95=  0.078ms max= 11.929ms calls(last=  1,win= 130,total=2226) (win 1.7% | avg 1.8% budget)
  enemy.physics.frontal_grid_build win=  0.261ms avg=  0.283ms p95=  0.484ms max=  1.292ms calls(last=  1,win= 130,total=1727) (win 1.6% | avg 1.7% budget)
  frame.render.hud.text            win=  0.230ms avg=  0.230ms p95=  0.269ms max=  0.521ms calls(last=  1,win= 120,total=2047) (win 1.4% | avg 1.4% budget)
  system.physics_collision         win=  0.209ms avg=  0.226ms p95=  0.349ms max= 14.441ms calls(last=  1,win= 130,total=2164) (win 1.3% | avg 1.4% budget)
[ENEMY_STATS] frame=4800 alive=93 visible=3 full=12 cheap=81 fullInBase=2 pairs(frontal=0 checks=0 separation=0 resolved=0)
[ENEMY_WINDOW] steps=130 alive[min=91 max=93] visible[min=3 max=3] full[min=12 max=13] collisionPasses[runs=130 skips=0]
[ENEMY_SEGMENTS] window=2.167s D{b/s=5.08 avgLen=4.68 fail=0} T{b/s=0.00 avgLen=0.00 fail=0} H{b/s=0.00 avgLen=0.00 fail=0} A{b/s=0.00 avgLen=0.00 fail=0}
[ENEMY_GRID] frontal{cand/s=760.6 xcell/s=6.9 ins/s=767.5} separation{cand/s=760.6}
[ENEMY_COLLISION_WINDOW] frontal{pairs/s=0.0 checks/s=0.0 baseSkip=0 kill=0(0.0%)} separation{pairs/s=0.0 resolved/s=0.0(0.0%) baseSkip=0 kill=0 wallBlock=0}
[ENEMY_NAV_CACHE] playerCell{changes=0 flowRebuilds=0} flow{hit=0 miss=0 hit%=0.0} pathFallback{calls=0 ok=0 ok%=0.0}
[ENEMY_SAP] updates=12049 active=1648 pairs=0 repairs{x=2006 y=2000}
[ENEMY_PAIR_TYPES] frontal DD=0 DT=0 DH=0 DA=0 TT=0 TH=0 TA=0 HH=0 HA=0 AA=0 separation DD=0 DT=0 DH=0 DA=0 TT=0 TH=0 TA=0 HH=0 HA=0 AA=0
[AUDIO_ROUTE_WINDOW] steps=130 events=18 sounds=15 avg(step ev=0.14 snd=0.12) max(step ev=3 snd=1)
  events{shotP=9 shotE=0 dead=1 spawn=3 base=0 wall=5 start=0 playerExpl=0}
  sounds{shotP=9 shotE=0 dead=1 spawn=0 base=0 wall=5 start=0 playerExpl=0}
[MUSIC_PLAYER_WINDOW] label=menu calls=120 activeCalls=0 buffers=0 avg(buf/call=0.00 active=0.00) max(buf/call=0) upload(total=0.00ms avg=0.000ms max=0.000ms slow=0)
[MUSIC_PLAYER_WINDOW] label=gameplay calls=120 activeCalls=120 buffers=9 avg(buf/call=0.08 active=0.08) max(buf/call=1) upload(total=13.55ms avg=1.506ms max=6.969ms slow=2)

[PROFILE] frame=4920 budget=16.667ms alloc(+163/-163, +13016b/-13016b, live=396816b peak=460152b)
  frame.total                      win= 18.863ms avg= 18.863ms p95= 28.013ms max=106.689ms calls(last=  1,win= 120,total=4920) (win 113.2% | avg 113.2% budget)
  frame.cpu_work                   win= 14.747ms avg= 14.747ms p95= 26.047ms max=105.065ms calls(last=  1,win= 120,total=4920) (win 88.5% | avg 88.5% budget)
  audio.route.removed_enemy_match  win=  5.753ms avg=  0.048ms p95=  0.000ms max= 11.068ms calls(last=  0,win=   1,total=13) (win 34.5% | avg 0.3% budget)
  frame.fixed_step                 win=  5.573ms avg=  6.316ms p95= 10.821ms max=104.148ms calls(last=  1,win= 136,total=5114) (win 33.4% | avg 37.9% budget)
  frame.render                     win=  5.453ms avg=  5.453ms p95=  5.728ms max= 25.862ms calls(last=  1,win= 120,total=4920) (win 32.7% | avg 32.7% budget)
  game.update                      win=  5.002ms avg=  5.669ms p95= 10.120ms max=104.116ms calls(last=  1,win= 136,total=2362) (win 30.0% | avg 34.0% budget)
  system.ai_update                 win=  4.620ms avg=  5.236ms p95=  9.261ms max= 13.998ms calls(last=  1,win= 136,total=2300) (win 27.7% | avg 31.4% budget)
  enemy.update                     win=  4.616ms avg=  5.232ms p95=  9.255ms max= 13.992ms calls(last=  1,win= 136,total=2300) (win 27.7% | avg 31.4% budget)
  frame.present                    win=  4.100ms avg=  4.100ms p95=  7.077ms max= 41.440ms calls(last=  1,win= 120,total=4920) (win 24.6% | avg 24.6% budget)
  music.update_stream              win=  4.005ms avg=  0.300ms p95=  0.013ms max= 14.322ms calls(last=  1,win=   9,total=333) (win 24.0% | avg 1.8% budget)
  music.fill_buffer                win=  3.910ms avg=  0.293ms p95=  3.886ms max=  7.434ms calls(last=  1,win=   9,total=333) (win 23.5% | avg 1.8% budget)
  gameplay.music                   win=  2.920ms avg=  2.920ms p95= 12.463ms max= 23.184ms calls(last=  1,win= 120,total=4920) (win 17.5% | avg 17.5% budget)
  frame.render.world               win=  2.811ms avg=  2.811ms p95=  3.093ms max=  9.577ms calls(last=  1,win= 120,total=2167) (win 16.9% | avg 16.9% budget)
  menu.music                       win=  1.461ms avg=  2.922ms p95= 12.464ms max= 23.184ms calls(last=  2,win= 240,total=9840) (win 8.8% | avg 17.5% budget)
  frame.render.world.maze          win=  1.078ms avg=  1.078ms p95=  1.172ms max=  3.160ms calls(last=  1,win= 120,total=2167) (win 6.5% | avg 6.5% budget)
  frame.render.hud                 win=  0.850ms avg=  0.850ms p95=  0.908ms max=  1.166ms calls(last=  1,win= 120,total=2167) (win 5.1% | avg 5.1% budget)
  frame.render.world.effects       win=  0.641ms avg=  0.641ms p95=  0.727ms max=  7.183ms calls(last=  1,win= 120,total=2167) (win 3.8% | avg 3.8% budget)
  audio.route_step                 win=  0.560ms avg=  0.635ms p95=  5.347ms max= 11.929ms calls(last=  1,win= 136,total=2362) (win 3.4% | avg 3.8% budget)
  frame.render.hud.minimap         win=  0.420ms avg=  0.420ms p95=  0.459ms max=  0.748ms calls(last=  1,win= 120,total=2167) (win 2.5% | avg 2.5% budget)
  enemy.physics.frontal_collisions win=  0.359ms avg=  0.406ms p95=  0.689ms max=  1.455ms calls(last=  1,win= 136,total=1863) (win 2.2% | avg 2.4% budget)
  frame.render.world.enemies       win=  0.339ms avg=  0.339ms p95=  0.375ms max=  3.351ms calls(last=  1,win= 120,total=2167) (win 2.0% | avg 2.0% budget)
  frame.render.world.enemies.draw  win=  0.293ms avg=  0.293ms p95=  0.325ms max=  3.317ms calls(last=  1,win= 120,total=2167) (win 1.8% | avg 1.8% budget)
  enemy.physics.frontal_grid_build win=  0.277ms avg=  0.314ms p95=  0.539ms max=  1.292ms calls(last=  1,win= 136,total=1863) (win 1.7% | avg 1.9% budget)
  frame.render.hud.text            win=  0.223ms avg=  0.223ms p95=  0.234ms max=  0.521ms calls(last=  1,win= 120,total=2167) (win 1.3% | avg 1.3% budget)
[ENEMY_STATS] frame=4920 alive=98 visible=1 full=9 cheap=89 fullInBase=0 pairs(frontal=0 checks=0 separation=0 resolved=0)
[ENEMY_WINDOW] steps=136 alive[min=93 max=98] visible[min=1 max=3] full[min=9 max=12] collisionPasses[runs=136 skips=0]
[ENEMY_SEGMENTS] window=2.267s D{b/s=10.59 avgLen=4.41 fail=0} T{b/s=0.00 avgLen=0.00 fail=0} H{b/s=0.00 avgLen=0.00 fail=0} A{b/s=0.00 avgLen=0.00 fail=0}
[ENEMY_GRID] frontal{cand/s=607.1 xcell/s=5.7 ins/s=612.8} separation{cand/s=607.1}
[ENEMY_COLLISION_WINDOW] frontal{pairs/s=0.0 checks/s=0.0 baseSkip=0 kill=0(0.0%)} separation{pairs/s=0.0 resolved/s=0.0(0.0%) baseSkip=0 kill=0 wallBlock=0}
[ENEMY_NAV_CACHE] playerCell{changes=0 flowRebuilds=0} flow{hit=0 miss=0 hit%=0.0} pathFallback{calls=0 ok=0 ok%=0.0}
[ENEMY_SAP] updates=13121 active=1376 pairs=0 repairs{x=2597 y=2603}
[ENEMY_PAIR_TYPES] frontal DD=0 DT=0 DH=0 DA=0 TT=0 TH=0 TA=0 HH=0 HA=0 AA=0 separation DD=0 DT=0 DH=0 DA=0 TT=0 TH=0 TA=0 HH=0 HA=0 AA=0
[AUDIO_ROUTE_WINDOW] steps=136 events=30 sounds=24 avg(step ev=0.22 snd=0.18) max(step ev=3 snd=1)
  events{shotP=10 shotE=3 dead=1 spawn=6 base=0 wall=10 start=0 playerExpl=0}
  sounds{shotP=10 shotE=3 dead=1 spawn=0 base=0 wall=10 start=0 playerExpl=0}
[MUSIC_PLAYER_WINDOW] label=menu calls=120 activeCalls=0 buffers=0 avg(buf/call=0.00 active=0.00) max(buf/call=0) upload(total=0.00ms avg=0.000ms max=0.000ms slow=0)
[MUSIC_PLAYER_WINDOW] label=gameplay calls=120 activeCalls=120 buffers=9 avg(buf/call=0.08 active=0.08) max(buf/call=1) upload(total=35.47ms avg=3.941ms max=9.602ms slow=4)

[PROFILE] frame=5040 budget=16.667ms alloc(+154/-154, +12224b/-12224b, live=396944b peak=460152b)
  frame.total                      win= 18.325ms avg= 18.325ms p95= 26.211ms max=106.689ms calls(last=  1,win= 120,total=5040) (win 109.9% | avg 109.9% budget)
  frame.cpu_work                   win= 13.652ms avg= 13.652ms p95= 24.088ms max=105.065ms calls(last=  1,win= 120,total=5040) (win 81.9% | avg 81.9% budget)
  frame.render                     win=  5.492ms avg=  5.492ms p95=  5.822ms max= 25.862ms calls(last=  1,win= 120,total=5040) (win 33.0% | avg 33.0% budget)
  frame.fixed_step                 win=  4.965ms avg=  5.545ms p95=  9.959ms max=104.148ms calls(last=  1,win= 134,total=5248) (win 29.8% | avg 33.3% budget)
  game.update                      win=  4.821ms avg=  5.384ms p95=  9.772ms max=104.116ms calls(last=  1,win= 134,total=2496) (win 28.9% | avg 32.3% budget)
  frame.present                    win=  4.657ms avg=  4.657ms p95=  7.437ms max= 41.440ms calls(last=  1,win= 120,total=5040) (win 27.9% | avg 27.9% budget)
  system.ai_update                 win=  4.493ms avg=  5.017ms p95=  9.098ms max= 13.998ms calls(last=  1,win= 134,total=2434) (win 27.0% | avg 30.1% budget)
  enemy.update                     win=  4.489ms avg=  5.013ms p95=  9.093ms max= 13.992ms calls(last=  1,win= 134,total=2434) (win 26.9% | avg 30.1% budget)
  music.fill_buffer                win=  3.911ms avg=  0.261ms p95=  3.876ms max=  7.434ms calls(last=  0,win=   8,total=341) (win 23.5% | avg 1.6% budget)
  frame.render.world               win=  2.837ms avg=  2.837ms p95=  3.142ms max=  9.577ms calls(last=  1,win= 120,total=2287) (win 17.0% | avg 17.0% budget)
  gameplay.music                   win=  2.558ms avg=  2.558ms p95= 11.181ms max= 23.184ms calls(last=  1,win= 120,total=5040) (win 15.3% | avg 15.3% budget)
  music.update_stream              win=  2.016ms avg=  0.134ms p95=  0.014ms max= 14.322ms calls(last=  0,win=   8,total=341) (win 12.1% | avg 0.8% budget)
  menu.music                       win=  1.280ms avg=  2.560ms p95= 11.183ms max= 23.184ms calls(last=  2,win= 240,total=10080) (win 7.7% | avg 15.4% budget)
  frame.render.world.maze          win=  1.078ms avg=  1.078ms p95=  1.166ms max=  3.160ms calls(last=  1,win= 120,total=2287) (win 6.5% | avg 6.5% budget)
  frame.render.hud                 win=  0.856ms avg=  0.856ms p95=  0.921ms max=  1.166ms calls(last=  1,win= 120,total=2287) (win 5.1% | avg 5.1% budget)
  frame.render.world.effects       win=  0.607ms avg=  0.607ms p95=  0.709ms max=  7.183ms calls(last=  1,win= 120,total=2287) (win 3.6% | avg 3.6% budget)
  frame.render.hud.minimap         win=  0.424ms avg=  0.424ms p95=  0.462ms max=  0.748ms calls(last=  1,win= 120,total=2287) (win 2.5% | avg 2.5% budget)
  enemy.physics.frontal_collisions win=  0.367ms avg=  0.410ms p95=  0.723ms max=  1.455ms calls(last=  1,win= 134,total=1997) (win 2.2% | avg 2.5% budget)
  frame.render.world.enemies       win=  0.360ms avg=  0.360ms p95=  0.425ms max=  3.351ms calls(last=  1,win= 120,total=2287) (win 2.2% | avg 2.2% budget)
  frame.render.world.enemies.draw  win=  0.311ms avg=  0.311ms p95=  0.378ms max=  3.317ms calls(last=  1,win= 120,total=2287) (win 1.9% | avg 1.9% budget)
  enemy.physics.frontal_grid_build win=  0.273ms avg=  0.305ms p95=  0.534ms max=  1.292ms calls(last=  1,win= 134,total=1997) (win 1.6% | avg 1.8% budget)
  frame.render.hud.text            win=  0.224ms avg=  0.224ms p95=  0.261ms max=  0.521ms calls(last=  1,win= 120,total=2287) (win 1.3% | avg 1.3% budget)
  audio.route_step                 win=  0.132ms avg=  0.148ms p95=  0.023ms max= 11.929ms calls(last=  1,win= 134,total=2496) (win 0.8% | avg 0.9% budget)
  system.physics_collision         win=  0.115ms avg=  0.129ms p95=  0.286ms max= 14.441ms calls(last=  1,win= 134,total=2434) (win 0.7% | avg 0.8% budget)
[ENEMY_STATS] frame=5040 alive=101 visible=3 full=9 cheap=92 fullInBase=0 pairs(frontal=0 checks=0 separation=0 resolved=0)
[ENEMY_WINDOW] steps=134 alive[min=98 max=101] visible[min=1 max=3] full[min=8 max=9] collisionPasses[runs=134 skips=0]
[ENEMY_SEGMENTS] window=2.233s D{b/s=10.30 avgLen=4.72 fail=0} T{b/s=0.00 avgLen=0.00 fail=0} H{b/s=0.00 avgLen=0.00 fail=0} A{b/s=0.00 avgLen=0.00 fail=0}
[ENEMY_GRID] frontal{cand/s=512.2 xcell/s=2.2 ins/s=514.5} separation{cand/s=512.2}
[ENEMY_COLLISION_WINDOW] frontal{pairs/s=28.2 checks/s=28.2 baseSkip=0 kill=0(0.0%)} separation{pairs/s=28.2 resolved/s=0.0(0.0%) baseSkip=0 kill=0 wallBlock=0}
[ENEMY_NAV_CACHE] playerCell{changes=0 flowRebuilds=0} flow{hit=0 miss=0 hit%=0.0} pathFallback{calls=0 ok=0 ok%=0.0}
[ENEMY_SAP] updates=13332 active=1144 pairs=63 repairs{x=1369 y=1355}
[ENEMY_PAIR_TYPES] frontal DD=63 DT=0 DH=0 DA=0 TT=0 TH=0 TA=0 HH=0 HA=0 AA=0 separation DD=63 DT=0 DH=0 DA=0 TT=0 TH=0 TA=0 HH=0 HA=0 AA=0
[AUDIO_ROUTE_WINDOW] steps=134 events=21 sounds=18 avg(step ev=0.16 snd=0.13) max(step ev=2 snd=2)
  events{shotP=6 shotE=2 dead=0 spawn=3 base=0 wall=10 start=0 playerExpl=0}
  sounds{shotP=6 shotE=2 dead=0 spawn=0 base=0 wall=10 start=0 playerExpl=0}
[MUSIC_PLAYER_WINDOW] label=menu calls=120 activeCalls=0 buffers=0 avg(buf/call=0.00 active=0.00) max(buf/call=0) upload(total=0.00ms avg=0.000ms max=0.000ms slow=0)
[MUSIC_PLAYER_WINDOW] label=gameplay calls=120 activeCalls=120 buffers=8 avg(buf/call=0.07 active=0.07) max(buf/call=1) upload(total=15.85ms avg=1.981ms max=8.169ms slow=2)

[PROFILE] frame=5160 budget=16.667ms alloc(+127/-127, +9848b/-9848b, live=397296b peak=460152b)
  frame.total                      win= 18.300ms avg= 18.300ms p95= 26.216ms max=106.689ms calls(last=  1,win= 120,total=5160) (win 109.8% | avg 109.8% budget)
  frame.cpu_work                   win= 13.580ms avg= 13.580ms p95= 23.889ms max=105.065ms calls(last=  1,win= 120,total=5160) (win 81.5% | avg 81.5% budget)
  frame.render                     win=  5.404ms avg=  5.404ms p95=  5.818ms max= 25.862ms calls(last=  1,win= 120,total=5160) (win 32.4% | avg 32.4% budget)
  frame.fixed_step                 win=  4.939ms avg=  5.474ms p95= 10.654ms max=104.148ms calls(last=  1,win= 133,total=5381) (win 29.6% | avg 32.8% budget)
  frame.present                    win=  4.704ms avg=  4.704ms p95=  7.740ms max= 41.440ms calls(last=  1,win= 120,total=5160) (win 28.2% | avg 28.2% budget)
  game.update                      win=  4.673ms avg=  5.179ms p95=  9.651ms max=104.116ms calls(last=  1,win= 133,total=2629) (win 28.0% | avg 31.1% budget)
  system.ai_update                 win=  4.330ms avg=  4.799ms p95=  8.932ms max= 13.998ms calls(last=  1,win= 133,total=2567) (win 26.0% | avg 28.8% budget)
  enemy.update                     win=  4.326ms avg=  4.795ms p95=  8.926ms max= 13.992ms calls(last=  1,win= 133,total=2567) (win 26.0% | avg 28.8% budget)
  music.fill_buffer                win=  3.944ms avg=  0.296ms p95=  3.891ms max=  7.434ms calls(last=  0,win=   9,total=350) (win 23.7% | avg 1.8% budget)
  frame.render.world               win=  2.733ms avg=  2.733ms p95=  3.043ms max=  9.577ms calls(last=  1,win= 120,total=2407) (win 16.4% | avg 16.4% budget)
  gameplay.music                   win=  2.644ms avg=  2.644ms p95= 10.956ms max= 23.184ms calls(last=  1,win= 120,total=5160) (win 15.9% | avg 15.9% budget)
  music.update_stream              win=  1.714ms avg=  0.129ms p95=  0.014ms max= 14.322ms calls(last=  0,win=   9,total=350) (win 10.3% | avg 0.8% budget)
  menu.music                       win=  1.323ms avg=  2.646ms p95= 10.953ms max= 23.184ms calls(last=  2,win= 240,total=10320) (win 7.9% | avg 15.9% budget)
  frame.render.world.maze          win=  1.088ms avg=  1.088ms p95=  1.197ms max=  3.160ms calls(last=  1,win= 120,total=2407) (win 6.5% | avg 6.5% budget)
  frame.render.hud                 win=  0.856ms avg=  0.856ms p95=  0.945ms max=  1.166ms calls(last=  1,win= 120,total=2407) (win 5.1% | avg 5.1% budget)
  frame.render.world.effects       win=  0.743ms avg=  0.743ms p95=  1.017ms max=  7.183ms calls(last=  1,win= 120,total=2407) (win 4.5% | avg 4.5% budget)
  frame.render.hud.minimap         win=  0.424ms avg=  0.424ms p95=  0.487ms max=  0.748ms calls(last=  1,win= 120,total=2407) (win 2.5% | avg 2.5% budget)
  enemy.physics.frontal_collisions win=  0.403ms avg=  0.447ms p95=  0.973ms max=  1.455ms calls(last=  1,win= 133,total=2130) (win 2.4% | avg 2.7% budget)
  frame.render.world.enemies       win=  0.366ms avg=  0.366ms p95=  0.429ms max=  3.351ms calls(last=  1,win= 120,total=2407) (win 2.2% | avg 2.2% budget)
  frame.render.world.enemies.draw  win=  0.315ms avg=  0.315ms p95=  0.362ms max=  3.317ms calls(last=  1,win= 120,total=2407) (win 1.9% | avg 1.9% budget)
  enemy.physics.frontal_grid_build win=  0.308ms avg=  0.341ms p95=  0.879ms max=  1.292ms calls(last=  1,win= 133,total=2130) (win 1.8% | avg 2.0% budget)
  audio.route_step                 win=  0.255ms avg=  0.282ms p95=  0.075ms max= 11.929ms calls(last=  1,win= 133,total=2629) (win 1.5% | avg 1.7% budget)
  frame.render.hud.text            win=  0.220ms avg=  0.220ms p95=  0.251ms max=  0.521ms calls(last=  1,win= 120,total=2407) (win 1.3% | avg 1.3% budget)
  system.physics_collision         win=  0.138ms avg=  0.153ms p95=  0.320ms max= 14.441ms calls(last=  1,win= 133,total=2567) (win 0.8% | avg 0.9% budget)
[ENEMY_STATS] frame=5160 alive=107 visible=4 full=9 cheap=98 fullInBase=2 pairs(frontal=0 checks=0 separation=0 resolved=0)
[ENEMY_WINDOW] steps=133 alive[min=101 max=107] visible[min=3 max=4] full[min=9 max=10] collisionPasses[runs=133 skips=0]
[ENEMY_SEGMENTS] window=2.217s D{b/s=9.47 avgLen=4.96 fail=0} T{b/s=0.00 avgLen=0.00 fail=0} H{b/s=0.00 avgLen=0.00 fail=0} A{b/s=0.00 avgLen=0.00 fail=0}
[ENEMY_GRID] frontal{cand/s=544.5 xcell/s=1.4 ins/s=545.9} separation{cand/s=544.5}
[ENEMY_COLLISION_WINDOW] frontal{pairs/s=0.0 checks/s=0.0 baseSkip=0 kill=0(0.0%)} separation{pairs/s=0.0 resolved/s=0.0(0.0%) baseSkip=0 kill=0 wallBlock=0}
[ENEMY_NAV_CACHE] playerCell{changes=0 flowRebuilds=0} flow{hit=0 miss=0 hit%=0.0} pathFallback{calls=0 ok=0 ok%=0.0}
[ENEMY_SAP] updates=13916 active=1207 pairs=0 repairs{x=3531 y=3521}
[ENEMY_PAIR_TYPES] frontal DD=0 DT=0 DH=0 DA=0 TT=0 TH=0 TA=0 HH=0 HA=0 AA=0 separation DD=0 DT=0 DH=0 DA=0 TT=0 TH=0 TA=0 HH=0 HA=0 AA=0
[AUDIO_ROUTE_WINDOW] steps=133 events=19 sounds=13 avg(step ev=0.14 snd=0.10) max(step ev=3 snd=2)
  events{shotP=3 shotE=1 dead=2 spawn=8 base=0 wall=4 start=0 playerExpl=1}
  sounds{shotP=3 shotE=1 dead=2 spawn=2 base=0 wall=4 start=0 playerExpl=1}
[MUSIC_PLAYER_WINDOW] label=menu calls=120 activeCalls=0 buffers=0 avg(buf/call=0.00 active=0.00) max(buf/call=0) upload(total=0.00ms avg=0.000ms max=0.000ms slow=0)
[MUSIC_PLAYER_WINDOW] label=gameplay calls=120 activeCalls=120 buffers=9 avg(buf/call=0.08 active=0.08) max(buf/call=1) upload(total=15.09ms avg=1.677ms max=7.818ms slow=2)

[PROFILE] frame=5280 budget=16.667ms alloc(+0/-0, +0b/-0b, live=397344b peak=460152b)
  frame.total                      win= 17.476ms avg= 17.476ms p95= 22.222ms max=106.689ms calls(last=  1,win= 120,total=5280) (win 104.9% | avg 104.9% budget)
  frame.cpu_work                   win= 11.125ms avg= 11.125ms p95= 20.198ms max=105.065ms calls(last=  1,win= 120,total=5280) (win 66.8% | avg 66.8% budget)
  frame.present                    win=  6.336ms avg=  6.336ms p95=  9.580ms max= 41.440ms calls(last=  1,win= 120,total=5280) (win 38.0% | avg 38.0% budget)
  frame.render                     win=  5.061ms avg=  5.061ms p95=  5.298ms max= 25.862ms calls(last=  1,win= 120,total=5280) (win 30.4% | avg 30.4% budget)
  music.fill_buffer                win=  3.937ms avg=  0.262ms p95=  3.891ms max=  7.434ms calls(last=  0,win=   8,total=358) (win 23.6% | avg 1.6% budget)
  frame.fixed_step                 win=  3.844ms avg=  4.069ms p95=  7.088ms max=104.148ms calls(last=  1,win= 127,total=5508) (win 23.1% | avg 24.4% budget)
  game.update                      win=  3.825ms avg=  4.048ms p95=  7.070ms max=104.116ms calls(last=  1,win= 127,total=2756) (win 23.0% | avg 24.3% budget)
  system.ai_update                 win=  3.613ms avg=  3.824ms p95=  6.757ms max= 13.998ms calls(last=  1,win= 127,total=2694) (win 21.7% | avg 22.9% budget)
  enemy.update                     win=  3.609ms avg=  3.820ms p95=  6.749ms max= 13.992ms calls(last=  1,win= 127,total=2694) (win 21.7% | avg 22.9% budget)
  frame.render.world               win=  2.399ms avg=  2.399ms p95=  2.585ms max=  9.577ms calls(last=  1,win= 120,total=2527) (win 14.4% | avg 14.4% budget)
  gameplay.music                   win=  1.940ms avg=  1.940ms p95=  8.401ms max= 23.184ms calls(last=  1,win= 120,total=5280) (win 11.6% | avg 11.6% budget)
  frame.render.world.maze          win=  1.001ms avg=  1.001ms p95=  1.136ms max=  3.160ms calls(last=  1,win= 120,total=2527) (win 6.0% | avg 6.0% budget)
  menu.music                       win=  0.971ms avg=  1.942ms p95=  8.401ms max= 23.184ms calls(last=  2,win= 240,total=10560) (win 5.8% | avg 11.7% budget)
  music.update_stream              win=  0.881ms avg=  0.059ms p95=  0.013ms max= 14.322ms calls(last=  0,win=   8,total=358) (win 5.3% | avg 0.4% budget)
  frame.render.hud                 win=  0.855ms avg=  0.855ms p95=  0.912ms max=  2.320ms calls(last=  1,win= 120,total=2527) (win 5.1% | avg 5.1% budget)
  frame.render.world.effects       win=  0.498ms avg=  0.498ms p95=  0.620ms max=  7.183ms calls(last=  1,win= 120,total=2527) (win 3.0% | avg 3.0% budget)
  frame.render.hud.minimap         win=  0.427ms avg=  0.427ms p95=  0.470ms max=  1.235ms calls(last=  1,win= 120,total=2527) (win 2.6% | avg 2.6% budget)
  enemy.physics.frontal_collisions win=  0.398ms avg=  0.289ms p95=  0.706ms max=  1.455ms calls(last=  0,win=  87,total=2217) (win 2.4% | avg 1.7% budget)
  frame.render.world.enemies       win=  0.324ms avg=  0.324ms p95=  0.422ms max=  3.351ms calls(last=  1,win= 120,total=2527) (win 1.9% | avg 1.9% budget)
  enemy.physics.frontal_grid_build win=  0.309ms avg=  0.224ms p95=  0.542ms max=  1.292ms calls(last=  0,win=  87,total=2217) (win 1.9% | avg 1.3% budget)
  frame.render.world.enemies.draw  win=  0.273ms avg=  0.273ms p95=  0.358ms max=  3.317ms calls(last=  1,win= 120,total=2527) (win 1.6% | avg 1.6% budget)
  frame.render.hud.text            win=  0.222ms avg=  0.222ms p95=  0.259ms max=  0.617ms calls(last=  1,win= 120,total=2527) (win 1.3% | avg 1.3% budget)
  enemy.ai.movement                win=  0.096ms avg=  0.675ms p95=  1.261ms max=  5.535ms calls(last=  0,win= 841,total=20262) (win 0.6% | avg 4.1% budget)
  system.spawner_update            win=  0.079ms avg=  0.084ms p95=  0.183ms max=  0.622ms calls(last=  1,win= 127,total=2694) (win 0.5% | avg 0.5% budget)
[ENEMY_STATS] frame=5280 alive=111 visible=0 full=0 cheap=111 fullInBase=0 pairs(frontal=0 checks=0 separation=0 resolved=0)
[ENEMY_WINDOW] steps=127 alive[min=107 max=111] visible[min=0 max=4] full[min=0 max=10] collisionPasses[runs=86 skips=41]
[ENEMY_SEGMENTS] window=2.117s D{b/s=13.23 avgLen=4.61 fail=0} T{b/s=0.00 avgLen=0.00 fail=0} H{b/s=0.00 avgLen=0.00 fail=0} A{b/s=0.00 avgLen=0.00 fail=0}
[ENEMY_GRID] frontal{cand/s=393.1 xcell/s=2.8 ins/s=395.9} separation{cand/s=393.1}
[ENEMY_COLLISION_WINDOW] frontal{pairs/s=0.0 checks/s=0.0 baseSkip=0 kill=0(0.0%)} separation{pairs/s=0.0 resolved/s=0.0(0.0%) baseSkip=0 kill=0 wallBlock=0}
[ENEMY_NAV_CACHE] playerCell{changes=0 flowRebuilds=0} flow{hit=0 miss=0 hit%=0.0} pathFallback{calls=0 ok=0 ok%=0.0}
[ENEMY_SAP] updates=9331 active=832 pairs=0 repairs{x=1687 y=1696}
[ENEMY_PAIR_TYPES] frontal DD=0 DT=0 DH=0 DA=0 TT=0 TH=0 TA=0 HH=0 HA=0 AA=0 separation DD=0 DT=0 DH=0 DA=0 TT=0 TH=0 TA=0 HH=0 HA=0 AA=0
[AUDIO_ROUTE_WINDOW] steps=127 events=7 sounds=3 avg(step ev=0.06 snd=0.02) max(step ev=1 snd=1)
  events{shotP=0 shotE=0 dead=0 spawn=4 base=0 wall=2 start=1 playerExpl=0}
  sounds{shotP=0 shotE=0 dead=0 spawn=0 base=0 wall=2 start=1 playerExpl=0}
[MUSIC_PLAYER_WINDOW] label=menu calls=120 activeCalls=0 buffers=0 avg(buf/call=0.00 active=0.00) max(buf/call=0) upload(total=0.00ms avg=0.000ms max=0.000ms slow=0)
[MUSIC_PLAYER_WINDOW] label=gameplay calls=120 activeCalls=120 buffers=8 avg(buf/call=0.07 active=0.07) max(buf/call=1) upload(total=6.89ms avg=0.862ms max=6.822ms slow=1)

[PROFILE] frame=5400 budget=16.667ms alloc(+18/-18, +1440b/-1440b, live=397376b peak=460152b)
  frame.total                      win= 16.850ms avg= 16.850ms p95= 17.299ms max=106.689ms calls(last=  1,win= 120,total=5400) (win 101.1% | avg 101.1% budget)
  frame.cpu_work                   win=  8.422ms avg=  8.422ms p95= 11.873ms max=105.065ms calls(last=  1,win= 120,total=5400) (win 50.5% | avg 50.5% budget)
  frame.present                    win=  8.414ms avg=  8.414ms p95=  9.882ms max= 41.440ms calls(last=  1,win= 120,total=5400) (win 50.5% | avg 50.5% budget)
  frame.render                     win=  4.961ms avg=  4.961ms p95=  5.234ms max= 25.862ms calls(last=  1,win= 120,total=5400) (win 29.8% | avg 29.8% budget)
  music.fill_buffer                win=  3.967ms avg=  0.264ms p95=  3.910ms max=  7.434ms calls(last=  0,win=   8,total=366) (win 23.8% | avg 1.6% budget)
  frame.fixed_step                 win=  2.919ms avg=  2.968ms p95=  4.522ms max=104.148ms calls(last=  1,win= 122,total=5630) (win 17.5% | avg 17.8% budget)
  game.update                      win=  2.901ms avg=  2.949ms p95=  4.504ms max=104.116ms calls(last=  1,win= 122,total=2878) (win 17.4% | avg 17.7% budget)
  system.ai_update                 win=  2.688ms avg=  2.732ms p95=  4.302ms max= 13.998ms calls(last=  1,win= 122,total=2816) (win 16.1% | avg 16.4% budget)
  enemy.update                     win=  2.683ms avg=  2.728ms p95=  4.298ms max= 13.992ms calls(last=  1,win= 122,total=2816) (win 16.1% | avg 16.4% budget)
  frame.render.world               win=  2.363ms avg=  2.363ms p95=  2.575ms max=  9.577ms calls(last=  1,win= 120,total=2647) (win 14.2% | avg 14.2% budget)
  frame.render.hud                 win=  0.835ms avg=  0.835ms p95=  0.874ms max=  2.320ms calls(last=  1,win= 120,total=2647) (win 5.0% | avg 5.0% budget)
  frame.render.world.maze          win=  0.832ms avg=  0.832ms p95=  0.886ms max=  3.160ms calls(last=  1,win= 120,total=2647) (win 5.0% | avg 5.0% budget)
  frame.render.world.effects       win=  0.468ms avg=  0.468ms p95=  0.533ms max=  7.183ms calls(last=  1,win= 120,total=2647) (win 2.8% | avg 2.8% budget)
  gameplay.music                   win=  0.439ms avg=  0.439ms p95=  3.931ms max= 23.184ms calls(last=  1,win= 120,total=5400) (win 2.6% | avg 2.6% budget)
  frame.render.hud.minimap         win=  0.420ms avg=  0.420ms p95=  0.460ms max=  1.235ms calls(last=  1,win= 120,total=2647) (win 2.5% | avg 2.5% budget)
  frame.render.world.enemies       win=  0.224ms avg=  0.224ms p95=  0.227ms max=  3.351ms calls(last=  1,win= 120,total=2647) (win 1.3% | avg 1.3% budget)
  frame.render.hud.text            win=  0.221ms avg=  0.221ms p95=  0.255ms max=  0.617ms calls(last=  1,win= 120,total=2647) (win 1.3% | avg 1.3% budget)
  menu.music                       win=  0.221ms avg=  0.441ms p95=  3.933ms max= 23.184ms calls(last=  2,win= 240,total=10800) (win 1.3% | avg 2.6% budget)
  frame.render.world.enemies.draw  win=  0.178ms avg=  0.178ms p95=  0.180ms max=  3.317ms calls(last=  1,win= 120,total=2647) (win 1.1% | avg 1.1% budget)
  enemy.ai.movement                win=  0.169ms avg=  0.160ms p95=  0.211ms max=  5.535ms calls(last=  1,win= 114,total=20376) (win 1.0% | avg 1.0% budget)
  system.spawner_update            win=  0.076ms avg=  0.078ms p95=  0.189ms max=  0.622ms calls(last=  1,win= 122,total=2816) (win 0.5% | avg 0.5% budget)
  enemy.movement.wall_check        win=  0.062ms avg=  0.059ms p95=  0.093ms max=  1.451ms calls(last=  1,win= 114,total=20376) (win 0.4% | avg 0.4% budget)
  enemy.cheap.segment_build        win=  0.062ms avg=  0.012ms p95=  0.071ms max=  0.958ms calls(last=  0,win=  23,total=272) (win 0.4% | avg 0.1% budget)
  frame.render.hud.compass         win=  0.051ms avg=  0.051ms p95=  0.052ms max=  0.194ms calls(last=  1,win= 120,total=2647) (win 0.3% | avg 0.3% budget)
[ENEMY_STATS] frame=5400 alive=114 visible=0 full=1 cheap=113 fullInBase=0 pairs(frontal=0 checks=0 separation=0 resolved=0)
[ENEMY_WINDOW] steps=122 alive[min=111 max=114] visible[min=0 max=0] full[min=0 max=1] collisionPasses[runs=0 skips=122]
[ENEMY_SEGMENTS] window=2.033s D{b/s=11.31 avgLen=4.70 fail=0} T{b/s=0.00 avgLen=0.00 fail=0} H{b/s=0.00 avgLen=0.00 fail=0} A{b/s=0.00 avgLen=0.00 fail=0}
[ENEMY_GRID] frontal{cand/s=0.0 xcell/s=0.0 ins/s=0.0} separation{cand/s=0.0}
[ENEMY_COLLISION_WINDOW] frontal{pairs/s=0.0 checks/s=0.0 baseSkip=0 kill=0(0.0%)} separation{pairs/s=0.0 resolved/s=0.0(0.0%) baseSkip=0 kill=0 wallBlock=0}
[ENEMY_NAV_CACHE] playerCell{changes=0 flowRebuilds=0} flow{hit=0 miss=0 hit%=0.0} pathFallback{calls=0 ok=0 ok%=0.0}
[ENEMY_SAP] updates=0 active=0 pairs=0 repairs{x=0 y=0}
[ENEMY_PAIR_TYPES] frontal DD=0 DT=0 DH=0 DA=0 TT=0 TH=0 TA=0 HH=0 HA=0 AA=0 separation DD=0 DT=0 DH=0 DA=0 TT=0 TH=0 TA=0 HH=0 HA=0 AA=0
[AUDIO_ROUTE_WINDOW] steps=122 events=3 sounds=0 avg(step ev=0.02 snd=0.00) max(step ev=1 snd=0)
  events{shotP=0 shotE=0 dead=0 spawn=3 base=0 wall=0 start=0 playerExpl=0}
  sounds{shotP=0 shotE=0 dead=0 spawn=0 base=0 wall=0 start=0 playerExpl=0}
[MUSIC_PLAYER_WINDOW] label=menu calls=120 activeCalls=0 buffers=0 avg(buf/call=0.00 active=0.00) max(buf/call=0) upload(total=0.00ms avg=0.000ms max=0.000ms slow=0)
[MUSIC_PLAYER_WINDOW] label=gameplay calls=120 activeCalls=120 buffers=8 avg(buf/call=0.07 active=0.07) max(buf/call=1) upload(total=0.08ms avg=0.010ms max=0.010ms slow=0)

[PROFILE] frame=5520 budget=16.667ms alloc(+37/-37, +2936b/-2936b, live=397600b peak=460152b)
  frame.total                      win= 16.870ms avg= 16.870ms p95= 17.316ms max=106.689ms calls(last=  1,win= 120,total=5520) (win 101.2% | avg 101.2% budget)
  frame.cpu_work                   win=  8.713ms avg=  8.713ms p95= 12.629ms max=105.065ms calls(last=  1,win= 120,total=5520) (win 52.3% | avg 52.3% budget)
  frame.present                    win=  8.143ms avg=  8.143ms p95=  9.757ms max= 41.440ms calls(last=  1,win= 120,total=5520) (win 48.9% | avg 48.9% budget)
  frame.render                     win=  5.038ms avg=  5.038ms p95=  5.492ms max= 25.862ms calls(last=  1,win= 120,total=5520) (win 30.2% | avg 30.2% budget)
  music.fill_buffer                win=  3.962ms avg=  0.264ms p95=  3.887ms max=  7.434ms calls(last=  0,win=   8,total=374) (win 23.8% | avg 1.6% budget)
  frame.fixed_step                 win=  3.231ms avg=  3.312ms p95=  4.783ms max=104.148ms calls(last=  1,win= 123,total=5753) (win 19.4% | avg 19.9% budget)
  game.update                      win=  3.213ms avg=  3.293ms p95=  4.765ms max=104.116ms calls(last=  1,win= 123,total=3001) (win 19.3% | avg 19.8% budget)
  system.ai_update                 win=  2.991ms avg=  3.065ms p95=  4.555ms max= 13.998ms calls(last=  1,win= 123,total=2939) (win 17.9% | avg 18.4% budget)
  enemy.update                     win=  2.986ms avg=  3.061ms p95=  4.551ms max= 13.992ms calls(last=  1,win= 123,total=2939) (win 17.9% | avg 18.4% budget)
  frame.render.world               win=  2.409ms avg=  2.409ms p95=  2.793ms max=  9.577ms calls(last=  1,win= 120,total=2767) (win 14.5% | avg 14.5% budget)
  frame.render.world.maze          win=  0.912ms avg=  0.912ms p95=  1.007ms max=  3.160ms calls(last=  1,win= 120,total=2767) (win 5.5% | avg 5.5% budget)
  frame.render.hud                 win=  0.844ms avg=  0.844ms p95=  0.922ms max=  2.320ms calls(last=  1,win= 120,total=2767) (win 5.1% | avg 5.1% budget)
  frame.render.world.effects       win=  0.471ms avg=  0.471ms p95=  0.564ms max=  7.183ms calls(last=  1,win= 120,total=2767) (win 2.8% | avg 2.8% budget)
  frame.render.hud.minimap         win=  0.423ms avg=  0.423ms p95=  0.477ms max=  1.235ms calls(last=  1,win= 120,total=2767) (win 2.5% | avg 2.5% budget)
  enemy.physics.frontal_collisions win=  0.378ms avg=  0.182ms p95=  0.406ms max=  1.455ms calls(last=  1,win=  58,total=2275) (win 2.3% | avg 1.1% budget)
  gameplay.music                   win=  0.308ms avg=  0.308ms p95=  3.911ms max= 23.184ms calls(last=  1,win= 120,total=5520) (win 1.8% | avg 1.8% budget)
  enemy.physics.frontal_grid_build win=  0.300ms avg=  0.145ms p95=  0.323ms max=  1.292ms calls(last=  1,win=  58,total=2275) (win 1.8% | avg 0.9% budget)
  frame.render.world.enemies       win=  0.229ms avg=  0.229ms p95=  0.263ms max=  3.351ms calls(last=  1,win= 120,total=2767) (win 1.4% | avg 1.4% budget)
  frame.render.hud.text            win=  0.223ms avg=  0.223ms p95=  0.265ms max=  0.617ms calls(last=  1,win= 120,total=2767) (win 1.3% | avg 1.3% budget)
  frame.render.world.enemies.draw  win=  0.182ms avg=  0.182ms p95=  0.211ms max=  3.317ms calls(last=  1,win= 120,total=2767) (win 1.1% | avg 1.1% budget)
  menu.music                       win=  0.155ms avg=  0.310ms p95=  3.912ms max= 23.184ms calls(last=  2,win= 240,total=11040) (win 0.9% | avg 1.9% budget)
  enemy.ai.movement                win=  0.137ms avg=  0.207ms p95=  0.306ms max=  5.535ms calls(last=  2,win= 181,total=20557) (win 0.8% | avg 1.2% budget)
  system.spawner_update            win=  0.074ms avg=  0.076ms p95=  0.113ms max=  0.622ms calls(last=  1,win= 123,total=2939) (win 0.4% | avg 0.5% budget)
  enemy.cheap.segment_build        win=  0.051ms avg=  0.010ms p95=  0.066ms max=  0.958ms calls(last=  0,win=  24,total=296) (win 0.3% | avg 0.1% budget)
[ENEMY_STATS] frame=5520 alive=116 visible=0 full=2 cheap=114 fullInBase=0 pairs(frontal=0 checks=0 separation=0 resolved=0)
[ENEMY_WINDOW] steps=123 alive[min=114 max=116] visible[min=0 max=0] full[min=1 max=2] collisionPasses[runs=59 skips=64]
[ENEMY_SEGMENTS] window=2.050s D{b/s=11.71 avgLen=4.69 fail=0} T{b/s=0.00 avgLen=0.00 fail=0} H{b/s=0.00 avgLen=0.00 fail=0} A{b/s=0.00 avgLen=0.00 fail=0}
[ENEMY_GRID] frontal{cand/s=57.6 xcell/s=0.0 ins/s=57.6} separation{cand/s=57.6}
[ENEMY_COLLISION_WINDOW] frontal{pairs/s=0.0 checks/s=0.0 baseSkip=0 kill=0(0.0%)} separation{pairs/s=0.0 resolved/s=0.0(0.0%) baseSkip=0 kill=0 wallBlock=0}
[ENEMY_NAV_CACHE] playerCell{changes=0 flowRebuilds=0} flow{hit=0 miss=0 hit%=0.0} pathFallback{calls=0 ok=0 ok%=0.0}
[ENEMY_SAP] updates=6844 active=118 pairs=0 repairs{x=118 y=118}
[ENEMY_PAIR_TYPES] frontal DD=0 DT=0 DH=0 DA=0 TT=0 TH=0 TA=0 HH=0 HA=0 AA=0 separation DD=0 DT=0 DH=0 DA=0 TT=0 TH=0 TA=0 HH=0 HA=0 AA=0
[AUDIO_ROUTE_WINDOW] steps=123 events=2 sounds=0 avg(step ev=0.02 snd=0.00) max(step ev=2 snd=0)
  events{shotP=0 shotE=0 dead=0 spawn=2 base=0 wall=0 start=0 playerExpl=0}
  sounds{shotP=0 shotE=0 dead=0 spawn=0 base=0 wall=0 start=0 playerExpl=0}
[MUSIC_PLAYER_WINDOW] label=menu calls=120 activeCalls=0 buffers=0 avg(buf/call=0.00 active=0.00) max(buf/call=0) upload(total=0.00ms avg=0.000ms max=0.000ms slow=0)
[MUSIC_PLAYER_WINDOW] label=gameplay calls=120 activeCalls=120 buffers=8 avg(buf/call=0.07 active=0.07) max(buf/call=1) upload(total=0.08ms avg=0.010ms max=0.012ms slow=0)

[PROFILE] frame=5640 budget=16.667ms alloc(+109/-109, +8696b/-8696b, live=397616b peak=460152b)
  frame.total                      win= 16.866ms avg= 16.866ms p95= 17.432ms max=106.689ms calls(last=  1,win= 120,total=5640) (win 101.2% | avg 101.2% budget)
  frame.cpu_work                   win=  9.413ms avg=  9.413ms p95= 12.510ms max=105.065ms calls(last=  1,win= 120,total=5640) (win 56.5% | avg 56.5% budget)
  frame.present                    win=  7.439ms avg=  7.439ms p95=  8.872ms max= 41.440ms calls(last=  1,win= 120,total=5640) (win 44.6% | avg 44.6% budget)
  frame.render                     win=  5.088ms avg=  5.088ms p95=  5.471ms max= 25.862ms calls(last=  1,win= 120,total=5640) (win 30.5% | avg 30.5% budget)
  music.fill_buffer                win=  3.918ms avg=  0.261ms p95=  3.900ms max=  7.434ms calls(last=  0,win=   8,total=382) (win 23.5% | avg 1.6% budget)
  frame.fixed_step                 win=  3.883ms avg=  3.947ms p95=  5.429ms max=104.148ms calls(last=  1,win= 122,total=5875) (win 23.3% | avg 23.7% budget)
  game.update                      win=  3.864ms avg=  3.929ms p95=  5.411ms max=104.116ms calls(last=  1,win= 122,total=3123) (win 23.2% | avg 23.6% budget)
  system.ai_update                 win=  3.637ms avg=  3.698ms p95=  5.184ms max= 13.998ms calls(last=  1,win= 122,total=3061) (win 21.8% | avg 22.2% budget)
  enemy.update                     win=  3.634ms avg=  3.694ms p95=  5.181ms max= 13.992ms calls(last=  1,win= 122,total=3061) (win 21.8% | avg 22.2% budget)
  frame.render.world               win=  2.455ms avg=  2.455ms p95=  2.754ms max=  9.577ms calls(last=  1,win= 120,total=2887) (win 14.7% | avg 14.7% budget)
  frame.render.world.maze          win=  0.962ms avg=  0.962ms p95=  1.120ms max=  3.160ms calls(last=  1,win= 120,total=2887) (win 5.8% | avg 5.8% budget)
  frame.render.hud                 win=  0.847ms avg=  0.847ms p95=  0.954ms max=  2.320ms calls(last=  1,win= 120,total=2887) (win 5.1% | avg 5.1% budget)
  frame.render.world.effects       win=  0.469ms avg=  0.469ms p95=  0.584ms max=  7.183ms calls(last=  1,win= 120,total=2887) (win 2.8% | avg 2.8% budget)
  frame.render.hud.minimap         win=  0.422ms avg=  0.422ms p95=  0.465ms max=  1.235ms calls(last=  1,win= 120,total=2887) (win 2.5% | avg 2.5% budget)
  enemy.physics.frontal_collisions win=  0.387ms avg=  0.394ms p95=  0.460ms max=  1.455ms calls(last=  1,win= 122,total=2397) (win 2.3% | avg 2.4% budget)
  gameplay.music                   win=  0.322ms avg=  0.322ms p95=  3.932ms max= 23.184ms calls(last=  1,win= 120,total=5640) (win 1.9% | avg 1.9% budget)
  enemy.physics.frontal_grid_build win=  0.308ms avg=  0.313ms p95=  0.354ms max=  1.292ms calls(last=  1,win= 122,total=2397) (win 1.8% | avg 1.9% budget)
  frame.render.world.enemies       win=  0.229ms avg=  0.229ms p95=  0.267ms max=  3.351ms calls(last=  1,win= 120,total=2887) (win 1.4% | avg 1.4% budget)
  frame.render.hud.text            win=  0.227ms avg=  0.227ms p95=  0.277ms max=  0.617ms calls(last=  1,win= 120,total=2887) (win 1.4% | avg 1.4% budget)
  frame.render.world.enemies.draw  win=  0.181ms avg=  0.181ms p95=  0.216ms max=  3.317ms calls(last=  1,win= 120,total=2887) (win 1.1% | avg 1.1% budget)
  menu.music                       win=  0.163ms avg=  0.325ms p95=  3.933ms max= 23.184ms calls(last=  2,win= 240,total=11280) (win 1.0% | avg 2.0% budget)
  enemy.ai.movement                win=  0.126ms avg=  0.481ms p95=  0.744ms max=  5.535ms calls(last=  6,win= 457,total=21014) (win 0.8% | avg 2.9% budget)
  system.spawner_update            win=  0.073ms avg=  0.074ms p95=  0.125ms max=  0.622ms calls(last=  1,win= 122,total=3061) (win 0.4% | avg 0.4% budget)
  frame.render.hud.compass         win=  0.052ms avg=  0.052ms p95=  0.053ms max=  0.194ms calls(last=  1,win= 120,total=2887) (win 0.3% | avg 0.3% budget)
[ENEMY_STATS] frame=5640 alive=118 visible=0 full=6 cheap=112 fullInBase=0 pairs(frontal=0 checks=0 separation=0 resolved=0)
[ENEMY_WINDOW] steps=122 alive[min=116 max=118] visible[min=0 max=0] full[min=2 max=6] collisionPasses[runs=122 skips=0]
[ENEMY_SEGMENTS] window=2.033s D{b/s=9.84 avgLen=5.43 fail=0} T{b/s=0.00 avgLen=0.00 fail=0} H{b/s=0.00 avgLen=0.00 fail=0} A{b/s=0.00 avgLen=0.00 fail=0}
[ENEMY_GRID] frontal{cand/s=226.7 xcell/s=2.5 ins/s=229.2} separation{cand/s=226.7}
[ENEMY_COLLISION_WINDOW] frontal{pairs/s=0.0 checks/s=0.0 baseSkip=0 kill=0(0.0%)} separation{pairs/s=0.0 resolved/s=0.0(0.0%) baseSkip=0 kill=0 wallBlock=0}
[ENEMY_NAV_CACHE] playerCell{changes=0 flowRebuilds=0} flow{hit=0 miss=0 hit%=0.0} pathFallback{calls=0 ok=0 ok%=0.0}
[ENEMY_SAP] updates=14276 active=461 pairs=0 repairs{x=709 y=716}
[ENEMY_PAIR_TYPES] frontal DD=0 DT=0 DH=0 DA=0 TT=0 TH=0 TA=0 HH=0 HA=0 AA=0 separation DD=0 DT=0 DH=0 DA=0 TT=0 TH=0 TA=0 HH=0 HA=0 AA=0
[AUDIO_ROUTE_WINDOW] steps=122 events=2 sounds=0 avg(step ev=0.02 snd=0.00) max(step ev=1 snd=0)
  events{shotP=0 shotE=0 dead=0 spawn=2 base=0 wall=0 start=0 playerExpl=0}
  sounds{shotP=0 shotE=0 dead=0 spawn=0 base=0 wall=0 start=0 playerExpl=0}
[MUSIC_PLAYER_WINDOW] label=menu calls=120 activeCalls=0 buffers=0 avg(buf/call=0.00 active=0.00) max(buf/call=0) upload(total=0.00ms avg=0.000ms max=0.000ms slow=0)
[MUSIC_PLAYER_WINDOW] label=gameplay calls=120 activeCalls=120 buffers=8 avg(buf/call=0.07 active=0.07) max(buf/call=1) upload(total=0.08ms avg=0.009ms max=0.011ms slow=0)

[PROFILE] frame=5760 budget=16.667ms alloc(+118/-118, +9344b/-9344b, live=397616b peak=460152b)
  frame.total                      win= 16.890ms avg= 16.890ms p95= 17.384ms max=106.689ms calls(last=  1,win= 120,total=5760) (win 101.3% | avg 101.3% budget)
  frame.cpu_work                   win=  9.995ms avg=  9.995ms p95= 13.060ms max=105.065ms calls(last=  1,win= 120,total=5760) (win 60.0% | avg 60.0% budget)
  frame.present                    win=  6.881ms avg=  6.881ms p95=  8.371ms max= 41.440ms calls(last=  1,win= 120,total=5760) (win 41.3% | avg 41.3% budget)
  frame.render                     win=  5.018ms avg=  5.018ms p95=  5.248ms max= 25.862ms calls(last=  1,win= 120,total=5760) (win 30.1% | avg 30.1% budget)
  frame.fixed_step                 win=  4.464ms avg=  4.575ms p95=  6.060ms max=104.148ms calls(last=  1,win= 123,total=5998) (win 26.8% | avg 27.5% budget)
  game.update                      win=  4.445ms avg=  4.556ms p95=  6.042ms max=104.116ms calls(last=  1,win= 123,total=3246) (win 26.7% | avg 27.3% budget)
  system.ai_update                 win=  4.219ms avg=  4.324ms p95=  5.831ms max= 13.998ms calls(last=  1,win= 123,total=3184) (win 25.3% | avg 25.9% budget)
  enemy.update                     win=  4.215ms avg=  4.321ms p95=  5.828ms max= 13.992ms calls(last=  1,win= 123,total=3184) (win 25.3% | avg 25.9% budget)
  music.fill_buffer                win=  3.941ms avg=  0.263ms p95=  3.896ms max=  7.434ms calls(last=  0,win=   8,total=390) (win 23.6% | avg 1.6% budget)
  frame.render.world               win=  2.443ms avg=  2.443ms p95=  2.680ms max=  9.577ms calls(last=  1,win= 120,total=3007) (win 14.7% | avg 14.7% budget)
  frame.render.world.maze          win=  0.940ms avg=  0.940ms p95=  1.021ms max=  3.160ms calls(last=  1,win= 120,total=3007) (win 5.6% | avg 5.6% budget)
  frame.render.hud                 win=  0.839ms avg=  0.839ms p95=  0.881ms max=  2.320ms calls(last=  1,win= 120,total=3007) (win 5.0% | avg 5.0% budget)
  frame.render.world.effects       win=  0.474ms avg=  0.474ms p95=  0.539ms max=  7.183ms calls(last=  1,win= 120,total=3007) (win 2.8% | avg 2.8% budget)
  frame.render.hud.minimap         win=  0.418ms avg=  0.418ms p95=  0.457ms max=  1.235ms calls(last=  1,win= 120,total=3007) (win 2.5% | avg 2.5% budget)
  enemy.physics.frontal_collisions win=  0.388ms avg=  0.398ms p95=  0.453ms max=  1.455ms calls(last=  1,win= 123,total=2520) (win 2.3% | avg 2.4% budget)
  gameplay.music                   win=  0.347ms avg=  0.347ms p95=  3.918ms max= 23.184ms calls(last=  1,win= 120,total=5760) (win 2.1% | avg 2.1% budget)
  enemy.physics.frontal_grid_build win=  0.302ms avg=  0.310ms p95=  0.337ms max=  1.292ms calls(last=  1,win= 123,total=2520) (win 1.8% | avg 1.9% budget)
  frame.render.world.enemies       win=  0.235ms avg=  0.235ms p95=  0.269ms max=  3.351ms calls(last=  1,win= 120,total=3007) (win 1.4% | avg 1.4% budget)
  frame.render.hud.text            win=  0.223ms avg=  0.223ms p95=  0.259ms max=  0.617ms calls(last=  1,win= 120,total=3007) (win 1.3% | avg 1.3% budget)
  frame.render.world.enemies.draw  win=  0.187ms avg=  0.187ms p95=  0.212ms max=  3.317ms calls(last=  1,win= 120,total=3007) (win 1.1% | avg 1.1% budget)
  menu.music                       win=  0.175ms avg=  0.349ms p95=  3.919ms max= 23.184ms calls(last=  2,win= 240,total=11520) (win 1.0% | avg 2.1% budget)
  enemy.ai.movement                win=  0.119ms avg=  0.830ms p95=  0.940ms max=  5.535ms calls(last=  7,win= 839,total=21853) (win 0.7% | avg 5.0% budget)
  system.spawner_update            win=  0.070ms avg=  0.072ms p95=  0.072ms max=  0.622ms calls(last=  1,win= 123,total=3184) (win 0.4% | avg 0.4% budget)
  enemy.physics.frontal_pair_traverse win=  0.052ms avg=  0.053ms p95=  0.053ms max=  0.266ms calls(last=  1,win= 123,total=2520) (win 0.3% | avg 0.3% budget)
[ENEMY_STATS] frame=5760 alive=118 visible=1 full=7 cheap=111 fullInBase=0 pairs(frontal=0 checks=0 separation=0 resolved=0)
[ENEMY_WINDOW] steps=123 alive[min=118 max=118] visible[min=0 max=1] full[min=6 max=7] collisionPasses[runs=123 skips=0]
[ENEMY_SEGMENTS] window=2.050s D{b/s=14.15 avgLen=5.13 fail=0} T{b/s=0.00 avgLen=0.00 fail=0} H{b/s=0.00 avgLen=0.00 fail=0} A{b/s=0.00 avgLen=0.00 fail=0}
[ENEMY_GRID] frontal{cand/s=409.8 xcell/s=2.0 ins/s=411.7} separation{cand/s=409.8}
[ENEMY_COLLISION_WINDOW] frontal{pairs/s=0.0 checks/s=0.0 baseSkip=0 kill=0(0.0%)} separation{pairs/s=0.0 resolved/s=0.0(0.0%) baseSkip=0 kill=0 wallBlock=0}
[ENEMY_NAV_CACHE] playerCell{changes=0 flowRebuilds=0} flow{hit=0 miss=0 hit%=0.0} pathFallback{calls=0 ok=0 ok%=0.0}
[ENEMY_SAP] updates=14514 active=840 pairs=0 repairs{x=110 y=110}
[ENEMY_PAIR_TYPES] frontal DD=0 DT=0 DH=0 DA=0 TT=0 TH=0 TA=0 HH=0 HA=0 AA=0 separation DD=0 DT=0 DH=0 DA=0 TT=0 TH=0 TA=0 HH=0 HA=0 AA=0
[AUDIO_ROUTE_WINDOW] steps=123 events=1 sounds=1 avg(step ev=0.01 snd=0.01) max(step ev=1 snd=1)
  events{shotP=0 shotE=1 dead=0 spawn=0 base=0 wall=0 start=0 playerExpl=0}
  sounds{shotP=0 shotE=1 dead=0 spawn=0 base=0 wall=0 start=0 playerExpl=0}
[MUSIC_PLAYER_WINDOW] label=menu calls=120 activeCalls=0 buffers=0 avg(buf/call=0.00 active=0.00) max(buf/call=0) upload(total=0.00ms avg=0.000ms max=0.000ms slow=0)
[MUSIC_PLAYER_WINDOW] label=gameplay calls=120 activeCalls=120 buffers=8 avg(buf/call=0.07 active=0.07) max(buf/call=1) upload(total=0.08ms avg=0.009ms max=0.011ms slow=0)

[PROFILE] frame=5880 budget=16.667ms alloc(+326/-326, +26032b/-26032b, live=397616b peak=460152b)
  frame.total                      win= 17.370ms avg= 17.370ms p95= 20.556ms max=106.689ms calls(last=  1,win= 120,total=5880) (win 104.2% | avg 104.2% budget)
  frame.cpu_work                   win= 11.887ms avg= 11.887ms p95= 17.633ms max=105.065ms calls(last=  1,win= 120,total=5880) (win 71.3% | avg 71.3% budget)
  frame.present                    win=  5.468ms avg=  5.468ms p95=  7.791ms max= 41.440ms calls(last=  1,win= 120,total=5880) (win 32.8% | avg 32.8% budget)
  frame.render                     win=  5.302ms avg=  5.302ms p95=  5.556ms max= 25.862ms calls(last=  1,win= 120,total=5880) (win 31.8% | avg 31.8% budget)
  frame.fixed_step                 win=  5.220ms avg=  5.481ms p95=  8.981ms max=104.148ms calls(last=  2,win= 126,total=6124) (win 31.3% | avg 32.9% budget)
  game.update                      win=  5.104ms avg=  5.359ms p95=  7.908ms max=104.116ms calls(last=  2,win= 126,total=3372) (win 30.6% | avg 32.2% budget)
  system.ai_update                 win=  4.815ms avg=  5.056ms p95=  7.585ms max= 13.998ms calls(last=  2,win= 126,total=3310) (win 28.9% | avg 30.3% budget)
  enemy.update                     win=  4.812ms avg=  5.052ms p95=  7.581ms max= 13.992ms calls(last=  2,win= 126,total=3310) (win 28.9% | avg 30.3% budget)
  music.fill_buffer                win=  3.987ms avg=  0.266ms p95=  3.897ms max=  7.434ms calls(last=  0,win=   8,total=398) (win 23.9% | avg 1.6% budget)
  frame.render.world               win=  2.644ms avg=  2.644ms p95=  2.822ms max=  9.577ms calls(last=  1,win= 120,total=3127) (win 15.9% | avg 15.9% budget)
  gameplay.music                   win=  1.047ms avg=  1.047ms p95=  5.721ms max= 23.184ms calls(last=  1,win= 120,total=5880) (win 6.3% | avg 6.3% budget)
  frame.render.world.maze          win=  0.989ms avg=  0.989ms p95=  1.077ms max=  3.160ms calls(last=  1,win= 120,total=3127) (win 5.9% | avg 5.9% budget)
  frame.render.hud                 win=  0.850ms avg=  0.850ms p95=  0.942ms max=  2.320ms calls(last=  1,win= 120,total=3127) (win 5.1% | avg 5.1% budget)
  frame.render.world.effects       win=  0.559ms avg=  0.559ms p95=  0.683ms max=  7.183ms calls(last=  1,win= 120,total=3127) (win 3.4% | avg 3.4% budget)
  menu.music                       win=  0.525ms avg=  1.049ms p95=  5.720ms max= 23.184ms calls(last=  2,win= 240,total=11760) (win 3.1% | avg 6.3% budget)
  frame.render.hud.minimap         win=  0.420ms avg=  0.420ms p95=  0.462ms max=  1.235ms calls(last=  1,win= 120,total=3127) (win 2.5% | avg 2.5% budget)
  enemy.physics.frontal_collisions win=  0.402ms avg=  0.422ms p95=  0.770ms max=  1.455ms calls(last=  2,win= 126,total=2646) (win 2.4% | avg 2.5% budget)
  enemy.physics.frontal_grid_build win=  0.313ms avg=  0.328ms p95=  0.595ms max=  1.292ms calls(last=  2,win= 126,total=2646) (win 1.9% | avg 2.0% budget)
  frame.render.world.enemies       win=  0.284ms avg=  0.284ms p95=  0.321ms max=  3.351ms calls(last=  1,win= 120,total=3127) (win 1.7% | avg 1.7% budget)
  frame.render.world.enemies.draw  win=  0.234ms avg=  0.234ms p95=  0.272ms max=  3.317ms calls(last=  1,win= 120,total=3127) (win 1.4% | avg 1.4% budget)
  frame.render.hud.text            win=  0.228ms avg=  0.228ms p95=  0.266ms max=  0.617ms calls(last=  1,win= 120,total=3127) (win 1.4% | avg 1.4% budget)
  enemy.ai.movement                win=  0.114ms avg=  1.078ms p95=  1.301ms max=  5.535ms calls(last= 18,win=1135,total=22988) (win 0.7% | avg 6.5% budget)
  audio.route_step                 win=  0.105ms avg=  0.110ms p95=  0.020ms max= 11.929ms calls(last=  2,win= 126,total=3372) (win 0.6% | avg 0.7% budget)
  system.physics_collision         win=  0.088ms avg=  0.093ms p95=  0.152ms max= 14.441ms calls(last=  2,win= 126,total=3310) (win 0.5% | avg 0.6% budget)
[ENEMY_STATS] frame=5880 alive=117 visible=1 full=9 cheap=108 fullInBase=0 pairs(frontal=0 checks=0 separation=0 resolved=0)
[ENEMY_WINDOW] steps=126 alive[min=117 max=118] visible[min=1 max=2] full[min=7 max=11] collisionPasses[runs=126 skips=0]
[ENEMY_SEGMENTS] window=2.100s D{b/s=3.81 avgLen=4.14 fail=0} T{b/s=0.00 avgLen=0.00 fail=0} H{b/s=0.00 avgLen=0.00 fail=0} A{b/s=0.00 avgLen=0.00 fail=0}
[ENEMY_GRID] frontal{cand/s=541.4 xcell/s=2.4 ins/s=543.8} separation{cand/s=541.4}
[ENEMY_COLLISION_WINDOW] frontal{pairs/s=0.0 checks/s=0.0 baseSkip=0 kill=0(0.0%)} separation{pairs/s=0.0 resolved/s=0.0(0.0%) baseSkip=0 kill=0 wallBlock=0}
[ENEMY_NAV_CACHE] playerCell{changes=0 flowRebuilds=0} flow{hit=0 miss=0 hit%=0.0} pathFallback{calls=0 ok=0 ok%=0.0}
[ENEMY_SAP] updates=14852 active=1137 pairs=0 repairs{x=1122 y=1124}
[ENEMY_PAIR_TYPES] frontal DD=0 DT=0 DH=0 DA=0 TT=0 TH=0 TA=0 HH=0 HA=0 AA=0 separation DD=0 DT=0 DH=0 DA=0 TT=0 TH=0 TA=0 HH=0 HA=0 AA=0
[AUDIO_ROUTE_WINDOW] steps=126 events=10 sounds=10 avg(step ev=0.08 snd=0.08) max(step ev=1 snd=1)
  events{shotP=5 shotE=1 dead=1 spawn=0 base=0 wall=3 start=0 playerExpl=0}
  sounds{shotP=5 shotE=1 dead=1 spawn=0 base=0 wall=3 start=0 playerExpl=0}
[MUSIC_PLAYER_WINDOW] label=menu calls=120 activeCalls=0 buffers=0 avg(buf/call=0.00 active=0.00) max(buf/call=0) upload(total=0.00ms avg=0.000ms max=0.000ms slow=0)
[MUSIC_PLAYER_WINDOW] label=gameplay calls=120 activeCalls=120 buffers=8 avg(buf/call=0.07 active=0.07) max(buf/call=1) upload(total=0.10ms avg=0.013ms max=0.027ms slow=0)

[PROFILE] frame=6000 budget=16.667ms alloc(+183/-183, +14568b/-14568b, live=397616b peak=460152b)
  frame.total                      win= 17.458ms avg= 17.458ms p95= 19.359ms max=106.689ms calls(last=  1,win= 120,total=6000) (win 104.7% | avg 104.7% budget)
  frame.cpu_work                   win= 12.365ms avg= 12.365ms p95= 17.306ms max=105.065ms calls(last=  1,win= 120,total=6000) (win 74.2% | avg 74.2% budget)
  frame.render                     win=  5.300ms avg=  5.300ms p95=  5.514ms max= 25.862ms calls(last=  1,win= 120,total=6000) (win 31.8% | avg 31.8% budget)
  frame.present                    win=  5.076ms avg=  5.076ms p95=  7.572ms max= 41.440ms calls(last=  1,win= 120,total=6000) (win 30.5% | avg 30.5% budget)
  frame.fixed_step                 win=  4.860ms avg=  5.143ms p95=  8.734ms max=104.148ms calls(last=  1,win= 127,total=6251) (win 29.2% | avg 30.9% budget)
  game.update                      win=  4.795ms avg=  5.074ms p95=  7.948ms max=104.116ms calls(last=  1,win= 127,total=3499) (win 28.8% | avg 30.4% budget)
  system.ai_update                 win=  4.519ms avg=  4.783ms p95=  7.486ms max= 13.998ms calls(last=  1,win= 127,total=3437) (win 27.1% | avg 28.7% budget)
  enemy.update                     win=  4.516ms avg=  4.779ms p95=  7.478ms max= 13.992ms calls(last=  1,win= 127,total=3437) (win 27.1% | avg 28.7% budget)
  music.fill_buffer                win=  3.975ms avg=  0.298ms p95=  3.910ms max=  7.434ms calls(last=  1,win=   9,total=407) (win 23.9% | avg 1.8% budget)
  frame.render.world               win=  2.684ms avg=  2.684ms p95=  2.884ms max=  9.577ms calls(last=  1,win= 120,total=3247) (win 16.1% | avg 16.1% budget)
  gameplay.music                   win=  1.866ms avg=  1.866ms p95=  7.323ms max= 23.184ms calls(last=  1,win= 120,total=6000) (win 11.2% | avg 11.2% budget)
  frame.render.world.maze          win=  1.019ms avg=  1.019ms p95=  1.157ms max=  3.160ms calls(last=  1,win= 120,total=3247) (win 6.1% | avg 6.1% budget)
  menu.music                       win=  0.934ms avg=  1.868ms p95=  7.321ms max= 23.184ms calls(last=  2,win= 240,total=12000) (win 5.6% | avg 11.2% budget)
  frame.render.hud                 win=  0.844ms avg=  0.844ms p95=  0.911ms max=  2.320ms calls(last=  1,win= 120,total=3247) (win 5.1% | avg 5.1% budget)
  frame.render.world.effects       win=  0.533ms avg=  0.533ms p95=  0.637ms max=  7.183ms calls(last=  1,win= 120,total=3247) (win 3.2% | avg 3.2% budget)
  frame.render.hud.minimap         win=  0.422ms avg=  0.422ms p95=  0.462ms max=  1.235ms calls(last=  1,win= 120,total=3247) (win 2.5% | avg 2.5% budget)
  enemy.physics.frontal_collisions win=  0.402ms avg=  0.426ms p95=  0.755ms max=  1.455ms calls(last=  1,win= 127,total=2773) (win 2.4% | avg 2.6% budget)
  frame.render.world.enemies       win=  0.336ms avg=  0.336ms p95=  0.383ms max=  3.351ms calls(last=  1,win= 120,total=3247) (win 2.0% | avg 2.0% budget)
  enemy.physics.frontal_grid_build win=  0.312ms avg=  0.330ms p95=  0.586ms max=  1.345ms calls(last=  1,win= 127,total=2773) (win 1.9% | avg 2.0% budget)
  frame.render.world.enemies.draw  win=  0.285ms avg=  0.285ms p95=  0.330ms max=  3.317ms calls(last=  1,win= 120,total=3247) (win 1.7% | avg 1.7% budget)
  frame.render.hud.text            win=  0.225ms avg=  0.225ms p95=  0.242ms max=  0.617ms calls(last=  1,win= 120,total=3247) (win 1.3% | avg 1.3% budget)
  enemy.ai.movement                win=  0.108ms avg=  1.101ms p95=  1.879ms max=  5.535ms calls(last= 10,win=1223,total=24211) (win 0.6% | avg 6.6% budget)
  system.spawner_update            win=  0.072ms avg=  0.076ms p95=  0.129ms max=  0.622ms calls(last=  1,win= 127,total=3437) (win 0.4% | avg 0.5% budget)
  system.physics_collision         win=  0.061ms avg=  0.064ms p95=  0.125ms max= 14.441ms calls(last=  1,win= 127,total=3437) (win 0.4% | avg 0.4% budget)
[ENEMY_STATS] frame=6000 alive=118 visible=2 full=10 cheap=108 fullInBase=1 pairs(frontal=0 checks=0 separation=0 resolved=0)
[ENEMY_WINDOW] steps=127 alive[min=117 max=118] visible[min=1 max=2] full[min=9 max=10] collisionPasses[runs=127 skips=0]
[ENEMY_SEGMENTS] window=2.117s D{b/s=11.81 avgLen=5.10 fail=0} T{b/s=0.00 avgLen=0.00 fail=0} H{b/s=0.00 avgLen=0.00 fail=0} A{b/s=0.00 avgLen=0.00 fail=0}
[ENEMY_GRID] frontal{cand/s=578.3 xcell/s=2.8 ins/s=581.1} separation{cand/s=578.3}
[ENEMY_COLLISION_WINDOW] frontal{pairs/s=0.0 checks/s=0.0 baseSkip=0 kill=0(0.0%)} separation{pairs/s=0.0 resolved/s=0.0(0.0%) baseSkip=0 kill=0 wallBlock=0}
[ENEMY_NAV_CACHE] playerCell{changes=0 flowRebuilds=0} flow{hit=0 miss=0 hit%=0.0} pathFallback{calls=0 ok=0 ok%=0.0}
[ENEMY_SAP] updates=14940 active=1224 pairs=0 repairs{x=841 y=847}
[ENEMY_PAIR_TYPES] frontal DD=0 DT=0 DH=0 DA=0 TT=0 TH=0 TA=0 HH=0 HA=0 AA=0 separation DD=0 DT=0 DH=0 DA=0 TT=0 TH=0 TA=0 HH=0 HA=0 AA=0
[AUDIO_ROUTE_WINDOW] steps=127 events=7 sounds=7 avg(step ev=0.06 snd=0.06) max(step ev=1 snd=1)
  events{shotP=1 shotE=1 dead=0 spawn=1 base=0 wall=4 start=0 playerExpl=0}
  sounds{shotP=1 shotE=1 dead=0 spawn=1 base=0 wall=4 start=0 playerExpl=0}
[MUSIC_PLAYER_WINDOW] label=menu calls=120 activeCalls=0 buffers=0 avg(buf/call=0.00 active=0.00) max(buf/call=0) upload(total=0.00ms avg=0.000ms max=0.000ms slow=0)
[MUSIC_PLAYER_WINDOW] label=gameplay calls=120 activeCalls=120 buffers=9 avg(buf/call=0.08 active=0.08) max(buf/call=1) upload(total=0.09ms avg=0.010ms max=0.011ms slow=0)

[PROFILE] frame=6120 budget=16.667ms alloc(+398/-398, +31792b/-31792b, live=397728b peak=460152b)
  frame.total                      win= 17.044ms avg= 17.044ms p95= 18.428ms max=106.689ms calls(last=  1,win= 120,total=6120) (win 102.3% | avg 102.3% budget)
  frame.cpu_work                   win= 11.615ms avg= 11.615ms p95= 16.324ms max=105.065ms calls(last=  1,win= 120,total=6120) (win 69.7% | avg 69.7% budget)
  frame.fixed_step                 win=  5.464ms avg=  5.646ms p95=  6.800ms max=104.148ms calls(last=  2,win= 124,total=6375) (win 32.8% | avg 33.9% budget)
  frame.present                    win=  5.415ms avg=  5.415ms p95=  7.422ms max= 41.440ms calls(last=  1,win= 120,total=6120) (win 32.5% | avg 32.5% budget)
  game.update                      win=  5.403ms avg=  5.583ms p95=  6.730ms max=104.116ms calls(last=  2,win= 124,total=3623) (win 32.4% | avg 33.5% budget)
  frame.render                     win=  5.306ms avg=  5.306ms p95=  5.579ms max= 25.862ms calls(last=  1,win= 120,total=6120) (win 31.8% | avg 31.8% budget)
  system.ai_update                 win=  5.137ms avg=  5.308ms p95=  6.476ms max= 13.998ms calls(last=  2,win= 124,total=3561) (win 30.8% | avg 31.9% budget)
  enemy.update                     win=  5.133ms avg=  5.305ms p95=  6.472ms max= 13.992ms calls(last=  2,win= 124,total=3561) (win 30.8% | avg 31.8% budget)
  music.fill_buffer                win=  3.962ms avg=  0.264ms p95=  3.891ms max=  7.434ms calls(last=  0,win=   8,total=415) (win 23.8% | avg 1.6% budget)
  frame.render.world               win=  2.697ms avg=  2.697ms p95=  2.942ms max=  9.577ms calls(last=  1,win= 120,total=3367) (win 16.2% | avg 16.2% budget)
  frame.render.world.maze          win=  1.069ms avg=  1.069ms p95=  1.147ms max=  3.160ms calls(last=  1,win= 120,total=3367) (win 6.4% | avg 6.4% budget)
  frame.render.hud                 win=  0.854ms avg=  0.854ms p95=  0.923ms max=  2.480ms calls(last=  1,win= 120,total=3367) (win 5.1% | avg 5.1% budget)
  gameplay.music                   win=  0.607ms avg=  0.607ms p95=  3.992ms max= 23.184ms calls(last=  1,win= 120,total=6120) (win 3.6% | avg 3.6% budget)
  frame.render.world.effects       win=  0.546ms avg=  0.546ms p95=  0.607ms max=  7.183ms calls(last=  1,win= 120,total=3367) (win 3.3% | avg 3.3% budget)
  frame.render.hud.minimap         win=  0.425ms avg=  0.425ms p95=  0.466ms max=  1.297ms calls(last=  1,win= 120,total=3367) (win 2.6% | avg 2.6% budget)
  enemy.physics.frontal_collisions win=  0.402ms avg=  0.416ms p95=  0.444ms max=  1.455ms calls(last=  2,win= 124,total=2897) (win 2.4% | avg 2.5% budget)
  enemy.physics.frontal_grid_build win=  0.313ms avg=  0.323ms p95=  0.350ms max=  1.345ms calls(last=  2,win= 124,total=2897) (win 1.9% | avg 1.9% budget)
  frame.render.world.enemies       win=  0.308ms avg=  0.308ms p95=  0.346ms max=  3.351ms calls(last=  1,win= 120,total=3367) (win 1.8% | avg 1.8% budget)
  menu.music                       win=  0.304ms avg=  0.609ms p95=  3.994ms max= 23.184ms calls(last=  2,win= 240,total=12240) (win 1.8% | avg 3.7% budget)
  frame.render.world.enemies.draw  win=  0.255ms avg=  0.255ms p95=  0.293ms max=  3.317ms calls(last=  1,win= 120,total=3367) (win 1.5% | avg 1.5% budget)
  frame.render.hud.text            win=  0.230ms avg=  0.230ms p95=  0.278ms max=  0.742ms calls(last=  1,win= 120,total=3367) (win 1.4% | avg 1.4% budget)
  enemy.ai.movement                win=  0.119ms avg=  1.258ms p95=  1.478ms max=  5.535ms calls(last= 22,win=1264,total=25475) (win 0.7% | avg 7.5% budget)
  system.physics_collision         win=  0.073ms avg=  0.076ms p95=  0.124ms max= 14.441ms calls(last=  2,win= 124,total=3561) (win 0.4% | avg 0.5% budget)
  system.spawner_update            win=  0.072ms avg=  0.074ms p95=  0.093ms max=  0.622ms calls(last=  2,win= 124,total=3561) (win 0.4% | avg 0.4% budget)
[ENEMY_STATS] frame=6120 alive=119 visible=2 full=11 cheap=108 fullInBase=0 pairs(frontal=0 checks=0 separation=0 resolved=0)
[ENEMY_WINDOW] steps=124 alive[min=118 max=119] visible[min=1 max=2] full[min=9 max=11] collisionPasses[runs=124 skips=0]
[ENEMY_SEGMENTS] window=2.067s D{b/s=11.13 avgLen=4.81 fail=0} T{b/s=0.00 avgLen=0.00 fail=0} H{b/s=0.00 avgLen=0.00 fail=0} A{b/s=0.00 avgLen=0.00 fail=0}
[ENEMY_GRID] frontal{cand/s=612.1 xcell/s=3.9 ins/s=616.0} separation{cand/s=612.1}
[ENEMY_COLLISION_WINDOW] frontal{pairs/s=0.0 checks/s=0.0 baseSkip=0 kill=0(0.0%)} separation{pairs/s=0.0 resolved/s=0.0(0.0%) baseSkip=0 kill=0 wallBlock=0}
[ENEMY_NAV_CACHE] playerCell{changes=0 flowRebuilds=0} flow{hit=0 miss=0 hit%=0.0} pathFallback{calls=0 ok=0 ok%=0.0}
[ENEMY_SAP] updates=14666 active=1265 pairs=0 repairs{x=950 y=950}
[ENEMY_PAIR_TYPES] frontal DD=0 DT=0 DH=0 DA=0 TT=0 TH=0 TA=0 HH=0 HA=0 AA=0 separation DD=0 DT=0 DH=0 DA=0 TT=0 TH=0 TA=0 HH=0 HA=0 AA=0
[AUDIO_ROUTE_WINDOW] steps=124 events=6 sounds=5 avg(step ev=0.05 snd=0.04) max(step ev=1 snd=1)
  events{shotP=2 shotE=2 dead=0 spawn=1 base=0 wall=1 start=0 playerExpl=0}
  sounds{shotP=2 shotE=2 dead=0 spawn=0 base=0 wall=1 start=0 playerExpl=0}
[MUSIC_PLAYER_WINDOW] label=menu calls=120 activeCalls=0 buffers=0 avg(buf/call=0.00 active=0.00) max(buf/call=0) upload(total=0.00ms avg=0.000ms max=0.000ms slow=0)
[MUSIC_PLAYER_WINDOW] label=gameplay calls=120 activeCalls=120 buffers=8 avg(buf/call=0.07 active=0.07) max(buf/call=1) upload(total=0.08ms avg=0.010ms max=0.016ms slow=0)

[PROFILE] frame=6240 budget=16.667ms alloc(+154/-154, +12224b/-12224b, live=397744b peak=460152b)
  frame.total                      win= 18.951ms avg= 18.951ms p95= 27.342ms max=106.689ms calls(last=  1,win= 120,total=6240) (win 113.7% | avg 113.7% budget)
  frame.cpu_work                   win= 15.089ms avg= 15.089ms p95= 25.169ms max=105.065ms calls(last=  1,win= 120,total=6240) (win 90.5% | avg 90.5% budget)
  frame.fixed_step                 win=  5.880ms avg=  6.713ms p95= 11.120ms max=104.148ms calls(last=  1,win= 137,total=6512) (win 35.3% | avg 40.3% budget)
  game.update                      win=  5.713ms avg=  6.522ms p95= 11.033ms max=104.116ms calls(last=  1,win= 137,total=3760) (win 34.3% | avg 39.1% budget)
  frame.render                     win=  5.491ms avg=  5.491ms p95=  5.782ms max= 25.862ms calls(last=  1,win= 120,total=6240) (win 32.9% | avg 32.9% budget)
  system.ai_update                 win=  5.372ms avg=  6.133ms p95= 10.425ms max= 17.853ms calls(last=  1,win= 137,total=3698) (win 32.2% | avg 36.8% budget)
  enemy.update                     win=  5.368ms avg=  6.129ms p95= 10.418ms max= 17.843ms calls(last=  1,win= 137,total=3698) (win 32.2% | avg 36.8% budget)
  music.fill_buffer                win=  3.997ms avg=  0.266ms p95=  3.941ms max=  7.434ms calls(last=  0,win=   8,total=423) (win 24.0% | avg 1.6% budget)
  frame.present                    win=  3.847ms avg=  3.847ms p95=  6.663ms max= 41.440ms calls(last=  1,win= 120,total=6240) (win 23.1% | avg 23.1% budget)
  music.update_stream              win=  3.318ms avg=  0.221ms p95=  0.014ms max= 14.322ms calls(last=  0,win=   8,total=423) (win 19.9% | avg 1.3% budget)
  gameplay.music                   win=  2.827ms avg=  2.827ms p95= 12.440ms max= 26.568ms calls(last=  1,win= 120,total=6240) (win 17.0% | avg 17.0% budget)
  frame.render.world               win=  2.790ms avg=  2.790ms p95=  3.024ms max=  9.577ms calls(last=  1,win= 120,total=3487) (win 16.7% | avg 16.7% budget)
  menu.music                       win=  1.414ms avg=  2.829ms p95= 12.437ms max= 26.569ms calls(last=  2,win= 240,total=12480) (win 8.5% | avg 17.0% budget)
  frame.render.world.maze          win=  1.087ms avg=  1.087ms p95=  1.164ms max=  3.160ms calls(last=  1,win= 120,total=3487) (win 6.5% | avg 6.5% budget)
  frame.render.hud                 win=  0.850ms avg=  0.850ms p95=  0.946ms max=  2.480ms calls(last=  1,win= 120,total=3487) (win 5.1% | avg 5.1% budget)
  frame.render.world.effects       win=  0.578ms avg=  0.578ms p95=  0.669ms max=  7.183ms calls(last=  1,win= 120,total=3487) (win 3.5% | avg 3.5% budget)
  frame.render.hud.minimap         win=  0.423ms avg=  0.423ms p95=  0.467ms max=  1.297ms calls(last=  1,win= 120,total=3487) (win 2.5% | avg 2.5% budget)
  enemy.physics.frontal_collisions win=  0.419ms avg=  0.478ms p95=  0.822ms max=  1.891ms calls(last=  1,win= 137,total=3034) (win 2.5% | avg 2.9% budget)
  frame.render.world.enemies       win=  0.380ms avg=  0.380ms p95=  0.463ms max=  3.351ms calls(last=  1,win= 120,total=3487) (win 2.3% | avg 2.3% budget)
  enemy.physics.frontal_grid_build win=  0.325ms avg=  0.371ms p95=  0.635ms max=  1.712ms calls(last=  1,win= 137,total=3034) (win 1.9% | avg 2.2% budget)
  frame.render.world.enemies.draw  win=  0.325ms avg=  0.325ms p95=  0.412ms max=  3.317ms calls(last=  1,win= 120,total=3487) (win 1.9% | avg 1.9% budget)
  frame.render.hud.text            win=  0.226ms avg=  0.226ms p95=  0.233ms max=  0.742ms calls(last=  1,win= 120,total=3487) (win 1.4% | avg 1.4% budget)
  audio.route_step                 win=  0.156ms avg=  0.178ms p95=  0.026ms max= 11.929ms calls(last=  1,win= 137,total=3760) (win 0.9% | avg 1.1% budget)
  system.physics_collision         win=  0.124ms avg=  0.141ms p95=  0.279ms max= 14.441ms calls(last=  1,win= 137,total=3698) (win 0.7% | avg 0.8% budget)
[ENEMY_STATS] frame=6240 alive=120 visible=4 full=9 cheap=111 fullInBase=0 pairs(frontal=1 checks=1 separation=1 resolved=0)
[ENEMY_WINDOW] steps=137 alive[min=119 max=120] visible[min=2 max=4] full[min=9 max=11] collisionPasses[runs=137 skips=0]
[ENEMY_SEGMENTS] window=2.283s D{b/s=10.07 avgLen=5.19 fail=0} T{b/s=0.00 avgLen=0.00 fail=0} H{b/s=0.00 avgLen=0.00 fail=0} A{b/s=0.00 avgLen=0.00 fail=0}
[ENEMY_GRID] frontal{cand/s=618.8 xcell/s=3.9 ins/s=622.8} separation{cand/s=618.8}
[ENEMY_COLLISION_WINDOW] frontal{pairs/s=8.8 checks/s=8.8 baseSkip=0 kill=0(0.0%)} separation{pairs/s=8.8 resolved/s=0.0(0.0%) baseSkip=0 kill=0 wallBlock=0}
[ENEMY_NAV_CACHE] playerCell{changes=0 flowRebuilds=0} flow{hit=0 miss=0 hit%=0.0} pathFallback{calls=0 ok=0 ok%=0.0}
[ENEMY_SAP] updates=16362 active=1413 pairs=20 repairs{x=1726 y=1756}
[ENEMY_PAIR_TYPES] frontal DD=0 DT=20 DH=0 DA=0 TT=0 TH=0 TA=0 HH=0 HA=0 AA=0 separation DD=0 DT=20 DH=0 DA=0 TT=0 TH=0 TA=0 HH=0 HA=0 AA=0
[AUDIO_ROUTE_WINDOW] steps=137 events=18 sounds=17 avg(step ev=0.13 snd=0.12) max(step ev=2 snd=2)
  events{shotP=7 shotE=1 dead=1 spawn=2 base=0 wall=7 start=0 playerExpl=0}
  sounds{shotP=7 shotE=1 dead=1 spawn=1 base=0 wall=7 start=0 playerExpl=0}
[MUSIC_PLAYER_WINDOW] label=menu calls=120 activeCalls=0 buffers=0 avg(buf/call=0.00 active=0.00) max(buf/call=0) upload(total=0.00ms avg=0.000ms max=0.000ms slow=0)
[MUSIC_PLAYER_WINDOW] label=gameplay calls=120 activeCalls=120 buffers=9 avg(buf/call=0.08 active=0.08) max(buf/call=1) upload(total=26.13ms avg=2.903ms max=9.671ms slow=3)

[PROFILE] frame=6360 budget=16.667ms alloc(+290/-290, +22864b/-22864b, live=397744b peak=460152b)
  frame.total                      win= 18.640ms avg= 18.640ms p95= 25.270ms max=106.689ms calls(last=  1,win= 120,total=6360) (win 111.8% | avg 111.8% budget)
  frame.cpu_work                   win= 14.528ms avg= 14.528ms p95= 23.315ms max=105.065ms calls(last=  1,win= 120,total=6360) (win 87.2% | avg 87.2% budget)
  frame.render                     win=  5.524ms avg=  5.524ms p95=  5.860ms max= 25.862ms calls(last=  1,win= 120,total=6360) (win 33.1% | avg 33.1% budget)
  frame.fixed_step                 win=  5.350ms avg=  6.063ms p95=  9.910ms max=104.148ms calls(last=  2,win= 136,total=6648) (win 32.1% | avg 36.4% budget)
  game.update                      win=  5.330ms avg=  6.041ms p95=  9.879ms max=104.116ms calls(last=  2,win= 136,total=3896) (win 32.0% | avg 36.2% budget)
  system.ai_update                 win=  4.970ms avg=  5.633ms p95=  9.242ms max= 17.853ms calls(last=  2,win= 136,total=3834) (win 29.8% | avg 33.8% budget)
  enemy.update                     win=  4.966ms avg=  5.628ms p95=  9.235ms max= 17.843ms calls(last=  2,win= 136,total=3834) (win 29.8% | avg 33.8% budget)
  frame.present                    win=  4.096ms avg=  4.096ms p95=  6.877ms max= 41.440ms calls(last=  1,win= 120,total=6360) (win 24.6% | avg 24.6% budget)
  music.fill_buffer                win=  3.963ms avg=  0.297ms p95=  3.942ms max=  7.434ms calls(last=  0,win=   9,total=432) (win 23.8% | avg 1.8% budget)
  gameplay.music                   win=  2.883ms avg=  2.883ms p95= 11.275ms max= 26.568ms calls(last=  1,win= 120,total=6360) (win 17.3% | avg 17.3% budget)
  frame.render.world               win=  2.818ms avg=  2.818ms p95=  3.124ms max=  9.577ms calls(last=  1,win= 120,total=3607) (win 16.9% | avg 16.9% budget)
  music.update_stream              win=  1.553ms avg=  0.116ms p95=  0.014ms max= 14.322ms calls(last=  0,win=   9,total=432) (win 9.3% | avg 0.7% budget)
  menu.music                       win=  1.442ms avg=  2.885ms p95= 11.321ms max= 26.569ms calls(last=  2,win= 240,total=12720) (win 8.7% | avg 17.3% budget)
  frame.render.world.maze          win=  1.101ms avg=  1.101ms p95=  1.166ms max=  3.160ms calls(last=  1,win= 120,total=3607) (win 6.6% | avg 6.6% budget)
  frame.render.hud                 win=  0.856ms avg=  0.856ms p95=  0.935ms max=  2.480ms calls(last=  1,win= 120,total=3607) (win 5.1% | avg 5.1% budget)
  frame.render.world.effects       win=  0.606ms avg=  0.606ms p95=  0.751ms max=  7.183ms calls(last=  1,win= 120,total=3607) (win 3.6% | avg 3.6% budget)
  frame.render.hud.minimap         win=  0.427ms avg=  0.427ms p95=  0.466ms max=  1.297ms calls(last=  1,win= 120,total=3607) (win 2.6% | avg 2.6% budget)
  enemy.physics.frontal_collisions win=  0.410ms avg=  0.465ms p95=  0.802ms max=  1.891ms calls(last=  2,win= 136,total=3170) (win 2.5% | avg 2.8% budget)
  frame.render.world.enemies       win=  0.352ms avg=  0.352ms p95=  0.416ms max=  3.351ms calls(last=  1,win= 120,total=3607) (win 2.1% | avg 2.1% budget)
  enemy.physics.frontal_grid_build win=  0.307ms avg=  0.348ms p95=  0.608ms max=  1.712ms calls(last=  2,win= 136,total=3170) (win 1.8% | avg 2.1% budget)
  frame.render.world.enemies.draw  win=  0.296ms avg=  0.296ms p95=  0.359ms max=  3.317ms calls(last=  1,win= 120,total=3607) (win 1.8% | avg 1.8% budget)
  frame.render.hud.text            win=  0.226ms avg=  0.226ms p95=  0.235ms max=  0.742ms calls(last=  1,win= 120,total=3607) (win 1.4% | avg 1.4% budget)
  system.physics_collision         win=  0.148ms avg=  0.168ms p95=  0.297ms max= 14.441ms calls(last=  2,win= 136,total=3834) (win 0.9% | avg 1.0% budget)
  enemy.ai.movement                win=  0.104ms avg=  1.066ms p95=  1.899ms max=  5.535ms calls(last= 18,win=1224,total=28114) (win 0.6% | avg 6.4% budget)
[ENEMY_STATS] frame=6360 alive=120 visible=4 full=9 cheap=111 fullInBase=0 pairs(frontal=0 checks=0 separation=0 resolved=0)
[ENEMY_WINDOW] steps=136 alive[min=120 max=120] visible[min=4 max=4] full[min=9 max=9] collisionPasses[runs=136 skips=0]
[ENEMY_SEGMENTS] window=2.267s D{b/s=9.71 avgLen=5.31 fail=0} T{b/s=0.00 avgLen=0.00 fail=0} H{b/s=0.00 avgLen=0.00 fail=0} A{b/s=0.00 avgLen=0.00 fail=0}
[ENEMY_GRID] frontal{cand/s=540.0 xcell/s=2.6 ins/s=542.6} separation{cand/s=540.0}
[ENEMY_COLLISION_WINDOW] frontal{pairs/s=4.4 checks/s=4.4 baseSkip=0 kill=0(0.0%)} separation{pairs/s=4.4 resolved/s=0.0(0.0%) baseSkip=0 kill=0 wallBlock=0}
[ENEMY_NAV_CACHE] playerCell{changes=0 flowRebuilds=0} flow{hit=0 miss=0 hit%=0.0} pathFallback{calls=0 ok=0 ok%=0.0}
[ENEMY_SAP] updates=16320 active=1224 pairs=10 repairs{x=0 y=4}
[ENEMY_PAIR_TYPES] frontal DD=0 DT=10 DH=0 DA=0 TT=0 TH=0 TA=0 HH=0 HA=0 AA=0 separation DD=0 DT=10 DH=0 DA=0 TT=0 TH=0 TA=0 HH=0 HA=0 AA=0
[AUDIO_ROUTE_WINDOW] steps=136 events=17 sounds=17 avg(step ev=0.12 snd=0.12) max(step ev=1 snd=1)
  events{shotP=10 shotE=1 dead=0 spawn=0 base=0 wall=6 start=0 playerExpl=0}
  sounds{shotP=10 shotE=1 dead=0 spawn=0 base=0 wall=6 start=0 playerExpl=0}
[MUSIC_PLAYER_WINDOW] label=menu calls=120 activeCalls=0 buffers=0 avg(buf/call=0.00 active=0.00) max(buf/call=0) upload(total=0.00ms avg=0.000ms max=0.000ms slow=0)
[MUSIC_PLAYER_WINDOW] label=gameplay calls=120 activeCalls=120 buffers=8 avg(buf/call=0.07 active=0.07) max(buf/call=1) upload(total=13.64ms avg=1.705ms max=6.833ms slow=2)

[PROFILE] frame=6480 budget=16.667ms alloc(+344/-344, +27328b/-27328b, live=397744b peak=460152b)
  frame.total                      win= 19.852ms avg= 19.852ms p95= 30.184ms max=106.689ms calls(last=  1,win= 120,total=6480) (win 119.1% | avg 119.1% budget)
  frame.cpu_work                   win= 15.784ms avg= 15.784ms p95= 28.126ms max=105.065ms calls(last=  1,win= 120,total=6480) (win 94.7% | avg 94.7% budget)
  frame.fixed_step                 win=  5.594ms avg=  6.667ms p95= 13.257ms max=104.148ms calls(last=  2,win= 143,total=6791) (win 33.6% | avg 40.0% budget)
  frame.render                     win=  5.445ms avg=  5.445ms p95=  5.729ms max= 25.862ms calls(last=  1,win= 120,total=6480) (win 32.7% | avg 32.7% budget)
  game.update                      win=  5.166ms avg=  6.156ms p95= 11.177ms max=104.116ms calls(last=  2,win= 143,total=4039) (win 31.0% | avg 36.9% budget)
  system.ai_update                 win=  4.776ms avg=  5.691ms p95= 10.424ms max= 17.853ms calls(last=  2,win= 143,total=3977) (win 28.7% | avg 34.1% budget)
  enemy.update                     win=  4.772ms avg=  5.686ms p95= 10.418ms max= 17.843ms calls(last=  2,win= 143,total=3977) (win 28.6% | avg 34.1% budget)
  audio.route.removed_enemy_match  win=  4.193ms avg=  0.070ms p95=  0.000ms max= 11.068ms calls(last=  0,win=   2,total=19) (win 25.2% | avg 0.4% budget)
  frame.present                    win=  4.052ms avg=  4.052ms p95=  7.055ms max= 41.440ms calls(last=  1,win= 120,total=6480) (win 24.3% | avg 24.3% budget)
  music.fill_buffer                win=  3.964ms avg=  0.330ms p95=  3.939ms max=  7.434ms calls(last=  0,win=  10,total=442) (win 23.8% | avg 2.0% budget)
  gameplay.music                   win=  3.615ms avg=  3.615ms p95= 13.457ms max= 26.568ms calls(last=  1,win= 120,total=6480) (win 21.7% | avg 21.7% budget)
  frame.render.world               win=  2.804ms avg=  2.804ms p95=  3.016ms max=  9.577ms calls(last=  1,win= 120,total=3727) (win 16.8% | avg 16.8% budget)
  music.update_stream              win=  1.944ms avg=  0.162ms p95=  0.013ms max= 14.322ms calls(last=  0,win=  10,total=442) (win 11.7% | avg 1.0% budget)
  menu.music                       win=  1.808ms avg=  3.617ms p95= 13.456ms max= 26.569ms calls(last=  2,win= 240,total=12960) (win 10.9% | avg 21.7% budget)
  frame.render.world.maze          win=  1.053ms avg=  1.053ms p95=  1.115ms max=  3.160ms calls(last=  1,win= 120,total=3727) (win 6.3% | avg 6.3% budget)
  frame.render.hud                 win=  0.842ms avg=  0.842ms p95=  0.896ms max=  2.480ms calls(last=  1,win= 120,total=3727) (win 5.1% | avg 5.1% budget)
  frame.render.world.effects       win=  0.660ms avg=  0.660ms p95=  0.902ms max=  7.183ms calls(last=  1,win= 120,total=3727) (win 4.0% | avg 4.0% budget)
  enemy.physics.frontal_collisions win=  0.420ms avg=  0.500ms p95=  0.818ms max=  1.891ms calls(last=  2,win= 143,total=3313) (win 2.5% | avg 3.0% budget)
  frame.render.hud.minimap         win=  0.419ms avg=  0.419ms p95=  0.464ms max=  1.297ms calls(last=  1,win= 120,total=3727) (win 2.5% | avg 2.5% budget)
  audio.route_step                 win=  0.417ms avg=  0.497ms p95=  5.477ms max= 11.929ms calls(last=  2,win= 143,total=4039) (win 2.5% | avg 3.0% budget)
  frame.render.world.enemies       win=  0.343ms avg=  0.343ms p95=  0.416ms max=  3.351ms calls(last=  1,win= 120,total=3727) (win 2.1% | avg 2.1% budget)
  enemy.physics.frontal_grid_build win=  0.329ms avg=  0.392ms p95=  0.627ms max=  1.712ms calls(last=  2,win= 143,total=3313) (win 2.0% | avg 2.4% budget)
  frame.render.world.enemies.draw  win=  0.290ms avg=  0.290ms p95=  0.353ms max=  3.317ms calls(last=  1,win= 120,total=3727) (win 1.7% | avg 1.7% budget)
  frame.render.hud.text            win=  0.224ms avg=  0.224ms p95=  0.261ms max=  0.742ms calls(last=  1,win= 120,total=3727) (win 1.3% | avg 1.3% budget)
[ENEMY_STATS] frame=6480 alive=120 visible=3 full=10 cheap=110 fullInBase=2 pairs(frontal=0 checks=0 separation=0 resolved=0)
[ENEMY_WINDOW] steps=143 alive[min=119 max=120] visible[min=3 max=4] full[min=8 max=10] collisionPasses[runs=143 skips=0]
[ENEMY_SEGMENTS] window=2.383s D{b/s=9.65 avgLen=4.89 fail=0} T{b/s=0.00 avgLen=0.00 fail=0} H{b/s=0.00 avgLen=0.00 fail=0} A{b/s=0.00 avgLen=0.00 fail=0}
[ENEMY_GRID] frontal{cand/s=545.0 xcell/s=2.5 ins/s=547.6} separation{cand/s=545.0}
[ENEMY_COLLISION_WINDOW] frontal{pairs/s=6.7 checks/s=6.7 baseSkip=0 kill=0(0.0%)} separation{pairs/s=6.7 resolved/s=0.0(0.0%) baseSkip=0 kill=0 wallBlock=0}
[ENEMY_NAV_CACHE] playerCell{changes=0 flowRebuilds=0} flow{hit=0 miss=0 hit%=0.0} pathFallback{calls=0 ok=0 ok%=0.0}
[ENEMY_SAP] updates=17072 active=1299 pairs=16 repairs{x=3208 y=3229}
[ENEMY_PAIR_TYPES] frontal DD=0 DT=16 DH=0 DA=0 TT=0 TH=0 TA=0 HH=0 HA=0 AA=0 separation DD=0 DT=16 DH=0 DA=0 TT=0 TH=0 TA=0 HH=0 HA=0 AA=0
[AUDIO_ROUTE_WINDOW] steps=143 events=29 sounds=29 avg(step ev=0.20 snd=0.20) max(step ev=2 snd=2)
  events{shotP=9 shotE=2 dead=2 spawn=2 base=0 wall=13 start=0 playerExpl=1}
  sounds{shotP=9 shotE=2 dead=2 spawn=2 base=0 wall=13 start=0 playerExpl=1}
[MUSIC_PLAYER_WINDOW] label=menu calls=120 activeCalls=0 buffers=0 avg(buf/call=0.00 active=0.00) max(buf/call=0) upload(total=0.00ms avg=0.000ms max=0.000ms slow=0)
[MUSIC_PLAYER_WINDOW] label=gameplay calls=120 activeCalls=120 buffers=10 avg(buf/call=0.08 active=0.08) max(buf/call=1) upload(total=19.14ms avg=1.914ms max=10.908ms slow=2)

[PROFILE] frame=6600 budget=16.667ms alloc(+163/-163, +12872b/-12872b, live=397744b peak=460152b)
  frame.total                      win= 17.597ms avg= 17.597ms p95= 22.525ms max=106.689ms calls(last=  1,win= 120,total=6600) (win 105.6% | avg 105.6% budget)
  frame.cpu_work                   win= 11.933ms avg= 11.933ms p95= 20.462ms max=105.065ms calls(last=  1,win= 120,total=6600) (win 71.6% | avg 71.6% budget)
  frame.present                    win=  5.650ms avg=  5.650ms p95=  7.982ms max= 41.440ms calls(last=  1,win= 120,total=6600) (win 33.9% | avg 33.9% budget)
  frame.render                     win=  5.058ms avg=  5.058ms p95=  5.540ms max= 25.862ms calls(last=  1,win= 120,total=6600) (win 30.3% | avg 30.3% budget)
  frame.fixed_step                 win=  4.846ms avg=  5.169ms p95=  8.133ms max=104.148ms calls(last=  1,win= 128,total=6919) (win 29.1% | avg 31.0% budget)
  game.update                      win=  4.827ms avg=  5.149ms p95=  8.106ms max=104.116ms calls(last=  1,win= 128,total=4167) (win 29.0% | avg 30.9% budget)
  system.ai_update                 win=  4.622ms avg=  4.930ms p95=  7.686ms max= 17.853ms calls(last=  1,win= 128,total=4105) (win 27.7% | avg 29.6% budget)
  enemy.update                     win=  4.618ms avg=  4.926ms p95=  7.680ms max= 17.843ms calls(last=  1,win= 128,total=4105) (win 27.7% | avg 29.6% budget)
  music.fill_buffer                win=  4.011ms avg=  0.267ms p95=  3.947ms max=  7.434ms calls(last=  0,win=   8,total=450) (win 24.1% | avg 1.6% budget)
  frame.render.world               win=  2.417ms avg=  2.417ms p95=  2.935ms max=  9.577ms calls(last=  1,win= 120,total=3847) (win 14.5% | avg 14.5% budget)
  gameplay.music                   win=  1.650ms avg=  1.650ms p95=  9.201ms max= 26.568ms calls(last=  1,win= 120,total=6600) (win 9.9% | avg 9.9% budget)
  music.update_stream              win=  1.106ms avg=  0.074ms p95=  0.013ms max= 14.322ms calls(last=  0,win=   8,total=450) (win 6.6% | avg 0.4% budget)
  frame.render.world.maze          win=  1.050ms avg=  1.050ms p95=  1.134ms max=  3.160ms calls(last=  1,win= 120,total=3847) (win 6.3% | avg 6.3% budget)
  frame.render.hud                 win=  0.838ms avg=  0.838ms p95=  0.895ms max=  2.480ms calls(last=  1,win= 120,total=3847) (win 5.0% | avg 5.0% budget)
  menu.music                       win=  0.826ms avg=  1.653ms p95=  9.201ms max= 26.569ms calls(last=  2,win= 240,total=13200) (win 5.0% | avg 9.9% budget)
  frame.render.world.effects       win=  0.608ms avg=  0.608ms p95=  0.903ms max=  7.183ms calls(last=  1,win= 120,total=3847) (win 3.6% | avg 3.6% budget)
  frame.render.hud.minimap         win=  0.416ms avg=  0.416ms p95=  0.458ms max=  1.297ms calls(last=  1,win= 120,total=3847) (win 2.5% | avg 2.5% budget)
  enemy.physics.frontal_collisions win=  0.399ms avg=  0.426ms p95=  0.758ms max=  1.891ms calls(last=  1,win= 128,total=3441) (win 2.4% | avg 2.6% budget)
  enemy.physics.frontal_grid_build win=  0.307ms avg=  0.328ms p95=  0.595ms max=  1.712ms calls(last=  1,win= 128,total=3441) (win 1.8% | avg 2.0% budget)
  frame.render.world.enemies       win=  0.307ms avg=  0.307ms p95=  0.418ms max=  3.351ms calls(last=  1,win= 120,total=3847) (win 1.8% | avg 1.8% budget)
  frame.render.world.enemies.draw  win=  0.255ms avg=  0.255ms p95=  0.359ms max=  3.317ms calls(last=  1,win= 120,total=3847) (win 1.5% | avg 1.5% budget)
  frame.render.hud.text            win=  0.222ms avg=  0.222ms p95=  0.265ms max=  0.742ms calls(last=  1,win= 120,total=3847) (win 1.3% | avg 1.3% budget)
  enemy.cheap.segment_build        win=  0.108ms avg=  0.022ms p95=  0.052ms max=  0.958ms calls(last=  0,win=  24,total=493) (win 0.7% | avg 0.1% budget)
  enemy.ai.movement                win=  0.105ms avg=  1.115ms p95=  2.075ms max=  5.535ms calls(last= 10,win=1280,total=30692) (win 0.6% | avg 6.7% budget)
[ENEMY_STATS] frame=6600 alive=120 visible=2 full=10 cheap=110 fullInBase=2 pairs(frontal=0 checks=0 separation=0 resolved=0)
[ENEMY_WINDOW] steps=128 alive[min=120 max=120] visible[min=2 max=3] full[min=10 max=10] collisionPasses[runs=128 skips=0]
[ENEMY_SEGMENTS] window=2.133s D{b/s=9.84 avgLen=5.11 fail=0} T{b/s=0.00 avgLen=0.00 fail=0} H{b/s=0.00 avgLen=0.00 fail=0} A{b/s=0.00 avgLen=0.00 fail=0}
[ENEMY_GRID] frontal{cand/s=600.0 xcell/s=3.8 ins/s=603.8} separation{cand/s=600.0}
[ENEMY_COLLISION_WINDOW] frontal{pairs/s=0.0 checks/s=0.0 baseSkip=0 kill=0(0.0%)} separation{pairs/s=0.0 resolved/s=0.0(0.0%) baseSkip=0 kill=0 wallBlock=0}
[ENEMY_NAV_CACHE] playerCell{changes=0 flowRebuilds=0} flow{hit=0 miss=0 hit%=0.0} pathFallback{calls=0 ok=0 ok%=0.0}
[ENEMY_SAP] updates=15360 active=1280 pairs=0 repairs{x=1 y=4}
[ENEMY_PAIR_TYPES] frontal DD=0 DT=0 DH=0 DA=0 TT=0 TH=0 TA=0 HH=0 HA=0 AA=0 separation DD=0 DT=0 DH=0 DA=0 TT=0 TH=0 TA=0 HH=0 HA=0 AA=0
[AUDIO_ROUTE_WINDOW] steps=128 events=0 sounds=0 avg(step ev=0.00 snd=0.00) max(step ev=0 snd=0)
  events{shotP=0 shotE=0 dead=0 spawn=0 base=0 wall=0 start=0 playerExpl=0}
  sounds{shotP=0 shotE=0 dead=0 spawn=0 base=0 wall=0 start=0 playerExpl=0}
[MUSIC_PLAYER_WINDOW] label=menu calls=120 activeCalls=0 buffers=0 avg(buf/call=0.00 active=0.00) max(buf/call=0) upload(total=0.00ms avg=0.000ms max=0.000ms slow=0)
[MUSIC_PLAYER_WINDOW] label=gameplay calls=120 activeCalls=120 buffers=8 avg(buf/call=0.07 active=0.07) max(buf/call=1) upload(total=8.69ms avg=1.087ms max=8.625ms slow=1)

[PROFILE] frame=6720 budget=16.667ms alloc(+55/-55, +4376b/-4376b, live=397744b peak=460152b)
  frame.total                      win= 16.877ms avg= 16.877ms p95= 17.356ms max=106.689ms calls(last=  1,win= 120,total=6720) (win 101.3% | avg 101.3% budget)
  frame.cpu_work                   win=  9.777ms avg=  9.777ms p95= 12.764ms max=105.065ms calls(last=  1,win= 120,total=6720) (win 58.7% | avg 58.7% budget)
  frame.present                    win=  7.085ms avg=  7.085ms p95=  9.018ms max= 41.440ms calls(last=  1,win= 120,total=6720) (win 42.5% | avg 42.5% budget)
  frame.render                     win=  5.053ms avg=  5.053ms p95=  5.441ms max= 25.862ms calls(last=  1,win= 120,total=6720) (win 30.3% | avg 30.3% budget)
  frame.fixed_step                 win=  4.080ms avg=  4.182ms p95=  6.542ms max=104.148ms calls(last=  1,win= 123,total=7042) (win 24.5% | avg 25.1% budget)
  game.update                      win=  4.062ms avg=  4.163ms p95=  6.525ms max=104.116ms calls(last=  1,win= 123,total=4290) (win 24.4% | avg 25.0% budget)
  music.fill_buffer                win=  3.986ms avg=  0.266ms p95=  3.936ms max=  7.434ms calls(last=  0,win=   8,total=458) (win 23.9% | avg 1.6% budget)
  system.ai_update                 win=  3.861ms avg=  3.957ms p95=  6.357ms max= 17.853ms calls(last=  1,win= 123,total=4228) (win 23.2% | avg 23.7% budget)
  enemy.update                     win=  3.857ms avg=  3.953ms p95=  6.353ms max= 17.843ms calls(last=  1,win= 123,total=4228) (win 23.1% | avg 23.7% budget)
  frame.render.world               win=  2.425ms avg=  2.425ms p95=  2.680ms max=  9.577ms calls(last=  1,win= 120,total=3967) (win 14.5% | avg 14.5% budget)
  frame.render.world.maze          win=  0.911ms avg=  0.911ms p95=  1.072ms max=  3.160ms calls(last=  1,win= 120,total=3967) (win 5.5% | avg 5.5% budget)
  frame.render.hud                 win=  0.827ms avg=  0.827ms p95=  0.881ms max=  2.480ms calls(last=  1,win= 120,total=3967) (win 5.0% | avg 5.0% budget)
  gameplay.music                   win=  0.487ms avg=  0.487ms p95=  4.005ms max= 26.568ms calls(last=  1,win= 120,total=6720) (win 2.9% | avg 2.9% budget)
  frame.render.world.effects       win=  0.482ms avg=  0.482ms p95=  0.576ms max=  7.183ms calls(last=  1,win= 120,total=3967) (win 2.9% | avg 2.9% budget)
  frame.render.hud.minimap         win=  0.422ms avg=  0.422ms p95=  0.463ms max=  1.297ms calls(last=  1,win= 120,total=3967) (win 2.5% | avg 2.5% budget)
  enemy.physics.frontal_collisions win=  0.396ms avg=  0.406ms p95=  0.464ms max=  1.891ms calls(last=  1,win= 123,total=3564) (win 2.4% | avg 2.4% budget)
  enemy.physics.frontal_grid_build win=  0.307ms avg=  0.314ms p95=  0.352ms max=  1.712ms calls(last=  1,win= 123,total=3564) (win 1.8% | avg 1.9% budget)
  frame.render.world.enemies       win=  0.262ms avg=  0.262ms p95=  0.293ms max=  3.351ms calls(last=  1,win= 120,total=3967) (win 1.6% | avg 1.6% budget)
  menu.music                       win=  0.245ms avg=  0.490ms p95=  4.008ms max= 26.569ms calls(last=  2,win= 240,total=13440) (win 1.5% | avg 2.9% budget)
  frame.render.hud.text            win=  0.218ms avg=  0.218ms p95=  0.251ms max=  0.742ms calls(last=  1,win= 120,total=3967) (win 1.3% | avg 1.3% budget)
  frame.render.world.enemies.draw  win=  0.210ms avg=  0.210ms p95=  0.245ms max=  3.317ms calls(last=  1,win= 120,total=3967) (win 1.3% | avg 1.3% budget)
  enemy.ai.movement                win=  0.113ms avg=  0.571ms p95=  1.047ms max=  5.535ms calls(last=  3,win= 607,total=31299) (win 0.7% | avg 3.4% budget)
  system.spawner_update            win=  0.074ms avg=  0.076ms p95=  0.127ms max=  0.622ms calls(last=  1,win= 123,total=4228) (win 0.4% | avg 0.5% budget)
  enemy.physics.frontal_pair_traverse win=  0.058ms avg=  0.059ms p95=  0.084ms max=  0.266ms calls(last=  1,win= 123,total=3564) (win 0.3% | avg 0.4% budget)
[ENEMY_STATS] frame=6720 alive=120 visible=1 full=3 cheap=117 fullInBase=0 pairs(frontal=0 checks=0 separation=0 resolved=0)
[ENEMY_WINDOW] steps=123 alive[min=120 max=120] visible[min=0 max=2] full[min=3 max=10] collisionPasses[runs=123 skips=0]
[ENEMY_SEGMENTS] window=2.050s D{b/s=13.66 avgLen=4.75 fail=0} T{b/s=0.00 avgLen=0.00 fail=0} H{b/s=0.00 avgLen=0.00 fail=0} A{b/s=0.00 avgLen=0.00 fail=0}
[ENEMY_GRID] frontal{cand/s=292.7 xcell/s=3.4 ins/s=296.1} separation{cand/s=292.7}
[ENEMY_COLLISION_WINDOW] frontal{pairs/s=12.7 checks/s=12.7 baseSkip=0 kill=0(0.0%)} separation{pairs/s=12.7 resolved/s=0.0(0.0%) baseSkip=0 kill=0 wallBlock=0}
[ENEMY_NAV_CACHE] playerCell{changes=0 flowRebuilds=0} flow{hit=0 miss=0 hit%=0.0} pathFallback{calls=0 ok=0 ok%=0.0}
[ENEMY_SAP] updates=14760 active=600 pairs=26 repairs{x=81 y=66}
[ENEMY_PAIR_TYPES] frontal DD=26 DT=0 DH=0 DA=0 TT=0 TH=0 TA=0 HH=0 HA=0 AA=0 separation DD=26 DT=0 DH=0 DA=0 TT=0 TH=0 TA=0 HH=0 HA=0 AA=0
[AUDIO_ROUTE_WINDOW] steps=123 events=2 sounds=2 avg(step ev=0.02 snd=0.02) max(step ev=1 snd=1)
  events{shotP=0 shotE=1 dead=0 spawn=0 base=0 wall=0 start=1 playerExpl=0}
  sounds{shotP=0 shotE=1 dead=0 spawn=0 base=0 wall=0 start=1 playerExpl=0}
[MUSIC_PLAYER_WINDOW] label=menu calls=120 activeCalls=0 buffers=0 avg(buf/call=0.00 active=0.00) max(buf/call=0) upload(total=0.00ms avg=0.000ms max=0.000ms slow=0)
[MUSIC_PLAYER_WINDOW] label=gameplay calls=120 activeCalls=120 buffers=8 avg(buf/call=0.07 active=0.07) max(buf/call=1) upload(total=0.08ms avg=0.010ms max=0.011ms slow=0)

[PROFILE] frame=6840 budget=16.667ms alloc(+37/-37, +2936b/-2936b, live=397792b peak=460152b)
  frame.total                      win= 16.980ms avg= 16.980ms p95= 17.772ms max=106.689ms calls(last=  1,win= 120,total=6840) (win 101.9% | avg 101.9% budget)
  frame.cpu_work                   win=  9.912ms avg=  9.912ms p95= 14.215ms max=105.065ms calls(last=  1,win= 120,total=6840) (win 59.5% | avg 59.5% budget)
  frame.present                    win=  7.052ms avg=  7.052ms p95=  8.948ms max= 41.440ms calls(last=  1,win= 120,total=6840) (win 42.3% | avg 42.3% budget)
  frame.render                     win=  5.082ms avg=  5.082ms p95=  5.428ms max= 25.862ms calls(last=  1,win= 120,total=6840) (win 30.5% | avg 30.5% budget)
  music.fill_buffer                win=  3.977ms avg=  0.265ms p95=  3.942ms max=  7.434ms calls(last=  0,win=   8,total=466) (win 23.9% | avg 1.6% budget)
  frame.fixed_step                 win=  3.829ms avg=  3.925ms p95=  5.844ms max=104.148ms calls(last=  1,win= 123,total=7165) (win 23.0% | avg 23.5% budget)
  game.update                      win=  3.810ms avg=  3.906ms p95=  5.825ms max=104.116ms calls(last=  1,win= 123,total=4413) (win 22.9% | avg 23.4% budget)
  system.ai_update                 win=  3.505ms avg=  3.593ms p95=  5.421ms max= 17.853ms calls(last=  1,win= 123,total=4351) (win 21.0% | avg 21.6% budget)
  enemy.update                     win=  3.502ms avg=  3.589ms p95=  5.418ms max= 17.843ms calls(last=  1,win= 123,total=4351) (win 21.0% | avg 21.5% budget)
  frame.render.world               win=  2.454ms avg=  2.454ms p95=  2.724ms max=  9.577ms calls(last=  1,win= 120,total=4087) (win 14.7% | avg 14.7% budget)
  frame.render.world.maze          win=  0.878ms avg=  0.878ms p95=  0.958ms max=  3.160ms calls(last=  1,win= 120,total=4087) (win 5.3% | avg 5.3% budget)
  gameplay.music                   win=  0.848ms avg=  0.848ms p95=  4.882ms max= 26.568ms calls(last=  1,win= 120,total=6840) (win 5.1% | avg 5.1% budget)
  frame.render.hud                 win=  0.834ms avg=  0.834ms p95=  0.876ms max=  2.480ms calls(last=  1,win= 120,total=4087) (win 5.0% | avg 5.0% budget)
  frame.render.world.effects       win=  0.553ms avg=  0.553ms p95=  0.666ms max=  7.183ms calls(last=  1,win= 120,total=4087) (win 3.3% | avg 3.3% budget)
  menu.music                       win=  0.425ms avg=  0.850ms p95=  4.883ms max= 26.569ms calls(last=  2,win= 240,total=13680) (win 2.6% | avg 5.1% budget)
  frame.render.hud.minimap         win=  0.422ms avg=  0.422ms p95=  0.465ms max=  1.297ms calls(last=  1,win= 120,total=4087) (win 2.5% | avg 2.5% budget)
  enemy.physics.frontal_collisions win=  0.395ms avg=  0.405ms p95=  0.579ms max=  1.891ms calls(last=  1,win= 123,total=3687) (win 2.4% | avg 2.4% budget)
  enemy.physics.frontal_grid_build win=  0.316ms avg=  0.324ms p95=  0.503ms max=  1.712ms calls(last=  1,win= 123,total=3687) (win 1.9% | avg 1.9% budget)
  frame.render.world.enemies       win=  0.250ms avg=  0.250ms p95=  0.291ms max=  3.351ms calls(last=  1,win= 120,total=4087) (win 1.5% | avg 1.5% budget)
  frame.render.hud.text            win=  0.224ms avg=  0.224ms p95=  0.264ms max=  0.742ms calls(last=  1,win= 120,total=4087) (win 1.3% | avg 1.3% budget)
  frame.render.world.enemies.draw  win=  0.201ms avg=  0.201ms p95=  0.237ms max=  3.317ms calls(last=  1,win= 120,total=4087) (win 1.2% | avg 1.2% budget)
  enemy.ai.movement                win=  0.136ms avg=  0.319ms p95=  0.418ms max=  5.535ms calls(last=  2,win= 282,total=31581) (win 0.8% | avg 1.9% budget)
  system.physics_collision         win=  0.108ms avg=  0.111ms p95=  0.143ms max= 14.441ms calls(last=  1,win= 123,total=4351) (win 0.6% | avg 0.7% budget)
  system.spawner_update            win=  0.075ms avg=  0.077ms p95=  0.129ms max=  0.622ms calls(last=  1,win= 123,total=4351) (win 0.5% | avg 0.5% budget)
[ENEMY_STATS] frame=6840 alive=121 visible=0 full=2 cheap=119 fullInBase=0 pairs(frontal=0 checks=0 separation=0 resolved=0)
[ENEMY_WINDOW] steps=123 alive[min=120 max=121] visible[min=0 max=1] full[min=2 max=3] collisionPasses[runs=123 skips=0]
[ENEMY_SEGMENTS] window=2.050s D{b/s=10.24 avgLen=4.79 fail=0} T{b/s=0.00 avgLen=0.00 fail=0} H{b/s=0.00 avgLen=0.00 fail=0} A{b/s=0.00 avgLen=0.00 fail=0}
[ENEMY_GRID] frontal{cand/s=137.1 xcell/s=1.5 ins/s=138.5} separation{cand/s=137.1}
[ENEMY_COLLISION_WINDOW] frontal{pairs/s=0.0 checks/s=0.0 baseSkip=0 kill=0(0.0%)} separation{pairs/s=0.0 resolved/s=0.0(0.0%) baseSkip=0 kill=0 wallBlock=0}
[ENEMY_NAV_CACHE] playerCell{changes=0 flowRebuilds=0} flow{hit=0 miss=0 hit%=0.0} pathFallback{calls=0 ok=0 ok%=0.0}
[ENEMY_SAP] updates=14793 active=281 pairs=0 repairs{x=435 y=436}
[ENEMY_PAIR_TYPES] frontal DD=0 DT=0 DH=0 DA=0 TT=0 TH=0 TA=0 HH=0 HA=0 AA=0 separation DD=0 DT=0 DH=0 DA=0 TT=0 TH=0 TA=0 HH=0 HA=0 AA=0
[AUDIO_ROUTE_WINDOW] steps=123 events=7 sounds=5 avg(step ev=0.06 snd=0.04) max(step ev=1 snd=1)
  events{shotP=4 shotE=0 dead=1 spawn=2 base=0 wall=0 start=0 playerExpl=0}
  sounds{shotP=4 shotE=0 dead=1 spawn=0 base=0 wall=0 start=0 playerExpl=0}
[MUSIC_PLAYER_WINDOW] label=menu calls=120 activeCalls=0 buffers=0 avg(buf/call=0.00 active=0.00) max(buf/call=0) upload(total=0.00ms avg=0.000ms max=0.000ms slow=0)
[MUSIC_PLAYER_WINDOW] label=gameplay calls=120 activeCalls=120 buffers=8 avg(buf/call=0.07 active=0.07) max(buf/call=1) upload(total=0.09ms avg=0.011ms max=0.017ms slow=0)

[PROFILE] frame=6960 budget=16.667ms alloc(+55/-55, +4376b/-4376b, live=397808b peak=460152b)
  frame.total                      win= 16.864ms avg= 16.864ms p95= 17.353ms max=106.689ms calls(last=  1,win= 120,total=6960) (win 101.2% | avg 101.2% budget)
  frame.cpu_work                   win=  9.969ms avg=  9.969ms p95= 13.335ms max=105.065ms calls(last=  1,win= 120,total=6960) (win 59.8% | avg 59.8% budget)
  frame.present                    win=  6.881ms avg=  6.881ms p95=  8.868ms max= 41.440ms calls(last=  1,win= 120,total=6960) (win 41.3% | avg 41.3% budget)
  frame.render                     win=  5.137ms avg=  5.137ms p95=  5.407ms max= 25.862ms calls(last=  1,win= 120,total=6960) (win 30.8% | avg 30.8% budget)
  music.fill_buffer                win=  4.030ms avg=  0.269ms p95=  3.957ms max=  7.434ms calls(last=  0,win=   8,total=474) (win 24.2% | avg 1.6% budget)
  frame.fixed_step                 win=  3.856ms avg=  3.953ms p95=  5.547ms max=104.148ms calls(last=  1,win= 123,total=7288) (win 23.1% | avg 23.7% budget)
  game.update                      win=  3.838ms avg=  3.934ms p95=  5.528ms max=104.116ms calls(last=  1,win= 123,total=4536) (win 23.0% | avg 23.6% budget)
  system.ai_update                 win=  3.572ms avg=  3.661ms p95=  5.060ms max= 17.853ms calls(last=  1,win= 123,total=4474) (win 21.4% | avg 22.0% budget)
  enemy.update                     win=  3.568ms avg=  3.657ms p95=  5.055ms max= 17.843ms calls(last=  1,win= 123,total=4474) (win 21.4% | avg 21.9% budget)
  frame.render.world               win=  2.509ms avg=  2.509ms p95=  2.747ms max=  9.577ms calls(last=  1,win= 120,total=4207) (win 15.1% | avg 15.1% budget)
  frame.render.world.maze          win=  1.005ms avg=  1.005ms p95=  1.086ms max=  3.160ms calls(last=  1,win= 120,total=4207) (win 6.0% | avg 6.0% budget)
  frame.render.hud                 win=  0.830ms avg=  0.830ms p95=  0.873ms max=  2.480ms calls(last=  1,win= 120,total=4207) (win 5.0% | avg 5.0% budget)
  gameplay.music                   win=  0.824ms avg=  0.824ms p95=  4.072ms max= 26.568ms calls(last=  1,win= 120,total=6960) (win 4.9% | avg 4.9% budget)
  frame.render.world.effects       win=  0.491ms avg=  0.491ms p95=  0.576ms max=  7.183ms calls(last=  1,win= 120,total=4207) (win 2.9% | avg 2.9% budget)
  frame.render.hud.minimap         win=  0.419ms avg=  0.419ms p95=  0.463ms max=  1.297ms calls(last=  1,win= 120,total=4207) (win 2.5% | avg 2.5% budget)
  menu.music                       win=  0.413ms avg=  0.827ms p95=  4.075ms max= 26.569ms calls(last=  2,win= 240,total=13920) (win 2.5% | avg 5.0% budget)
  enemy.physics.frontal_collisions win=  0.392ms avg=  0.401ms p95=  0.517ms max=  1.891ms calls(last=  1,win= 123,total=3810) (win 2.3% | avg 2.4% budget)
  enemy.physics.frontal_grid_build win=  0.312ms avg=  0.320ms p95=  0.420ms max=  1.712ms calls(last=  1,win= 123,total=3810) (win 1.9% | avg 1.9% budget)
  frame.render.world.enemies       win=  0.228ms avg=  0.228ms p95=  0.248ms max=  3.351ms calls(last=  1,win= 120,total=4207) (win 1.4% | avg 1.4% budget)
  frame.render.hud.text            win=  0.224ms avg=  0.224ms p95=  0.260ms max=  0.742ms calls(last=  1,win= 120,total=4207) (win 1.3% | avg 1.3% budget)
  frame.render.world.enemies.draw  win=  0.179ms avg=  0.179ms p95=  0.196ms max=  3.317ms calls(last=  1,win= 120,total=4207) (win 1.1% | avg 1.1% budget)
  enemy.ai.movement                win=  0.139ms avg=  0.323ms p95=  0.445ms max=  5.535ms calls(last=  3,win= 278,total=31859) (win 0.8% | avg 1.9% budget)
  system.spawner_update            win=  0.073ms avg=  0.075ms p95=  0.101ms max=  0.622ms calls(last=  1,win= 123,total=4474) (win 0.4% | avg 0.5% budget)
  system.physics_collision         win=  0.058ms avg=  0.059ms p95=  0.124ms max= 14.441ms calls(last=  1,win= 123,total=4474) (win 0.3% | avg 0.4% budget)
[ENEMY_STATS] frame=6960 alive=122 visible=0 full=3 cheap=119 fullInBase=0 pairs(frontal=0 checks=0 separation=0 resolved=0)
[ENEMY_WINDOW] steps=123 alive[min=121 max=122] visible[min=0 max=0] full[min=2 max=3] collisionPasses[runs=123 skips=0]
[ENEMY_SEGMENTS] window=2.050s D{b/s=15.12 avgLen=4.89 fail=0} T{b/s=0.00 avgLen=0.00 fail=0} H{b/s=0.00 avgLen=0.00 fail=0} A{b/s=0.00 avgLen=0.00 fail=0}
[ENEMY_GRID] frontal{cand/s=136.1 xcell/s=1.5 ins/s=137.6} separation{cand/s=136.1}
[ENEMY_COLLISION_WINDOW] frontal{pairs/s=0.0 checks/s=0.0 baseSkip=0 kill=0(0.0%)} separation{pairs/s=0.0 resolved/s=0.0(0.0%) baseSkip=0 kill=0 wallBlock=0}
[ENEMY_NAV_CACHE] playerCell{changes=0 flowRebuilds=0} flow{hit=0 miss=0 hit%=0.0} pathFallback{calls=0 ok=0 ok%=0.0}
[ENEMY_SAP] updates=14934 active=279 pairs=0 repairs{x=241 y=241}
[ENEMY_PAIR_TYPES] frontal DD=0 DT=0 DH=0 DA=0 TT=0 TH=0 TA=0 HH=0 HA=0 AA=0 separation DD=0 DT=0 DH=0 DA=0 TT=0 TH=0 TA=0 HH=0 HA=0 AA=0
[AUDIO_ROUTE_WINDOW] steps=123 events=4 sounds=3 avg(step ev=0.03 snd=0.02) max(step ev=1 snd=1)
  events{shotP=0 shotE=0 dead=0 spawn=1 base=0 wall=3 start=0 playerExpl=0}
  sounds{shotP=0 shotE=0 dead=0 spawn=0 base=0 wall=3 start=0 playerExpl=0}
[MUSIC_PLAYER_WINDOW] label=menu calls=120 activeCalls=0 buffers=0 avg(buf/call=0.00 active=0.00) max(buf/call=0) upload(total=0.00ms avg=0.000ms max=0.000ms slow=0)
[MUSIC_PLAYER_WINDOW] label=gameplay calls=120 activeCalls=120 buffers=8 avg(buf/call=0.07 active=0.07) max(buf/call=1) upload(total=0.08ms avg=0.009ms max=0.010ms slow=0)

[PROFILE] frame=7080 budget=16.667ms alloc(+145/-145, +11576b/-11576b, live=397920b peak=460152b)
  frame.total                      win= 16.861ms avg= 16.861ms p95= 17.291ms max=106.689ms calls(last=  1,win= 120,total=7080) (win 101.2% | avg 101.2% budget)
  frame.cpu_work                   win=  9.687ms avg=  9.687ms p95= 12.436ms max=105.065ms calls(last=  1,win= 120,total=7080) (win 58.1% | avg 58.1% budget)
  frame.present                    win=  7.159ms avg=  7.159ms p95=  8.697ms max= 41.440ms calls(last=  1,win= 120,total=7080) (win 43.0% | avg 43.0% budget)
  frame.render                     win=  5.021ms avg=  5.021ms p95=  5.377ms max= 25.862ms calls(last=  1,win= 120,total=7080) (win 30.1% | avg 30.1% budget)
  frame.fixed_step                 win=  4.155ms avg=  4.224ms p95=  6.093ms max=104.148ms calls(last=  1,win= 122,total=7410) (win 24.9% | avg 25.3% budget)
  game.update                      win=  4.136ms avg=  4.205ms p95=  6.074ms max=104.116ms calls(last=  1,win= 122,total=4658) (win 24.8% | avg 25.2% budget)
  music.fill_buffer                win=  4.070ms avg=  0.271ms p95=  3.983ms max=  7.434ms calls(last=  0,win=   8,total=482) (win 24.4% | avg 1.6% budget)
  system.ai_update                 win=  3.905ms avg=  3.970ms p95=  5.851ms max= 17.853ms calls(last=  1,win= 122,total=4596) (win 23.4% | avg 23.8% budget)
  enemy.update                     win=  3.901ms avg=  3.966ms p95=  5.847ms max= 17.843ms calls(last=  1,win= 122,total=4596) (win 23.4% | avg 23.8% budget)
  frame.render.world               win=  2.395ms avg=  2.395ms p95=  2.691ms max=  9.577ms calls(last=  1,win= 120,total=4327) (win 14.4% | avg 14.4% budget)
  frame.render.world.maze          win=  0.933ms avg=  0.933ms p95=  1.018ms max=  3.160ms calls(last=  1,win= 120,total=4327) (win 5.6% | avg 5.6% budget)
  frame.render.hud                 win=  0.834ms avg=  0.834ms p95=  0.923ms max=  2.480ms calls(last=  1,win= 120,total=4327) (win 5.0% | avg 5.0% budget)
  frame.render.world.effects       win=  0.464ms avg=  0.464ms p95=  0.594ms max=  7.183ms calls(last=  1,win= 120,total=4327) (win 2.8% | avg 2.8% budget)
  frame.render.hud.minimap         win=  0.424ms avg=  0.424ms p95=  0.464ms max=  1.297ms calls(last=  1,win= 120,total=4327) (win 2.5% | avg 2.5% budget)
  enemy.physics.frontal_collisions win=  0.405ms avg=  0.411ms p95=  0.553ms max=  1.891ms calls(last=  1,win= 122,total=3932) (win 2.4% | avg 2.5% budget)
  gameplay.music                   win=  0.386ms avg=  0.386ms p95=  4.005ms max= 26.568ms calls(last=  1,win= 120,total=7080) (win 2.3% | avg 2.3% budget)
  enemy.physics.frontal_grid_build win=  0.324ms avg=  0.329ms p95=  0.471ms max=  1.712ms calls(last=  1,win= 122,total=3932) (win 1.9% | avg 2.0% budget)
  frame.render.world.enemies       win=  0.235ms avg=  0.235ms p95=  0.283ms max=  3.351ms calls(last=  1,win= 120,total=4327) (win 1.4% | avg 1.4% budget)
  frame.render.hud.text            win=  0.224ms avg=  0.224ms p95=  0.238ms max=  0.742ms calls(last=  1,win= 120,total=4327) (win 1.3% | avg 1.3% budget)
  menu.music                       win=  0.195ms avg=  0.389ms p95=  4.006ms max= 26.569ms calls(last=  2,win= 240,total=14160) (win 1.2% | avg 2.3% budget)
  frame.render.world.enemies.draw  win=  0.186ms avg=  0.186ms p95=  0.234ms max=  3.317ms calls(last=  1,win= 120,total=4327) (win 1.1% | avg 1.1% budget)
  enemy.ai.movement                win=  0.119ms avg=  0.540ms p95=  0.820ms max=  5.535ms calls(last=  8,win= 544,total=32403) (win 0.7% | avg 3.2% budget)
  system.spawner_update            win=  0.074ms avg=  0.076ms p95=  0.093ms max=  0.622ms calls(last=  1,win= 122,total=4596) (win 0.4% | avg 0.5% budget)
  enemy.physics.frontal_pair_traverse win=  0.050ms avg=  0.051ms p95=  0.052ms max=  0.266ms calls(last=  1,win= 122,total=3932) (win 0.3% | avg 0.3% budget)
[ENEMY_STATS] frame=7080 alive=123 visible=0 full=8 cheap=115 fullInBase=1 pairs(frontal=0 checks=0 separation=0 resolved=0)
[ENEMY_WINDOW] steps=122 alive[min=122 max=123] visible[min=0 max=0] full[min=3 max=8] collisionPasses[runs=122 skips=0]
[ENEMY_SEGMENTS] window=2.033s D{b/s=14.75 avgLen=5.03 fail=0} T{b/s=0.00 avgLen=0.00 fail=0} H{b/s=0.00 avgLen=0.00 fail=0} A{b/s=0.00 avgLen=0.00 fail=0}
[ENEMY_GRID] frontal{cand/s=270.0 xcell/s=1.0 ins/s=271.0} separation{cand/s=270.0}
[ENEMY_COLLISION_WINDOW] frontal{pairs/s=0.0 checks/s=0.0 baseSkip=0 kill=0(0.0%)} separation{pairs/s=0.0 resolved/s=0.0(0.0%) baseSkip=0 kill=0 wallBlock=0}
[ENEMY_NAV_CACHE] playerCell{changes=0 flowRebuilds=0} flow{hit=0 miss=0 hit%=0.0} pathFallback{calls=0 ok=0 ok%=0.0}
[ENEMY_SAP] updates=14945 active=549 pairs=0 repairs{x=864 y=860}
[ENEMY_PAIR_TYPES] frontal DD=0 DT=0 DH=0 DA=0 TT=0 TH=0 TA=0 HH=0 HA=0 AA=0 separation DD=0 DT=0 DH=0 DA=0 TT=0 TH=0 TA=0 HH=0 HA=0 AA=0
[AUDIO_ROUTE_WINDOW] steps=122 events=1 sounds=0 avg(step ev=0.01 snd=0.00) max(step ev=1 snd=0)
  events{shotP=0 shotE=0 dead=0 spawn=1 base=0 wall=0 start=0 playerExpl=0}
  sounds{shotP=0 shotE=0 dead=0 spawn=0 base=0 wall=0 start=0 playerExpl=0}
[MUSIC_PLAYER_WINDOW] label=menu calls=120 activeCalls=0 buffers=0 avg(buf/call=0.00 active=0.00) max(buf/call=0) upload(total=0.00ms avg=0.000ms max=0.000ms slow=0)
[MUSIC_PLAYER_WINDOW] label=gameplay calls=120 activeCalls=120 buffers=8 avg(buf/call=0.07 active=0.07) max(buf/call=1) upload(total=0.08ms avg=0.010ms max=0.012ms slow=0)

[PROFILE] frame=7200 budget=16.667ms alloc(+145/-145, +11432b/-11432b, live=397920b peak=460152b)
  frame.total                      win= 16.887ms avg= 16.887ms p95= 17.372ms max=106.689ms calls(last=  1,win= 120,total=7200) (win 101.3% | avg 101.3% budget)
  frame.cpu_work                   win= 10.534ms avg= 10.534ms p95= 13.529ms max=105.065ms calls(last=  1,win= 120,total=7200) (win 63.2% | avg 63.2% budget)
  frame.present                    win=  6.339ms avg=  6.339ms p95=  8.170ms max= 41.440ms calls(last=  1,win= 120,total=7200) (win 38.0% | avg 38.0% budget)
  frame.render                     win=  5.084ms avg=  5.084ms p95=  5.464ms max= 25.862ms calls(last=  1,win= 120,total=7200) (win 30.5% | avg 30.5% budget)
  frame.fixed_step                 win=  4.858ms avg=  4.979ms p95=  6.656ms max=104.148ms calls(last=  1,win= 123,total=7533) (win 29.1% | avg 29.9% budget)
  game.update                      win=  4.839ms avg=  4.960ms p95=  6.637ms max=104.116ms calls(last=  1,win= 123,total=4781) (win 29.0% | avg 29.8% budget)
  system.ai_update                 win=  4.604ms avg=  4.720ms p95=  6.409ms max= 17.853ms calls(last=  1,win= 123,total=4719) (win 27.6% | avg 28.3% budget)
  enemy.update                     win=  4.601ms avg=  4.716ms p95=  6.405ms max= 17.843ms calls(last=  1,win= 123,total=4719) (win 27.6% | avg 28.3% budget)
  music.fill_buffer                win=  4.065ms avg=  0.271ms p95=  4.009ms max=  7.434ms calls(last=  0,win=   8,total=490) (win 24.4% | avg 1.6% budget)
  frame.render.world               win=  2.462ms avg=  2.462ms p95=  2.786ms max=  9.577ms calls(last=  1,win= 120,total=4447) (win 14.8% | avg 14.8% budget)
  frame.render.world.maze          win=  0.988ms avg=  0.988ms p95=  1.093ms max=  3.160ms calls(last=  1,win= 120,total=4447) (win 5.9% | avg 5.9% budget)
  frame.render.hud                 win=  0.830ms avg=  0.830ms p95=  0.887ms max=  2.480ms calls(last=  1,win= 120,total=4447) (win 5.0% | avg 5.0% budget)
  frame.render.world.effects       win=  0.461ms avg=  0.461ms p95=  0.535ms max=  7.183ms calls(last=  1,win= 120,total=4447) (win 2.8% | avg 2.8% budget)
  enemy.physics.frontal_collisions win=  0.418ms avg=  0.428ms p95=  0.531ms max=  1.891ms calls(last=  1,win= 123,total=4055) (win 2.5% | avg 2.6% budget)
  frame.render.hud.minimap         win=  0.417ms avg=  0.417ms p95=  0.461ms max=  1.297ms calls(last=  1,win= 120,total=4447) (win 2.5% | avg 2.5% budget)
  gameplay.music                   win=  0.415ms avg=  0.415ms p95=  4.035ms max= 26.568ms calls(last=  1,win= 120,total=7200) (win 2.5% | avg 2.5% budget)
  enemy.physics.frontal_grid_build win=  0.321ms avg=  0.329ms p95=  0.399ms max=  1.712ms calls(last=  1,win= 123,total=4055) (win 1.9% | avg 2.0% budget)
  frame.render.world.enemies       win=  0.252ms avg=  0.252ms p95=  0.306ms max=  3.351ms calls(last=  1,win= 120,total=4447) (win 1.5% | avg 1.5% budget)
  frame.render.hud.text            win=  0.226ms avg=  0.226ms p95=  0.270ms max=  0.742ms calls(last=  1,win= 120,total=4447) (win 1.4% | avg 1.4% budget)
  menu.music                       win=  0.209ms avg=  0.417ms p95=  4.036ms max= 26.569ms calls(last=  2,win= 240,total=14400) (win 1.3% | avg 2.5% budget)
  frame.render.world.enemies.draw  win=  0.201ms avg=  0.201ms p95=  0.254ms max=  3.317ms calls(last=  1,win= 120,total=4447) (win 1.2% | avg 1.2% budget)
  enemy.ai.movement                win=  0.112ms avg=  0.978ms p95=  1.135ms max=  5.535ms calls(last=  9,win=1047,total=33450) (win 0.7% | avg 5.9% budget)
  system.spawner_update            win=  0.074ms avg=  0.076ms p95=  0.093ms max=  0.622ms calls(last=  1,win= 123,total=4719) (win 0.4% | avg 0.5% budget)
  enemy.physics.frontal_pair_traverse win=  0.060ms avg=  0.062ms p95=  0.098ms max=  0.374ms calls(last=  1,win= 123,total=4055) (win 0.4% | avg 0.4% budget)
[ENEMY_STATS] frame=7200 alive=123 visible=0 full=9 cheap=114 fullInBase=0 pairs(frontal=2 checks=2 separation=2 resolved=0)
[ENEMY_WINDOW] steps=123 alive[min=122 max=123] visible[min=0 max=1] full[min=8 max=9] collisionPasses[runs=123 skips=0]
[ENEMY_SEGMENTS] window=2.050s D{b/s=8.78 avgLen=4.42 fail=0} T{b/s=0.00 avgLen=0.00 fail=0} H{b/s=0.00 avgLen=0.00 fail=0} A{b/s=0.00 avgLen=0.00 fail=0}
[ENEMY_GRID] frontal{cand/s=510.7 xcell/s=2.0 ins/s=512.7} separation{cand/s=510.7}
[ENEMY_COLLISION_WINDOW] frontal{pairs/s=13.2 checks/s=13.2 baseSkip=0 kill=0(0.0%)} separation{pairs/s=13.2 resolved/s=0.0(0.0%) baseSkip=0 kill=0 wallBlock=0}
[ENEMY_NAV_CACHE] playerCell{changes=0 flowRebuilds=0} flow{hit=0 miss=0 hit%=0.0} pathFallback{calls=0 ok=0 ok%=0.0}
[ENEMY_SAP] updates=15129 active=1047 pairs=27 repairs{x=601 y=598}
[ENEMY_PAIR_TYPES] frontal DD=27 DT=0 DH=0 DA=0 TT=0 TH=0 TA=0 HH=0 HA=0 AA=0 separation DD=27 DT=0 DH=0 DA=0 TT=0 TH=0 TA=0 HH=0 HA=0 AA=0
[AUDIO_ROUTE_WINDOW] steps=123 events=2 sounds=1 avg(step ev=0.02 snd=0.01) max(step ev=2 snd=1)
  events{shotP=0 shotE=0 dead=1 spawn=1 base=0 wall=0 start=0 playerExpl=0}
  sounds{shotP=0 shotE=0 dead=1 spawn=0 base=0 wall=0 start=0 playerExpl=0}
[MUSIC_PLAYER_WINDOW] label=menu calls=120 activeCalls=0 buffers=0 avg(buf/call=0.00 active=0.00) max(buf/call=0) upload(total=0.00ms avg=0.000ms max=0.000ms slow=0)
[MUSIC_PLAYER_WINDOW] label=gameplay calls=120 activeCalls=120 buffers=8 avg(buf/call=0.07 active=0.07) max(buf/call=1) upload(total=0.08ms avg=0.010ms max=0.012ms slow=0)

[PROFILE] frame=7320 budget=16.667ms alloc(+109/-109, +8552b/-8552b, live=397920b peak=460152b)
  frame.total                      win= 16.889ms avg= 16.889ms p95= 17.416ms max=106.689ms calls(last=  1,win= 120,total=7320) (win 101.3% | avg 101.3% budget)
  frame.cpu_work                   win= 10.257ms avg= 10.257ms p95= 13.140ms max=105.065ms calls(last=  1,win= 120,total=7320) (win 61.5% | avg 61.5% budget)
  frame.present                    win=  6.618ms avg=  6.618ms p95=  8.436ms max= 41.440ms calls(last=  1,win= 120,total=7320) (win 39.7% | avg 39.7% budget)
  frame.render                     win=  5.051ms avg=  5.051ms p95=  5.369ms max= 25.862ms calls(last=  1,win= 120,total=7320) (win 30.3% | avg 30.3% budget)
  frame.fixed_step                 win=  4.695ms avg=  4.812ms p95=  6.449ms max=104.148ms calls(last=  1,win= 123,total=7656) (win 28.2% | avg 28.9% budget)
  game.update                      win=  4.676ms avg=  4.793ms p95=  6.432ms max=104.116ms calls(last=  1,win= 123,total=4904) (win 28.1% | avg 28.8% budget)
  system.ai_update                 win=  4.447ms avg=  4.558ms p95=  6.200ms max= 17.853ms calls(last=  1,win= 123,total=4842) (win 26.7% | avg 27.3% budget)
  enemy.update                     win=  4.443ms avg=  4.554ms p95=  6.195ms max= 17.843ms calls(last=  1,win= 123,total=4842) (win 26.7% | avg 27.3% budget)
  music.fill_buffer                win=  4.015ms avg=  0.268ms p95=  3.984ms max=  7.434ms calls(last=  0,win=   8,total=498) (win 24.1% | avg 1.6% budget)
  frame.render.world               win=  2.410ms avg=  2.410ms p95=  2.698ms max=  9.577ms calls(last=  1,win= 120,total=4567) (win 14.5% | avg 14.5% budget)
  frame.render.world.maze          win=  0.947ms avg=  0.947ms p95=  1.045ms max=  3.160ms calls(last=  1,win= 120,total=4567) (win 5.7% | avg 5.7% budget)
  frame.render.hud                 win=  0.834ms avg=  0.834ms p95=  0.906ms max=  2.480ms calls(last=  1,win= 120,total=4567) (win 5.0% | avg 5.0% budget)
  frame.render.world.effects       win=  0.460ms avg=  0.460ms p95=  0.530ms max=  7.183ms calls(last=  1,win= 120,total=4567) (win 2.8% | avg 2.8% budget)
  frame.render.hud.minimap         win=  0.423ms avg=  0.423ms p95=  0.478ms max=  1.297ms calls(last=  1,win= 120,total=4567) (win 2.5% | avg 2.5% budget)
  enemy.physics.frontal_collisions win=  0.410ms avg=  0.420ms p95=  0.481ms max=  1.891ms calls(last=  1,win= 123,total=4178) (win 2.5% | avg 2.5% budget)
  gameplay.music                   win=  0.339ms avg=  0.339ms p95=  4.007ms max= 26.568ms calls(last=  1,win= 120,total=7320) (win 2.0% | avg 2.0% budget)
  enemy.physics.frontal_grid_build win=  0.315ms avg=  0.323ms p95=  0.374ms max=  1.712ms calls(last=  1,win= 123,total=4178) (win 1.9% | avg 1.9% budget)
  frame.render.world.enemies       win=  0.246ms avg=  0.246ms p95=  0.300ms max=  3.351ms calls(last=  1,win= 120,total=4567) (win 1.5% | avg 1.5% budget)
  frame.render.hud.text            win=  0.223ms avg=  0.223ms p95=  0.240ms max=  0.742ms calls(last=  1,win= 120,total=4567) (win 1.3% | avg 1.3% budget)
  frame.render.world.enemies.draw  win=  0.196ms avg=  0.196ms p95=  0.250ms max=  3.317ms calls(last=  1,win= 120,total=4567) (win 1.2% | avg 1.2% budget)
  menu.music                       win=  0.171ms avg=  0.341ms p95=  4.009ms max= 26.569ms calls(last=  2,win= 240,total=14640) (win 1.0% | avg 2.0% budget)
  enemy.ai.movement                win=  0.100ms avg=  0.857ms p95=  0.986ms max=  5.535ms calls(last=  7,win=1024,total=34474) (win 0.6% | avg 5.1% budget)
  system.spawner_update            win=  0.071ms avg=  0.072ms p95=  0.075ms max=  0.622ms calls(last=  1,win= 123,total=4842) (win 0.4% | avg 0.4% budget)
  enemy.physics.frontal_pair_traverse win=  0.061ms avg=  0.062ms p95=  0.097ms max=  0.374ms calls(last=  1,win= 123,total=4178) (win 0.4% | avg 0.4% budget)
[ENEMY_STATS] frame=7320 alive=123 visible=1 full=7 cheap=116 fullInBase=0 pairs(frontal=0 checks=0 separation=0 resolved=0)
[ENEMY_WINDOW] steps=123 alive[min=123 max=123] visible[min=0 max=1] full[min=7 max=9] collisionPasses[runs=123 skips=0]
[ENEMY_SEGMENTS] window=2.050s D{b/s=10.73 avgLen=5.65 fail=0} T{b/s=0.00 avgLen=0.00 fail=0} H{b/s=0.00 avgLen=0.00 fail=0} A{b/s=0.00 avgLen=0.00 fail=0}
[ENEMY_GRID] frontal{cand/s=498.5 xcell/s=1.5 ins/s=500.0} separation{cand/s=498.5}
[ENEMY_COLLISION_WINDOW] frontal{pairs/s=11.2 checks/s=11.2 baseSkip=0 kill=0(0.0%)} separation{pairs/s=11.2 resolved/s=0.0(0.0%) baseSkip=0 kill=0 wallBlock=0}
[ENEMY_NAV_CACHE] playerCell{changes=0 flowRebuilds=0} flow{hit=0 miss=0 hit%=0.0} pathFallback{calls=0 ok=0 ok%=0.0}
[ENEMY_SAP] updates=15129 active=1022 pairs=23 repairs{x=120 y=109}
[ENEMY_PAIR_TYPES] frontal DD=23 DT=0 DH=0 DA=0 TT=0 TH=0 TA=0 HH=0 HA=0 AA=0 separation DD=23 DT=0 DH=0 DA=0 TT=0 TH=0 TA=0 HH=0 HA=0 AA=0
[AUDIO_ROUTE_WINDOW] steps=123 events=0 sounds=0 avg(step ev=0.00 snd=0.00) max(step ev=0 snd=0)
  events{shotP=0 shotE=0 dead=0 spawn=0 base=0 wall=0 start=0 playerExpl=0}
  sounds{shotP=0 shotE=0 dead=0 spawn=0 base=0 wall=0 start=0 playerExpl=0}
[MUSIC_PLAYER_WINDOW] label=menu calls=120 activeCalls=0 buffers=0 avg(buf/call=0.00 active=0.00) max(buf/call=0) upload(total=0.00ms avg=0.000ms max=0.000ms slow=0)
[MUSIC_PLAYER_WINDOW] label=gameplay calls=120 activeCalls=120 buffers=8 avg(buf/call=0.07 active=0.07) max(buf/call=1) upload(total=0.08ms avg=0.009ms max=0.010ms slow=0)

[PROFILE] frame=7440 budget=16.667ms alloc(+82/-82, +6464b/-6464b, live=397920b peak=460152b)
  frame.total                      win= 16.995ms avg= 16.995ms p95= 17.942ms max=106.689ms calls(last=  1,win= 120,total=7440) (win 102.0% | avg 102.0% budget)
  frame.cpu_work                   win= 10.754ms avg= 10.754ms p95= 15.285ms max=105.065ms calls(last=  1,win= 120,total=7440) (win 64.5% | avg 64.5% budget)
  frame.present                    win=  6.227ms avg=  6.227ms p95=  8.381ms max= 41.440ms calls(last=  1,win= 120,total=7440) (win 37.4% | avg 37.4% budget)
  frame.render                     win=  5.090ms avg=  5.090ms p95=  5.416ms max= 25.862ms calls(last=  1,win= 120,total=7440) (win 30.5% | avg 30.5% budget)
  frame.fixed_step                 win=  4.474ms avg=  4.586ms p95=  6.063ms max=104.148ms calls(last=  1,win= 123,total=7779) (win 26.8% | avg 27.5% budget)
  game.update                      win=  4.439ms avg=  4.550ms p95=  5.955ms max=104.116ms calls(last=  1,win= 123,total=5027) (win 26.6% | avg 27.3% budget)
  system.ai_update                 win=  4.143ms avg=  4.246ms p95=  5.629ms max= 17.853ms calls(last=  1,win= 123,total=4965) (win 24.9% | avg 25.5% budget)
  enemy.update                     win=  4.139ms avg=  4.242ms p95=  5.625ms max= 17.843ms calls(last=  1,win= 123,total=4965) (win 24.8% | avg 25.5% budget)
  music.fill_buffer                win=  4.035ms avg=  0.269ms p95=  3.986ms max=  7.434ms calls(last=  0,win=   8,total=506) (win 24.2% | avg 1.6% budget)
  frame.render.world               win=  2.438ms avg=  2.438ms p95=  2.696ms max=  9.577ms calls(last=  1,win= 120,total=4687) (win 14.6% | avg 14.6% budget)
  gameplay.music                   win=  1.022ms avg=  1.022ms p95=  5.061ms max= 26.568ms calls(last=  1,win= 120,total=7440) (win 6.1% | avg 6.1% budget)
  frame.render.world.maze          win=  0.876ms avg=  0.876ms p95=  0.985ms max=  3.160ms calls(last=  1,win= 120,total=4687) (win 5.3% | avg 5.3% budget)
  frame.render.hud                 win=  0.828ms avg=  0.828ms p95=  0.899ms max=  2.480ms calls(last=  1,win= 120,total=4687) (win 5.0% | avg 5.0% budget)
  frame.render.world.effects       win=  0.530ms avg=  0.530ms p95=  0.624ms max=  7.183ms calls(last=  1,win= 120,total=4687) (win 3.2% | avg 3.2% budget)
  menu.music                       win=  0.512ms avg=  1.023ms p95=  5.059ms max= 26.569ms calls(last=  2,win= 240,total=14880) (win 3.1% | avg 6.1% budget)
  frame.render.hud.minimap         win=  0.420ms avg=  0.420ms p95=  0.466ms max=  1.297ms calls(last=  1,win= 120,total=4687) (win 2.5% | avg 2.5% budget)
  enemy.physics.frontal_collisions win=  0.406ms avg=  0.416ms p95=  0.435ms max=  1.891ms calls(last=  1,win= 123,total=4301) (win 2.4% | avg 2.5% budget)
  enemy.physics.frontal_grid_build win=  0.317ms avg=  0.325ms p95=  0.342ms max=  1.712ms calls(last=  1,win= 123,total=4301) (win 1.9% | avg 2.0% budget)
  frame.render.world.enemies       win=  0.284ms avg=  0.284ms p95=  0.328ms max=  3.351ms calls(last=  1,win= 120,total=4687) (win 1.7% | avg 1.7% budget)
  frame.render.world.enemies.draw  win=  0.234ms avg=  0.234ms p95=  0.276ms max=  3.317ms calls(last=  1,win= 120,total=4687) (win 1.4% | avg 1.4% budget)
  frame.render.hud.text            win=  0.225ms avg=  0.225ms p95=  0.265ms max=  0.742ms calls(last=  1,win= 120,total=4687) (win 1.4% | avg 1.4% budget)
  enemy.ai.movement                win=  0.103ms avg=  0.707ms p95=  0.891ms max=  5.535ms calls(last=  5,win= 826,total=35300) (win 0.6% | avg 4.2% budget)
  system.physics_collision         win=  0.080ms avg=  0.082ms p95=  0.133ms max= 14.441ms calls(last=  1,win= 123,total=4965) (win 0.5% | avg 0.5% budget)
  system.spawner_update            win=  0.072ms avg=  0.074ms p95=  0.090ms max=  0.622ms calls(last=  1,win= 123,total=4965) (win 0.4% | avg 0.4% budget)
[ENEMY_STATS] frame=7440 alive=122 visible=0 full=5 cheap=117 fullInBase=0 pairs(frontal=0 checks=0 separation=0 resolved=0)
[ENEMY_WINDOW] steps=123 alive[min=122 max=123] visible[min=0 max=1] full[min=5 max=8] collisionPasses[runs=123 skips=0]
[ENEMY_SEGMENTS] window=2.050s D{b/s=15.12 avgLen=4.84 fail=0} T{b/s=0.00 avgLen=0.00 fail=0} H{b/s=0.00 avgLen=0.00 fail=0} A{b/s=0.00 avgLen=0.00 fail=0}
[ENEMY_GRID] frontal{cand/s=402.0 xcell/s=2.0 ins/s=403.9} separation{cand/s=402.0}
[ENEMY_COLLISION_WINDOW] frontal{pairs/s=4.4 checks/s=4.4 baseSkip=0 kill=0(0.0%)} separation{pairs/s=4.4 resolved/s=0.0(0.0%) baseSkip=0 kill=0 wallBlock=0}
[ENEMY_NAV_CACHE] playerCell{changes=0 flowRebuilds=0} flow{hit=0 miss=0 hit%=0.0} pathFallback{calls=0 ok=0 ok%=0.0}
[ENEMY_SAP] updates=15111 active=824 pairs=9 repairs{x=457 y=442}
[ENEMY_PAIR_TYPES] frontal DD=0 DT=0 DH=0 DA=0 TT=9 TH=0 TA=0 HH=0 HA=0 AA=0 separation DD=0 DT=0 DH=0 DA=0 TT=9 TH=0 TA=0 HH=0 HA=0 AA=0
[AUDIO_ROUTE_WINDOW] steps=123 events=12 sounds=12 avg(step ev=0.10 snd=0.10) max(step ev=2 snd=2)
  events{shotP=7 shotE=0 dead=1 spawn=0 base=0 wall=4 start=0 playerExpl=0}
  sounds{shotP=7 shotE=0 dead=1 spawn=0 base=0 wall=4 start=0 playerExpl=0}
[MUSIC_PLAYER_WINDOW] label=menu calls=120 activeCalls=0 buffers=0 avg(buf/call=0.00 active=0.00) max(buf/call=0) upload(total=0.00ms avg=0.000ms max=0.000ms slow=0)
[MUSIC_PLAYER_WINDOW] label=gameplay calls=120 activeCalls=120 buffers=8 avg(buf/call=0.07 active=0.07) max(buf/call=1) upload(total=0.08ms avg=0.009ms max=0.010ms slow=0)

[PROFILE] frame=7560 budget=16.667ms alloc(+109/-109, +8696b/-8696b, live=397920b peak=460152b)
  frame.total                      win= 17.315ms avg= 17.315ms p95= 19.081ms max=106.689ms calls(last=  1,win= 120,total=7560) (win 103.9% | avg 103.9% budget)
  frame.cpu_work                   win= 11.366ms avg= 11.366ms p95= 17.158ms max=105.065ms calls(last=  1,win= 120,total=7560) (win 68.2% | avg 68.2% budget)
  frame.present                    win=  5.933ms avg=  5.933ms p95=  8.354ms max= 41.440ms calls(last=  1,win= 120,total=7560) (win 35.6% | avg 35.6% budget)
  frame.render                     win=  5.145ms avg=  5.145ms p95=  5.567ms max= 25.862ms calls(last=  1,win= 120,total=7560) (win 30.9% | avg 30.9% budget)
  frame.fixed_step                 win=  4.532ms avg=  4.759ms p95=  7.756ms max=104.148ms calls(last=  1,win= 126,total=7905) (win 27.2% | avg 28.6% budget)
  game.update                      win=  4.341ms avg=  4.558ms p95=  6.858ms max=104.116ms calls(last=  1,win= 126,total=5153) (win 26.0% | avg 27.3% budget)
  system.ai_update                 win=  4.053ms avg=  4.255ms p95=  6.287ms max= 17.853ms calls(last=  1,win= 126,total=5091) (win 24.3% | avg 25.5% budget)
  enemy.update                     win=  4.049ms avg=  4.251ms p95=  6.280ms max= 17.843ms calls(last=  1,win= 126,total=5091) (win 24.3% | avg 25.5% budget)
  music.fill_buffer                win=  4.026ms avg=  0.268ms p95=  3.948ms max=  7.434ms calls(last=  0,win=   8,total=514) (win 24.2% | avg 1.6% budget)
  frame.render.world               win=  2.462ms avg=  2.462ms p95=  2.717ms max=  9.577ms calls(last=  1,win= 120,total=4807) (win 14.8% | avg 14.8% budget)
  gameplay.music                   win=  1.407ms avg=  1.407ms p95=  7.415ms max= 26.568ms calls(last=  1,win= 120,total=7560) (win 8.4% | avg 8.4% budget)
  frame.render.world.maze          win=  0.920ms avg=  0.920ms p95=  1.000ms max=  3.160ms calls(last=  1,win= 120,total=4807) (win 5.5% | avg 5.5% budget)
  music.update_stream              win=  0.872ms avg=  0.058ms p95=  0.014ms max= 14.322ms calls(last=  0,win=   8,total=514) (win 5.2% | avg 0.3% budget)
  frame.render.hud                 win=  0.846ms avg=  0.846ms p95=  0.913ms max=  2.480ms calls(last=  1,win= 120,total=4807) (win 5.1% | avg 5.1% budget)
  menu.music                       win=  0.704ms avg=  1.409ms p95=  7.414ms max= 26.569ms calls(last=  2,win= 240,total=15120) (win 4.2% | avg 8.5% budget)
  frame.render.world.effects       win=  0.494ms avg=  0.494ms p95=  0.589ms max=  7.183ms calls(last=  1,win= 120,total=4807) (win 3.0% | avg 3.0% budget)
  frame.render.hud.minimap         win=  0.427ms avg=  0.427ms p95=  0.478ms max=  1.297ms calls(last=  1,win= 120,total=4807) (win 2.6% | avg 2.6% budget)
  enemy.physics.frontal_collisions win=  0.411ms avg=  0.431ms p95=  0.757ms max=  1.891ms calls(last=  1,win= 126,total=4427) (win 2.5% | avg 2.6% budget)
  enemy.physics.frontal_grid_build win=  0.317ms avg=  0.333ms p95=  0.602ms max=  1.712ms calls(last=  1,win= 126,total=4427) (win 1.9% | avg 2.0% budget)
  frame.render.world.enemies       win=  0.262ms avg=  0.262ms p95=  0.312ms max=  3.351ms calls(last=  1,win= 120,total=4807) (win 1.6% | avg 1.6% budget)
  frame.render.hud.text            win=  0.227ms avg=  0.227ms p95=  0.264ms max=  0.742ms calls(last=  1,win= 120,total=4807) (win 1.4% | avg 1.4% budget)
  frame.render.world.enemies.draw  win=  0.212ms avg=  0.212ms p95=  0.264ms max=  3.317ms calls(last=  1,win= 120,total=4807) (win 1.3% | avg 1.3% budget)
  audio.route_step                 win=  0.180ms avg=  0.189ms p95=  0.012ms max= 11.929ms calls(last=  1,win= 126,total=5153) (win 1.1% | avg 1.1% budget)
  enemy.ai.movement                win=  0.127ms avg=  0.752ms p95=  0.850ms max=  5.535ms calls(last=  6,win= 711,total=36011) (win 0.8% | avg 4.5% budget)
[ENEMY_STATS] frame=7560 alive=123 visible=0 full=6 cheap=117 fullInBase=1 pairs(frontal=0 checks=0 separation=0 resolved=0)
[ENEMY_WINDOW] steps=126 alive[min=122 max=123] visible[min=0 max=0] full[min=5 max=6] collisionPasses[runs=126 skips=0]
[ENEMY_SEGMENTS] window=2.100s D{b/s=11.90 avgLen=4.83 fail=0} T{b/s=0.00 avgLen=0.00 fail=0} H{b/s=0.00 avgLen=0.00 fail=0} A{b/s=0.00 avgLen=0.00 fail=0}
[ENEMY_GRID] frontal{cand/s=339.0 xcell/s=4.8 ins/s=343.8} separation{cand/s=339.0}
[ENEMY_COLLISION_WINDOW] frontal{pairs/s=0.0 checks/s=0.0 baseSkip=0 kill=0(0.0%)} separation{pairs/s=0.0 resolved/s=0.0(0.0%) baseSkip=0 kill=0 wallBlock=0}
[ENEMY_NAV_CACHE] playerCell{changes=0 flowRebuilds=0} flow{hit=0 miss=0 hit%=0.0} pathFallback{calls=0 ok=0 ok%=0.0}
[ENEMY_SAP] updates=15454 active=712 pairs=0 repairs{x=440 y=438}
[ENEMY_PAIR_TYPES] frontal DD=0 DT=0 DH=0 DA=0 TT=0 TH=0 TA=0 HH=0 HA=0 AA=0 separation DD=0 DT=0 DH=0 DA=0 TT=0 TH=0 TA=0 HH=0 HA=0 AA=0
[AUDIO_ROUTE_WINDOW] steps=126 events=5 sounds=5 avg(step ev=0.04 snd=0.04) max(step ev=1 snd=1)
  events{shotP=1 shotE=0 dead=0 spawn=1 base=0 wall=3 start=0 playerExpl=0}
  sounds{shotP=1 shotE=0 dead=0 spawn=1 base=0 wall=3 start=0 playerExpl=0}
[MUSIC_PLAYER_WINDOW] label=menu calls=120 activeCalls=0 buffers=0 avg(buf/call=0.00 active=0.00) max(buf/call=0) upload(total=0.00ms avg=0.000ms max=0.000ms slow=0)
[MUSIC_PLAYER_WINDOW] label=gameplay calls=120 activeCalls=120 buffers=8 avg(buf/call=0.07 active=0.07) max(buf/call=1) upload(total=6.82ms avg=0.852ms max=6.746ms slow=1)

[PROFILE] frame=7680 budget=16.667ms alloc(+109/-109, +8696b/-8696b, live=397920b peak=460152b)
  frame.total                      win= 16.892ms avg= 16.892ms p95= 17.435ms max=106.689ms calls(last=  1,win= 120,total=7680) (win 101.4% | avg 101.4% budget)
  frame.cpu_work                   win= 10.149ms avg= 10.149ms p95= 13.323ms max=105.065ms calls(last=  1,win= 120,total=7680) (win 60.9% | avg 60.9% budget)
  frame.present                    win=  6.728ms avg=  6.728ms p95=  8.427ms max= 41.440ms calls(last=  1,win= 120,total=7680) (win 40.4% | avg 40.4% budget)
  frame.render                     win=  5.059ms avg=  5.059ms p95=  5.361ms max= 25.862ms calls(last=  1,win= 120,total=7680) (win 30.4% | avg 30.4% budget)
  frame.fixed_step                 win=  4.401ms avg=  4.511ms p95=  6.276ms max=104.148ms calls(last=  1,win= 123,total=8028) (win 26.4% | avg 27.1% budget)
  game.update                      win=  4.382ms avg=  4.492ms p95=  6.259ms max=104.116ms calls(last=  1,win= 123,total=5276) (win 26.3% | avg 27.0% budget)
  system.ai_update                 win=  4.143ms avg=  4.247ms p95=  6.030ms max= 17.853ms calls(last=  1,win= 123,total=5214) (win 24.9% | avg 25.5% budget)
  enemy.update                     win=  4.139ms avg=  4.242ms p95=  6.027ms max= 17.843ms calls(last=  1,win= 123,total=5214) (win 24.8% | avg 25.5% budget)
  music.fill_buffer                win=  4.090ms avg=  0.273ms p95=  4.061ms max=  7.434ms calls(last=  0,win=   8,total=522) (win 24.5% | avg 1.6% budget)
  frame.render.world               win=  2.415ms avg=  2.415ms p95=  2.684ms max=  9.577ms calls(last=  1,win= 120,total=4927) (win 14.5% | avg 14.5% budget)
  frame.render.world.maze          win=  0.907ms avg=  0.907ms p95=  0.999ms max=  3.160ms calls(last=  1,win= 120,total=4927) (win 5.4% | avg 5.4% budget)
  frame.render.hud                 win=  0.852ms avg=  0.852ms p95=  1.059ms max=  2.480ms calls(last=  1,win= 120,total=4927) (win 5.1% | avg 5.1% budget)
  gameplay.music                   win=  0.523ms avg=  0.523ms p95=  4.087ms max= 26.568ms calls(last=  1,win= 120,total=7680) (win 3.1% | avg 3.1% budget)
  frame.render.world.effects       win=  0.484ms avg=  0.484ms p95=  0.641ms max=  7.183ms calls(last=  1,win= 120,total=4927) (win 2.9% | avg 2.9% budget)
  frame.render.hud.minimap         win=  0.432ms avg=  0.432ms p95=  0.525ms max=  1.297ms calls(last=  1,win= 120,total=4927) (win 2.6% | avg 2.6% budget)
  enemy.physics.frontal_collisions win=  0.410ms avg=  0.420ms p95=  0.503ms max=  1.891ms calls(last=  1,win= 123,total=4550) (win 2.5% | avg 2.5% budget)
  enemy.physics.frontal_grid_build win=  0.319ms avg=  0.327ms p95=  0.418ms max=  1.712ms calls(last=  1,win= 123,total=4550) (win 1.9% | avg 2.0% budget)
  menu.music                       win=  0.263ms avg=  0.525ms p95=  4.089ms max= 26.569ms calls(last=  2,win= 240,total=15360) (win 1.6% | avg 3.2% budget)
  frame.render.world.enemies       win=  0.252ms avg=  0.252ms p95=  0.296ms max=  3.351ms calls(last=  1,win= 120,total=4927) (win 1.5% | avg 1.5% budget)
  frame.render.hud.text            win=  0.229ms avg=  0.229ms p95=  0.270ms max=  0.742ms calls(last=  1,win= 120,total=4927) (win 1.4% | avg 1.4% budget)
  frame.render.world.enemies.draw  win=  0.201ms avg=  0.201ms p95=  0.229ms max=  3.317ms calls(last=  1,win= 120,total=4927) (win 1.2% | avg 1.2% budget)
  enemy.ai.movement                win=  0.130ms avg=  0.774ms p95=  0.847ms max=  5.535ms calls(last=  6,win= 717,total=36728) (win 0.8% | avg 4.6% budget)
  system.spawner_update            win=  0.071ms avg=  0.073ms p95=  0.078ms max=  0.622ms calls(last=  1,win= 123,total=5214) (win 0.4% | avg 0.4% budget)
  enemy.physics.frontal_pair_traverse win=  0.058ms avg=  0.060ms p95=  0.085ms max=  0.374ms calls(last=  1,win= 123,total=4550) (win 0.3% | avg 0.4% budget)
[ENEMY_STATS] frame=7680 alive=123 visible=1 full=6 cheap=117 fullInBase=0 pairs(frontal=0 checks=0 separation=0 resolved=0)
[ENEMY_WINDOW] steps=123 alive[min=123 max=123] visible[min=0 max=1] full[min=5 max=6] collisionPasses[runs=123 skips=0]
[ENEMY_SEGMENTS] window=2.050s D{b/s=10.24 avgLen=5.34 fail=0} T{b/s=0.00 avgLen=0.00 fail=0} H{b/s=0.00 avgLen=0.00 fail=0} A{b/s=0.00 avgLen=0.00 fail=0}
[ENEMY_GRID] frontal{cand/s=349.8 xcell/s=3.9 ins/s=353.7} separation{cand/s=349.8}
[ENEMY_COLLISION_WINDOW] frontal{pairs/s=7.3 checks/s=7.3 baseSkip=0 kill=0(0.0%)} separation{pairs/s=7.3 resolved/s=0.0(0.0%) baseSkip=0 kill=0 wallBlock=0}
[ENEMY_NAV_CACHE] playerCell{changes=0 flowRebuilds=0} flow{hit=0 miss=0 hit%=0.0} pathFallback{calls=0 ok=0 ok%=0.0}
[ENEMY_SAP] updates=15129 active=717 pairs=15 repairs{x=121 y=115}
[ENEMY_PAIR_TYPES] frontal DD=0 DT=15 DH=0 DA=0 TT=0 TH=0 TA=0 HH=0 HA=0 AA=0 separation DD=0 DT=15 DH=0 DA=0 TT=0 TH=0 TA=0 HH=0 HA=0 AA=0
[AUDIO_ROUTE_WINDOW] steps=123 events=2 sounds=2 avg(step ev=0.02 snd=0.02) max(step ev=1 snd=1)
  events{shotP=2 shotE=0 dead=0 spawn=0 base=0 wall=0 start=0 playerExpl=0}
  sounds{shotP=2 shotE=0 dead=0 spawn=0 base=0 wall=0 start=0 playerExpl=0}
[MUSIC_PLAYER_WINDOW] label=menu calls=120 activeCalls=0 buffers=0 avg(buf/call=0.00 active=0.00) max(buf/call=0) upload(total=0.00ms avg=0.000ms max=0.000ms slow=0)
[MUSIC_PLAYER_WINDOW] label=gameplay calls=120 activeCalls=120 buffers=8 avg(buf/call=0.07 active=0.07) max(buf/call=1) upload(total=0.08ms avg=0.010ms max=0.011ms slow=0)

[PROFILE] frame=7800 budget=16.667ms alloc(+109/-109, +8696b/-8696b, live=397920b peak=460152b)
  frame.total                      win= 17.234ms avg= 17.234ms p95= 19.133ms max=106.689ms calls(last=  1,win= 120,total=7800) (win 103.4% | avg 103.4% budget)
  frame.cpu_work                   win= 11.541ms avg= 11.541ms p95= 17.085ms max=105.065ms calls(last=  1,win= 120,total=7800) (win 69.2% | avg 69.2% budget)
  frame.present                    win=  5.677ms avg=  5.677ms p95=  8.038ms max= 41.440ms calls(last=  1,win= 120,total=7800) (win 34.1% | avg 34.1% budget)
  frame.render                     win=  5.231ms avg=  5.231ms p95=  5.534ms max= 25.862ms calls(last=  1,win= 120,total=7800) (win 31.4% | avg 31.4% budget)
  frame.fixed_step                 win=  4.684ms avg=  4.879ms p95=  8.499ms max=104.148ms calls(last=  1,win= 125,total=8153) (win 28.1% | avg 29.3% budget)
  game.update                      win=  4.575ms avg=  4.765ms p95=  6.554ms max=104.116ms calls(last=  1,win= 125,total=5401) (win 27.4% | avg 28.6% budget)
  system.ai_update                 win=  4.195ms avg=  4.370ms p95=  6.268ms max= 17.853ms calls(last=  1,win= 125,total=5339) (win 25.2% | avg 26.2% budget)
  enemy.update                     win=  4.191ms avg=  4.366ms p95=  6.264ms max= 17.843ms calls(last=  1,win= 125,total=5339) (win 25.1% | avg 26.2% budget)
  music.fill_buffer                win=  4.064ms avg=  0.271ms p95=  3.986ms max=  7.434ms calls(last=  0,win=   8,total=530) (win 24.4% | avg 1.6% budget)
  frame.render.world               win=  2.564ms avg=  2.564ms p95=  2.800ms max=  9.577ms calls(last=  1,win= 120,total=5047) (win 15.4% | avg 15.4% budget)
  gameplay.music                   win=  1.374ms avg=  1.374ms p95=  6.897ms max= 26.568ms calls(last=  1,win= 120,total=7800) (win 8.2% | avg 8.2% budget)
  frame.render.world.maze          win=  0.970ms avg=  0.970ms p95=  1.059ms max=  3.160ms calls(last=  1,win= 120,total=5047) (win 5.8% | avg 5.8% budget)
  frame.render.hud                 win=  0.847ms avg=  0.847ms p95=  0.951ms max=  2.480ms calls(last=  1,win= 120,total=5047) (win 5.1% | avg 5.1% budget)
  menu.music                       win=  0.688ms avg=  1.376ms p95=  6.897ms max= 26.569ms calls(last=  2,win= 240,total=15600) (win 4.1% | avg 8.3% budget)
  frame.render.world.effects       win=  0.563ms avg=  0.563ms p95=  0.657ms max=  7.183ms calls(last=  1,win= 120,total=5047) (win 3.4% | avg 3.4% budget)
  frame.render.hud.minimap         win=  0.426ms avg=  0.426ms p95=  0.481ms max=  1.297ms calls(last=  1,win= 120,total=5047) (win 2.6% | avg 2.6% budget)
  enemy.physics.frontal_collisions win=  0.404ms avg=  0.421ms p95=  0.551ms max=  1.891ms calls(last=  1,win= 125,total=4675) (win 2.4% | avg 2.5% budget)
  enemy.physics.frontal_grid_build win=  0.318ms avg=  0.331ms p95=  0.459ms max=  1.712ms calls(last=  1,win= 125,total=4675) (win 1.9% | avg 2.0% budget)
  frame.render.world.enemies       win=  0.266ms avg=  0.266ms p95=  0.315ms max=  3.351ms calls(last=  1,win= 120,total=5047) (win 1.6% | avg 1.6% budget)
  frame.render.hud.text            win=  0.233ms avg=  0.233ms p95=  0.286ms max=  0.742ms calls(last=  1,win= 120,total=5047) (win 1.4% | avg 1.4% budget)
  frame.render.world.enemies.draw  win=  0.215ms avg=  0.215ms p95=  0.265ms max=  3.317ms calls(last=  1,win= 120,total=5047) (win 1.3% | avg 1.3% budget)
  system.physics_collision         win=  0.161ms avg=  0.168ms p95=  0.232ms max= 14.441ms calls(last=  1,win= 125,total=5339) (win 1.0% | avg 1.0% budget)
  enemy.ai.movement                win=  0.127ms avg=  0.786ms p95=  0.968ms max=  5.535ms calls(last=  6,win= 745,total=37473) (win 0.8% | avg 4.7% budget)
  audio.route_step                 win=  0.098ms avg=  0.102ms p95=  0.021ms max= 11.929ms calls(last=  1,win= 125,total=5401) (win 0.6% | avg 0.6% budget)
[ENEMY_STATS] frame=7800 alive=123 visible=1 full=6 cheap=117 fullInBase=0 pairs(frontal=0 checks=0 separation=0 resolved=0)
[ENEMY_WINDOW] steps=125 alive[min=122 max=123] visible[min=1 max=1] full[min=5 max=7] collisionPasses[runs=125 skips=0]
[ENEMY_SEGMENTS] window=2.083s D{b/s=12.96 avgLen=5.43 fail=0} T{b/s=0.00 avgLen=0.00 fail=0} H{b/s=0.00 avgLen=0.00 fail=0} A{b/s=0.00 avgLen=0.00 fail=0}
[ENEMY_GRID] frontal{cand/s=357.1 xcell/s=3.8 ins/s=361.0} separation{cand/s=357.1}
[ENEMY_COLLISION_WINDOW] frontal{pairs/s=0.0 checks/s=0.0 baseSkip=0 kill=0(0.0%)} separation{pairs/s=0.0 resolved/s=0.0(0.0%) baseSkip=0 kill=0 wallBlock=0}
[ENEMY_NAV_CACHE] playerCell{changes=0 flowRebuilds=0} flow{hit=0 miss=0 hit%=0.0} pathFallback{calls=0 ok=0 ok%=0.0}
[ENEMY_SAP] updates=15375 active=744 pairs=0 repairs{x=371 y=356}
[ENEMY_PAIR_TYPES] frontal DD=0 DT=0 DH=0 DA=0 TT=0 TH=0 TA=0 HH=0 HA=0 AA=0 separation DD=0 DT=0 DH=0 DA=0 TT=0 TH=0 TA=0 HH=0 HA=0 AA=0
[AUDIO_ROUTE_WINDOW] steps=125 events=15 sounds=14 avg(step ev=0.12 snd=0.11) max(step ev=2 snd=1)
  events{shotP=9 shotE=0 dead=1 spawn=1 base=0 wall=4 start=0 playerExpl=0}
  sounds{shotP=9 shotE=0 dead=1 spawn=0 base=0 wall=4 start=0 playerExpl=0}
[MUSIC_PLAYER_WINDOW] label=menu calls=120 activeCalls=0 buffers=0 avg(buf/call=0.00 active=0.00) max(buf/call=0) upload(total=0.00ms avg=0.000ms max=0.000ms slow=0)
[MUSIC_PLAYER_WINDOW] label=gameplay calls=120 activeCalls=120 buffers=8 avg(buf/call=0.07 active=0.07) max(buf/call=1) upload(total=0.08ms avg=0.010ms max=0.011ms slow=0)

[PROFILE] frame=7920 budget=16.667ms alloc(+127/-127, +9992b/-9992b, live=397920b peak=460152b)
  frame.total                      win= 17.825ms avg= 17.825ms p95= 24.296ms max=106.689ms calls(last=  1,win= 120,total=7920) (win 107.0% | avg 107.0% budget)
  frame.cpu_work                   win= 12.872ms avg= 12.872ms p95= 22.087ms max=105.065ms calls(last=  1,win= 120,total=7920) (win 77.2% | avg 77.2% budget)
  frame.render                     win=  5.350ms avg=  5.350ms p95=  5.635ms max= 25.862ms calls(last=  1,win= 120,total=7920) (win 32.1% | avg 32.1% budget)
  frame.fixed_step                 win=  4.953ms avg=  5.366ms p95=  9.628ms max=104.148ms calls(last=  1,win= 130,total=8283) (win 29.7% | avg 32.2% budget)
  frame.present                    win=  4.938ms avg=  4.938ms p95=  7.581ms max= 41.440ms calls(last=  1,win= 120,total=7920) (win 29.6% | avg 29.6% budget)
  game.update                      win=  4.717ms avg=  5.110ms p95=  8.673ms max=104.116ms calls(last=  1,win= 130,total=5531) (win 28.3% | avg 30.7% budget)
  system.ai_update                 win=  4.353ms avg=  4.716ms p95=  7.956ms max= 17.853ms calls(last=  1,win= 130,total=5469) (win 26.1% | avg 28.3% budget)
  enemy.update                     win=  4.349ms avg=  4.712ms p95=  7.950ms max= 17.843ms calls(last=  1,win= 130,total=5469) (win 26.1% | avg 28.3% budget)
  music.fill_buffer                win=  4.036ms avg=  0.303ms p95=  3.963ms max=  7.434ms calls(last=  0,win=   9,total=539) (win 24.2% | avg 1.8% budget)
  frame.render.world               win=  2.653ms avg=  2.653ms p95=  2.851ms max= 10.990ms calls(last=  1,win= 120,total=5167) (win 15.9% | avg 15.9% budget)
  gameplay.music                   win=  2.099ms avg=  2.099ms p95=  7.468ms max= 26.568ms calls(last=  1,win= 120,total=7920) (win 12.6% | avg 12.6% budget)
  menu.music                       win=  1.050ms avg=  2.101ms p95=  7.468ms max= 26.569ms calls(last=  2,win= 240,total=15840) (win 6.3% | avg 12.6% budget)
  frame.render.world.maze          win=  0.994ms avg=  0.994ms p95=  1.078ms max=  3.160ms calls(last=  1,win= 120,total=5167) (win 6.0% | avg 6.0% budget)
  frame.render.hud                 win=  0.840ms avg=  0.840ms p95=  0.919ms max=  2.480ms calls(last=  1,win= 120,total=5167) (win 5.0% | avg 5.0% budget)
  music.update_stream              win=  0.798ms avg=  0.060ms p95=  0.014ms max= 14.322ms calls(last=  0,win=   9,total=539) (win 4.8% | avg 0.4% budget)
  frame.render.world.effects       win=  0.533ms avg=  0.533ms p95=  0.634ms max=  7.183ms calls(last=  1,win= 120,total=5167) (win 3.2% | avg 3.2% budget)
  frame.render.hud.minimap         win=  0.423ms avg=  0.423ms p95=  0.478ms max=  1.297ms calls(last=  1,win= 120,total=5167) (win 2.5% | avg 2.5% budget)
  enemy.physics.frontal_collisions win=  0.409ms avg=  0.443ms p95=  0.789ms max=  1.891ms calls(last=  1,win= 130,total=4805) (win 2.5% | avg 2.7% budget)
  enemy.physics.frontal_grid_build win=  0.317ms avg=  0.343ms p95=  0.616ms max=  1.712ms calls(last=  1,win= 130,total=4805) (win 1.9% | avg 2.1% budget)
  frame.render.world.enemies       win=  0.261ms avg=  0.261ms p95=  0.316ms max=  3.351ms calls(last=  1,win= 120,total=5167) (win 1.6% | avg 1.6% budget)
  frame.render.hud.text            win=  0.229ms avg=  0.229ms p95=  0.265ms max=  0.742ms calls(last=  1,win= 120,total=5167) (win 1.4% | avg 1.4% budget)
  audio.route_step                 win=  0.224ms avg=  0.243ms p95=  0.085ms max= 11.929ms calls(last=  1,win= 130,total=5531) (win 1.3% | avg 1.5% budget)
  frame.render.world.enemies.draw  win=  0.210ms avg=  0.210ms p95=  0.257ms max=  3.317ms calls(last=  1,win= 120,total=5167) (win 1.3% | avg 1.3% budget)
  system.physics_collision         win=  0.136ms avg=  0.147ms p95=  0.252ms max= 14.441ms calls(last=  1,win= 130,total=5469) (win 0.8% | avg 0.9% budget)
[ENEMY_STATS] frame=7920 alive=123 visible=0 full=8 cheap=115 fullInBase=0 pairs(frontal=1 checks=1 separation=1 resolved=0)
[ENEMY_WINDOW] steps=130 alive[min=123 max=123] visible[min=0 max=1] full[min=6 max=8] collisionPasses[runs=130 skips=0]
[ENEMY_SEGMENTS] window=2.167s D{b/s=12.46 avgLen=5.53 fail=0} T{b/s=0.00 avgLen=0.00 fail=0} H{b/s=0.00 avgLen=0.00 fail=0} A{b/s=0.00 avgLen=0.00 fail=0}
[ENEMY_GRID] frontal{cand/s=437.5 xcell/s=2.3 ins/s=439.8} separation{cand/s=437.5}
[ENEMY_COLLISION_WINDOW] frontal{pairs/s=11.5 checks/s=11.5 baseSkip=0 kill=0(0.0%)} separation{pairs/s=11.5 resolved/s=0.0(0.0%) baseSkip=0 kill=0 wallBlock=0}
[ENEMY_NAV_CACHE] playerCell{changes=0 flowRebuilds=0} flow{hit=0 miss=0 hit%=0.0} pathFallback{calls=0 ok=0 ok%=0.0}
[ENEMY_SAP] updates=15990 active=948 pairs=25 repairs{x=129 y=123}
[ENEMY_PAIR_TYPES] frontal DD=25 DT=0 DH=0 DA=0 TT=0 TH=0 TA=0 HH=0 HA=0 AA=0 separation DD=25 DT=0 DH=0 DA=0 TT=0 TH=0 TA=0 HH=0 HA=0 AA=0
[AUDIO_ROUTE_WINDOW] steps=130 events=13 sounds=13 avg(step ev=0.10 snd=0.10) max(step ev=1 snd=1)
  events{shotP=4 shotE=0 dead=0 spawn=0 base=0 wall=9 start=0 playerExpl=0}
  sounds{shotP=4 shotE=0 dead=0 spawn=0 base=0 wall=9 start=0 playerExpl=0}
[MUSIC_PLAYER_WINDOW] label=menu calls=120 activeCalls=0 buffers=0 avg(buf/call=0.00 active=0.00) max(buf/call=0) upload(total=0.00ms avg=0.000ms max=0.000ms slow=0)
[MUSIC_PLAYER_WINDOW] label=gameplay calls=120 activeCalls=120 buffers=9 avg(buf/call=0.08 active=0.08) max(buf/call=1) upload(total=7.01ms avg=0.779ms max=6.928ms slow=1)

[PROFILE] frame=8040 budget=16.667ms alloc(+127/-127, +9992b/-9992b, live=397920b peak=460152b)
  frame.total                      win= 16.948ms avg= 16.948ms p95= 17.576ms max=106.689ms calls(last=  1,win= 120,total=8040) (win 101.7% | avg 101.7% budget)
  frame.cpu_work                   win= 10.638ms avg= 10.638ms p95= 15.045ms max=105.065ms calls(last=  1,win= 120,total=8040) (win 63.8% | avg 63.8% budget)
  frame.present                    win=  6.295ms avg=  6.295ms p95=  8.024ms max= 41.440ms calls(last=  1,win= 120,total=8040) (win 37.8% | avg 37.8% budget)
  frame.render                     win=  5.235ms avg=  5.235ms p95=  5.531ms max= 25.862ms calls(last=  1,win= 120,total=8040) (win 31.4% | avg 31.4% budget)
  frame.fixed_step                 win=  4.624ms avg=  4.740ms p95=  6.105ms max=104.148ms calls(last=  1,win= 123,total=8406) (win 27.7% | avg 28.4% budget)
  game.update                      win=  4.605ms avg=  4.720ms p95=  6.088ms max=104.116ms calls(last=  1,win= 123,total=5654) (win 27.6% | avg 28.3% budget)
  system.ai_update                 win=  4.327ms avg=  4.435ms p95=  5.809ms max= 17.853ms calls(last=  1,win= 123,total=5592) (win 26.0% | avg 26.6% budget)
  enemy.update                     win=  4.323ms avg=  4.432ms p95=  5.807ms max= 17.843ms calls(last=  1,win= 123,total=5592) (win 25.9% | avg 26.6% budget)
  music.fill_buffer                win=  4.064ms avg=  0.271ms p95=  4.004ms max=  7.434ms calls(last=  0,win=   8,total=547) (win 24.4% | avg 1.6% budget)
  frame.render.world               win=  2.542ms avg=  2.542ms p95=  2.749ms max= 10.990ms calls(last=  1,win= 120,total=5287) (win 15.3% | avg 15.3% budget)
  frame.render.world.maze          win=  1.042ms avg=  1.042ms p95=  1.188ms max=  3.160ms calls(last=  1,win= 120,total=5287) (win 6.2% | avg 6.2% budget)
  frame.render.hud                 win=  0.845ms avg=  0.845ms p95=  0.931ms max=  2.480ms calls(last=  1,win= 120,total=5287) (win 5.1% | avg 5.1% budget)
  gameplay.music                   win=  0.608ms avg=  0.608ms p95=  4.207ms max= 26.568ms calls(last=  1,win= 120,total=8040) (win 3.6% | avg 3.6% budget)
  frame.render.world.effects       win=  0.476ms avg=  0.476ms p95=  0.551ms max=  7.183ms calls(last=  1,win= 120,total=5287) (win 2.9% | avg 2.9% budget)
  enemy.physics.frontal_collisions win=  0.441ms avg=  0.452ms p95=  0.516ms max=  1.891ms calls(last=  1,win= 123,total=4928) (win 2.6% | avg 2.7% budget)
  frame.render.hud.minimap         win=  0.430ms avg=  0.430ms p95=  0.516ms max=  1.297ms calls(last=  1,win= 120,total=5287) (win 2.6% | avg 2.6% budget)
  enemy.physics.frontal_grid_build win=  0.317ms avg=  0.324ms p95=  0.388ms max=  1.712ms calls(last=  1,win= 123,total=4928) (win 1.9% | avg 1.9% budget)
  menu.music                       win=  0.305ms avg=  0.611ms p95=  4.209ms max= 26.569ms calls(last=  2,win= 240,total=16080) (win 1.8% | avg 3.7% budget)
  frame.render.world.enemies       win=  0.271ms avg=  0.271ms p95=  0.322ms max=  3.351ms calls(last=  1,win= 120,total=5287) (win 1.6% | avg 1.6% budget)
  frame.render.hud.text            win=  0.226ms avg=  0.226ms p95=  0.265ms max=  0.742ms calls(last=  1,win= 120,total=5287) (win 1.4% | avg 1.4% budget)
  frame.render.world.enemies.draw  win=  0.218ms avg=  0.218ms p95=  0.267ms max=  3.317ms calls(last=  1,win= 120,total=5287) (win 1.3% | avg 1.3% budget)
  enemy.ai.movement                win=  0.100ms avg=  0.814ms p95=  0.892ms max=  5.535ms calls(last=  8,win= 977,total=39396) (win 0.6% | avg 4.9% budget)
  enemy.physics.frontal_pair_traverse win=  0.090ms avg=  0.092ms p95=  0.122ms max=  0.374ms calls(last=  1,win= 123,total=4928) (win 0.5% | avg 0.6% budget)
  system.physics_collision         win=  0.074ms avg=  0.076ms p95=  0.092ms max= 14.441ms calls(last=  1,win= 123,total=5592) (win 0.4% | avg 0.5% budget)
[ENEMY_STATS] frame=8040 alive=123 visible=1 full=8 cheap=115 fullInBase=0 pairs(frontal=1 checks=1 separation=1 resolved=0)
[ENEMY_WINDOW] steps=123 alive[min=123 max=123] visible[min=0 max=2] full[min=7 max=8] collisionPasses[runs=123 skips=0]
[ENEMY_SEGMENTS] window=2.050s D{b/s=6.83 avgLen=5.02 fail=0} T{b/s=0.00 avgLen=0.00 fail=0} H{b/s=0.00 avgLen=0.00 fail=0} A{b/s=0.00 avgLen=0.00 fail=0}
[ENEMY_GRID] frontal{cand/s=476.6 xcell/s=2.9 ins/s=479.5} separation{cand/s=476.6}
[ENEMY_COLLISION_WINDOW] frontal{pairs/s=60.0 checks/s=60.0 baseSkip=0 kill=0(0.0%)} separation{pairs/s=60.0 resolved/s=0.0(0.0%) baseSkip=0 kill=0 wallBlock=0}
[ENEMY_NAV_CACHE] playerCell{changes=0 flowRebuilds=0} flow{hit=0 miss=0 hit%=0.0} pathFallback{calls=0 ok=0 ok%=0.0}
[ENEMY_SAP] updates=15129 active=977 pairs=123 repairs{x=82 y=87}
[ENEMY_PAIR_TYPES] frontal DD=123 DT=0 DH=0 DA=0 TT=0 TH=0 TA=0 HH=0 HA=0 AA=0 separation DD=123 DT=0 DH=0 DA=0 TT=0 TH=0 TA=0 HH=0 HA=0 AA=0
[AUDIO_ROUTE_WINDOW] steps=123 events=0 sounds=0 avg(step ev=0.00 snd=0.00) max(step ev=0 snd=0)
  events{shotP=0 shotE=0 dead=0 spawn=0 base=0 wall=0 start=0 playerExpl=0}
  sounds{shotP=0 shotE=0 dead=0 spawn=0 base=0 wall=0 start=0 playerExpl=0}
[MUSIC_PLAYER_WINDOW] label=menu calls=120 activeCalls=0 buffers=0 avg(buf/call=0.00 active=0.00) max(buf/call=0) upload(total=0.00ms avg=0.000ms max=0.000ms slow=0)
[MUSIC_PLAYER_WINDOW] label=gameplay calls=120 activeCalls=120 buffers=8 avg(buf/call=0.07 active=0.07) max(buf/call=1) upload(total=0.09ms avg=0.011ms max=0.014ms slow=0)

[PROFILE] frame=8160 budget=16.667ms alloc(+217/-217, +17336b/-17336b, live=397920b peak=460152b)
  frame.total                      win= 17.304ms avg= 17.304ms p95= 20.835ms max=106.689ms calls(last=  1,win= 120,total=8160) (win 103.8% | avg 103.8% budget)
  frame.cpu_work                   win= 12.139ms avg= 12.139ms p95= 18.513ms max=105.065ms calls(last=  1,win= 120,total=8160) (win 72.8% | avg 72.8% budget)
  frame.fixed_step                 win=  5.440ms avg=  5.667ms p95= 10.288ms max=104.148ms calls(last=  1,win= 125,total=8531) (win 32.6% | avg 34.0% budget)
  frame.render                     win=  5.341ms avg=  5.341ms p95=  5.691ms max= 25.862ms calls(last=  1,win= 120,total=8160) (win 32.0% | avg 32.0% budget)
  game.update                      win=  5.304ms avg=  5.525ms p95=  7.169ms max=104.116ms calls(last=  1,win= 125,total=5779) (win 31.8% | avg 33.1% budget)
  frame.present                    win=  5.150ms avg=  5.150ms p95=  7.482ms max= 41.440ms calls(last=  1,win= 120,total=8160) (win 30.9% | avg 30.9% budget)
  system.ai_update                 win=  5.019ms avg=  5.228ms p95=  6.882ms max= 17.853ms calls(last=  1,win= 125,total=5717) (win 30.1% | avg 31.4% budget)
  enemy.update                     win=  5.015ms avg=  5.224ms p95=  6.878ms max= 17.843ms calls(last=  1,win= 125,total=5717) (win 30.1% | avg 31.3% budget)
  music.fill_buffer                win=  4.030ms avg=  0.269ms p95=  3.949ms max=  7.434ms calls(last=  0,win=   8,total=555) (win 24.2% | avg 1.6% budget)
  frame.render.world               win=  2.714ms avg=  2.714ms p95=  2.992ms max= 10.990ms calls(last=  1,win= 120,total=5407) (win 16.3% | avg 16.3% budget)
  frame.render.world.maze          win=  1.075ms avg=  1.075ms p95=  1.259ms max=  3.160ms calls(last=  1,win= 120,total=5407) (win 6.4% | avg 6.4% budget)
  gameplay.music                   win=  1.073ms avg=  1.073ms p95=  5.545ms max= 26.568ms calls(last=  1,win= 120,total=8160) (win 6.4% | avg 6.4% budget)
  frame.render.hud                 win=  0.834ms avg=  0.834ms p95=  0.880ms max=  2.480ms calls(last=  1,win= 120,total=5407) (win 5.0% | avg 5.0% budget)
  menu.music                       win=  0.538ms avg=  1.075ms p95=  5.545ms max= 26.569ms calls(last=  2,win= 240,total=16320) (win 3.2% | avg 6.5% budget)
  frame.render.world.effects       win=  0.537ms avg=  0.537ms p95=  0.626ms max=  7.183ms calls(last=  1,win= 120,total=5407) (win 3.2% | avg 3.2% budget)
  enemy.physics.frontal_collisions win=  0.439ms avg=  0.458ms p95=  0.603ms max=  1.891ms calls(last=  1,win= 125,total=5053) (win 2.6% | avg 2.7% budget)
  frame.render.hud.minimap         win=  0.418ms avg=  0.418ms p95=  0.462ms max=  1.297ms calls(last=  1,win= 120,total=5407) (win 2.5% | avg 2.5% budget)
  enemy.physics.frontal_grid_build win=  0.322ms avg=  0.336ms p95=  0.452ms max=  1.712ms calls(last=  1,win= 125,total=5053) (win 1.9% | avg 2.0% budget)
  frame.render.world.enemies       win=  0.316ms avg=  0.316ms p95=  0.370ms max=  3.351ms calls(last=  1,win= 120,total=5407) (win 1.9% | avg 1.9% budget)
  frame.render.world.enemies.draw  win=  0.260ms avg=  0.260ms p95=  0.313ms max=  3.317ms calls(last=  1,win= 120,total=5407) (win 1.6% | avg 1.6% budget)
  frame.render.hud.text            win=  0.229ms avg=  0.229ms p95=  0.268ms max=  0.742ms calls(last=  1,win= 120,total=5407) (win 1.4% | avg 1.4% budget)
  audio.route_step                 win=  0.125ms avg=  0.130ms p95=  0.022ms max= 11.929ms calls(last=  1,win= 125,total=5779) (win 0.7% | avg 0.8% budget)
  enemy.ai.movement                win=  0.105ms avg=  1.127ms p95=  1.595ms max=  5.535ms calls(last= 12,win=1287,total=40683) (win 0.6% | avg 6.8% budget)
  enemy.physics.frontal_pair_traverse win=  0.080ms avg=  0.083ms p95=  0.112ms max=  0.374ms calls(last=  1,win= 125,total=5053) (win 0.5% | avg 0.5% budget)
[ENEMY_STATS] frame=8160 alive=123 visible=3 full=12 cheap=111 fullInBase=0 pairs(frontal=0 checks=0 separation=0 resolved=0)
[ENEMY_WINDOW] steps=125 alive[min=123 max=123] visible[min=1 max=3] full[min=8 max=12] collisionPasses[runs=125 skips=0]
[ENEMY_SEGMENTS] window=2.083s D{b/s=10.56 avgLen=4.92 fail=0} T{b/s=0.00 avgLen=0.00 fail=0} H{b/s=0.00 avgLen=0.00 fail=0} A{b/s=0.00 avgLen=0.00 fail=0}
[ENEMY_GRID] frontal{cand/s=619.7 xcell/s=2.9 ins/s=622.6} separation{cand/s=619.7}
[ENEMY_COLLISION_WINDOW] frontal{pairs/s=51.4 checks/s=51.4 baseSkip=0 kill=0(0.0%)} separation{pairs/s=51.4 resolved/s=0.0(0.0%) baseSkip=0 kill=0 wallBlock=0}
[ENEMY_NAV_CACHE] playerCell{changes=0 flowRebuilds=0} flow{hit=0 miss=0 hit%=0.0} pathFallback{calls=0 ok=0 ok%=0.0}
[ENEMY_SAP] updates=15375 active=1291 pairs=107 repairs{x=295 y=287}
[ENEMY_PAIR_TYPES] frontal DD=107 DT=0 DH=0 DA=0 TT=0 TH=0 TA=0 HH=0 HA=0 AA=0 separation DD=107 DT=0 DH=0 DA=0 TT=0 TH=0 TA=0 HH=0 HA=0 AA=0
[AUDIO_ROUTE_WINDOW] steps=125 events=11 sounds=11 avg(step ev=0.09 snd=0.09) max(step ev=2 snd=2)
  events{shotP=5 shotE=2 dead=0 spawn=0 base=0 wall=4 start=0 playerExpl=0}
  sounds{shotP=5 shotE=2 dead=0 spawn=0 base=0 wall=4 start=0 playerExpl=0}
[MUSIC_PLAYER_WINDOW] label=menu calls=120 activeCalls=0 buffers=0 avg(buf/call=0.00 active=0.00) max(buf/call=0) upload(total=0.00ms avg=0.000ms max=0.000ms slow=0)
[MUSIC_PLAYER_WINDOW] label=gameplay calls=120 activeCalls=120 buffers=8 avg(buf/call=0.07 active=0.07) max(buf/call=1) upload(total=0.09ms avg=0.011ms max=0.019ms slow=0)

[PROFILE] frame=8280 budget=16.667ms alloc(+416/-416, +33088b/-33088b, live=398400b peak=460152b)
  frame.total                      win= 18.182ms avg= 18.182ms p95= 25.755ms max=106.689ms calls(last=  1,win= 120,total=8280) (win 109.1% | avg 109.1% budget)
  frame.cpu_work                   win= 13.754ms avg= 13.754ms p95= 23.601ms max=105.065ms calls(last=  1,win= 120,total=8280) (win 82.5% | avg 82.5% budget)
  frame.fixed_step                 win=  5.809ms avg=  6.438ms p95= 11.756ms max=104.148ms calls(last=  2,win= 133,total=8664) (win 34.9% | avg 38.6% budget)
  game.update                      win=  5.631ms avg=  6.242ms p95= 11.082ms max=104.116ms calls(last=  2,win= 133,total=5912) (win 33.8% | avg 37.4% budget)
  frame.render                     win=  5.429ms avg=  5.429ms p95=  5.713ms max= 25.862ms calls(last=  1,win= 120,total=8280) (win 32.6% | avg 32.6% budget)
  system.ai_update                 win=  5.266ms avg=  5.837ms p95= 10.337ms max= 17.853ms calls(last=  2,win= 133,total=5850) (win 31.6% | avg 35.0% budget)
  enemy.update                     win=  5.263ms avg=  5.833ms p95= 10.331ms max= 17.843ms calls(last=  2,win= 133,total=5850) (win 31.6% | avg 35.0% budget)
  frame.present                    win=  4.412ms avg=  4.412ms p95=  6.583ms max= 41.440ms calls(last=  1,win= 120,total=8280) (win 26.5% | avg 26.5% budget)
  music.fill_buffer                win=  4.007ms avg=  0.301ms p95=  3.964ms max=  7.434ms calls(last=  0,win=   9,total=564) (win 24.0% | avg 1.8% budget)
  frame.render.world               win=  2.769ms avg=  2.769ms p95=  3.015ms max= 10.990ms calls(last=  1,win= 120,total=5527) (win 16.6% | avg 16.6% budget)
  gameplay.music                   win=  1.830ms avg=  1.830ms p95= 10.605ms max= 26.568ms calls(last=  1,win= 120,total=8280) (win 11.0% | avg 11.0% budget)
  music.update_stream              win=  1.534ms avg=  0.115ms p95=  0.013ms max= 14.322ms calls(last=  0,win=   9,total=564) (win 9.2% | avg 0.7% budget)
  frame.render.world.maze          win=  1.075ms avg=  1.075ms p95=  1.236ms max=  3.160ms calls(last=  1,win= 120,total=5527) (win 6.4% | avg 6.4% budget)
  menu.music                       win=  0.916ms avg=  1.833ms p95= 10.604ms max= 26.569ms calls(last=  2,win= 240,total=16560) (win 5.5% | avg 11.0% budget)
  frame.render.hud                 win=  0.845ms avg=  0.845ms p95=  0.942ms max=  2.480ms calls(last=  1,win= 120,total=5527) (win 5.1% | avg 5.1% budget)
  frame.render.world.effects       win=  0.583ms avg=  0.583ms p95=  0.664ms max=  7.183ms calls(last=  1,win= 120,total=5527) (win 3.5% | avg 3.5% budget)
  frame.render.hud.minimap         win=  0.427ms avg=  0.427ms p95=  0.516ms max=  1.297ms calls(last=  1,win= 120,total=5527) (win 2.6% | avg 2.6% budget)
  enemy.physics.frontal_collisions win=  0.415ms avg=  0.460ms p95=  0.781ms max=  1.891ms calls(last=  2,win= 133,total=5186) (win 2.5% | avg 2.8% budget)
  frame.render.world.enemies       win=  0.350ms avg=  0.350ms p95=  0.414ms max=  3.351ms calls(last=  1,win= 120,total=5527) (win 2.1% | avg 2.1% budget)
  enemy.physics.frontal_grid_build win=  0.323ms avg=  0.358ms p95=  0.609ms max=  1.712ms calls(last=  2,win= 133,total=5186) (win 1.9% | avg 2.2% budget)
  frame.render.world.enemies.draw  win=  0.294ms avg=  0.294ms p95=  0.358ms max=  3.317ms calls(last=  1,win= 120,total=5527) (win 1.8% | avg 1.8% budget)
  frame.render.hud.text            win=  0.227ms avg=  0.227ms p95=  0.269ms max=  0.742ms calls(last=  1,win= 120,total=5527) (win 1.4% | avg 1.4% budget)
  audio.route.removed_enemy_match  win=  0.188ms avg=  0.003ms p95=  0.000ms max= 11.068ms calls(last=  0,win=   2,total=25) (win 1.1% | avg 0.0% budget)
  audio.route_step                 win=  0.166ms avg=  0.184ms p95=  0.033ms max= 11.929ms calls(last=  2,win= 133,total=5912) (win 1.0% | avg 1.1% budget)
[ENEMY_STATS] frame=8280 alive=123 visible=2 full=12 cheap=111 fullInBase=0 pairs(frontal=0 checks=0 separation=0 resolved=0)
[ENEMY_WINDOW] steps=133 alive[min=122 max=123] visible[min=1 max=3] full[min=10 max=12] collisionPasses[runs=133 skips=0]
[ENEMY_SEGMENTS] window=2.217s D{b/s=12.63 avgLen=5.37 fail=0} T{b/s=0.00 avgLen=0.00 fail=0} H{b/s=0.00 avgLen=0.00 fail=0} A{b/s=0.00 avgLen=0.00 fail=0}
[ENEMY_GRID] frontal{cand/s=702.0 xcell/s=0.9 ins/s=702.9} separation{cand/s=702.0}
[ENEMY_COLLISION_WINDOW] frontal{pairs/s=0.0 checks/s=0.0 baseSkip=0 kill=0(0.0%)} separation{pairs/s=0.0 resolved/s=0.0(0.0%) baseSkip=0 kill=0 wallBlock=0}
[ENEMY_NAV_CACHE] playerCell{changes=0 flowRebuilds=0} flow{hit=0 miss=0 hit%=0.0} pathFallback{calls=0 ok=0 ok%=0.0}
[ENEMY_SAP] updates=16359 active=1556 pairs=0 repairs{x=1159 y=1177}
[ENEMY_PAIR_TYPES] frontal DD=0 DT=0 DH=0 DA=0 TT=0 TH=0 TA=0 HH=0 HA=0 AA=0 separation DD=0 DT=0 DH=0 DA=0 TT=0 TH=0 TA=0 HH=0 HA=0 AA=0
[AUDIO_ROUTE_WINDOW] steps=133 events=8 sounds=7 avg(step ev=0.06 snd=0.05) max(step ev=2 snd=2)
  events{shotP=4 shotE=0 dead=2 spawn=2 base=0 wall=0 start=0 playerExpl=0}
  sounds{shotP=4 shotE=0 dead=2 spawn=1 base=0 wall=0 start=0 playerExpl=0}
[MUSIC_PLAYER_WINDOW] label=menu calls=120 activeCalls=0 buffers=0 avg(buf/call=0.00 active=0.00) max(buf/call=0) upload(total=0.00ms avg=0.000ms max=0.000ms slow=0)
[MUSIC_PLAYER_WINDOW] label=gameplay calls=120 activeCalls=120 buffers=9 avg(buf/call=0.08 active=0.08) max(buf/call=1) upload(total=13.52ms avg=1.502ms max=6.743ms slow=2)

[PROFILE] frame=8400 budget=16.667ms alloc(+199/-199, +15896b/-15896b, live=398400b peak=460152b)
  frame.total                      win= 16.893ms avg= 16.893ms p95= 17.417ms max=106.689ms calls(last=  1,win= 120,total=8400) (win 101.4% | avg 101.4% budget)
  frame.cpu_work                   win= 11.465ms avg= 11.465ms p95= 14.550ms max=105.065ms calls(last=  1,win= 120,total=8400) (win 68.8% | avg 68.8% budget)
  frame.render                     win=  5.486ms avg=  5.486ms p95=  5.719ms max= 25.862ms calls(last=  1,win= 120,total=8400) (win 32.9% | avg 32.9% budget)
  frame.present                    win=  5.413ms avg=  5.413ms p95=  6.996ms max= 41.440ms calls(last=  1,win= 120,total=8400) (win 32.5% | avg 32.5% budget)
  frame.fixed_step                 win=  5.308ms avg=  5.396ms p95=  6.955ms max=104.148ms calls(last=  1,win= 122,total=8786) (win 31.8% | avg 32.4% budget)
  game.update                      win=  5.288ms avg=  5.376ms p95=  6.936ms max=104.116ms calls(last=  1,win= 122,total=6034) (win 31.7% | avg 32.3% budget)
  system.ai_update                 win=  4.967ms avg=  5.050ms p95=  6.588ms max= 17.853ms calls(last=  1,win= 122,total=5972) (win 29.8% | avg 30.3% budget)
  enemy.update                     win=  4.964ms avg=  5.046ms p95=  6.584ms max= 17.843ms calls(last=  1,win= 122,total=5972) (win 29.8% | avg 30.3% budget)
  music.fill_buffer                win=  4.042ms avg=  0.269ms p95=  3.971ms max=  7.434ms calls(last=  0,win=   8,total=572) (win 24.3% | avg 1.6% budget)
  frame.render.world               win=  2.840ms avg=  2.840ms p95=  3.084ms max= 10.990ms calls(last=  1,win= 120,total=5647) (win 17.0% | avg 17.0% budget)
  frame.render.world.maze          win=  1.199ms avg=  1.199ms p95=  1.288ms max=  3.160ms calls(last=  1,win= 120,total=5647) (win 7.2% | avg 7.2% budget)
  frame.render.hud                 win=  0.841ms avg=  0.841ms p95=  0.921ms max=  2.480ms calls(last=  1,win= 120,total=5647) (win 5.0% | avg 5.0% budget)
  frame.render.world.effects       win=  0.548ms avg=  0.548ms p95=  0.604ms max=  7.183ms calls(last=  1,win= 120,total=5647) (win 3.3% | avg 3.3% budget)
  gameplay.music                   win=  0.527ms avg=  0.527ms p95=  4.037ms max= 26.568ms calls(last=  1,win= 120,total=8400) (win 3.2% | avg 3.2% budget)
  frame.render.hud.minimap         win=  0.425ms avg=  0.425ms p95=  0.470ms max=  1.297ms calls(last=  1,win= 120,total=5647) (win 2.5% | avg 2.5% budget)
  enemy.physics.frontal_collisions win=  0.410ms avg=  0.416ms p95=  0.452ms max=  1.891ms calls(last=  1,win= 122,total=5308) (win 2.5% | avg 2.5% budget)
  enemy.physics.frontal_grid_build win=  0.316ms avg=  0.322ms p95=  0.349ms max=  1.712ms calls(last=  1,win= 122,total=5308) (win 1.9% | avg 1.9% budget)
  frame.render.world.enemies       win=  0.316ms avg=  0.316ms p95=  0.387ms max=  3.351ms calls(last=  1,win= 120,total=5647) (win 1.9% | avg 1.9% budget)
  menu.music                       win=  0.265ms avg=  0.529ms p95=  4.039ms max= 26.569ms calls(last=  2,win= 240,total=16800) (win 1.6% | avg 3.2% budget)
  frame.render.world.enemies.draw  win=  0.261ms avg=  0.261ms p95=  0.334ms max=  3.317ms calls(last=  1,win= 120,total=5647) (win 1.6% | avg 1.6% budget)
  frame.render.hud.text            win=  0.226ms avg=  0.226ms p95=  0.270ms max=  0.742ms calls(last=  1,win= 120,total=5647) (win 1.4% | avg 1.4% budget)
  system.physics_collision         win=  0.122ms avg=  0.124ms p95=  0.169ms max= 14.441ms calls(last=  1,win= 122,total=5972) (win 0.7% | avg 0.7% budget)
  enemy.ai.movement                win=  0.111ms avg=  1.292ms p95=  1.418ms max=  5.535ms calls(last= 11,win=1398,total=43638) (win 0.7% | avg 7.7% budget)
  system.spawner_update            win=  0.070ms avg=  0.071ms p95=  0.073ms max=  0.622ms calls(last=  1,win= 122,total=5972) (win 0.4% | avg 0.4% budget)
[ENEMY_STATS] frame=8400 alive=123 visible=1 full=11 cheap=112 fullInBase=0 pairs(frontal=0 checks=0 separation=0 resolved=0)
[ENEMY_WINDOW] steps=122 alive[min=123 max=123] visible[min=1 max=2] full[min=11 max=12] collisionPasses[runs=122 skips=0]
[ENEMY_SEGMENTS] window=2.033s D{b/s=6.89 avgLen=5.22 fail=0} T{b/s=0.00 avgLen=0.00 fail=0} H{b/s=0.00 avgLen=0.00 fail=0} A{b/s=0.00 avgLen=0.00 fail=0}
[ENEMY_GRID] frontal{cand/s=687.0 xcell/s=2.5 ins/s=689.5} separation{cand/s=687.0}
[ENEMY_COLLISION_WINDOW] frontal{pairs/s=0.0 checks/s=0.0 baseSkip=0 kill=0(0.0%)} separation{pairs/s=0.0 resolved/s=0.0(0.0%) baseSkip=0 kill=0 wallBlock=0}
[ENEMY_NAV_CACHE] playerCell{changes=0 flowRebuilds=0} flow{hit=0 miss=0 hit%=0.0} pathFallback{calls=0 ok=0 ok%=0.0}
[ENEMY_SAP] updates=15006 active=1397 pairs=0 repairs{x=16 y=11}
[ENEMY_PAIR_TYPES] frontal DD=0 DT=0 DH=0 DA=0 TT=0 TH=0 TA=0 HH=0 HA=0 AA=0 separation DD=0 DT=0 DH=0 DA=0 TT=0 TH=0 TA=0 HH=0 HA=0 AA=0
[AUDIO_ROUTE_WINDOW] steps=122 events=5 sounds=5 avg(step ev=0.04 snd=0.04) max(step ev=1 snd=1)
  events{shotP=4 shotE=0 dead=0 spawn=0 base=0 wall=1 start=0 playerExpl=0}
  sounds{shotP=4 shotE=0 dead=0 spawn=0 base=0 wall=1 start=0 playerExpl=0}
[MUSIC_PLAYER_WINDOW] label=menu calls=120 activeCalls=0 buffers=0 avg(buf/call=0.00 active=0.00) max(buf/call=0) upload(total=0.00ms avg=0.000ms max=0.000ms slow=0)
[MUSIC_PLAYER_WINDOW] label=gameplay calls=120 activeCalls=120 buffers=8 avg(buf/call=0.07 active=0.07) max(buf/call=1) upload(total=0.08ms avg=0.010ms max=0.010ms slow=0)

[PROFILE] frame=8520 budget=16.667ms alloc(+312/-312, +24672b/-24672b, live=398400b peak=460152b)
  frame.total                      win= 19.844ms avg= 19.844ms p95= 29.768ms max=106.689ms calls(last=  1,win= 120,total=8520) (win 119.1% | avg 119.1% budget)
  frame.cpu_work                   win= 16.015ms avg= 16.015ms p95= 27.603ms max=105.065ms calls(last=  1,win= 120,total=8520) (win 96.1% | avg 96.1% budget)
  frame.fixed_step                 win=  5.792ms avg=  6.950ms p95= 12.476ms max=104.148ms calls(last=  2,win= 144,total=8930) (win 34.8% | avg 41.7% budget)
  game.update                      win=  5.476ms avg=  6.571ms p95= 11.867ms max=104.116ms calls(last=  2,win= 144,total=6178) (win 32.9% | avg 39.4% budget)
  frame.render                     win=  5.473ms avg=  5.473ms p95=  5.778ms max= 25.862ms calls(last=  1,win= 120,total=8520) (win 32.8% | avg 32.8% budget)
  system.ai_update                 win=  5.100ms avg=  6.121ms p95= 11.021ms max= 17.853ms calls(last=  2,win= 144,total=6116) (win 30.6% | avg 36.7% budget)
  enemy.update                     win=  5.097ms avg=  6.116ms p95= 11.014ms max= 17.843ms calls(last=  2,win= 144,total=6116) (win 30.6% | avg 36.7% budget)
  audio.route.removed_enemy_match  win=  5.003ms avg=  0.125ms p95=  0.000ms max= 11.068ms calls(last=  0,win=   3,total=28) (win 30.0% | avg 0.8% budget)
  music.fill_buffer                win=  3.993ms avg=  0.299ms p95=  3.957ms max=  7.434ms calls(last=  0,win=   9,total=581) (win 24.0% | avg 1.8% budget)
  frame.present                    win=  3.813ms avg=  3.813ms p95=  6.542ms max= 41.440ms calls(last=  1,win= 120,total=8520) (win 22.9% | avg 22.9% budget)
  gameplay.music                   win=  3.532ms avg=  3.532ms p95= 12.688ms max= 28.365ms calls(last=  1,win= 120,total=8520) (win 21.2% | avg 21.2% budget)
  music.update_stream              win=  3.292ms avg=  0.247ms p95=  0.013ms max= 14.322ms calls(last=  0,win=   9,total=581) (win 19.8% | avg 1.5% budget)
  frame.render.world               win=  2.794ms avg=  2.794ms p95=  3.014ms max= 10.990ms calls(last=  1,win= 120,total=5767) (win 16.8% | avg 16.8% budget)
  menu.music                       win=  1.767ms avg=  3.534ms p95= 12.687ms max= 28.366ms calls(last=  2,win= 240,total=17040) (win 10.6% | avg 21.2% budget)
  frame.render.world.maze          win=  1.081ms avg=  1.081ms p95=  1.175ms max=  3.160ms calls(last=  1,win= 120,total=5767) (win 6.5% | avg 6.5% budget)
  frame.render.hud                 win=  0.840ms avg=  0.840ms p95=  0.921ms max=  2.480ms calls(last=  1,win= 120,total=5767) (win 5.0% | avg 5.0% budget)
  frame.render.world.effects       win=  0.605ms avg=  0.605ms p95=  0.708ms max=  7.183ms calls(last=  1,win= 120,total=5767) (win 3.6% | avg 3.6% budget)
  frame.render.hud.minimap         win=  0.425ms avg=  0.425ms p95=  0.508ms max=  1.297ms calls(last=  1,win= 120,total=5767) (win 2.5% | avg 2.5% budget)
  enemy.physics.frontal_collisions win=  0.421ms avg=  0.506ms p95=  0.847ms max=  1.891ms calls(last=  2,win= 144,total=5452) (win 2.5% | avg 3.0% budget)
  frame.render.world.enemies       win=  0.342ms avg=  0.342ms p95=  0.404ms max=  3.351ms calls(last=  1,win= 120,total=5767) (win 2.1% | avg 2.1% budget)
  enemy.physics.frontal_grid_build win=  0.329ms avg=  0.395ms p95=  0.641ms max=  1.712ms calls(last=  2,win= 144,total=5452) (win 2.0% | avg 2.4% budget)
  audio.route_step                 win=  0.305ms avg=  0.366ms p95=  4.240ms max= 11.929ms calls(last=  2,win= 144,total=6178) (win 1.8% | avg 2.2% budget)
  frame.render.world.enemies.draw  win=  0.289ms avg=  0.289ms p95=  0.340ms max=  3.317ms calls(last=  1,win= 120,total=5767) (win 1.7% | avg 1.7% budget)
  frame.render.hud.text            win=  0.225ms avg=  0.225ms p95=  0.260ms max=  0.742ms calls(last=  1,win= 120,total=5767) (win 1.3% | avg 1.3% budget)
[ENEMY_STATS] frame=8520 alive=121 visible=1 full=9 cheap=112 fullInBase=1 pairs(frontal=0 checks=0 separation=0 resolved=0)
[ENEMY_WINDOW] steps=144 alive[min=121 max=123] visible[min=1 max=2] full[min=9 max=11] collisionPasses[runs=144 skips=0]
[ENEMY_SEGMENTS] window=2.400s D{b/s=11.25 avgLen=4.35 fail=0} T{b/s=0.00 avgLen=0.00 fail=0} H{b/s=0.00 avgLen=0.00 fail=0} A{b/s=0.00 avgLen=0.00 fail=0}
[ENEMY_GRID] frontal{cand/s=642.9 xcell/s=3.8 ins/s=646.7} separation{cand/s=642.9}
[ENEMY_COLLISION_WINDOW] frontal{pairs/s=4.2 checks/s=4.2 baseSkip=0 kill=0(0.0%)} separation{pairs/s=4.2 resolved/s=0.0(0.0%) baseSkip=0 kill=0 wallBlock=0}
[ENEMY_NAV_CACHE] playerCell{changes=0 flowRebuilds=0} flow{hit=0 miss=0 hit%=0.0} pathFallback{calls=0 ok=0 ok%=0.0}
[ENEMY_SAP] updates=17672 active=1543 pairs=10 repairs{x=1994 y=2027}
[ENEMY_PAIR_TYPES] frontal DD=0 DT=10 DH=0 DA=0 TT=0 TH=0 TA=0 HH=0 HA=0 AA=0 separation DD=0 DT=10 DH=0 DA=0 TT=0 TH=0 TA=0 HH=0 HA=0 AA=0
[AUDIO_ROUTE_WINDOW] steps=144 events=23 sounds=23 avg(step ev=0.16 snd=0.16) max(step ev=2 snd=2)
  events{shotP=10 shotE=2 dead=3 spawn=1 base=0 wall=7 start=0 playerExpl=0}
  sounds{shotP=10 shotE=2 dead=3 spawn=1 base=0 wall=7 start=0 playerExpl=0}
[MUSIC_PLAYER_WINDOW] label=menu calls=120 activeCalls=0 buffers=0 avg(buf/call=0.00 active=0.00) max(buf/call=0) upload(total=0.00ms avg=0.000ms max=0.000ms slow=0)
[MUSIC_PLAYER_WINDOW] label=gameplay calls=120 activeCalls=120 buffers=9 avg(buf/call=0.08 active=0.08) max(buf/call=1) upload(total=29.18ms avg=3.242ms max=12.571ms slow=3)

[PROFILE] frame=8640 budget=16.667ms alloc(+183/-183, +14568b/-14568b, live=398400b peak=460152b)
  frame.total                      win= 18.418ms avg= 18.418ms p95= 25.596ms max=106.689ms calls(last=  1,win= 120,total=8640) (win 110.5% | avg 110.5% budget)
  frame.cpu_work                   win= 13.889ms avg= 13.889ms p95= 23.266ms max=105.065ms calls(last=  1,win= 120,total=8640) (win 83.3% | avg 83.3% budget)
  frame.fixed_step                 win=  5.313ms avg=  5.933ms p95= 11.027ms max=104.148ms calls(last=  1,win= 134,total=9064) (win 31.9% | avg 35.6% budget)
  frame.render                     win=  5.121ms avg=  5.121ms p95=  5.592ms max= 25.862ms calls(last=  1,win= 120,total=8640) (win 30.7% | avg 30.7% budget)
  game.update                      win=  5.067ms avg=  5.658ms p95= 10.224ms max=104.116ms calls(last=  1,win= 134,total=6312) (win 30.4% | avg 33.9% budget)
  system.ai_update                 win=  4.810ms avg=  5.371ms p95=  9.611ms max= 17.853ms calls(last=  1,win= 134,total=6250) (win 28.9% | avg 32.2% budget)
  enemy.update                     win=  4.806ms avg=  5.367ms p95=  9.599ms max= 17.843ms calls(last=  1,win= 134,total=6250) (win 28.8% | avg 32.2% budget)
  frame.present                    win=  4.513ms avg=  4.513ms p95=  7.531ms max= 41.440ms calls(last=  1,win= 120,total=8640) (win 27.1% | avg 27.1% budget)
  music.fill_buffer                win=  4.019ms avg=  0.301ms p95=  3.979ms max=  7.434ms calls(last=  0,win=   9,total=590) (win 24.1% | avg 1.8% budget)
  gameplay.music                   win=  2.778ms avg=  2.778ms p95= 11.446ms max= 28.365ms calls(last=  1,win= 120,total=8640) (win 16.7% | avg 16.7% budget)
  frame.render.world               win=  2.488ms avg=  2.488ms p95=  2.840ms max= 10.990ms calls(last=  1,win= 120,total=5887) (win 14.9% | avg 14.9% budget)
  music.update_stream              win=  1.889ms avg=  0.142ms p95=  0.014ms max= 14.322ms calls(last=  0,win=   9,total=590) (win 11.3% | avg 0.8% budget)
  menu.music                       win=  1.390ms avg=  2.780ms p95= 11.448ms max= 28.366ms calls(last=  2,win= 240,total=17280) (win 8.3% | avg 16.7% budget)
  frame.render.world.maze          win=  1.046ms avg=  1.046ms p95=  1.119ms max=  3.160ms calls(last=  1,win= 120,total=5887) (win 6.3% | avg 6.3% budget)
  frame.render.hud                 win=  0.832ms avg=  0.832ms p95=  0.888ms max=  2.480ms calls(last=  1,win= 120,total=5887) (win 5.0% | avg 5.0% budget)
  frame.render.world.effects       win=  0.653ms avg=  0.653ms p95=  0.943ms max=  7.183ms calls(last=  1,win= 120,total=5887) (win 3.9% | avg 3.9% budget)
  frame.render.hud.minimap         win=  0.422ms avg=  0.422ms p95=  0.471ms max=  1.297ms calls(last=  1,win= 120,total=5887) (win 2.5% | avg 2.5% budget)
  enemy.physics.frontal_collisions win=  0.420ms avg=  0.469ms p95=  0.836ms max=  1.891ms calls(last=  1,win= 134,total=5586) (win 2.5% | avg 2.8% budget)
  enemy.physics.frontal_grid_build win=  0.319ms avg=  0.356ms p95=  0.622ms max=  1.712ms calls(last=  1,win= 134,total=5586) (win 1.9% | avg 2.1% budget)
  frame.render.world.enemies       win=  0.319ms avg=  0.319ms p95=  0.362ms max=  3.351ms calls(last=  1,win= 120,total=5887) (win 1.9% | avg 1.9% budget)
  frame.render.world.enemies.draw  win=  0.266ms avg=  0.266ms p95=  0.309ms max=  3.317ms calls(last=  1,win= 120,total=5887) (win 1.6% | avg 1.6% budget)
  audio.route_step                 win=  0.235ms avg=  0.262ms p95=  0.024ms max= 11.929ms calls(last=  1,win= 134,total=6312) (win 1.4% | avg 1.6% budget)
  frame.render.hud.text            win=  0.222ms avg=  0.222ms p95=  0.263ms max=  0.742ms calls(last=  1,win= 120,total=5887) (win 1.3% | avg 1.3% budget)
  enemy.ai.movement                win=  0.108ms avg=  1.199ms p95=  2.104ms max=  5.535ms calls(last= 10,win=1327,total=46511) (win 0.7% | avg 7.2% budget)
[ENEMY_STATS] frame=8640 alive=122 visible=2 full=10 cheap=112 fullInBase=1 pairs(frontal=0 checks=0 separation=0 resolved=0)
[ENEMY_WINDOW] steps=134 alive[min=121 max=122] visible[min=1 max=2] full[min=9 max=10] collisionPasses[runs=134 skips=0]
[ENEMY_SEGMENTS] window=2.233s D{b/s=10.75 avgLen=4.74 fail=0} T{b/s=0.00 avgLen=0.00 fail=0} H{b/s=0.00 avgLen=0.00 fail=0} A{b/s=0.00 avgLen=0.00 fail=0}
[ENEMY_GRID] frontal{cand/s=594.6 xcell/s=1.3 ins/s=596.0} separation{cand/s=594.6}
[ENEMY_COLLISION_WINDOW] frontal{pairs/s=0.0 checks/s=0.0 baseSkip=0 kill=0(0.0%)} separation{pairs/s=0.0 resolved/s=0.0(0.0%) baseSkip=0 kill=0 wallBlock=0}
[ENEMY_NAV_CACHE] playerCell{changes=0 flowRebuilds=0} flow{hit=0 miss=0 hit%=0.0} pathFallback{calls=0 ok=0 ok%=0.0}
[ENEMY_SAP] updates=16336 active=1328 pairs=0 repairs{x=809 y=820}
[ENEMY_PAIR_TYPES] frontal DD=0 DT=0 DH=0 DA=0 TT=0 TH=0 TA=0 HH=0 HA=0 AA=0 separation DD=0 DT=0 DH=0 DA=0 TT=0 TH=0 TA=0 HH=0 HA=0 AA=0
[AUDIO_ROUTE_WINDOW] steps=134 events=9 sounds=9 avg(step ev=0.07 snd=0.07) max(step ev=1 snd=1)
  events{shotP=1 shotE=0 dead=0 spawn=1 base=0 wall=6 start=0 playerExpl=1}
  sounds{shotP=1 shotE=0 dead=0 spawn=1 base=0 wall=6 start=0 playerExpl=1}
[MUSIC_PLAYER_WINDOW] label=menu calls=120 activeCalls=0 buffers=0 avg(buf/call=0.00 active=0.00) max(buf/call=0) upload(total=0.00ms avg=0.000ms max=0.000ms slow=0)
[MUSIC_PLAYER_WINDOW] label=gameplay calls=120 activeCalls=120 buffers=9 avg(buf/call=0.08 active=0.08) max(buf/call=1) upload(total=16.69ms avg=1.855ms max=9.469ms slow=2)

[PROFILE] frame=8760 budget=16.667ms alloc(+0/-0, +0b/-0b, live=398400b peak=460152b)
  frame.total                      win= 16.910ms avg= 16.910ms p95= 17.407ms max=106.689ms calls(last=  1,win= 120,total=8760) (win 101.5% | avg 101.5% budget)
  frame.cpu_work                   win=  9.750ms avg=  9.750ms p95= 14.109ms max=105.065ms calls(last=  1,win= 120,total=8760) (win 58.5% | avg 58.5% budget)
  frame.present                    win=  7.146ms avg=  7.146ms p95=  9.565ms max= 41.440ms calls(last=  1,win= 120,total=8760) (win 42.9% | avg 42.9% budget)
  frame.render                     win=  4.990ms avg=  4.990ms p95=  5.397ms max= 25.862ms calls(last=  1,win= 120,total=8760) (win 29.9% | avg 29.9% budget)
  music.fill_buffer                win=  4.078ms avg=  0.272ms p95=  3.981ms max=  7.434ms calls(last=  0,win=   8,total=598) (win 24.5% | avg 1.6% budget)
  frame.fixed_step                 win=  3.969ms avg=  4.068ms p95=  6.563ms max=104.148ms calls(last=  1,win= 123,total=9187) (win 23.8% | avg 24.4% budget)
  game.update                      win=  3.950ms avg=  4.049ms p95=  6.546ms max=104.116ms calls(last=  1,win= 123,total=6435) (win 23.7% | avg 24.3% budget)
  system.ai_update                 win=  3.759ms avg=  3.853ms p95=  6.374ms max= 17.853ms calls(last=  1,win= 123,total=6373) (win 22.6% | avg 23.1% budget)
  enemy.update                     win=  3.755ms avg=  3.848ms p95=  6.370ms max= 17.843ms calls(last=  1,win= 123,total=6373) (win 22.5% | avg 23.1% budget)
  frame.render.world               win=  2.386ms avg=  2.386ms p95=  2.660ms max= 10.990ms calls(last=  1,win= 120,total=6007) (win 14.3% | avg 14.3% budget)
  frame.render.world.maze          win=  0.979ms avg=  0.979ms p95=  1.087ms max=  3.160ms calls(last=  1,win= 120,total=6007) (win 5.9% | avg 5.9% budget)
  frame.render.hud                 win=  0.824ms avg=  0.824ms p95=  0.876ms max=  2.480ms calls(last=  1,win= 120,total=6007) (win 4.9% | avg 4.9% budget)
  gameplay.music                   win=  0.636ms avg=  0.636ms p95=  4.298ms max= 28.365ms calls(last=  1,win= 120,total=8760) (win 3.8% | avg 3.8% budget)
  frame.render.world.effects       win=  0.476ms avg=  0.476ms p95=  0.567ms max=  7.183ms calls(last=  1,win= 120,total=6007) (win 2.9% | avg 2.9% budget)
  frame.render.hud.minimap         win=  0.420ms avg=  0.420ms p95=  0.465ms max=  1.297ms calls(last=  1,win= 120,total=6007) (win 2.5% | avg 2.5% budget)
  enemy.physics.frontal_collisions win=  0.413ms avg=  0.213ms p95=  0.447ms max=  1.891ms calls(last=  0,win=  62,total=5648) (win 2.5% | avg 1.3% budget)
  menu.music                       win=  0.319ms avg=  0.639ms p95=  4.299ms max= 28.366ms calls(last=  2,win= 240,total=17520) (win 1.9% | avg 3.8% budget)
  enemy.physics.frontal_grid_build win=  0.313ms avg=  0.162ms p95=  0.330ms max=  1.712ms calls(last=  0,win=  62,total=5648) (win 1.9% | avg 1.0% budget)
  frame.render.world.enemies       win=  0.259ms avg=  0.259ms p95=  0.315ms max=  3.351ms calls(last=  1,win= 120,total=6007) (win 1.6% | avg 1.6% budget)
  frame.render.hud.text            win=  0.222ms avg=  0.222ms p95=  0.269ms max=  0.742ms calls(last=  1,win= 120,total=6007) (win 1.3% | avg 1.3% budget)
  frame.render.world.enemies.draw  win=  0.207ms avg=  0.207ms p95=  0.254ms max=  3.317ms calls(last=  1,win= 120,total=6007) (win 1.2% | avg 1.2% budget)
  enemy.ai.movement                win=  0.114ms avg=  0.590ms p95=  1.181ms max=  5.535ms calls(last=  0,win= 620,total=47131) (win 0.7% | avg 3.5% budget)
  system.spawner_update            win=  0.073ms avg=  0.075ms p95=  0.097ms max=  0.622ms calls(last=  1,win= 123,total=6373) (win 0.4% | avg 0.5% budget)
  enemy.physics.frontal_pair_traverse win=  0.063ms avg=  0.032ms p95=  0.068ms max=  0.374ms calls(last=  0,win=  62,total=5648) (win 0.4% | avg 0.2% budget)
[ENEMY_STATS] frame=8760 alive=123 visible=0 full=0 cheap=123 fullInBase=0 pairs(frontal=0 checks=0 separation=0 resolved=0)
[ENEMY_WINDOW] steps=123 alive[min=122 max=123] visible[min=0 max=2] full[min=0 max=10] collisionPasses[runs=61 skips=62]
[ENEMY_SEGMENTS] window=2.050s D{b/s=17.07 avgLen=4.51 fail=0} T{b/s=0.00 avgLen=0.00 fail=0} H{b/s=0.00 avgLen=0.00 fail=0} A{b/s=0.00 avgLen=0.00 fail=0}
[ENEMY_GRID] frontal{cand/s=297.6 xcell/s=1.0 ins/s=298.5} separation{cand/s=297.6}
[ENEMY_COLLISION_WINDOW] frontal{pairs/s=0.0 checks/s=0.0 baseSkip=0 kill=0(0.0%)} separation{pairs/s=0.0 resolved/s=0.0(0.0%) baseSkip=0 kill=0 wallBlock=0}
[ENEMY_NAV_CACHE] playerCell{changes=0 flowRebuilds=0} flow{hit=0 miss=0 hit%=0.0} pathFallback{calls=0 ok=0 ok%=0.0}
[ENEMY_SAP] updates=7442 active=610 pairs=0 repairs{x=2 y=0}
[ENEMY_PAIR_TYPES] frontal DD=0 DT=0 DH=0 DA=0 TT=0 TH=0 TA=0 HH=0 HA=0 AA=0 separation DD=0 DT=0 DH=0 DA=0 TT=0 TH=0 TA=0 HH=0 HA=0 AA=0
[AUDIO_ROUTE_WINDOW] steps=123 events=2 sounds=1 avg(step ev=0.02 snd=0.01) max(step ev=1 snd=1)
  events{shotP=0 shotE=0 dead=0 spawn=1 base=0 wall=0 start=1 playerExpl=0}
  sounds{shotP=0 shotE=0 dead=0 spawn=0 base=0 wall=0 start=1 playerExpl=0}
[MUSIC_PLAYER_WINDOW] label=menu calls=120 activeCalls=0 buffers=0 avg(buf/call=0.00 active=0.00) max(buf/call=0) upload(total=0.00ms avg=0.000ms max=0.000ms slow=0)
[MUSIC_PLAYER_WINDOW] label=gameplay calls=120 activeCalls=120 buffers=8 avg(buf/call=0.07 active=0.07) max(buf/call=1) upload(total=0.08ms avg=0.010ms max=0.011ms slow=0)

[PROFILE] frame=8880 budget=16.667ms alloc(+0/-0, +0b/-0b, live=398400b peak=460152b)
  frame.total                      win= 16.867ms avg= 16.867ms p95= 17.241ms max=106.689ms calls(last=  1,win= 120,total=8880) (win 101.2% | avg 101.2% budget)
  frame.cpu_work                   win=  8.588ms avg=  8.588ms p95= 11.426ms max=105.065ms calls(last=  1,win= 120,total=8880) (win 51.5% | avg 51.5% budget)
  frame.present                    win=  8.265ms avg=  8.265ms p95=  9.760ms max= 41.440ms calls(last=  1,win= 120,total=8880) (win 49.6% | avg 49.6% budget)
  frame.render                     win=  4.998ms avg=  4.998ms p95=  5.295ms max= 25.862ms calls(last=  1,win= 120,total=8880) (win 30.0% | avg 30.0% budget)
  music.fill_buffer                win=  4.022ms avg=  0.268ms p95=  3.995ms max=  7.434ms calls(last=  0,win=   8,total=606) (win 24.1% | avg 1.6% budget)
  frame.fixed_step                 win=  3.005ms avg=  3.055ms p95=  4.786ms max=104.148ms calls(last=  1,win= 122,total=9309) (win 18.0% | avg 18.3% budget)
  game.update                      win=  2.987ms avg=  3.036ms p95=  4.768ms max=104.116ms calls(last=  1,win= 122,total=6557) (win 17.9% | avg 18.2% budget)
  system.ai_update                 win=  2.771ms avg=  2.817ms p95=  4.553ms max= 17.853ms calls(last=  1,win= 122,total=6495) (win 16.6% | avg 16.9% budget)
  enemy.update                     win=  2.767ms avg=  2.813ms p95=  4.549ms max= 17.843ms calls(last=  1,win= 122,total=6495) (win 16.6% | avg 16.9% budget)
  frame.render.world               win=  2.435ms avg=  2.435ms p95=  2.674ms max= 10.990ms calls(last=  1,win= 120,total=6127) (win 14.6% | avg 14.6% budget)
  frame.render.world.maze          win=  0.912ms avg=  0.912ms p95=  0.976ms max=  3.160ms calls(last=  1,win= 120,total=6127) (win 5.5% | avg 5.5% budget)
  frame.render.hud                 win=  0.813ms avg=  0.813ms p95=  0.857ms max=  2.480ms calls(last=  1,win= 120,total=6127) (win 4.9% | avg 4.9% budget)
  gameplay.music                   win=  0.479ms avg=  0.479ms p95=  4.015ms max= 28.365ms calls(last=  1,win= 120,total=8880) (win 2.9% | avg 2.9% budget)
  frame.render.world.effects       win=  0.469ms avg=  0.469ms p95=  0.568ms max=  7.183ms calls(last=  1,win= 120,total=6127) (win 2.8% | avg 2.8% budget)
  frame.render.hud.minimap         win=  0.416ms avg=  0.416ms p95=  0.456ms max=  1.297ms calls(last=  1,win= 120,total=6127) (win 2.5% | avg 2.5% budget)
  menu.music                       win=  0.241ms avg=  0.482ms p95=  4.017ms max= 28.366ms calls(last=  2,win= 240,total=17760) (win 1.4% | avg 2.9% budget)
  frame.render.world.enemies       win=  0.230ms avg=  0.230ms p95=  0.267ms max=  3.351ms calls(last=  1,win= 120,total=6127) (win 1.4% | avg 1.4% budget)
  frame.render.hud.text            win=  0.222ms avg=  0.222ms p95=  0.260ms max=  0.742ms calls(last=  1,win= 120,total=6127) (win 1.3% | avg 1.3% budget)
  frame.render.world.enemies.draw  win=  0.181ms avg=  0.181ms p95=  0.218ms max=  3.317ms calls(last=  1,win= 120,total=6127) (win 1.1% | avg 1.1% budget)
  enemy.ai.movement                win=  0.165ms avg=  0.058ms p95=  0.170ms max=  5.535ms calls(last=  0,win=  42,total=47173) (win 1.0% | avg 0.3% budget)
  system.spawner_update            win=  0.069ms avg=  0.070ms p95=  0.074ms max=  0.622ms calls(last=  1,win= 122,total=6495) (win 0.4% | avg 0.4% budget)
  enemy.cheap.segment_build        win=  0.062ms avg=  0.012ms p95=  0.066ms max=  0.958ms calls(last=  0,win=  24,total=964) (win 0.4% | avg 0.1% budget)
  enemy.movement.wall_check        win=  0.060ms avg=  0.021ms p95=  0.060ms max=  1.451ms calls(last=  0,win=  42,total=47173) (win 0.4% | avg 0.1% budget)
  frame.render.hud.compass         win=  0.050ms avg=  0.050ms p95=  0.052ms max=  0.208ms calls(last=  1,win= 120,total=6127) (win 0.3% | avg 0.3% budget)
[ENEMY_STATS] frame=8880 alive=123 visible=0 full=0 cheap=123 fullInBase=0 pairs(frontal=0 checks=0 separation=0 resolved=0)
[ENEMY_WINDOW] steps=122 alive[min=123 max=123] visible[min=0 max=0] full[min=0 max=1] collisionPasses[runs=0 skips=122]
[ENEMY_SEGMENTS] window=2.033s D{b/s=11.80 avgLen=5.22 fail=0} T{b/s=0.00 avgLen=0.00 fail=0} H{b/s=0.00 avgLen=0.00 fail=0} A{b/s=0.00 avgLen=0.00 fail=0}
[ENEMY_GRID] frontal{cand/s=0.0 xcell/s=0.0 ins/s=0.0} separation{cand/s=0.0}
[ENEMY_COLLISION_WINDOW] frontal{pairs/s=0.0 checks/s=0.0 baseSkip=0 kill=0(0.0%)} separation{pairs/s=0.0 resolved/s=0.0(0.0%) baseSkip=0 kill=0 wallBlock=0}
[ENEMY_NAV_CACHE] playerCell{changes=0 flowRebuilds=0} flow{hit=0 miss=0 hit%=0.0} pathFallback{calls=0 ok=0 ok%=0.0}
[ENEMY_SAP] updates=0 active=0 pairs=0 repairs{x=0 y=0}
[ENEMY_PAIR_TYPES] frontal DD=0 DT=0 DH=0 DA=0 TT=0 TH=0 TA=0 HH=0 HA=0 AA=0 separation DD=0 DT=0 DH=0 DA=0 TT=0 TH=0 TA=0 HH=0 HA=0 AA=0
[AUDIO_ROUTE_WINDOW] steps=122 events=0 sounds=0 avg(step ev=0.00 snd=0.00) max(step ev=0 snd=0)
  events{shotP=0 shotE=0 dead=0 spawn=0 base=0 wall=0 start=0 playerExpl=0}
  sounds{shotP=0 shotE=0 dead=0 spawn=0 base=0 wall=0 start=0 playerExpl=0}
[MUSIC_PLAYER_WINDOW] label=menu calls=120 activeCalls=0 buffers=0 avg(buf/call=0.00 active=0.00) max(buf/call=0) upload(total=0.00ms avg=0.000ms max=0.000ms slow=0)
[MUSIC_PLAYER_WINDOW] label=gameplay calls=120 activeCalls=120 buffers=8 avg(buf/call=0.07 active=0.07) max(buf/call=1) upload(total=0.08ms avg=0.009ms max=0.011ms slow=0)

[PROFILE] frame=9000 budget=16.667ms alloc(+0/-0, +0b/-0b, live=398400b peak=460152b)
  frame.total                      win= 16.862ms avg= 16.862ms p95= 17.293ms max=106.689ms calls(last=  1,win= 120,total=9000) (win 101.2% | avg 101.2% budget)
  frame.present                    win=  8.557ms avg=  8.557ms p95= 10.236ms max= 41.440ms calls(last=  1,win= 120,total=9000) (win 51.3% | avg 51.3% budget)
  frame.cpu_work                   win=  8.291ms avg=  8.291ms p95= 11.729ms max=105.065ms calls(last=  1,win= 120,total=9000) (win 49.7% | avg 49.7% budget)
  frame.render                     win=  4.922ms avg=  4.922ms p95=  5.256ms max= 25.862ms calls(last=  1,win= 120,total=9000) (win 29.5% | avg 29.5% budget)
  music.fill_buffer                win=  4.036ms avg=  0.269ms p95=  3.992ms max=  7.434ms calls(last=  0,win=   8,total=614) (win 24.2% | avg 1.6% budget)
  frame.fixed_step                 win=  2.913ms avg=  2.985ms p95=  4.841ms max=104.148ms calls(last=  1,win= 123,total=9432) (win 17.5% | avg 17.9% budget)
  game.update                      win=  2.895ms avg=  2.967ms p95=  4.824ms max=104.116ms calls(last=  1,win= 123,total=6680) (win 17.4% | avg 17.8% budget)
  system.ai_update                 win=  2.669ms avg=  2.736ms p95=  4.433ms max= 17.853ms calls(last=  1,win= 123,total=6618) (win 16.0% | avg 16.4% budget)
  enemy.update                     win=  2.665ms avg=  2.731ms p95=  4.429ms max= 17.843ms calls(last=  1,win= 123,total=6618) (win 16.0% | avg 16.4% budget)
  frame.render.world               win=  2.350ms avg=  2.350ms p95=  2.566ms max= 10.990ms calls(last=  1,win= 120,total=6247) (win 14.1% | avg 14.1% budget)
  frame.render.world.maze          win=  0.859ms avg=  0.859ms p95=  0.940ms max=  3.160ms calls(last=  1,win= 120,total=6247) (win 5.2% | avg 5.2% budget)
  frame.render.hud                 win=  0.825ms avg=  0.825ms p95=  0.909ms max=  2.480ms calls(last=  1,win= 120,total=6247) (win 4.9% | avg 4.9% budget)
  frame.render.world.effects       win=  0.471ms avg=  0.471ms p95=  0.586ms max=  7.183ms calls(last=  1,win= 120,total=6247) (win 2.8% | avg 2.8% budget)
  frame.render.hud.minimap         win=  0.421ms avg=  0.421ms p95=  0.464ms max=  1.297ms calls(last=  1,win= 120,total=6247) (win 2.5% | avg 2.5% budget)
  gameplay.music                   win=  0.328ms avg=  0.328ms p95=  4.012ms max= 28.365ms calls(last=  1,win= 120,total=9000) (win 2.0% | avg 2.0% budget)
  frame.render.world.enemies       win=  0.230ms avg=  0.230ms p95=  0.265ms max=  3.351ms calls(last=  1,win= 120,total=6247) (win 1.4% | avg 1.4% budget)
  frame.render.hud.text            win=  0.225ms avg=  0.225ms p95=  0.255ms max=  0.742ms calls(last=  1,win= 120,total=6247) (win 1.3% | avg 1.3% budget)
  frame.render.world.enemies.draw  win=  0.181ms avg=  0.181ms p95=  0.216ms max=  3.317ms calls(last=  1,win= 120,total=6247) (win 1.1% | avg 1.1% budget)
  menu.music                       win=  0.165ms avg=  0.331ms p95=  4.014ms max= 28.366ms calls(last=  2,win= 240,total=18000) (win 1.0% | avg 2.0% budget)
  system.spawner_update            win=  0.068ms avg=  0.070ms p95=  0.075ms max=  0.622ms calls(last=  1,win= 123,total=6618) (win 0.4% | avg 0.4% budget)
  enemy.cheap.segment_build        win=  0.068ms avg=  0.012ms p95=  0.067ms max=  0.958ms calls(last=  0,win=  21,total=985) (win 0.4% | avg 0.1% budget)
  frame.render.hud.compass         win=  0.050ms avg=  0.050ms p95=  0.052ms max=  0.208ms calls(last=  1,win= 120,total=6247) (win 0.3% | avg 0.3% budget)
  frame.render.hud.static          win=  0.047ms avg=  0.047ms p95=  0.063ms max=  0.187ms calls(last=  1,win= 120,total=6247) (win 0.3% | avg 0.3% budget)
  frame.render.world.enemies.cull  win=  0.043ms avg=  0.043ms p95=  0.043ms max=  0.303ms calls(last=  1,win= 120,total=6247) (win 0.3% | avg 0.3% budget)
[ENEMY_STATS] frame=9000 alive=123 visible=0 full=0 cheap=123 fullInBase=0 pairs(frontal=0 checks=0 separation=0 resolved=0)
[ENEMY_WINDOW] steps=123 alive[min=123 max=123] visible[min=0 max=0] full[min=0 max=0] collisionPasses[runs=0 skips=123]
[ENEMY_SEGMENTS] window=2.050s D{b/s=10.24 avgLen=4.58 fail=0} T{b/s=0.00 avgLen=0.00 fail=0} H{b/s=0.00 avgLen=0.00 fail=0} A{b/s=0.00 avgLen=0.00 fail=0}
[ENEMY_GRID] frontal{cand/s=0.0 xcell/s=0.0 ins/s=0.0} separation{cand/s=0.0}
[ENEMY_COLLISION_WINDOW] frontal{pairs/s=0.0 checks/s=0.0 baseSkip=0 kill=0(0.0%)} separation{pairs/s=0.0 resolved/s=0.0(0.0%) baseSkip=0 kill=0 wallBlock=0}
[ENEMY_NAV_CACHE] playerCell{changes=0 flowRebuilds=0} flow{hit=0 miss=0 hit%=0.0} pathFallback{calls=0 ok=0 ok%=0.0}
[ENEMY_SAP] updates=0 active=0 pairs=0 repairs{x=0 y=0}
[ENEMY_PAIR_TYPES] frontal DD=0 DT=0 DH=0 DA=0 TT=0 TH=0 TA=0 HH=0 HA=0 AA=0 separation DD=0 DT=0 DH=0 DA=0 TT=0 TH=0 TA=0 HH=0 HA=0 AA=0
[AUDIO_ROUTE_WINDOW] steps=123 events=0 sounds=0 avg(step ev=0.00 snd=0.00) max(step ev=0 snd=0)
  events{shotP=0 shotE=0 dead=0 spawn=0 base=0 wall=0 start=0 playerExpl=0}
  sounds{shotP=0 shotE=0 dead=0 spawn=0 base=0 wall=0 start=0 playerExpl=0}
[MUSIC_PLAYER_WINDOW] label=menu calls=120 activeCalls=0 buffers=0 avg(buf/call=0.00 active=0.00) max(buf/call=0) upload(total=0.00ms avg=0.000ms max=0.000ms slow=0)
[MUSIC_PLAYER_WINDOW] label=gameplay calls=120 activeCalls=120 buffers=8 avg(buf/call=0.07 active=0.07) max(buf/call=1) upload(total=0.08ms avg=0.009ms max=0.011ms slow=0)

[PROFILE] frame=9120 budget=16.667ms alloc(+37/-37, +2936b/-2936b, live=398400b peak=460152b)
  frame.total                      win= 16.865ms avg= 16.865ms p95= 17.299ms max=106.689ms calls(last=  1,win= 120,total=9120) (win 101.2% | avg 101.2% budget)
  frame.cpu_work                   win=  8.791ms avg=  8.791ms p95= 11.797ms max=105.065ms calls(last=  1,win= 120,total=9120) (win 52.7% | avg 52.7% budget)
  frame.present                    win=  8.060ms avg=  8.060ms p95=  9.764ms max= 41.440ms calls(last=  1,win= 120,total=9120) (win 48.4% | avg 48.4% budget)
  frame.render                     win=  4.872ms avg=  4.872ms p95=  5.142ms max= 25.862ms calls(last=  1,win= 120,total=9120) (win 29.2% | avg 29.2% budget)
  music.fill_buffer                win=  4.027ms avg=  0.268ms p95=  3.968ms max=  7.434ms calls(last=  1,win=   8,total=622) (win 24.2% | avg 1.6% budget)
  frame.fixed_step                 win=  3.483ms avg=  3.541ms p95=  5.484ms max=104.148ms calls(last=  1,win= 122,total=9554) (win 20.9% | avg 21.2% budget)
  game.update                      win=  3.464ms avg=  3.521ms p95=  5.467ms max=104.116ms calls(last=  1,win= 122,total=6802) (win 20.8% | avg 21.1% budget)
  system.ai_update                 win=  3.233ms avg=  3.287ms p95=  5.196ms max= 17.853ms calls(last=  1,win= 122,total=6740) (win 19.4% | avg 19.7% budget)
  enemy.update                     win=  3.229ms avg=  3.283ms p95=  5.192ms max= 17.843ms calls(last=  1,win= 122,total=6740) (win 19.4% | avg 19.7% budget)
  frame.render.world               win=  2.231ms avg=  2.231ms p95=  2.425ms max= 10.990ms calls(last=  1,win= 120,total=6367) (win 13.4% | avg 13.4% budget)
  frame.render.hud                 win=  0.824ms avg=  0.824ms p95=  0.909ms max=  2.480ms calls(last=  1,win= 120,total=6367) (win 4.9% | avg 4.9% budget)
  frame.render.world.maze          win=  0.787ms avg=  0.787ms p95=  0.878ms max=  3.160ms calls(last=  1,win= 120,total=6367) (win 4.7% | avg 4.7% budget)
  frame.render.world.effects       win=  0.455ms avg=  0.455ms p95=  0.588ms max=  7.183ms calls(last=  1,win= 120,total=6367) (win 2.7% | avg 2.7% budget)
  frame.render.hud.minimap         win=  0.422ms avg=  0.422ms p95=  0.485ms max=  1.297ms calls(last=  1,win= 120,total=6367) (win 2.5% | avg 2.5% budget)
  enemy.physics.frontal_collisions win=  0.398ms avg=  0.239ms p95=  0.446ms max=  1.891ms calls(last=  1,win=  72,total=5720) (win 2.4% | avg 1.4% budget)
  gameplay.music                   win=  0.322ms avg=  0.322ms p95=  3.991ms max= 28.365ms calls(last=  1,win= 120,total=9120) (win 1.9% | avg 1.9% budget)
  enemy.physics.frontal_grid_build win=  0.319ms avg=  0.191ms p95=  0.345ms max=  1.712ms calls(last=  1,win=  72,total=5720) (win 1.9% | avg 1.1% budget)
  frame.render.world.enemies       win=  0.230ms avg=  0.230ms p95=  0.265ms max=  3.351ms calls(last=  1,win= 120,total=6367) (win 1.4% | avg 1.4% budget)
  frame.render.hud.text            win=  0.227ms avg=  0.227ms p95=  0.269ms max=  0.742ms calls(last=  1,win= 120,total=6367) (win 1.4% | avg 1.4% budget)
  frame.render.world.enemies.draw  win=  0.180ms avg=  0.180ms p95=  0.214ms max=  3.317ms calls(last=  1,win= 120,total=6367) (win 1.1% | avg 1.1% budget)
  menu.music                       win=  0.163ms avg=  0.325ms p95=  3.992ms max= 28.366ms calls(last=  2,win= 240,total=18240) (win 1.0% | avg 2.0% budget)
  enemy.ai.movement                win=  0.129ms avg=  0.204ms p95=  0.279ms max=  5.535ms calls(last=  2,win= 190,total=47363) (win 0.8% | avg 1.2% budget)
  system.spawner_update            win=  0.071ms avg=  0.072ms p95=  0.093ms max=  0.622ms calls(last=  1,win= 122,total=6740) (win 0.4% | avg 0.4% budget)
  frame.render.hud.compass         win=  0.052ms avg=  0.052ms p95=  0.053ms max=  0.208ms calls(last=  1,win= 120,total=6367) (win 0.3% | avg 0.3% budget)
[ENEMY_STATS] frame=9120 alive=123 visible=0 full=2 cheap=121 fullInBase=0 pairs(frontal=0 checks=0 separation=0 resolved=0)
[ENEMY_WINDOW] steps=122 alive[min=123 max=123] visible[min=0 max=0] full[min=0 max=2] collisionPasses[runs=73 skips=49]
[ENEMY_SEGMENTS] window=2.033s D{b/s=13.77 avgLen=4.65 fail=0} T{b/s=0.00 avgLen=0.00 fail=0} H{b/s=0.00 avgLen=0.00 fail=0} A{b/s=0.00 avgLen=0.00 fail=0}
[ENEMY_GRID] frontal{cand/s=71.8 xcell/s=1.0 ins/s=72.8} separation{cand/s=71.8}
[ENEMY_COLLISION_WINDOW] frontal{pairs/s=0.0 checks/s=0.0 baseSkip=0 kill=0(0.0%)} separation{pairs/s=0.0 resolved/s=0.0(0.0%) baseSkip=0 kill=0 wallBlock=0}
[ENEMY_NAV_CACHE] playerCell{changes=0 flowRebuilds=0} flow{hit=0 miss=0 hit%=0.0} pathFallback{calls=0 ok=0 ok%=0.0}
[ENEMY_SAP] updates=8979 active=146 pairs=0 repairs{x=118 y=118}
[ENEMY_PAIR_TYPES] frontal DD=0 DT=0 DH=0 DA=0 TT=0 TH=0 TA=0 HH=0 HA=0 AA=0 separation DD=0 DT=0 DH=0 DA=0 TT=0 TH=0 TA=0 HH=0 HA=0 AA=0
[AUDIO_ROUTE_WINDOW] steps=122 events=0 sounds=0 avg(step ev=0.00 snd=0.00) max(step ev=0 snd=0)
  events{shotP=0 shotE=0 dead=0 spawn=0 base=0 wall=0 start=0 playerExpl=0}
  sounds{shotP=0 shotE=0 dead=0 spawn=0 base=0 wall=0 start=0 playerExpl=0}
[MUSIC_PLAYER_WINDOW] label=menu calls=120 activeCalls=0 buffers=0 avg(buf/call=0.00 active=0.00) max(buf/call=0) upload(total=0.00ms avg=0.000ms max=0.000ms slow=0)
[MUSIC_PLAYER_WINDOW] label=gameplay calls=120 activeCalls=120 buffers=8 avg(buf/call=0.07 active=0.07) max(buf/call=1) upload(total=0.08ms avg=0.009ms max=0.010ms slow=0)

[PROFILE] frame=9240 budget=16.667ms alloc(+109/-109, +8696b/-8696b, live=398400b peak=460152b)
  frame.total                      win= 16.870ms avg= 16.870ms p95= 17.399ms max=106.689ms calls(last=  1,win= 120,total=9240) (win 101.2% | avg 101.2% budget)
  frame.cpu_work                   win=  9.221ms avg=  9.221ms p95= 12.616ms max=105.065ms calls(last=  1,win= 120,total=9240) (win 55.3% | avg 55.3% budget)
  frame.present                    win=  7.635ms avg=  7.635ms p95=  9.370ms max= 41.440ms calls(last=  1,win= 120,total=9240) (win 45.8% | avg 45.8% budget)
  frame.render                     win=  4.796ms avg=  4.796ms p95=  5.097ms max= 25.862ms calls(last=  1,win= 120,total=9240) (win 28.8% | avg 28.8% budget)
  music.fill_buffer                win=  4.029ms avg=  0.269ms p95=  3.949ms max=  7.434ms calls(last=  1,win=   8,total=630) (win 24.2% | avg 1.6% budget)
  frame.fixed_step                 win=  3.968ms avg=  4.068ms p95=  5.512ms max=104.148ms calls(last=  1,win= 123,total=9677) (win 23.8% | avg 24.4% budget)
  game.update                      win=  3.950ms avg=  4.048ms p95=  5.495ms max=104.116ms calls(last=  1,win= 123,total=6925) (win 23.7% | avg 24.3% budget)
  system.ai_update                 win=  3.723ms avg=  3.816ms p95=  5.270ms max= 17.853ms calls(last=  1,win= 123,total=6863) (win 22.3% | avg 22.9% budget)
  enemy.update                     win=  3.719ms avg=  3.812ms p95=  5.266ms max= 17.843ms calls(last=  1,win= 123,total=6863) (win 22.3% | avg 22.9% budget)
  frame.render.world               win=  2.193ms avg=  2.193ms p95=  2.470ms max= 10.990ms calls(last=  1,win= 120,total=6487) (win 13.2% | avg 13.2% budget)
  frame.render.hud                 win=  0.823ms avg=  0.823ms p95=  0.897ms max=  2.480ms calls(last=  1,win= 120,total=6487) (win 4.9% | avg 4.9% budget)
  frame.render.world.maze          win=  0.725ms avg=  0.725ms p95=  0.874ms max=  3.160ms calls(last=  1,win= 120,total=6487) (win 4.3% | avg 4.3% budget)
  frame.render.world.effects       win=  0.462ms avg=  0.462ms p95=  0.551ms max=  7.183ms calls(last=  1,win= 120,total=6487) (win 2.8% | avg 2.8% budget)
  frame.render.hud.minimap         win=  0.423ms avg=  0.423ms p95=  0.470ms max=  1.297ms calls(last=  1,win= 120,total=6487) (win 2.5% | avg 2.5% budget)
  enemy.physics.frontal_collisions win=  0.397ms avg=  0.407ms p95=  0.477ms max=  1.891ms calls(last=  1,win= 123,total=5843) (win 2.4% | avg 2.4% budget)
  enemy.physics.frontal_grid_build win=  0.316ms avg=  0.324ms p95=  0.395ms max=  1.712ms calls(last=  1,win= 123,total=5843) (win 1.9% | avg 1.9% budget)
  gameplay.music                   win=  0.301ms avg=  0.301ms p95=  3.970ms max= 28.365ms calls(last=  1,win= 120,total=9240) (win 1.8% | avg 1.8% budget)
  frame.render.world.enemies       win=  0.243ms avg=  0.243ms p95=  0.274ms max=  3.351ms calls(last=  1,win= 120,total=6487) (win 1.5% | avg 1.5% budget)
  frame.render.hud.text            win=  0.223ms avg=  0.223ms p95=  0.262ms max=  0.742ms calls(last=  1,win= 120,total=6487) (win 1.3% | avg 1.3% budget)
  frame.render.world.enemies.draw  win=  0.193ms avg=  0.193ms p95=  0.216ms max=  3.317ms calls(last=  1,win= 120,total=6487) (win 1.2% | avg 1.2% budget)
  menu.music                       win=  0.152ms avg=  0.304ms p95=  3.972ms max= 28.366ms calls(last=  2,win= 240,total=18480) (win 0.9% | avg 1.8% budget)
  enemy.ai.movement                win=  0.119ms avg=  0.466ms p95=  0.711ms max=  5.535ms calls(last=  6,win= 471,total=47834) (win 0.7% | avg 2.8% budget)
  system.spawner_update            win=  0.071ms avg=  0.072ms p95=  0.076ms max=  0.622ms calls(last=  1,win= 123,total=6863) (win 0.4% | avg 0.4% budget)
  frame.render.hud.compass         win=  0.052ms avg=  0.052ms p95=  0.053ms max=  0.208ms calls(last=  1,win= 120,total=6487) (win 0.3% | avg 0.3% budget)
[ENEMY_STATS] frame=9240 alive=123 visible=1 full=6 cheap=117 fullInBase=0 pairs(frontal=0 checks=0 separation=0 resolved=0)
[ENEMY_WINDOW] steps=123 alive[min=123 max=123] visible[min=0 max=1] full[min=2 max=6] collisionPasses[runs=123 skips=0]
[ENEMY_SEGMENTS] window=2.050s D{b/s=10.73 avgLen=4.27 fail=0} T{b/s=0.00 avgLen=0.00 fail=0} H{b/s=0.00 avgLen=0.00 fail=0} A{b/s=0.00 avgLen=0.00 fail=0}
[ENEMY_GRID] frontal{cand/s=231.7 xcell/s=1.5 ins/s=233.2} separation{cand/s=231.7}
[ENEMY_COLLISION_WINDOW] frontal{pairs/s=0.0 checks/s=0.0 baseSkip=0 kill=0(0.0%)} separation{pairs/s=0.0 resolved/s=0.0(0.0%) baseSkip=0 kill=0 wallBlock=0}
[ENEMY_NAV_CACHE] playerCell{changes=0 flowRebuilds=0} flow{hit=0 miss=0 hit%=0.0} pathFallback{calls=0 ok=0 ok%=0.0}
[ENEMY_SAP] updates=15129 active=475 pairs=0 repairs{x=306 y=305}
[ENEMY_PAIR_TYPES] frontal DD=0 DT=0 DH=0 DA=0 TT=0 TH=0 TA=0 HH=0 HA=0 AA=0 separation DD=0 DT=0 DH=0 DA=0 TT=0 TH=0 TA=0 HH=0 HA=0 AA=0
[AUDIO_ROUTE_WINDOW] steps=123 events=0 sounds=0 avg(step ev=0.00 snd=0.00) max(step ev=0 snd=0)
  events{shotP=0 shotE=0 dead=0 spawn=0 base=0 wall=0 start=0 playerExpl=0}
  sounds{shotP=0 shotE=0 dead=0 spawn=0 base=0 wall=0 start=0 playerExpl=0}
[MUSIC_PLAYER_WINDOW] label=menu calls=120 activeCalls=0 buffers=0 avg(buf/call=0.00 active=0.00) max(buf/call=0) upload(total=0.00ms avg=0.000ms max=0.000ms slow=0)
[MUSIC_PLAYER_WINDOW] label=gameplay calls=120 activeCalls=120 buffers=8 avg(buf/call=0.07 active=0.07) max(buf/call=1) upload(total=0.08ms avg=0.010ms max=0.011ms slow=0)

[PROFILE] frame=9360 budget=16.667ms alloc(+145/-145, +11576b/-11576b, live=398400b peak=460152b)
  frame.total                      win= 16.907ms avg= 16.907ms p95= 17.494ms max=106.689ms calls(last=  1,win= 120,total=9360) (win 101.4% | avg 101.4% budget)
  frame.cpu_work                   win= 10.375ms avg= 10.375ms p95= 13.820ms max=105.065ms calls(last=  1,win= 120,total=9360) (win 62.2% | avg 62.2% budget)
  frame.present                    win=  6.519ms avg=  6.519ms p95=  8.345ms max= 41.440ms calls(last=  1,win= 120,total=9360) (win 39.1% | avg 39.1% budget)
  frame.render                     win=  5.084ms avg=  5.084ms p95=  5.461ms max= 25.862ms calls(last=  1,win= 120,total=9360) (win 30.5% | avg 30.5% budget)
  frame.fixed_step                 win=  4.729ms avg=  4.847ms p95=  6.664ms max=104.148ms calls(last=  1,win= 123,total=9800) (win 28.4% | avg 29.1% budget)
  game.update                      win=  4.710ms avg=  4.828ms p95=  6.645ms max=104.116ms calls(last=  1,win= 123,total=7048) (win 28.3% | avg 29.0% budget)
  system.ai_update                 win=  4.456ms avg=  4.567ms p95=  6.397ms max= 17.853ms calls(last=  1,win= 123,total=6986) (win 26.7% | avg 27.4% budget)
  enemy.update                     win=  4.452ms avg=  4.564ms p95=  6.393ms max= 17.843ms calls(last=  1,win= 123,total=6986) (win 26.7% | avg 27.4% budget)
  music.fill_buffer                win=  4.034ms avg=  0.269ms p95=  3.991ms max=  7.434ms calls(last=  1,win=   8,total=638) (win 24.2% | avg 1.6% budget)
  frame.render.world               win=  2.460ms avg=  2.460ms p95=  2.725ms max= 10.990ms calls(last=  1,win= 120,total=6607) (win 14.8% | avg 14.8% budget)
  frame.render.world.maze          win=  0.921ms avg=  0.921ms p95=  1.045ms max=  3.160ms calls(last=  1,win= 120,total=6607) (win 5.5% | avg 5.5% budget)
  frame.render.hud                 win=  0.816ms avg=  0.816ms p95=  0.858ms max=  2.480ms calls(last=  1,win= 120,total=6607) (win 4.9% | avg 4.9% budget)
  frame.render.world.effects       win=  0.510ms avg=  0.510ms p95=  0.597ms max=  7.183ms calls(last=  1,win= 120,total=6607) (win 3.1% | avg 3.1% budget)
  frame.render.hud.minimap         win=  0.416ms avg=  0.416ms p95=  0.459ms max=  1.297ms calls(last=  1,win= 120,total=6607) (win 2.5% | avg 2.5% budget)
  enemy.physics.frontal_collisions win=  0.410ms avg=  0.420ms p95=  0.467ms max=  1.891ms calls(last=  1,win= 123,total=5966) (win 2.5% | avg 2.5% budget)
  gameplay.music                   win=  0.388ms avg=  0.388ms p95=  4.013ms max= 28.365ms calls(last=  1,win= 120,total=9360) (win 2.3% | avg 2.3% budget)
  enemy.physics.frontal_grid_build win=  0.317ms avg=  0.325ms p95=  0.376ms max=  1.712ms calls(last=  1,win= 123,total=5966) (win 1.9% | avg 2.0% budget)
  frame.render.world.enemies       win=  0.276ms avg=  0.276ms p95=  0.324ms max=  3.351ms calls(last=  1,win= 120,total=6607) (win 1.7% | avg 1.7% budget)
  frame.render.hud.text            win=  0.224ms avg=  0.224ms p95=  0.243ms max=  0.742ms calls(last=  1,win= 120,total=6607) (win 1.3% | avg 1.3% budget)
  frame.render.world.enemies.draw  win=  0.223ms avg=  0.223ms p95=  0.267ms max=  3.317ms calls(last=  1,win= 120,total=6607) (win 1.3% | avg 1.3% budget)
  menu.music                       win=  0.195ms avg=  0.391ms p95=  4.015ms max= 28.366ms calls(last=  2,win= 240,total=18720) (win 1.2% | avg 2.3% budget)
  enemy.ai.movement                win=  0.118ms avg=  0.887ms p95=  1.026ms max=  5.535ms calls(last=  8,win= 905,total=48739) (win 0.7% | avg 5.3% budget)
  enemy.cheap.segment_build        win=  0.076ms avg=  0.018ms p95=  0.053ms max=  0.958ms calls(last=  0,win=  29,total=1064) (win 0.5% | avg 0.1% budget)
  system.spawner_update            win=  0.074ms avg=  0.076ms p95=  0.126ms max=  0.622ms calls(last=  1,win= 123,total=6986) (win 0.4% | avg 0.5% budget)
[ENEMY_STATS] frame=9360 alive=123 visible=1 full=8 cheap=115 fullInBase=0 pairs(frontal=0 checks=0 separation=0 resolved=0)
[ENEMY_WINDOW] steps=123 alive[min=123 max=123] visible[min=1 max=2] full[min=6 max=8] collisionPasses[runs=123 skips=0]
[ENEMY_SEGMENTS] window=2.050s D{b/s=13.17 avgLen=5.20 fail=0} T{b/s=0.00 avgLen=0.00 fail=0} H{b/s=0.00 avgLen=0.00 fail=0} A{b/s=0.00 avgLen=0.00 fail=0}
[ENEMY_GRID] frontal{cand/s=442.4 xcell/s=2.0 ins/s=444.4} separation{cand/s=442.4}
[ENEMY_COLLISION_WINDOW] frontal{pairs/s=7.8 checks/s=7.8 baseSkip=0 kill=0(0.0%)} separation{pairs/s=7.8 resolved/s=0.0(0.0%) baseSkip=0 kill=0 wallBlock=0}
[ENEMY_NAV_CACHE] playerCell{changes=0 flowRebuilds=0} flow{hit=0 miss=0 hit%=0.0} pathFallback{calls=0 ok=0 ok%=0.0}
[ENEMY_SAP] updates=15129 active=907 pairs=16 repairs{x=162 y=154}
[ENEMY_PAIR_TYPES] frontal DD=0 DT=16 DH=0 DA=0 TT=0 TH=0 TA=0 HH=0 HA=0 AA=0 separation DD=0 DT=16 DH=0 DA=0 TT=0 TH=0 TA=0 HH=0 HA=0 AA=0
[AUDIO_ROUTE_WINDOW] steps=123 events=1 sounds=1 avg(step ev=0.01 snd=0.01) max(step ev=1 snd=1)
  events{shotP=0 shotE=1 dead=0 spawn=0 base=0 wall=0 start=0 playerExpl=0}
  sounds{shotP=0 shotE=1 dead=0 spawn=0 base=0 wall=0 start=0 playerExpl=0}
[MUSIC_PLAYER_WINDOW] label=menu calls=120 activeCalls=0 buffers=0 avg(buf/call=0.00 active=0.00) max(buf/call=0) upload(total=0.00ms avg=0.000ms max=0.000ms slow=0)
[MUSIC_PLAYER_WINDOW] label=gameplay calls=120 activeCalls=120 buffers=8 avg(buf/call=0.07 active=0.07) max(buf/call=1) upload(total=0.08ms avg=0.010ms max=0.011ms slow=0)

[PROFILE] frame=9480 budget=16.667ms alloc(+145/-145, +11576b/-11576b, live=398400b peak=460152b)
  frame.total                      win= 17.019ms avg= 17.019ms p95= 17.588ms max=106.689ms calls(last=  1,win= 120,total=9480) (win 102.1% | avg 102.1% budget)
  frame.cpu_work                   win= 11.135ms avg= 11.135ms p95= 15.457ms max=105.065ms calls(last=  1,win= 120,total=9480) (win 66.8% | avg 66.8% budget)
  frame.present                    win=  5.870ms avg=  5.870ms p95=  7.643ms max= 41.440ms calls(last=  1,win= 120,total=9480) (win 35.2% | avg 35.2% budget)
  frame.render                     win=  5.312ms avg=  5.312ms p95=  5.650ms max= 25.862ms calls(last=  1,win= 120,total=9480) (win 31.9% | avg 31.9% budget)
  frame.fixed_step                 win=  4.813ms avg=  4.934ms p95=  6.513ms max=104.148ms calls(last=  1,win= 123,total=9923) (win 28.9% | avg 29.6% budget)
  game.update                      win=  4.756ms avg=  4.875ms p95=  6.237ms max=104.116ms calls(last=  1,win= 123,total=7171) (win 28.5% | avg 29.3% budget)
  system.ai_update                 win=  4.426ms avg=  4.536ms p95=  5.942ms max= 17.853ms calls(last=  1,win= 123,total=7109) (win 26.6% | avg 27.2% budget)
  enemy.update                     win=  4.422ms avg=  4.533ms p95=  5.939ms max= 17.843ms calls(last=  1,win= 123,total=7109) (win 26.5% | avg 27.2% budget)
  music.fill_buffer                win=  4.037ms avg=  0.269ms p95=  3.988ms max=  7.434ms calls(last=  0,win=   8,total=646) (win 24.2% | avg 1.6% budget)
  frame.render.world               win=  2.648ms avg=  2.648ms p95=  2.935ms max= 10.990ms calls(last=  1,win= 120,total=6727) (win 15.9% | avg 15.9% budget)
  frame.render.world.maze          win=  1.016ms avg=  1.016ms p95=  1.109ms max=  3.160ms calls(last=  1,win= 120,total=6727) (win 6.1% | avg 6.1% budget)
  gameplay.music                   win=  0.833ms avg=  0.833ms p95=  4.323ms max= 28.365ms calls(last=  1,win= 120,total=9480) (win 5.0% | avg 5.0% budget)
  frame.render.hud                 win=  0.832ms avg=  0.832ms p95=  0.915ms max=  2.480ms calls(last=  1,win= 120,total=6727) (win 5.0% | avg 5.0% budget)
  frame.render.world.effects       win=  0.565ms avg=  0.565ms p95=  0.654ms max=  7.183ms calls(last=  1,win= 120,total=6727) (win 3.4% | avg 3.4% budget)
  frame.render.hud.minimap         win=  0.428ms avg=  0.428ms p95=  0.486ms max=  1.297ms calls(last=  1,win= 120,total=6727) (win 2.6% | avg 2.6% budget)
  menu.music                       win=  0.417ms avg=  0.835ms p95=  4.321ms max= 28.366ms calls(last=  2,win= 240,total=18960) (win 2.5% | avg 5.0% budget)
  enemy.physics.frontal_collisions win=  0.405ms avg=  0.415ms p95=  0.457ms max=  1.891ms calls(last=  1,win= 123,total=6089) (win 2.4% | avg 2.5% budget)
  enemy.physics.frontal_grid_build win=  0.317ms avg=  0.325ms p95=  0.354ms max=  1.712ms calls(last=  1,win= 123,total=6089) (win 1.9% | avg 1.9% budget)
  frame.render.world.enemies       win=  0.273ms avg=  0.273ms p95=  0.337ms max=  3.351ms calls(last=  1,win= 120,total=6727) (win 1.6% | avg 1.6% budget)
  frame.render.hud.text            win=  0.228ms avg=  0.228ms p95=  0.272ms max=  0.742ms calls(last=  1,win= 120,total=6727) (win 1.4% | avg 1.4% budget)
  frame.render.world.enemies.draw  win=  0.220ms avg=  0.220ms p95=  0.279ms max=  3.317ms calls(last=  1,win= 120,total=6727) (win 1.3% | avg 1.3% budget)
  system.physics_collision         win=  0.127ms avg=  0.130ms p95=  0.194ms max= 14.441ms calls(last=  1,win= 123,total=7109) (win 0.8% | avg 0.8% budget)
  enemy.ai.movement                win=  0.113ms avg=  0.927ms p95=  0.978ms max=  5.535ms calls(last=  8,win= 984,total=49723) (win 0.7% | avg 5.6% budget)
  frame.render.world.effects.projectiles win=  0.076ms avg=  0.076ms p95=  0.110ms max=  0.415ms calls(last=  1,win= 120,total=3785) (win 0.5% | avg 0.5% budget)
[ENEMY_STATS] frame=9480 alive=123 visible=1 full=8 cheap=115 fullInBase=1 pairs(frontal=0 checks=0 separation=0 resolved=0)
[ENEMY_WINDOW] steps=123 alive[min=123 max=123] visible[min=1 max=1] full[min=8 max=8] collisionPasses[runs=123 skips=0]
[ENEMY_SEGMENTS] window=2.050s D{b/s=11.22 avgLen=4.47 fail=0} T{b/s=0.00 avgLen=0.00 fail=0} H{b/s=0.00 avgLen=0.00 fail=0} A{b/s=0.00 avgLen=0.00 fail=0}
[ENEMY_GRID] frontal{cand/s=480.0 xcell/s=2.0 ins/s=482.0} separation{cand/s=480.0}
[ENEMY_COLLISION_WINDOW] frontal{pairs/s=0.0 checks/s=0.0 baseSkip=0 kill=0(0.0%)} separation{pairs/s=0.0 resolved/s=0.0(0.0%) baseSkip=0 kill=0 wallBlock=0}
[ENEMY_NAV_CACHE] playerCell{changes=0 flowRebuilds=0} flow{hit=0 miss=0 hit%=0.0} pathFallback{calls=0 ok=0 ok%=0.0}
[ENEMY_SAP] updates=15129 active=984 pairs=0 repairs{x=559 y=568}
[ENEMY_PAIR_TYPES] frontal DD=0 DT=0 DH=0 DA=0 TT=0 TH=0 TA=0 HH=0 HA=0 AA=0 separation DD=0 DT=0 DH=0 DA=0 TT=0 TH=0 TA=0 HH=0 HA=0 AA=0
[AUDIO_ROUTE_WINDOW] steps=123 events=10 sounds=10 avg(step ev=0.08 snd=0.08) max(step ev=2 snd=2)
  events{shotP=7 shotE=0 dead=1 spawn=1 base=0 wall=1 start=0 playerExpl=0}
  sounds{shotP=7 shotE=0 dead=1 spawn=1 base=0 wall=1 start=0 playerExpl=0}
[MUSIC_PLAYER_WINDOW] label=menu calls=120 activeCalls=0 buffers=0 avg(buf/call=0.00 active=0.00) max(buf/call=0) upload(total=0.00ms avg=0.000ms max=0.000ms slow=0)
[MUSIC_PLAYER_WINDOW] label=gameplay calls=120 activeCalls=120 buffers=8 avg(buf/call=0.07 active=0.07) max(buf/call=1) upload(total=0.08ms avg=0.010ms max=0.011ms slow=0)

[PROFILE] frame=9600 budget=16.667ms alloc(+163/-163, +13016b/-13016b, live=398400b peak=460152b)
  frame.total                      win= 17.412ms avg= 17.412ms p95= 19.620ms max=106.689ms calls(last=  1,win= 120,total=9600) (win 104.5% | avg 104.5% budget)
  frame.cpu_work                   win= 12.406ms avg= 12.406ms p95= 17.746ms max=105.065ms calls(last=  1,win= 120,total=9600) (win 74.4% | avg 74.4% budget)
  frame.render                     win=  5.286ms avg=  5.286ms p95=  5.569ms max= 25.862ms calls(last=  1,win= 120,total=9600) (win 31.7% | avg 31.7% budget)
  frame.fixed_step                 win=  5.073ms avg=  5.369ms p95=  9.231ms max=104.148ms calls(last=  1,win= 127,total=10050) (win 30.4% | avg 32.2% budget)
  game.update                      win=  5.008ms avg=  5.300ms p95=  8.169ms max=104.116ms calls(last=  1,win= 127,total=7298) (win 30.0% | avg 31.8% budget)
  frame.present                    win=  4.990ms avg=  4.990ms p95=  7.582ms max= 41.440ms calls(last=  1,win= 120,total=9600) (win 29.9% | avg 29.9% budget)
  system.ai_update                 win=  4.701ms avg=  4.975ms p95=  7.741ms max= 17.853ms calls(last=  1,win= 127,total=7236) (win 28.2% | avg 29.8% budget)
  enemy.update                     win=  4.697ms avg=  4.971ms p95=  7.738ms max= 17.843ms calls(last=  1,win= 127,total=7236) (win 28.2% | avg 29.8% budget)
  music.fill_buffer                win=  4.101ms avg=  0.273ms p95=  4.053ms max=  7.434ms calls(last=  0,win=   8,total=654) (win 24.6% | avg 1.6% budget)
  frame.render.world               win=  2.628ms avg=  2.628ms p95=  2.865ms max= 10.990ms calls(last=  1,win= 120,total=6847) (win 15.8% | avg 15.8% budget)
  gameplay.music                   win=  1.696ms avg=  1.696ms p95=  6.679ms max= 28.365ms calls(last=  1,win= 120,total=9600) (win 10.2% | avg 10.2% budget)
  frame.render.world.maze          win=  1.048ms avg=  1.048ms p95=  1.138ms max=  3.160ms calls(last=  1,win= 120,total=6847) (win 6.3% | avg 6.3% budget)
  menu.music                       win=  0.849ms avg=  1.698ms p95=  6.677ms max= 28.366ms calls(last=  2,win= 240,total=19200) (win 5.1% | avg 10.2% budget)
  frame.render.hud                 win=  0.823ms avg=  0.823ms p95=  0.878ms max=  2.480ms calls(last=  1,win= 120,total=6847) (win 4.9% | avg 4.9% budget)
  frame.render.world.effects       win=  0.513ms avg=  0.513ms p95=  0.628ms max=  7.183ms calls(last=  1,win= 120,total=6847) (win 3.1% | avg 3.1% budget)
  frame.render.hud.minimap         win=  0.424ms avg=  0.424ms p95=  0.467ms max=  1.297ms calls(last=  1,win= 120,total=6847) (win 2.5% | avg 2.5% budget)
  enemy.physics.frontal_collisions win=  0.410ms avg=  0.434ms p95=  0.771ms max=  1.891ms calls(last=  1,win= 127,total=6216) (win 2.5% | avg 2.6% budget)
  enemy.physics.frontal_grid_build win=  0.318ms avg=  0.336ms p95=  0.607ms max=  1.712ms calls(last=  1,win= 127,total=6216) (win 1.9% | avg 2.0% budget)
  frame.render.world.enemies       win=  0.306ms avg=  0.306ms p95=  0.365ms max=  3.351ms calls(last=  1,win= 120,total=6847) (win 1.8% | avg 1.8% budget)
  frame.render.world.enemies.draw  win=  0.253ms avg=  0.253ms p95=  0.311ms max=  3.317ms calls(last=  1,win= 120,total=6847) (win 1.5% | avg 1.5% budget)
  frame.render.hud.text            win=  0.224ms avg=  0.224ms p95=  0.263ms max=  0.742ms calls(last=  1,win= 120,total=6847) (win 1.3% | avg 1.3% budget)
  enemy.ai.movement                win=  0.114ms avg=  1.124ms p95=  1.774ms max=  5.535ms calls(last=  9,win=1188,total=50911) (win 0.7% | avg 6.7% budget)
  system.physics_collision         win=  0.086ms avg=  0.091ms p95=  0.169ms max= 14.441ms calls(last=  1,win= 127,total=7236) (win 0.5% | avg 0.5% budget)
  system.spawner_update            win=  0.073ms avg=  0.077ms p95=  0.135ms max=  0.622ms calls(last=  1,win= 127,total=7236) (win 0.4% | avg 0.5% budget)
[ENEMY_STATS] frame=9600 alive=123 visible=2 full=9 cheap=114 fullInBase=0 pairs(frontal=0 checks=0 separation=0 resolved=0)
[ENEMY_WINDOW] steps=127 alive[min=123 max=123] visible[min=1 max=2] full[min=8 max=10] collisionPasses[runs=127 skips=0]
[ENEMY_SEGMENTS] window=2.117s D{b/s=9.45 avgLen=5.09 fail=0} T{b/s=0.00 avgLen=0.00 fail=0} H{b/s=0.00 avgLen=0.00 fail=0} A{b/s=0.00 avgLen=0.00 fail=0}
[ENEMY_GRID] frontal{cand/s=561.7 xcell/s=3.8 ins/s=565.5} separation{cand/s=561.7}
[ENEMY_COLLISION_WINDOW] frontal{pairs/s=0.0 checks/s=0.0 baseSkip=0 kill=0(0.0%)} separation{pairs/s=0.0 resolved/s=0.0(0.0%) baseSkip=0 kill=0 wallBlock=0}
[ENEMY_NAV_CACHE] playerCell{changes=0 flowRebuilds=0} flow{hit=0 miss=0 hit%=0.0} pathFallback{calls=0 ok=0 ok%=0.0}
[ENEMY_SAP] updates=15621 active=1189 pairs=0 repairs{x=117 y=105}
[ENEMY_PAIR_TYPES] frontal DD=0 DT=0 DH=0 DA=0 TT=0 TH=0 TA=0 HH=0 HA=0 AA=0 separation DD=0 DT=0 DH=0 DA=0 TT=0 TH=0 TA=0 HH=0 HA=0 AA=0
[AUDIO_ROUTE_WINDOW] steps=127 events=5 sounds=5 avg(step ev=0.04 snd=0.04) max(step ev=1 snd=1)
  events{shotP=0 shotE=0 dead=0 spawn=0 base=0 wall=5 start=0 playerExpl=0}
  sounds{shotP=0 shotE=0 dead=0 spawn=0 base=0 wall=5 start=0 playerExpl=0}
[MUSIC_PLAYER_WINDOW] label=menu calls=120 activeCalls=0 buffers=0 avg(buf/call=0.00 active=0.00) max(buf/call=0) upload(total=0.00ms avg=0.000ms max=0.000ms slow=0)
[MUSIC_PLAYER_WINDOW] label=gameplay calls=120 activeCalls=120 buffers=8 avg(buf/call=0.07 active=0.07) max(buf/call=1) upload(total=0.09ms avg=0.011ms max=0.018ms slow=0)

[PROFILE] frame=9720 budget=16.667ms alloc(+154/-154, +12224b/-12224b, live=398400b peak=460152b)
  frame.total                      win= 16.964ms avg= 16.964ms p95= 17.589ms max=106.689ms calls(last=  1,win= 120,total=9720) (win 101.8% | avg 101.8% budget)
  frame.cpu_work                   win= 10.929ms avg= 10.929ms p95= 14.543ms max=105.065ms calls(last=  1,win= 120,total=9720) (win 65.6% | avg 65.6% budget)
  frame.present                    win=  6.021ms avg=  6.021ms p95=  7.690ms max= 41.440ms calls(last=  1,win= 120,total=9720) (win 36.1% | avg 36.1% budget)
  frame.render                     win=  5.383ms avg=  5.383ms p95=  5.696ms max= 25.862ms calls(last=  1,win= 120,total=9720) (win 32.3% | avg 32.3% budget)
  frame.fixed_step                 win=  4.815ms avg=  4.936ms p95=  6.589ms max=104.148ms calls(last=  1,win= 123,total=10173) (win 28.9% | avg 29.6% budget)
  game.update                      win=  4.796ms avg=  4.916ms p95=  6.571ms max=104.116ms calls(last=  1,win= 123,total=7421) (win 28.8% | avg 29.5% budget)
  system.ai_update                 win=  4.559ms avg=  4.673ms p95=  6.349ms max= 17.853ms calls(last=  1,win= 123,total=7359) (win 27.4% | avg 28.0% budget)
  enemy.update                     win=  4.556ms avg=  4.670ms p95=  6.346ms max= 17.843ms calls(last=  1,win= 123,total=7359) (win 27.3% | avg 28.0% budget)
  music.fill_buffer                win=  4.054ms avg=  0.270ms p95=  3.971ms max=  7.434ms calls(last=  0,win=   8,total=662) (win 24.3% | avg 1.6% budget)
  frame.render.world               win=  2.765ms avg=  2.765ms p95=  3.016ms max= 10.990ms calls(last=  1,win= 120,total=6967) (win 16.6% | avg 16.6% budget)
  frame.render.world.maze          win=  1.160ms avg=  1.160ms p95=  1.302ms max=  3.160ms calls(last=  1,win= 120,total=6967) (win 7.0% | avg 7.0% budget)
  frame.render.hud                 win=  0.832ms avg=  0.832ms p95=  0.883ms max=  2.480ms calls(last=  1,win= 120,total=6967) (win 5.0% | avg 5.0% budget)
  gameplay.music                   win=  0.555ms avg=  0.555ms p95=  3.994ms max= 28.365ms calls(last=  1,win= 120,total=9720) (win 3.3% | avg 3.3% budget)
  frame.render.world.effects       win=  0.502ms avg=  0.502ms p95=  0.600ms max=  7.183ms calls(last=  1,win= 120,total=6967) (win 3.0% | avg 3.0% budget)
  frame.render.hud.minimap         win=  0.424ms avg=  0.424ms p95=  0.461ms max=  1.297ms calls(last=  1,win= 120,total=6967) (win 2.5% | avg 2.5% budget)
  enemy.physics.frontal_collisions win=  0.403ms avg=  0.413ms p95=  0.459ms max=  1.891ms calls(last=  1,win= 123,total=6339) (win 2.4% | avg 2.5% budget)
  enemy.physics.frontal_grid_build win=  0.315ms avg=  0.322ms p95=  0.369ms max=  1.712ms calls(last=  1,win= 123,total=6339) (win 1.9% | avg 1.9% budget)
  frame.render.world.enemies       win=  0.311ms avg=  0.311ms p95=  0.354ms max=  3.351ms calls(last=  1,win= 120,total=6967) (win 1.9% | avg 1.9% budget)
  menu.music                       win=  0.279ms avg=  0.557ms p95=  3.996ms max= 28.366ms calls(last=  2,win= 240,total=19440) (win 1.7% | avg 3.3% budget)
  frame.render.world.enemies.draw  win=  0.254ms avg=  0.254ms p95=  0.295ms max=  3.317ms calls(last=  1,win= 120,total=6967) (win 1.5% | avg 1.5% budget)
  frame.render.hud.text            win=  0.231ms avg=  0.231ms p95=  0.266ms max=  0.742ms calls(last=  1,win= 120,total=6967) (win 1.4% | avg 1.4% budget)
  enemy.ai.movement                win=  0.112ms avg=  0.968ms p95=  1.091ms max=  5.535ms calls(last=  9,win=1035,total=51946) (win 0.7% | avg 5.8% budget)
  enemy.cheap.segment_build        win=  0.082ms avg=  0.019ms p95=  0.048ms max=  0.958ms calls(last=  0,win=  28,total=1135) (win 0.5% | avg 0.1% budget)
  system.spawner_update            win=  0.072ms avg=  0.074ms p95=  0.100ms max=  0.622ms calls(last=  1,win= 123,total=7359) (win 0.4% | avg 0.4% budget)
[ENEMY_STATS] frame=9720 alive=123 visible=3 full=9 cheap=114 fullInBase=0 pairs(frontal=0 checks=0 separation=0 resolved=0)
[ENEMY_WINDOW] steps=123 alive[min=123 max=123] visible[min=2 max=3] full[min=8 max=9] collisionPasses[runs=123 skips=0]
[ENEMY_SEGMENTS] window=2.050s D{b/s=13.66 avgLen=4.72 fail=0} T{b/s=0.00 avgLen=0.00 fail=0} H{b/s=0.00 avgLen=0.00 fail=0} A{b/s=0.00 avgLen=0.00 fail=0}
[ENEMY_GRID] frontal{cand/s=504.9 xcell/s=2.0 ins/s=506.8} separation{cand/s=504.9}
[ENEMY_COLLISION_WINDOW] frontal{pairs/s=0.0 checks/s=0.0 baseSkip=0 kill=0(0.0%)} separation{pairs/s=0.0 resolved/s=0.0(0.0%) baseSkip=0 kill=0 wallBlock=0}
[ENEMY_NAV_CACHE] playerCell{changes=0 flowRebuilds=0} flow{hit=0 miss=0 hit%=0.0} pathFallback{calls=0 ok=0 ok%=0.0}
[ENEMY_SAP] updates=15129 active=1035 pairs=0 repairs{x=130 y=125}
[ENEMY_PAIR_TYPES] frontal DD=0 DT=0 DH=0 DA=0 TT=0 TH=0 TA=0 HH=0 HA=0 AA=0 separation DD=0 DT=0 DH=0 DA=0 TT=0 TH=0 TA=0 HH=0 HA=0 AA=0
[AUDIO_ROUTE_WINDOW] steps=123 events=1 sounds=1 avg(step ev=0.01 snd=0.01) max(step ev=1 snd=1)
  events{shotP=0 shotE=1 dead=0 spawn=0 base=0 wall=0 start=0 playerExpl=0}
  sounds{shotP=0 shotE=1 dead=0 spawn=0 base=0 wall=0 start=0 playerExpl=0}
[MUSIC_PLAYER_WINDOW] label=menu calls=120 activeCalls=0 buffers=0 avg(buf/call=0.00 active=0.00) max(buf/call=0) upload(total=0.00ms avg=0.000ms max=0.000ms slow=0)
[MUSIC_PLAYER_WINDOW] label=gameplay calls=120 activeCalls=120 buffers=8 avg(buf/call=0.07 active=0.07) max(buf/call=1) upload(total=0.08ms avg=0.010ms max=0.011ms slow=0)

[PROFILE] frame=9840 budget=16.667ms alloc(+163/-163, +13016b/-13016b, live=398400b peak=460152b)
  frame.total                      win= 16.962ms avg= 16.962ms p95= 17.474ms max=106.689ms calls(last=  1,win= 120,total=9840) (win 101.8% | avg 101.8% budget)
  frame.cpu_work                   win= 11.358ms avg= 11.358ms p95= 15.141ms max=105.065ms calls(last=  1,win= 120,total=9840) (win 68.1% | avg 68.1% budget)
  frame.present                    win=  5.590ms avg=  5.590ms p95=  7.459ms max= 41.440ms calls(last=  1,win= 120,total=9840) (win 33.5% | avg 33.5% budget)
  frame.render                     win=  5.487ms avg=  5.487ms p95=  5.753ms max= 25.862ms calls(last=  1,win= 120,total=9840) (win 32.9% | avg 32.9% budget)
  frame.fixed_step                 win=  5.221ms avg=  5.351ms p95=  7.294ms max=104.148ms calls(last=  1,win= 123,total=10296) (win 31.3% | avg 32.1% budget)
  game.update                      win=  5.201ms avg=  5.331ms p95=  7.275ms max=104.116ms calls(last=  1,win= 123,total=7544) (win 31.2% | avg 32.0% budget)
  system.ai_update                 win=  4.936ms avg=  5.059ms p95=  7.014ms max= 17.853ms calls(last=  1,win= 123,total=7482) (win 29.6% | avg 30.4% budget)
  enemy.update                     win=  4.932ms avg=  5.055ms p95=  7.011ms max= 17.843ms calls(last=  1,win= 123,total=7482) (win 29.6% | avg 30.3% budget)
  music.fill_buffer                win=  4.071ms avg=  0.271ms p95=  4.031ms max=  7.434ms calls(last=  0,win=   8,total=670) (win 24.4% | avg 1.6% budget)
  frame.render.world               win=  2.787ms avg=  2.787ms p95=  3.088ms max= 10.990ms calls(last=  1,win= 120,total=7087) (win 16.7% | avg 16.7% budget)
  frame.render.world.maze          win=  1.178ms avg=  1.178ms p95=  1.305ms max=  3.160ms calls(last=  1,win= 120,total=7087) (win 7.1% | avg 7.1% budget)
  frame.render.hud                 win=  0.828ms avg=  0.828ms p95=  0.923ms max=  2.480ms calls(last=  1,win= 120,total=7087) (win 5.0% | avg 5.0% budget)
  frame.render.world.effects       win=  0.541ms avg=  0.541ms p95=  0.625ms max=  7.183ms calls(last=  1,win= 120,total=7087) (win 3.2% | avg 3.2% budget)
  gameplay.music                   win=  0.465ms avg=  0.465ms p95=  4.055ms max= 28.365ms calls(last=  1,win= 120,total=9840) (win 2.8% | avg 2.8% budget)
  frame.render.hud.minimap         win=  0.425ms avg=  0.425ms p95=  0.484ms max=  1.297ms calls(last=  1,win= 120,total=7087) (win 2.5% | avg 2.5% budget)
  enemy.physics.frontal_collisions win=  0.408ms avg=  0.418ms p95=  0.476ms max=  1.891ms calls(last=  1,win= 123,total=6462) (win 2.4% | avg 2.5% budget)
  enemy.physics.frontal_grid_build win=  0.318ms avg=  0.326ms p95=  0.385ms max=  1.712ms calls(last=  1,win= 123,total=6462) (win 1.9% | avg 2.0% budget)
  frame.render.world.enemies       win=  0.316ms avg=  0.316ms p95=  0.352ms max=  3.351ms calls(last=  1,win= 120,total=7087) (win 1.9% | avg 1.9% budget)
  frame.render.world.enemies.draw  win=  0.259ms avg=  0.259ms p95=  0.292ms max=  3.317ms calls(last=  1,win= 120,total=7087) (win 1.6% | avg 1.6% budget)
  menu.music                       win=  0.234ms avg=  0.467ms p95=  4.058ms max= 28.366ms calls(last=  2,win= 240,total=19680) (win 1.4% | avg 2.8% budget)
  frame.render.hud.text            win=  0.229ms avg=  0.229ms p95=  0.272ms max=  0.742ms calls(last=  1,win= 120,total=7087) (win 1.4% | avg 1.4% budget)
  enemy.ai.movement                win=  0.107ms avg=  0.951ms p95=  1.062ms max=  5.535ms calls(last=  9,win=1062,total=53008) (win 0.6% | avg 5.7% budget)
  system.spawner_update            win=  0.073ms avg=  0.075ms p95=  0.081ms max=  0.622ms calls(last=  1,win= 123,total=7482) (win 0.4% | avg 0.4% budget)
  system.physics_collision         win=  0.071ms avg=  0.073ms p95=  0.109ms max= 14.441ms calls(last=  1,win= 123,total=7482) (win 0.4% | avg 0.4% budget)
[ENEMY_STATS] frame=9840 alive=123 visible=3 full=9 cheap=114 fullInBase=0 pairs(frontal=0 checks=0 separation=0 resolved=0)
[ENEMY_WINDOW] steps=123 alive[min=123 max=123] visible[min=3 max=3] full[min=7 max=9] collisionPasses[runs=123 skips=0]
[ENEMY_SEGMENTS] window=2.050s D{b/s=10.24 avgLen=4.46 fail=0} T{b/s=0.00 avgLen=0.00 fail=0} H{b/s=0.00 avgLen=0.00 fail=0} A{b/s=0.00 avgLen=0.00 fail=0}
[ENEMY_GRID] frontal{cand/s=518.0 xcell/s=2.4 ins/s=520.5} separation{cand/s=518.0}
[ENEMY_COLLISION_WINDOW] frontal{pairs/s=0.0 checks/s=0.0 baseSkip=0 kill=0(0.0%)} separation{pairs/s=0.0 resolved/s=0.0(0.0%) baseSkip=0 kill=0 wallBlock=0}
[ENEMY_NAV_CACHE] playerCell{changes=0 flowRebuilds=0} flow{hit=0 miss=0 hit%=0.0} pathFallback{calls=0 ok=0 ok%=0.0}
[ENEMY_SAP] updates=15129 active=1062 pairs=0 repairs{x=41 y=39}
[ENEMY_PAIR_TYPES] frontal DD=0 DT=0 DH=0 DA=0 TT=0 TH=0 TA=0 HH=0 HA=0 AA=0 separation DD=0 DT=0 DH=0 DA=0 TT=0 TH=0 TA=0 HH=0 HA=0 AA=0
[AUDIO_ROUTE_WINDOW] steps=123 events=3 sounds=3 avg(step ev=0.02 snd=0.02) max(step ev=1 snd=1)
  events{shotP=0 shotE=1 dead=0 spawn=0 base=0 wall=2 start=0 playerExpl=0}
  sounds{shotP=0 shotE=1 dead=0 spawn=0 base=0 wall=2 start=0 playerExpl=0}
[MUSIC_PLAYER_WINDOW] label=menu calls=120 activeCalls=0 buffers=0 avg(buf/call=0.00 active=0.00) max(buf/call=0) upload(total=0.00ms avg=0.000ms max=0.000ms slow=0)
[MUSIC_PLAYER_WINDOW] label=gameplay calls=120 activeCalls=120 buffers=8 avg(buf/call=0.07 active=0.07) max(buf/call=1) upload(total=0.08ms avg=0.010ms max=0.012ms slow=0)

[PROFILE] frame=9960 budget=16.667ms alloc(+190/-190, +15104b/-15104b, live=398496b peak=460152b)
  frame.total                      win= 17.367ms avg= 17.367ms p95= 19.444ms max=106.689ms calls(last=  1,win= 120,total=9960) (win 104.2% | avg 104.2% budget)
  frame.cpu_work                   win= 12.517ms avg= 12.517ms p95= 17.196ms max=105.065ms calls(last=  1,win= 120,total=9960) (win 75.1% | avg 75.1% budget)
  frame.fixed_step                 win=  5.849ms avg=  6.141ms p95=  9.310ms max=104.148ms calls(last=  1,win= 126,total=10422) (win 35.1% | avg 36.8% budget)
  game.update                      win=  5.830ms avg=  6.121ms p95=  9.290ms max=104.116ms calls(last=  1,win= 126,total=7670) (win 35.0% | avg 36.7% budget)
  system.ai_update                 win=  5.576ms avg=  5.855ms p95=  9.048ms max= 17.853ms calls(last=  1,win= 126,total=7608) (win 33.5% | avg 35.1% budget)
  enemy.update                     win=  5.573ms avg=  5.851ms p95=  9.042ms max= 17.843ms calls(last=  1,win= 126,total=7608) (win 33.4% | avg 35.1% budget)
  frame.render                     win=  5.388ms avg=  5.388ms p95=  5.664ms max= 25.862ms calls(last=  1,win= 120,total=9960) (win 32.3% | avg 32.3% budget)
  frame.present                    win=  4.836ms avg=  4.836ms p95=  6.791ms max= 41.440ms calls(last=  1,win= 120,total=9960) (win 29.0% | avg 29.0% budget)
  music.fill_buffer                win=  4.085ms avg=  0.272ms p95=  4.021ms max=  7.434ms calls(last=  0,win=   8,total=678) (win 24.5% | avg 1.6% budget)
  frame.render.world               win=  2.776ms avg=  2.776ms p95=  2.965ms max= 10.990ms calls(last=  1,win= 120,total=7207) (win 16.7% | avg 16.7% budget)
  frame.render.world.maze          win=  1.141ms avg=  1.141ms p95=  1.231ms max=  3.160ms calls(last=  1,win= 120,total=7207) (win 6.8% | avg 6.8% budget)
  gameplay.music                   win=  0.931ms avg=  0.931ms p95=  4.882ms max= 28.365ms calls(last=  1,win= 120,total=9960) (win 5.6% | avg 5.6% budget)
  frame.render.hud                 win=  0.821ms avg=  0.821ms p95=  0.905ms max=  2.480ms calls(last=  1,win= 120,total=7207) (win 4.9% | avg 4.9% budget)
  frame.render.world.effects       win=  0.534ms avg=  0.534ms p95=  0.643ms max=  7.183ms calls(last=  1,win= 120,total=7207) (win 3.2% | avg 3.2% budget)
  menu.music                       win=  0.467ms avg=  0.933ms p95=  4.881ms max= 28.366ms calls(last=  2,win= 240,total=19920) (win 2.8% | avg 5.6% budget)
  frame.render.hud.minimap         win=  0.419ms avg=  0.419ms p95=  0.465ms max=  1.297ms calls(last=  1,win= 120,total=7207) (win 2.5% | avg 2.5% budget)
  enemy.physics.frontal_collisions win=  0.410ms avg=  0.430ms p95=  0.496ms max=  1.891ms calls(last=  1,win= 126,total=6588) (win 2.5% | avg 2.6% budget)
  enemy.physics.frontal_grid_build win=  0.315ms avg=  0.331ms p95=  0.379ms max=  1.712ms calls(last=  1,win= 126,total=6588) (win 1.9% | avg 2.0% budget)
  frame.render.world.enemies       win=  0.315ms avg=  0.315ms p95=  0.345ms max=  3.351ms calls(last=  1,win= 120,total=7207) (win 1.9% | avg 1.9% budget)
  frame.render.world.enemies.draw  win=  0.261ms avg=  0.261ms p95=  0.292ms max=  3.317ms calls(last=  1,win= 120,total=7207) (win 1.6% | avg 1.6% budget)
  frame.render.hud.text            win=  0.228ms avg=  0.228ms p95=  0.265ms max=  0.742ms calls(last=  1,win= 120,total=7207) (win 1.4% | avg 1.4% budget)
  enemy.ai.movement                win=  0.111ms avg=  1.233ms p95=  1.405ms max=  5.535ms calls(last= 11,win=1332,total=54340) (win 0.7% | avg 7.4% budget)
  enemy.ai.decision                win=  0.083ms avg=  0.921ms p95=  1.656ms max=  2.316ms calls(last= 11,win=1332,total=54340) (win 0.5% | avg 5.5% budget)
  system.spawner_update            win=  0.072ms avg=  0.075ms p95=  0.103ms max=  0.622ms calls(last=  1,win= 126,total=7608) (win 0.4% | avg 0.5% budget)
[ENEMY_STATS] frame=9960 alive=123 visible=2 full=11 cheap=112 fullInBase=0 pairs(frontal=0 checks=0 separation=0 resolved=0)
[ENEMY_WINDOW] steps=126 alive[min=123 max=123] visible[min=2 max=3] full[min=9 max=11] collisionPasses[runs=126 skips=0]
[ENEMY_SEGMENTS] window=2.100s D{b/s=10.95 avgLen=5.07 fail=0} T{b/s=0.00 avgLen=0.00 fail=0} H{b/s=0.00 avgLen=0.00 fail=0} A{b/s=0.00 avgLen=0.00 fail=0}
[ENEMY_GRID] frontal{cand/s=635.2 xcell/s=3.8 ins/s=639.0} separation{cand/s=635.2}
[ENEMY_COLLISION_WINDOW] frontal{pairs/s=7.1 checks/s=7.1 baseSkip=0 kill=0(0.0%)} separation{pairs/s=7.1 resolved/s=0.5(6.7%) baseSkip=0 kill=0 wallBlock=0}
[ENEMY_NAV_CACHE] playerCell{changes=0 flowRebuilds=0} flow{hit=0 miss=0 hit%=0.0} pathFallback{calls=0 ok=0 ok%=0.0}
[ENEMY_SAP] updates=15498 active=1334 pairs=15 repairs{x=67 y=52}
[ENEMY_PAIR_TYPES] frontal DD=15 DT=0 DH=0 DA=0 TT=0 TH=0 TA=0 HH=0 HA=0 AA=0 separation DD=15 DT=0 DH=0 DA=0 TT=0 TH=0 TA=0 HH=0 HA=0 AA=0
[AUDIO_ROUTE_WINDOW] steps=126 events=4 sounds=4 avg(step ev=0.03 snd=0.03) max(step ev=1 snd=1)
  events{shotP=2 shotE=2 dead=0 spawn=0 base=0 wall=0 start=0 playerExpl=0}
  sounds{shotP=2 shotE=2 dead=0 spawn=0 base=0 wall=0 start=0 playerExpl=0}
[MUSIC_PLAYER_WINDOW] label=menu calls=120 activeCalls=0 buffers=0 avg(buf/call=0.00 active=0.00) max(buf/call=0) upload(total=0.00ms avg=0.000ms max=0.000ms slow=0)
[MUSIC_PLAYER_WINDOW] label=gameplay calls=120 activeCalls=120 buffers=8 avg(buf/call=0.07 active=0.07) max(buf/call=1) upload(total=0.08ms avg=0.010ms max=0.012ms slow=0)

[PROFILE] frame=10080 budget=16.667ms alloc(+208/-208, +16544b/-16544b, live=398496b peak=460152b)
  frame.total                      win= 19.846ms avg= 19.846ms p95= 30.161ms max=106.689ms calls(last=  1,win= 120,total=10080) (win 119.1% | avg 119.1% budget)
  frame.cpu_work                   win= 16.214ms avg= 16.214ms p95= 28.164ms max=105.065ms calls(last=  1,win= 120,total=10080) (win 97.3% | avg 97.3% budget)
  audio.route.removed_enemy_match  win= 10.016ms avg=  0.083ms p95=  0.000ms max= 11.068ms calls(last=  0,win=   1,total=30) (win 60.1% | avg 0.5% budget)
  frame.fixed_step                 win=  6.039ms avg=  7.247ms p95= 12.254ms max=104.148ms calls(last=  1,win= 144,total=10566) (win 36.2% | avg 43.5% budget)
  game.update                      win=  5.568ms avg=  6.681ms p95= 11.840ms max=104.116ms calls(last=  1,win= 144,total=7814) (win 33.4% | avg 40.1% budget)
  frame.render                     win=  5.519ms avg=  5.519ms p95=  5.818ms max= 25.862ms calls(last=  1,win= 120,total=10080) (win 33.1% | avg 33.1% budget)
  system.ai_update                 win=  5.212ms avg=  6.255ms p95= 11.116ms max= 17.853ms calls(last=  1,win= 144,total=7752) (win 31.3% | avg 37.5% budget)
  enemy.update                     win=  5.209ms avg=  6.251ms p95= 11.110ms max= 17.843ms calls(last=  1,win= 144,total=7752) (win 31.3% | avg 37.5% budget)
  music.fill_buffer                win=  4.032ms avg=  0.302ms p95=  4.003ms max=  7.434ms calls(last=  0,win=   9,total=687) (win 24.2% | avg 1.8% budget)
  frame.present                    win=  3.616ms avg=  3.616ms p95=  6.694ms max= 41.440ms calls(last=  1,win= 120,total=10080) (win 21.7% | avg 21.7% budget)
  gameplay.music                   win=  3.390ms avg=  3.390ms p95= 12.666ms max= 30.453ms calls(last=  1,win= 120,total=10080) (win 20.3% | avg 20.3% budget)
  frame.render.world               win=  2.893ms avg=  2.893ms p95=  3.111ms max= 10.990ms calls(last=  1,win= 120,total=7327) (win 17.4% | avg 17.4% budget)
  menu.music                       win=  1.696ms avg=  3.392ms p95= 12.663ms max= 30.454ms calls(last=  2,win= 240,total=20160) (win 10.2% | avg 20.3% budget)
  music.update_stream              win=  1.392ms avg=  0.104ms p95=  0.013ms max= 14.322ms calls(last=  0,win=   9,total=687) (win 8.4% | avg 0.6% budget)
  frame.render.world.maze          win=  1.151ms avg=  1.151ms p95=  1.228ms max=  3.160ms calls(last=  1,win= 120,total=7327) (win 6.9% | avg 6.9% budget)
  frame.render.hud                 win=  0.825ms avg=  0.825ms p95=  0.883ms max=  2.480ms calls(last=  1,win= 120,total=7327) (win 5.0% | avg 5.0% budget)
  frame.render.world.effects       win=  0.606ms avg=  0.606ms p95=  0.670ms max=  7.183ms calls(last=  1,win= 120,total=7327) (win 3.6% | avg 3.6% budget)
  audio.route_step                 win=  0.460ms avg=  0.553ms p95=  4.695ms max= 11.929ms calls(last=  1,win= 144,total=7814) (win 2.8% | avg 3.3% budget)
  enemy.physics.frontal_collisions win=  0.434ms avg=  0.521ms p95=  0.858ms max=  1.891ms calls(last=  1,win= 144,total=6732) (win 2.6% | avg 3.1% budget)
  frame.render.hud.minimap         win=  0.422ms avg=  0.422ms p95=  0.464ms max=  1.297ms calls(last=  1,win= 120,total=7327) (win 2.5% | avg 2.5% budget)
  frame.render.world.enemies       win=  0.364ms avg=  0.364ms p95=  0.426ms max=  3.351ms calls(last=  1,win= 120,total=7327) (win 2.2% | avg 2.2% budget)
  enemy.physics.frontal_grid_build win=  0.321ms avg=  0.385ms p95=  0.630ms max=  1.712ms calls(last=  1,win= 144,total=6732) (win 1.9% | avg 2.3% budget)
  frame.render.world.enemies.draw  win=  0.310ms avg=  0.310ms p95=  0.370ms max=  3.317ms calls(last=  1,win= 120,total=7327) (win 1.9% | avg 1.9% budget)
  frame.render.hud.text            win=  0.228ms avg=  0.228ms p95=  0.270ms max=  0.742ms calls(last=  1,win= 120,total=7327) (win 1.4% | avg 1.4% budget)
[ENEMY_STATS] frame=10080 alive=123 visible=2 full=12 cheap=111 fullInBase=1 pairs(frontal=0 checks=0 separation=0 resolved=0)
[ENEMY_WINDOW] steps=144 alive[min=123 max=123] visible[min=2 max=3] full[min=10 max=12] collisionPasses[runs=144 skips=0]
[ENEMY_SEGMENTS] window=2.400s D{b/s=8.75 avgLen=4.86 fail=0} T{b/s=0.00 avgLen=0.00 fail=0} H{b/s=0.00 avgLen=0.00 fail=0} A{b/s=0.00 avgLen=0.00 fail=0}
[ENEMY_GRID] frontal{cand/s=655.4 xcell/s=2.5 ins/s=657.9} separation{cand/s=655.4}
[ENEMY_COLLISION_WINDOW] frontal{pairs/s=38.3 checks/s=38.3 baseSkip=0 kill=0(0.0%)} separation{pairs/s=38.3 resolved/s=0.0(0.0%) baseSkip=0 kill=0 wallBlock=0}
[ENEMY_NAV_CACHE] playerCell{changes=0 flowRebuilds=0} flow{hit=0 miss=0 hit%=0.0} pathFallback{calls=0 ok=0 ok%=0.0}
[ENEMY_SAP] updates=17712 active=1573 pairs=92 repairs{x=549 y=572}
[ENEMY_PAIR_TYPES] frontal DD=92 DT=0 DH=0 DA=0 TT=0 TH=0 TA=0 HH=0 HA=0 AA=0 separation DD=92 DT=0 DH=0 DA=0 TT=0 TH=0 TA=0 HH=0 HA=0 AA=0
[AUDIO_ROUTE_WINDOW] steps=144 events=25 sounds=25 avg(step ev=0.17 snd=0.17) max(step ev=2 snd=2)
  events{shotP=10 shotE=3 dead=1 spawn=1 base=0 wall=10 start=0 playerExpl=0}
  sounds{shotP=10 shotE=3 dead=1 spawn=1 base=0 wall=10 start=0 playerExpl=0}
[MUSIC_PLAYER_WINDOW] label=menu calls=120 activeCalls=0 buffers=0 avg(buf/call=0.00 active=0.00) max(buf/call=0) upload(total=0.00ms avg=0.000ms max=0.000ms slow=0)
[MUSIC_PLAYER_WINDOW] label=gameplay calls=120 activeCalls=120 buffers=10 avg(buf/call=0.08 active=0.08) max(buf/call=1) upload(total=12.37ms avg=1.237ms max=12.279ms slow=1)

[PROFILE] frame=10200 budget=16.667ms alloc(+362/-362, +28336b/-28336b, live=398496b peak=460152b)
  frame.total                      win= 21.633ms avg= 21.633ms p95= 30.942ms max=106.689ms calls(last=  1,win= 120,total=10200) (win 129.8% | avg 129.8% budget)
  frame.cpu_work                   win= 18.417ms avg= 18.417ms p95= 28.842ms max=105.065ms calls(last=  1,win= 120,total=10200) (win 110.5% | avg 110.5% budget)
  frame.fixed_step                 win=  6.051ms avg=  7.867ms p95= 14.816ms max=104.148ms calls(last=  2,win= 156,total=10722) (win 36.3% | avg 47.2% budget)
  frame.render                     win=  5.673ms avg=  5.673ms p95=  6.037ms max= 25.862ms calls(last=  1,win= 120,total=10200) (win 34.0% | avg 34.0% budget)
  game.update                      win=  5.530ms avg=  7.190ms p95= 11.909ms max=104.116ms calls(last=  2,win= 156,total=7970) (win 33.2% | avg 43.1% budget)
  music.update_stream              win=  5.283ms avg=  0.484ms p95=  0.014ms max= 14.322ms calls(last=  0,win=  11,total=698) (win 31.7% | avg 2.9% budget)
  system.ai_update                 win=  5.113ms avg=  6.647ms p95= 11.141ms max= 17.853ms calls(last=  2,win= 156,total=7908) (win 30.7% | avg 39.9% budget)
  enemy.update                     win=  5.109ms avg=  6.642ms p95= 11.135ms max= 17.843ms calls(last=  2,win= 156,total=7908) (win 30.7% | avg 39.9% budget)
  gameplay.music                   win=  4.820ms avg=  4.820ms p95= 15.286ms max= 31.770ms calls(last=  1,win= 120,total=10200) (win 28.9% | avg 28.9% budget)
  music.fill_buffer                win=  4.040ms avg=  0.370ms p95=  4.033ms max=  7.434ms calls(last=  0,win=  11,total=698) (win 24.2% | avg 2.2% budget)
  frame.present                    win=  3.200ms avg=  3.200ms p95=  6.593ms max= 41.440ms calls(last=  1,win= 120,total=10200) (win 19.2% | avg 19.2% budget)
  frame.render.world               win=  2.975ms avg=  2.975ms p95=  3.210ms max= 10.990ms calls(last=  1,win= 120,total=7447) (win 17.9% | avg 17.9% budget)
  audio.route.removed_enemy_match  win=  2.641ms avg=  0.066ms p95=  0.000ms max= 11.068ms calls(last=  0,win=   3,total=33) (win 15.8% | avg 0.4% budget)
  menu.music                       win=  2.411ms avg=  4.821ms p95= 15.284ms max= 31.770ms calls(last=  2,win= 240,total=20400) (win 14.5% | avg 28.9% budget)
  frame.render.world.maze          win=  1.213ms avg=  1.213ms p95=  1.324ms max=  3.160ms calls(last=  1,win= 120,total=7447) (win 7.3% | avg 7.3% budget)
  frame.render.hud                 win=  0.837ms avg=  0.837ms p95=  0.934ms max=  2.480ms calls(last=  1,win= 120,total=7447) (win 5.0% | avg 5.0% budget)
  frame.render.world.effects       win=  0.651ms avg=  0.651ms p95=  0.775ms max=  7.183ms calls(last=  1,win= 120,total=7447) (win 3.9% | avg 3.9% budget)
  audio.route_step                 win=  0.509ms avg=  0.662ms p95=  6.611ms max= 11.929ms calls(last=  2,win= 156,total=7970) (win 3.1% | avg 4.0% budget)
  enemy.physics.frontal_collisions win=  0.443ms avg=  0.575ms p95=  0.875ms max=  2.213ms calls(last=  2,win= 156,total=6888) (win 2.7% | avg 3.5% budget)
  frame.render.hud.minimap         win=  0.423ms avg=  0.423ms p95=  0.500ms max=  1.297ms calls(last=  1,win= 120,total=7447) (win 2.5% | avg 2.5% budget)
  frame.render.world.enemies       win=  0.366ms avg=  0.366ms p95=  0.417ms max=  3.351ms calls(last=  1,win= 120,total=7447) (win 2.2% | avg 2.2% budget)
  enemy.physics.frontal_grid_build win=  0.336ms avg=  0.437ms p95=  0.679ms max=  1.926ms calls(last=  2,win= 156,total=6888) (win 2.0% | avg 2.6% budget)
  frame.render.world.enemies.draw  win=  0.312ms avg=  0.312ms p95=  0.355ms max=  3.317ms calls(last=  1,win= 120,total=7447) (win 1.9% | avg 1.9% budget)
  frame.render.hud.text            win=  0.230ms avg=  0.230ms p95=  0.287ms max=  0.742ms calls(last=  1,win= 120,total=7447) (win 1.4% | avg 1.4% budget)
[ENEMY_STATS] frame=10200 alive=122 visible=2 full=12 cheap=110 fullInBase=1 pairs(frontal=0 checks=0 separation=0 resolved=0)
[ENEMY_WINDOW] steps=156 alive[min=121 max=123] visible[min=1 max=2] full[min=11 max=12] collisionPasses[runs=156 skips=0]
[ENEMY_SEGMENTS] window=2.600s D{b/s=11.15 avgLen=5.33 fail=0} T{b/s=0.00 avgLen=0.00 fail=0} H{b/s=0.00 avgLen=0.00 fail=0} A{b/s=0.00 avgLen=0.00 fail=0}
[ENEMY_GRID] frontal{cand/s=710.4 xcell/s=4.2 ins/s=714.6} separation{cand/s=710.4}
[ENEMY_COLLISION_WINDOW] frontal{pairs/s=0.0 checks/s=0.0 baseSkip=0 kill=0(0.0%)} separation{pairs/s=0.0 resolved/s=0.0(0.0%) baseSkip=0 kill=0 wallBlock=0}
[ENEMY_NAV_CACHE] playerCell{changes=0 flowRebuilds=0} flow{hit=0 miss=0 hit%=0.0} pathFallback{calls=0 ok=0 ok%=0.0}
[ENEMY_SAP] updates=19105 active=1847 pairs=0 repairs{x=2713 y=2671}
[ENEMY_PAIR_TYPES] frontal DD=0 DT=0 DH=0 DA=0 TT=0 TH=0 TA=0 HH=0 HA=0 AA=0 separation DD=0 DT=0 DH=0 DA=0 TT=0 TH=0 TA=0 HH=0 HA=0 AA=0
[AUDIO_ROUTE_WINDOW] steps=156 events=27 sounds=27 avg(step ev=0.17 snd=0.17) max(step ev=2 snd=2)
  events{shotP=11 shotE=2 dead=3 spawn=2 base=0 wall=9 start=0 playerExpl=0}
  sounds{shotP=11 shotE=2 dead=3 spawn=2 base=0 wall=9 start=0 playerExpl=0}
[MUSIC_PLAYER_WINDOW] label=menu calls=120 activeCalls=0 buffers=0 avg(buf/call=0.00 active=0.00) max(buf/call=0) upload(total=0.00ms avg=0.000ms max=0.000ms slow=0)
[MUSIC_PLAYER_WINDOW] label=gameplay calls=120 activeCalls=120 buffers=10 avg(buf/call=0.08 active=0.08) max(buf/call=1) upload(total=57.29ms avg=5.729ms max=12.388ms slow=5)

[PROFILE] frame=10320 budget=16.667ms alloc(+172/-172, +13376b/-13376b, live=398496b peak=460152b)
  frame.total                      win= 20.821ms avg= 20.821ms p95= 29.742ms max=106.689ms calls(last=  1,win= 120,total=10320) (win 124.9% | avg 124.9% budget)
  frame.cpu_work                   win= 17.263ms avg= 17.263ms p95= 27.672ms max=105.065ms calls(last=  1,win= 120,total=10320) (win 103.6% | avg 103.6% budget)
  frame.render                     win=  5.820ms avg=  5.820ms p95=  6.160ms max= 25.862ms calls(last=  1,win= 120,total=10320) (win 34.9% | avg 34.9% budget)
  frame.fixed_step                 win=  5.738ms avg=  7.268ms p95= 12.176ms max=104.148ms calls(last=  1,win= 152,total=10874) (win 34.4% | avg 43.6% budget)
  game.update                      win=  5.325ms avg=  6.745ms p95= 11.613ms max=104.116ms calls(last=  1,win= 152,total=8122) (win 32.0% | avg 40.5% budget)
  system.ai_update                 win=  4.969ms avg=  6.294ms p95= 10.835ms max= 17.853ms calls(last=  1,win= 152,total=8060) (win 29.8% | avg 37.8% budget)
  enemy.update                     win=  4.965ms avg=  6.290ms p95= 10.829ms max= 17.843ms calls(last=  1,win= 152,total=8060) (win 29.8% | avg 37.7% budget)
  gameplay.music                   win=  4.116ms avg=  4.116ms p95= 13.142ms max= 31.770ms calls(last=  1,win= 120,total=10320) (win 24.7% | avg 24.7% budget)
  music.fill_buffer                win=  4.064ms avg=  0.305ms p95=  4.042ms max=  7.434ms calls(last=  0,win=   9,total=707) (win 24.4% | avg 1.8% budget)
  frame.present                    win=  3.542ms avg=  3.542ms p95=  6.776ms max= 41.440ms calls(last=  1,win= 120,total=10320) (win 21.3% | avg 21.3% budget)
  frame.render.world               win=  3.189ms avg=  3.189ms p95=  3.484ms max= 10.990ms calls(last=  1,win= 120,total=7567) (win 19.1% | avg 19.1% budget)
  menu.music                       win=  2.059ms avg=  4.117ms p95= 13.140ms max= 31.770ms calls(last=  2,win= 240,total=20640) (win 12.4% | avg 24.7% budget)
  music.update_stream              win=  1.822ms avg=  0.137ms p95=  0.013ms max= 14.322ms calls(last=  0,win=   9,total=707) (win 10.9% | avg 0.8% budget)
  frame.render.world.maze          win=  1.283ms avg=  1.283ms p95=  1.390ms max=  3.732ms calls(last=  1,win= 120,total=7567) (win 7.7% | avg 7.7% budget)
  frame.render.hud                 win=  0.828ms avg=  0.828ms p95=  0.900ms max=  2.480ms calls(last=  1,win= 120,total=7567) (win 5.0% | avg 5.0% budget)
  frame.render.world.effects       win=  0.621ms avg=  0.621ms p95=  0.786ms max=  7.183ms calls(last=  1,win= 120,total=7567) (win 3.7% | avg 3.7% budget)
  frame.render.world.enemies       win=  0.501ms avg=  0.501ms p95=  0.682ms max=  3.351ms calls(last=  1,win= 120,total=7567) (win 3.0% | avg 3.0% budget)
  enemy.physics.frontal_collisions win=  0.448ms avg=  0.567ms p95=  0.864ms max=  2.213ms calls(last=  1,win= 152,total=7040) (win 2.7% | avg 3.4% budget)
  frame.render.world.enemies.draw  win=  0.441ms avg=  0.441ms p95=  0.628ms max=  3.317ms calls(last=  1,win= 120,total=7567) (win 2.6% | avg 2.6% budget)
  frame.render.hud.minimap         win=  0.421ms avg=  0.421ms p95=  0.463ms max=  1.297ms calls(last=  1,win= 120,total=7567) (win 2.5% | avg 2.5% budget)
  audio.route_step                 win=  0.401ms avg=  0.508ms p95=  4.792ms max= 11.929ms calls(last=  1,win= 152,total=8122) (win 2.4% | avg 3.1% budget)
  enemy.physics.frontal_grid_build win=  0.342ms avg=  0.433ms p95=  0.636ms max=  1.926ms calls(last=  1,win= 152,total=7040) (win 2.0% | avg 2.6% budget)
  frame.render.hud.text            win=  0.226ms avg=  0.226ms p95=  0.263ms max=  0.742ms calls(last=  1,win= 120,total=7567) (win 1.4% | avg 1.4% budget)
  system.physics_collision         win=  0.125ms avg=  0.158ms p95=  0.294ms max= 14.441ms calls(last=  1,win= 152,total=8060) (win 0.7% | avg 0.9% budget)
[ENEMY_STATS] frame=10320 alive=122 visible=2 full=12 cheap=110 fullInBase=1 pairs(frontal=0 checks=0 separation=0 resolved=0)
[ENEMY_WINDOW] steps=152 alive[min=122 max=123] visible[min=2 max=4] full[min=12 max=14] collisionPasses[runs=152 skips=0]
[ENEMY_SEGMENTS] window=2.533s D{b/s=11.05 avgLen=4.98 fail=0} T{b/s=0.00 avgLen=0.00 fail=0} H{b/s=0.00 avgLen=0.00 fail=0} A{b/s=0.00 avgLen=0.00 fail=0}
[ENEMY_GRID] frontal{cand/s=745.7 xcell/s=2.8 ins/s=748.4} separation{cand/s=745.7}
[ENEMY_COLLISION_WINDOW] frontal{pairs/s=1.2 checks/s=0.0 baseSkip=3 kill=0(0.0%)} separation{pairs/s=1.2 resolved/s=0.0(0.0%) baseSkip=3 kill=0 wallBlock=0}
[ENEMY_NAV_CACHE] playerCell{changes=0 flowRebuilds=0} flow{hit=0 miss=0 hit%=0.0} pathFallback{calls=0 ok=0 ok%=0.0}
[ENEMY_SAP] updates=18593 active=1889 pairs=3 repairs{x=4246 y=4216}
[ENEMY_PAIR_TYPES] frontal DD=0 DT=0 DH=0 DA=0 TT=3 TH=0 TA=0 HH=0 HA=0 AA=0 separation DD=0 DT=0 DH=0 DA=0 TT=3 TH=0 TA=0 HH=0 HA=0 AA=0
[AUDIO_ROUTE_WINDOW] steps=152 events=24 sounds=24 avg(step ev=0.16 snd=0.16) max(step ev=2 snd=2)
  events{shotP=11 shotE=1 dead=2 spawn=2 base=0 wall=8 start=0 playerExpl=0}
  sounds{shotP=11 shotE=1 dead=2 spawn=2 base=0 wall=8 start=0 playerExpl=0}
[MUSIC_PLAYER_WINDOW] label=menu calls=120 activeCalls=0 buffers=0 avg(buf/call=0.00 active=0.00) max(buf/call=0) upload(total=0.00ms avg=0.000ms max=0.000ms slow=0)
[MUSIC_PLAYER_WINDOW] label=gameplay calls=120 activeCalls=120 buffers=10 avg(buf/call=0.08 active=0.08) max(buf/call=1) upload(total=16.06ms avg=1.606ms max=9.168ms slow=2)

[PROFILE] frame=10440 budget=16.667ms alloc(+190/-190, +14960b/-14960b, live=398496b peak=460152b)
  frame.total                      win= 18.143ms avg= 18.143ms p95= 23.067ms max=106.689ms calls(last=  1,win= 120,total=10440) (win 108.9% | avg 108.9% budget)
  frame.cpu_work                   win= 13.963ms avg= 13.963ms p95= 21.015ms max=105.065ms calls(last=  1,win= 120,total=10440) (win 83.8% | avg 83.8% budget)
  frame.render                     win=  5.769ms avg=  5.769ms p95=  6.168ms max= 25.862ms calls(last=  1,win= 120,total=10440) (win 34.6% | avg 34.6% budget)
  frame.fixed_step                 win=  5.457ms avg=  6.003ms p95= 10.990ms max=104.148ms calls(last=  1,win= 132,total=11006) (win 32.7% | avg 36.0% budget)
  game.update                      win=  5.361ms avg=  5.897ms p95= 10.955ms max=104.116ms calls(last=  1,win= 132,total=8254) (win 32.2% | avg 35.4% budget)
  system.ai_update                 win=  5.053ms avg=  5.558ms p95= 10.257ms max= 17.853ms calls(last=  1,win= 132,total=8192) (win 30.3% | avg 33.3% budget)
  enemy.update                     win=  5.049ms avg=  5.554ms p95= 10.252ms max= 17.843ms calls(last=  1,win= 132,total=8192) (win 30.3% | avg 33.3% budget)
  frame.present                    win=  4.165ms avg=  4.165ms p95=  6.822ms max= 41.440ms calls(last=  1,win= 120,total=10440) (win 25.0% | avg 25.0% budget)
  music.fill_buffer                win=  4.065ms avg=  0.305ms p95=  4.045ms max=  7.434ms calls(last=  0,win=   9,total=716) (win 24.4% | avg 1.8% budget)
  frame.render.world               win=  3.121ms avg=  3.121ms p95=  3.465ms max= 10.990ms calls(last=  1,win= 120,total=7687) (win 18.7% | avg 18.7% budget)
  gameplay.music                   win=  2.134ms avg=  2.134ms p95=  7.999ms max= 31.770ms calls(last=  1,win= 120,total=10440) (win 12.8% | avg 12.8% budget)
  frame.render.world.maze          win=  1.233ms avg=  1.233ms p95=  1.377ms max=  3.732ms calls(last=  1,win= 120,total=7687) (win 7.4% | avg 7.4% budget)
  menu.music                       win=  1.068ms avg=  2.136ms p95=  8.075ms max= 31.770ms calls(last=  2,win= 240,total=20880) (win 6.4% | avg 12.8% budget)
  frame.render.hud                 win=  0.827ms avg=  0.827ms p95=  0.915ms max=  2.480ms calls(last=  1,win= 120,total=7687) (win 5.0% | avg 5.0% budget)
  frame.render.world.effects       win=  0.596ms avg=  0.596ms p95=  0.736ms max=  7.183ms calls(last=  1,win= 120,total=7687) (win 3.6% | avg 3.6% budget)
  frame.render.world.enemies       win=  0.433ms avg=  0.433ms p95=  0.444ms max=  3.351ms calls(last=  1,win= 120,total=7687) (win 2.6% | avg 2.6% budget)
  frame.render.hud.minimap         win=  0.419ms avg=  0.419ms p95=  0.467ms max=  1.297ms calls(last=  1,win= 120,total=7687) (win 2.5% | avg 2.5% budget)
  enemy.physics.frontal_collisions win=  0.419ms avg=  0.461ms p95=  0.822ms max=  2.213ms calls(last=  1,win= 132,total=7172) (win 2.5% | avg 2.8% budget)
  frame.render.world.enemies.draw  win=  0.376ms avg=  0.376ms p95=  0.385ms max=  3.317ms calls(last=  1,win= 120,total=7687) (win 2.3% | avg 2.3% budget)
  enemy.physics.frontal_grid_build win=  0.314ms avg=  0.345ms p95=  0.614ms max=  1.926ms calls(last=  1,win= 132,total=7172) (win 1.9% | avg 2.1% budget)
  frame.render.hud.text            win=  0.230ms avg=  0.230ms p95=  0.278ms max=  0.742ms calls(last=  1,win= 120,total=7687) (win 1.4% | avg 1.4% budget)
  enemy.ai.movement                win=  0.105ms avg=  1.300ms p95=  2.286ms max=  5.535ms calls(last= 12,win=1479,total=61127) (win 0.6% | avg 7.8% budget)
  system.physics_collision         win=  0.096ms avg=  0.106ms p95=  0.185ms max= 14.441ms calls(last=  1,win= 132,total=8192) (win 0.6% | avg 0.6% budget)
  audio.route_step                 win=  0.085ms avg=  0.093ms p95=  0.020ms max= 11.929ms calls(last=  1,win= 132,total=8254) (win 0.5% | avg 0.6% budget)
[ENEMY_STATS] frame=10440 alive=122 visible=2 full=12 cheap=110 fullInBase=1 pairs(frontal=0 checks=0 separation=0 resolved=0)
[ENEMY_WINDOW] steps=132 alive[min=122 max=122] visible[min=2 max=3] full[min=11 max=12] collisionPasses[runs=132 skips=0]
[ENEMY_SEGMENTS] window=2.200s D{b/s=10.45 avgLen=4.69 fail=0} T{b/s=0.00 avgLen=0.00 fail=0} H{b/s=0.00 avgLen=0.00 fail=0} A{b/s=0.00 avgLen=0.00 fail=0}
[ENEMY_GRID] frontal{cand/s=672.3 xcell/s=2.3 ins/s=674.5} separation{cand/s=672.3}
[ENEMY_COLLISION_WINDOW] frontal{pairs/s=0.0 checks/s=0.0 baseSkip=0 kill=0(0.0%)} separation{pairs/s=0.0 resolved/s=0.0(0.0%) baseSkip=0 kill=0 wallBlock=0}
[ENEMY_NAV_CACHE] playerCell{changes=0 flowRebuilds=0} flow{hit=0 miss=0 hit%=0.0} pathFallback{calls=0 ok=0 ok%=0.0}
[ENEMY_SAP] updates=16104 active=1479 pairs=0 repairs{x=42 y=39}
[ENEMY_PAIR_TYPES] frontal DD=0 DT=0 DH=0 DA=0 TT=0 TH=0 TA=0 HH=0 HA=0 AA=0 separation DD=0 DT=0 DH=0 DA=0 TT=0 TH=0 TA=0 HH=0 HA=0 AA=0
[AUDIO_ROUTE_WINDOW] steps=132 events=12 sounds=12 avg(step ev=0.09 snd=0.09) max(step ev=1 snd=1)
  events{shotP=8 shotE=1 dead=0 spawn=0 base=0 wall=3 start=0 playerExpl=0}
  sounds{shotP=8 shotE=1 dead=0 spawn=0 base=0 wall=3 start=0 playerExpl=0}
[MUSIC_PLAYER_WINDOW] label=menu calls=120 activeCalls=0 buffers=0 avg(buf/call=0.00 active=0.00) max(buf/call=0) upload(total=0.00ms avg=0.000ms max=0.000ms slow=0)
[MUSIC_PLAYER_WINDOW] label=gameplay calls=120 activeCalls=120 buffers=8 avg(buf/call=0.07 active=0.07) max(buf/call=1) upload(total=0.08ms avg=0.010ms max=0.011ms slow=0)

[PROFILE] frame=10560 budget=16.667ms alloc(+181/-181, +14312b/-14312b, live=398496b peak=460152b)
  frame.total                      win= 18.677ms avg= 18.677ms p95= 26.855ms max=106.689ms calls(last=  1,win= 120,total=10560) (win 112.1% | avg 112.1% budget)
  frame.cpu_work                   win= 14.494ms avg= 14.494ms p95= 24.832ms max=105.065ms calls(last=  1,win= 120,total=10560) (win 87.0% | avg 87.0% budget)
  frame.render                     win=  5.592ms avg=  5.592ms p95=  5.977ms max= 25.862ms calls(last=  1,win= 120,total=10560) (win 33.6% | avg 33.6% budget)
  frame.fixed_step                 win=  5.555ms avg=  6.249ms p95= 11.943ms max=104.148ms calls(last=  1,win= 135,total=11141) (win 33.3% | avg 37.5% budget)
  game.update                      win=  5.279ms avg=  5.938ms p95= 10.852ms max=104.116ms calls(last=  1,win= 135,total=8389) (win 31.7% | avg 35.6% budget)
  system.ai_update                 win=  4.930ms avg=  5.546ms p95= 10.151ms max= 17.853ms calls(last=  1,win= 135,total=8327) (win 29.6% | avg 33.3% budget)
  enemy.update                     win=  4.926ms avg=  5.542ms p95= 10.145ms max= 17.843ms calls(last=  1,win= 135,total=8327) (win 29.6% | avg 33.3% budget)
  frame.present                    win=  4.167ms avg=  4.167ms p95=  7.003ms max= 41.440ms calls(last=  1,win= 120,total=10560) (win 25.0% | avg 25.0% budget)
  music.fill_buffer                win=  4.084ms avg=  0.306ms p95=  4.045ms max=  7.434ms calls(last=  0,win=   9,total=725) (win 24.5% | avg 1.8% budget)
  frame.render.world               win=  2.971ms avg=  2.971ms p95=  3.277ms max= 10.990ms calls(last=  1,win= 120,total=7807) (win 17.8% | avg 17.8% budget)
  gameplay.music                   win=  2.595ms avg=  2.595ms p95=  9.660ms max= 31.770ms calls(last=  1,win= 120,total=10560) (win 15.6% | avg 15.6% budget)
  music.update_stream              win=  1.510ms avg=  0.113ms p95=  0.013ms max= 14.322ms calls(last=  0,win=   9,total=725) (win 9.1% | avg 0.7% budget)
  menu.music                       win=  1.299ms avg=  2.597ms p95=  9.662ms max= 31.770ms calls(last=  2,win= 240,total=21120) (win 7.8% | avg 15.6% budget)
  frame.render.world.maze          win=  1.187ms avg=  1.187ms p95=  1.306ms max=  3.732ms calls(last=  1,win= 120,total=7807) (win 7.1% | avg 7.1% budget)
  frame.render.hud                 win=  0.818ms avg=  0.818ms p95=  0.862ms max=  2.480ms calls(last=  1,win= 120,total=7807) (win 4.9% | avg 4.9% budget)
  frame.render.world.effects       win=  0.622ms avg=  0.622ms p95=  0.720ms max=  7.183ms calls(last=  1,win= 120,total=7807) (win 3.7% | avg 3.7% budget)
  frame.render.hud.minimap         win=  0.418ms avg=  0.418ms p95=  0.462ms max=  1.297ms calls(last=  1,win= 120,total=7807) (win 2.5% | avg 2.5% budget)
  enemy.physics.frontal_collisions win=  0.413ms avg=  0.465ms p95=  0.799ms max=  2.213ms calls(last=  1,win= 135,total=7307) (win 2.5% | avg 2.8% budget)
  frame.render.world.enemies       win=  0.386ms avg=  0.386ms p95=  0.417ms max=  3.351ms calls(last=  1,win= 120,total=7807) (win 2.3% | avg 2.3% budget)
  frame.render.world.enemies.draw  win=  0.333ms avg=  0.333ms p95=  0.366ms max=  3.317ms calls(last=  1,win= 120,total=7807) (win 2.0% | avg 2.0% budget)
  enemy.physics.frontal_grid_build win=  0.322ms avg=  0.362ms p95=  0.609ms max=  1.926ms calls(last=  1,win= 135,total=7307) (win 1.9% | avg 2.2% budget)
  audio.route_step                 win=  0.265ms avg=  0.298ms p95=  2.521ms max= 11.929ms calls(last=  1,win= 135,total=8389) (win 1.6% | avg 1.8% budget)
  frame.render.hud.text            win=  0.223ms avg=  0.223ms p95=  0.257ms max=  0.742ms calls(last=  1,win= 120,total=7807) (win 1.3% | avg 1.3% budget)
  system.physics_collision         win=  0.128ms avg=  0.144ms p95=  0.257ms max= 14.441ms calls(last=  1,win= 135,total=8327) (win 0.8% | avg 0.9% budget)
[ENEMY_STATS] frame=10560 alive=121 visible=2 full=11 cheap=110 fullInBase=0 pairs(frontal=0 checks=0 separation=0 resolved=0)
[ENEMY_WINDOW] steps=135 alive[min=121 max=122] visible[min=1 max=2] full[min=10 max=12] collisionPasses[runs=135 skips=0]
[ENEMY_SEGMENTS] window=2.250s D{b/s=9.78 avgLen=5.04 fail=0} T{b/s=0.00 avgLen=0.00 fail=0} H{b/s=0.00 avgLen=0.00 fail=0} A{b/s=0.00 avgLen=0.00 fail=0}
[ENEMY_GRID] frontal{cand/s=630.2 xcell/s=3.1 ins/s=633.3} separation{cand/s=630.2}
[ENEMY_COLLISION_WINDOW] frontal{pairs/s=0.0 checks/s=0.0 baseSkip=0 kill=0(0.0%)} separation{pairs/s=0.0 resolved/s=0.0(0.0%) baseSkip=0 kill=0 wallBlock=0}
[ENEMY_NAV_CACHE] playerCell{changes=0 flowRebuilds=0} flow{hit=0 miss=0 hit%=0.0} pathFallback{calls=0 ok=0 ok%=0.0}
[ENEMY_SAP] updates=16339 active=1418 pairs=0 repairs{x=797 y=774}
[ENEMY_PAIR_TYPES] frontal DD=0 DT=0 DH=0 DA=0 TT=0 TH=0 TA=0 HH=0 HA=0 AA=0 separation DD=0 DT=0 DH=0 DA=0 TT=0 TH=0 TA=0 HH=0 HA=0 AA=0
[AUDIO_ROUTE_WINDOW] steps=135 events=17 sounds=17 avg(step ev=0.13 snd=0.13) max(step ev=1 snd=1)
  events{shotP=9 shotE=1 dead=1 spawn=0 base=0 wall=6 start=0 playerExpl=0}
  sounds{shotP=9 shotE=1 dead=1 spawn=0 base=0 wall=6 start=0 playerExpl=0}
[MUSIC_PLAYER_WINDOW] label=menu calls=120 activeCalls=0 buffers=0 avg(buf/call=0.00 active=0.00) max(buf/call=0) upload(total=0.00ms avg=0.000ms max=0.000ms slow=0)
[MUSIC_PLAYER_WINDOW] label=gameplay calls=120 activeCalls=120 buffers=9 avg(buf/call=0.08 active=0.08) max(buf/call=1) upload(total=13.28ms avg=1.476ms max=6.636ms slow=2)

[PROFILE] frame=10680 budget=16.667ms alloc(+163/-163, +12872b/-12872b, live=398496b peak=460152b)
  frame.total                      win= 19.407ms avg= 19.407ms p95= 27.983ms max=106.689ms calls(last=  1,win= 120,total=10680) (win 116.4% | avg 116.4% budget)
  frame.cpu_work                   win= 15.757ms avg= 15.757ms p95= 25.879ms max=105.065ms calls(last=  1,win= 120,total=10680) (win 94.5% | avg 94.5% budget)
  frame.fixed_step                 win=  5.899ms avg=  6.931ms p95= 11.379ms max=104.148ms calls(last=  1,win= 141,total=11282) (win 35.4% | avg 41.6% budget)
  frame.render                     win=  5.707ms avg=  5.707ms p95=  6.170ms max= 25.862ms calls(last=  1,win= 120,total=10680) (win 34.2% | avg 34.2% budget)
  game.update                      win=  5.449ms avg=  6.402ms p95= 11.035ms max=104.116ms calls(last=  1,win= 141,total=8530) (win 32.7% | avg 38.4% budget)
  system.ai_update                 win=  4.984ms avg=  5.857ms p95= 10.268ms max= 17.853ms calls(last=  1,win= 141,total=8468) (win 29.9% | avg 35.1% budget)
  enemy.update                     win=  4.981ms avg=  5.852ms p95= 10.263ms max= 17.843ms calls(last=  1,win= 141,total=8468) (win 29.9% | avg 35.1% budget)
  music.fill_buffer                win=  4.051ms avg=  0.304ms p95=  4.022ms max=  7.434ms calls(last=  0,win=   9,total=734) (win 24.3% | avg 1.8% budget)
  frame.present                    win=  3.635ms avg=  3.635ms p95=  6.543ms max= 41.440ms calls(last=  1,win= 120,total=10680) (win 21.8% | avg 21.8% budget)
  frame.render.world               win=  3.070ms avg=  3.070ms p95=  3.366ms max= 10.990ms calls(last=  1,win= 120,total=7927) (win 18.4% | avg 18.4% budget)
  gameplay.music                   win=  3.062ms avg=  3.062ms p95= 11.194ms max= 31.770ms calls(last=  1,win= 120,total=10680) (win 18.4% | avg 18.4% budget)
  menu.music                       win=  1.532ms avg=  3.064ms p95= 11.196ms max= 31.770ms calls(last=  2,win= 240,total=21360) (win 9.2% | avg 18.4% budget)
  frame.render.world.maze          win=  1.197ms avg=  1.197ms p95=  1.331ms max=  3.732ms calls(last=  1,win= 120,total=7927) (win 7.2% | avg 7.2% budget)
  music.update_stream              win=  0.931ms avg=  0.070ms p95=  0.013ms max= 14.322ms calls(last=  0,win=   9,total=734) (win 5.6% | avg 0.4% budget)
  frame.render.hud                 win=  0.827ms avg=  0.827ms p95=  0.899ms max=  2.480ms calls(last=  1,win= 120,total=7927) (win 5.0% | avg 5.0% budget)
  frame.render.world.effects       win=  0.678ms avg=  0.678ms p95=  0.961ms max=  7.183ms calls(last=  1,win= 120,total=7927) (win 4.1% | avg 4.1% budget)
  audio.route_step                 win=  0.438ms avg=  0.515ms p95=  4.281ms max= 11.929ms calls(last=  1,win= 141,total=8530) (win 2.6% | avg 3.1% budget)
  frame.render.hud.minimap         win=  0.426ms avg=  0.426ms p95=  0.467ms max=  1.297ms calls(last=  1,win= 120,total=7927) (win 2.6% | avg 2.6% budget)
  frame.render.world.enemies       win=  0.425ms avg=  0.425ms p95=  0.506ms max=  3.351ms calls(last=  1,win= 120,total=7927) (win 2.6% | avg 2.6% budget)
  enemy.physics.frontal_collisions win=  0.417ms avg=  0.490ms p95=  0.819ms max=  2.213ms calls(last=  1,win= 141,total=7448) (win 2.5% | avg 2.9% budget)
  frame.render.world.enemies.draw  win=  0.369ms avg=  0.369ms p95=  0.444ms max=  3.317ms calls(last=  1,win= 120,total=7927) (win 2.2% | avg 2.2% budget)
  enemy.physics.frontal_grid_build win=  0.310ms avg=  0.365ms p95=  0.609ms max=  1.926ms calls(last=  1,win= 141,total=7448) (win 1.9% | avg 2.2% budget)
  system.physics_collision         win=  0.239ms avg=  0.281ms p95=  0.285ms max= 14.689ms calls(last=  1,win= 141,total=8468) (win 1.4% | avg 1.7% budget)
  frame.render.hud.text            win=  0.224ms avg=  0.224ms p95=  0.265ms max=  0.742ms calls(last=  1,win= 120,total=7927) (win 1.3% | avg 1.3% budget)
[ENEMY_STATS] frame=10680 alive=121 visible=3 full=10 cheap=111 fullInBase=0 pairs(frontal=0 checks=0 separation=0 resolved=0)
[ENEMY_WINDOW] steps=141 alive[min=121 max=121] visible[min=2 max=3] full[min=10 max=11] collisionPasses[runs=141 skips=0]
[ENEMY_SEGMENTS] window=2.350s D{b/s=11.49 avgLen=5.40 fail=0} T{b/s=0.00 avgLen=0.00 fail=0} H{b/s=0.00 avgLen=0.00 fail=0} A{b/s=0.00 avgLen=0.00 fail=0}
[ENEMY_GRID] frontal{cand/s=610.2 xcell/s=3.0 ins/s=613.2} separation{cand/s=610.2}
[ENEMY_COLLISION_WINDOW] frontal{pairs/s=0.0 checks/s=0.0 baseSkip=0 kill=0(0.0%)} separation{pairs/s=0.0 resolved/s=0.0(0.0%) baseSkip=0 kill=0 wallBlock=0}
[ENEMY_NAV_CACHE] playerCell{changes=0 flowRebuilds=0} flow{hit=0 miss=0 hit%=0.0} pathFallback{calls=0 ok=0 ok%=0.0}
[ENEMY_SAP] updates=17061 active=1434 pairs=0 repairs{x=8 y=2}
[ENEMY_PAIR_TYPES] frontal DD=0 DT=0 DH=0 DA=0 TT=0 TH=0 TA=0 HH=0 HA=0 AA=0 separation DD=0 DT=0 DH=0 DA=0 TT=0 TH=0 TA=0 HH=0 HA=0 AA=0
[AUDIO_ROUTE_WINDOW] steps=141 events=22 sounds=22 avg(step ev=0.16 snd=0.16) max(step ev=1 snd=1)
  events{shotP=10 shotE=3 dead=0 spawn=0 base=1 wall=8 start=0 playerExpl=0}
  sounds{shotP=10 shotE=3 dead=0 spawn=0 base=1 wall=8 start=0 playerExpl=0}
[MUSIC_PLAYER_WINDOW] label=menu calls=120 activeCalls=0 buffers=0 avg(buf/call=0.00 active=0.00) max(buf/call=0) upload(total=0.00ms avg=0.000ms max=0.000ms slow=0)
[MUSIC_PLAYER_WINDOW] label=gameplay calls=120 activeCalls=120 buffers=9 avg(buf/call=0.08 active=0.08) max(buf/call=1) upload(total=8.22ms avg=0.913ms max=8.138ms slow=1)

[PROFILE] frame=10800 budget=16.667ms alloc(+308/-308, +24160b/-24160b, live=398496b peak=460152b)
  frame.total                      win= 18.682ms avg= 18.682ms p95= 27.029ms max=106.689ms calls(last=  1,win= 120,total=10800) (win 112.1% | avg 112.1% budget)
  frame.cpu_work                   win= 14.665ms avg= 14.665ms p95= 24.806ms max=105.065ms calls(last=  1,win= 120,total=10800) (win 88.0% | avg 88.0% budget)
  frame.render                     win=  5.682ms avg=  5.682ms p95=  6.249ms max= 25.862ms calls(last=  1,win= 120,total=10800) (win 34.1% | avg 34.1% budget)
  frame.fixed_step                 win=  5.430ms avg=  6.154ms p95= 10.230ms max=104.148ms calls(last=  2,win= 136,total=11418) (win 32.6% | avg 36.9% budget)
  game.update                      win=  5.231ms avg=  5.928ms p95= 10.145ms max=104.116ms calls(last=  2,win= 136,total=8666) (win 31.4% | avg 35.6% budget)
  system.ai_update                 win=  4.885ms avg=  5.536ms p95=  9.466ms max= 17.853ms calls(last=  2,win= 136,total=8604) (win 29.3% | avg 33.2% budget)
  enemy.update                     win=  4.881ms avg=  5.532ms p95=  9.459ms max= 17.843ms calls(last=  2,win= 136,total=8604) (win 29.3% | avg 33.2% budget)
  music.fill_buffer                win=  4.074ms avg=  0.306ms p95=  4.039ms max=  7.434ms calls(last=  0,win=   9,total=743) (win 24.4% | avg 1.8% budget)
  frame.present                    win=  4.001ms avg=  4.001ms p95=  6.653ms max= 41.440ms calls(last=  1,win= 120,total=10800) (win 24.0% | avg 24.0% budget)
  frame.render.world               win=  2.999ms avg=  2.999ms p95=  3.444ms max= 10.990ms calls(last=  1,win= 120,total=8047) (win 18.0% | avg 18.0% budget)
  gameplay.music                   win=  2.771ms avg=  2.771ms p95= 11.405ms max= 31.770ms calls(last=  1,win= 120,total=10800) (win 16.6% | avg 16.6% budget)
  menu.music                       win=  1.386ms avg=  2.773ms p95= 11.402ms max= 31.770ms calls(last=  2,win= 240,total=21600) (win 8.3% | avg 16.6% budget)
  frame.render.world.maze          win=  1.164ms avg=  1.164ms p95=  1.250ms max=  3.732ms calls(last=  1,win= 120,total=8047) (win 7.0% | avg 7.0% budget)
  music.update_stream              win=  0.941ms avg=  0.071ms p95=  0.013ms max= 14.322ms calls(last=  0,win=   9,total=743) (win 5.6% | avg 0.4% budget)
  frame.render.hud                 win=  0.831ms avg=  0.831ms p95=  0.914ms max=  2.480ms calls(last=  1,win= 120,total=8047) (win 5.0% | avg 5.0% budget)
  frame.render.world.effects       win=  0.684ms avg=  0.684ms p95=  0.982ms max=  7.183ms calls(last=  1,win= 120,total=8047) (win 4.1% | avg 4.1% budget)
  frame.render.hud.minimap         win=  0.429ms avg=  0.429ms p95=  0.520ms max=  1.297ms calls(last=  1,win= 120,total=8047) (win 2.6% | avg 2.6% budget)
  enemy.physics.frontal_collisions win=  0.417ms avg=  0.472ms p95=  0.810ms max=  2.213ms calls(last=  2,win= 136,total=7584) (win 2.5% | avg 2.8% budget)
  frame.render.world.enemies       win=  0.381ms avg=  0.381ms p95=  0.439ms max=  3.351ms calls(last=  1,win= 120,total=8047) (win 2.3% | avg 2.3% budget)
  frame.render.world.enemies.draw  win=  0.325ms avg=  0.325ms p95=  0.380ms max=  3.317ms calls(last=  1,win= 120,total=8047) (win 2.0% | avg 2.0% budget)
  enemy.physics.frontal_grid_build win=  0.313ms avg=  0.355ms p95=  0.603ms max=  1.926ms calls(last=  2,win= 136,total=7584) (win 1.9% | avg 2.1% budget)
  frame.render.hud.text            win=  0.223ms avg=  0.223ms p95=  0.260ms max=  0.742ms calls(last=  1,win= 120,total=8047) (win 1.3% | avg 1.3% budget)
  audio.route_step                 win=  0.189ms avg=  0.214ms p95=  1.277ms max= 11.929ms calls(last=  2,win= 136,total=8666) (win 1.1% | avg 1.3% budget)
  system.physics_collision         win=  0.121ms avg=  0.137ms p95=  0.272ms max= 14.689ms calls(last=  2,win= 136,total=8604) (win 0.7% | avg 0.8% budget)
[ENEMY_STATS] frame=10800 alive=121 visible=1 full=10 cheap=111 fullInBase=0 pairs(frontal=0 checks=0 separation=0 resolved=0)
[ENEMY_WINDOW] steps=136 alive[min=121 max=121] visible[min=1 max=3] full[min=10 max=10] collisionPasses[runs=136 skips=0]
[ENEMY_SEGMENTS] window=2.267s D{b/s=8.82 avgLen=4.97 fail=0} T{b/s=0.00 avgLen=0.00 fail=0} H{b/s=0.00 avgLen=0.00 fail=0} A{b/s=0.00 avgLen=0.00 fail=0}
[ENEMY_GRID] frontal{cand/s=600.0 xcell/s=2.2 ins/s=602.2} separation{cand/s=600.0}
[ENEMY_COLLISION_WINDOW] frontal{pairs/s=0.0 checks/s=0.0 baseSkip=0 kill=0(0.0%)} separation{pairs/s=0.0 resolved/s=0.0(0.0%) baseSkip=0 kill=0 wallBlock=0}
[ENEMY_NAV_CACHE] playerCell{changes=0 flowRebuilds=0} flow{hit=0 miss=0 hit%=0.0} pathFallback{calls=0 ok=0 ok%=0.0}
[ENEMY_SAP] updates=16456 active=1360 pairs=0 repairs{x=3 y=3}
[ENEMY_PAIR_TYPES] frontal DD=0 DT=0 DH=0 DA=0 TT=0 TH=0 TA=0 HH=0 HA=0 AA=0 separation DD=0 DT=0 DH=0 DA=0 TT=0 TH=0 TA=0 HH=0 HA=0 AA=0
[AUDIO_ROUTE_WINDOW] steps=136 events=20 sounds=20 avg(step ev=0.15 snd=0.15) max(step ev=1 snd=1)
  events{shotP=10 shotE=1 dead=0 spawn=0 base=0 wall=9 start=0 playerExpl=0}
  sounds{shotP=10 shotE=1 dead=0 spawn=0 base=0 wall=9 start=0 playerExpl=0}
[MUSIC_PLAYER_WINDOW] label=menu calls=120 activeCalls=0 buffers=0 avg(buf/call=0.00 active=0.00) max(buf/call=0) upload(total=0.00ms avg=0.000ms max=0.000ms slow=0)
[MUSIC_PLAYER_WINDOW] label=gameplay calls=120 activeCalls=120 buffers=9 avg(buf/call=0.08 active=0.08) max(buf/call=1) upload(total=8.31ms avg=0.923ms max=8.227ms slow=1)

[PROFILE] frame=10920 budget=16.667ms alloc(+118/-118, +9200b/-9200b, live=398496b peak=460152b)
  frame.total                      win= 17.854ms avg= 17.854ms p95= 22.713ms max=106.689ms calls(last=  1,win= 120,total=10920) (win 107.1% | avg 107.1% budget)
  frame.cpu_work                   win= 12.827ms avg= 12.827ms p95= 20.564ms max=105.065ms calls(last=  1,win= 120,total=10920) (win 77.0% | avg 77.0% budget)
  frame.render                     win=  5.310ms avg=  5.310ms p95=  5.699ms max= 25.862ms calls(last=  1,win= 120,total=10920) (win 31.9% | avg 31.9% budget)
  frame.present                    win=  5.011ms avg=  5.011ms p95=  7.969ms max= 41.440ms calls(last=  1,win= 120,total=10920) (win 30.1% | avg 30.1% budget)
  frame.fixed_step                 win=  4.692ms avg=  5.044ms p95=  8.998ms max=104.148ms calls(last=  1,win= 129,total=11547) (win 28.2% | avg 30.3% budget)
  game.update                      win=  4.588ms avg=  4.932ms p95=  8.668ms max=104.116ms calls(last=  1,win= 129,total=8795) (win 27.5% | avg 29.6% budget)
  system.ai_update                 win=  4.299ms avg=  4.621ms p95=  7.974ms max= 17.853ms calls(last=  1,win= 129,total=8733) (win 25.8% | avg 27.7% budget)
  enemy.update                     win=  4.295ms avg=  4.617ms p95=  7.967ms max= 17.843ms calls(last=  1,win= 129,total=8733) (win 25.8% | avg 27.7% budget)
  music.fill_buffer                win=  4.081ms avg=  0.272ms p95=  4.034ms max=  7.434ms calls(last=  0,win=   8,total=751) (win 24.5% | avg 1.6% budget)
  frame.render.world               win=  2.673ms avg=  2.673ms p95=  3.012ms max= 10.990ms calls(last=  1,win= 120,total=8167) (win 16.0% | avg 16.0% budget)
  gameplay.music                   win=  2.416ms avg=  2.416ms p95=  9.575ms max= 31.770ms calls(last=  1,win= 120,total=10920) (win 14.5% | avg 14.5% budget)
  audio.route.removed_enemy_match  win=  2.241ms avg=  0.037ms p95=  0.000ms max= 11.068ms calls(last=  0,win=   2,total=38) (win 13.4% | avg 0.2% budget)
  music.update_stream              win=  1.562ms avg=  0.104ms p95=  0.014ms max= 14.322ms calls(last=  0,win=   8,total=751) (win 9.4% | avg 0.6% budget)
  menu.music                       win=  1.209ms avg=  2.418ms p95=  9.574ms max= 31.770ms calls(last=  2,win= 240,total=21840) (win 7.3% | avg 14.5% budget)
  frame.render.world.maze          win=  1.115ms avg=  1.115ms p95=  1.197ms max=  3.732ms calls(last=  1,win= 120,total=8167) (win 6.7% | avg 6.7% budget)
  frame.render.hud                 win=  0.827ms avg=  0.827ms p95=  0.900ms max=  2.480ms calls(last=  1,win= 120,total=8167) (win 5.0% | avg 5.0% budget)
  frame.render.world.effects       win=  0.703ms avg=  0.703ms p95=  0.942ms max=  7.183ms calls(last=  1,win= 120,total=8167) (win 4.2% | avg 4.2% budget)
  frame.render.hud.minimap         win=  0.423ms avg=  0.423ms p95=  0.471ms max=  1.297ms calls(last=  1,win= 120,total=8167) (win 2.5% | avg 2.5% budget)
  enemy.physics.frontal_collisions win=  0.415ms avg=  0.446ms p95=  0.790ms max=  2.213ms calls(last=  1,win= 129,total=7713) (win 2.5% | avg 2.7% budget)
  enemy.physics.frontal_grid_build win=  0.314ms avg=  0.338ms p95=  0.599ms max=  1.926ms calls(last=  1,win= 129,total=7713) (win 1.9% | avg 2.0% budget)
  frame.render.world.enemies       win=  0.273ms avg=  0.273ms p95=  0.328ms max=  3.351ms calls(last=  1,win= 120,total=8167) (win 1.6% | avg 1.6% budget)
  frame.render.hud.text            win=  0.223ms avg=  0.223ms p95=  0.263ms max=  0.742ms calls(last=  1,win= 120,total=8167) (win 1.3% | avg 1.3% budget)
  frame.render.world.enemies.draw  win=  0.223ms avg=  0.223ms p95=  0.269ms max=  3.317ms calls(last=  1,win= 120,total=8167) (win 1.3% | avg 1.3% budget)
  enemy.ai.movement                win=  0.096ms avg=  0.869ms p95=  1.488ms max=  5.535ms calls(last=  8,win=1091,total=66432) (win 0.6% | avg 5.2% budget)
[ENEMY_STATS] frame=10920 alive=119 visible=0 full=8 cheap=111 fullInBase=0 pairs(frontal=0 checks=0 separation=0 resolved=0)
[ENEMY_WINDOW] steps=129 alive[min=119 max=121] visible[min=0 max=1] full[min=8 max=10] collisionPasses[runs=129 skips=0]
[ENEMY_SEGMENTS] window=2.150s D{b/s=10.23 avgLen=4.74 fail=0} T{b/s=0.00 avgLen=0.00 fail=0} H{b/s=0.00 avgLen=0.00 fail=0} A{b/s=0.00 avgLen=0.00 fail=0}
[ENEMY_GRID] frontal{cand/s=506.5 xcell/s=1.4 ins/s=507.9} separation{cand/s=506.5}
[ENEMY_COLLISION_WINDOW] frontal{pairs/s=0.0 checks/s=0.0 baseSkip=0 kill=0(0.0%)} separation{pairs/s=0.0 resolved/s=0.0(0.0%) baseSkip=0 kill=0 wallBlock=0}
[ENEMY_NAV_CACHE] playerCell{changes=0 flowRebuilds=0} flow{hit=0 miss=0 hit%=0.0} pathFallback{calls=0 ok=0 ok%=0.0}
[ENEMY_SAP] updates=15408 active=1089 pairs=0 repairs{x=1105 y=1086}
[ENEMY_PAIR_TYPES] frontal DD=0 DT=0 DH=0 DA=0 TT=0 TH=0 TA=0 HH=0 HA=0 AA=0 separation DD=0 DT=0 DH=0 DA=0 TT=0 TH=0 TA=0 HH=0 HA=0 AA=0
[AUDIO_ROUTE_WINDOW] steps=129 events=11 sounds=11 avg(step ev=0.09 snd=0.09) max(step ev=2 snd=2)
  events{shotP=3 shotE=0 dead=2 spawn=0 base=0 wall=5 start=0 playerExpl=1}
  sounds{shotP=3 shotE=0 dead=2 spawn=0 base=0 wall=5 start=0 playerExpl=1}
[MUSIC_PLAYER_WINDOW] label=menu calls=120 activeCalls=0 buffers=0 avg(buf/call=0.00 active=0.00) max(buf/call=0) upload(total=0.00ms avg=0.000ms max=0.000ms slow=0)
[MUSIC_PLAYER_WINDOW] label=gameplay calls=120 activeCalls=120 buffers=8 avg(buf/call=0.07 active=0.07) max(buf/call=1) upload(total=12.21ms avg=1.526ms max=6.621ms slow=2)

[PROFILE] frame=11040 budget=16.667ms alloc(+0/-0, +0b/-0b, live=19600b peak=460152b)
  frame.total                      win= 16.908ms avg= 16.908ms p95= 17.329ms max=106.689ms calls(last=  1,win= 120,total=11040) (win 101.4% | avg 101.4% budget)
  frame.present                    win= 11.549ms avg= 11.549ms p95= 14.509ms max= 41.440ms calls(last=  1,win= 120,total=11040) (win 69.3% | avg 69.3% budget)
  music.fill_buffer                win=  6.485ms avg=  0.432ms p95=  4.097ms max= 10.632ms calls(last=  0,win=   8,total=759) (win 38.9% | avg 2.6% budget)
  frame.cpu_work                   win=  5.342ms avg=  5.342ms p95= 12.144ms max=105.065ms calls(last=  1,win= 120,total=11040) (win 32.1% | avg 32.1% budget)
  frame.render                     win=  4.107ms avg=  4.107ms p95=  6.371ms max= 25.862ms calls(last=  1,win= 120,total=11040) (win 24.6% | avg 24.6% budget)
  game.update                      win=  4.093ms avg=  0.068ms p95=  0.000ms max=104.116ms calls(last=  0,win=   2,total=8797) (win 24.6% | avg 0.4% budget)
  system.ai_update                 win=  3.889ms avg=  0.065ms p95=  0.000ms max= 17.853ms calls(last=  0,win=   2,total=8735) (win 23.3% | avg 0.4% budget)
  enemy.update                     win=  3.884ms avg=  0.065ms p95=  0.000ms max= 17.843ms calls(last=  0,win=   2,total=8735) (win 23.3% | avg 0.4% budget)
  frame.render.world               win=  2.248ms avg=  0.824ms p95=  2.359ms max= 10.990ms calls(last=  0,win=  44,total=8211) (win 13.5% | avg 4.9% budget)
  frame.render.overlay             win=  1.294ms avg=  0.464ms p95=  1.312ms max=  2.954ms calls(last=  0,win=  43,total=43) (win 7.8% | avg 2.8% budget)
  frame.render.world.maze          win=  1.111ms avg=  0.408ms p95=  1.178ms max=  3.732ms calls(last=  0,win=  44,total=8211) (win 6.7% | avg 2.4% budget)
  frame.render.hud                 win=  0.827ms avg=  0.303ms p95=  0.862ms max=  2.480ms calls(last=  0,win=  44,total=8211) (win 5.0% | avg 1.8% budget)
  gameplay.music                   win=  0.569ms avg=  0.569ms p95=  4.321ms max= 31.770ms calls(last=  1,win= 120,total=11040) (win 3.4% | avg 3.4% budget)
  menu.music                       win=  0.555ms avg=  1.109ms p95=  7.176ms max= 31.770ms calls(last=  2,win= 240,total=22080) (win 3.3% | avg 6.7% budget)
  frame.render.world.effects       win=  0.482ms avg=  0.177ms p95=  0.519ms max=  7.183ms calls(last=  0,win=  44,total=8211) (win 2.9% | avg 1.1% budget)
  frame.render.hud.minimap         win=  0.425ms avg=  0.156ms p95=  0.449ms max=  1.297ms calls(last=  0,win=  44,total=8211) (win 2.6% | avg 0.9% budget)
  enemy.physics.frontal_collisions win=  0.417ms avg=  0.007ms p95=  0.000ms max=  2.213ms calls(last=  0,win=   2,total=7715) (win 2.5% | avg 0.0% budget)
  enemy.physics.frontal_grid_build win=  0.318ms avg=  0.005ms p95=  0.000ms max=  1.926ms calls(last=  0,win=   2,total=7715) (win 1.9% | avg 0.0% budget)
  frame.render.world.enemies       win=  0.236ms avg=  0.086ms p95=  0.233ms max=  3.351ms calls(last=  0,win=  44,total=8211) (win 1.4% | avg 0.5% budget)
  frame.render.hud.text            win=  0.226ms avg=  0.083ms p95=  0.220ms max=  0.742ms calls(last=  0,win=  44,total=8211) (win 1.4% | avg 0.5% budget)
  frame.render.world.enemies.draw  win=  0.187ms avg=  0.069ms p95=  0.183ms max=  3.317ms calls(last=  0,win=  44,total=8211) (win 1.1% | avg 0.4% budget)
  enemy.ai.movement                win=  0.099ms avg=  0.013ms p95=  0.000ms max=  5.535ms calls(last=  0,win=  16,total=66448) (win 0.6% | avg 0.1% budget)
  system.spawner_update            win=  0.072ms avg=  0.001ms p95=  0.000ms max=  0.622ms calls(last=  0,win=   2,total=8735) (win 0.4% | avg 0.0% budget)
  frame.fixed_step                 win=  0.070ms avg=  0.072ms p95=  0.004ms max=104.148ms calls(last=  1,win= 123,total=11670) (win 0.4% | avg 0.4% budget)
[MUSIC_PLAYER_WINDOW] label=menu calls=120 activeCalls=78 buffers=5 avg(buf/call=0.04 active=0.06) max(buf/call=1) upload(total=0.05ms avg=0.011ms max=0.012ms slow=0)
[MUSIC_PLAYER_WINDOW] label=gameplay calls=120 activeCalls=42 buffers=3 avg(buf/call=0.03 active=0.07) max(buf/call=1) upload(total=0.03ms avg=0.011ms max=0.011ms slow=0)
arm_release_ver: g13p0-01eac0, rk_so_ver: 11
