ark@rg353v:/roms2/ports/bolt$ rm profile.log
ark@rg353v:/roms2/ports/bolt$ cat profile.log
INFO: Initializing raylib 5.6-dev
INFO: Platform backend: DESKTOP (SDL)
INFO: Supported raylib modules:
INFO:     > rcore:..... loaded (mandatory)
INFO:     > rlgl:...... loaded (mandatory)
INFO:     > rshapes:... loaded (optional)
INFO:     > rtextures:. loaded (optional)
INFO:     > rtext:..... loaded (optional)
INFO:     > rmodels:... loaded (optional)
INFO:     > raudio:.... loaded (optional)
arm_release_ver: g13p0-01eac0, rk_so_ver: 11
INFO: DISPLAY: Device initialized successfully
INFO:     > Display size: 640 x 480
INFO:     > Screen size:  640 x 480
INFO:     > Render size:  640 x 480
INFO:     > Viewport offsets: 0, 0
INFO: GLAD: OpenGL ES 2.0 loaded successfully
INFO: GL: Supported extensions count: 99
INFO: GL: OpenGL device information:
INFO:     > Vendor:   ARM
INFO:     > Renderer: Mali-G52
INFO:     > Version:  OpenGL ES 3.2 v1.g13p0-01eac0.fdf91928d758c45c1787782175b35c6a
INFO:     > GLSL:     OpenGL ES GLSL ES 3.20
INFO: GL: VAO extension detected, VAO functions loaded successfully
INFO: GL: NPOT textures extension detected, full NPOT textures supported
INFO: GL: ETC1 compressed textures supported
INFO: GL: ASTC compressed textures supported
INFO: PLATFORM: DESKTOP (SDL2): Initialized successfully
INFO: TEXTURE: [ID 1] Texture loaded successfully (1x1 | R8G8B8A8 | 1 mipmaps)
INFO: TEXTURE: [ID 1] Default texture loaded successfully
INFO: SHADER: [ID 1] Vertex shader compiled successfully
INFO: SHADER: [ID 2] Fragment shader compiled successfully
INFO: SHADER: [ID 3] Program shader loaded successfully
INFO: SHADER: [ID 3] Default shader loaded successfully
INFO: RLGL: Render batch vertex buffers loaded successfully in RAM (CPU)
INFO: RLGL: Render batch vertex buffers loaded successfully in VRAM (GPU)
INFO: RLGL: Default OpenGL state initialized successfully
INFO: TEXTURE: [ID 2] Texture loaded successfully (128x128 | GRAY_ALPHA | 1 mipmaps)
INFO: FONT: Default font loaded successfully (224 glyphs)
INFO: SYSTEM: Working Directory: /roms2/ports/bolt
INFO: TIMER: Target time per frame: 16.667 milliseconds
INFO: FILEIO: [resources/textures/sprites.png] File loaded successfully
INFO: IMAGE: Data loaded successfully (18x63 | R8G8B8A8 | 1 mipmaps)
INFO: TEXTURE: [ID 3] Texture loaded successfully (72x9 | R8G8B8A8 | 1 mipmaps)
INFO: TEXTURE: [ID 4] Texture loaded successfully (72x36 | R8G8B8A8 | 1 mipmaps)
INFO: AUDIO: Device initialized successfully
INFO:     > Backend:       miniaudio | ALSA
INFO:     > Format:        32-bit IEEE Floating Point -> 32-bit IEEE Floating Point
INFO:     > Channels:      2 -> 2
INFO:     > Sample rate:   44100 -> 44100
INFO:     > Periods size:  3072
INFO: FILEIO: [resources/audio/keyboard-click.wav] File loaded successfully
INFO: WAVE: Data loaded successfully (48000 Hz, 16 bit, 1 channels)
INFO: AUDIO: menu click sound loaded from: resources/audio/keyboard-click.wav
INFO: FILEIO: [resources/audio/power-up.wav] File loaded successfully
INFO: WAVE: Data loaded successfully (48000 Hz, 16 bit, 1 channels)
INFO: AUDIO: power-up sound loaded from: resources/audio/power-up.wav
INFO: FILEIO: [resources/audio/player-shot.wav] File loaded successfully
INFO: WAVE: Data loaded successfully (48000 Hz, 16 bit, 1 channels)
INFO: AUDIO: player-shot sound loaded from: resources/audio/player-shot.wav
INFO: FILEIO: [resources/audio/enemy-shot.wav] File loaded successfully
INFO: WAVE: Data loaded successfully (48000 Hz, 16 bit, 1 channels)
INFO: AUDIO: enemy-shot sound loaded from: resources/audio/enemy-shot.wav
INFO: FILEIO: [resources/audio/enemy-spawning.wav] File loaded successfully
INFO: WAVE: Data loaded successfully (48000 Hz, 16 bit, 1 channels)
INFO: AUDIO: enemy-spawning sound loaded from: resources/audio/enemy-spawning.wav
INFO: FILEIO: [resources/audio/enemy-exploding.wav] File loaded successfully
INFO: WAVE: Data loaded successfully (48000 Hz, 16 bit, 1 channels)
INFO: AUDIO: enemy-exploding sound loaded from: resources/audio/enemy-exploding.wav
INFO: FILEIO: [resources/audio/base-exploding.wav] File loaded successfully
INFO: WAVE: Data loaded successfully (48000 Hz, 16 bit, 1 channels)
INFO: AUDIO: base-exploding sound loaded from: resources/audio/base-exploding.wav

[PROFILE] frame=120 budget=16.667ms alloc(+15/-15, +104920b/-104920b, live=18216b peak=136400b)
  frame.total                      win= 17.706ms avg= 17.706ms p95= 17.148ms max= 82.940ms calls(last=  1,win= 120,total=120) (win 106.2% | avg 106.2% budget)
  frame.render                     win= 16.956ms avg= 16.956ms p95= 16.931ms max= 82.902ms calls(last=  1,win= 120,total=120) (win 101.7% | avg 101.7% budget)
  frame.present                    win= 16.949ms avg= 16.949ms p95= 16.924ms max= 82.894ms calls(last=  1,win= 120,total=120) (win 101.7% | avg 101.7% budget)
  frame.render.world               win=  4.062ms avg=  3.452ms p95=  8.267ms max=  9.183ms calls(last=  2,win= 102,total=102) (win 24.4% | avg 20.7% budget)
  frame.render.overlay             win=  2.866ms avg=  1.218ms p95=  3.325ms max=  3.492ms calls(last=  1,win=  51,total=51) (win 17.2% | avg 7.3% budget)
  game.update                      win=  1.330ms avg=  0.610ms p95=  1.624ms max=  4.779ms calls(last=  1,win=  55,total=55) (win 8.0% | avg 3.7% budget)
  system.ai_update                 win=  1.245ms avg=  0.570ms p95=  1.328ms max=  4.652ms calls(last=  1,win=  55,total=55) (win 7.5% | avg 3.4% budget)
  enemy.update                     win=  1.238ms avg=  0.568ms p95=  1.323ms max=  4.598ms calls(last=  1,win=  55,total=55) (win 7.4% | avg 3.4% budget)
  frame.render.world.enemies       win=  1.081ms avg=  0.460ms p95=  1.122ms max=  1.173ms calls(last=  1,win=  51,total=51) (win 6.5% | avg 2.8% budget)
  frame.render.world.maze          win=  0.806ms avg=  0.342ms p95=  0.852ms max=  0.910ms calls(last=  1,win=  51,total=51) (win 4.8% | avg 2.1% budget)
  frame.fixed_step                 win=  0.672ms avg=  0.711ms p95=  1.848ms max=  5.348ms calls(last=  1,win= 127,total=127) (win 4.0% | avg 4.3% budget)
  frame.render.world.effects       win=  0.412ms avg=  0.175ms p95=  0.483ms max=  0.778ms calls(last=  1,win=  51,total=51) (win 2.5% | avg 1.1% budget)
  enemy.cheap.segment_build        win=  0.255ms avg=  0.008ms p95=  0.000ms max=  0.300ms calls(last=  0,win=   4,total=4) (win 1.5% | avg 0.1% budget)
  system.spawner_update            win=  0.038ms avg=  0.017ms p95=  0.014ms max=  0.413ms calls(last=  1,win=  55,total=55) (win 0.2% | avg 0.1% budget)
  frame.input_poll                 win=  0.028ms avg=  0.028ms p95=  0.028ms max=  0.059ms calls(last=  1,win= 120,total=120) (win 0.2% | avg 0.2% budget)
  enemy.type.drone                 win=  0.025ms avg=  0.015ms p95=  0.035ms max=  0.338ms calls(last=  4,win=  74,total=74) (win 0.1% | avg 0.1% budget)
  system.physics_collision         win=  0.015ms avg=  0.007ms p95=  0.017ms max=  0.033ms calls(last=  1,win=  55,total=55) (win 0.1% | avg 0.0% budget)
  system.projectile_update         win=  0.003ms avg=  0.002ms p95=  0.004ms max=  0.007ms calls(last=  1,win=  55,total=55) (win 0.0% | avg 0.0% budget)
  system.maze_update               win=  0.001ms avg=  0.000ms p95=  0.001ms max=  0.002ms calls(last=  1,win=  55,total=55) (win 0.0% | avg 0.0% budget)
[ENEMY_STATS] frame=120 alive=4 visible=0 full=0 cheap=4 fullInBase=0 pairs(frontal=0 checks=0 separation=0 resolved=0)
[ENEMY_WINDOW] steps=56 alive[min=0 max=4] visible[min=0 max=0] full[min=0 max=0] collisionPasses[runs=0 skips=56]

[PROFILE] frame=240 budget=16.667ms alloc(+32/-32, +119328b/-119328b, live=43752b peak=162696b)
  frame.total                      win= 16.911ms avg= 16.911ms p95= 17.348ms max= 82.940ms calls(last=  1,win= 120,total=240) (win 101.5% | avg 101.5% budget)
  frame.render                     win= 14.997ms avg= 14.997ms p95= 15.598ms max= 82.902ms calls(last=  1,win= 120,total=240) (win 90.0% | avg 90.0% budget)
  frame.present                    win= 14.990ms avg= 14.990ms p95= 15.591ms max= 82.894ms calls(last=  1,win= 120,total=240) (win 89.9% | avg 89.9% budget)
  frame.render.world               win=  4.191ms avg=  8.383ms p95=  8.877ms max=  9.532ms calls(last=  2,win= 240,total=342) (win 25.1% | avg 50.3% budget)
  frame.render.overlay             win=  2.959ms avg=  2.959ms p95=  3.605ms max=  3.775ms calls(last=  1,win= 120,total=171) (win 17.8% | avg 17.8% budget)
  frame.fixed_step                 win=  1.844ms avg=  1.875ms p95=  2.288ms max=  5.348ms calls(last=  1,win= 122,total=249) (win 11.1% | avg 11.2% budget)
  game.update                      win=  1.552ms avg=  1.577ms p95=  1.943ms max=  4.779ms calls(last=  1,win= 122,total=177) (win 9.3% | avg 9.5% budget)
  system.ai_update                 win=  1.416ms avg=  1.440ms p95=  1.723ms max=  4.652ms calls(last=  1,win= 122,total=177) (win 8.5% | avg 8.6% budget)
  enemy.update                     win=  1.411ms avg=  1.435ms p95=  1.716ms max=  4.598ms calls(last=  1,win= 122,total=177) (win 8.5% | avg 8.6% budget)
  frame.render.world.enemies       win=  1.096ms avg=  1.096ms p95=  1.170ms max=  1.395ms calls(last=  1,win= 120,total=171) (win 6.6% | avg 6.6% budget)
  frame.render.world.maze          win=  0.838ms avg=  0.838ms p95=  0.998ms max=  1.271ms calls(last=  1,win= 120,total=171) (win 5.0% | avg 5.0% budget)
  frame.render.world.effects       win=  0.393ms avg=  0.393ms p95=  0.505ms max=  0.778ms calls(last=  1,win= 120,total=171) (win 2.4% | avg 2.4% budget)
  enemy.cheap.segment_build        win=  0.230ms avg=  0.038ms p95=  0.276ms max=  0.445ms calls(last=  0,win=  20,total=24) (win 1.4% | avg 0.2% budget)
  system.spawner_update            win=  0.074ms avg=  0.075ms p95=  0.418ms max=  0.692ms calls(last=  1,win= 122,total=177) (win 0.4% | avg 0.4% budget)
  frame.input_poll                 win=  0.028ms avg=  0.028ms p95=  0.029ms max=  0.059ms calls(last=  1,win= 120,total=240) (win 0.2% | avg 0.2% budget)
  system.player_update             win=  0.024ms avg=  0.012ms p95=  0.026ms max=  0.032ms calls(last=  1,win=  57,total=57) (win 0.1% | avg 0.1% budget)
  system.physics_collision         win=  0.017ms avg=  0.018ms p95=  0.020ms max=  0.033ms calls(last=  1,win= 122,total=177) (win 0.1% | avg 0.1% budget)
  enemy.type.torpedo               win=  0.010ms avg=  0.032ms p95=  0.249ms max=  0.316ms calls(last=  7,win= 401,total=401) (win 0.1% | avg 0.2% budget)
  enemy.type.drone                 win=  0.008ms avg=  0.062ms p95=  0.224ms max=  0.346ms calls(last= 12,win= 933,total=1007) (win 0.0% | avg 0.4% budget)
  system.projectile_update         win=  0.003ms avg=  0.003ms p95=  0.004ms max=  0.007ms calls(last=  1,win= 122,total=177) (win 0.0% | avg 0.0% budget)
  system.maze_update               win=  0.001ms avg=  0.001ms p95=  0.002ms max=  0.002ms calls(last=  1,win= 122,total=177) (win 0.0% | avg 0.0% budget)
[ENEMY_STATS] frame=240 alive=19 visible=0 full=0 cheap=19 fullInBase=0 pairs(frontal=0 checks=0 separation=0 resolved=0)
[ENEMY_WINDOW] steps=122 alive[min=5 max=19] visible[min=0 max=0] full[min=0 max=0] collisionPasses[runs=0 skips=122]

[PROFILE] frame=360 budget=16.667ms alloc(+44/-44, +130096b/-130096b, live=43752b peak=173288b)
  frame.total                      win= 16.921ms avg= 16.921ms p95= 17.464ms max= 82.940ms calls(last=  1,win= 120,total=360) (win 101.5% | avg 101.5% budget)
  frame.render                     win= 14.664ms avg= 14.664ms p95= 15.170ms max= 82.902ms calls(last=  1,win= 120,total=360) (win 88.0% | avg 88.0% budget)
  frame.present                    win= 14.657ms avg= 14.657ms p95= 15.164ms max= 82.894ms calls(last=  1,win= 120,total=360) (win 87.9% | avg 87.9% budget)
  frame.render.world               win=  4.377ms avg=  8.753ms p95=  9.164ms max=  9.669ms calls(last=  2,win= 240,total=582) (win 26.3% | avg 52.5% budget)
  frame.render.overlay             win=  3.001ms avg=  3.001ms p95=  3.677ms max=  3.822ms calls(last=  1,win= 120,total=291) (win 18.0% | avg 18.0% budget)
  frame.fixed_step                 win=  2.164ms avg=  2.218ms p95=  2.694ms max=  5.391ms calls(last=  1,win= 123,total=372) (win 13.0% | avg 13.3% budget)
  game.update                      win=  1.734ms avg=  1.778ms p95=  2.261ms max=  4.779ms calls(last=  1,win= 123,total=300) (win 10.4% | avg 10.7% budget)
  system.ai_update                 win=  1.582ms avg=  1.621ms p95=  1.865ms max=  4.652ms calls(last=  1,win= 123,total=300) (win 9.5% | avg 9.7% budget)
  enemy.update                     win=  1.576ms avg=  1.616ms p95=  1.860ms max=  4.598ms calls(last=  1,win= 123,total=300) (win 9.5% | avg 9.7% budget)
  frame.render.world.enemies       win=  1.102ms avg=  1.102ms p95=  1.173ms max=  1.395ms calls(last=  1,win= 120,total=291) (win 6.6% | avg 6.6% budget)
  frame.render.world.maze          win=  0.965ms avg=  0.965ms p95=  1.068ms max=  1.306ms calls(last=  1,win= 120,total=291) (win 5.8% | avg 5.8% budget)
  frame.render.world.effects       win=  0.391ms avg=  0.391ms p95=  0.511ms max=  0.778ms calls(last=  1,win= 120,total=291) (win 2.3% | avg 2.3% budget)
  enemy.cheap.segment_build        win=  0.222ms avg=  0.065ms p95=  0.296ms max=  0.572ms calls(last=  1,win=  35,total=59) (win 1.3% | avg 0.4% budget)
  system.spawner_update            win=  0.071ms avg=  0.073ms p95=  0.417ms max=  0.711ms calls(last=  1,win= 123,total=300) (win 0.4% | avg 0.4% budget)
  frame.input_poll                 win=  0.028ms avg=  0.028ms p95=  0.028ms max=  0.064ms calls(last=  1,win= 120,total=360) (win 0.2% | avg 0.2% budget)
  system.player_update             win=  0.026ms avg=  0.027ms p95=  0.034ms max=  0.053ms calls(last=  1,win= 123,total=180) (win 0.2% | avg 0.2% budget)
  system.physics_collision         win=  0.019ms avg=  0.020ms p95=  0.026ms max=  0.048ms calls(last=  1,win= 123,total=300) (win 0.1% | avg 0.1% budget)
  enemy.type.torpedo               win=  0.007ms avg=  0.068ms p95=  0.323ms max=  0.624ms calls(last= 14,win=1215,total=1616) (win 0.0% | avg 0.4% budget)
  enemy.type.drone                 win=  0.006ms avg=  0.092ms p95=  0.290ms max=  0.420ms calls(last= 16,win=1751,total=2758) (win 0.0% | avg 0.6% budget)
  system.projectile_update         win=  0.004ms avg=  0.004ms p95=  0.004ms max=  0.042ms calls(last=  1,win= 123,total=300) (win 0.0% | avg 0.0% budget)
  system.maze_update               win=  0.001ms avg=  0.001ms p95=  0.002ms max=  0.002ms calls(last=  1,win= 123,total=300) (win 0.0% | avg 0.0% budget)
[ENEMY_STATS] frame=360 alive=30 visible=0 full=0 cheap=30 fullInBase=0 pairs(frontal=0 checks=0 separation=0 resolved=0)
[ENEMY_WINDOW] steps=123 alive[min=19 max=30] visible[min=0 max=0] full[min=0 max=0] collisionPasses[runs=0 skips=123]

[PROFILE] frame=480 budget=16.667ms alloc(+59/-59, +143960b/-143960b, live=72936b peak=215936b)
  frame.total                      win= 16.922ms avg= 16.922ms p95= 17.453ms max= 82.940ms calls(last=  1,win= 120,total=480) (win 101.5% | avg 101.5% budget)
  frame.render                     win= 14.148ms avg= 14.148ms p95= 14.915ms max= 82.902ms calls(last=  1,win= 120,total=480) (win 84.9% | avg 84.9% budget)
  frame.present                    win= 14.141ms avg= 14.141ms p95= 14.907ms max= 82.894ms calls(last=  1,win= 120,total=480) (win 84.8% | avg 84.8% budget)
  frame.render.world               win=  4.356ms avg=  8.712ms p95=  8.962ms max=  9.669ms calls(last=  2,win= 240,total=822) (win 26.1% | avg 52.3% budget)
  frame.render.overlay             win=  2.999ms avg=  2.999ms p95=  3.658ms max=  3.883ms calls(last=  1,win= 120,total=411) (win 18.0% | avg 18.0% budget)
  frame.fixed_step                 win=  2.690ms avg=  2.735ms p95=  3.226ms max=  6.096ms calls(last=  1,win= 122,total=494) (win 16.1% | avg 16.4% budget)
  game.update                      win=  2.058ms avg=  2.092ms p95=  2.555ms max=  4.811ms calls(last=  1,win= 122,total=422) (win 12.3% | avg 12.6% budget)
  system.ai_update                 win=  1.889ms avg=  1.921ms p95=  2.260ms max=  4.652ms calls(last=  1,win= 122,total=422) (win 11.3% | avg 11.5% budget)
  enemy.update                     win=  1.884ms avg=  1.915ms p95=  2.255ms max=  4.598ms calls(last=  1,win= 122,total=422) (win 11.3% | avg 11.5% budget)
  frame.render.world.enemies       win=  1.099ms avg=  1.099ms p95=  1.145ms max=  1.395ms calls(last=  1,win= 120,total=411) (win 6.6% | avg 6.6% budget)
  frame.render.world.maze          win=  0.907ms avg=  0.907ms p95=  0.988ms max=  1.306ms calls(last=  1,win= 120,total=411) (win 5.4% | avg 5.4% budget)
  frame.render.world.effects       win=  0.387ms avg=  0.387ms p95=  0.487ms max=  0.778ms calls(last=  1,win= 120,total=411) (win 2.3% | avg 2.3% budget)
  enemy.cheap.segment_build        win=  0.115ms avg=  0.265ms p95=  0.563ms max=  0.833ms calls(last=  2,win= 277,total=336) (win 0.7% | avg 1.6% budget)
  system.spawner_update            win=  0.089ms avg=  0.091ms p95=  0.447ms max=  1.015ms calls(last=  1,win= 122,total=422) (win 0.5% | avg 0.5% budget)
  frame.input_poll                 win=  0.027ms avg=  0.027ms p95=  0.029ms max=  0.064ms calls(last=  1,win= 120,total=480) (win 0.2% | avg 0.2% budget)
  system.player_update             win=  0.026ms avg=  0.026ms p95=  0.028ms max=  0.053ms calls(last=  1,win= 122,total=302) (win 0.2% | avg 0.2% budget)
  system.physics_collision         win=  0.018ms avg=  0.018ms p95=  0.020ms max=  0.048ms calls(last=  1,win= 122,total=422) (win 0.1% | avg 0.1% budget)
  enemy.type.drone                 win=  0.011ms avg=  0.231ms p95=  0.447ms max=  0.787ms calls(last= 25,win=2424,total=5182) (win 0.1% | avg 1.4% budget)
  enemy.type.torpedo               win=  0.010ms avg=  0.170ms p95=  0.407ms max=  0.652ms calls(last= 19,win=2108,total=3724) (win 0.1% | avg 1.0% budget)
  system.projectile_update         win=  0.003ms avg=  0.003ms p95=  0.004ms max=  0.042ms calls(last=  1,win= 122,total=422) (win 0.0% | avg 0.0% budget)
  system.maze_update               win=  0.001ms avg=  0.001ms p95=  0.002ms max=  0.002ms calls(last=  1,win= 122,total=422) (win 0.0% | avg 0.0% budget)
[ENEMY_STATS] frame=480 alive=44 visible=0 full=0 cheap=44 fullInBase=0 pairs(frontal=0 checks=0 separation=0 resolved=0)
[ENEMY_WINDOW] steps=122 alive[min=30 max=44] visible[min=0 max=0] full[min=0 max=0] collisionPasses[runs=0 skips=122]

[PROFILE] frame=600 budget=16.667ms alloc(+66/-66, +150688b/-150688b, live=72936b peak=222616b)
  frame.total                      win= 16.911ms avg= 16.911ms p95= 17.475ms max= 82.940ms calls(last=  1,win= 120,total=600) (win 101.5% | avg 101.5% budget)
  frame.render                     win= 13.764ms avg= 13.764ms p95= 14.541ms max= 82.902ms calls(last=  1,win= 120,total=600) (win 82.6% | avg 82.6% budget)
  frame.present                    win= 13.757ms avg= 13.757ms p95= 14.534ms max= 82.894ms calls(last=  1,win= 120,total=600) (win 82.5% | avg 82.5% budget)
  frame.render.world               win=  4.453ms avg=  8.907ms p95=  9.554ms max= 10.922ms calls(last=  2,win= 240,total=1062) (win 26.7% | avg 53.4% budget)
  frame.fixed_step                 win=  3.032ms avg=  3.108ms p95=  3.613ms max=  6.096ms calls(last=  1,win= 123,total=617) (win 18.2% | avg 18.6% budget)
  frame.render.overlay             win=  3.005ms avg=  3.005ms p95=  3.657ms max=  4.044ms calls(last=  1,win= 120,total=531) (win 18.0% | avg 18.0% budget)
  game.update                      win=  2.162ms avg=  2.216ms p95=  2.695ms max=  4.811ms calls(last=  1,win= 123,total=545) (win 13.0% | avg 13.3% budget)
  system.ai_update                 win=  2.007ms avg=  2.057ms p95=  2.355ms max=  4.652ms calls(last=  1,win= 123,total=545) (win 12.0% | avg 12.3% budget)
  enemy.update                     win=  2.001ms avg=  2.051ms p95=  2.350ms max=  4.598ms calls(last=  1,win= 123,total=545) (win 12.0% | avg 12.3% budget)
  frame.render.world.enemies       win=  1.105ms avg=  1.105ms p95=  1.149ms max=  1.406ms calls(last=  1,win= 120,total=531) (win 6.6% | avg 6.6% budget)
  frame.render.world.maze          win=  0.909ms avg=  0.909ms p95=  1.021ms max=  1.306ms calls(last=  1,win= 120,total=531) (win 5.5% | avg 5.5% budget)
  frame.render.world.effects       win=  0.397ms avg=  0.397ms p95=  0.507ms max=  0.778ms calls(last=  1,win= 120,total=531) (win 2.4% | avg 2.4% budget)
  enemy.cheap.segment_build        win=  0.111ms avg=  0.272ms p95=  0.580ms max=  1.008ms calls(last=  2,win= 294,total=630) (win 0.7% | avg 1.6% budget)
  system.spawner_update            win=  0.070ms avg=  0.072ms p95=  0.425ms max=  1.015ms calls(last=  1,win= 123,total=545) (win 0.4% | avg 0.4% budget)
  frame.input_poll                 win=  0.027ms avg=  0.027ms p95=  0.029ms max=  0.064ms calls(last=  1,win= 120,total=600) (win 0.2% | avg 0.2% budget)
  system.player_update             win=  0.026ms avg=  0.027ms p95=  0.032ms max=  0.056ms calls(last=  1,win= 123,total=425) (win 0.2% | avg 0.2% budget)
  system.physics_collision         win=  0.020ms avg=  0.020ms p95=  0.027ms max=  0.055ms calls(last=  1,win= 123,total=545) (win 0.1% | avg 0.1% budget)
  enemy.type.torpedo               win=  0.009ms avg=  0.201ms p95=  0.422ms max=  1.003ms calls(last= 23,win=2585,total=6309) (win 0.1% | avg 1.2% budget)
  enemy.type.drone                 win=  0.009ms avg=  0.241ms p95=  0.464ms max=  0.787ms calls(last= 28,win=3292,total=8474) (win 0.1% | avg 1.4% budget)
  system.projectile_update         win=  0.003ms avg=  0.003ms p95=  0.004ms max=  0.042ms calls(last=  1,win= 123,total=545) (win 0.0% | avg 0.0% budget)
  system.maze_update               win=  0.001ms avg=  0.001ms p95=  0.002ms max=  0.002ms calls(last=  1,win= 123,total=545) (win 0.0% | avg 0.0% budget)
[ENEMY_STATS] frame=600 alive=51 visible=0 full=0 cheap=51 fullInBase=0 pairs(frontal=0 checks=0 separation=0 resolved=0)
[ENEMY_WINDOW] steps=123 alive[min=44 max=51] visible[min=0 max=0] full[min=0 max=0] collisionPasses[runs=0 skips=123]

[PROFILE] frame=720 budget=16.667ms alloc(+75/-75, +159304b/-159304b, live=72936b peak=231176b)
  frame.total                      win= 16.925ms avg= 16.925ms p95= 17.537ms max= 82.940ms calls(last=  1,win= 120,total=720) (win 101.6% | avg 101.6% budget)
  frame.render                     win= 13.401ms avg= 13.401ms p95= 14.174ms max= 82.902ms calls(last=  1,win= 120,total=720) (win 80.4% | avg 80.4% budget)
  frame.present                    win= 13.394ms avg= 13.394ms p95= 14.152ms max= 82.894ms calls(last=  1,win= 120,total=720) (win 80.4% | avg 80.4% budget)
  frame.render.world               win=  4.674ms avg=  9.348ms p95=  9.973ms max= 10.922ms calls(last=  2,win= 240,total=1302) (win 28.0% | avg 56.1% budget)
  frame.fixed_step                 win=  3.428ms avg=  3.485ms p95=  4.022ms max=  6.945ms calls(last=  1,win= 122,total=739) (win 20.6% | avg 20.9% budget)
  frame.render.overlay             win=  3.037ms avg=  3.037ms p95=  3.653ms max=  4.044ms calls(last=  1,win= 120,total=651) (win 18.2% | avg 18.2% budget)
  game.update                      win=  2.361ms avg=  2.400ms p95=  2.897ms max=  4.811ms calls(last=  1,win= 122,total=667) (win 14.2% | avg 14.4% budget)
  system.ai_update                 win=  2.199ms avg=  2.236ms p95=  2.639ms max=  4.652ms calls(last=  1,win= 122,total=667) (win 13.2% | avg 13.4% budget)
  enemy.update                     win=  2.194ms avg=  2.230ms p95=  2.634ms max=  4.598ms calls(last=  1,win= 122,total=667) (win 13.2% | avg 13.4% budget)
  frame.render.world.enemies       win=  1.107ms avg=  1.107ms p95=  1.192ms max=  1.455ms calls(last=  1,win= 120,total=651) (win 6.6% | avg 6.6% budget)
  frame.render.world.maze          win=  1.068ms avg=  1.068ms p95=  1.325ms max=  1.405ms calls(last=  1,win= 120,total=651) (win 6.4% | avg 6.4% budget)
  frame.render.world.effects       win=  0.384ms avg=  0.384ms p95=  0.507ms max=  0.778ms calls(last=  1,win= 120,total=651) (win 2.3% | avg 2.3% budget)
  enemy.cheap.segment_build        win=  0.113ms avg=  0.382ms p95=  0.724ms max=  1.008ms calls(last=  4,win= 406,total=1036) (win 0.7% | avg 2.3% budget)
  system.spawner_update            win=  0.075ms avg=  0.077ms p95=  0.416ms max=  1.015ms calls(last=  1,win= 122,total=667) (win 0.5% | avg 0.5% budget)
  frame.input_poll                 win=  0.028ms avg=  0.028ms p95=  0.029ms max=  0.132ms calls(last=  1,win= 120,total=720) (win 0.2% | avg 0.2% budget)
  system.player_update             win=  0.026ms avg=  0.026ms p95=  0.028ms max=  0.062ms calls(last=  1,win= 122,total=547) (win 0.2% | avg 0.2% budget)
  system.physics_collision         win=  0.021ms avg=  0.021ms p95=  0.023ms max=  0.062ms calls(last=  1,win= 122,total=667) (win 0.1% | avg 0.1% budget)
  enemy.type.drone                 win=  0.011ms avg=  0.345ms p95=  0.589ms max=  0.976ms calls(last= 33,win=3721,total=12195) (win 0.1% | avg 2.1% budget)
  enemy.type.torpedo               win=  0.009ms avg=  0.229ms p95=  0.453ms max=  1.003ms calls(last= 27,win=2984,total=9293) (win 0.1% | avg 1.4% budget)
  system.projectile_update         win=  0.003ms avg=  0.004ms p95=  0.004ms max=  0.042ms calls(last=  1,win= 122,total=667) (win 0.0% | avg 0.0% budget)
  system.maze_update               win=  0.001ms avg=  0.001ms p95=  0.002ms max=  0.002ms calls(last=  1,win= 122,total=667) (win 0.0% | avg 0.0% budget)
[ENEMY_STATS] frame=720 alive=60 visible=0 full=0 cheap=60 fullInBase=0 pairs(frontal=0 checks=0 separation=0 resolved=0)
[ENEMY_WINDOW] steps=122 alive[min=51 max=60] visible[min=0 max=0] full[min=0 max=0] collisionPasses[runs=0 skips=122]

[PROFILE] frame=840 budget=16.667ms alloc(+81/-81, +165016b/-165016b, live=131304b peak=295208b)
  frame.total                      win= 16.983ms avg= 16.983ms p95= 17.569ms max= 82.940ms calls(last=  1,win= 120,total=840) (win 101.9% | avg 101.9% budget)
  frame.render                     win= 13.139ms avg= 13.139ms p95= 13.877ms max= 82.902ms calls(last=  1,win= 120,total=840) (win 78.8% | avg 78.8% budget)
  frame.present                    win= 13.131ms avg= 13.131ms p95= 13.869ms max= 82.894ms calls(last=  1,win= 120,total=840) (win 78.8% | avg 78.8% budget)
  frame.render.world               win=  4.788ms avg=  9.577ms p95=  9.820ms max= 10.922ms calls(last=  2,win= 240,total=1542) (win 28.7% | avg 57.5% budget)
  frame.fixed_step                 win=  3.712ms avg=  3.805ms p95=  4.254ms max=  7.083ms calls(last=  1,win= 123,total=862) (win 22.3% | avg 22.8% budget)
  frame.render.overlay             win=  2.983ms avg=  2.983ms p95=  3.612ms max=  4.044ms calls(last=  1,win= 120,total=771) (win 17.9% | avg 17.9% budget)
  game.update                      win=  2.419ms avg=  2.479ms p95=  2.900ms max=  4.811ms calls(last=  1,win= 123,total=790) (win 14.5% | avg 14.9% budget)
  system.ai_update                 win=  2.265ms avg=  2.322ms p95=  2.621ms max=  4.652ms calls(last=  1,win= 123,total=790) (win 13.6% | avg 13.9% budget)
  enemy.update                     win=  2.260ms avg=  2.316ms p95=  2.616ms max=  4.598ms calls(last=  1,win= 123,total=790) (win 13.6% | avg 13.9% budget)
  frame.render.world.maze          win=  1.178ms avg=  1.178ms p95=  1.228ms max=  1.405ms calls(last=  1,win= 120,total=771) (win 7.1% | avg 7.1% budget)
  frame.render.world.enemies       win=  1.103ms avg=  1.103ms p95=  1.146ms max=  1.455ms calls(last=  1,win= 120,total=771) (win 6.6% | avg 6.6% budget)
  frame.render.world.effects       win=  0.390ms avg=  0.390ms p95=  0.470ms max=  0.778ms calls(last=  1,win= 120,total=771) (win 2.3% | avg 2.3% budget)
  enemy.cheap.segment_build        win=  0.110ms avg=  0.395ms p95=  0.708ms max=  1.008ms calls(last=  3,win= 430,total=1466) (win 0.7% | avg 2.4% budget)
  system.spawner_update            win=  0.066ms avg=  0.067ms p95=  0.402ms max=  1.015ms calls(last=  1,win= 123,total=790) (win 0.4% | avg 0.4% budget)
  frame.input_poll                 win=  0.027ms avg=  0.027ms p95=  0.028ms max=  0.132ms calls(last=  1,win= 120,total=840) (win 0.2% | avg 0.2% budget)
  system.player_update             win=  0.026ms avg=  0.027ms p95=  0.029ms max=  0.070ms calls(last=  1,win= 123,total=670) (win 0.2% | avg 0.2% budget)
  system.physics_collision         win=  0.022ms avg=  0.023ms p95=  0.027ms max=  0.062ms calls(last=  1,win= 123,total=790) (win 0.1% | avg 0.1% budget)
  enemy.type.drone                 win=  0.011ms avg=  0.388ms p95=  0.607ms max=  0.976ms calls(last= 37,win=4338,total=16533) (win 0.1% | avg 2.3% budget)
  enemy.type.torpedo               win=  0.008ms avg=  0.226ms p95=  0.464ms max=  1.003ms calls(last= 29,win=3387,total=12680) (win 0.0% | avg 1.4% budget)
  system.projectile_update         win=  0.003ms avg=  0.003ms p95=  0.004ms max=  0.042ms calls(last=  1,win= 123,total=790) (win 0.0% | avg 0.0% budget)
  system.maze_update               win=  0.001ms avg=  0.001ms p95=  0.002ms max=  0.002ms calls(last=  1,win= 123,total=790) (win 0.0% | avg 0.0% budget)
[ENEMY_STATS] frame=840 alive=66 visible=0 full=0 cheap=66 fullInBase=0 pairs(frontal=0 checks=0 separation=0 resolved=0)
[ENEMY_WINDOW] steps=123 alive[min=60 max=66] visible[min=0 max=0] full[min=0 max=0] collisionPasses[runs=0 skips=123]

[PROFILE] frame=960 budget=16.667ms alloc(+85/-85, +169736b/-169736b, live=131304b peak=299824b)
  frame.total                      win= 17.079ms avg= 17.079ms p95= 18.278ms max= 82.940ms calls(last=  1,win= 120,total=960) (win 102.5% | avg 102.5% budget)
  frame.render                     win= 12.919ms avg= 12.919ms p95= 13.445ms max= 82.902ms calls(last=  1,win= 120,total=960) (win 77.5% | avg 77.5% budget)
  frame.present                    win= 12.912ms avg= 12.912ms p95= 13.438ms max= 82.894ms calls(last=  1,win= 120,total=960) (win 77.5% | avg 77.5% budget)
  frame.render.world               win=  4.916ms avg=  9.832ms p95= 10.345ms max= 10.922ms calls(last=  2,win= 240,total=1782) (win 29.5% | avg 59.0% budget)
  frame.fixed_step                 win=  3.986ms avg=  4.119ms p95=  4.587ms max=  7.937ms calls(last=  1,win= 124,total=986) (win 23.9% | avg 24.7% budget)
  frame.render.overlay             win=  3.013ms avg=  3.013ms p95=  3.653ms max=  4.044ms calls(last=  1,win= 120,total=891) (win 18.1% | avg 18.1% budget)
  game.update                      win=  2.492ms avg=  2.575ms p95=  3.030ms max=  5.145ms calls(last=  1,win= 124,total=914) (win 15.0% | avg 15.5% budget)
  system.ai_update                 win=  2.345ms avg=  2.423ms p95=  2.838ms max=  4.916ms calls(last=  1,win= 124,total=914) (win 14.1% | avg 14.5% budget)
  enemy.update                     win=  2.339ms avg=  2.417ms p95=  2.832ms max=  4.905ms calls(last=  1,win= 124,total=914) (win 14.0% | avg 14.5% budget)
  frame.render.world.maze          win=  1.238ms avg=  1.238ms p95=  1.450ms max=  1.679ms calls(last=  1,win= 120,total=891) (win 7.4% | avg 7.4% budget)
  frame.render.world.enemies       win=  1.112ms avg=  1.112ms p95=  1.200ms max=  1.471ms calls(last=  1,win= 120,total=891) (win 6.7% | avg 6.7% budget)
  frame.render.world.effects       win=  0.403ms avg=  0.403ms p95=  0.509ms max=  0.832ms calls(last=  1,win= 120,total=891) (win 2.4% | avg 2.4% budget)
  enemy.cheap.segment_build        win=  0.112ms avg=  0.419ms p95=  0.794ms max=  1.066ms calls(last=  4,win= 448,total=1914) (win 0.7% | avg 2.5% budget)
  system.spawner_update            win=  0.059ms avg=  0.061ms p95=  0.144ms max=  1.015ms calls(last=  1,win= 124,total=914) (win 0.4% | avg 0.4% budget)
  frame.input_poll                 win=  0.028ms avg=  0.028ms p95=  0.029ms max=  0.132ms calls(last=  1,win= 120,total=960) (win 0.2% | avg 0.2% budget)
  system.player_update             win=  0.026ms avg=  0.027ms p95=  0.029ms max=  0.071ms calls(last=  1,win= 124,total=794) (win 0.2% | avg 0.2% budget)
  system.physics_collision         win=  0.022ms avg=  0.023ms p95=  0.027ms max=  0.062ms calls(last=  1,win= 124,total=914) (win 0.1% | avg 0.1% budget)
  enemy.type.drone                 win=  0.010ms avg=  0.406ms p95=  0.663ms max=  0.976ms calls(last= 39,win=4784,total=21317) (win 0.1% | avg 2.4% budget)
  enemy.type.torpedo               win=  0.008ms avg=  0.250ms p95=  0.500ms max=  1.003ms calls(last= 32,win=3688,total=16368) (win 0.0% | avg 1.5% budget)
  system.projectile_update         win=  0.003ms avg=  0.003ms p95=  0.004ms max=  0.042ms calls(last=  1,win= 124,total=914) (win 0.0% | avg 0.0% budget)
  system.maze_update               win=  0.001ms avg=  0.001ms p95=  0.001ms max=  0.002ms calls(last=  1,win= 124,total=914) (win 0.0% | avg 0.0% budget)
[ENEMY_STATS] frame=960 alive=71 visible=0 full=0 cheap=71 fullInBase=0 pairs(frontal=0 checks=0 separation=0 resolved=0)
[ENEMY_WINDOW] steps=124 alive[min=66 max=71] visible[min=0 max=0] full[min=0 max=0] collisionPasses[runs=0 skips=124]

[PROFILE] frame=1080 budget=16.667ms alloc(+87/-87, +171224b/-171224b, live=131304b peak=301344b)
  frame.total                      win= 17.002ms avg= 17.002ms p95= 17.609ms max= 82.940ms calls(last=  1,win= 120,total=1080) (win 102.0% | avg 102.0% budget)
  frame.render                     win= 12.638ms avg= 12.638ms p95= 13.207ms max= 82.902ms calls(last=  1,win= 120,total=1080) (win 75.8% | avg 75.8% budget)
  frame.present                    win= 12.630ms avg= 12.630ms p95= 13.200ms max= 82.894ms calls(last=  1,win= 120,total=1080) (win 75.8% | avg 75.8% budget)
  frame.render.world               win=  4.757ms avg=  9.514ms p95= 10.035ms max= 10.922ms calls(last=  2,win= 240,total=2022) (win 28.5% | avg 57.1% budget)
  frame.fixed_step                 win=  4.218ms avg=  4.324ms p95=  4.605ms max=  8.226ms calls(last=  1,win= 123,total=1109) (win 25.3% | avg 25.9% budget)
  frame.render.overlay             win=  3.027ms avg=  3.027ms p95=  3.684ms max=  4.044ms calls(last=  1,win= 120,total=1011) (win 18.2% | avg 18.2% budget)
  game.update                      win=  2.605ms avg=  2.670ms p95=  2.994ms max=  5.163ms calls(last=  1,win= 123,total=1037) (win 15.6% | avg 16.0% budget)
  system.ai_update                 win=  2.470ms avg=  2.532ms p95=  2.861ms max=  4.917ms calls(last=  1,win= 123,total=1037) (win 14.8% | avg 15.2% budget)
  enemy.update                     win=  2.465ms avg=  2.527ms p95=  2.855ms max=  4.906ms calls(last=  1,win= 123,total=1037) (win 14.8% | avg 15.2% budget)
  frame.render.world.enemies       win=  1.112ms avg=  1.112ms p95=  1.194ms max=  1.471ms calls(last=  1,win= 120,total=1011) (win 6.7% | avg 6.7% budget)
  frame.render.world.maze          win=  1.079ms avg=  1.079ms p95=  1.294ms max=  1.679ms calls(last=  1,win= 120,total=1011) (win 6.5% | avg 6.5% budget)
  frame.render.world.effects       win=  0.378ms avg=  0.378ms p95=  0.463ms max=  0.832ms calls(last=  1,win= 120,total=1011) (win 2.3% | avg 2.3% budget)
  enemy.cheap.segment_build        win=  0.106ms avg=  0.501ms p95=  0.878ms max=  1.088ms calls(last=  5,win= 566,total=2480) (win 0.6% | avg 3.0% budget)
  system.spawner_update            win=  0.045ms avg=  0.046ms p95=  0.070ms max=  1.015ms calls(last=  1,win= 123,total=1037) (win 0.3% | avg 0.3% budget)
  frame.input_poll                 win=  0.028ms avg=  0.028ms p95=  0.029ms max=  0.132ms calls(last=  1,win= 120,total=1080) (win 0.2% | avg 0.2% budget)
  system.player_update             win=  0.026ms avg=  0.027ms p95=  0.029ms max=  0.071ms calls(last=  1,win= 123,total=917) (win 0.2% | avg 0.2% budget)
  system.physics_collision         win=  0.023ms avg=  0.023ms p95=  0.026ms max=  0.062ms calls(last=  1,win= 123,total=1037) (win 0.1% | avg 0.1% budget)
  enemy.type.drone                 win=  0.012ms avg=  0.497ms p95=  0.712ms max=  1.132ms calls(last= 40,win=4891,total=26208) (win 0.1% | avg 3.0% budget)
  enemy.type.torpedo               win=  0.008ms avg=  0.255ms p95=  0.485ms max=  1.003ms calls(last= 32,win=3936,total=20304) (win 0.0% | avg 1.5% budget)
  system.projectile_update         win=  0.004ms avg=  0.004ms p95=  0.004ms max=  0.042ms calls(last=  1,win= 123,total=1037) (win 0.0% | avg 0.0% budget)
  system.maze_update               win=  0.001ms avg=  0.001ms p95=  0.002ms max=  0.002ms calls(last=  1,win= 123,total=1037) (win 0.0% | avg 0.0% budget)
[ENEMY_STATS] frame=1080 alive=72 visible=0 full=0 cheap=72 fullInBase=0 pairs(frontal=0 checks=0 separation=0 resolved=0)
[ENEMY_WINDOW] steps=123 alive[min=71 max=72] visible[min=0 max=0] full[min=0 max=0] collisionPasses[runs=0 skips=123]

[PROFILE] frame=1200 budget=16.667ms alloc(+86/-86, +170704b/-170704b, live=131304b peak=301344b)
  frame.total                      win= 16.975ms avg= 16.975ms p95= 17.536ms max= 82.940ms calls(last=  1,win= 120,total=1200) (win 101.9% | avg 101.9% budget)
  frame.render                     win= 12.480ms avg= 12.480ms p95= 12.946ms max= 82.902ms calls(last=  1,win= 120,total=1200) (win 74.9% | avg 74.9% budget)
  frame.present                    win= 12.472ms avg= 12.472ms p95= 12.939ms max= 82.894ms calls(last=  1,win= 120,total=1200) (win 74.8% | avg 74.8% budget)
  frame.render.world               win=  4.443ms avg=  8.885ms p95=  9.281ms max= 10.922ms calls(last=  2,win= 240,total=2262) (win 26.7% | avg 53.3% budget)
  frame.fixed_step                 win=  4.346ms avg=  4.455ms p95=  4.823ms max=  8.793ms calls(last=  1,win= 123,total=1232) (win 26.1% | avg 26.7% budget)
  frame.render.overlay             win=  3.019ms avg=  3.019ms p95=  3.679ms max=  4.044ms calls(last=  1,win= 120,total=1131) (win 18.1% | avg 18.1% budget)
  game.update                      win=  2.730ms avg=  2.798ms p95=  3.219ms max=  5.684ms calls(last=  1,win= 123,total=1160) (win 16.4% | avg 16.8% budget)
  system.ai_update                 win=  2.598ms avg=  2.662ms p95=  3.088ms max=  5.446ms calls(last=  1,win= 123,total=1160) (win 15.6% | avg 16.0% budget)
  enemy.update                     win=  2.592ms avg=  2.657ms p95=  3.083ms max=  5.434ms calls(last=  1,win= 123,total=1160) (win 15.6% | avg 15.9% budget)
  frame.render.world.enemies       win=  1.111ms avg=  1.111ms p95=  1.189ms max=  1.471ms calls(last=  1,win= 120,total=1131) (win 6.7% | avg 6.7% budget)
  frame.render.world.maze          win=  0.779ms avg=  0.779ms p95=  0.874ms max=  1.679ms calls(last=  1,win= 120,total=1131) (win 4.7% | avg 4.7% budget)
  frame.render.world.effects       win=  0.379ms avg=  0.379ms p95=  0.479ms max=  0.832ms calls(last=  1,win= 120,total=1131) (win 2.3% | avg 2.3% budget)
  enemy.cheap.segment_build        win=  0.102ms avg=  0.643ms p95=  1.041ms max=  1.609ms calls(last=  7,win= 759,total=3239) (win 0.6% | avg 3.9% budget)
  system.spawner_update            win=  0.041ms avg=  0.042ms p95=  0.043ms max=  1.015ms calls(last=  1,win= 123,total=1160) (win 0.2% | avg 0.3% budget)
  frame.input_poll                 win=  0.028ms avg=  0.028ms p95=  0.029ms max=  0.132ms calls(last=  1,win= 120,total=1200) (win 0.2% | avg 0.2% budget)
  system.player_update             win=  0.027ms avg=  0.027ms p95=  0.028ms max=  0.085ms calls(last=  1,win= 123,total=1040) (win 0.2% | avg 0.2% budget)
  system.physics_collision         win=  0.024ms avg=  0.025ms p95=  0.042ms max=  0.068ms calls(last=  1,win= 123,total=1160) (win 0.1% | avg 0.1% budget)
  enemy.type.drone                 win=  0.013ms avg=  0.541ms p95=  0.811ms max=  1.132ms calls(last= 40,win=4920,total=31128) (win 0.1% | avg 3.2% budget)
  enemy.type.torpedo               win=  0.011ms avg=  0.357ms p95=  0.653ms max=  1.122ms calls(last= 32,win=3936,total=24240) (win 0.1% | avg 2.1% budget)
  system.projectile_update         win=  0.003ms avg=  0.003ms p95=  0.004ms max=  0.042ms calls(last=  1,win= 123,total=1160) (win 0.0% | avg 0.0% budget)
  system.maze_update               win=  0.001ms avg=  0.001ms p95=  0.002ms max=  0.002ms calls(last=  1,win= 123,total=1160) (win 0.0% | avg 0.0% budget)
[ENEMY_STATS] frame=1200 alive=72 visible=0 full=0 cheap=72 fullInBase=0 pairs(frontal=0 checks=0 separation=0 resolved=0)
[ENEMY_WINDOW] steps=123 alive[min=72 max=72] visible[min=0 max=0] full[min=0 max=0] collisionPasses[runs=0 skips=123]

[PROFILE] frame=1320 budget=16.667ms alloc(+86/-86, +170704b/-170704b, live=131304b peak=301344b)
  frame.total                      win= 16.987ms avg= 16.987ms p95= 17.516ms max= 82.940ms calls(last=  1,win= 120,total=1320) (win 101.9% | avg 101.9% budget)
  frame.render                     win= 12.346ms avg= 12.346ms p95= 12.862ms max= 82.902ms calls(last=  1,win= 120,total=1320) (win 74.1% | avg 74.1% budget)
  frame.present                    win= 12.338ms avg= 12.338ms p95= 12.854ms max= 82.894ms calls(last=  1,win= 120,total=1320) (win 74.0% | avg 74.0% budget)
  frame.fixed_step                 win=  4.489ms avg=  4.602ms p95=  4.857ms max=  9.140ms calls(last=  1,win= 123,total=1355) (win 26.9% | avg 27.6% budget)
  frame.render.world               win=  4.353ms avg=  8.707ms p95=  9.131ms max= 10.922ms calls(last=  2,win= 240,total=2502) (win 26.1% | avg 52.2% budget)
  frame.render.overlay             win=  3.028ms avg=  3.028ms p95=  3.661ms max=  4.044ms calls(last=  1,win= 120,total=1251) (win 18.2% | avg 18.2% budget)
  game.update                      win=  2.867ms avg=  2.939ms p95=  3.249ms max=  5.958ms calls(last=  1,win= 123,total=1283) (win 17.2% | avg 17.6% budget)
  system.ai_update                 win=  2.733ms avg=  2.802ms p95=  3.120ms max=  5.700ms calls(last=  1,win= 123,total=1283) (win 16.4% | avg 16.8% budget)
  enemy.update                     win=  2.728ms avg=  2.796ms p95=  3.115ms max=  5.690ms calls(last=  1,win= 123,total=1283) (win 16.4% | avg 16.8% budget)
  frame.render.world.enemies       win=  1.111ms avg=  1.111ms p95=  1.193ms max=  1.471ms calls(last=  1,win= 120,total=1251) (win 6.7% | avg 6.7% budget)
  frame.render.world.maze          win=  0.666ms avg=  0.666ms p95=  0.720ms max=  1.679ms calls(last=  1,win= 120,total=1251) (win 4.0% | avg 4.0% budget)
  frame.render.world.effects       win=  0.381ms avg=  0.381ms p95=  0.501ms max=  0.832ms calls(last=  1,win= 120,total=1251) (win 2.3% | avg 2.3% budget)
  enemy.cheap.segment_build        win=  0.098ms avg=  0.761ms p95=  1.084ms max=  1.666ms calls(last=  7,win= 931,total=4170) (win 0.6% | avg 4.6% budget)
  system.spawner_update            win=  0.041ms avg=  0.042ms p95=  0.043ms max=  1.015ms calls(last=  1,win= 123,total=1283) (win 0.2% | avg 0.3% budget)
  frame.input_poll                 win=  0.027ms avg=  0.027ms p95=  0.028ms max=  0.132ms calls(last=  1,win= 120,total=1320) (win 0.2% | avg 0.2% budget)
  system.player_update             win=  0.027ms avg=  0.027ms p95=  0.029ms max=  0.085ms calls(last=  1,win= 123,total=1163) (win 0.2% | avg 0.2% budget)
  system.physics_collision         win=  0.023ms avg=  0.024ms p95=  0.027ms max=  0.068ms calls(last=  1,win= 123,total=1283) (win 0.1% | avg 0.1% budget)
  enemy.type.drone                 win=  0.014ms avg=  0.571ms p95=  0.820ms max=  1.419ms calls(last= 40,win=4920,total=36048) (win 0.1% | avg 3.4% budget)
  enemy.type.torpedo               win=  0.014ms avg=  0.448ms p95=  0.723ms max=  1.176ms calls(last= 32,win=3936,total=28176) (win 0.1% | avg 2.7% budget)
  system.projectile_update         win=  0.003ms avg=  0.003ms p95=  0.004ms max=  0.042ms calls(last=  1,win= 123,total=1283) (win 0.0% | avg 0.0% budget)
  system.maze_update               win=  0.001ms avg=  0.001ms p95=  0.002ms max=  0.002ms calls(last=  1,win= 123,total=1283) (win 0.0% | avg 0.0% budget)
[ENEMY_STATS] frame=1320 alive=72 visible=0 full=0 cheap=72 fullInBase=0 pairs(frontal=0 checks=0 separation=0 resolved=0)
[ENEMY_WINDOW] steps=123 alive[min=72 max=72] visible[min=0 max=0] full[min=0 max=0] collisionPasses[runs=0 skips=123]

[PROFILE] frame=1440 budget=16.667ms alloc(+87/-87, +171224b/-171224b, live=131304b peak=301344b)
  frame.total                      win= 16.996ms avg= 16.996ms p95= 17.534ms max= 82.940ms calls(last=  1,win= 120,total=1440) (win 102.0% | avg 102.0% budget)
  frame.render                     win= 12.318ms avg= 12.318ms p95= 12.901ms max= 82.902ms calls(last=  1,win= 120,total=1440) (win 73.9% | avg 73.9% budget)
  frame.present                    win= 12.311ms avg= 12.311ms p95= 12.894ms max= 82.894ms calls(last=  1,win= 120,total=1440) (win 73.9% | avg 73.9% budget)
  frame.fixed_step                 win=  4.525ms avg=  4.638ms p95=  4.896ms max=  9.221ms calls(last=  1,win= 123,total=1478) (win 27.2% | avg 27.8% budget)
  frame.render.world               win=  4.355ms avg=  8.711ms p95=  9.201ms max= 10.922ms calls(last=  2,win= 240,total=2742) (win 26.1% | avg 52.3% budget)
  frame.render.overlay             win=  3.018ms avg=  3.018ms p95=  3.656ms max=  4.044ms calls(last=  1,win= 120,total=1371) (win 18.1% | avg 18.1% budget)
  game.update                      win=  2.907ms avg=  2.980ms p95=  3.220ms max=  6.054ms calls(last=  1,win= 123,total=1406) (win 17.4% | avg 17.9% budget)
  system.ai_update                 win=  2.773ms avg=  2.843ms p95=  3.090ms max=  5.794ms calls(last=  1,win= 123,total=1406) (win 16.6% | avg 17.1% budget)
  enemy.update                     win=  2.768ms avg=  2.837ms p95=  3.085ms max=  5.783ms calls(last=  1,win= 123,total=1406) (win 16.6% | avg 17.0% budget)
  frame.render.world.enemies       win=  1.110ms avg=  1.110ms p95=  1.178ms max=  1.475ms calls(last=  1,win= 120,total=1371) (win 6.7% | avg 6.7% budget)
  frame.render.world.maze          win=  0.661ms avg=  0.661ms p95=  0.723ms max=  1.679ms calls(last=  1,win= 120,total=1371) (win 4.0% | avg 4.0% budget)
  frame.render.world.effects       win=  0.377ms avg=  0.377ms p95=  0.470ms max=  0.832ms calls(last=  1,win= 120,total=1371) (win 2.3% | avg 2.3% budget)
  enemy.cheap.segment_build        win=  0.098ms avg=  0.810ms p95=  1.111ms max=  1.863ms calls(last=  8,win= 993,total=5163) (win 0.6% | avg 4.9% budget)
  system.spawner_update            win=  0.042ms avg=  0.043ms p95=  0.046ms max=  1.015ms calls(last=  1,win= 123,total=1406) (win 0.3% | avg 0.3% budget)
  system.player_update             win=  0.027ms avg=  0.028ms p95=  0.030ms max=  0.085ms calls(last=  1,win= 123,total=1286) (win 0.2% | avg 0.2% budget)
  frame.input_poll                 win=  0.027ms avg=  0.027ms p95=  0.028ms max=  0.132ms calls(last=  1,win= 120,total=1440) (win 0.2% | avg 0.2% budget)
  system.physics_collision         win=  0.024ms avg=  0.024ms p95=  0.027ms max=  0.068ms calls(last=  1,win= 123,total=1406) (win 0.1% | avg 0.1% budget)
  enemy.type.torpedo               win=  0.015ms avg=  0.496ms p95=  0.771ms max=  1.258ms calls(last= 32,win=3936,total=32112) (win 0.1% | avg 3.0% budget)
  enemy.type.drone                 win=  0.014ms avg=  0.572ms p95=  0.783ms max=  1.419ms calls(last= 40,win=4920,total=40968) (win 0.1% | avg 3.4% budget)
  system.projectile_update         win=  0.003ms avg=  0.004ms p95=  0.004ms max=  0.042ms calls(last=  1,win= 123,total=1406) (win 0.0% | avg 0.0% budget)
  system.maze_update               win=  0.001ms avg=  0.001ms p95=  0.002ms max=  0.002ms calls(last=  1,win= 123,total=1406) (win 0.0% | avg 0.0% budget)
[ENEMY_STATS] frame=1440 alive=72 visible=0 full=0 cheap=72 fullInBase=0 pairs(frontal=0 checks=0 separation=0 resolved=0)
[ENEMY_WINDOW] steps=123 alive[min=72 max=72] visible[min=0 max=0] full[min=0 max=0] collisionPasses[runs=0 skips=123]

[PROFILE] frame=1560 budget=16.667ms alloc(+87/-87, +171224b/-171224b, live=131304b peak=301344b)
  frame.total                      win= 17.017ms avg= 17.017ms p95= 17.619ms max= 82.940ms calls(last=  1,win= 120,total=1560) (win 102.1% | avg 102.1% budget)
  frame.render                     win= 12.263ms avg= 12.263ms p95= 12.706ms max= 82.902ms calls(last=  1,win= 120,total=1560) (win 73.6% | avg 73.6% budget)
  frame.present                    win= 12.256ms avg= 12.256ms p95= 12.698ms max= 82.894ms calls(last=  1,win= 120,total=1560) (win 73.5% | avg 73.5% budget)
  frame.fixed_step                 win=  4.599ms avg=  4.714ms p95=  5.083ms max=  9.653ms calls(last=  1,win= 123,total=1601) (win 27.6% | avg 28.3% budget)
  frame.render.world               win=  4.306ms avg=  8.613ms p95=  9.040ms max= 10.922ms calls(last=  2,win= 240,total=2982) (win 25.8% | avg 51.7% budget)
  frame.render.overlay             win=  3.010ms avg=  3.010ms p95=  3.672ms max=  4.044ms calls(last=  1,win= 120,total=1491) (win 18.1% | avg 18.1% budget)
  game.update                      win=  2.992ms avg=  3.067ms p95=  3.468ms max=  6.429ms calls(last=  1,win= 123,total=1529) (win 18.0% | avg 18.4% budget)
  system.ai_update                 win=  2.858ms avg=  2.929ms p95=  3.337ms max=  6.180ms calls(last=  1,win= 123,total=1529) (win 17.1% | avg 17.6% budget)
  enemy.update                     win=  2.852ms avg=  2.924ms p95=  3.331ms max=  6.172ms calls(last=  1,win= 123,total=1529) (win 17.1% | avg 17.5% budget)
  frame.render.world.enemies       win=  1.110ms avg=  1.110ms p95=  1.176ms max=  1.475ms calls(last=  1,win= 120,total=1491) (win 6.7% | avg 6.7% budget)
  frame.render.world.maze          win=  0.650ms avg=  0.650ms p95=  0.757ms max=  1.679ms calls(last=  1,win= 120,total=1491) (win 3.9% | avg 3.9% budget)
  frame.render.world.effects       win=  0.371ms avg=  0.371ms p95=  0.469ms max=  0.832ms calls(last=  1,win= 120,total=1491) (win 2.2% | avg 2.2% budget)
  enemy.cheap.segment_build        win=  0.095ms avg=  0.888ms p95=  1.290ms max=  2.280ms calls(last=  9,win=1122,total=6285) (win 0.6% | avg 5.3% budget)
  system.spawner_update            win=  0.042ms avg=  0.043ms p95=  0.047ms max=  1.015ms calls(last=  1,win= 123,total=1529) (win 0.3% | avg 0.3% budget)
  system.player_update             win=  0.027ms avg=  0.028ms p95=  0.039ms max=  0.085ms calls(last=  1,win= 123,total=1409) (win 0.2% | avg 0.2% budget)
  frame.input_poll                 win=  0.027ms avg=  0.027ms p95=  0.028ms max=  0.132ms calls(last=  1,win= 120,total=1560) (win 0.2% | avg 0.2% budget)
  system.physics_collision         win=  0.024ms avg=  0.025ms p95=  0.042ms max=  0.068ms calls(last=  1,win= 123,total=1529) (win 0.1% | avg 0.1% budget)
  enemy.type.drone                 win=  0.016ms avg=  0.645ms p95=  0.905ms max=  1.459ms calls(last= 40,win=4920,total=45888) (win 0.1% | avg 3.9% budget)
  enemy.type.torpedo               win=  0.015ms avg=  0.506ms p95=  0.821ms max=  1.326ms calls(last= 32,win=3936,total=36048) (win 0.1% | avg 3.0% budget)
  system.projectile_update         win=  0.004ms avg=  0.004ms p95=  0.004ms max=  0.042ms calls(last=  1,win= 123,total=1529) (win 0.0% | avg 0.0% budget)
  system.maze_update               win=  0.001ms avg=  0.001ms p95=  0.002ms max=  0.002ms calls(last=  1,win= 123,total=1529) (win 0.0% | avg 0.0% budget)
[ENEMY_STATS] frame=1560 alive=72 visible=0 full=0 cheap=72 fullInBase=0 pairs(frontal=0 checks=0 separation=0 resolved=0)
[ENEMY_WINDOW] steps=123 alive[min=72 max=72] visible[min=0 max=0] full[min=0 max=0] collisionPasses[runs=0 skips=123]

[PROFILE] frame=1680 budget=16.667ms alloc(+87/-87, +171224b/-171224b, live=131304b peak=301344b)
  frame.total                      win= 17.041ms avg= 17.041ms p95= 17.543ms max= 82.940ms calls(last=  1,win= 120,total=1680) (win 102.2% | avg 102.2% budget)
  frame.render                     win= 12.164ms avg= 12.164ms p95= 12.746ms max= 82.902ms calls(last=  1,win= 120,total=1680) (win 73.0% | avg 73.0% budget)
  frame.present                    win= 12.157ms avg= 12.157ms p95= 12.739ms max= 82.894ms calls(last=  1,win= 120,total=1680) (win 72.9% | avg 72.9% budget)
  frame.fixed_step                 win=  4.682ms avg=  4.838ms p95=  5.212ms max=  9.936ms calls(last=  1,win= 124,total=1725) (win 28.1% | avg 29.0% budget)
  frame.render.world               win=  4.526ms avg=  9.053ms p95=  9.392ms max= 10.922ms calls(last=  2,win= 240,total=3222) (win 27.2% | avg 54.3% budget)
  game.update                      win=  3.072ms avg=  3.174ms p95=  3.618ms max=  6.677ms calls(last=  1,win= 124,total=1653) (win 18.4% | avg 19.0% budget)
  frame.render.overlay             win=  3.031ms avg=  3.031ms p95=  3.684ms max=  4.296ms calls(last=  1,win= 120,total=1611) (win 18.2% | avg 18.2% budget)
  system.ai_update                 win=  2.939ms avg=  3.037ms p95=  3.487ms max=  6.409ms calls(last=  1,win= 124,total=1653) (win 17.6% | avg 18.2% budget)
  enemy.update                     win=  2.934ms avg=  3.032ms p95=  3.481ms max=  6.398ms calls(last=  1,win= 124,total=1653) (win 17.6% | avg 18.2% budget)
  frame.render.world.enemies       win=  1.108ms avg=  1.108ms p95=  1.181ms max=  1.475ms calls(last=  1,win= 120,total=1611) (win 6.6% | avg 6.6% budget)
  frame.render.world.maze          win=  0.856ms avg=  0.856ms p95=  0.957ms max=  1.679ms calls(last=  1,win= 120,total=1611) (win 5.1% | avg 5.1% budget)
  frame.render.world.effects       win=  0.377ms avg=  0.377ms p95=  0.486ms max=  0.832ms calls(last=  1,win= 120,total=1611) (win 2.3% | avg 2.3% budget)
  enemy.cheap.segment_build        win=  0.098ms avg=  0.969ms p95=  1.495ms max=  2.456ms calls(last= 11,win=1185,total=7470) (win 0.6% | avg 5.8% budget)
  system.spawner_update            win=  0.042ms avg=  0.044ms p95=  0.077ms max=  1.015ms calls(last=  1,win= 124,total=1653) (win 0.3% | avg 0.3% budget)
  frame.input_poll                 win=  0.027ms avg=  0.027ms p95=  0.028ms max=  0.132ms calls(last=  1,win= 120,total=1680) (win 0.2% | avg 0.2% budget)
  system.player_update             win=  0.026ms avg=  0.027ms p95=  0.028ms max=  0.085ms calls(last=  1,win= 124,total=1533) (win 0.2% | avg 0.2% budget)
  system.physics_collision         win=  0.023ms avg=  0.024ms p95=  0.027ms max=  0.068ms calls(last=  1,win= 124,total=1653) (win 0.1% | avg 0.1% budget)
  enemy.type.drone                 win=  0.017ms avg=  0.700ms p95=  1.071ms max=  1.674ms calls(last= 40,win=4960,total=50848) (win 0.1% | avg 4.2% budget)
  enemy.type.torpedo               win=  0.016ms avg=  0.534ms p95=  0.931ms max=  1.326ms calls(last= 32,win=3968,total=40016) (win 0.1% | avg 3.2% budget)
  system.projectile_update         win=  0.003ms avg=  0.003ms p95=  0.004ms max=  0.042ms calls(last=  1,win= 124,total=1653) (win 0.0% | avg 0.0% budget)
  system.maze_update               win=  0.001ms avg=  0.001ms p95=  0.002ms max=  0.002ms calls(last=  1,win= 124,total=1653) (win 0.0% | avg 0.0% budget)
[ENEMY_STATS] frame=1680 alive=72 visible=0 full=0 cheap=72 fullInBase=0 pairs(frontal=0 checks=0 separation=0 resolved=0)
[ENEMY_WINDOW] steps=124 alive[min=72 max=72] visible[min=0 max=0] full[min=0 max=0] collisionPasses[runs=0 skips=124]

[PROFILE] frame=1800 budget=16.667ms alloc(+87/-87, +171224b/-171224b, live=131304b peak=301344b)
  frame.total                      win= 17.032ms avg= 17.032ms p95= 17.532ms max= 82.940ms calls(last=  1,win= 120,total=1800) (win 102.2% | avg 102.2% budget)
  frame.render                     win= 12.158ms avg= 12.158ms p95= 12.762ms max= 82.902ms calls(last=  1,win= 120,total=1800) (win 72.9% | avg 72.9% budget)
  frame.present                    win= 12.151ms avg= 12.151ms p95= 12.754ms max= 82.894ms calls(last=  1,win= 120,total=1800) (win 72.9% | avg 72.9% budget)
  frame.fixed_step                 win=  4.716ms avg=  4.834ms p95=  5.155ms max=  9.936ms calls(last=  1,win= 123,total=1848) (win 28.3% | avg 29.0% budget)
  frame.render.world               win=  4.590ms avg=  9.179ms p95=  9.597ms max= 10.922ms calls(last=  2,win= 240,total=3462) (win 27.5% | avg 55.1% budget)
  game.update                      win=  3.090ms avg=  3.168ms p95=  3.508ms max=  6.677ms calls(last=  1,win= 123,total=1776) (win 18.5% | avg 19.0% budget)
  frame.render.overlay             win=  3.018ms avg=  3.018ms p95=  3.634ms max=  4.296ms calls(last=  1,win= 120,total=1731) (win 18.1% | avg 18.1% budget)
  system.ai_update                 win=  2.955ms avg=  3.029ms p95=  3.358ms max=  6.409ms calls(last=  1,win= 123,total=1776) (win 17.7% | avg 18.2% budget)
  enemy.update                     win=  2.948ms avg=  3.022ms p95=  3.353ms max=  6.398ms calls(last=  1,win= 123,total=1776) (win 17.7% | avg 18.1% budget)
  frame.render.world.enemies       win=  1.118ms avg=  1.118ms p95=  1.208ms max=  1.489ms calls(last=  1,win= 120,total=1731) (win 6.7% | avg 6.7% budget)
  frame.render.world.maze          win=  0.898ms avg=  0.898ms p95=  0.961ms max=  1.679ms calls(last=  1,win= 120,total=1731) (win 5.4% | avg 5.4% budget)
  frame.render.world.effects       win=  0.385ms avg=  0.385ms p95=  0.518ms max=  0.832ms calls(last=  1,win= 120,total=1731) (win 2.3% | avg 2.3% budget)
  enemy.cheap.segment_build        win=  0.098ms avg=  0.962ms p95=  1.364ms max=  2.456ms calls(last=  9,win=1177,total=8647) (win 0.6% | avg 5.8% budget)
  system.spawner_update            win=  0.042ms avg=  0.043ms p95=  0.044ms max=  1.015ms calls(last=  1,win= 123,total=1776) (win 0.3% | avg 0.3% budget)
  frame.input_poll                 win=  0.028ms avg=  0.028ms p95=  0.029ms max=  0.132ms calls(last=  1,win= 120,total=1800) (win 0.2% | avg 0.2% budget)
  system.player_update             win=  0.027ms avg=  0.028ms p95=  0.030ms max=  0.099ms calls(last=  1,win= 123,total=1656) (win 0.2% | avg 0.2% budget)
  system.physics_collision         win=  0.024ms avg=  0.024ms p95=  0.028ms max=  0.068ms calls(last=  1,win= 123,total=1776) (win 0.1% | avg 0.1% budget)
  enemy.type.drone                 win=  0.017ms avg=  0.709ms p95=  1.038ms max=  1.674ms calls(last= 40,win=4920,total=55768) (win 0.1% | avg 4.3% budget)
  enemy.type.torpedo               win=  0.016ms avg=  0.518ms p95=  0.858ms max=  1.326ms calls(last= 32,win=3936,total=43952) (win 0.1% | avg 3.1% budget)
  system.projectile_update         win=  0.003ms avg=  0.004ms p95=  0.004ms max=  0.042ms calls(last=  1,win= 123,total=1776) (win 0.0% | avg 0.0% budget)
  system.maze_update               win=  0.001ms avg=  0.001ms p95=  0.002ms max=  0.065ms calls(last=  1,win= 123,total=1776) (win 0.0% | avg 0.0% budget)
[ENEMY_STATS] frame=1800 alive=72 visible=0 full=0 cheap=72 fullInBase=0 pairs(frontal=0 checks=0 separation=0 resolved=0)
[ENEMY_WINDOW] steps=123 alive[min=72 max=72] visible[min=0 max=0] full[min=0 max=0] collisionPasses[runs=0 skips=123]

[PROFILE] frame=1920 budget=16.667ms alloc(+87/-87, +171224b/-171224b, live=131304b peak=301360b)
  frame.total                      win= 17.063ms avg= 17.063ms p95= 17.763ms max= 82.940ms calls(last=  1,win= 120,total=1920) (win 102.4% | avg 102.4% budget)
  frame.render                     win= 12.143ms avg= 12.143ms p95= 12.792ms max= 82.902ms calls(last=  1,win= 120,total=1920) (win 72.9% | avg 72.9% budget)
  frame.present                    win= 12.135ms avg= 12.135ms p95= 12.785ms max= 82.894ms calls(last=  1,win= 120,total=1920) (win 72.8% | avg 72.8% budget)
  frame.fixed_step                 win=  4.723ms avg=  4.880ms p95=  5.281ms max=  9.936ms calls(last=  1,win= 124,total=1972) (win 28.3% | avg 29.3% budget)
  frame.render.world               win=  4.610ms avg=  9.220ms p95=  9.601ms max= 11.119ms calls(last=  2,win= 240,total=3702) (win 27.7% | avg 55.3% budget)
  game.update                      win=  3.105ms avg=  3.208ms p95=  3.683ms max=  6.677ms calls(last=  1,win= 124,total=1900) (win 18.6% | avg 19.3% budget)
  frame.render.overlay             win=  3.045ms avg=  3.045ms p95=  3.715ms max=  4.296ms calls(last=  1,win= 120,total=1851) (win 18.3% | avg 18.3% budget)
  system.ai_update                 win=  2.971ms avg=  3.070ms p95=  3.548ms max=  6.409ms calls(last=  1,win= 124,total=1900) (win 17.8% | avg 18.4% budget)
  enemy.update                     win=  2.966ms avg=  3.065ms p95=  3.542ms max=  6.398ms calls(last=  1,win= 124,total=1900) (win 17.8% | avg 18.4% budget)
  frame.render.world.enemies       win=  1.102ms avg=  1.102ms p95=  1.144ms max=  1.489ms calls(last=  1,win= 120,total=1851) (win 6.6% | avg 6.6% budget)
  frame.render.world.maze          win=  0.908ms avg=  0.908ms p95=  1.019ms max=  1.679ms calls(last=  1,win= 120,total=1851) (win 5.4% | avg 5.4% budget)
  frame.render.world.effects       win=  0.375ms avg=  0.375ms p95=  0.486ms max=  0.832ms calls(last=  1,win= 120,total=1851) (win 2.3% | avg 2.3% budget)
  enemy.cheap.segment_build        win=  0.097ms avg=  0.991ms p95=  1.504ms max=  2.456ms calls(last= 10,win=1220,total=9867) (win 0.6% | avg 5.9% budget)
  system.spawner_update            win=  0.043ms avg=  0.045ms p95=  0.078ms max=  1.015ms calls(last=  1,win= 124,total=1900) (win 0.3% | avg 0.3% budget)
  frame.input_poll                 win=  0.027ms avg=  0.027ms p95=  0.029ms max=  0.132ms calls(last=  1,win= 120,total=1920) (win 0.2% | avg 0.2% budget)
  system.player_update             win=  0.027ms avg=  0.027ms p95=  0.029ms max=  0.099ms calls(last=  1,win= 124,total=1780) (win 0.2% | avg 0.2% budget)
  system.physics_collision         win=  0.023ms avg=  0.024ms p95=  0.029ms max=  0.068ms calls(last=  1,win= 124,total=1900) (win 0.1% | avg 0.1% budget)
  enemy.type.torpedo               win=  0.017ms avg=  0.560ms p95=  0.885ms max=  1.326ms calls(last= 32,win=3968,total=47920) (win 0.1% | avg 3.4% budget)
  enemy.type.drone                 win=  0.017ms avg=  0.699ms p95=  0.962ms max=  1.674ms calls(last= 40,win=4960,total=60728) (win 0.1% | avg 4.2% budget)
  system.projectile_update         win=  0.003ms avg=  0.004ms p95=  0.004ms max=  0.042ms calls(last=  1,win= 124,total=1900) (win 0.0% | avg 0.0% budget)
  system.maze_update               win=  0.001ms avg=  0.001ms p95=  0.002ms max=  0.065ms calls(last=  1,win= 124,total=1900) (win 0.0% | avg 0.0% budget)
[ENEMY_STATS] frame=1920 alive=72 visible=0 full=0 cheap=72 fullInBase=0 pairs(frontal=0 checks=0 separation=0 resolved=0)
[ENEMY_WINDOW] steps=124 alive[min=72 max=72] visible[min=0 max=0] full[min=0 max=0] collisionPasses[runs=0 skips=124]

[PROFILE] frame=2040 budget=16.667ms alloc(+86/-86, +170704b/-170704b, live=131304b peak=301360b)
  frame.total                      win= 17.013ms avg= 17.013ms p95= 17.552ms max= 82.940ms calls(last=  1,win= 120,total=2040) (win 102.1% | avg 102.1% budget)
  frame.render                     win= 12.081ms avg= 12.081ms p95= 12.674ms max= 82.902ms calls(last=  1,win= 120,total=2040) (win 72.5% | avg 72.5% budget)
  frame.present                    win= 12.073ms avg= 12.073ms p95= 12.666ms max= 82.894ms calls(last=  1,win= 120,total=2040) (win 72.4% | avg 72.4% budget)
  frame.fixed_step                 win=  4.773ms avg=  4.893ms p95=  5.229ms max=  9.936ms calls(last=  1,win= 123,total=2095) (win 28.6% | avg 29.4% budget)
  frame.render.world               win=  4.409ms avg=  8.818ms p95=  9.257ms max= 11.119ms calls(last=  2,win= 240,total=3942) (win 26.5% | avg 52.9% budget)
  game.update                      win=  3.161ms avg=  3.240ms p95=  3.576ms max=  6.677ms calls(last=  1,win= 123,total=2023) (win 19.0% | avg 19.4% budget)
  system.ai_update                 win=  3.025ms avg=  3.101ms p95=  3.445ms max=  6.409ms calls(last=  1,win= 123,total=2023) (win 18.1% | avg 18.6% budget)
  enemy.update                     win=  3.019ms avg=  3.095ms p95=  3.440ms max=  6.398ms calls(last=  1,win= 123,total=2023) (win 18.1% | avg 18.6% budget)
  frame.render.overlay             win=  3.010ms avg=  3.010ms p95=  3.672ms max=  4.296ms calls(last=  1,win= 120,total=1971) (win 18.1% | avg 18.1% budget)
  frame.render.world.enemies       win=  1.104ms avg=  1.104ms p95=  1.146ms max=  1.489ms calls(last=  1,win= 120,total=1971) (win 6.6% | avg 6.6% budget)
  frame.render.world.maze          win=  0.742ms avg=  0.742ms p95=  0.804ms max=  1.679ms calls(last=  1,win= 120,total=1971) (win 4.5% | avg 4.5% budget)
  frame.render.world.effects       win=  0.379ms avg=  0.379ms p95=  0.484ms max=  0.832ms calls(last=  1,win= 120,total=1971) (win 2.3% | avg 2.3% budget)
  enemy.cheap.segment_build        win=  0.096ms avg=  1.045ms p95=  1.427ms max=  2.456ms calls(last= 10,win=1300,total=11167) (win 0.6% | avg 6.3% budget)
  system.spawner_update            win=  0.045ms avg=  0.046ms p95=  0.046ms max=  1.015ms calls(last=  1,win= 123,total=2023) (win 0.3% | avg 0.3% budget)
  system.player_update             win=  0.027ms avg=  0.028ms p95=  0.035ms max=  0.099ms calls(last=  1,win= 123,total=1903) (win 0.2% | avg 0.2% budget)
  frame.input_poll                 win=  0.027ms avg=  0.027ms p95=  0.028ms max=  0.132ms calls(last=  1,win= 120,total=2040) (win 0.2% | avg 0.2% budget)
  system.physics_collision         win=  0.024ms avg=  0.024ms p95=  0.029ms max=  0.068ms calls(last=  1,win= 123,total=2023) (win 0.1% | avg 0.1% budget)
  enemy.type.torpedo               win=  0.018ms avg=  0.601ms p95=  0.899ms max=  1.326ms calls(last= 32,win=3936,total=51856) (win 0.1% | avg 3.6% budget)
  enemy.type.drone                 win=  0.017ms avg=  0.710ms p95=  0.937ms max=  1.674ms calls(last= 40,win=4920,total=65648) (win 0.1% | avg 4.3% budget)
  system.projectile_update         win=  0.003ms avg=  0.003ms p95=  0.004ms max=  0.042ms calls(last=  1,win= 123,total=2023) (win 0.0% | avg 0.0% budget)
  system.maze_update               win=  0.001ms avg=  0.001ms p95=  0.002ms max=  0.065ms calls(last=  1,win= 123,total=2023) (win 0.0% | avg 0.0% budget)
[ENEMY_STATS] frame=2040 alive=72 visible=0 full=0 cheap=72 fullInBase=0 pairs(frontal=0 checks=0 separation=0 resolved=0)
[ENEMY_WINDOW] steps=123 alive[min=72 max=72] visible[min=0 max=0] full[min=0 max=0] collisionPasses[runs=0 skips=123]

[PROFILE] frame=2160 budget=16.667ms alloc(+86/-86, +170704b/-170704b, live=131304b peak=301360b)
  frame.total                      win= 17.022ms avg= 17.022ms p95= 17.579ms max= 82.940ms calls(last=  1,win= 120,total=2160) (win 102.1% | avg 102.1% budget)
  frame.render                     win= 12.095ms avg= 12.095ms p95= 12.764ms max= 82.902ms calls(last=  1,win= 120,total=2160) (win 72.6% | avg 72.6% budget)
  frame.present                    win= 12.087ms avg= 12.087ms p95= 12.757ms max= 82.894ms calls(last=  1,win= 120,total=2160) (win 72.5% | avg 72.5% budget)
  frame.fixed_step                 win=  4.768ms avg=  4.888ms p95=  5.280ms max=  9.936ms calls(last=  1,win= 123,total=2218) (win 28.6% | avg 29.3% budget)
  frame.render.world               win=  4.457ms avg=  8.914ms p95=  9.318ms max= 11.119ms calls(last=  2,win= 240,total=4182) (win 26.7% | avg 53.5% budget)
  game.update                      win=  3.150ms avg=  3.229ms p95=  3.612ms max=  6.677ms calls(last=  1,win= 123,total=2146) (win 18.9% | avg 19.4% budget)
  frame.render.overlay             win=  3.022ms avg=  3.022ms p95=  3.649ms max=  4.296ms calls(last=  1,win= 120,total=2091) (win 18.1% | avg 18.1% budget)
  system.ai_update                 win=  3.016ms avg=  3.091ms p95=  3.482ms max=  6.409ms calls(last=  1,win= 123,total=2146) (win 18.1% | avg 18.5% budget)
  enemy.update                     win=  3.009ms avg=  3.085ms p95=  3.476ms max=  6.398ms calls(last=  1,win= 123,total=2146) (win 18.1% | avg 18.5% budget)
  frame.render.world.enemies       win=  1.112ms avg=  1.112ms p95=  1.153ms max=  1.489ms calls(last=  1,win= 120,total=2091) (win 6.7% | avg 6.7% budget)
  frame.render.world.maze          win=  0.780ms avg=  0.780ms p95=  0.867ms max=  1.679ms calls(last=  1,win= 120,total=2091) (win 4.7% | avg 4.7% budget)
  frame.render.world.effects       win=  0.374ms avg=  0.374ms p95=  0.452ms max=  0.832ms calls(last=  1,win= 120,total=2091) (win 2.2% | avg 2.2% budget)
  enemy.cheap.segment_build        win=  0.096ms avg=  1.031ms p95=  1.462ms max=  2.456ms calls(last= 12,win=1292,total=12459) (win 0.6% | avg 6.2% budget)
  system.spawner_update            win=  0.043ms avg=  0.044ms p95=  0.047ms max=  1.015ms calls(last=  1,win= 123,total=2146) (win 0.3% | avg 0.3% budget)
  system.player_update             win=  0.028ms avg=  0.029ms p95=  0.044ms max=  0.099ms calls(last=  1,win= 123,total=2026) (win 0.2% | avg 0.2% budget)
  frame.input_poll                 win=  0.027ms avg=  0.027ms p95=  0.029ms max=  0.132ms calls(last=  1,win= 120,total=2160) (win 0.2% | avg 0.2% budget)
  system.physics_collision         win=  0.023ms avg=  0.024ms p95=  0.027ms max=  0.068ms calls(last=  1,win= 123,total=2146) (win 0.1% | avg 0.1% budget)
  enemy.type.torpedo               win=  0.018ms avg=  0.602ms p95=  0.860ms max=  1.404ms calls(last= 32,win=3936,total=55792) (win 0.1% | avg 3.6% budget)
  enemy.type.drone                 win=  0.017ms avg=  0.697ms p95=  1.042ms max=  1.674ms calls(last= 40,win=4920,total=70568) (win 0.1% | avg 4.2% budget)
  system.projectile_update         win=  0.003ms avg=  0.004ms p95=  0.004ms max=  0.042ms calls(last=  1,win= 123,total=2146) (win 0.0% | avg 0.0% budget)
  system.maze_update               win=  0.001ms avg=  0.001ms p95=  0.002ms max=  0.065ms calls(last=  1,win= 123,total=2146) (win 0.0% | avg 0.0% budget)
[ENEMY_STATS] frame=2160 alive=72 visible=0 full=0 cheap=72 fullInBase=0 pairs(frontal=0 checks=0 separation=0 resolved=0)
[ENEMY_WINDOW] steps=123 alive[min=72 max=72] visible[min=0 max=0] full[min=0 max=0] collisionPasses[runs=0 skips=123]

[PROFILE] frame=2280 budget=16.667ms alloc(+87/-87, +171224b/-171224b, live=131304b peak=301360b)
  frame.total                      win= 17.034ms avg= 17.034ms p95= 17.612ms max= 82.940ms calls(last=  1,win= 120,total=2280) (win 102.2% | avg 102.2% budget)
  frame.render                     win= 12.095ms avg= 12.095ms p95= 12.799ms max= 82.902ms calls(last=  1,win= 120,total=2280) (win 72.6% | avg 72.6% budget)
  frame.present                    win= 12.087ms avg= 12.087ms p95= 12.792ms max= 82.894ms calls(last=  1,win= 120,total=2280) (win 72.5% | avg 72.5% budget)
  frame.fixed_step                 win=  4.780ms avg=  4.899ms p95=  5.227ms max=  9.936ms calls(last=  1,win= 123,total=2341) (win 28.7% | avg 29.4% budget)
  frame.render.world               win=  4.532ms avg=  9.064ms p95=  9.580ms max= 11.119ms calls(last=  2,win= 240,total=4422) (win 27.2% | avg 54.4% budget)
  game.update                      win=  3.150ms avg=  3.229ms p95=  3.541ms max=  6.677ms calls(last=  1,win= 123,total=2269) (win 18.9% | avg 19.4% budget)
  system.ai_update                 win=  3.017ms avg=  3.092ms p95=  3.414ms max=  6.409ms calls(last=  1,win= 123,total=2269) (win 18.1% | avg 18.6% budget)
  enemy.update                     win=  3.012ms avg=  3.087ms p95=  3.408ms max=  6.398ms calls(last=  1,win= 123,total=2269) (win 18.1% | avg 18.5% budget)
  frame.render.overlay             win=  3.009ms avg=  3.009ms p95=  3.613ms max=  4.296ms calls(last=  1,win= 120,total=2211) (win 18.1% | avg 18.1% budget)
  frame.render.world.enemies       win=  1.115ms avg=  1.115ms p95=  1.217ms max=  1.489ms calls(last=  1,win= 120,total=2211) (win 6.7% | avg 6.7% budget)
  frame.render.world.maze          win=  0.834ms avg=  0.834ms p95=  0.962ms max=  1.679ms calls(last=  1,win= 120,total=2211) (win 5.0% | avg 5.0% budget)
  frame.render.world.effects       win=  0.390ms avg=  0.390ms p95=  0.503ms max=  0.832ms calls(last=  1,win= 120,total=2211) (win 2.3% | avg 2.3% budget)
  enemy.cheap.segment_build        win=  0.096ms avg=  1.036ms p95=  1.413ms max=  2.456ms calls(last= 11,win=1299,total=13758) (win 0.6% | avg 6.2% budget)
  system.spawner_update            win=  0.042ms avg=  0.043ms p95=  0.044ms max=  1.015ms calls(last=  1,win= 123,total=2269) (win 0.3% | avg 0.3% budget)
  system.player_update             win=  0.028ms avg=  0.028ms p95=  0.030ms max=  0.133ms calls(last=  1,win= 123,total=2149) (win 0.2% | avg 0.2% budget)
  frame.input_poll                 win=  0.027ms avg=  0.027ms p95=  0.029ms max=  0.132ms calls(last=  1,win= 120,total=2280) (win 0.2% | avg 0.2% budget)
  system.physics_collision         win=  0.023ms avg=  0.023ms p95=  0.026ms max=  0.068ms calls(last=  1,win= 123,total=2269) (win 0.1% | avg 0.1% budget)
  enemy.type.torpedo               win=  0.018ms avg=  0.596ms p95=  0.920ms max=  1.404ms calls(last= 32,win=3936,total=59728) (win 0.1% | avg 3.6% budget)
  enemy.type.drone                 win=  0.017ms avg=  0.703ms p95=  0.912ms max=  1.712ms calls(last= 40,win=4920,total=75488) (win 0.1% | avg 4.2% budget)
  system.projectile_update         win=  0.003ms avg=  0.004ms p95=  0.004ms max=  0.042ms calls(last=  1,win= 123,total=2269) (win 0.0% | avg 0.0% budget)
  system.maze_update               win=  0.001ms avg=  0.001ms p95=  0.002ms max=  0.065ms calls(last=  1,win= 123,total=2269) (win 0.0% | avg 0.0% budget)
[ENEMY_STATS] frame=2280 alive=72 visible=0 full=0 cheap=72 fullInBase=0 pairs(frontal=0 checks=0 separation=0 resolved=0)
[ENEMY_WINDOW] steps=123 alive[min=72 max=72] visible[min=0 max=0] full[min=0 max=0] collisionPasses[runs=0 skips=123]

[PROFILE] frame=2400 budget=16.667ms alloc(+87/-87, +171224b/-171224b, live=131304b peak=301360b)
  frame.total                      win= 17.073ms avg= 17.073ms p95= 17.759ms max= 82.940ms calls(last=  1,win= 120,total=2400) (win 102.4% | avg 102.4% budget)
  frame.render                     win= 12.113ms avg= 12.113ms p95= 12.787ms max= 82.902ms calls(last=  1,win= 120,total=2400) (win 72.7% | avg 72.7% budget)
  frame.present                    win= 12.106ms avg= 12.106ms p95= 12.781ms max= 82.894ms calls(last=  1,win= 120,total=2400) (win 72.6% | avg 72.6% budget)
  frame.fixed_step                 win=  4.763ms avg=  4.922ms p95=  5.362ms max=  9.936ms calls(last=  1,win= 124,total=2465) (win 28.6% | avg 29.5% budget)
  frame.render.world               win=  4.533ms avg=  9.066ms p95=  9.314ms max= 11.119ms calls(last=  2,win= 240,total=4662) (win 27.2% | avg 54.4% budget)
  game.update                      win=  3.151ms avg=  3.256ms p95=  3.723ms max=  6.677ms calls(last=  1,win= 124,total=2393) (win 18.9% | avg 19.5% budget)
  system.ai_update                 win=  3.020ms avg=  3.121ms p95=  3.595ms max=  6.409ms calls(last=  1,win= 124,total=2393) (win 18.1% | avg 18.7% budget)
  frame.render.overlay             win=  3.018ms avg=  3.018ms p95=  3.648ms max=  4.296ms calls(last=  1,win= 120,total=2331) (win 18.1% | avg 18.1% budget)
  enemy.update                     win=  3.015ms avg=  3.115ms p95=  3.590ms max=  6.398ms calls(last=  1,win= 124,total=2393) (win 18.1% | avg 18.7% budget)
  frame.render.world.enemies       win=  1.101ms avg=  1.101ms p95=  1.145ms max=  1.489ms calls(last=  1,win= 120,total=2331) (win 6.6% | avg 6.6% budget)
  frame.render.world.maze          win=  0.861ms avg=  0.861ms p95=  0.922ms max=  1.679ms calls(last=  1,win= 120,total=2331) (win 5.2% | avg 5.2% budget)
  frame.render.world.effects       win=  0.374ms avg=  0.374ms p95=  0.462ms max=  0.832ms calls(last=  1,win= 120,total=2331) (win 2.2% | avg 2.2% budget)
  enemy.cheap.segment_build        win=  0.096ms avg=  1.040ms p95=  1.561ms max=  2.456ms calls(last= 10,win=1302,total=15060) (win 0.6% | avg 6.2% budget)
  system.spawner_update            win=  0.041ms avg=  0.043ms p95=  0.044ms max=  1.015ms calls(last=  1,win= 124,total=2393) (win 0.2% | avg 0.3% budget)
  frame.input_poll                 win=  0.027ms avg=  0.027ms p95=  0.029ms max=  0.132ms calls(last=  1,win= 120,total=2400) (win 0.2% | avg 0.2% budget)
  system.player_update             win=  0.026ms avg=  0.027ms p95=  0.028ms max=  0.133ms calls(last=  1,win= 124,total=2273) (win 0.2% | avg 0.2% budget)
  system.physics_collision         win=  0.023ms avg=  0.024ms p95=  0.027ms max=  0.068ms calls(last=  1,win= 124,total=2393) (win 0.1% | avg 0.1% budget)
  enemy.type.torpedo               win=  0.019ms avg=  0.612ms p95=  0.982ms max=  1.404ms calls(last= 32,win=3968,total=63696) (win 0.1% | avg 3.7% budget)
  enemy.type.drone                 win=  0.017ms avg=  0.697ms p95=  1.224ms max=  1.712ms calls(last= 40,win=4960,total=80448) (win 0.1% | avg 4.2% budget)
  system.projectile_update         win=  0.003ms avg=  0.003ms p95=  0.004ms max=  0.042ms calls(last=  1,win= 124,total=2393) (win 0.0% | avg 0.0% budget)
  system.maze_update               win=  0.001ms avg=  0.001ms p95=  0.002ms max=  0.065ms calls(last=  1,win= 124,total=2393) (win 0.0% | avg 0.0% budget)
[ENEMY_STATS] frame=2400 alive=72 visible=0 full=0 cheap=72 fullInBase=0 pairs(frontal=0 checks=0 separation=0 resolved=0)
[ENEMY_WINDOW] steps=124 alive[min=72 max=72] visible[min=0 max=0] full[min=0 max=0] collisionPasses[runs=0 skips=124]

[PROFILE] frame=2520 budget=16.667ms alloc(+87/-87, +171224b/-171224b, live=131304b peak=301360b)
  frame.total                      win= 17.023ms avg= 17.023ms p95= 17.616ms max= 82.940ms calls(last=  1,win= 120,total=2520) (win 102.1% | avg 102.1% budget)
  frame.render                     win= 12.100ms avg= 12.100ms p95= 12.697ms max= 82.902ms calls(last=  1,win= 120,total=2520) (win 72.6% | avg 72.6% budget)
  frame.present                    win= 12.092ms avg= 12.092ms p95= 12.689ms max= 82.894ms calls(last=  1,win= 120,total=2520) (win 72.6% | avg 72.6% budget)
  frame.fixed_step                 win=  4.764ms avg=  4.883ms p95=  5.210ms max=  9.936ms calls(last=  1,win= 123,total=2588) (win 28.6% | avg 29.3% budget)
  frame.render.world               win=  4.484ms avg=  8.967ms p95=  9.371ms max= 11.119ms calls(last=  2,win= 240,total=4902) (win 26.9% | avg 53.8% budget)
  game.update                      win=  3.147ms avg=  3.226ms p95=  3.536ms max=  6.677ms calls(last=  1,win= 123,total=2516) (win 18.9% | avg 19.4% budget)
  system.ai_update                 win=  3.013ms avg=  3.089ms p95=  3.397ms max=  6.409ms calls(last=  1,win= 123,total=2516) (win 18.1% | avg 18.5% budget)
  enemy.update                     win=  3.008ms avg=  3.083ms p95=  3.392ms max=  6.398ms calls(last=  1,win= 123,total=2516) (win 18.0% | avg 18.5% budget)
  frame.render.overlay             win=  3.000ms avg=  3.000ms p95=  3.639ms max=  4.296ms calls(last=  1,win= 120,total=2451) (win 18.0% | avg 18.0% budget)
  frame.render.world.enemies       win=  1.103ms avg=  1.103ms p95=  1.180ms max=  1.489ms calls(last=  1,win= 120,total=2451) (win 6.6% | avg 6.6% budget)
  frame.render.world.maze          win=  0.812ms avg=  0.812ms p95=  0.871ms max=  1.679ms calls(last=  1,win= 120,total=2451) (win 4.9% | avg 4.9% budget)
  frame.render.world.effects       win=  0.391ms avg=  0.391ms p95=  0.541ms max=  0.832ms calls(last=  1,win= 120,total=2451) (win 2.3% | avg 2.3% budget)
  enemy.cheap.segment_build        win=  0.096ms avg=  1.041ms p95=  1.380ms max=  2.456ms calls(last= 10,win=1300,total=16360) (win 0.6% | avg 6.2% budget)
  system.spawner_update            win=  0.042ms avg=  0.043ms p95=  0.045ms max=  1.015ms calls(last=  1,win= 123,total=2516) (win 0.3% | avg 0.3% budget)
  frame.input_poll                 win=  0.027ms avg=  0.027ms p95=  0.028ms max=  0.132ms calls(last=  1,win= 120,total=2520) (win 0.2% | avg 0.2% budget)
  system.player_update             win=  0.027ms avg=  0.028ms p95=  0.036ms max=  0.133ms calls(last=  1,win= 123,total=2396) (win 0.2% | avg 0.2% budget)
  system.physics_collision         win=  0.025ms avg=  0.025ms p95=  0.041ms max=  0.133ms calls(last=  1,win= 123,total=2516) (win 0.1% | avg 0.2% budget)
  enemy.type.torpedo               win=  0.018ms avg=  0.606ms p95=  0.877ms max=  1.404ms calls(last= 32,win=3936,total=67632) (win 0.1% | avg 3.6% budget)
  enemy.type.drone                 win=  0.017ms avg=  0.700ms p95=  0.972ms max=  1.712ms calls(last= 40,win=4920,total=85368) (win 0.1% | avg 4.2% budget)
  system.projectile_update         win=  0.003ms avg=  0.004ms p95=  0.004ms max=  0.042ms calls(last=  1,win= 123,total=2516) (win 0.0% | avg 0.0% budget)
  system.maze_update               win=  0.001ms avg=  0.001ms p95=  0.002ms max=  0.065ms calls(last=  1,win= 123,total=2516) (win 0.0% | avg 0.0% budget)
[ENEMY_STATS] frame=2520 alive=72 visible=0 full=0 cheap=72 fullInBase=0 pairs(frontal=0 checks=0 separation=0 resolved=0)
[ENEMY_WINDOW] steps=123 alive[min=72 max=72] visible[min=0 max=0] full[min=0 max=0] collisionPasses[runs=0 skips=123]

[PROFILE] frame=2640 budget=16.667ms alloc(+87/-87, +171224b/-171224b, live=131304b peak=301360b)
  frame.total                      win= 17.065ms avg= 17.065ms p95= 17.535ms max= 82.940ms calls(last=  1,win= 120,total=2640) (win 102.4% | avg 102.4% budget)
  frame.render                     win= 12.115ms avg= 12.115ms p95= 12.770ms max= 82.902ms calls(last=  1,win= 120,total=2640) (win 72.7% | avg 72.7% budget)
  frame.present                    win= 12.108ms avg= 12.108ms p95= 12.763ms max= 82.894ms calls(last=  1,win= 120,total=2640) (win 72.6% | avg 72.6% budget)
  frame.fixed_step                 win=  4.752ms avg=  4.911ms p95=  5.310ms max=  9.936ms calls(last=  1,win= 124,total=2712) (win 28.5% | avg 29.5% budget)
  frame.render.world               win=  4.469ms avg=  8.938ms p95=  9.370ms max= 11.119ms calls(last=  2,win= 240,total=5142) (win 26.8% | avg 53.6% budget)
  game.update                      win=  3.134ms avg=  3.238ms p95=  3.673ms max=  6.677ms calls(last=  1,win= 124,total=2640) (win 18.8% | avg 19.4% budget)
  frame.render.overlay             win=  3.019ms avg=  3.019ms p95=  3.640ms max=  4.296ms calls(last=  1,win= 120,total=2571) (win 18.1% | avg 18.1% budget)
  system.ai_update                 win=  3.002ms avg=  3.102ms p95=  3.536ms max=  6.409ms calls(last=  1,win= 124,total=2640) (win 18.0% | avg 18.6% budget)
  enemy.update                     win=  2.997ms avg=  3.097ms p95=  3.530ms max=  6.398ms calls(last=  1,win= 124,total=2640) (win 18.0% | avg 18.6% budget)
  frame.render.world.enemies       win=  1.109ms avg=  1.109ms p95=  1.154ms max=  1.489ms calls(last=  1,win= 120,total=2571) (win 6.7% | avg 6.7% budget)
  frame.render.world.maze          win=  0.806ms avg=  0.806ms p95=  0.885ms max=  1.679ms calls(last=  1,win= 120,total=2571) (win 4.8% | avg 4.8% budget)
  frame.render.world.effects       win=  0.378ms avg=  0.378ms p95=  0.457ms max=  0.832ms calls(last=  1,win= 120,total=2571) (win 2.3% | avg 2.3% budget)
  enemy.cheap.segment_build        win=  0.096ms avg=  1.036ms p95=  1.509ms max=  2.456ms calls(last= 10,win=1301,total=17661) (win 0.6% | avg 6.2% budget)
  system.spawner_update            win=  0.041ms avg=  0.043ms p95=  0.044ms max=  1.015ms calls(last=  1,win= 124,total=2640) (win 0.2% | avg 0.3% budget)
  frame.input_poll                 win=  0.027ms avg=  0.027ms p95=  0.029ms max=  0.132ms calls(last=  1,win= 120,total=2640) (win 0.2% | avg 0.2% budget)
  system.player_update             win=  0.026ms avg=  0.027ms p95=  0.029ms max=  0.133ms calls(last=  1,win= 124,total=2520) (win 0.2% | avg 0.2% budget)
  system.physics_collision         win=  0.023ms avg=  0.024ms p95=  0.028ms max=  0.133ms calls(last=  1,win= 124,total=2640) (win 0.1% | avg 0.1% budget)
  enemy.type.torpedo               win=  0.018ms avg=  0.608ms p95=  1.014ms max=  1.404ms calls(last= 32,win=3968,total=71600) (win 0.1% | avg 3.6% budget)
  enemy.type.drone                 win=  0.017ms avg=  0.696ms p95=  1.003ms max=  1.712ms calls(last= 40,win=4960,total=90328) (win 0.1% | avg 4.2% budget)
  system.projectile_update         win=  0.004ms avg=  0.004ms p95=  0.004ms max=  0.042ms calls(last=  1,win= 124,total=2640) (win 0.0% | avg 0.0% budget)
  system.maze_update               win=  0.001ms avg=  0.001ms p95=  0.002ms max=  0.065ms calls(last=  1,win= 124,total=2640) (win 0.0% | avg 0.0% budget)
[ENEMY_STATS] frame=2640 alive=72 visible=0 full=0 cheap=72 fullInBase=0 pairs(frontal=0 checks=0 separation=0 resolved=0)
[ENEMY_WINDOW] steps=124 alive[min=72 max=72] visible[min=0 max=0] full[min=0 max=0] collisionPasses[runs=0 skips=124]

[PROFILE] frame=2760 budget=16.667ms alloc(+87/-87, +171224b/-171224b, live=131304b peak=301360b)
  frame.total                      win= 17.021ms avg= 17.021ms p95= 17.596ms max= 82.940ms calls(last=  1,win= 120,total=2760) (win 102.1% | avg 102.1% budget)
  frame.render                     win= 12.121ms avg= 12.121ms p95= 12.775ms max= 82.902ms calls(last=  1,win= 120,total=2760) (win 72.7% | avg 72.7% budget)
  frame.present                    win= 12.114ms avg= 12.114ms p95= 12.767ms max= 82.894ms calls(last=  1,win= 120,total=2760) (win 72.7% | avg 72.7% budget)
  frame.fixed_step                 win=  4.742ms avg=  4.860ms p95=  5.169ms max=  9.936ms calls(last=  1,win= 123,total=2835) (win 28.4% | avg 29.2% budget)
  frame.render.world               win=  4.550ms avg=  9.100ms p95=  9.563ms max= 11.119ms calls(last=  2,win= 240,total=5382) (win 27.3% | avg 54.6% budget)
  game.update                      win=  3.127ms avg=  3.205ms p95=  3.551ms max=  6.677ms calls(last=  1,win= 123,total=2763) (win 18.8% | avg 19.2% budget)
  frame.render.overlay             win=  3.017ms avg=  3.017ms p95=  3.665ms max=  4.296ms calls(last=  1,win= 120,total=2691) (win 18.1% | avg 18.1% budget)
  system.ai_update                 win=  2.994ms avg=  3.069ms p95=  3.410ms max=  6.409ms calls(last=  1,win= 123,total=2763) (win 18.0% | avg 18.4% budget)
  enemy.update                     win=  2.989ms avg=  3.064ms p95=  3.405ms max=  6.398ms calls(last=  1,win= 123,total=2763) (win 17.9% | avg 18.4% budget)
  frame.render.world.enemies       win=  1.110ms avg=  1.110ms p95=  1.182ms max=  1.489ms calls(last=  1,win= 120,total=2691) (win 6.7% | avg 6.7% budget)
  frame.render.world.maze          win=  0.886ms avg=  0.886ms p95=  0.994ms max=  1.679ms calls(last=  1,win= 120,total=2691) (win 5.3% | avg 5.3% budget)
  frame.render.world.effects       win=  0.393ms avg=  0.393ms p95=  0.490ms max=  0.832ms calls(last=  1,win= 120,total=2691) (win 2.4% | avg 2.4% budget)
  enemy.cheap.segment_build        win=  0.095ms avg=  1.025ms p95=  1.430ms max=  2.456ms calls(last= 10,win=1294,total=18955) (win 0.6% | avg 6.1% budget)
  system.spawner_update            win=  0.042ms avg=  0.043ms p95=  0.045ms max=  1.015ms calls(last=  1,win= 123,total=2763) (win 0.3% | avg 0.3% budget)
  frame.input_poll                 win=  0.027ms avg=  0.027ms p95=  0.028ms max=  0.132ms calls(last=  1,win= 120,total=2760) (win 0.2% | avg 0.2% budget)
  system.player_update             win=  0.027ms avg=  0.028ms p95=  0.033ms max=  0.133ms calls(last=  1,win= 123,total=2643) (win 0.2% | avg 0.2% budget)
  system.physics_collision         win=  0.023ms avg=  0.024ms p95=  0.027ms max=  0.133ms calls(last=  1,win= 123,total=2763) (win 0.1% | avg 0.1% budget)
  enemy.type.torpedo               win=  0.018ms avg=  0.591ms p95=  0.808ms max=  1.404ms calls(last= 32,win=3936,total=75536) (win 0.1% | avg 3.5% budget)
  enemy.type.drone                 win=  0.017ms avg=  0.698ms p95=  1.042ms max=  1.712ms calls(last= 40,win=4920,total=95248) (win 0.1% | avg 4.2% budget)
  system.projectile_update         win=  0.003ms avg=  0.003ms p95=  0.004ms max=  0.042ms calls(last=  1,win= 123,total=2763) (win 0.0% | avg 0.0% budget)
  system.maze_update               win=  0.001ms avg=  0.001ms p95=  0.002ms max=  0.065ms calls(last=  1,win= 123,total=2763) (win 0.0% | avg 0.0% budget)
[ENEMY_STATS] frame=2760 alive=72 visible=0 full=0 cheap=72 fullInBase=0 pairs(frontal=0 checks=0 separation=0 resolved=0)
[ENEMY_WINDOW] steps=123 alive[min=72 max=72] visible[min=0 max=0] full[min=0 max=0] collisionPasses[runs=0 skips=123]

[PROFILE] frame=2880 budget=16.667ms alloc(+87/-87, +171224b/-171224b, live=131304b peak=301360b)
  frame.total                      win= 17.108ms avg= 17.108ms p95= 17.764ms max= 82.940ms calls(last=  1,win= 120,total=2880) (win 102.6% | avg 102.6% budget)
  frame.render                     win= 12.150ms avg= 12.150ms p95= 12.937ms max= 82.902ms calls(last=  1,win= 120,total=2880) (win 72.9% | avg 72.9% budget)
  frame.present                    win= 12.143ms avg= 12.143ms p95= 12.930ms max= 82.894ms calls(last=  1,win= 120,total=2880) (win 72.9% | avg 72.9% budget)
  frame.render.world               win=  4.814ms avg=  9.628ms p95=  9.969ms max= 11.119ms calls(last=  2,win= 240,total=5622) (win 28.9% | avg 57.8% budget)
  frame.fixed_step                 win=  4.760ms avg=  4.919ms p95=  5.355ms max=  9.936ms calls(last=  1,win= 124,total=2959) (win 28.6% | avg 29.5% budget)
  game.update                      win=  3.139ms avg=  3.244ms p95=  3.692ms max=  6.677ms calls(last=  1,win= 124,total=2887) (win 18.8% | avg 19.5% budget)
  frame.render.overlay             win=  3.019ms avg=  3.019ms p95=  3.674ms max=  4.296ms calls(last=  1,win= 120,total=2811) (win 18.1% | avg 18.1% budget)
  system.ai_update                 win=  3.007ms avg=  3.107ms p95=  3.563ms max=  6.409ms calls(last=  1,win= 124,total=2887) (win 18.0% | avg 18.6% budget)
  enemy.update                     win=  3.002ms avg=  3.102ms p95=  3.558ms max=  6.398ms calls(last=  1,win= 124,total=2887) (win 18.0% | avg 18.6% budget)
  frame.render.world.maze          win=  1.135ms avg=  1.135ms p95=  1.233ms max=  1.679ms calls(last=  1,win= 120,total=2811) (win 6.8% | avg 6.8% budget)
  frame.render.world.enemies       win=  1.108ms avg=  1.108ms p95=  1.147ms max=  1.489ms calls(last=  1,win= 120,total=2811) (win 6.6% | avg 6.6% budget)
  frame.render.world.effects       win=  0.389ms avg=  0.389ms p95=  0.499ms max=  0.832ms calls(last=  1,win= 120,total=2811) (win 2.3% | avg 2.3% budget)
  enemy.cheap.segment_build        win=  0.096ms avg=  1.045ms p95=  1.521ms max=  2.456ms calls(last= 10,win=1311,total=20266) (win 0.6% | avg 6.3% budget)
  system.spawner_update            win=  0.042ms avg=  0.043ms p95=  0.043ms max=  1.015ms calls(last=  1,win= 124,total=2887) (win 0.2% | avg 0.3% budget)
  frame.input_poll                 win=  0.027ms avg=  0.027ms p95=  0.029ms max=  0.132ms calls(last=  1,win= 120,total=2880) (win 0.2% | avg 0.2% budget)
  system.player_update             win=  0.026ms avg=  0.027ms p95=  0.045ms max=  0.133ms calls(last=  1,win= 124,total=2767) (win 0.2% | avg 0.2% budget)
  system.physics_collision         win=  0.024ms avg=  0.025ms p95=  0.027ms max=  0.133ms calls(last=  1,win= 124,total=2887) (win 0.1% | avg 0.1% budget)
  enemy.type.torpedo               win=  0.018ms avg=  0.606ms p95=  1.010ms max=  1.404ms calls(last= 32,win=3968,total=79504) (win 0.1% | avg 3.6% budget)
  enemy.type.drone                 win=  0.017ms avg=  0.704ms p95=  0.955ms max=  1.712ms calls(last= 40,win=4960,total=100208) (win 0.1% | avg 4.2% budget)
  system.projectile_update         win=  0.003ms avg=  0.003ms p95=  0.004ms max=  0.042ms calls(last=  1,win= 124,total=2887) (win 0.0% | avg 0.0% budget)
  system.maze_update               win=  0.001ms avg=  0.001ms p95=  0.002ms max=  0.065ms calls(last=  1,win= 124,total=2887) (win 0.0% | avg 0.0% budget)
[ENEMY_STATS] frame=2880 alive=72 visible=0 full=0 cheap=72 fullInBase=0 pairs(frontal=0 checks=0 separation=0 resolved=0)
[ENEMY_WINDOW] steps=124 alive[min=72 max=72] visible[min=0 max=0] full[min=0 max=0] collisionPasses[runs=0 skips=124]

[PROFILE] frame=3000 budget=16.667ms alloc(+0/-0, +0b/-0b, live=131304b peak=301360b)
  frame.total                      win= 16.987ms avg= 16.987ms p95= 17.495ms max= 82.940ms calls(last=  1,win= 120,total=3000) (win 101.9% | avg 101.9% budget)
  frame.render                     win= 15.444ms avg= 15.444ms p95= 17.341ms max= 82.902ms calls(last=  1,win= 120,total=3000) (win 92.7% | avg 92.7% budget)
  frame.present                    win= 15.437ms avg= 15.437ms p95= 17.334ms max= 82.894ms calls(last=  1,win= 120,total=3000) (win 92.6% | avg 92.6% budget)
  frame.render.world               win=  4.824ms avg=  9.648ms p95=  9.984ms max= 11.119ms calls(last=  2,win= 240,total=5862) (win 28.9% | avg 57.9% budget)
  game.update                      win=  3.134ms avg=  0.992ms p95=  3.287ms max=  6.677ms calls(last=  0,win=  38,total=2925) (win 18.8% | avg 6.0% budget)
  system.ai_update                 win=  3.001ms avg=  0.950ms p95=  3.157ms max=  6.409ms calls(last=  0,win=  38,total=2925) (win 18.0% | avg 5.7% budget)
  enemy.update                     win=  2.996ms avg=  0.949ms p95=  3.152ms max=  6.398ms calls(last=  0,win=  38,total=2925) (win 18.0% | avg 5.7% budget)
  frame.render.overlay             win=  2.250ms avg=  3.806ms p95=  4.773ms max=  4.956ms calls(last=  2,win= 203,total=3014) (win 13.5% | avg 22.8% budget)
  frame.fixed_step                 win=  1.469ms avg=  1.505ms p95=  4.921ms max=  9.936ms calls(last=  1,win= 123,total=3082) (win 8.8% | avg 9.0% budget)
  frame.render.world.maze          win=  1.163ms avg=  1.163ms p95=  1.234ms max=  1.679ms calls(last=  1,win= 120,total=2931) (win 7.0% | avg 7.0% budget)
  frame.render.world.enemies       win=  1.112ms avg=  1.112ms p95=  1.157ms max=  1.489ms calls(last=  1,win= 120,total=2931) (win 6.7% | avg 6.7% budget)
  frame.render.world.effects       win=  0.392ms avg=  0.392ms p95=  0.480ms max=  0.832ms calls(last=  1,win= 120,total=2931) (win 2.4% | avg 2.4% budget)
  enemy.cheap.segment_build        win=  0.095ms avg=  0.315ms p95=  1.162ms max=  2.456ms calls(last=  0,win= 398,total=20664) (win 0.6% | avg 1.9% budget)
  system.spawner_update            win=  0.041ms avg=  0.013ms p95=  0.042ms max=  1.015ms calls(last=  0,win=  38,total=2925) (win 0.2% | avg 0.1% budget)
  frame.input_poll                 win=  0.027ms avg=  0.027ms p95=  0.028ms max=  0.132ms calls(last=  1,win= 120,total=3000) (win 0.2% | avg 0.2% budget)
  system.player_update             win=  0.026ms avg=  0.008ms p95=  0.026ms max=  0.133ms calls(last=  0,win=  38,total=2805) (win 0.2% | avg 0.0% budget)
  system.physics_collision         win=  0.024ms avg=  0.008ms p95=  0.024ms max=  0.133ms calls(last=  0,win=  38,total=2925) (win 0.1% | avg 0.0% budget)
  enemy.type.torpedo               win=  0.019ms avg=  0.191ms p95=  0.800ms max=  1.404ms calls(last=  0,win=1216,total=80720) (win 0.1% | avg 1.1% budget)
  enemy.type.drone                 win=  0.016ms avg=  0.206ms p95=  0.668ms max=  1.712ms calls(last=  0,win=1520,total=101728) (win 0.1% | avg 1.2% budget)
  system.projectile_update         win=  0.003ms avg=  0.001ms p95=  0.004ms max=  0.042ms calls(last=  0,win=  38,total=2925) (win 0.0% | avg 0.0% budget)
  system.maze_update               win=  0.001ms avg=  0.000ms p95=  0.001ms max=  0.065ms calls(last=  0,win=  38,total=2925) (win 0.0% | avg 0.0% budget)

[PROFILE] frame=3120 budget=16.667ms alloc(+0/-0, +0b/-0b, live=131304b peak=301360b)
  frame.total                      win= 16.920ms avg= 16.920ms p95= 17.429ms max= 82.940ms calls(last=  1,win= 120,total=3120) (win 101.5% | avg 101.5% budget)
  frame.render                     win= 16.881ms avg= 16.881ms p95= 17.391ms max= 82.902ms calls(last=  1,win= 120,total=3120) (win 101.3% | avg 101.3% budget)
  frame.present                    win= 16.874ms avg= 16.874ms p95= 17.384ms max= 82.894ms calls(last=  1,win= 120,total=3120) (win 101.2% | avg 101.2% budget)
  frame.render.world               win=  4.836ms avg=  9.673ms p95= 10.256ms max= 11.119ms calls(last=  2,win= 240,total=6102) (win 29.0% | avg 58.0% budget)
  frame.render.overlay             win=  2.096ms avg=  4.193ms p95=  4.903ms max=  5.258ms calls(last=  2,win= 240,total=3254) (win 12.6% | avg 25.2% budget)
  frame.render.world.maze          win=  1.168ms avg=  1.168ms p95=  1.235ms max=  1.679ms calls(last=  1,win= 120,total=3051) (win 7.0% | avg 7.0% budget)
  frame.render.world.enemies       win=  1.123ms avg=  1.123ms p95=  1.221ms max=  1.489ms calls(last=  1,win= 120,total=3051) (win 6.7% | avg 6.7% budget)
  frame.render.world.effects       win=  0.380ms avg=  0.380ms p95=  0.491ms max=  0.832ms calls(last=  1,win= 120,total=3051) (win 2.3% | avg 2.3% budget)
  frame.input_poll                 win=  0.027ms avg=  0.027ms p95=  0.028ms max=  0.132ms calls(last=  1,win= 120,total=3120) (win 0.2% | avg 0.2% budget)
  frame.fixed_step                 win=  0.003ms avg=  0.003ms p95=  0.003ms max=  9.936ms calls(last=  1,win= 123,total=3205) (win 0.0% | avg 0.0% budget)
  system.ai_update                 win=  0.000ms avg=  0.000ms p95=  0.000ms max=  6.409ms calls(last=  0,win=   0,total=2925) (win 0.0% | avg 0.0% budget)
  game.update                      win=  0.000ms avg=  0.000ms p95=  0.000ms max=  6.677ms calls(last=  0,win=   0,total=2925) (win 0.0% | avg 0.0% budget)
  enemy.cheap.segment_build        win=  0.000ms avg=  0.000ms p95=  0.000ms max=  2.456ms calls(last=  0,win=   0,total=20664) (win 0.0% | avg 0.0% budget)
  enemy.type.drone                 win=  0.000ms avg=  0.000ms p95=  0.000ms max=  1.712ms calls(last=  0,win=   0,total=101728) (win 0.0% | avg 0.0% budget)
  enemy.update                     win=  0.000ms avg=  0.000ms p95=  0.000ms max=  6.398ms calls(last=  0,win=   0,total=2925) (win 0.0% | avg 0.0% budget)
  system.maze_update               win=  0.000ms avg=  0.000ms p95=  0.000ms max=  0.065ms calls(last=  0,win=   0,total=2925) (win 0.0% | avg 0.0% budget)
  system.spawner_update            win=  0.000ms avg=  0.000ms p95=  0.000ms max=  1.015ms calls(last=  0,win=   0,total=2925) (win 0.0% | avg 0.0% budget)
  system.physics_collision         win=  0.000ms avg=  0.000ms p95=  0.000ms max=  0.133ms calls(last=  0,win=   0,total=2925) (win 0.0% | avg 0.0% budget)
  system.projectile_update         win=  0.000ms avg=  0.000ms p95=  0.000ms max=  0.042ms calls(last=  0,win=   0,total=2925) (win 0.0% | avg 0.0% budget)
  system.player_update             win=  0.000ms avg=  0.000ms p95=  0.000ms max=  0.133ms calls(last=  0,win=   0,total=2805) (win 0.0% | avg 0.0% budget)
  enemy.type.torpedo               win=  0.000ms avg=  0.000ms p95=  0.000ms max=  1.404ms calls(last=  0,win=   0,total=80720) (win 0.0% | avg 0.0% budget)

[PROFILE] frame=3240 budget=16.667ms alloc(+0/-0, +0b/-0b, live=131304b peak=301360b)
  frame.total                      win= 16.908ms avg= 16.908ms p95= 17.373ms max= 82.940ms calls(last=  1,win= 120,total=3240) (win 101.4% | avg 101.4% budget)
  frame.render                     win= 16.867ms avg= 16.867ms p95= 17.335ms max= 82.902ms calls(last=  1,win= 120,total=3240) (win 101.2% | avg 101.2% budget)
  frame.present                    win= 16.861ms avg= 16.861ms p95= 17.328ms max= 82.894ms calls(last=  1,win= 120,total=3240) (win 101.2% | avg 101.2% budget)
  frame.render.world               win=  4.804ms avg=  9.608ms p95=  9.864ms max= 11.119ms calls(last=  2,win= 240,total=6342) (win 28.8% | avg 57.6% budget)
  frame.render.overlay             win=  2.070ms avg=  4.141ms p95=  4.755ms max=  5.258ms calls(last=  2,win= 240,total=3494) (win 12.4% | avg 24.8% budget)
  frame.render.world.maze          win=  1.167ms avg=  1.167ms p95=  1.249ms max=  1.679ms calls(last=  1,win= 120,total=3171) (win 7.0% | avg 7.0% budget)
  frame.render.world.enemies       win=  1.115ms avg=  1.115ms p95=  1.186ms max=  1.489ms calls(last=  1,win= 120,total=3171) (win 6.7% | avg 6.7% budget)
  frame.render.world.effects       win=  0.379ms avg=  0.379ms p95=  0.461ms max=  0.832ms calls(last=  1,win= 120,total=3171) (win 2.3% | avg 2.3% budget)
  frame.input_poll                 win=  0.028ms avg=  0.028ms p95=  0.028ms max=  0.132ms calls(last=  1,win= 120,total=3240) (win 0.2% | avg 0.2% budget)
  frame.fixed_step                 win=  0.003ms avg=  0.003ms p95=  0.003ms max=  9.936ms calls(last=  1,win= 122,total=3327) (win 0.0% | avg 0.0% budget)
  system.ai_update                 win=  0.000ms avg=  0.000ms p95=  0.000ms max=  6.409ms calls(last=  0,win=   0,total=2925) (win 0.0% | avg 0.0% budget)
  game.update                      win=  0.000ms avg=  0.000ms p95=  0.000ms max=  6.677ms calls(last=  0,win=   0,total=2925) (win 0.0% | avg 0.0% budget)
  enemy.cheap.segment_build        win=  0.000ms avg=  0.000ms p95=  0.000ms max=  2.456ms calls(last=  0,win=   0,total=20664) (win 0.0% | avg 0.0% budget)
  enemy.type.drone                 win=  0.000ms avg=  0.000ms p95=  0.000ms max=  1.712ms calls(last=  0,win=   0,total=101728) (win 0.0% | avg 0.0% budget)
  enemy.update                     win=  0.000ms avg=  0.000ms p95=  0.000ms max=  6.398ms calls(last=  0,win=   0,total=2925) (win 0.0% | avg 0.0% budget)
  system.maze_update               win=  0.000ms avg=  0.000ms p95=  0.000ms max=  0.065ms calls(last=  0,win=   0,total=2925) (win 0.0% | avg 0.0% budget)
  system.spawner_update            win=  0.000ms avg=  0.000ms p95=  0.000ms max=  1.015ms calls(last=  0,win=   0,total=2925) (win 0.0% | avg 0.0% budget)
  system.physics_collision         win=  0.000ms avg=  0.000ms p95=  0.000ms max=  0.133ms calls(last=  0,win=   0,total=2925) (win 0.0% | avg 0.0% budget)
  system.projectile_update         win=  0.000ms avg=  0.000ms p95=  0.000ms max=  0.042ms calls(last=  0,win=   0,total=2925) (win 0.0% | avg 0.0% budget)
  system.player_update             win=  0.000ms avg=  0.000ms p95=  0.000ms max=  0.133ms calls(last=  0,win=   0,total=2805) (win 0.0% | avg 0.0% budget)
  enemy.type.torpedo               win=  0.000ms avg=  0.000ms p95=  0.000ms max=  1.404ms calls(last=  0,win=   0,total=80720) (win 0.0% | avg 0.0% budget)

[PROFILE] frame=3360 budget=16.667ms alloc(+0/-0, +0b/-0b, live=131304b peak=301360b)
  frame.total                      win= 16.903ms avg= 16.903ms p95= 17.443ms max= 82.940ms calls(last=  1,win= 120,total=3360) (win 101.4% | avg 101.4% budget)
  frame.render                     win= 16.864ms avg= 16.864ms p95= 17.404ms max= 82.902ms calls(last=  1,win= 120,total=3360) (win 101.2% | avg 101.2% budget)
  frame.present                    win= 16.857ms avg= 16.857ms p95= 17.397ms max= 82.894ms calls(last=  1,win= 120,total=3360) (win 101.1% | avg 101.1% budget)
  frame.render.world               win=  4.798ms avg=  9.596ms p95=  9.920ms max= 11.597ms calls(last=  2,win= 240,total=6582) (win 28.8% | avg 57.6% budget)
  frame.render.overlay             win=  2.061ms avg=  4.122ms p95=  4.745ms max=  5.258ms calls(last=  2,win= 240,total=3734) (win 12.4% | avg 24.7% budget)
  frame.render.world.maze          win=  1.161ms avg=  1.161ms p95=  1.224ms max=  1.679ms calls(last=  1,win= 120,total=3291) (win 7.0% | avg 7.0% budget)
  frame.render.world.enemies       win=  1.118ms avg=  1.118ms p95=  1.186ms max=  1.489ms calls(last=  1,win= 120,total=3291) (win 6.7% | avg 6.7% budget)
  frame.render.world.effects       win=  0.378ms avg=  0.378ms p95=  0.474ms max=  0.832ms calls(last=  1,win= 120,total=3291) (win 2.3% | avg 2.3% budget)
  frame.input_poll                 win=  0.027ms avg=  0.027ms p95=  0.028ms max=  0.132ms calls(last=  1,win= 120,total=3360) (win 0.2% | avg 0.2% budget)
  frame.fixed_step                 win=  0.003ms avg=  0.003ms p95=  0.003ms max=  9.936ms calls(last=  1,win= 122,total=3449) (win 0.0% | avg 0.0% budget)
  system.ai_update                 win=  0.000ms avg=  0.000ms p95=  0.000ms max=  6.409ms calls(last=  0,win=   0,total=2925) (win 0.0% | avg 0.0% budget)
  game.update                      win=  0.000ms avg=  0.000ms p95=  0.000ms max=  6.677ms calls(last=  0,win=   0,total=2925) (win 0.0% | avg 0.0% budget)
  enemy.cheap.segment_build        win=  0.000ms avg=  0.000ms p95=  0.000ms max=  2.456ms calls(last=  0,win=   0,total=20664) (win 0.0% | avg 0.0% budget)
  enemy.type.drone                 win=  0.000ms avg=  0.000ms p95=  0.000ms max=  1.712ms calls(last=  0,win=   0,total=101728) (win 0.0% | avg 0.0% budget)
  enemy.update                     win=  0.000ms avg=  0.000ms p95=  0.000ms max=  6.398ms calls(last=  0,win=   0,total=2925) (win 0.0% | avg 0.0% budget)
  system.maze_update               win=  0.000ms avg=  0.000ms p95=  0.000ms max=  0.065ms calls(last=  0,win=   0,total=2925) (win 0.0% | avg 0.0% budget)
  system.spawner_update            win=  0.000ms avg=  0.000ms p95=  0.000ms max=  1.015ms calls(last=  0,win=   0,total=2925) (win 0.0% | avg 0.0% budget)
  system.physics_collision         win=  0.000ms avg=  0.000ms p95=  0.000ms max=  0.133ms calls(last=  0,win=   0,total=2925) (win 0.0% | avg 0.0% budget)
  system.projectile_update         win=  0.000ms avg=  0.000ms p95=  0.000ms max=  0.042ms calls(last=  0,win=   0,total=2925) (win 0.0% | avg 0.0% budget)
  system.player_update             win=  0.000ms avg=  0.000ms p95=  0.000ms max=  0.133ms calls(last=  0,win=   0,total=2805) (win 0.0% | avg 0.0% budget)
  enemy.type.torpedo               win=  0.000ms avg=  0.000ms p95=  0.000ms max=  1.404ms calls(last=  0,win=   0,total=80720) (win 0.0% | avg 0.0% budget)

[PROFILE] frame=3480 budget=16.667ms alloc(+0/-0, +0b/-0b, live=131304b peak=301360b)
  frame.total                      win= 16.903ms avg= 16.903ms p95= 17.388ms max= 82.940ms calls(last=  1,win= 120,total=3480) (win 101.4% | avg 101.4% budget)
  frame.render                     win= 16.864ms avg= 16.864ms p95= 17.348ms max= 82.902ms calls(last=  1,win= 120,total=3480) (win 101.2% | avg 101.2% budget)
  frame.present                    win= 16.857ms avg= 16.857ms p95= 17.341ms max= 82.894ms calls(last=  1,win= 120,total=3480) (win 101.1% | avg 101.1% budget)
  frame.render.world               win=  4.772ms avg=  9.545ms p95=  9.758ms max= 11.597ms calls(last=  2,win= 240,total=6822) (win 28.6% | avg 57.3% budget)
  frame.render.overlay             win=  2.063ms avg=  4.125ms p95=  4.753ms max=  5.258ms calls(last=  2,win= 240,total=3974) (win 12.4% | avg 24.8% budget)
  frame.render.world.maze          win=  1.160ms avg=  1.160ms p95=  1.191ms max=  1.679ms calls(last=  1,win= 120,total=3411) (win 7.0% | avg 7.0% budget)
  frame.render.world.enemies       win=  1.107ms avg=  1.107ms p95=  1.144ms max=  1.489ms calls(last=  1,win= 120,total=3411) (win 6.6% | avg 6.6% budget)
  frame.render.world.effects       win=  0.373ms avg=  0.373ms p95=  0.453ms max=  0.832ms calls(last=  1,win= 120,total=3411) (win 2.2% | avg 2.2% budget)
  frame.input_poll                 win=  0.027ms avg=  0.027ms p95=  0.028ms max=  0.132ms calls(last=  1,win= 120,total=3480) (win 0.2% | avg 0.2% budget)
  frame.fixed_step                 win=  0.003ms avg=  0.003ms p95=  0.003ms max=  9.936ms calls(last=  1,win= 123,total=3572) (win 0.0% | avg 0.0% budget)
  system.ai_update                 win=  0.000ms avg=  0.000ms p95=  0.000ms max=  6.409ms calls(last=  0,win=   0,total=2925) (win 0.0% | avg 0.0% budget)
  game.update                      win=  0.000ms avg=  0.000ms p95=  0.000ms max=  6.677ms calls(last=  0,win=   0,total=2925) (win 0.0% | avg 0.0% budget)
  enemy.cheap.segment_build        win=  0.000ms avg=  0.000ms p95=  0.000ms max=  2.456ms calls(last=  0,win=   0,total=20664) (win 0.0% | avg 0.0% budget)
  enemy.type.drone                 win=  0.000ms avg=  0.000ms p95=  0.000ms max=  1.712ms calls(last=  0,win=   0,total=101728) (win 0.0% | avg 0.0% budget)
  enemy.update                     win=  0.000ms avg=  0.000ms p95=  0.000ms max=  6.398ms calls(last=  0,win=   0,total=2925) (win 0.0% | avg 0.0% budget)
  system.maze_update               win=  0.000ms avg=  0.000ms p95=  0.000ms max=  0.065ms calls(last=  0,win=   0,total=2925) (win 0.0% | avg 0.0% budget)
  system.spawner_update            win=  0.000ms avg=  0.000ms p95=  0.000ms max=  1.015ms calls(last=  0,win=   0,total=2925) (win 0.0% | avg 0.0% budget)
  system.physics_collision         win=  0.000ms avg=  0.000ms p95=  0.000ms max=  0.133ms calls(last=  0,win=   0,total=2925) (win 0.0% | avg 0.0% budget)
  system.projectile_update         win=  0.000ms avg=  0.000ms p95=  0.000ms max=  0.042ms calls(last=  0,win=   0,total=2925) (win 0.0% | avg 0.0% budget)
  system.player_update             win=  0.000ms avg=  0.000ms p95=  0.000ms max=  0.133ms calls(last=  0,win=   0,total=2805) (win 0.0% | avg 0.0% budget)
  enemy.type.torpedo               win=  0.000ms avg=  0.000ms p95=  0.000ms max=  1.404ms calls(last=  0,win=   0,total=80720) (win 0.0% | avg 0.0% budget)

[PROFILE] frame=3600 budget=16.667ms alloc(+0/-0, +0b/-0b, live=131304b peak=301360b)
  frame.total                      win= 16.906ms avg= 16.906ms p95= 17.399ms max= 82.940ms calls(last=  1,win= 120,total=3600) (win 101.4% | avg 101.4% budget)
  frame.render                     win= 16.867ms avg= 16.867ms p95= 17.361ms max= 82.902ms calls(last=  1,win= 120,total=3600) (win 101.2% | avg 101.2% budget)
  frame.present                    win= 16.859ms avg= 16.859ms p95= 17.354ms max= 82.894ms calls(last=  1,win= 120,total=3600) (win 101.2% | avg 101.2% budget)
  frame.render.world               win=  4.805ms avg=  9.609ms p95=  9.947ms max= 11.597ms calls(last=  2,win= 240,total=7062) (win 28.8% | avg 57.7% budget)
  frame.render.overlay             win=  2.062ms avg=  4.124ms p95=  4.739ms max=  5.258ms calls(last=  2,win= 240,total=4214) (win 12.4% | avg 24.7% budget)
  frame.render.world.maze          win=  1.154ms avg=  1.154ms p95=  1.199ms max=  1.679ms calls(last=  1,win= 120,total=3531) (win 6.9% | avg 6.9% budget)
  frame.render.world.enemies       win=  1.114ms avg=  1.114ms p95=  1.182ms max=  1.489ms calls(last=  1,win= 120,total=3531) (win 6.7% | avg 6.7% budget)
  frame.render.world.effects       win=  0.379ms avg=  0.379ms p95=  0.469ms max=  0.832ms calls(last=  1,win= 120,total=3531) (win 2.3% | avg 2.3% budget)
  frame.input_poll                 win=  0.027ms avg=  0.027ms p95=  0.028ms max=  0.132ms calls(last=  1,win= 120,total=3600) (win 0.2% | avg 0.2% budget)
  frame.fixed_step                 win=  0.003ms avg=  0.003ms p95=  0.003ms max=  9.936ms calls(last=  1,win= 122,total=3694) (win 0.0% | avg 0.0% budget)
  system.ai_update                 win=  0.000ms avg=  0.000ms p95=  0.000ms max=  6.409ms calls(last=  0,win=   0,total=2925) (win 0.0% | avg 0.0% budget)
  game.update                      win=  0.000ms avg=  0.000ms p95=  0.000ms max=  6.677ms calls(last=  0,win=   0,total=2925) (win 0.0% | avg 0.0% budget)
  enemy.cheap.segment_build        win=  0.000ms avg=  0.000ms p95=  0.000ms max=  2.456ms calls(last=  0,win=   0,total=20664) (win 0.0% | avg 0.0% budget)
  enemy.type.drone                 win=  0.000ms avg=  0.000ms p95=  0.000ms max=  1.712ms calls(last=  0,win=   0,total=101728) (win 0.0% | avg 0.0% budget)
  enemy.update                     win=  0.000ms avg=  0.000ms p95=  0.000ms max=  6.398ms calls(last=  0,win=   0,total=2925) (win 0.0% | avg 0.0% budget)
  system.maze_update               win=  0.000ms avg=  0.000ms p95=  0.000ms max=  0.065ms calls(last=  0,win=   0,total=2925) (win 0.0% | avg 0.0% budget)
  system.spawner_update            win=  0.000ms avg=  0.000ms p95=  0.000ms max=  1.015ms calls(last=  0,win=   0,total=2925) (win 0.0% | avg 0.0% budget)
  system.physics_collision         win=  0.000ms avg=  0.000ms p95=  0.000ms max=  0.133ms calls(last=  0,win=   0,total=2925) (win 0.0% | avg 0.0% budget)
  system.projectile_update         win=  0.000ms avg=  0.000ms p95=  0.000ms max=  0.042ms calls(last=  0,win=   0,total=2925) (win 0.0% | avg 0.0% budget)
  system.player_update             win=  0.000ms avg=  0.000ms p95=  0.000ms max=  0.133ms calls(last=  0,win=   0,total=2805) (win 0.0% | avg 0.0% budget)
  enemy.type.torpedo               win=  0.000ms avg=  0.000ms p95=  0.000ms max=  1.404ms calls(last=  0,win=   0,total=80720) (win 0.0% | avg 0.0% budget)

[PROFILE] frame=3720 budget=16.667ms alloc(+87/-87, +171224b/-171224b, live=131304b peak=301360b)
  frame.total                      win= 17.003ms avg= 17.003ms p95= 17.530ms max= 82.940ms calls(last=  1,win= 120,total=3720) (win 102.0% | avg 102.0% budget)
  frame.render                     win= 12.475ms avg= 12.475ms p95= 16.643ms max= 82.902ms calls(last=  1,win= 120,total=3720) (win 74.8% | avg 74.8% budget)
  frame.present                    win= 12.467ms avg= 12.467ms p95= 16.636ms max= 82.894ms calls(last=  1,win= 120,total=3720) (win 74.8% | avg 74.8% budget)
  frame.render.world               win=  4.651ms avg=  9.302ms p95=  9.946ms max= 11.597ms calls(last=  2,win= 240,total=7302) (win 27.9% | avg 55.8% budget)
  frame.fixed_step                 win=  4.379ms avg=  4.489ms p95=  5.255ms max= 10.101ms calls(last=  1,win= 123,total=3817) (win 26.3% | avg 26.9% budget)
  game.update                      win=  3.148ms avg=  2.964ms p95=  3.590ms max=  6.942ms calls(last=  1,win= 113,total=3038) (win 18.9% | avg 17.8% budget)
  system.ai_update                 win=  3.015ms avg=  2.839ms p95=  3.457ms max=  6.731ms calls(last=  1,win= 113,total=3038) (win 18.1% | avg 17.0% budget)
  enemy.update                     win=  3.010ms avg=  2.834ms p95=  3.451ms max=  6.720ms calls(last=  1,win= 113,total=3038) (win 18.1% | avg 17.0% budget)
  frame.render.overlay             win=  2.869ms avg=  3.108ms p95=  3.968ms max=  5.258ms calls(last=  1,win= 130,total=4344) (win 17.2% | avg 18.7% budget)
  frame.render.world.enemies       win=  1.113ms avg=  1.113ms p95=  1.172ms max=  1.493ms calls(last=  1,win= 120,total=3651) (win 6.7% | avg 6.7% budget)
  frame.render.world.maze          win=  0.976ms avg=  0.976ms p95=  1.250ms max=  1.679ms calls(last=  1,win= 120,total=3651) (win 5.9% | avg 5.9% budget)
  frame.render.world.effects       win=  0.391ms avg=  0.391ms p95=  0.470ms max=  0.832ms calls(last=  1,win= 120,total=3651) (win 2.3% | avg 2.3% budget)
  enemy.cheap.segment_build        win=  0.095ms avg=  0.947ms p95=  1.460ms max=  2.902ms calls(last= 10,win=1193,total=21857) (win 0.6% | avg 5.7% budget)
  system.spawner_update            win=  0.041ms avg=  0.039ms p95=  0.043ms max=  1.015ms calls(last=  1,win= 113,total=3038) (win 0.2% | avg 0.2% budget)
  frame.input_poll                 win=  0.027ms avg=  0.027ms p95=  0.029ms max=  0.132ms calls(last=  1,win= 120,total=3720) (win 0.2% | avg 0.2% budget)
  system.player_update             win=  0.027ms avg=  0.025ms p95=  0.033ms max=  0.133ms calls(last=  1,win= 113,total=2918) (win 0.2% | avg 0.2% budget)
  system.physics_collision         win=  0.024ms avg=  0.023ms p95=  0.035ms max=  0.133ms calls(last=  1,win= 113,total=3038) (win 0.1% | avg 0.1% budget)
  enemy.type.torpedo               win=  0.018ms avg=  0.555ms p95=  0.860ms max=  1.522ms calls(last= 32,win=3616,total=84336) (win 0.1% | avg 3.3% budget)
  enemy.type.drone                 win=  0.017ms avg=  0.636ms p95=  1.002ms max=  1.875ms calls(last= 40,win=4520,total=106248) (win 0.1% | avg 3.8% budget)
  system.projectile_update         win=  0.003ms avg=  0.003ms p95=  0.004ms max=  0.042ms calls(last=  1,win= 113,total=3038) (win 0.0% | avg 0.0% budget)
  system.maze_update               win=  0.001ms avg=  0.001ms p95=  0.001ms max=  0.065ms calls(last=  1,win= 113,total=3038) (win 0.0% | avg 0.0% budget)
[ENEMY_STATS] frame=3720 alive=72 visible=0 full=0 cheap=72 fullInBase=0 pairs(frontal=0 checks=0 separation=0 resolved=0)
[ENEMY_WINDOW] steps=151 alive[min=72 max=72] visible[min=0 max=0] full[min=0 max=0] collisionPasses[runs=0 skips=151]

[PROFILE] frame=3840 budget=16.667ms alloc(+89/-89, +171288b/-171288b, live=131304b peak=301360b)
  frame.total                      win= 17.145ms avg= 17.145ms p95= 17.960ms max= 82.940ms calls(last=  1,win= 120,total=3840) (win 102.9% | avg 102.9% budget)
  frame.render                     win= 12.002ms avg= 12.002ms p95= 12.674ms max= 82.902ms calls(last=  1,win= 120,total=3840) (win 72.0% | avg 72.0% budget)
  frame.present                    win= 11.994ms avg= 11.994ms p95= 12.667ms max= 82.894ms calls(last=  1,win= 120,total=3840) (win 72.0% | avg 72.0% budget)
  frame.fixed_step                 win=  4.940ms avg=  5.105ms p95=  5.503ms max= 10.101ms calls(last=  1,win= 124,total=3941) (win 29.6% | avg 30.6% budget)
  frame.render.world               win=  4.691ms avg=  9.382ms p95=  9.845ms max= 13.612ms calls(last=  2,win= 240,total=7542) (win 28.1% | avg 56.3% budget)
  game.update                      win=  3.332ms avg=  3.443ms p95=  3.896ms max=  6.942ms calls(last=  1,win= 124,total=3162) (win 20.0% | avg 20.7% budget)
  system.ai_update                 win=  3.196ms avg=  3.303ms p95=  3.769ms max=  6.731ms calls(last=  1,win= 124,total=3162) (win 19.2% | avg 19.8% budget)
  enemy.update                     win=  3.190ms avg=  3.297ms p95=  3.763ms max=  6.720ms calls(last=  1,win= 124,total=3162) (win 19.1% | avg 19.8% budget)
  frame.render.overlay             win=  3.015ms avg=  3.015ms p95=  3.665ms max=  5.258ms calls(last=  1,win= 120,total=4464) (win 18.1% | avg 18.1% budget)
  frame.render.world.enemies       win=  1.110ms avg=  1.110ms p95=  1.192ms max=  1.493ms calls(last=  1,win= 120,total=3771) (win 6.7% | avg 6.7% budget)
  frame.render.world.maze          win=  1.010ms avg=  1.010ms p95=  1.198ms max=  1.679ms calls(last=  1,win= 120,total=3771) (win 6.1% | avg 6.1% budget)
  frame.render.world.effects       win=  0.394ms avg=  0.394ms p95=  0.494ms max=  0.832ms calls(last=  1,win= 120,total=3771) (win 2.4% | avg 2.4% budget)
  enemy.torpedo.select_heading     win=  0.333ms avg=  0.003ms p95=  0.000ms max=  0.333ms calls(last=  0,win=   1,total=1) (win 2.0% | avg 0.0% budget)
  enemy.ai.movement                win=  0.120ms avg=  0.106ms p95=  0.161ms max=  0.318ms calls(last=  1,win= 106,total=106) (win 0.7% | avg 0.6% budget)
  enemy.ai.decision                win=  0.117ms avg=  0.104ms p95=  0.161ms max=  0.347ms calls(last=  1,win= 106,total=106) (win 0.7% | avg 0.6% budget)
  enemy.cheap.segment_build        win=  0.098ms avg=  0.986ms p95=  1.518ms max=  2.902ms calls(last=  9,win=1202,total=23059) (win 0.6% | avg 5.9% budget)
  system.spawner_update            win=  0.043ms avg=  0.044ms p95=  0.072ms max=  1.015ms calls(last=  1,win= 124,total=3162) (win 0.3% | avg 0.3% budget)
  frame.input_poll                 win=  0.027ms avg=  0.027ms p95=  0.028ms max=  0.132ms calls(last=  1,win= 120,total=3840) (win 0.2% | avg 0.2% budget)
  system.player_update             win=  0.026ms avg=  0.027ms p95=  0.044ms max=  0.133ms calls(last=  1,win= 124,total=3042) (win 0.2% | avg 0.2% budget)
  system.physics_collision         win=  0.024ms avg=  0.025ms p95=  0.039ms max=  0.133ms calls(last=  1,win= 124,total=3162) (win 0.1% | avg 0.2% budget)
  enemy.type.torpedo               win=  0.023ms avg=  0.768ms p95=  1.175ms max=  1.656ms calls(last= 32,win=3968,total=88304) (win 0.1% | avg 4.6% budget)
  enemy.type.drone                 win=  0.017ms avg=  0.717ms p95=  1.125ms max=  1.875ms calls(last= 40,win=4960,total=111208) (win 0.1% | avg 4.3% budget)
  enemy.ai.perception              win=  0.006ms avg=  0.005ms p95=  0.007ms max=  0.011ms calls(last=  1,win= 106,total=106) (win 0.0% | avg 0.0% budget)
  enemy.ai.firing                  win=  0.005ms avg=  0.004ms p95=  0.005ms max=  0.009ms calls(last=  1,win= 106,total=106) (win 0.0% | avg 0.0% budget)
[ENEMY_STATS] frame=3840 alive=72 visible=0 full=1 cheap=71 fullInBase=0 pairs(frontal=0 checks=0 separation=0 resolved=0)
[ENEMY_WINDOW] steps=124 alive[min=72 max=72] visible[min=0 max=0] full[min=0 max=1] collisionPasses[runs=0 skips=124]

[PROFILE] frame=3960 budget=16.667ms alloc(+98/-98, +259184b/-259184b, live=131304b peak=388376b)
  frame.total                      win= 19.599ms avg= 19.599ms p95= 25.577ms max= 82.940ms calls(last=  1,win= 120,total=3960) (win 117.6% | avg 117.6% budget)
  frame.render                     win= 11.467ms avg= 11.467ms p95= 12.311ms max= 82.902ms calls(last=  1,win= 120,total=3960) (win 68.8% | avg 68.8% budget)
  frame.present                    win= 11.459ms avg= 11.459ms p95= 12.305ms max= 82.894ms calls(last=  1,win= 120,total=3960) (win 68.8% | avg 68.8% budget)
  frame.fixed_step                 win=  6.838ms avg=  8.092ms p95= 13.885ms max= 14.312ms calls(last=  1,win= 142,total=4083) (win 41.0% | avg 48.6% budget)
  game.update                      win=  5.226ms avg=  6.184ms p95= 10.664ms max= 11.131ms calls(last=  1,win= 142,total=3304) (win 31.4% | avg 37.1% budget)
  system.ai_update                 win=  5.078ms avg=  6.009ms p95= 10.382ms max= 10.849ms calls(last=  1,win= 142,total=3304) (win 30.5% | avg 36.1% budget)
  enemy.update                     win=  5.073ms avg=  6.003ms p95= 10.372ms max= 10.839ms calls(last=  1,win= 142,total=3304) (win 30.4% | avg 36.0% budget)
  frame.render.world               win=  4.622ms avg=  9.245ms p95=  9.599ms max= 13.612ms calls(last=  2,win= 240,total=7782) (win 27.7% | avg 55.5% budget)
  frame.render.overlay             win=  3.070ms avg=  3.070ms p95=  3.807ms max=  5.258ms calls(last=  1,win= 120,total=4584) (win 18.4% | avg 18.4% budget)
  frame.render.world.enemies       win=  1.119ms avg=  1.119ms p95=  1.183ms max=  1.493ms calls(last=  1,win= 120,total=3891) (win 6.7% | avg 6.7% budget)
  frame.render.world.maze          win=  0.931ms avg=  0.931ms p95=  1.050ms max=  1.679ms calls(last=  1,win= 120,total=3891) (win 5.6% | avg 5.6% budget)
  enemy.physics.frontal_collisions win=  0.875ms avg=  0.977ms p95=  1.724ms max=  1.819ms calls(last=  1,win= 134,total=134) (win 5.2% | avg 5.9% budget)
  enemy.physics.frontal_grid_build win=  0.837ms avg=  0.935ms p95=  1.650ms max=  1.726ms calls(last=  1,win= 134,total=134) (win 5.0% | avg 5.6% budget)
  enemy.torpedo.select_heading     win=  0.779ms avg=  0.013ms p95=  0.000ms max=  0.803ms calls(last=  0,win=   2,total=3) (win 4.7% | avg 0.1% budget)
  enemy.physics.separation         win=  0.567ms avg=  0.633ms p95=  1.119ms max=  1.180ms calls(last=  1,win= 134,total=134) (win 3.4% | avg 3.8% budget)
  enemy.physics.separation_grid_build win=  0.539ms avg=  0.602ms p95=  1.063ms max=  1.120ms calls(last=  1,win= 134,total=134) (win 3.2% | avg 3.6% budget)
  frame.render.world.effects       win=  0.393ms avg=  0.393ms p95=  0.488ms max=  0.832ms calls(last=  1,win= 120,total=3891) (win 2.4% | avg 2.4% budget)
  enemy.ai.movement                win=  0.112ms avg=  0.258ms p95=  0.440ms max=  0.502ms calls(last=  2,win= 276,total=382) (win 0.7% | avg 1.5% budget)
  enemy.ai.decision                win=  0.104ms avg=  0.240ms p95=  0.389ms max=  0.924ms calls(last=  2,win= 276,total=382) (win 0.6% | avg 1.4% budget)
  enemy.cheap.segment_build        win=  0.098ms avg=  1.107ms p95=  2.049ms max=  2.902ms calls(last= 12,win=1357,total=24416) (win 0.6% | avg 6.6% budget)
  system.spawner_update            win=  0.045ms avg=  0.053ms p95=  0.086ms max=  1.015ms calls(last=  1,win= 142,total=3304) (win 0.3% | avg 0.3% budget)
  system.physics_collision         win=  0.033ms avg=  0.039ms p95=  0.068ms max=  0.133ms calls(last=  1,win= 142,total=3304) (win 0.2% | avg 0.2% budget)
  enemy.type.torpedo               win=  0.030ms avg=  1.140ms p95=  1.981ms max=  2.206ms calls(last= 32,win=4544,total=92848) (win 0.2% | avg 6.8% budget)
  enemy.physics.frontal_pair_traverse win=  0.030ms avg=  0.033ms p95=  0.058ms max=  0.102ms calls(last=  1,win= 134,total=134) (win 0.2% | avg 0.2% budget)
[ENEMY_STATS] frame=3960 alive=72 visible=1 full=2 cheap=70 fullInBase=0 pairs(frontal=0 checks=0 separation=0 resolved=0)
[ENEMY_WINDOW] steps=142 alive[min=72 max=72] visible[min=0 max=1] full[min=1 max=2] collisionPasses[runs=135 skips=7]

[PROFILE] frame=4080 budget=16.667ms alloc(+99/-99, +258712b/-258712b, live=131304b peak=388376b)
  frame.total                      win= 19.907ms avg= 19.907ms p95= 25.807ms max= 82.940ms calls(last=  1,win= 120,total=4080) (win 119.4% | avg 119.4% budget)
  frame.render                     win= 11.462ms avg= 11.462ms p95= 12.236ms max= 82.902ms calls(last=  1,win= 120,total=4080) (win 68.8% | avg 68.8% budget)
  frame.present                    win= 11.455ms avg= 11.455ms p95= 12.229ms max= 82.894ms calls(last=  1,win= 120,total=4080) (win 68.7% | avg 68.7% budget)
  frame.fixed_step                 win=  7.004ms avg=  8.404ms p95= 13.989ms max= 14.738ms calls(last=  1,win= 144,total=4227) (win 42.0% | avg 50.4% budget)
  game.update                      win=  5.381ms avg=  6.457ms p95= 10.788ms max= 11.446ms calls(last=  1,win= 144,total=3448) (win 32.3% | avg 38.7% budget)
  system.ai_update                 win=  5.235ms avg=  6.282ms p95= 10.523ms max= 11.079ms calls(last=  1,win= 144,total=3448) (win 31.4% | avg 37.7% budget)
  enemy.update                     win=  5.230ms avg=  6.276ms p95= 10.514ms max= 11.064ms calls(last=  1,win= 144,total=3448) (win 31.4% | avg 37.7% budget)
  frame.render.world               win=  4.641ms avg=  9.283ms p95=  9.815ms max= 13.612ms calls(last=  2,win= 240,total=8022) (win 27.8% | avg 55.7% budget)
  frame.render.overlay             win=  3.071ms avg=  3.071ms p95=  3.730ms max=  5.258ms calls(last=  1,win= 120,total=4704) (win 18.4% | avg 18.4% budget)
  frame.render.world.enemies       win=  1.164ms avg=  1.164ms p95=  1.244ms max=  1.493ms calls(last=  1,win= 120,total=4011) (win 7.0% | avg 7.0% budget)
  frame.render.world.maze          win=  0.895ms avg=  0.895ms p95=  1.022ms max=  1.679ms calls(last=  1,win= 120,total=4011) (win 5.4% | avg 5.4% budget)
  enemy.physics.frontal_collisions win=  0.889ms avg=  1.067ms p95=  1.795ms max=  1.982ms calls(last=  1,win= 144,total=278) (win 5.3% | avg 6.4% budget)
  enemy.physics.frontal_grid_build win=  0.847ms avg=  1.017ms p95=  1.707ms max=  1.903ms calls(last=  1,win= 144,total=278) (win 5.1% | avg 6.1% budget)
  enemy.torpedo.select_heading     win=  0.701ms avg=  0.023ms p95=  0.000ms max=  0.911ms calls(last=  0,win=   4,total=7) (win 4.2% | avg 0.1% budget)
  enemy.physics.separation         win=  0.571ms avg=  0.685ms p95=  1.130ms max=  1.336ms calls(last=  1,win= 144,total=278) (win 3.4% | avg 4.1% budget)
  enemy.physics.separation_grid_build win=  0.540ms avg=  0.648ms p95=  1.067ms max=  1.249ms calls(last=  1,win= 144,total=278) (win 3.2% | avg 3.9% budget)
  frame.render.world.effects       win=  0.418ms avg=  0.418ms p95=  0.521ms max=  1.054ms calls(last=  1,win= 120,total=4011) (win 2.5% | avg 2.5% budget)
  enemy.cheap.segment_build        win=  0.097ms avg=  1.107ms p95=  1.884ms max=  2.902ms calls(last= 10,win=1366,total=25782) (win 0.6% | avg 6.6% budget)
  enemy.ai.movement                win=  0.097ms avg=  0.292ms p95=  0.540ms max=  0.671ms calls(last=  3,win= 363,total=745) (win 0.6% | avg 1.8% budget)
  enemy.ai.decision                win=  0.081ms avg=  0.244ms p95=  0.477ms max=  1.186ms calls(last=  3,win= 363,total=745) (win 0.5% | avg 1.5% budget)
  system.spawner_update            win=  0.043ms avg=  0.052ms p95=  0.088ms max=  1.015ms calls(last=  1,win= 144,total=3448) (win 0.3% | avg 0.3% budget)
  enemy.physics.frontal_pair_traverse win=  0.034ms avg=  0.040ms p95=  0.070ms max=  0.168ms calls(last=  1,win= 144,total=278) (win 0.2% | avg 0.2% budget)
  system.physics_collision         win=  0.033ms avg=  0.039ms p95=  0.070ms max=  0.133ms calls(last=  1,win= 144,total=3448) (win 0.2% | avg 0.2% budget)
  enemy.type.torpedo               win=  0.029ms avg=  1.105ms p95=  1.911ms max=  2.512ms calls(last= 32,win=4608,total=97456) (win 0.2% | avg 6.6% budget)
[ENEMY_STATS] frame=4080 alive=72 visible=0 full=3 cheap=69 fullInBase=0 pairs(frontal=0 checks=0 separation=0 resolved=0)
[ENEMY_WINDOW] steps=144 alive[min=72 max=72] visible[min=0 max=1] full[min=2 max=3] collisionPasses[runs=144 skips=0]

[PROFILE] frame=4200 budget=16.667ms alloc(+101/-101, +259272b/-259272b, live=131304b peak=388400b)
  frame.total                      win= 20.175ms avg= 20.175ms p95= 26.053ms max= 82.940ms calls(last=  1,win= 120,total=4200) (win 121.1% | avg 121.1% budget)
  frame.render                     win= 11.581ms avg= 11.581ms p95= 12.333ms max= 82.902ms calls(last=  1,win= 120,total=4200) (win 69.5% | avg 69.5% budget)
  frame.present                    win= 11.573ms avg= 11.573ms p95= 12.326ms max= 82.894ms calls(last=  1,win= 120,total=4200) (win 69.4% | avg 69.4% budget)
  frame.fixed_step                 win=  7.031ms avg=  8.555ms p95= 14.160ms max= 15.052ms calls(last=  1,win= 146,total=4373) (win 42.2% | avg 51.3% budget)
  game.update                      win=  5.423ms avg=  6.598ms p95= 10.982ms max= 11.813ms calls(last=  1,win= 146,total=3594) (win 32.5% | avg 39.6% budget)
  system.ai_update                 win=  5.328ms avg=  6.482ms p95= 10.792ms max= 11.623ms calls(last=  1,win= 146,total=3594) (win 32.0% | avg 38.9% budget)
  enemy.update                     win=  5.323ms avg=  6.476ms p95= 10.782ms max= 11.613ms calls(last=  1,win= 146,total=3594) (win 31.9% | avg 38.9% budget)
  frame.render.world               win=  4.785ms avg=  9.571ms p95=  9.785ms max= 13.612ms calls(last=  2,win= 240,total=8262) (win 28.7% | avg 57.4% budget)
  frame.render.overlay             win=  3.069ms avg=  3.069ms p95=  3.747ms max=  5.258ms calls(last=  1,win= 120,total=4824) (win 18.4% | avg 18.4% budget)
  frame.render.world.enemies       win=  1.159ms avg=  1.159ms p95=  1.200ms max=  1.493ms calls(last=  1,win= 120,total=4131) (win 7.0% | avg 7.0% budget)
  frame.render.world.effects       win=  1.033ms avg=  1.033ms p95=  1.116ms max=  1.359ms calls(last=  1,win= 120,total=4131) (win 6.2% | avg 6.2% budget)
  enemy.physics.frontal_collisions win=  0.882ms avg=  1.073ms p95=  1.791ms max=  1.982ms calls(last=  1,win= 146,total=424) (win 5.3% | avg 6.4% budget)
  frame.render.world.maze          win=  0.852ms avg=  0.852ms p95=  0.901ms max=  1.679ms calls(last=  1,win= 120,total=4131) (win 5.1% | avg 5.1% budget)
  enemy.physics.frontal_grid_build win=  0.839ms avg=  1.021ms p95=  1.708ms max=  1.903ms calls(last=  1,win= 146,total=424) (win 5.0% | avg 6.1% budget)
  enemy.torpedo.select_heading     win=  0.620ms avg=  0.016ms p95=  0.000ms max=  0.911ms calls(last=  0,win=   3,total=10) (win 3.7% | avg 0.1% budget)
  enemy.physics.separation         win=  0.572ms avg=  0.696ms p95=  1.160ms max=  1.336ms calls(last=  1,win= 146,total=424) (win 3.4% | avg 4.2% budget)
  enemy.physics.separation_grid_build win=  0.540ms avg=  0.657ms p95=  1.095ms max=  1.249ms calls(last=  1,win= 146,total=424) (win 3.2% | avg 3.9% budget)
  enemy.ai.movement                win=  0.108ms avg=  0.395ms p95=  0.668ms max=  0.698ms calls(last=  3,win= 438,total=1183) (win 0.6% | avg 2.4% budget)
  enemy.cheap.segment_build        win=  0.098ms avg=  1.135ms p95=  1.950ms max=  2.907ms calls(last= 11,win=1392,total=27174) (win 0.6% | avg 6.8% budget)
  enemy.ai.decision                win=  0.078ms avg=  0.284ms p95=  0.452ms max=  1.186ms calls(last=  3,win= 438,total=1183) (win 0.5% | avg 1.7% budget)
  system.spawner_update            win=  0.051ms avg=  0.063ms p95=  0.104ms max=  1.015ms calls(last=  1,win= 146,total=3594) (win 0.3% | avg 0.4% budget)
  enemy.physics.frontal_pair_traverse win=  0.035ms avg=  0.042ms p95=  0.072ms max=  0.168ms calls(last=  1,win= 146,total=424) (win 0.2% | avg 0.3% budget)
  enemy.type.torpedo               win=  0.030ms avg=  1.183ms p95=  2.068ms max=  2.554ms calls(last= 32,win=4672,total=102128) (win 0.2% | avg 7.1% budget)
  frame.input_poll                 win=  0.027ms avg=  0.027ms p95=  0.028ms max=  0.132ms calls(last=  1,win= 120,total=4200) (win 0.2% | avg 0.2% budget)
[ENEMY_STATS] frame=4200 alive=72 visible=1 full=3 cheap=69 fullInBase=0 pairs(frontal=0 checks=0 separation=0 resolved=0)
[ENEMY_WINDOW] steps=146 alive[min=72 max=72] visible[min=0 max=1] full[min=3 max=3] collisionPasses[runs=146 skips=0]

[PROFILE] frame=4320 budget=16.667ms alloc(+89/-89, +171288b/-171288b, live=131304b peak=388400b)
  frame.total                      win= 17.843ms avg= 17.843ms p95= 24.210ms max= 82.940ms calls(last=  1,win= 120,total=4320) (win 107.1% | avg 107.1% budget)
  frame.render                     win= 11.877ms avg= 11.877ms p95= 12.548ms max= 82.902ms calls(last=  1,win= 120,total=4320) (win 71.3% | avg 71.3% budget)
  frame.present                    win= 11.870ms avg= 11.870ms p95= 12.541ms max= 82.894ms calls(last=  1,win= 120,total=4320) (win 71.2% | avg 71.2% budget)
  frame.fixed_step                 win=  5.513ms avg=  5.926ms p95= 13.255ms max= 15.052ms calls(last=  1,win= 129,total=4502) (win 33.1% | avg 35.6% budget)
  frame.render.world               win=  4.437ms avg=  8.874ms p95=  9.714ms max= 13.612ms calls(last=  2,win= 240,total=8502) (win 26.6% | avg 53.2% budget)
  game.update                      win=  3.904ms avg=  4.197ms p95= 10.090ms max= 11.813ms calls(last=  1,win= 129,total=3723) (win 23.4% | avg 25.2% budget)
  system.ai_update                 win=  3.799ms avg=  4.084ms p95=  9.858ms max= 11.623ms calls(last=  1,win= 129,total=3723) (win 22.8% | avg 24.5% budget)
  enemy.update                     win=  3.793ms avg=  4.078ms p95=  9.850ms max= 11.613ms calls(last=  1,win= 129,total=3723) (win 22.8% | avg 24.5% budget)
  frame.render.overlay             win=  3.047ms avg=  3.047ms p95=  3.711ms max=  5.258ms calls(last=  1,win= 120,total=4944) (win 18.3% | avg 18.3% budget)
  frame.render.world.enemies       win=  1.127ms avg=  1.127ms p95=  1.206ms max=  1.493ms calls(last=  1,win= 120,total=4251) (win 6.8% | avg 6.8% budget)
  enemy.physics.frontal_collisions win=  0.886ms avg=  0.259ms p95=  1.004ms max=  1.982ms calls(last=  0,win=  35,total=459) (win 5.3% | avg 1.6% budget)
  enemy.physics.frontal_grid_build win=  0.844ms avg=  0.246ms p95=  0.937ms max=  1.903ms calls(last=  0,win=  35,total=459) (win 5.1% | avg 1.5% budget)
  frame.render.world.maze          win=  0.758ms avg=  0.758ms p95=  0.891ms max=  1.679ms calls(last=  1,win= 120,total=4251) (win 4.6% | avg 4.6% budget)
  enemy.torpedo.select_heading     win=  0.699ms avg=  0.017ms p95=  0.000ms max=  0.911ms calls(last=  0,win=   3,total=13) (win 4.2% | avg 0.1% budget)
  enemy.physics.separation         win=  0.569ms avg=  0.166ms p95=  0.615ms max=  1.336ms calls(last=  0,win=  35,total=459) (win 3.4% | avg 1.0% budget)
  enemy.physics.separation_grid_build win=  0.537ms avg=  0.157ms p95=  0.581ms max=  1.249ms calls(last=  0,win=  35,total=459) (win 3.2% | avg 0.9% budget)
  frame.render.world.effects       win=  0.525ms avg=  0.525ms p95=  1.109ms max=  1.359ms calls(last=  1,win= 120,total=4251) (win 3.2% | avg 3.2% budget)
  enemy.ai.movement                win=  0.113ms avg=  0.188ms p95=  0.433ms max=  0.698ms calls(last=  1,win= 199,total=1382) (win 0.7% | avg 1.1% budget)
  enemy.ai.decision                win=  0.110ms avg=  0.182ms p95=  0.423ms max=  1.186ms calls(last=  1,win= 199,total=1382) (win 0.7% | avg 1.1% budget)
  enemy.cheap.segment_build        win=  0.097ms avg=  0.998ms p95=  1.778ms max=  2.907ms calls(last=  9,win=1233,total=28407) (win 0.6% | avg 6.0% budget)
  system.spawner_update            win=  0.045ms avg=  0.049ms p95=  0.094ms max=  1.015ms calls(last=  1,win= 129,total=3723) (win 0.3% | avg 0.3% budget)
  enemy.physics.frontal_pair_traverse win=  0.034ms avg=  0.010ms p95=  0.050ms max=  0.168ms calls(last=  0,win=  35,total=459) (win 0.2% | avg 0.1% budget)
  frame.input_poll                 win=  0.027ms avg=  0.027ms p95=  0.028ms max=  0.132ms calls(last=  1,win= 120,total=4320) (win 0.2% | avg 0.2% budget)
  enemy.type.torpedo               win=  0.027ms avg=  0.916ms p95=  1.761ms max=  2.985ms calls(last= 32,win=4128,total=106256) (win 0.2% | avg 5.5% budget)
[ENEMY_STATS] frame=4320 alive=72 visible=0 full=1 cheap=71 fullInBase=0 pairs(frontal=0 checks=0 separation=0 resolved=0)
[ENEMY_WINDOW] steps=129 alive[min=72 max=72] visible[min=0 max=1] full[min=1 max=3] collisionPasses[runs=34 skips=95]

[PROFILE] frame=4440 budget=16.667ms alloc(+87/-87, +171224b/-171224b, live=131304b peak=388400b)
  frame.total                      win= 17.055ms avg= 17.055ms p95= 17.542ms max= 82.940ms calls(last=  1,win= 120,total=4440) (win 102.3% | avg 102.3% budget)
  frame.render                     win= 12.004ms avg= 12.004ms p95= 12.645ms max= 82.902ms calls(last=  1,win= 120,total=4440) (win 72.0% | avg 72.0% budget)
  frame.present                    win= 11.997ms avg= 11.997ms p95= 12.637ms max= 82.894ms calls(last=  1,win= 120,total=4440) (win 72.0% | avg 72.0% budget)
  frame.fixed_step                 win=  4.850ms avg=  5.012ms p95=  5.472ms max= 15.052ms calls(last=  1,win= 124,total=4626) (win 29.1% | avg 30.1% budget)
  frame.render.world               win=  4.372ms avg=  8.743ms p95=  9.201ms max= 13.612ms calls(last=  2,win= 240,total=8742) (win 26.2% | avg 52.5% budget)
  game.update                      win=  3.243ms avg=  3.351ms p95=  3.889ms max= 11.813ms calls(last=  1,win= 124,total=3847) (win 19.5% | avg 20.1% budget)
  system.ai_update                 win=  3.119ms avg=  3.223ms p95=  3.764ms max= 11.623ms calls(last=  1,win= 124,total=3847) (win 18.7% | avg 19.3% budget)
  enemy.update                     win=  3.113ms avg=  3.217ms p95=  3.760ms max= 11.613ms calls(last=  1,win= 124,total=3847) (win 18.7% | avg 19.3% budget)
  frame.render.overlay             win=  3.028ms avg=  3.028ms p95=  3.703ms max=  5.258ms calls(last=  1,win= 120,total=5064) (win 18.2% | avg 18.2% budget)
  frame.render.world.enemies       win=  1.111ms avg=  1.111ms p95=  1.143ms max=  1.493ms calls(last=  1,win= 120,total=4371) (win 6.7% | avg 6.7% budget)
  enemy.torpedo.select_heading     win=  0.790ms avg=  0.007ms p95=  0.000ms max=  0.911ms calls(last=  0,win=   1,total=14) (win 4.7% | avg 0.0% budget)
  frame.render.world.maze          win=  0.772ms avg=  0.772ms p95=  0.959ms max=  1.679ms calls(last=  1,win= 120,total=4371) (win 4.6% | avg 4.6% budget)
  frame.render.world.effects       win=  0.367ms avg=  0.367ms p95=  0.470ms max=  1.359ms calls(last=  1,win= 120,total=4371) (win 2.2% | avg 2.2% budget)
  enemy.ai.decision                win=  0.134ms avg=  0.085ms p95=  0.132ms max=  1.186ms calls(last=  0,win=  76,total=1458) (win 0.8% | avg 0.5% budget)
  enemy.ai.movement                win=  0.119ms avg=  0.076ms p95=  0.157ms max=  0.698ms calls(last=  0,win=  76,total=1458) (win 0.7% | avg 0.5% budget)
  enemy.cheap.segment_build        win=  0.098ms avg=  0.975ms p95=  1.508ms max=  2.907ms calls(last=  9,win=1190,total=29597) (win 0.6% | avg 5.9% budget)
  system.spawner_update            win=  0.042ms avg=  0.044ms p95=  0.067ms max=  1.015ms calls(last=  1,win= 124,total=3847) (win 0.3% | avg 0.3% budget)
  frame.input_poll                 win=  0.028ms avg=  0.028ms p95=  0.029ms max=  0.132ms calls(last=  1,win= 120,total=4440) (win 0.2% | avg 0.2% budget)
  system.player_update             win=  0.025ms avg=  0.020ms p95=  0.027ms max=  0.133ms calls(last=  1,win=  98,total=3426) (win 0.1% | avg 0.1% budget)
  system.physics_collision         win=  0.023ms avg=  0.024ms p95=  0.027ms max=  0.133ms calls(last=  1,win= 124,total=3847) (win 0.1% | avg 0.1% budget)
  enemy.type.torpedo               win=  0.022ms avg=  0.712ms p95=  1.188ms max=  2.985ms calls(last= 32,win=3968,total=110224) (win 0.1% | avg 4.3% budget)
  enemy.type.drone                 win=  0.017ms avg=  0.707ms p95=  0.936ms max=  2.297ms calls(last= 40,win=4960,total=138608) (win 0.1% | avg 4.2% budget)
  enemy.ai.perception              win=  0.006ms avg=  0.004ms p95=  0.006ms max=  0.023ms calls(last=  0,win=  76,total=1458) (win 0.0% | avg 0.0% budget)
  enemy.ai.firing                  win=  0.005ms avg=  0.003ms p95=  0.005ms max=  0.048ms calls(last=  0,win=  76,total=1458) (win 0.0% | avg 0.0% budget)
[ENEMY_STATS] frame=4440 alive=72 visible=0 full=0 cheap=72 fullInBase=0 pairs(frontal=0 checks=0 separation=0 resolved=0)
[ENEMY_WINDOW] steps=124 alive[min=72 max=72] visible[min=0 max=0] full[min=0 max=1] collisionPasses[runs=0 skips=124]

[PROFILE] frame=4560 budget=16.667ms alloc(+87/-87, +171224b/-171224b, live=131304b peak=388400b)
  frame.total                      win= 17.040ms avg= 17.040ms p95= 17.648ms max= 82.940ms calls(last=  1,win= 120,total=4560) (win 102.2% | avg 102.2% budget)
  frame.render                     win= 12.224ms avg= 12.224ms p95= 12.825ms max= 82.902ms calls(last=  1,win= 120,total=4560) (win 73.3% | avg 73.3% budget)
  frame.present                    win= 12.217ms avg= 12.217ms p95= 12.817ms max= 82.894ms calls(last=  1,win= 120,total=4560) (win 73.3% | avg 73.3% budget)
  frame.fixed_step                 win=  4.660ms avg=  4.776ms p95=  5.033ms max= 15.052ms calls(last=  1,win= 123,total=4749) (win 28.0% | avg 28.7% budget)
  frame.render.world               win=  4.536ms avg=  9.071ms p95=  9.292ms max= 13.892ms calls(last=  2,win= 240,total=8982) (win 27.2% | avg 54.4% budget)
  game.update                      win=  3.049ms avg=  3.125ms p95=  3.396ms max= 11.813ms calls(last=  1,win= 123,total=3970) (win 18.3% | avg 18.8% budget)
  frame.render.overlay             win=  3.011ms avg=  3.011ms p95=  3.636ms max=  5.258ms calls(last=  1,win= 120,total=5184) (win 18.1% | avg 18.1% budget)
  system.ai_update                 win=  2.914ms avg=  2.987ms p95=  3.267ms max= 11.623ms calls(last=  1,win= 123,total=3970) (win 17.5% | avg 17.9% budget)
  enemy.update                     win=  2.909ms avg=  2.982ms p95=  3.261ms max= 11.613ms calls(last=  1,win= 123,total=3970) (win 17.5% | avg 17.9% budget)
  frame.render.world.enemies       win=  1.100ms avg=  1.100ms p95=  1.155ms max=  1.493ms calls(last=  1,win= 120,total=4491) (win 6.6% | avg 6.6% budget)
  frame.render.world.maze          win=  0.930ms avg=  0.930ms p95=  0.981ms max=  1.679ms calls(last=  1,win= 120,total=4491) (win 5.6% | avg 5.6% budget)
  frame.render.world.effects       win=  0.379ms avg=  0.379ms p95=  0.455ms max=  1.359ms calls(last=  1,win= 120,total=4491) (win 2.3% | avg 2.3% budget)
  enemy.cheap.segment_build        win=  0.097ms avg=  0.943ms p95=  1.296ms max=  2.907ms calls(last=  9,win=1171,total=30768) (win 0.6% | avg 5.7% budget)
  system.spawner_update            win=  0.043ms avg=  0.044ms p95=  0.079ms max=  1.015ms calls(last=  1,win= 123,total=3970) (win 0.3% | avg 0.3% budget)
  frame.input_poll                 win=  0.027ms avg=  0.027ms p95=  0.028ms max=  0.132ms calls(last=  1,win= 120,total=4560) (win 0.2% | avg 0.2% budget)
  system.player_update             win=  0.027ms avg=  0.028ms p95=  0.030ms max=  0.133ms calls(last=  1,win= 123,total=3549) (win 0.2% | avg 0.2% budget)
  system.physics_collision         win=  0.023ms avg=  0.024ms p95=  0.027ms max=  0.133ms calls(last=  1,win= 123,total=3970) (win 0.1% | avg 0.1% budget)
  enemy.type.drone                 win=  0.017ms avg=  0.694ms p95=  0.928ms max=  2.297ms calls(last= 40,win=4920,total=143528) (win 0.1% | avg 4.2% budget)
  enemy.type.torpedo               win=  0.016ms avg=  0.514ms p95=  0.813ms max=  2.985ms calls(last= 32,win=3936,total=114160) (win 0.1% | avg 3.1% budget)
  system.projectile_update         win=  0.003ms avg=  0.003ms p95=  0.004ms max=  0.100ms calls(last=  1,win= 123,total=3970) (win 0.0% | avg 0.0% budget)
  system.maze_update               win=  0.001ms avg=  0.001ms p95=  0.002ms max=  0.065ms calls(last=  1,win= 123,total=3970) (win 0.0% | avg 0.0% budget)
  enemy.physics.frontal_collisions win=  0.000ms avg=  0.000ms p95=  0.000ms max=  1.982ms calls(last=  0,win=   0,total=459) (win 0.0% | avg 0.0% budget)
  enemy.physics.separation         win=  0.000ms avg=  0.000ms p95=  0.000ms max=  1.336ms calls(last=  0,win=   0,total=459) (win 0.0% | avg 0.0% budget)
  enemy.physics.frontal_grid_build win=  0.000ms avg=  0.000ms p95=  0.000ms max=  1.903ms calls(last=  0,win=   0,total=459) (win 0.0% | avg 0.0% budget)
[ENEMY_STATS] frame=4560 alive=72 visible=0 full=0 cheap=72 fullInBase=0 pairs(frontal=0 checks=0 separation=0 resolved=0)
[ENEMY_WINDOW] steps=123 alive[min=72 max=72] visible[min=0 max=0] full[min=0 max=0] collisionPasses[runs=0 skips=123]

[PROFILE] frame=4680 budget=16.667ms alloc(+87/-87, +171224b/-171224b, live=131304b peak=388400b)
  frame.total                      win= 17.009ms avg= 17.009ms p95= 17.834ms max= 82.940ms calls(last=  1,win= 120,total=4680) (win 102.1% | avg 102.1% budget)
  frame.render                     win= 12.109ms avg= 12.109ms p95= 12.722ms max= 82.902ms calls(last=  1,win= 120,total=4680) (win 72.7% | avg 72.7% budget)
  frame.present                    win= 12.102ms avg= 12.102ms p95= 12.715ms max= 82.894ms calls(last=  1,win= 120,total=4680) (win 72.6% | avg 72.6% budget)
  frame.fixed_step                 win=  4.741ms avg=  4.859ms p95=  5.239ms max= 15.052ms calls(last=  1,win= 123,total=4872) (win 28.4% | avg 29.2% budget)
  frame.render.world               win=  4.515ms avg=  9.030ms p95=  9.395ms max= 13.892ms calls(last=  2,win= 240,total=9222) (win 27.1% | avg 54.2% budget)
  game.update                      win=  3.126ms avg=  3.204ms p95=  3.586ms max= 11.813ms calls(last=  1,win= 123,total=4093) (win 18.8% | avg 19.2% budget)
  frame.render.overlay             win=  3.021ms avg=  3.021ms p95=  3.688ms max=  5.258ms calls(last=  1,win= 120,total=5304) (win 18.1% | avg 18.1% budget)
  system.ai_update                 win=  2.993ms avg=  3.068ms p95=  3.453ms max= 11.623ms calls(last=  1,win= 123,total=4093) (win 18.0% | avg 18.4% budget)
  enemy.update                     win=  2.988ms avg=  3.062ms p95=  3.448ms max= 11.613ms calls(last=  1,win= 123,total=4093) (win 17.9% | avg 18.4% budget)
  frame.render.world.enemies       win=  1.102ms avg=  1.102ms p95=  1.145ms max=  1.493ms calls(last=  1,win= 120,total=4611) (win 6.6% | avg 6.6% budget)
  frame.render.world.maze          win=  0.965ms avg=  0.965ms p95=  1.050ms max=  1.679ms calls(last=  1,win= 120,total=4611) (win 5.8% | avg 5.8% budget)
  frame.render.world.effects       win=  0.375ms avg=  0.375ms p95=  0.461ms max=  1.359ms calls(last=  1,win= 120,total=4611) (win 2.2% | avg 2.2% budget)
  enemy.cheap.segment_build        win=  0.097ms avg=  1.013ms p95=  1.446ms max=  2.907ms calls(last= 10,win=1248,total=32016) (win 0.6% | avg 6.1% budget)
  system.spawner_update            win=  0.042ms avg=  0.043ms p95=  0.046ms max=  1.015ms calls(last=  1,win= 123,total=4093) (win 0.3% | avg 0.3% budget)
  frame.input_poll                 win=  0.028ms avg=  0.028ms p95=  0.029ms max=  0.132ms calls(last=  1,win= 120,total=4680) (win 0.2% | avg 0.2% budget)
  system.player_update             win=  0.026ms avg=  0.027ms p95=  0.029ms max=  0.133ms calls(last=  1,win= 123,total=3672) (win 0.2% | avg 0.2% budget)
  system.physics_collision         win=  0.023ms avg=  0.024ms p95=  0.026ms max=  0.133ms calls(last=  1,win= 123,total=4093) (win 0.1% | avg 0.1% budget)
  enemy.type.torpedo               win=  0.018ms avg=  0.581ms p95=  0.899ms max=  2.985ms calls(last= 32,win=3936,total=118096) (win 0.1% | avg 3.5% budget)
  enemy.type.drone                 win=  0.017ms avg=  0.698ms p95=  0.921ms max=  2.297ms calls(last= 40,win=4920,total=148448) (win 0.1% | avg 4.2% budget)
  system.projectile_update         win=  0.003ms avg=  0.004ms p95=  0.004ms max=  0.100ms calls(last=  1,win= 123,total=4093) (win 0.0% | avg 0.0% budget)
  system.maze_update               win=  0.001ms avg=  0.001ms p95=  0.002ms max=  0.065ms calls(last=  1,win= 123,total=4093) (win 0.0% | avg 0.0% budget)
  enemy.physics.frontal_collisions win=  0.000ms avg=  0.000ms p95=  0.000ms max=  1.982ms calls(last=  0,win=   0,total=459) (win 0.0% | avg 0.0% budget)
  enemy.physics.separation         win=  0.000ms avg=  0.000ms p95=  0.000ms max=  1.336ms calls(last=  0,win=   0,total=459) (win 0.0% | avg 0.0% budget)
  enemy.physics.frontal_grid_build win=  0.000ms avg=  0.000ms p95=  0.000ms max=  1.903ms calls(last=  0,win=   0,total=459) (win 0.0% | avg 0.0% budget)
[ENEMY_STATS] frame=4680 alive=72 visible=0 full=0 cheap=72 fullInBase=0 pairs(frontal=0 checks=0 separation=0 resolved=0)
[ENEMY_WINDOW] steps=123 alive[min=72 max=72] visible[min=0 max=0] full[min=0 max=0] collisionPasses[runs=0 skips=123]

[PROFILE] frame=4800 budget=16.667ms alloc(+87/-87, +171224b/-171224b, live=131304b peak=388400b)
  frame.total                      win= 17.093ms avg= 17.093ms p95= 18.112ms max= 82.940ms calls(last=  1,win= 120,total=4800) (win 102.6% | avg 102.6% budget)
  frame.render                     win= 12.082ms avg= 12.082ms p95= 12.754ms max= 82.902ms calls(last=  1,win= 120,total=4800) (win 72.5% | avg 72.5% budget)
  frame.present                    win= 12.074ms avg= 12.074ms p95= 12.746ms max= 82.894ms calls(last=  1,win= 120,total=4800) (win 72.4% | avg 72.4% budget)
  frame.fixed_step                 win=  4.812ms avg=  4.973ms p95=  5.330ms max= 15.052ms calls(last=  1,win= 124,total=4996) (win 28.9% | avg 29.8% budget)
  frame.render.world               win=  4.812ms avg=  9.624ms p95= 10.011ms max= 13.892ms calls(last=  2,win= 240,total=9462) (win 28.9% | avg 57.7% budget)
  game.update                      win=  3.185ms avg=  3.291ms p95=  3.604ms max= 11.813ms calls(last=  1,win= 124,total=4217) (win 19.1% | avg 19.7% budget)
  system.ai_update                 win=  3.050ms avg=  3.152ms p95=  3.475ms max= 11.623ms calls(last=  1,win= 124,total=4217) (win 18.3% | avg 18.9% budget)
  enemy.update                     win=  3.045ms avg=  3.146ms p95=  3.469ms max= 11.613ms calls(last=  1,win= 124,total=4217) (win 18.3% | avg 18.9% budget)
  frame.render.overlay             win=  3.043ms avg=  3.043ms p95=  3.769ms max=  5.258ms calls(last=  1,win= 120,total=5424) (win 18.3% | avg 18.3% budget)
  frame.render.world.maze          win=  1.199ms avg=  1.199ms p95=  1.432ms max=  1.679ms calls(last=  1,win= 120,total=4731) (win 7.2% | avg 7.2% budget)
  frame.render.world.enemies       win=  1.111ms avg=  1.111ms p95=  1.186ms max=  1.493ms calls(last=  1,win= 120,total=4731) (win 6.7% | avg 6.7% budget)
  frame.render.world.effects       win=  0.381ms avg=  0.381ms p95=  0.472ms max=  1.359ms calls(last=  1,win= 120,total=4731) (win 2.3% | avg 2.3% budget)
  enemy.cheap.segment_build        win=  0.098ms avg=  1.062ms p95=  1.472ms max=  2.907ms calls(last= 10,win=1302,total=33318) (win 0.6% | avg 6.4% budget)
  system.spawner_update            win=  0.042ms avg=  0.043ms p95=  0.064ms max=  1.015ms calls(last=  1,win= 124,total=4217) (win 0.3% | avg 0.3% budget)
  system.player_update             win=  0.028ms avg=  0.029ms p95=  0.043ms max=  0.140ms calls(last=  1,win= 124,total=3796) (win 0.2% | avg 0.2% budget)
  frame.input_poll                 win=  0.027ms avg=  0.027ms p95=  0.028ms max=  0.132ms calls(last=  1,win= 120,total=4800) (win 0.2% | avg 0.2% budget)
  system.physics_collision         win=  0.024ms avg=  0.024ms p95=  0.029ms max=  0.133ms calls(last=  1,win= 124,total=4217) (win 0.1% | avg 0.1% budget)
  enemy.type.torpedo               win=  0.019ms avg=  0.634ms p95=  1.058ms max=  2.985ms calls(last= 32,win=3968,total=122064) (win 0.1% | avg 3.8% budget)
  enemy.type.drone                 win=  0.017ms avg=  0.700ms p95=  0.902ms max=  2.297ms calls(last= 40,win=4960,total=153408) (win 0.1% | avg 4.2% budget)
  system.projectile_update         win=  0.004ms avg=  0.004ms p95=  0.004ms max=  0.100ms calls(last=  1,win= 124,total=4217) (win 0.0% | avg 0.0% budget)
  system.maze_update               win=  0.001ms avg=  0.001ms p95=  0.002ms max=  0.065ms calls(last=  1,win= 124,total=4217) (win 0.0% | avg 0.0% budget)
  enemy.physics.frontal_collisions win=  0.000ms avg=  0.000ms p95=  0.000ms max=  1.982ms calls(last=  0,win=   0,total=459) (win 0.0% | avg 0.0% budget)
  enemy.physics.separation         win=  0.000ms avg=  0.000ms p95=  0.000ms max=  1.336ms calls(last=  0,win=   0,total=459) (win 0.0% | avg 0.0% budget)
  enemy.physics.frontal_grid_build win=  0.000ms avg=  0.000ms p95=  0.000ms max=  1.903ms calls(last=  0,win=   0,total=459) (win 0.0% | avg 0.0% budget)
[ENEMY_STATS] frame=4800 alive=72 visible=0 full=0 cheap=72 fullInBase=0 pairs(frontal=0 checks=0 separation=0 resolved=0)
[ENEMY_WINDOW] steps=124 alive[min=72 max=72] visible[min=0 max=0] full[min=0 max=0] collisionPasses[runs=0 skips=124]

[PROFILE] frame=4920 budget=16.667ms alloc(+0/-0, +0b/-0b, live=131304b peak=388400b)
  frame.total                      win= 17.052ms avg= 17.052ms p95= 17.779ms max= 82.940ms calls(last=  1,win= 120,total=4920) (win 102.3% | avg 102.3% budget)
  frame.render                     win= 13.511ms avg= 13.511ms p95= 17.071ms max= 82.902ms calls(last=  1,win= 120,total=4920) (win 81.1% | avg 81.1% budget)
  frame.present                    win= 13.504ms avg= 13.504ms p95= 17.064ms max= 82.894ms calls(last=  1,win= 120,total=4920) (win 81.0% | avg 81.0% budget)
  frame.render.world               win=  4.691ms avg=  9.383ms p95=  9.730ms max= 13.892ms calls(last=  2,win= 240,total=9702) (win 28.1% | avg 56.3% budget)
  frame.fixed_step                 win=  3.389ms avg=  3.502ms p95=  5.152ms max= 15.052ms calls(last=  1,win= 124,total=5120) (win 20.3% | avg 21.0% budget)
  game.update                      win=  3.160ms avg=  2.317ms p95=  3.554ms max= 11.813ms calls(last=  0,win=  88,total=4305) (win 19.0% | avg 13.9% budget)
  system.ai_update                 win=  3.026ms avg=  2.219ms p95=  3.424ms max= 11.623ms calls(last=  0,win=  88,total=4305) (win 18.2% | avg 13.3% budget)
  enemy.update                     win=  3.021ms avg=  2.215ms p95=  3.420ms max= 11.613ms calls(last=  0,win=  88,total=4305) (win 18.1% | avg 13.3% budget)
  frame.render.overlay             win=  2.579ms avg=  3.332ms p95=  4.701ms max=  5.258ms calls(last=  2,win= 155,total=5579) (win 15.5% | avg 20.0% budget)
  frame.render.world.maze          win=  1.121ms avg=  1.121ms p95=  1.235ms max=  1.679ms calls(last=  1,win= 120,total=4851) (win 6.7% | avg 6.7% budget)
  frame.render.world.enemies       win=  1.104ms avg=  1.104ms p95=  1.141ms max=  1.493ms calls(last=  1,win= 120,total=4851) (win 6.6% | avg 6.6% budget)
  frame.render.world.effects       win=  0.389ms avg=  0.389ms p95=  0.480ms max=  1.359ms calls(last=  1,win= 120,total=4851) (win 2.3% | avg 2.3% budget)
  enemy.cheap.segment_build        win=  0.097ms avg=  0.746ms p95=  1.384ms max=  2.907ms calls(last=  0,win= 926,total=34244) (win 0.6% | avg 4.5% budget)
  system.spawner_update            win=  0.042ms avg=  0.031ms p95=  0.044ms max=  1.015ms calls(last=  0,win=  88,total=4305) (win 0.3% | avg 0.2% budget)
  frame.input_poll                 win=  0.028ms avg=  0.028ms p95=  0.029ms max=  0.132ms calls(last=  1,win= 120,total=4920) (win 0.2% | avg 0.2% budget)
  system.player_update             win=  0.027ms avg=  0.020ms p95=  0.029ms max=  0.140ms calls(last=  0,win=  88,total=3884) (win 0.2% | avg 0.1% budget)
  system.physics_collision         win=  0.023ms avg=  0.017ms p95=  0.027ms max=  0.133ms calls(last=  0,win=  88,total=4305) (win 0.1% | avg 0.1% budget)
  enemy.type.torpedo               win=  0.018ms avg=  0.427ms p95=  0.804ms max=  2.985ms calls(last=  0,win=2816,total=124880) (win 0.1% | avg 2.6% budget)
  enemy.type.drone                 win=  0.017ms avg=  0.509ms p95=  0.945ms max=  2.297ms calls(last=  0,win=3520,total=156928) (win 0.1% | avg 3.1% budget)
  system.projectile_update         win=  0.003ms avg=  0.002ms p95=  0.004ms max=  0.100ms calls(last=  0,win=  88,total=4305) (win 0.0% | avg 0.0% budget)
  system.maze_update               win=  0.001ms avg=  0.001ms p95=  0.001ms max=  0.065ms calls(last=  0,win=  88,total=4305) (win 0.0% | avg 0.0% budget)
  enemy.physics.frontal_collisions win=  0.000ms avg=  0.000ms p95=  0.000ms max=  1.982ms calls(last=  0,win=   0,total=459) (win 0.0% | avg 0.0% budget)
  enemy.physics.separation         win=  0.000ms avg=  0.000ms p95=  0.000ms max=  1.336ms calls(last=  0,win=   0,total=459) (win 0.0% | avg 0.0% budget)
  enemy.physics.frontal_grid_build win=  0.000ms avg=  0.000ms p95=  0.000ms max=  1.903ms calls(last=  0,win=   0,total=459) (win 0.0% | avg 0.0% budget)

[PROFILE] frame=5040 budget=16.667ms alloc(+0/-0, +0b/-0b, live=131304b peak=388400b)
  frame.total                      win= 16.922ms avg= 16.922ms p95= 17.377ms max= 82.940ms calls(last=  1,win= 120,total=5040) (win 101.5% | avg 101.5% budget)
  frame.render                     win= 16.883ms avg= 16.883ms p95= 17.335ms max= 82.902ms calls(last=  1,win= 120,total=5040) (win 101.3% | avg 101.3% budget)
  frame.present                    win= 16.876ms avg= 16.876ms p95= 17.328ms max= 82.894ms calls(last=  1,win= 120,total=5040) (win 101.3% | avg 101.3% budget)
  frame.render.world               win=  4.654ms avg=  9.308ms p95=  9.861ms max= 13.892ms calls(last=  2,win= 240,total=9942) (win 27.9% | avg 55.8% budget)
  frame.render.overlay             win=  2.076ms avg=  4.152ms p95=  4.810ms max=  5.258ms calls(last=  2,win= 240,total=5819) (win 12.5% | avg 24.9% budget)
  frame.render.world.enemies       win=  1.123ms avg=  1.123ms p95=  1.199ms max=  1.521ms calls(last=  1,win= 120,total=4971) (win 6.7% | avg 6.7% budget)
  frame.render.world.maze          win=  1.100ms avg=  1.100ms p95=  1.185ms max=  1.679ms calls(last=  1,win= 120,total=4971) (win 6.6% | avg 6.6% budget)
  frame.render.world.effects       win=  0.380ms avg=  0.380ms p95=  0.475ms max=  1.359ms calls(last=  1,win= 120,total=4971) (win 2.3% | avg 2.3% budget)
  frame.input_poll                 win=  0.027ms avg=  0.027ms p95=  0.028ms max=  0.132ms calls(last=  1,win= 120,total=5040) (win 0.2% | avg 0.2% budget)
  frame.fixed_step                 win=  0.003ms avg=  0.003ms p95=  0.003ms max= 15.052ms calls(last=  1,win= 122,total=5242) (win 0.0% | avg 0.0% budget)
  system.ai_update                 win=  0.000ms avg=  0.000ms p95=  0.000ms max= 11.623ms calls(last=  0,win=   0,total=4305) (win 0.0% | avg 0.0% budget)
  enemy.ai.perception              win=  0.000ms avg=  0.000ms p95=  0.000ms max=  0.023ms calls(last=  0,win=   0,total=1458) (win 0.0% | avg 0.0% budget)
  enemy.ai.decision                win=  0.000ms avg=  0.000ms p95=  0.000ms max=  1.186ms calls(last=  0,win=   0,total=1458) (win 0.0% | avg 0.0% budget)
  enemy.ai.movement                win=  0.000ms avg=  0.000ms p95=  0.000ms max=  0.698ms calls(last=  0,win=   0,total=1458) (win 0.0% | avg 0.0% budget)
  enemy.ai.firing                  win=  0.000ms avg=  0.000ms p95=  0.000ms max=  0.048ms calls(last=  0,win=   0,total=1458) (win 0.0% | avg 0.0% budget)
  game.update                      win=  0.000ms avg=  0.000ms p95=  0.000ms max= 11.813ms calls(last=  0,win=   0,total=4305) (win 0.0% | avg 0.0% budget)
  enemy.physics.frontal_collisions win=  0.000ms avg=  0.000ms p95=  0.000ms max=  1.982ms calls(last=  0,win=   0,total=459) (win 0.0% | avg 0.0% budget)
  enemy.physics.separation         win=  0.000ms avg=  0.000ms p95=  0.000ms max=  1.336ms calls(last=  0,win=   0,total=459) (win 0.0% | avg 0.0% budget)
  enemy.physics.frontal_grid_build win=  0.000ms avg=  0.000ms p95=  0.000ms max=  1.903ms calls(last=  0,win=   0,total=459) (win 0.0% | avg 0.0% budget)
  enemy.physics.frontal_pair_traverse win=  0.000ms avg=  0.000ms p95=  0.000ms max=  0.168ms calls(last=  0,win=   0,total=459) (win 0.0% | avg 0.0% budget)
  enemy.physics.separation_grid_build win=  0.000ms avg=  0.000ms p95=  0.000ms max=  1.249ms calls(last=  0,win=   0,total=459) (win 0.0% | avg 0.0% budget)
  enemy.physics.separation_pair_traverse win=  0.000ms avg=  0.000ms p95=  0.000ms max=  0.080ms calls(last=  0,win=   0,total=459) (win 0.0% | avg 0.0% budget)
  enemy.torpedo.select_heading     win=  0.000ms avg=  0.000ms p95=  0.000ms max=  0.911ms calls(last=  0,win=   0,total=14) (win 0.0% | avg 0.0% budget)
  enemy.cheap.segment_build        win=  0.000ms avg=  0.000ms p95=  0.000ms max=  2.907ms calls(last=  0,win=   0,total=34244) (win 0.0% | avg 0.0% budget)

[PROFILE] frame=5160 budget=16.667ms alloc(+0/-0, +0b/-0b, live=131304b peak=388400b)
  frame.total                      win= 16.919ms avg= 16.919ms p95= 17.260ms max= 82.940ms calls(last=  1,win= 120,total=5160) (win 101.5% | avg 101.5% budget)
  frame.render                     win= 16.879ms avg= 16.879ms p95= 17.222ms max= 82.902ms calls(last=  1,win= 120,total=5160) (win 101.3% | avg 101.3% budget)
  frame.present                    win= 16.872ms avg= 16.872ms p95= 17.216ms max= 82.894ms calls(last=  1,win= 120,total=5160) (win 101.2% | avg 101.2% budget)
  frame.render.world               win=  4.626ms avg=  9.253ms p95=  9.472ms max= 13.892ms calls(last=  2,win= 240,total=10182) (win 27.8% | avg 55.5% budget)
  frame.render.overlay             win=  2.057ms avg=  4.113ms p95=  4.745ms max=  5.258ms calls(last=  2,win= 240,total=6059) (win 12.3% | avg 24.7% budget)
  frame.render.world.enemies       win=  1.113ms avg=  1.113ms p95=  1.174ms max=  1.521ms calls(last=  1,win= 120,total=5091) (win 6.7% | avg 6.7% budget)
  frame.render.world.maze          win=  1.081ms avg=  1.081ms p95=  1.120ms max=  1.679ms calls(last=  1,win= 120,total=5091) (win 6.5% | avg 6.5% budget)
  frame.render.world.effects       win=  0.378ms avg=  0.378ms p95=  0.470ms max=  1.359ms calls(last=  1,win= 120,total=5091) (win 2.3% | avg 2.3% budget)
  frame.input_poll                 win=  0.027ms avg=  0.027ms p95=  0.028ms max=  0.132ms calls(last=  1,win= 120,total=5160) (win 0.2% | avg 0.2% budget)
  frame.fixed_step                 win=  0.003ms avg=  0.003ms p95=  0.003ms max= 15.052ms calls(last=  1,win= 123,total=5365) (win 0.0% | avg 0.0% budget)
  system.ai_update                 win=  0.000ms avg=  0.000ms p95=  0.000ms max= 11.623ms calls(last=  0,win=   0,total=4305) (win 0.0% | avg 0.0% budget)
  enemy.ai.perception              win=  0.000ms avg=  0.000ms p95=  0.000ms max=  0.023ms calls(last=  0,win=   0,total=1458) (win 0.0% | avg 0.0% budget)
  enemy.ai.decision                win=  0.000ms avg=  0.000ms p95=  0.000ms max=  1.186ms calls(last=  0,win=   0,total=1458) (win 0.0% | avg 0.0% budget)
  enemy.ai.movement                win=  0.000ms avg=  0.000ms p95=  0.000ms max=  0.698ms calls(last=  0,win=   0,total=1458) (win 0.0% | avg 0.0% budget)
  enemy.ai.firing                  win=  0.000ms avg=  0.000ms p95=  0.000ms max=  0.048ms calls(last=  0,win=   0,total=1458) (win 0.0% | avg 0.0% budget)
  game.update                      win=  0.000ms avg=  0.000ms p95=  0.000ms max= 11.813ms calls(last=  0,win=   0,total=4305) (win 0.0% | avg 0.0% budget)
  enemy.physics.frontal_collisions win=  0.000ms avg=  0.000ms p95=  0.000ms max=  1.982ms calls(last=  0,win=   0,total=459) (win 0.0% | avg 0.0% budget)
  enemy.physics.separation         win=  0.000ms avg=  0.000ms p95=  0.000ms max=  1.336ms calls(last=  0,win=   0,total=459) (win 0.0% | avg 0.0% budget)
  enemy.physics.frontal_grid_build win=  0.000ms avg=  0.000ms p95=  0.000ms max=  1.903ms calls(last=  0,win=   0,total=459) (win 0.0% | avg 0.0% budget)
  enemy.physics.frontal_pair_traverse win=  0.000ms avg=  0.000ms p95=  0.000ms max=  0.168ms calls(last=  0,win=   0,total=459) (win 0.0% | avg 0.0% budget)
  enemy.physics.separation_grid_build win=  0.000ms avg=  0.000ms p95=  0.000ms max=  1.249ms calls(last=  0,win=   0,total=459) (win 0.0% | avg 0.0% budget)
  enemy.physics.separation_pair_traverse win=  0.000ms avg=  0.000ms p95=  0.000ms max=  0.080ms calls(last=  0,win=   0,total=459) (win 0.0% | avg 0.0% budget)
  enemy.torpedo.select_heading     win=  0.000ms avg=  0.000ms p95=  0.000ms max=  0.911ms calls(last=  0,win=   0,total=14) (win 0.0% | avg 0.0% budget)
  enemy.cheap.segment_build        win=  0.000ms avg=  0.000ms p95=  0.000ms max=  2.907ms calls(last=  0,win=   0,total=34244) (win 0.0% | avg 0.0% budget)

[PROFILE] frame=5280 budget=16.667ms alloc(+0/-0, +0b/-0b, live=131304b peak=388400b)
  frame.total                      win= 16.903ms avg= 16.903ms p95= 17.209ms max= 82.940ms calls(last=  1,win= 120,total=5280) (win 101.4% | avg 101.4% budget)
  frame.render                     win= 16.863ms avg= 16.863ms p95= 17.170ms max= 82.902ms calls(last=  1,win= 120,total=5280) (win 101.2% | avg 101.2% budget)
  frame.present                    win= 16.856ms avg= 16.856ms p95= 17.163ms max= 82.894ms calls(last=  1,win= 120,total=5280) (win 101.1% | avg 101.1% budget)
  frame.render.world               win=  4.619ms avg=  9.237ms p95=  9.432ms max= 13.892ms calls(last=  2,win= 240,total=10422) (win 27.7% | avg 55.4% budget)
  frame.render.overlay             win=  2.062ms avg=  4.123ms p95=  4.755ms max=  5.258ms calls(last=  2,win= 240,total=6299) (win 12.4% | avg 24.7% budget)
  frame.render.world.enemies       win=  1.108ms avg=  1.108ms p95=  1.145ms max=  1.521ms calls(last=  1,win= 120,total=5211) (win 6.6% | avg 6.6% budget)
  frame.render.world.maze          win=  1.082ms avg=  1.082ms p95=  1.119ms max=  1.679ms calls(last=  1,win= 120,total=5211) (win 6.5% | avg 6.5% budget)
  frame.render.world.effects       win=  0.365ms avg=  0.365ms p95=  0.461ms max=  1.359ms calls(last=  1,win= 120,total=5211) (win 2.2% | avg 2.2% budget)
  frame.input_poll                 win=  0.027ms avg=  0.027ms p95=  0.028ms max=  0.132ms calls(last=  1,win= 120,total=5280) (win 0.2% | avg 0.2% budget)
  frame.fixed_step                 win=  0.003ms avg=  0.003ms p95=  0.003ms max= 15.052ms calls(last=  1,win= 122,total=5487) (win 0.0% | avg 0.0% budget)
  system.ai_update                 win=  0.000ms avg=  0.000ms p95=  0.000ms max= 11.623ms calls(last=  0,win=   0,total=4305) (win 0.0% | avg 0.0% budget)
  enemy.ai.perception              win=  0.000ms avg=  0.000ms p95=  0.000ms max=  0.023ms calls(last=  0,win=   0,total=1458) (win 0.0% | avg 0.0% budget)
  enemy.ai.decision                win=  0.000ms avg=  0.000ms p95=  0.000ms max=  1.186ms calls(last=  0,win=   0,total=1458) (win 0.0% | avg 0.0% budget)
  enemy.ai.movement                win=  0.000ms avg=  0.000ms p95=  0.000ms max=  0.698ms calls(last=  0,win=   0,total=1458) (win 0.0% | avg 0.0% budget)
  enemy.ai.firing                  win=  0.000ms avg=  0.000ms p95=  0.000ms max=  0.048ms calls(last=  0,win=   0,total=1458) (win 0.0% | avg 0.0% budget)
  game.update                      win=  0.000ms avg=  0.000ms p95=  0.000ms max= 11.813ms calls(last=  0,win=   0,total=4305) (win 0.0% | avg 0.0% budget)
  enemy.physics.frontal_collisions win=  0.000ms avg=  0.000ms p95=  0.000ms max=  1.982ms calls(last=  0,win=   0,total=459) (win 0.0% | avg 0.0% budget)
  enemy.physics.separation         win=  0.000ms avg=  0.000ms p95=  0.000ms max=  1.336ms calls(last=  0,win=   0,total=459) (win 0.0% | avg 0.0% budget)
  enemy.physics.frontal_grid_build win=  0.000ms avg=  0.000ms p95=  0.000ms max=  1.903ms calls(last=  0,win=   0,total=459) (win 0.0% | avg 0.0% budget)
  enemy.physics.frontal_pair_traverse win=  0.000ms avg=  0.000ms p95=  0.000ms max=  0.168ms calls(last=  0,win=   0,total=459) (win 0.0% | avg 0.0% budget)
  enemy.physics.separation_grid_build win=  0.000ms avg=  0.000ms p95=  0.000ms max=  1.249ms calls(last=  0,win=   0,total=459) (win 0.0% | avg 0.0% budget)
  enemy.physics.separation_pair_traverse win=  0.000ms avg=  0.000ms p95=  0.000ms max=  0.080ms calls(last=  0,win=   0,total=459) (win 0.0% | avg 0.0% budget)
  enemy.torpedo.select_heading     win=  0.000ms avg=  0.000ms p95=  0.000ms max=  0.911ms calls(last=  0,win=   0,total=14) (win 0.0% | avg 0.0% budget)
  enemy.cheap.segment_build        win=  0.000ms avg=  0.000ms p95=  0.000ms max=  2.907ms calls(last=  0,win=   0,total=34244) (win 0.0% | avg 0.0% budget)

[PROFILE] frame=5400 budget=16.667ms alloc(+0/-0, +0b/-0b, live=131304b peak=388400b)
  frame.total                      win= 16.912ms avg= 16.912ms p95= 17.339ms max= 82.940ms calls(last=  1,win= 120,total=5400) (win 101.5% | avg 101.5% budget)
  frame.render                     win= 16.872ms avg= 16.872ms p95= 17.300ms max= 82.902ms calls(last=  1,win= 120,total=5400) (win 101.2% | avg 101.2% budget)
  frame.present                    win= 16.865ms avg= 16.865ms p95= 17.294ms max= 82.894ms calls(last=  1,win= 120,total=5400) (win 101.2% | avg 101.2% budget)
  frame.render.world               win=  4.670ms avg=  9.340ms p95=  9.794ms max= 13.892ms calls(last=  2,win= 240,total=10662) (win 28.0% | avg 56.0% budget)
  frame.render.overlay             win=  2.074ms avg=  4.147ms p95=  4.767ms max=  5.258ms calls(last=  2,win= 240,total=6539) (win 12.4% | avg 24.9% budget)
  frame.render.world.enemies       win=  1.114ms avg=  1.114ms p95=  1.181ms max=  1.521ms calls(last=  1,win= 120,total=5331) (win 6.7% | avg 6.7% budget)
  frame.render.world.maze          win=  1.093ms avg=  1.093ms p95=  1.158ms max=  1.679ms calls(last=  1,win= 120,total=5331) (win 6.6% | avg 6.6% budget)
  frame.render.world.effects       win=  0.371ms avg=  0.371ms p95=  0.488ms max=  1.359ms calls(last=  1,win= 120,total=5331) (win 2.2% | avg 2.2% budget)
  frame.input_poll                 win=  0.027ms avg=  0.027ms p95=  0.028ms max=  0.132ms calls(last=  1,win= 120,total=5400) (win 0.2% | avg 0.2% budget)
  frame.fixed_step                 win=  0.003ms avg=  0.003ms p95=  0.003ms max= 15.052ms calls(last=  1,win= 123,total=5610) (win 0.0% | avg 0.0% budget)
  system.ai_update                 win=  0.000ms avg=  0.000ms p95=  0.000ms max= 11.623ms calls(last=  0,win=   0,total=4305) (win 0.0% | avg 0.0% budget)
  enemy.ai.perception              win=  0.000ms avg=  0.000ms p95=  0.000ms max=  0.023ms calls(last=  0,win=   0,total=1458) (win 0.0% | avg 0.0% budget)
  enemy.ai.decision                win=  0.000ms avg=  0.000ms p95=  0.000ms max=  1.186ms calls(last=  0,win=   0,total=1458) (win 0.0% | avg 0.0% budget)
  enemy.ai.movement                win=  0.000ms avg=  0.000ms p95=  0.000ms max=  0.698ms calls(last=  0,win=   0,total=1458) (win 0.0% | avg 0.0% budget)
  enemy.ai.firing                  win=  0.000ms avg=  0.000ms p95=  0.000ms max=  0.048ms calls(last=  0,win=   0,total=1458) (win 0.0% | avg 0.0% budget)
  game.update                      win=  0.000ms avg=  0.000ms p95=  0.000ms max= 11.813ms calls(last=  0,win=   0,total=4305) (win 0.0% | avg 0.0% budget)
  enemy.physics.frontal_collisions win=  0.000ms avg=  0.000ms p95=  0.000ms max=  1.982ms calls(last=  0,win=   0,total=459) (win 0.0% | avg 0.0% budget)
  enemy.physics.separation         win=  0.000ms avg=  0.000ms p95=  0.000ms max=  1.336ms calls(last=  0,win=   0,total=459) (win 0.0% | avg 0.0% budget)
  enemy.physics.frontal_grid_build win=  0.000ms avg=  0.000ms p95=  0.000ms max=  1.903ms calls(last=  0,win=   0,total=459) (win 0.0% | avg 0.0% budget)
  enemy.physics.frontal_pair_traverse win=  0.000ms avg=  0.000ms p95=  0.000ms max=  0.168ms calls(last=  0,win=   0,total=459) (win 0.0% | avg 0.0% budget)
  enemy.physics.separation_grid_build win=  0.000ms avg=  0.000ms p95=  0.000ms max=  1.249ms calls(last=  0,win=   0,total=459) (win 0.0% | avg 0.0% budget)
  enemy.physics.separation_pair_traverse win=  0.000ms avg=  0.000ms p95=  0.000ms max=  0.080ms calls(last=  0,win=   0,total=459) (win 0.0% | avg 0.0% budget)
  enemy.torpedo.select_heading     win=  0.000ms avg=  0.000ms p95=  0.000ms max=  0.911ms calls(last=  0,win=   0,total=14) (win 0.0% | avg 0.0% budget)
  enemy.cheap.segment_build        win=  0.000ms avg=  0.000ms p95=  0.000ms max=  2.907ms calls(last=  0,win=   0,total=34244) (win 0.0% | avg 0.0% budget)

[PROFILE] frame=5520 budget=16.667ms alloc(+0/-0, +0b/-0b, live=131304b peak=388400b)
  frame.total                      win= 16.915ms avg= 16.915ms p95= 17.275ms max= 82.940ms calls(last=  1,win= 120,total=5520) (win 101.5% | avg 101.5% budget)
  frame.render                     win= 16.876ms avg= 16.876ms p95= 17.238ms max= 82.902ms calls(last=  1,win= 120,total=5520) (win 101.3% | avg 101.3% budget)
  frame.present                    win= 16.868ms avg= 16.868ms p95= 17.230ms max= 82.894ms calls(last=  1,win= 120,total=5520) (win 101.2% | avg 101.2% budget)
  frame.render.world               win=  4.659ms avg=  9.319ms p95=  9.637ms max= 13.892ms calls(last=  2,win= 240,total=10902) (win 28.0% | avg 55.9% budget)
  frame.render.overlay             win=  2.071ms avg=  4.142ms p95=  4.796ms max=  5.258ms calls(last=  2,win= 240,total=6779) (win 12.4% | avg 24.9% budget)
  frame.render.world.enemies       win=  1.119ms avg=  1.119ms p95=  1.199ms max=  1.521ms calls(last=  1,win= 120,total=5451) (win 6.7% | avg 6.7% budget)
  frame.render.world.maze          win=  1.089ms avg=  1.089ms p95=  1.158ms max=  1.679ms calls(last=  1,win= 120,total=5451) (win 6.5% | avg 6.5% budget)
  frame.render.world.effects       win=  0.378ms avg=  0.378ms p95=  0.481ms max=  1.359ms calls(last=  1,win= 120,total=5451) (win 2.3% | avg 2.3% budget)
  frame.input_poll                 win=  0.027ms avg=  0.027ms p95=  0.028ms max=  0.132ms calls(last=  1,win= 120,total=5520) (win 0.2% | avg 0.2% budget)
  frame.fixed_step                 win=  0.003ms avg=  0.003ms p95=  0.003ms max= 15.052ms calls(last=  1,win= 122,total=5732) (win 0.0% | avg 0.0% budget)
  system.ai_update                 win=  0.000ms avg=  0.000ms p95=  0.000ms max= 11.623ms calls(last=  0,win=   0,total=4305) (win 0.0% | avg 0.0% budget)
  enemy.ai.perception              win=  0.000ms avg=  0.000ms p95=  0.000ms max=  0.023ms calls(last=  0,win=   0,total=1458) (win 0.0% | avg 0.0% budget)
  enemy.ai.decision                win=  0.000ms avg=  0.000ms p95=  0.000ms max=  1.186ms calls(last=  0,win=   0,total=1458) (win 0.0% | avg 0.0% budget)
  enemy.ai.movement                win=  0.000ms avg=  0.000ms p95=  0.000ms max=  0.698ms calls(last=  0,win=   0,total=1458) (win 0.0% | avg 0.0% budget)
  enemy.ai.firing                  win=  0.000ms avg=  0.000ms p95=  0.000ms max=  0.048ms calls(last=  0,win=   0,total=1458) (win 0.0% | avg 0.0% budget)
  game.update                      win=  0.000ms avg=  0.000ms p95=  0.000ms max= 11.813ms calls(last=  0,win=   0,total=4305) (win 0.0% | avg 0.0% budget)
  enemy.physics.frontal_collisions win=  0.000ms avg=  0.000ms p95=  0.000ms max=  1.982ms calls(last=  0,win=   0,total=459) (win 0.0% | avg 0.0% budget)
  enemy.physics.separation         win=  0.000ms avg=  0.000ms p95=  0.000ms max=  1.336ms calls(last=  0,win=   0,total=459) (win 0.0% | avg 0.0% budget)
  enemy.physics.frontal_grid_build win=  0.000ms avg=  0.000ms p95=  0.000ms max=  1.903ms calls(last=  0,win=   0,total=459) (win 0.0% | avg 0.0% budget)
  enemy.physics.frontal_pair_traverse win=  0.000ms avg=  0.000ms p95=  0.000ms max=  0.168ms calls(last=  0,win=   0,total=459) (win 0.0% | avg 0.0% budget)
  enemy.physics.separation_grid_build win=  0.000ms avg=  0.000ms p95=  0.000ms max=  1.249ms calls(last=  0,win=   0,total=459) (win 0.0% | avg 0.0% budget)
  enemy.physics.separation_pair_traverse win=  0.000ms avg=  0.000ms p95=  0.000ms max=  0.080ms calls(last=  0,win=   0,total=459) (win 0.0% | avg 0.0% budget)
  enemy.torpedo.select_heading     win=  0.000ms avg=  0.000ms p95=  0.000ms max=  0.911ms calls(last=  0,win=   0,total=14) (win 0.0% | avg 0.0% budget)
  enemy.cheap.segment_build        win=  0.000ms avg=  0.000ms p95=  0.000ms max=  2.907ms calls(last=  0,win=   0,total=34244) (win 0.0% | avg 0.0% budget)

[PROFILE] frame=5640 budget=16.667ms alloc(+0/-0, +0b/-0b, live=131304b peak=388400b)
  frame.total                      win= 16.917ms avg= 16.917ms p95= 17.360ms max= 82.940ms calls(last=  1,win= 120,total=5640) (win 101.5% | avg 101.5% budget)
  frame.render                     win= 16.878ms avg= 16.878ms p95= 17.321ms max= 82.902ms calls(last=  1,win= 120,total=5640) (win 101.3% | avg 101.3% budget)
  frame.present                    win= 16.870ms avg= 16.870ms p95= 17.314ms max= 82.894ms calls(last=  1,win= 120,total=5640) (win 101.2% | avg 101.2% budget)
  frame.render.world               win=  4.680ms avg=  9.360ms p95=  9.719ms max= 13.892ms calls(last=  2,win= 240,total=11142) (win 28.1% | avg 56.2% budget)
  frame.render.overlay             win=  2.098ms avg=  4.197ms p95=  4.819ms max=  5.258ms calls(last=  2,win= 240,total=7019) (win 12.6% | avg 25.2% budget)
  frame.render.world.enemies       win=  1.121ms avg=  1.121ms p95=  1.189ms max=  1.929ms calls(last=  1,win= 120,total=5571) (win 6.7% | avg 6.7% budget)
  frame.render.world.maze          win=  1.092ms avg=  1.092ms p95=  1.193ms max=  1.679ms calls(last=  1,win= 120,total=5571) (win 6.6% | avg 6.6% budget)
  frame.render.world.effects       win=  0.367ms avg=  0.367ms p95=  0.462ms max=  1.359ms calls(last=  1,win= 120,total=5571) (win 2.2% | avg 2.2% budget)
  frame.input_poll                 win=  0.028ms avg=  0.028ms p95=  0.029ms max=  0.132ms calls(last=  1,win= 120,total=5640) (win 0.2% | avg 0.2% budget)
  frame.fixed_step                 win=  0.003ms avg=  0.003ms p95=  0.003ms max= 15.052ms calls(last=  1,win= 123,total=5855) (win 0.0% | avg 0.0% budget)
  system.ai_update                 win=  0.000ms avg=  0.000ms p95=  0.000ms max= 11.623ms calls(last=  0,win=   0,total=4305) (win 0.0% | avg 0.0% budget)
  enemy.ai.perception              win=  0.000ms avg=  0.000ms p95=  0.000ms max=  0.023ms calls(last=  0,win=   0,total=1458) (win 0.0% | avg 0.0% budget)
  enemy.ai.decision                win=  0.000ms avg=  0.000ms p95=  0.000ms max=  1.186ms calls(last=  0,win=   0,total=1458) (win 0.0% | avg 0.0% budget)
  enemy.ai.movement                win=  0.000ms avg=  0.000ms p95=  0.000ms max=  0.698ms calls(last=  0,win=   0,total=1458) (win 0.0% | avg 0.0% budget)
  enemy.ai.firing                  win=  0.000ms avg=  0.000ms p95=  0.000ms max=  0.048ms calls(last=  0,win=   0,total=1458) (win 0.0% | avg 0.0% budget)
  game.update                      win=  0.000ms avg=  0.000ms p95=  0.000ms max= 11.813ms calls(last=  0,win=   0,total=4305) (win 0.0% | avg 0.0% budget)
  enemy.physics.frontal_collisions win=  0.000ms avg=  0.000ms p95=  0.000ms max=  1.982ms calls(last=  0,win=   0,total=459) (win 0.0% | avg 0.0% budget)
  enemy.physics.separation         win=  0.000ms avg=  0.000ms p95=  0.000ms max=  1.336ms calls(last=  0,win=   0,total=459) (win 0.0% | avg 0.0% budget)
  enemy.physics.frontal_grid_build win=  0.000ms avg=  0.000ms p95=  0.000ms max=  1.903ms calls(last=  0,win=   0,total=459) (win 0.0% | avg 0.0% budget)
  enemy.physics.frontal_pair_traverse win=  0.000ms avg=  0.000ms p95=  0.000ms max=  0.168ms calls(last=  0,win=   0,total=459) (win 0.0% | avg 0.0% budget)
  enemy.physics.separation_grid_build win=  0.000ms avg=  0.000ms p95=  0.000ms max=  1.249ms calls(last=  0,win=   0,total=459) (win 0.0% | avg 0.0% budget)
  enemy.physics.separation_pair_traverse win=  0.000ms avg=  0.000ms p95=  0.000ms max=  0.080ms calls(last=  0,win=   0,total=459) (win 0.0% | avg 0.0% budget)
  enemy.torpedo.select_heading     win=  0.000ms avg=  0.000ms p95=  0.000ms max=  0.911ms calls(last=  0,win=   0,total=14) (win 0.0% | avg 0.0% budget)
  enemy.cheap.segment_build        win=  0.000ms avg=  0.000ms p95=  0.000ms max=  2.907ms calls(last=  0,win=   0,total=34244) (win 0.0% | avg 0.0% budget)

[PROFILE] frame=5760 budget=16.667ms alloc(+0/-0, +0b/-0b, live=131304b peak=388400b)
  frame.total                      win= 16.911ms avg= 16.911ms p95= 17.286ms max= 82.940ms calls(last=  1,win= 120,total=5760) (win 101.5% | avg 101.5% budget)
  frame.render                     win= 16.871ms avg= 16.871ms p95= 17.246ms max= 82.902ms calls(last=  1,win= 120,total=5760) (win 101.2% | avg 101.2% budget)
  frame.present                    win= 16.864ms avg= 16.864ms p95= 17.239ms max= 82.894ms calls(last=  1,win= 120,total=5760) (win 101.2% | avg 101.2% budget)
  frame.render.world               win=  4.657ms avg=  9.314ms p95=  9.611ms max= 13.892ms calls(last=  2,win= 240,total=11382) (win 27.9% | avg 55.9% budget)
  frame.render.overlay             win=  2.069ms avg=  4.137ms p95=  4.818ms max=  5.258ms calls(last=  2,win= 240,total=7259) (win 12.4% | avg 24.8% budget)
  frame.render.world.enemies       win=  1.119ms avg=  1.119ms p95=  1.188ms max=  1.929ms calls(last=  1,win= 120,total=5691) (win 6.7% | avg 6.7% budget)
  frame.render.world.maze          win=  1.086ms avg=  1.086ms p95=  1.143ms max=  1.679ms calls(last=  1,win= 120,total=5691) (win 6.5% | avg 6.5% budget)
  frame.render.world.effects       win=  0.378ms avg=  0.378ms p95=  0.474ms max=  1.359ms calls(last=  1,win= 120,total=5691) (win 2.3% | avg 2.3% budget)
  frame.input_poll                 win=  0.027ms avg=  0.027ms p95=  0.028ms max=  0.132ms calls(last=  1,win= 120,total=5760) (win 0.2% | avg 0.2% budget)
  frame.fixed_step                 win=  0.003ms avg=  0.003ms p95=  0.003ms max= 15.052ms calls(last=  1,win= 122,total=5977) (win 0.0% | avg 0.0% budget)
  system.ai_update                 win=  0.000ms avg=  0.000ms p95=  0.000ms max= 11.623ms calls(last=  0,win=   0,total=4305) (win 0.0% | avg 0.0% budget)
  enemy.ai.perception              win=  0.000ms avg=  0.000ms p95=  0.000ms max=  0.023ms calls(last=  0,win=   0,total=1458) (win 0.0% | avg 0.0% budget)
  enemy.ai.decision                win=  0.000ms avg=  0.000ms p95=  0.000ms max=  1.186ms calls(last=  0,win=   0,total=1458) (win 0.0% | avg 0.0% budget)
  enemy.ai.movement                win=  0.000ms avg=  0.000ms p95=  0.000ms max=  0.698ms calls(last=  0,win=   0,total=1458) (win 0.0% | avg 0.0% budget)
  enemy.ai.firing                  win=  0.000ms avg=  0.000ms p95=  0.000ms max=  0.048ms calls(last=  0,win=   0,total=1458) (win 0.0% | avg 0.0% budget)
  game.update                      win=  0.000ms avg=  0.000ms p95=  0.000ms max= 11.813ms calls(last=  0,win=   0,total=4305) (win 0.0% | avg 0.0% budget)
  enemy.physics.frontal_collisions win=  0.000ms avg=  0.000ms p95=  0.000ms max=  1.982ms calls(last=  0,win=   0,total=459) (win 0.0% | avg 0.0% budget)
  enemy.physics.separation         win=  0.000ms avg=  0.000ms p95=  0.000ms max=  1.336ms calls(last=  0,win=   0,total=459) (win 0.0% | avg 0.0% budget)
  enemy.physics.frontal_grid_build win=  0.000ms avg=  0.000ms p95=  0.000ms max=  1.903ms calls(last=  0,win=   0,total=459) (win 0.0% | avg 0.0% budget)
  enemy.physics.frontal_pair_traverse win=  0.000ms avg=  0.000ms p95=  0.000ms max=  0.168ms calls(last=  0,win=   0,total=459) (win 0.0% | avg 0.0% budget)
  enemy.physics.separation_grid_build win=  0.000ms avg=  0.000ms p95=  0.000ms max=  1.249ms calls(last=  0,win=   0,total=459) (win 0.0% | avg 0.0% budget)
  enemy.physics.separation_pair_traverse win=  0.000ms avg=  0.000ms p95=  0.000ms max=  0.080ms calls(last=  0,win=   0,total=459) (win 0.0% | avg 0.0% budget)
  enemy.torpedo.select_heading     win=  0.000ms avg=  0.000ms p95=  0.000ms max=  0.911ms calls(last=  0,win=   0,total=14) (win 0.0% | avg 0.0% budget)
  enemy.cheap.segment_build        win=  0.000ms avg=  0.000ms p95=  0.000ms max=  2.907ms calls(last=  0,win=   0,total=34244) (win 0.0% | avg 0.0% budget)

[PROFILE] frame=5880 budget=16.667ms alloc(+0/-0, +0b/-0b, live=131304b peak=388400b)
  frame.total                      win= 16.921ms avg= 16.921ms p95= 17.372ms max= 82.940ms calls(last=  1,win= 120,total=5880) (win 101.5% | avg 101.5% budget)
  frame.render                     win= 16.882ms avg= 16.882ms p95= 17.333ms max= 82.902ms calls(last=  1,win= 120,total=5880) (win 101.3% | avg 101.3% budget)
  frame.present                    win= 16.875ms avg= 16.875ms p95= 17.326ms max= 82.894ms calls(last=  1,win= 120,total=5880) (win 101.3% | avg 101.3% budget)
  frame.render.world               win=  4.682ms avg=  9.365ms p95=  9.991ms max= 16.127ms calls(last=  2,win= 240,total=11622) (win 28.1% | avg 56.2% budget)
  frame.render.overlay             win=  2.068ms avg=  4.136ms p95=  4.773ms max=  5.258ms calls(last=  2,win= 240,total=7499) (win 12.4% | avg 24.8% budget)
  frame.render.world.enemies       win=  1.132ms avg=  1.132ms p95=  1.193ms max=  2.559ms calls(last=  1,win= 120,total=5811) (win 6.8% | avg 6.8% budget)
  frame.render.world.maze          win=  1.090ms avg=  1.090ms p95=  1.157ms max=  1.679ms calls(last=  1,win= 120,total=5811) (win 6.5% | avg 6.5% budget)
  frame.render.world.effects       win=  0.379ms avg=  0.379ms p95=  0.469ms max=  1.359ms calls(last=  1,win= 120,total=5811) (win 2.3% | avg 2.3% budget)
  frame.input_poll                 win=  0.027ms avg=  0.027ms p95=  0.028ms max=  0.132ms calls(last=  1,win= 120,total=5880) (win 0.2% | avg 0.2% budget)
  frame.fixed_step                 win=  0.003ms avg=  0.003ms p95=  0.003ms max= 15.052ms calls(last=  1,win= 123,total=6100) (win 0.0% | avg 0.0% budget)
  system.ai_update                 win=  0.000ms avg=  0.000ms p95=  0.000ms max= 11.623ms calls(last=  0,win=   0,total=4305) (win 0.0% | avg 0.0% budget)
  enemy.ai.perception              win=  0.000ms avg=  0.000ms p95=  0.000ms max=  0.023ms calls(last=  0,win=   0,total=1458) (win 0.0% | avg 0.0% budget)
  enemy.ai.decision                win=  0.000ms avg=  0.000ms p95=  0.000ms max=  1.186ms calls(last=  0,win=   0,total=1458) (win 0.0% | avg 0.0% budget)
  enemy.ai.movement                win=  0.000ms avg=  0.000ms p95=  0.000ms max=  0.698ms calls(last=  0,win=   0,total=1458) (win 0.0% | avg 0.0% budget)
  enemy.ai.firing                  win=  0.000ms avg=  0.000ms p95=  0.000ms max=  0.048ms calls(last=  0,win=   0,total=1458) (win 0.0% | avg 0.0% budget)
  game.update                      win=  0.000ms avg=  0.000ms p95=  0.000ms max= 11.813ms calls(last=  0,win=   0,total=4305) (win 0.0% | avg 0.0% budget)
  enemy.physics.frontal_collisions win=  0.000ms avg=  0.000ms p95=  0.000ms max=  1.982ms calls(last=  0,win=   0,total=459) (win 0.0% | avg 0.0% budget)
  enemy.physics.separation         win=  0.000ms avg=  0.000ms p95=  0.000ms max=  1.336ms calls(last=  0,win=   0,total=459) (win 0.0% | avg 0.0% budget)
  enemy.physics.frontal_grid_build win=  0.000ms avg=  0.000ms p95=  0.000ms max=  1.903ms calls(last=  0,win=   0,total=459) (win 0.0% | avg 0.0% budget)
  enemy.physics.frontal_pair_traverse win=  0.000ms avg=  0.000ms p95=  0.000ms max=  0.168ms calls(last=  0,win=   0,total=459) (win 0.0% | avg 0.0% budget)
  enemy.physics.separation_grid_build win=  0.000ms avg=  0.000ms p95=  0.000ms max=  1.249ms calls(last=  0,win=   0,total=459) (win 0.0% | avg 0.0% budget)
  enemy.physics.separation_pair_traverse win=  0.000ms avg=  0.000ms p95=  0.000ms max=  0.080ms calls(last=  0,win=   0,total=459) (win 0.0% | avg 0.0% budget)
  enemy.torpedo.select_heading     win=  0.000ms avg=  0.000ms p95=  0.000ms max=  0.911ms calls(last=  0,win=   0,total=14) (win 0.0% | avg 0.0% budget)
  enemy.cheap.segment_build        win=  0.000ms avg=  0.000ms p95=  0.000ms max=  2.907ms calls(last=  0,win=   0,total=34244) (win 0.0% | avg 0.0% budget)

[PROFILE] frame=6000 budget=16.667ms alloc(+0/-0, +0b/-0b, live=131304b peak=388400b)
  frame.total                      win= 16.913ms avg= 16.913ms p95= 17.309ms max= 82.940ms calls(last=  1,win= 120,total=6000) (win 101.5% | avg 101.5% budget)
  frame.render                     win= 16.874ms avg= 16.874ms p95= 17.271ms max= 82.902ms calls(last=  1,win= 120,total=6000) (win 101.2% | avg 101.2% budget)
  frame.present                    win= 16.867ms avg= 16.867ms p95= 17.264ms max= 82.894ms calls(last=  1,win= 120,total=6000) (win 101.2% | avg 101.2% budget)
  frame.render.world               win=  4.619ms avg=  9.239ms p95=  9.493ms max= 16.127ms calls(last=  2,win= 240,total=11862) (win 27.7% | avg 55.4% budget)
  frame.render.overlay             win=  2.061ms avg=  4.123ms p95=  4.757ms max=  5.258ms calls(last=  2,win= 240,total=7739) (win 12.4% | avg 24.7% budget)
  frame.render.world.enemies       win=  1.110ms avg=  1.110ms p95=  1.147ms max=  2.559ms calls(last=  1,win= 120,total=5931) (win 6.7% | avg 6.7% budget)
  frame.render.world.maze          win=  1.081ms avg=  1.081ms p95=  1.117ms max=  1.679ms calls(last=  1,win= 120,total=5931) (win 6.5% | avg 6.5% budget)
  frame.render.world.effects       win=  0.380ms avg=  0.380ms p95=  0.460ms max=  1.359ms calls(last=  1,win= 120,total=5931) (win 2.3% | avg 2.3% budget)
  frame.input_poll                 win=  0.027ms avg=  0.027ms p95=  0.028ms max=  0.132ms calls(last=  1,win= 120,total=6000) (win 0.2% | avg 0.2% budget)
  frame.fixed_step                 win=  0.003ms avg=  0.003ms p95=  0.003ms max= 15.052ms calls(last=  1,win= 122,total=6222) (win 0.0% | avg 0.0% budget)
  system.ai_update                 win=  0.000ms avg=  0.000ms p95=  0.000ms max= 11.623ms calls(last=  0,win=   0,total=4305) (win 0.0% | avg 0.0% budget)
  enemy.ai.perception              win=  0.000ms avg=  0.000ms p95=  0.000ms max=  0.023ms calls(last=  0,win=   0,total=1458) (win 0.0% | avg 0.0% budget)
  enemy.ai.decision                win=  0.000ms avg=  0.000ms p95=  0.000ms max=  1.186ms calls(last=  0,win=   0,total=1458) (win 0.0% | avg 0.0% budget)
  enemy.ai.movement                win=  0.000ms avg=  0.000ms p95=  0.000ms max=  0.698ms calls(last=  0,win=   0,total=1458) (win 0.0% | avg 0.0% budget)
  enemy.ai.firing                  win=  0.000ms avg=  0.000ms p95=  0.000ms max=  0.048ms calls(last=  0,win=   0,total=1458) (win 0.0% | avg 0.0% budget)
  game.update                      win=  0.000ms avg=  0.000ms p95=  0.000ms max= 11.813ms calls(last=  0,win=   0,total=4305) (win 0.0% | avg 0.0% budget)
  enemy.physics.frontal_collisions win=  0.000ms avg=  0.000ms p95=  0.000ms max=  1.982ms calls(last=  0,win=   0,total=459) (win 0.0% | avg 0.0% budget)
  enemy.physics.separation         win=  0.000ms avg=  0.000ms p95=  0.000ms max=  1.336ms calls(last=  0,win=   0,total=459) (win 0.0% | avg 0.0% budget)
  enemy.physics.frontal_grid_build win=  0.000ms avg=  0.000ms p95=  0.000ms max=  1.903ms calls(last=  0,win=   0,total=459) (win 0.0% | avg 0.0% budget)
  enemy.physics.frontal_pair_traverse win=  0.000ms avg=  0.000ms p95=  0.000ms max=  0.168ms calls(last=  0,win=   0,total=459) (win 0.0% | avg 0.0% budget)
  enemy.physics.separation_grid_build win=  0.000ms avg=  0.000ms p95=  0.000ms max=  1.249ms calls(last=  0,win=   0,total=459) (win 0.0% | avg 0.0% budget)
  enemy.physics.separation_pair_traverse win=  0.000ms avg=  0.000ms p95=  0.000ms max=  0.080ms calls(last=  0,win=   0,total=459) (win 0.0% | avg 0.0% budget)
  enemy.torpedo.select_heading     win=  0.000ms avg=  0.000ms p95=  0.000ms max=  0.911ms calls(last=  0,win=   0,total=14) (win 0.0% | avg 0.0% budget)
  enemy.cheap.segment_build        win=  0.000ms avg=  0.000ms p95=  0.000ms max=  2.907ms calls(last=  0,win=   0,total=34244) (win 0.0% | avg 0.0% budget)

[PROFILE] frame=6120 budget=16.667ms alloc(+0/-0, +0b/-0b, live=131304b peak=388400b)
  frame.total                      win= 16.902ms avg= 16.902ms p95= 17.342ms max= 82.940ms calls(last=  1,win= 120,total=6120) (win 101.4% | avg 101.4% budget)
  frame.render                     win= 16.862ms avg= 16.862ms p95= 17.303ms max= 82.902ms calls(last=  1,win= 120,total=6120) (win 101.2% | avg 101.2% budget)
  frame.present                    win= 16.855ms avg= 16.855ms p95= 17.297ms max= 82.894ms calls(last=  1,win= 120,total=6120) (win 101.1% | avg 101.1% budget)
  frame.render.world               win=  4.636ms avg=  9.272ms p95=  9.596ms max= 16.127ms calls(last=  2,win= 240,total=12102) (win 27.8% | avg 55.6% budget)
  frame.render.overlay             win=  2.075ms avg=  4.150ms p95=  4.779ms max=  5.258ms calls(last=  2,win= 240,total=7979) (win 12.4% | avg 24.9% budget)
  frame.render.world.enemies       win=  1.116ms avg=  1.116ms p95=  1.204ms max=  2.559ms calls(last=  1,win= 120,total=6051) (win 6.7% | avg 6.7% budget)
  frame.render.world.maze          win=  1.090ms avg=  1.090ms p95=  1.174ms max=  1.679ms calls(last=  1,win= 120,total=6051) (win 6.5% | avg 6.5% budget)
  frame.render.world.effects       win=  0.366ms avg=  0.366ms p95=  0.472ms max=  1.359ms calls(last=  1,win= 120,total=6051) (win 2.2% | avg 2.2% budget)
  frame.input_poll                 win=  0.027ms avg=  0.027ms p95=  0.028ms max=  0.132ms calls(last=  1,win= 120,total=6120) (win 0.2% | avg 0.2% budget)
  frame.fixed_step                 win=  0.003ms avg=  0.003ms p95=  0.003ms max= 15.052ms calls(last=  2,win= 123,total=6345) (win 0.0% | avg 0.0% budget)
  system.ai_update                 win=  0.000ms avg=  0.000ms p95=  0.000ms max= 11.623ms calls(last=  0,win=   0,total=4305) (win 0.0% | avg 0.0% budget)
  enemy.ai.perception              win=  0.000ms avg=  0.000ms p95=  0.000ms max=  0.023ms calls(last=  0,win=   0,total=1458) (win 0.0% | avg 0.0% budget)
  enemy.ai.decision                win=  0.000ms avg=  0.000ms p95=  0.000ms max=  1.186ms calls(last=  0,win=   0,total=1458) (win 0.0% | avg 0.0% budget)
  enemy.ai.movement                win=  0.000ms avg=  0.000ms p95=  0.000ms max=  0.698ms calls(last=  0,win=   0,total=1458) (win 0.0% | avg 0.0% budget)
  enemy.ai.firing                  win=  0.000ms avg=  0.000ms p95=  0.000ms max=  0.048ms calls(last=  0,win=   0,total=1458) (win 0.0% | avg 0.0% budget)
  game.update                      win=  0.000ms avg=  0.000ms p95=  0.000ms max= 11.813ms calls(last=  0,win=   0,total=4305) (win 0.0% | avg 0.0% budget)
  enemy.physics.frontal_collisions win=  0.000ms avg=  0.000ms p95=  0.000ms max=  1.982ms calls(last=  0,win=   0,total=459) (win 0.0% | avg 0.0% budget)
  enemy.physics.separation         win=  0.000ms avg=  0.000ms p95=  0.000ms max=  1.336ms calls(last=  0,win=   0,total=459) (win 0.0% | avg 0.0% budget)
  enemy.physics.frontal_grid_build win=  0.000ms avg=  0.000ms p95=  0.000ms max=  1.903ms calls(last=  0,win=   0,total=459) (win 0.0% | avg 0.0% budget)
  enemy.physics.frontal_pair_traverse win=  0.000ms avg=  0.000ms p95=  0.000ms max=  0.168ms calls(last=  0,win=   0,total=459) (win 0.0% | avg 0.0% budget)
  enemy.physics.separation_grid_build win=  0.000ms avg=  0.000ms p95=  0.000ms max=  1.249ms calls(last=  0,win=   0,total=459) (win 0.0% | avg 0.0% budget)
  enemy.physics.separation_pair_traverse win=  0.000ms avg=  0.000ms p95=  0.000ms max=  0.080ms calls(last=  0,win=   0,total=459) (win 0.0% | avg 0.0% budget)
  enemy.torpedo.select_heading     win=  0.000ms avg=  0.000ms p95=  0.000ms max=  0.911ms calls(last=  0,win=   0,total=14) (win 0.0% | avg 0.0% budget)
  enemy.cheap.segment_build        win=  0.000ms avg=  0.000ms p95=  0.000ms max=  2.907ms calls(last=  0,win=   0,total=34244) (win 0.0% | avg 0.0% budget)

[PROFILE] frame=6240 budget=16.667ms alloc(+0/-0, +0b/-0b, live=131304b peak=388400b)
  frame.total                      win= 16.936ms avg= 16.936ms p95= 17.356ms max= 82.940ms calls(last=  1,win= 120,total=6240) (win 101.6% | avg 101.6% budget)
  frame.render                     win= 16.897ms avg= 16.897ms p95= 17.319ms max= 82.902ms calls(last=  1,win= 120,total=6240) (win 101.4% | avg 101.4% budget)
  frame.present                    win= 16.890ms avg= 16.890ms p95= 17.312ms max= 82.894ms calls(last=  1,win= 120,total=6240) (win 101.3% | avg 101.3% budget)
  frame.render.world               win=  4.693ms avg=  9.385ms p95= 10.157ms max= 16.127ms calls(last=  2,win= 240,total=12342) (win 28.2% | avg 56.3% budget)
  frame.render.overlay             win=  2.081ms avg=  4.163ms p95=  4.776ms max=  6.470ms calls(last=  2,win= 240,total=8219) (win 12.5% | avg 25.0% budget)
  frame.render.world.enemies       win=  1.124ms avg=  1.124ms p95=  1.226ms max=  2.559ms calls(last=  1,win= 120,total=6171) (win 6.7% | avg 6.7% budget)
  frame.render.world.maze          win=  1.110ms avg=  1.110ms p95=  1.347ms max=  1.679ms calls(last=  1,win= 120,total=6171) (win 6.7% | avg 6.7% budget)
  frame.render.world.effects       win=  0.380ms avg=  0.380ms p95=  0.465ms max=  1.359ms calls(last=  1,win= 120,total=6171) (win 2.3% | avg 2.3% budget)
  frame.input_poll                 win=  0.027ms avg=  0.027ms p95=  0.028ms max=  0.132ms calls(last=  1,win= 120,total=6240) (win 0.2% | avg 0.2% budget)
  frame.fixed_step                 win=  0.003ms avg=  0.003ms p95=  0.003ms max= 15.052ms calls(last=  1,win= 122,total=6467) (win 0.0% | avg 0.0% budget)
  system.ai_update                 win=  0.000ms avg=  0.000ms p95=  0.000ms max= 11.623ms calls(last=  0,win=   0,total=4305) (win 0.0% | avg 0.0% budget)
  enemy.ai.perception              win=  0.000ms avg=  0.000ms p95=  0.000ms max=  0.023ms calls(last=  0,win=   0,total=1458) (win 0.0% | avg 0.0% budget)
  enemy.ai.decision                win=  0.000ms avg=  0.000ms p95=  0.000ms max=  1.186ms calls(last=  0,win=   0,total=1458) (win 0.0% | avg 0.0% budget)
  enemy.ai.movement                win=  0.000ms avg=  0.000ms p95=  0.000ms max=  0.698ms calls(last=  0,win=   0,total=1458) (win 0.0% | avg 0.0% budget)
  enemy.ai.firing                  win=  0.000ms avg=  0.000ms p95=  0.000ms max=  0.048ms calls(last=  0,win=   0,total=1458) (win 0.0% | avg 0.0% budget)
  game.update                      win=  0.000ms avg=  0.000ms p95=  0.000ms max= 11.813ms calls(last=  0,win=   0,total=4305) (win 0.0% | avg 0.0% budget)
  enemy.physics.frontal_collisions win=  0.000ms avg=  0.000ms p95=  0.000ms max=  1.982ms calls(last=  0,win=   0,total=459) (win 0.0% | avg 0.0% budget)
  enemy.physics.separation         win=  0.000ms avg=  0.000ms p95=  0.000ms max=  1.336ms calls(last=  0,win=   0,total=459) (win 0.0% | avg 0.0% budget)
  enemy.physics.frontal_grid_build win=  0.000ms avg=  0.000ms p95=  0.000ms max=  1.903ms calls(last=  0,win=   0,total=459) (win 0.0% | avg 0.0% budget)
  enemy.physics.frontal_pair_traverse win=  0.000ms avg=  0.000ms p95=  0.000ms max=  0.168ms calls(last=  0,win=   0,total=459) (win 0.0% | avg 0.0% budget)
  enemy.physics.separation_grid_build win=  0.000ms avg=  0.000ms p95=  0.000ms max=  1.249ms calls(last=  0,win=   0,total=459) (win 0.0% | avg 0.0% budget)
  enemy.physics.separation_pair_traverse win=  0.000ms avg=  0.000ms p95=  0.000ms max=  0.080ms calls(last=  0,win=   0,total=459) (win 0.0% | avg 0.0% budget)
  enemy.torpedo.select_heading     win=  0.000ms avg=  0.000ms p95=  0.000ms max=  0.911ms calls(last=  0,win=   0,total=14) (win 0.0% | avg 0.0% budget)
  enemy.cheap.segment_build        win=  0.000ms avg=  0.000ms p95=  0.000ms max=  2.907ms calls(last=  0,win=   0,total=34244) (win 0.0% | avg 0.0% budget)

[PROFILE] frame=6360 budget=16.667ms alloc(+0/-0, +0b/-0b, live=131304b peak=388400b)
  frame.total                      win= 16.905ms avg= 16.905ms p95= 17.333ms max= 82.940ms calls(last=  1,win= 120,total=6360) (win 101.4% | avg 101.4% budget)
  frame.render                     win= 16.865ms avg= 16.865ms p95= 17.295ms max= 82.902ms calls(last=  1,win= 120,total=6360) (win 101.2% | avg 101.2% budget)
  frame.present                    win= 16.858ms avg= 16.858ms p95= 17.288ms max= 82.894ms calls(last=  1,win= 120,total=6360) (win 101.2% | avg 101.2% budget)
  frame.render.world               win=  4.638ms avg=  9.276ms p95=  9.602ms max= 16.127ms calls(last=  2,win= 240,total=12582) (win 27.8% | avg 55.7% budget)
  frame.render.overlay             win=  2.070ms avg=  4.141ms p95=  4.759ms max=  6.470ms calls(last=  2,win= 240,total=8459) (win 12.4% | avg 24.8% budget)
  frame.render.world.enemies       win=  1.114ms avg=  1.114ms p95=  1.153ms max=  2.559ms calls(last=  1,win= 120,total=6291) (win 6.7% | avg 6.7% budget)
  frame.render.world.maze          win=  1.088ms avg=  1.088ms p95=  1.162ms max=  1.679ms calls(last=  1,win= 120,total=6291) (win 6.5% | avg 6.5% budget)
  frame.render.world.effects       win=  0.375ms avg=  0.375ms p95=  0.476ms max=  1.359ms calls(last=  1,win= 120,total=6291) (win 2.3% | avg 2.3% budget)
  frame.input_poll                 win=  0.027ms avg=  0.027ms p95=  0.028ms max=  0.132ms calls(last=  1,win= 120,total=6360) (win 0.2% | avg 0.2% budget)
  frame.fixed_step                 win=  0.003ms avg=  0.003ms p95=  0.003ms max= 15.052ms calls(last=  1,win= 123,total=6590) (win 0.0% | avg 0.0% budget)
  system.ai_update                 win=  0.000ms avg=  0.000ms p95=  0.000ms max= 11.623ms calls(last=  0,win=   0,total=4305) (win 0.0% | avg 0.0% budget)
  enemy.ai.perception              win=  0.000ms avg=  0.000ms p95=  0.000ms max=  0.023ms calls(last=  0,win=   0,total=1458) (win 0.0% | avg 0.0% budget)
  enemy.ai.decision                win=  0.000ms avg=  0.000ms p95=  0.000ms max=  1.186ms calls(last=  0,win=   0,total=1458) (win 0.0% | avg 0.0% budget)
  enemy.ai.movement                win=  0.000ms avg=  0.000ms p95=  0.000ms max=  0.698ms calls(last=  0,win=   0,total=1458) (win 0.0% | avg 0.0% budget)
  enemy.ai.firing                  win=  0.000ms avg=  0.000ms p95=  0.000ms max=  0.048ms calls(last=  0,win=   0,total=1458) (win 0.0% | avg 0.0% budget)
  game.update                      win=  0.000ms avg=  0.000ms p95=  0.000ms max= 11.813ms calls(last=  0,win=   0,total=4305) (win 0.0% | avg 0.0% budget)
  enemy.physics.frontal_collisions win=  0.000ms avg=  0.000ms p95=  0.000ms max=  1.982ms calls(last=  0,win=   0,total=459) (win 0.0% | avg 0.0% budget)
  enemy.physics.separation         win=  0.000ms avg=  0.000ms p95=  0.000ms max=  1.336ms calls(last=  0,win=   0,total=459) (win 0.0% | avg 0.0% budget)
  enemy.physics.frontal_grid_build win=  0.000ms avg=  0.000ms p95=  0.000ms max=  1.903ms calls(last=  0,win=   0,total=459) (win 0.0% | avg 0.0% budget)
  enemy.physics.frontal_pair_traverse win=  0.000ms avg=  0.000ms p95=  0.000ms max=  0.168ms calls(last=  0,win=   0,total=459) (win 0.0% | avg 0.0% budget)
  enemy.physics.separation_grid_build win=  0.000ms avg=  0.000ms p95=  0.000ms max=  1.249ms calls(last=  0,win=   0,total=459) (win 0.0% | avg 0.0% budget)
  enemy.physics.separation_pair_traverse win=  0.000ms avg=  0.000ms p95=  0.000ms max=  0.080ms calls(last=  0,win=   0,total=459) (win 0.0% | avg 0.0% budget)
  enemy.torpedo.select_heading     win=  0.000ms avg=  0.000ms p95=  0.000ms max=  0.911ms calls(last=  0,win=   0,total=14) (win 0.0% | avg 0.0% budget)
  enemy.cheap.segment_build        win=  0.000ms avg=  0.000ms p95=  0.000ms max=  2.907ms calls(last=  0,win=   0,total=34244) (win 0.0% | avg 0.0% budget)

[PROFILE] frame=6480 budget=16.667ms alloc(+0/-0, +0b/-0b, live=131304b peak=388400b)
  frame.total                      win= 16.920ms avg= 16.920ms p95= 17.411ms max= 82.940ms calls(last=  1,win= 120,total=6480) (win 101.5% | avg 101.5% budget)
  frame.render                     win= 16.881ms avg= 16.881ms p95= 17.372ms max= 82.902ms calls(last=  1,win= 120,total=6480) (win 101.3% | avg 101.3% budget)
  frame.present                    win= 16.874ms avg= 16.874ms p95= 17.366ms max= 82.894ms calls(last=  1,win= 120,total=6480) (win 101.2% | avg 101.2% budget)
  frame.render.world               win=  4.638ms avg=  9.275ms p95=  9.511ms max= 16.127ms calls(last=  2,win= 240,total=12822) (win 27.8% | avg 55.7% budget)
  frame.render.overlay             win=  2.067ms avg=  4.135ms p95=  4.751ms max=  6.470ms calls(last=  2,win= 240,total=8699) (win 12.4% | avg 24.8% budget)
  frame.render.world.enemies       win=  1.113ms avg=  1.113ms p95=  1.171ms max=  2.559ms calls(last=  1,win= 120,total=6411) (win 6.7% | avg 6.7% budget)
  frame.render.world.maze          win=  1.089ms avg=  1.089ms p95=  1.154ms max=  1.679ms calls(last=  1,win= 120,total=6411) (win 6.5% | avg 6.5% budget)
  frame.render.world.effects       win=  0.379ms avg=  0.379ms p95=  0.466ms max=  1.359ms calls(last=  1,win= 120,total=6411) (win 2.3% | avg 2.3% budget)
  frame.input_poll                 win=  0.027ms avg=  0.027ms p95=  0.028ms max=  0.132ms calls(last=  1,win= 120,total=6480) (win 0.2% | avg 0.2% budget)
  frame.fixed_step                 win=  0.003ms avg=  0.003ms p95=  0.003ms max= 15.052ms calls(last=  1,win= 122,total=6712) (win 0.0% | avg 0.0% budget)
  system.ai_update                 win=  0.000ms avg=  0.000ms p95=  0.000ms max= 11.623ms calls(last=  0,win=   0,total=4305) (win 0.0% | avg 0.0% budget)
  enemy.ai.perception              win=  0.000ms avg=  0.000ms p95=  0.000ms max=  0.023ms calls(last=  0,win=   0,total=1458) (win 0.0% | avg 0.0% budget)
  enemy.ai.decision                win=  0.000ms avg=  0.000ms p95=  0.000ms max=  1.186ms calls(last=  0,win=   0,total=1458) (win 0.0% | avg 0.0% budget)
  enemy.ai.movement                win=  0.000ms avg=  0.000ms p95=  0.000ms max=  0.698ms calls(last=  0,win=   0,total=1458) (win 0.0% | avg 0.0% budget)
  enemy.ai.firing                  win=  0.000ms avg=  0.000ms p95=  0.000ms max=  0.048ms calls(last=  0,win=   0,total=1458) (win 0.0% | avg 0.0% budget)
  game.update                      win=  0.000ms avg=  0.000ms p95=  0.000ms max= 11.813ms calls(last=  0,win=   0,total=4305) (win 0.0% | avg 0.0% budget)
  enemy.physics.frontal_collisions win=  0.000ms avg=  0.000ms p95=  0.000ms max=  1.982ms calls(last=  0,win=   0,total=459) (win 0.0% | avg 0.0% budget)
  enemy.physics.separation         win=  0.000ms avg=  0.000ms p95=  0.000ms max=  1.336ms calls(last=  0,win=   0,total=459) (win 0.0% | avg 0.0% budget)
  enemy.physics.frontal_grid_build win=  0.000ms avg=  0.000ms p95=  0.000ms max=  1.903ms calls(last=  0,win=   0,total=459) (win 0.0% | avg 0.0% budget)
  enemy.physics.frontal_pair_traverse win=  0.000ms avg=  0.000ms p95=  0.000ms max=  0.168ms calls(last=  0,win=   0,total=459) (win 0.0% | avg 0.0% budget)
  enemy.physics.separation_grid_build win=  0.000ms avg=  0.000ms p95=  0.000ms max=  1.249ms calls(last=  0,win=   0,total=459) (win 0.0% | avg 0.0% budget)
  enemy.physics.separation_pair_traverse win=  0.000ms avg=  0.000ms p95=  0.000ms max=  0.080ms calls(last=  0,win=   0,total=459) (win 0.0% | avg 0.0% budget)
  enemy.torpedo.select_heading     win=  0.000ms avg=  0.000ms p95=  0.000ms max=  0.911ms calls(last=  0,win=   0,total=14) (win 0.0% | avg 0.0% budget)
  enemy.cheap.segment_build        win=  0.000ms avg=  0.000ms p95=  0.000ms max=  2.907ms calls(last=  0,win=   0,total=34244) (win 0.0% | avg 0.0% budget)

[PROFILE] frame=6600 budget=16.667ms alloc(+0/-0, +0b/-0b, live=131304b peak=388400b)
  frame.total                      win= 16.918ms avg= 16.918ms p95= 17.182ms max= 82.940ms calls(last=  1,win= 120,total=6600) (win 101.5% | avg 101.5% budget)
  frame.render                     win= 16.878ms avg= 16.878ms p95= 17.142ms max= 82.902ms calls(last=  1,win= 120,total=6600) (win 101.3% | avg 101.3% budget)
  frame.present                    win= 16.871ms avg= 16.871ms p95= 17.136ms max= 82.894ms calls(last=  1,win= 120,total=6600) (win 101.2% | avg 101.2% budget)
  frame.render.world               win=  4.624ms avg=  9.248ms p95=  9.481ms max= 16.127ms calls(last=  2,win= 240,total=13062) (win 27.7% | avg 55.5% budget)
  frame.render.overlay             win=  2.058ms avg=  4.116ms p95=  4.740ms max=  6.470ms calls(last=  2,win= 240,total=8939) (win 12.3% | avg 24.7% budget)
  frame.render.world.enemies       win=  1.111ms avg=  1.111ms p95=  1.146ms max=  2.559ms calls(last=  1,win= 120,total=6531) (win 6.7% | avg 6.7% budget)
  frame.render.world.maze          win=  1.081ms avg=  1.081ms p95=  1.118ms max=  1.679ms calls(last=  1,win= 120,total=6531) (win 6.5% | avg 6.5% budget)
  frame.render.world.effects       win=  0.385ms avg=  0.385ms p95=  0.468ms max=  1.359ms calls(last=  1,win= 120,total=6531) (win 2.3% | avg 2.3% budget)
  frame.input_poll                 win=  0.027ms avg=  0.027ms p95=  0.029ms max=  0.132ms calls(last=  1,win= 120,total=6600) (win 0.2% | avg 0.2% budget)
  frame.fixed_step                 win=  0.003ms avg=  0.003ms p95=  0.003ms max= 15.052ms calls(last=  1,win= 122,total=6834) (win 0.0% | avg 0.0% budget)
  system.ai_update                 win=  0.000ms avg=  0.000ms p95=  0.000ms max= 11.623ms calls(last=  0,win=   0,total=4305) (win 0.0% | avg 0.0% budget)
  enemy.ai.perception              win=  0.000ms avg=  0.000ms p95=  0.000ms max=  0.023ms calls(last=  0,win=   0,total=1458) (win 0.0% | avg 0.0% budget)
  enemy.ai.decision                win=  0.000ms avg=  0.000ms p95=  0.000ms max=  1.186ms calls(last=  0,win=   0,total=1458) (win 0.0% | avg 0.0% budget)
  enemy.ai.movement                win=  0.000ms avg=  0.000ms p95=  0.000ms max=  0.698ms calls(last=  0,win=   0,total=1458) (win 0.0% | avg 0.0% budget)
  enemy.ai.firing                  win=  0.000ms avg=  0.000ms p95=  0.000ms max=  0.048ms calls(last=  0,win=   0,total=1458) (win 0.0% | avg 0.0% budget)
  game.update                      win=  0.000ms avg=  0.000ms p95=  0.000ms max= 11.813ms calls(last=  0,win=   0,total=4305) (win 0.0% | avg 0.0% budget)
  enemy.physics.frontal_collisions win=  0.000ms avg=  0.000ms p95=  0.000ms max=  1.982ms calls(last=  0,win=   0,total=459) (win 0.0% | avg 0.0% budget)
  enemy.physics.separation         win=  0.000ms avg=  0.000ms p95=  0.000ms max=  1.336ms calls(last=  0,win=   0,total=459) (win 0.0% | avg 0.0% budget)
  enemy.physics.frontal_grid_build win=  0.000ms avg=  0.000ms p95=  0.000ms max=  1.903ms calls(last=  0,win=   0,total=459) (win 0.0% | avg 0.0% budget)
  enemy.physics.frontal_pair_traverse win=  0.000ms avg=  0.000ms p95=  0.000ms max=  0.168ms calls(last=  0,win=   0,total=459) (win 0.0% | avg 0.0% budget)
  enemy.physics.separation_grid_build win=  0.000ms avg=  0.000ms p95=  0.000ms max=  1.249ms calls(last=  0,win=   0,total=459) (win 0.0% | avg 0.0% budget)
  enemy.physics.separation_pair_traverse win=  0.000ms avg=  0.000ms p95=  0.000ms max=  0.080ms calls(last=  0,win=   0,total=459) (win 0.0% | avg 0.0% budget)
  enemy.torpedo.select_heading     win=  0.000ms avg=  0.000ms p95=  0.000ms max=  0.911ms calls(last=  0,win=   0,total=14) (win 0.0% | avg 0.0% budget)
  enemy.cheap.segment_build        win=  0.000ms avg=  0.000ms p95=  0.000ms max=  2.907ms calls(last=  0,win=   0,total=34244) (win 0.0% | avg 0.0% budget)

[PROFILE] frame=6720 budget=16.667ms alloc(+0/-0, +0b/-0b, live=131304b peak=388400b)
  frame.total                      win= 16.924ms avg= 16.924ms p95= 17.408ms max= 82.940ms calls(last=  1,win= 120,total=6720) (win 101.5% | avg 101.5% budget)
  frame.render                     win= 16.885ms avg= 16.885ms p95= 17.369ms max= 82.902ms calls(last=  1,win= 120,total=6720) (win 101.3% | avg 101.3% budget)
  frame.present                    win= 16.877ms avg= 16.877ms p95= 17.361ms max= 82.894ms calls(last=  1,win= 120,total=6720) (win 101.3% | avg 101.3% budget)
  frame.render.world               win=  4.690ms avg=  9.380ms p95=  9.745ms max= 16.906ms calls(last=  2,win= 240,total=13302) (win 28.1% | avg 56.3% budget)
  frame.render.overlay             win=  2.078ms avg=  4.155ms p95=  4.860ms max=  6.470ms calls(last=  2,win= 240,total=9179) (win 12.5% | avg 24.9% budget)
  frame.render.world.enemies       win=  1.132ms avg=  1.132ms p95=  1.241ms max=  2.615ms calls(last=  1,win= 120,total=6651) (win 6.8% | avg 6.8% budget)
  frame.render.world.maze          win=  1.109ms avg=  1.109ms p95=  1.199ms max=  3.168ms calls(last=  1,win= 120,total=6651) (win 6.7% | avg 6.7% budget)
  frame.render.world.effects       win=  0.368ms avg=  0.368ms p95=  0.463ms max=  1.359ms calls(last=  1,win= 120,total=6651) (win 2.2% | avg 2.2% budget)
  frame.input_poll                 win=  0.027ms avg=  0.027ms p95=  0.028ms max=  0.132ms calls(last=  1,win= 120,total=6720) (win 0.2% | avg 0.2% budget)
  frame.fixed_step                 win=  0.003ms avg=  0.003ms p95=  0.003ms max= 15.052ms calls(last=  1,win= 123,total=6957) (win 0.0% | avg 0.0% budget)
  system.ai_update                 win=  0.000ms avg=  0.000ms p95=  0.000ms max= 11.623ms calls(last=  0,win=   0,total=4305) (win 0.0% | avg 0.0% budget)
  enemy.ai.perception              win=  0.000ms avg=  0.000ms p95=  0.000ms max=  0.023ms calls(last=  0,win=   0,total=1458) (win 0.0% | avg 0.0% budget)
  enemy.ai.decision                win=  0.000ms avg=  0.000ms p95=  0.000ms max=  1.186ms calls(last=  0,win=   0,total=1458) (win 0.0% | avg 0.0% budget)
  enemy.ai.movement                win=  0.000ms avg=  0.000ms p95=  0.000ms max=  0.698ms calls(last=  0,win=   0,total=1458) (win 0.0% | avg 0.0% budget)
  enemy.ai.firing                  win=  0.000ms avg=  0.000ms p95=  0.000ms max=  0.048ms calls(last=  0,win=   0,total=1458) (win 0.0% | avg 0.0% budget)
  game.update                      win=  0.000ms avg=  0.000ms p95=  0.000ms max= 11.813ms calls(last=  0,win=   0,total=4305) (win 0.0% | avg 0.0% budget)
  enemy.physics.frontal_collisions win=  0.000ms avg=  0.000ms p95=  0.000ms max=  1.982ms calls(last=  0,win=   0,total=459) (win 0.0% | avg 0.0% budget)
  enemy.physics.separation         win=  0.000ms avg=  0.000ms p95=  0.000ms max=  1.336ms calls(last=  0,win=   0,total=459) (win 0.0% | avg 0.0% budget)
  enemy.physics.frontal_grid_build win=  0.000ms avg=  0.000ms p95=  0.000ms max=  1.903ms calls(last=  0,win=   0,total=459) (win 0.0% | avg 0.0% budget)
  enemy.physics.frontal_pair_traverse win=  0.000ms avg=  0.000ms p95=  0.000ms max=  0.168ms calls(last=  0,win=   0,total=459) (win 0.0% | avg 0.0% budget)
  enemy.physics.separation_grid_build win=  0.000ms avg=  0.000ms p95=  0.000ms max=  1.249ms calls(last=  0,win=   0,total=459) (win 0.0% | avg 0.0% budget)
  enemy.physics.separation_pair_traverse win=  0.000ms avg=  0.000ms p95=  0.000ms max=  0.080ms calls(last=  0,win=   0,total=459) (win 0.0% | avg 0.0% budget)
  enemy.torpedo.select_heading     win=  0.000ms avg=  0.000ms p95=  0.000ms max=  0.911ms calls(last=  0,win=   0,total=14) (win 0.0% | avg 0.0% budget)
  enemy.cheap.segment_build        win=  0.000ms avg=  0.000ms p95=  0.000ms max=  2.907ms calls(last=  0,win=   0,total=34244) (win 0.0% | avg 0.0% budget)

[PROFILE] frame=6840 budget=16.667ms alloc(+0/-0, +0b/-0b, live=131304b peak=388400b)
  frame.total                      win= 16.905ms avg= 16.905ms p95= 17.373ms max= 82.940ms calls(last=  1,win= 120,total=6840) (win 101.4% | avg 101.4% budget)
  frame.render                     win= 16.866ms avg= 16.866ms p95= 17.333ms max= 82.902ms calls(last=  1,win= 120,total=6840) (win 101.2% | avg 101.2% budget)
  frame.present                    win= 16.859ms avg= 16.859ms p95= 17.327ms max= 82.894ms calls(last=  1,win= 120,total=6840) (win 101.2% | avg 101.2% budget)
  frame.render.world               win=  4.628ms avg=  9.256ms p95=  9.580ms max= 16.906ms calls(last=  2,win= 240,total=13542) (win 27.8% | avg 55.5% budget)
  frame.render.overlay             win=  2.065ms avg=  4.130ms p95=  4.755ms max=  6.470ms calls(last=  2,win= 240,total=9419) (win 12.4% | avg 24.8% budget)
  frame.render.world.enemies       win=  1.112ms avg=  1.112ms p95=  1.147ms max=  2.615ms calls(last=  1,win= 120,total=6771) (win 6.7% | avg 6.7% budget)
  frame.render.world.maze          win=  1.083ms avg=  1.083ms p95=  1.125ms max=  3.168ms calls(last=  1,win= 120,total=6771) (win 6.5% | avg 6.5% budget)
  frame.render.world.effects       win=  0.387ms avg=  0.387ms p95=  0.492ms max=  1.359ms calls(last=  1,win= 120,total=6771) (win 2.3% | avg 2.3% budget)
  frame.input_poll                 win=  0.027ms avg=  0.027ms p95=  0.028ms max=  0.132ms calls(last=  1,win= 120,total=6840) (win 0.2% | avg 0.2% budget)
  frame.fixed_step                 win=  0.003ms avg=  0.003ms p95=  0.003ms max= 15.052ms calls(last=  1,win= 122,total=7079) (win 0.0% | avg 0.0% budget)
  system.ai_update                 win=  0.000ms avg=  0.000ms p95=  0.000ms max= 11.623ms calls(last=  0,win=   0,total=4305) (win 0.0% | avg 0.0% budget)
  enemy.ai.perception              win=  0.000ms avg=  0.000ms p95=  0.000ms max=  0.023ms calls(last=  0,win=   0,total=1458) (win 0.0% | avg 0.0% budget)
  enemy.ai.decision                win=  0.000ms avg=  0.000ms p95=  0.000ms max=  1.186ms calls(last=  0,win=   0,total=1458) (win 0.0% | avg 0.0% budget)
  enemy.ai.movement                win=  0.000ms avg=  0.000ms p95=  0.000ms max=  0.698ms calls(last=  0,win=   0,total=1458) (win 0.0% | avg 0.0% budget)
  enemy.ai.firing                  win=  0.000ms avg=  0.000ms p95=  0.000ms max=  0.048ms calls(last=  0,win=   0,total=1458) (win 0.0% | avg 0.0% budget)
  game.update                      win=  0.000ms avg=  0.000ms p95=  0.000ms max= 11.813ms calls(last=  0,win=   0,total=4305) (win 0.0% | avg 0.0% budget)
  enemy.physics.frontal_collisions win=  0.000ms avg=  0.000ms p95=  0.000ms max=  1.982ms calls(last=  0,win=   0,total=459) (win 0.0% | avg 0.0% budget)
  enemy.physics.separation         win=  0.000ms avg=  0.000ms p95=  0.000ms max=  1.336ms calls(last=  0,win=   0,total=459) (win 0.0% | avg 0.0% budget)
  enemy.physics.frontal_grid_build win=  0.000ms avg=  0.000ms p95=  0.000ms max=  1.903ms calls(last=  0,win=   0,total=459) (win 0.0% | avg 0.0% budget)
  enemy.physics.frontal_pair_traverse win=  0.000ms avg=  0.000ms p95=  0.000ms max=  0.168ms calls(last=  0,win=   0,total=459) (win 0.0% | avg 0.0% budget)
  enemy.physics.separation_grid_build win=  0.000ms avg=  0.000ms p95=  0.000ms max=  1.249ms calls(last=  0,win=   0,total=459) (win 0.0% | avg 0.0% budget)
  enemy.physics.separation_pair_traverse win=  0.000ms avg=  0.000ms p95=  0.000ms max=  0.080ms calls(last=  0,win=   0,total=459) (win 0.0% | avg 0.0% budget)
  enemy.torpedo.select_heading     win=  0.000ms avg=  0.000ms p95=  0.000ms max=  0.911ms calls(last=  0,win=   0,total=14) (win 0.0% | avg 0.0% budget)
  enemy.cheap.segment_build        win=  0.000ms avg=  0.000ms p95=  0.000ms max=  2.907ms calls(last=  0,win=   0,total=34244) (win 0.0% | avg 0.0% budget)

[PROFILE] frame=6960 budget=16.667ms alloc(+0/-0, +0b/-0b, live=131304b peak=388400b)
  frame.total                      win= 16.934ms avg= 16.934ms p95= 17.365ms max= 82.940ms calls(last=  1,win= 120,total=6960) (win 101.6% | avg 101.6% budget)
  frame.render                     win= 16.895ms avg= 16.895ms p95= 17.326ms max= 82.902ms calls(last=  1,win= 120,total=6960) (win 101.4% | avg 101.4% budget)
  frame.present                    win= 16.888ms avg= 16.888ms p95= 17.319ms max= 82.894ms calls(last=  1,win= 120,total=6960) (win 101.3% | avg 101.3% budget)
  frame.render.world               win=  4.647ms avg=  9.294ms p95=  9.658ms max= 16.906ms calls(last=  2,win= 240,total=13782) (win 27.9% | avg 55.8% budget)
  frame.render.overlay             win=  2.073ms avg=  4.146ms p95=  4.778ms max=  6.470ms calls(last=  2,win= 240,total=9659) (win 12.4% | avg 24.9% budget)
  frame.render.world.enemies       win=  1.118ms avg=  1.118ms p95=  1.199ms max=  2.615ms calls(last=  1,win= 120,total=6891) (win 6.7% | avg 6.7% budget)
  frame.render.world.maze          win=  1.087ms avg=  1.087ms p95=  1.155ms max=  3.168ms calls(last=  1,win= 120,total=6891) (win 6.5% | avg 6.5% budget)
  frame.render.world.effects       win=  0.374ms avg=  0.374ms p95=  0.453ms max=  1.359ms calls(last=  1,win= 120,total=6891) (win 2.2% | avg 2.2% budget)
  frame.input_poll                 win=  0.027ms avg=  0.027ms p95=  0.028ms max=  0.132ms calls(last=  1,win= 120,total=6960) (win 0.2% | avg 0.2% budget)
  frame.fixed_step                 win=  0.003ms avg=  0.003ms p95=  0.003ms max= 15.052ms calls(last=  1,win= 123,total=7202) (win 0.0% | avg 0.0% budget)
  system.ai_update                 win=  0.000ms avg=  0.000ms p95=  0.000ms max= 11.623ms calls(last=  0,win=   0,total=4305) (win 0.0% | avg 0.0% budget)
  enemy.ai.perception              win=  0.000ms avg=  0.000ms p95=  0.000ms max=  0.023ms calls(last=  0,win=   0,total=1458) (win 0.0% | avg 0.0% budget)
  enemy.ai.decision                win=  0.000ms avg=  0.000ms p95=  0.000ms max=  1.186ms calls(last=  0,win=   0,total=1458) (win 0.0% | avg 0.0% budget)
  enemy.ai.movement                win=  0.000ms avg=  0.000ms p95=  0.000ms max=  0.698ms calls(last=  0,win=   0,total=1458) (win 0.0% | avg 0.0% budget)
  enemy.ai.firing                  win=  0.000ms avg=  0.000ms p95=  0.000ms max=  0.048ms calls(last=  0,win=   0,total=1458) (win 0.0% | avg 0.0% budget)
  game.update                      win=  0.000ms avg=  0.000ms p95=  0.000ms max= 11.813ms calls(last=  0,win=   0,total=4305) (win 0.0% | avg 0.0% budget)
  enemy.physics.frontal_collisions win=  0.000ms avg=  0.000ms p95=  0.000ms max=  1.982ms calls(last=  0,win=   0,total=459) (win 0.0% | avg 0.0% budget)
  enemy.physics.separation         win=  0.000ms avg=  0.000ms p95=  0.000ms max=  1.336ms calls(last=  0,win=   0,total=459) (win 0.0% | avg 0.0% budget)
  enemy.physics.frontal_grid_build win=  0.000ms avg=  0.000ms p95=  0.000ms max=  1.903ms calls(last=  0,win=   0,total=459) (win 0.0% | avg 0.0% budget)
  enemy.physics.frontal_pair_traverse win=  0.000ms avg=  0.000ms p95=  0.000ms max=  0.168ms calls(last=  0,win=   0,total=459) (win 0.0% | avg 0.0% budget)
  enemy.physics.separation_grid_build win=  0.000ms avg=  0.000ms p95=  0.000ms max=  1.249ms calls(last=  0,win=   0,total=459) (win 0.0% | avg 0.0% budget)
  enemy.physics.separation_pair_traverse win=  0.000ms avg=  0.000ms p95=  0.000ms max=  0.080ms calls(last=  0,win=   0,total=459) (win 0.0% | avg 0.0% budget)
  enemy.torpedo.select_heading     win=  0.000ms avg=  0.000ms p95=  0.000ms max=  0.911ms calls(last=  0,win=   0,total=14) (win 0.0% | avg 0.0% budget)
  enemy.cheap.segment_build        win=  0.000ms avg=  0.000ms p95=  0.000ms max=  2.907ms calls(last=  0,win=   0,total=34244) (win 0.0% | avg 0.0% budget)

[PROFILE] frame=7080 budget=16.667ms alloc(+0/-0, +0b/-0b, live=131304b peak=388400b)
  frame.total                      win= 16.917ms avg= 16.917ms p95= 17.308ms max= 82.940ms calls(last=  1,win= 120,total=7080) (win 101.5% | avg 101.5% budget)
  frame.render                     win= 16.877ms avg= 16.877ms p95= 17.267ms max= 82.902ms calls(last=  1,win= 120,total=7080) (win 101.3% | avg 101.3% budget)
  frame.present                    win= 16.871ms avg= 16.871ms p95= 17.261ms max= 82.894ms calls(last=  1,win= 120,total=7080) (win 101.2% | avg 101.2% budget)
  frame.render.world               win=  4.692ms avg=  9.384ms p95=  9.624ms max= 19.597ms calls(last=  2,win= 240,total=14022) (win 28.2% | avg 56.3% budget)
  frame.render.overlay             win=  2.068ms avg=  4.136ms p95=  4.762ms max=  6.470ms calls(last=  2,win= 240,total=9899) (win 12.4% | avg 24.8% budget)
  frame.render.world.enemies       win=  1.141ms avg=  1.141ms p95=  1.207ms max=  3.515ms calls(last=  1,win= 120,total=7011) (win 6.8% | avg 6.8% budget)
  frame.render.world.maze          win=  1.105ms avg=  1.105ms p95=  1.180ms max=  3.168ms calls(last=  1,win= 120,total=7011) (win 6.6% | avg 6.6% budget)
  frame.render.world.effects       win=  0.382ms avg=  0.382ms p95=  0.466ms max=  1.359ms calls(last=  1,win= 120,total=7011) (win 2.3% | avg 2.3% budget)
  frame.input_poll                 win=  0.027ms avg=  0.027ms p95=  0.028ms max=  0.132ms calls(last=  1,win= 120,total=7080) (win 0.2% | avg 0.2% budget)
  frame.fixed_step                 win=  0.003ms avg=  0.003ms p95=  0.003ms max= 15.052ms calls(last=  1,win= 123,total=7325) (win 0.0% | avg 0.0% budget)
  system.ai_update                 win=  0.000ms avg=  0.000ms p95=  0.000ms max= 11.623ms calls(last=  0,win=   0,total=4305) (win 0.0% | avg 0.0% budget)
  enemy.ai.perception              win=  0.000ms avg=  0.000ms p95=  0.000ms max=  0.023ms calls(last=  0,win=   0,total=1458) (win 0.0% | avg 0.0% budget)
  enemy.ai.decision                win=  0.000ms avg=  0.000ms p95=  0.000ms max=  1.186ms calls(last=  0,win=   0,total=1458) (win 0.0% | avg 0.0% budget)
  enemy.ai.movement                win=  0.000ms avg=  0.000ms p95=  0.000ms max=  0.698ms calls(last=  0,win=   0,total=1458) (win 0.0% | avg 0.0% budget)
  enemy.ai.firing                  win=  0.000ms avg=  0.000ms p95=  0.000ms max=  0.048ms calls(last=  0,win=   0,total=1458) (win 0.0% | avg 0.0% budget)
  game.update                      win=  0.000ms avg=  0.000ms p95=  0.000ms max= 11.813ms calls(last=  0,win=   0,total=4305) (win 0.0% | avg 0.0% budget)
  enemy.physics.frontal_collisions win=  0.000ms avg=  0.000ms p95=  0.000ms max=  1.982ms calls(last=  0,win=   0,total=459) (win 0.0% | avg 0.0% budget)
  enemy.physics.separation         win=  0.000ms avg=  0.000ms p95=  0.000ms max=  1.336ms calls(last=  0,win=   0,total=459) (win 0.0% | avg 0.0% budget)
  enemy.physics.frontal_grid_build win=  0.000ms avg=  0.000ms p95=  0.000ms max=  1.903ms calls(last=  0,win=   0,total=459) (win 0.0% | avg 0.0% budget)
  enemy.physics.frontal_pair_traverse win=  0.000ms avg=  0.000ms p95=  0.000ms max=  0.168ms calls(last=  0,win=   0,total=459) (win 0.0% | avg 0.0% budget)
  enemy.physics.separation_grid_build win=  0.000ms avg=  0.000ms p95=  0.000ms max=  1.249ms calls(last=  0,win=   0,total=459) (win 0.0% | avg 0.0% budget)
  enemy.physics.separation_pair_traverse win=  0.000ms avg=  0.000ms p95=  0.000ms max=  0.080ms calls(last=  0,win=   0,total=459) (win 0.0% | avg 0.0% budget)
  enemy.torpedo.select_heading     win=  0.000ms avg=  0.000ms p95=  0.000ms max=  0.911ms calls(last=  0,win=   0,total=14) (win 0.0% | avg 0.0% budget)
  enemy.cheap.segment_build        win=  0.000ms avg=  0.000ms p95=  0.000ms max=  2.907ms calls(last=  0,win=   0,total=34244) (win 0.0% | avg 0.0% budget)

[PROFILE] frame=7200 budget=16.667ms alloc(+0/-0, +0b/-0b, live=131304b peak=388400b)
  frame.total                      win= 16.904ms avg= 16.904ms p95= 17.397ms max= 82.940ms calls(last=  1,win= 120,total=7200) (win 101.4% | avg 101.4% budget)
  frame.render                     win= 16.865ms avg= 16.865ms p95= 17.358ms max= 82.902ms calls(last=  1,win= 120,total=7200) (win 101.2% | avg 101.2% budget)
  frame.present                    win= 16.857ms avg= 16.857ms p95= 17.351ms max= 82.894ms calls(last=  1,win= 120,total=7200) (win 101.1% | avg 101.1% budget)
  frame.render.world               win=  4.661ms avg=  9.322ms p95=  9.861ms max= 19.597ms calls(last=  2,win= 240,total=14262) (win 28.0% | avg 55.9% budget)
  frame.render.overlay             win=  2.070ms avg=  4.139ms p95=  4.764ms max=  6.470ms calls(last=  2,win= 240,total=10139) (win 12.4% | avg 24.8% budget)
  frame.render.world.enemies       win=  1.122ms avg=  1.122ms p95=  1.206ms max=  3.515ms calls(last=  1,win= 120,total=7131) (win 6.7% | avg 6.7% budget)
  frame.render.world.maze          win=  1.092ms avg=  1.092ms p95=  1.174ms max=  3.168ms calls(last=  1,win= 120,total=7131) (win 6.6% | avg 6.6% budget)
  frame.render.world.effects       win=  0.381ms avg=  0.381ms p95=  0.495ms max=  1.359ms calls(last=  1,win= 120,total=7131) (win 2.3% | avg 2.3% budget)
  frame.input_poll                 win=  0.027ms avg=  0.027ms p95=  0.029ms max=  0.132ms calls(last=  1,win= 120,total=7200) (win 0.2% | avg 0.2% budget)
  frame.fixed_step                 win=  0.003ms avg=  0.003ms p95=  0.003ms max= 15.052ms calls(last=  1,win= 122,total=7447) (win 0.0% | avg 0.0% budget)
  system.ai_update                 win=  0.000ms avg=  0.000ms p95=  0.000ms max= 11.623ms calls(last=  0,win=   0,total=4305) (win 0.0% | avg 0.0% budget)
  enemy.ai.perception              win=  0.000ms avg=  0.000ms p95=  0.000ms max=  0.023ms calls(last=  0,win=   0,total=1458) (win 0.0% | avg 0.0% budget)
  enemy.ai.decision                win=  0.000ms avg=  0.000ms p95=  0.000ms max=  1.186ms calls(last=  0,win=   0,total=1458) (win 0.0% | avg 0.0% budget)
  enemy.ai.movement                win=  0.000ms avg=  0.000ms p95=  0.000ms max=  0.698ms calls(last=  0,win=   0,total=1458) (win 0.0% | avg 0.0% budget)
  enemy.ai.firing                  win=  0.000ms avg=  0.000ms p95=  0.000ms max=  0.048ms calls(last=  0,win=   0,total=1458) (win 0.0% | avg 0.0% budget)
  game.update                      win=  0.000ms avg=  0.000ms p95=  0.000ms max= 11.813ms calls(last=  0,win=   0,total=4305) (win 0.0% | avg 0.0% budget)
  enemy.physics.frontal_collisions win=  0.000ms avg=  0.000ms p95=  0.000ms max=  1.982ms calls(last=  0,win=   0,total=459) (win 0.0% | avg 0.0% budget)
  enemy.physics.separation         win=  0.000ms avg=  0.000ms p95=  0.000ms max=  1.336ms calls(last=  0,win=   0,total=459) (win 0.0% | avg 0.0% budget)
  enemy.physics.frontal_grid_build win=  0.000ms avg=  0.000ms p95=  0.000ms max=  1.903ms calls(last=  0,win=   0,total=459) (win 0.0% | avg 0.0% budget)
  enemy.physics.frontal_pair_traverse win=  0.000ms avg=  0.000ms p95=  0.000ms max=  0.168ms calls(last=  0,win=   0,total=459) (win 0.0% | avg 0.0% budget)
  enemy.physics.separation_grid_build win=  0.000ms avg=  0.000ms p95=  0.000ms max=  1.249ms calls(last=  0,win=   0,total=459) (win 0.0% | avg 0.0% budget)
  enemy.physics.separation_pair_traverse win=  0.000ms avg=  0.000ms p95=  0.000ms max=  0.080ms calls(last=  0,win=   0,total=459) (win 0.0% | avg 0.0% budget)
  enemy.torpedo.select_heading     win=  0.000ms avg=  0.000ms p95=  0.000ms max=  0.911ms calls(last=  0,win=   0,total=14) (win 0.0% | avg 0.0% budget)
  enemy.cheap.segment_build        win=  0.000ms avg=  0.000ms p95=  0.000ms max=  2.907ms calls(last=  0,win=   0,total=34244) (win 0.0% | avg 0.0% budget)

[PROFILE] frame=7320 budget=16.667ms alloc(+0/-0, +0b/-0b, live=131304b peak=388400b)
  frame.total                      win= 16.920ms avg= 16.920ms p95= 17.404ms max= 82.940ms calls(last=  1,win= 120,total=7320) (win 101.5% | avg 101.5% budget)
  frame.render                     win= 16.879ms avg= 16.879ms p95= 17.365ms max= 82.902ms calls(last=  1,win= 120,total=7320) (win 101.3% | avg 101.3% budget)
  frame.present                    win= 16.872ms avg= 16.872ms p95= 17.359ms max= 82.894ms calls(last=  1,win= 120,total=7320) (win 101.2% | avg 101.2% budget)
  frame.render.world               win=  4.654ms avg=  9.307ms p95=  9.585ms max= 19.597ms calls(last=  2,win= 240,total=14502) (win 27.9% | avg 55.8% budget)
  frame.render.overlay             win=  2.090ms avg=  4.181ms p95=  4.834ms max=  6.470ms calls(last=  2,win= 240,total=10379) (win 12.5% | avg 25.1% budget)
  frame.render.world.enemies       win=  1.113ms avg=  1.113ms p95=  1.167ms max=  3.515ms calls(last=  1,win= 120,total=7251) (win 6.7% | avg 6.7% budget)
  frame.render.world.maze          win=  1.087ms avg=  1.087ms p95=  1.159ms max=  3.168ms calls(last=  1,win= 120,total=7251) (win 6.5% | avg 6.5% budget)
  frame.render.world.effects       win=  0.371ms avg=  0.371ms p95=  0.464ms max=  1.359ms calls(last=  1,win= 120,total=7251) (win 2.2% | avg 2.2% budget)
  frame.input_poll                 win=  0.029ms avg=  0.029ms p95=  0.029ms max=  0.202ms calls(last=  1,win= 120,total=7320) (win 0.2% | avg 0.2% budget)
  frame.fixed_step                 win=  0.003ms avg=  0.003ms p95=  0.003ms max= 15.052ms calls(last=  1,win= 122,total=7569) (win 0.0% | avg 0.0% budget)
  system.ai_update                 win=  0.000ms avg=  0.000ms p95=  0.000ms max= 11.623ms calls(last=  0,win=   0,total=4305) (win 0.0% | avg 0.0% budget)
  enemy.ai.perception              win=  0.000ms avg=  0.000ms p95=  0.000ms max=  0.023ms calls(last=  0,win=   0,total=1458) (win 0.0% | avg 0.0% budget)
  enemy.ai.decision                win=  0.000ms avg=  0.000ms p95=  0.000ms max=  1.186ms calls(last=  0,win=   0,total=1458) (win 0.0% | avg 0.0% budget)
  enemy.ai.movement                win=  0.000ms avg=  0.000ms p95=  0.000ms max=  0.698ms calls(last=  0,win=   0,total=1458) (win 0.0% | avg 0.0% budget)
  enemy.ai.firing                  win=  0.000ms avg=  0.000ms p95=  0.000ms max=  0.048ms calls(last=  0,win=   0,total=1458) (win 0.0% | avg 0.0% budget)
  game.update                      win=  0.000ms avg=  0.000ms p95=  0.000ms max= 11.813ms calls(last=  0,win=   0,total=4305) (win 0.0% | avg 0.0% budget)
  enemy.physics.frontal_collisions win=  0.000ms avg=  0.000ms p95=  0.000ms max=  1.982ms calls(last=  0,win=   0,total=459) (win 0.0% | avg 0.0% budget)
  enemy.physics.separation         win=  0.000ms avg=  0.000ms p95=  0.000ms max=  1.336ms calls(last=  0,win=   0,total=459) (win 0.0% | avg 0.0% budget)
  enemy.physics.frontal_grid_build win=  0.000ms avg=  0.000ms p95=  0.000ms max=  1.903ms calls(last=  0,win=   0,total=459) (win 0.0% | avg 0.0% budget)
  enemy.physics.frontal_pair_traverse win=  0.000ms avg=  0.000ms p95=  0.000ms max=  0.168ms calls(last=  0,win=   0,total=459) (win 0.0% | avg 0.0% budget)
  enemy.physics.separation_grid_build win=  0.000ms avg=  0.000ms p95=  0.000ms max=  1.249ms calls(last=  0,win=   0,total=459) (win 0.0% | avg 0.0% budget)
  enemy.physics.separation_pair_traverse win=  0.000ms avg=  0.000ms p95=  0.000ms max=  0.080ms calls(last=  0,win=   0,total=459) (win 0.0% | avg 0.0% budget)
  enemy.torpedo.select_heading     win=  0.000ms avg=  0.000ms p95=  0.000ms max=  0.911ms calls(last=  0,win=   0,total=14) (win 0.0% | avg 0.0% budget)
  enemy.cheap.segment_build        win=  0.000ms avg=  0.000ms p95=  0.000ms max=  2.907ms calls(last=  0,win=   0,total=34244) (win 0.0% | avg 0.0% budget)

[PROFILE] frame=7440 budget=16.667ms alloc(+0/-0, +0b/-0b, live=131304b peak=388400b)
  frame.total                      win= 16.907ms avg= 16.907ms p95= 17.228ms max= 82.940ms calls(last=  1,win= 120,total=7440) (win 101.4% | avg 101.4% budget)
  frame.render                     win= 16.868ms avg= 16.868ms p95= 17.189ms max= 82.902ms calls(last=  1,win= 120,total=7440) (win 101.2% | avg 101.2% budget)
  frame.present                    win= 16.861ms avg= 16.861ms p95= 17.181ms max= 82.894ms calls(last=  1,win= 120,total=7440) (win 101.2% | avg 101.2% budget)
  frame.render.world               win=  4.622ms avg=  9.245ms p95=  9.534ms max= 19.597ms calls(last=  2,win= 240,total=14742) (win 27.7% | avg 55.5% budget)
  frame.render.overlay             win=  2.066ms avg=  4.132ms p95=  4.777ms max=  6.470ms calls(last=  2,win= 240,total=10619) (win 12.4% | avg 24.8% budget)
  frame.render.world.enemies       win=  1.109ms avg=  1.109ms p95=  1.149ms max=  3.515ms calls(last=  1,win= 120,total=7371) (win 6.7% | avg 6.7% budget)
  frame.render.world.maze          win=  1.085ms avg=  1.085ms p95=  1.124ms max=  3.168ms calls(last=  1,win= 120,total=7371) (win 6.5% | avg 6.5% budget)
  frame.render.world.effects       win=  0.385ms avg=  0.385ms p95=  0.478ms max=  1.359ms calls(last=  1,win= 120,total=7371) (win 2.3% | avg 2.3% budget)
  frame.input_poll                 win=  0.028ms avg=  0.028ms p95=  0.028ms max=  0.202ms calls(last=  1,win= 120,total=7440) (win 0.2% | avg 0.2% budget)
  frame.fixed_step                 win=  0.003ms avg=  0.003ms p95=  0.003ms max= 15.052ms calls(last=  1,win= 123,total=7692) (win 0.0% | avg 0.0% budget)
  system.ai_update                 win=  0.000ms avg=  0.000ms p95=  0.000ms max= 11.623ms calls(last=  0,win=   0,total=4305) (win 0.0% | avg 0.0% budget)
  enemy.ai.perception              win=  0.000ms avg=  0.000ms p95=  0.000ms max=  0.023ms calls(last=  0,win=   0,total=1458) (win 0.0% | avg 0.0% budget)
  enemy.ai.decision                win=  0.000ms avg=  0.000ms p95=  0.000ms max=  1.186ms calls(last=  0,win=   0,total=1458) (win 0.0% | avg 0.0% budget)
  enemy.ai.movement                win=  0.000ms avg=  0.000ms p95=  0.000ms max=  0.698ms calls(last=  0,win=   0,total=1458) (win 0.0% | avg 0.0% budget)
  enemy.ai.firing                  win=  0.000ms avg=  0.000ms p95=  0.000ms max=  0.048ms calls(last=  0,win=   0,total=1458) (win 0.0% | avg 0.0% budget)
  game.update                      win=  0.000ms avg=  0.000ms p95=  0.000ms max= 11.813ms calls(last=  0,win=   0,total=4305) (win 0.0% | avg 0.0% budget)
  enemy.physics.frontal_collisions win=  0.000ms avg=  0.000ms p95=  0.000ms max=  1.982ms calls(last=  0,win=   0,total=459) (win 0.0% | avg 0.0% budget)
  enemy.physics.separation         win=  0.000ms avg=  0.000ms p95=  0.000ms max=  1.336ms calls(last=  0,win=   0,total=459) (win 0.0% | avg 0.0% budget)
  enemy.physics.frontal_grid_build win=  0.000ms avg=  0.000ms p95=  0.000ms max=  1.903ms calls(last=  0,win=   0,total=459) (win 0.0% | avg 0.0% budget)
  enemy.physics.frontal_pair_traverse win=  0.000ms avg=  0.000ms p95=  0.000ms max=  0.168ms calls(last=  0,win=   0,total=459) (win 0.0% | avg 0.0% budget)
  enemy.physics.separation_grid_build win=  0.000ms avg=  0.000ms p95=  0.000ms max=  1.249ms calls(last=  0,win=   0,total=459) (win 0.0% | avg 0.0% budget)
  enemy.physics.separation_pair_traverse win=  0.000ms avg=  0.000ms p95=  0.000ms max=  0.080ms calls(last=  0,win=   0,total=459) (win 0.0% | avg 0.0% budget)
  enemy.torpedo.select_heading     win=  0.000ms avg=  0.000ms p95=  0.000ms max=  0.911ms calls(last=  0,win=   0,total=14) (win 0.0% | avg 0.0% budget)
  enemy.cheap.segment_build        win=  0.000ms avg=  0.000ms p95=  0.000ms max=  2.907ms calls(last=  0,win=   0,total=34244) (win 0.0% | avg 0.0% budget)

[PROFILE] frame=7560 budget=16.667ms alloc(+0/-0, +0b/-0b, live=131304b peak=388400b)
  frame.total                      win= 16.904ms avg= 16.904ms p95= 17.299ms max= 82.940ms calls(last=  1,win= 120,total=7560) (win 101.4% | avg 101.4% budget)
  frame.render                     win= 16.864ms avg= 16.864ms p95= 17.261ms max= 82.902ms calls(last=  1,win= 120,total=7560) (win 101.2% | avg 101.2% budget)
  frame.present                    win= 16.858ms avg= 16.858ms p95= 17.253ms max= 82.894ms calls(last=  1,win= 120,total=7560) (win 101.1% | avg 101.1% budget)
  frame.render.world               win=  4.638ms avg=  9.276ms p95=  9.544ms max= 19.597ms calls(last=  2,win= 240,total=14982) (win 27.8% | avg 55.7% budget)
  frame.render.overlay             win=  2.065ms avg=  4.130ms p95=  4.773ms max=  6.470ms calls(last=  2,win= 240,total=10859) (win 12.4% | avg 24.8% budget)
  frame.render.world.enemies       win=  1.113ms avg=  1.113ms p95=  1.179ms max=  3.515ms calls(last=  1,win= 120,total=7491) (win 6.7% | avg 6.7% budget)
  frame.render.world.maze          win=  1.084ms avg=  1.084ms p95=  1.133ms max=  3.168ms calls(last=  1,win= 120,total=7491) (win 6.5% | avg 6.5% budget)
  frame.render.world.effects       win=  0.379ms avg=  0.379ms p95=  0.464ms max=  1.359ms calls(last=  1,win= 120,total=7491) (win 2.3% | avg 2.3% budget)
  frame.input_poll                 win=  0.027ms avg=  0.027ms p95=  0.028ms max=  0.202ms calls(last=  1,win= 120,total=7560) (win 0.2% | avg 0.2% budget)
  frame.fixed_step                 win=  0.003ms avg=  0.003ms p95=  0.003ms max= 15.052ms calls(last=  1,win= 122,total=7814) (win 0.0% | avg 0.0% budget)
  system.ai_update                 win=  0.000ms avg=  0.000ms p95=  0.000ms max= 11.623ms calls(last=  0,win=   0,total=4305) (win 0.0% | avg 0.0% budget)
  enemy.ai.perception              win=  0.000ms avg=  0.000ms p95=  0.000ms max=  0.023ms calls(last=  0,win=   0,total=1458) (win 0.0% | avg 0.0% budget)
  enemy.ai.decision                win=  0.000ms avg=  0.000ms p95=  0.000ms max=  1.186ms calls(last=  0,win=   0,total=1458) (win 0.0% | avg 0.0% budget)
  enemy.ai.movement                win=  0.000ms avg=  0.000ms p95=  0.000ms max=  0.698ms calls(last=  0,win=   0,total=1458) (win 0.0% | avg 0.0% budget)
  enemy.ai.firing                  win=  0.000ms avg=  0.000ms p95=  0.000ms max=  0.048ms calls(last=  0,win=   0,total=1458) (win 0.0% | avg 0.0% budget)
  game.update                      win=  0.000ms avg=  0.000ms p95=  0.000ms max= 11.813ms calls(last=  0,win=   0,total=4305) (win 0.0% | avg 0.0% budget)
  enemy.physics.frontal_collisions win=  0.000ms avg=  0.000ms p95=  0.000ms max=  1.982ms calls(last=  0,win=   0,total=459) (win 0.0% | avg 0.0% budget)
  enemy.physics.separation         win=  0.000ms avg=  0.000ms p95=  0.000ms max=  1.336ms calls(last=  0,win=   0,total=459) (win 0.0% | avg 0.0% budget)
  enemy.physics.frontal_grid_build win=  0.000ms avg=  0.000ms p95=  0.000ms max=  1.903ms calls(last=  0,win=   0,total=459) (win 0.0% | avg 0.0% budget)
  enemy.physics.frontal_pair_traverse win=  0.000ms avg=  0.000ms p95=  0.000ms max=  0.168ms calls(last=  0,win=   0,total=459) (win 0.0% | avg 0.0% budget)
  enemy.physics.separation_grid_build win=  0.000ms avg=  0.000ms p95=  0.000ms max=  1.249ms calls(last=  0,win=   0,total=459) (win 0.0% | avg 0.0% budget)
  enemy.physics.separation_pair_traverse win=  0.000ms avg=  0.000ms p95=  0.000ms max=  0.080ms calls(last=  0,win=   0,total=459) (win 0.0% | avg 0.0% budget)
  enemy.torpedo.select_heading     win=  0.000ms avg=  0.000ms p95=  0.000ms max=  0.911ms calls(last=  0,win=   0,total=14) (win 0.0% | avg 0.0% budget)
  enemy.cheap.segment_build        win=  0.000ms avg=  0.000ms p95=  0.000ms max=  2.907ms calls(last=  0,win=   0,total=34244) (win 0.0% | avg 0.0% budget)

[PROFILE] frame=7680 budget=16.667ms alloc(+87/-87, +171224b/-171224b, live=131304b peak=388400b)
  frame.total                      win= 16.954ms avg= 16.954ms p95= 17.370ms max= 82.940ms calls(last=  1,win= 120,total=7680) (win 101.7% | avg 101.7% budget)
  frame.render                     win= 16.377ms avg= 16.377ms p95= 17.268ms max= 82.902ms calls(last=  1,win= 120,total=7680) (win 98.3% | avg 98.3% budget)
  frame.present                    win= 16.370ms avg= 16.370ms p95= 17.260ms max= 82.894ms calls(last=  1,win= 120,total=7680) (win 98.2% | avg 98.2% budget)
  frame.render.world               win=  4.669ms avg=  9.337ms p95=  9.790ms max= 19.597ms calls(last=  2,win= 240,total=15222) (win 28.0% | avg 56.0% budget)
  game.update                      win=  3.356ms avg=  0.364ms p95=  3.289ms max= 11.813ms calls(last=  1,win=  13,total=4318) (win 20.1% | avg 2.2% budget)
  system.ai_update                 win=  3.219ms avg=  0.349ms p95=  3.119ms max= 11.623ms calls(last=  1,win=  13,total=4318) (win 19.3% | avg 2.1% budget)
  enemy.update                     win=  3.213ms avg=  0.348ms p95=  3.114ms max= 11.613ms calls(last=  1,win=  13,total=4318) (win 19.3% | avg 2.1% budget)
  frame.render.overlay             win=  2.128ms avg=  4.043ms p95=  4.782ms max=  6.470ms calls(last=  1,win= 228,total=11087) (win 12.8% | avg 24.3% budget)
  frame.render.world.enemies       win=  1.123ms avg=  1.123ms p95=  1.209ms max=  3.515ms calls(last=  1,win= 120,total=7611) (win 6.7% | avg 6.7% budget)
  frame.render.world.maze          win=  1.089ms avg=  1.089ms p95=  1.159ms max=  3.168ms calls(last=  1,win= 120,total=7611) (win 6.5% | avg 6.5% budget)
  frame.fixed_step                 win=  0.527ms avg=  0.540ms p95=  4.881ms max= 15.052ms calls(last=  1,win= 123,total=7937) (win 3.2% | avg 3.2% budget)
  frame.render.world.effects       win=  0.381ms avg=  0.381ms p95=  0.500ms max=  1.359ms calls(last=  1,win= 120,total=7611) (win 2.3% | avg 2.3% budget)
  enemy.cheap.segment_build        win=  0.106ms avg=  0.129ms p95=  1.046ms max=  2.907ms calls(last= 12,win= 147,total=34391) (win 0.6% | avg 0.8% budget)
  system.spawner_update            win=  0.045ms avg=  0.005ms p95=  0.041ms max=  1.015ms calls(last=  1,win=  13,total=4318) (win 0.3% | avg 0.0% budget)
  frame.input_poll                 win=  0.027ms avg=  0.027ms p95=  0.029ms max=  0.202ms calls(last=  1,win= 120,total=7680) (win 0.2% | avg 0.2% budget)
  system.player_update             win=  0.026ms avg=  0.003ms p95=  0.026ms max=  0.140ms calls(last=  1,win=  13,total=3897) (win 0.2% | avg 0.0% budget)
  system.physics_collision         win=  0.026ms avg=  0.003ms p95=  0.023ms max=  0.133ms calls(last=  1,win=  13,total=4318) (win 0.2% | avg 0.0% budget)
  enemy.type.torpedo               win=  0.022ms avg=  0.075ms p95=  0.626ms max=  2.985ms calls(last= 32,win= 416,total=125296) (win 0.1% | avg 0.4% budget)
  enemy.type.drone                 win=  0.019ms avg=  0.083ms p95=  0.679ms max=  2.297ms calls(last= 40,win= 520,total=157448) (win 0.1% | avg 0.5% budget)
  system.projectile_update         win=  0.003ms avg=  0.000ms p95=  0.003ms max=  0.100ms calls(last=  1,win=  13,total=4318) (win 0.0% | avg 0.0% budget)
  system.maze_update               win=  0.001ms avg=  0.000ms p95=  0.001ms max=  0.065ms calls(last=  1,win=  13,total=4318) (win 0.0% | avg 0.0% budget)
  enemy.physics.frontal_collisions win=  0.000ms avg=  0.000ms p95=  0.000ms max=  1.982ms calls(last=  0,win=   0,total=459) (win 0.0% | avg 0.0% budget)
  enemy.physics.separation         win=  0.000ms avg=  0.000ms p95=  0.000ms max=  1.336ms calls(last=  0,win=   0,total=459) (win 0.0% | avg 0.0% budget)
  enemy.physics.frontal_grid_build win=  0.000ms avg=  0.000ms p95=  0.000ms max=  1.903ms calls(last=  0,win=   0,total=459) (win 0.0% | avg 0.0% budget)
[ENEMY_STATS] frame=7680 alive=72 visible=0 full=0 cheap=72 fullInBase=0 pairs(frontal=0 checks=0 separation=0 resolved=0)
[ENEMY_WINDOW] steps=101 alive[min=72 max=72] visible[min=0 max=0] full[min=0 max=0] collisionPasses[runs=0 skips=101]

[PROFILE] frame=7800 budget=16.667ms alloc(+87/-87, +171224b/-171224b, live=131304b peak=388400b)
  frame.total                      win= 17.102ms avg= 17.102ms p95= 17.825ms max= 82.940ms calls(last=  1,win= 120,total=7800) (win 102.6% | avg 102.6% budget)
  frame.render                     win= 11.963ms avg= 11.963ms p95= 12.747ms max= 82.902ms calls(last=  1,win= 120,total=7800) (win 71.8% | avg 71.8% budget)
  frame.present                    win= 11.956ms avg= 11.956ms p95= 12.739ms max= 82.894ms calls(last=  1,win= 120,total=7800) (win 71.7% | avg 71.7% budget)
  frame.fixed_step                 win=  4.935ms avg=  5.100ms p95=  5.526ms max= 15.052ms calls(last=  1,win= 124,total=8061) (win 29.6% | avg 30.6% budget)
  frame.render.world               win=  4.674ms avg=  9.348ms p95=  9.769ms max= 19.597ms calls(last=  2,win= 240,total=15462) (win 28.0% | avg 56.1% budget)
  game.update                      win=  3.319ms avg=  3.430ms p95=  3.934ms max= 11.813ms calls(last=  1,win= 124,total=4442) (win 19.9% | avg 20.6% budget)
  system.ai_update                 win=  3.184ms avg=  3.290ms p95=  3.753ms max= 11.623ms calls(last=  1,win= 124,total=4442) (win 19.1% | avg 19.7% budget)
  enemy.update                     win=  3.178ms avg=  3.284ms p95=  3.747ms max= 11.613ms calls(last=  1,win= 124,total=4442) (win 19.1% | avg 19.7% budget)
  frame.render.overlay             win=  3.012ms avg=  3.012ms p95=  3.632ms max=  6.470ms calls(last=  1,win= 120,total=11207) (win 18.1% | avg 18.1% budget)
  frame.render.world.enemies       win=  1.106ms avg=  1.106ms p95=  1.180ms max=  3.515ms calls(last=  1,win= 120,total=7731) (win 6.6% | avg 6.6% budget)
  frame.render.world.maze          win=  1.069ms avg=  1.069ms p95=  1.195ms max=  3.168ms calls(last=  1,win= 120,total=7731) (win 6.4% | avg 6.4% budget)
  frame.render.world.effects       win=  0.395ms avg=  0.395ms p95=  0.507ms max=  1.359ms calls(last=  1,win= 120,total=7731) (win 2.4% | avg 2.4% budget)
  enemy.cheap.segment_build        win=  0.096ms avg=  1.192ms p95=  1.603ms max=  2.907ms calls(last= 13,win=1484,total=35875) (win 0.6% | avg 7.2% budget)
  system.spawner_update            win=  0.042ms avg=  0.044ms p95=  0.071ms max=  1.015ms calls(last=  1,win= 124,total=4442) (win 0.3% | avg 0.3% budget)
  system.player_update             win=  0.028ms avg=  0.029ms p95=  0.031ms max=  0.182ms calls(last=  1,win= 124,total=4021) (win 0.2% | avg 0.2% budget)
  frame.input_poll                 win=  0.027ms avg=  0.027ms p95=  0.028ms max=  0.202ms calls(last=  1,win= 120,total=7800) (win 0.2% | avg 0.2% budget)
  system.physics_collision         win=  0.024ms avg=  0.025ms p95=  0.041ms max=  0.133ms calls(last=  1,win= 124,total=4442) (win 0.1% | avg 0.1% budget)
  enemy.type.torpedo               win=  0.022ms avg=  0.723ms p95=  1.044ms max=  2.985ms calls(last= 32,win=3968,total=129264) (win 0.1% | avg 4.3% budget)
  enemy.type.drone                 win=  0.018ms avg=  0.742ms p95=  1.022ms max=  2.297ms calls(last= 40,win=4960,total=162408) (win 0.1% | avg 4.5% budget)
  system.projectile_update         win=  0.003ms avg=  0.004ms p95=  0.004ms max=  0.100ms calls(last=  1,win= 124,total=4442) (win 0.0% | avg 0.0% budget)
  system.maze_update               win=  0.001ms avg=  0.001ms p95=  0.002ms max=  0.065ms calls(last=  1,win= 124,total=4442) (win 0.0% | avg 0.0% budget)
  enemy.physics.frontal_collisions win=  0.000ms avg=  0.000ms p95=  0.000ms max=  1.982ms calls(last=  0,win=   0,total=459) (win 0.0% | avg 0.0% budget)
  enemy.physics.separation         win=  0.000ms avg=  0.000ms p95=  0.000ms max=  1.336ms calls(last=  0,win=   0,total=459) (win 0.0% | avg 0.0% budget)
  enemy.physics.frontal_grid_build win=  0.000ms avg=  0.000ms p95=  0.000ms max=  1.903ms calls(last=  0,win=   0,total=459) (win 0.0% | avg 0.0% budget)
[ENEMY_STATS] frame=7800 alive=72 visible=0 full=0 cheap=72 fullInBase=0 pairs(frontal=0 checks=0 separation=0 resolved=0)
[ENEMY_WINDOW] steps=124 alive[min=72 max=72] visible[min=0 max=0] full[min=0 max=0] collisionPasses[runs=0 skips=124]

[PROFILE] frame=7920 budget=16.667ms alloc(+87/-87, +171224b/-171224b, live=131304b peak=388400b)
  frame.total                      win= 17.035ms avg= 17.035ms p95= 17.677ms max= 82.940ms calls(last=  1,win= 120,total=7920) (win 102.2% | avg 102.2% budget)
  frame.render                     win= 11.846ms avg= 11.846ms p95= 12.640ms max= 82.902ms calls(last=  1,win= 120,total=7920) (win 71.1% | avg 71.1% budget)
  frame.present                    win= 11.839ms avg= 11.839ms p95= 12.632ms max= 82.894ms calls(last=  1,win= 120,total=7920) (win 71.0% | avg 71.0% budget)
  frame.fixed_step                 win=  5.024ms avg=  5.150ms p95=  5.575ms max= 15.052ms calls(last=  1,win= 123,total=8184) (win 30.1% | avg 30.9% budget)
  frame.render.world               win=  4.626ms avg=  9.252ms p95=  9.822ms max= 19.597ms calls(last=  2,win= 240,total=15702) (win 27.8% | avg 55.5% budget)
  game.update                      win=  3.405ms avg=  3.491ms p95=  3.939ms max= 11.813ms calls(last=  1,win= 123,total=4565) (win 20.4% | avg 20.9% budget)
  system.ai_update                 win=  3.272ms avg=  3.354ms p95=  3.805ms max= 11.623ms calls(last=  1,win= 123,total=4565) (win 19.6% | avg 20.1% budget)
  enemy.update                     win=  3.266ms avg=  3.348ms p95=  3.801ms max= 11.613ms calls(last=  1,win= 123,total=4565) (win 19.6% | avg 20.1% budget)
  frame.render.overlay             win=  3.033ms avg=  3.033ms p95=  3.705ms max=  6.470ms calls(last=  1,win= 120,total=11327) (win 18.2% | avg 18.2% budget)
  frame.render.world.enemies       win=  1.116ms avg=  1.116ms p95=  1.168ms max=  3.515ms calls(last=  1,win= 120,total=7851) (win 6.7% | avg 6.7% budget)
  frame.render.world.maze          win=  1.036ms avg=  1.036ms p95=  1.138ms max=  3.168ms calls(last=  1,win= 120,total=7851) (win 6.2% | avg 6.2% budget)
  frame.render.world.effects       win=  0.386ms avg=  0.386ms p95=  0.483ms max=  1.359ms calls(last=  1,win= 120,total=7851) (win 2.3% | avg 2.3% budget)
  enemy.cheap.segment_build        win=  0.096ms avg=  1.234ms p95=  1.732ms max=  2.907ms calls(last= 12,win=1538,total=37413) (win 0.6% | avg 7.4% budget)
  enemy.ai.decision                win=  0.055ms avg=  0.026ms p95=  0.057ms max=  1.186ms calls(last=  1,win=  57,total=1515) (win 0.3% | avg 0.2% budget)
  system.spawner_update            win=  0.042ms avg=  0.043ms p95=  0.044ms max=  1.015ms calls(last=  1,win= 123,total=4565) (win 0.3% | avg 0.3% budget)
  enemy.ai.movement                win=  0.037ms avg=  0.018ms p95=  0.034ms max=  0.698ms calls(last=  1,win=  57,total=1515) (win 0.2% | avg 0.1% budget)
  frame.input_poll                 win=  0.027ms avg=  0.027ms p95=  0.028ms max=  0.202ms calls(last=  1,win= 120,total=7920) (win 0.2% | avg 0.2% budget)
  system.player_update             win=  0.026ms avg=  0.027ms p95=  0.030ms max=  0.182ms calls(last=  1,win= 123,total=4144) (win 0.2% | avg 0.2% budget)
  system.physics_collision         win=  0.023ms avg=  0.024ms p95=  0.028ms max=  0.133ms calls(last=  1,win= 123,total=4565) (win 0.1% | avg 0.1% budget)
  enemy.type.torpedo               win=  0.022ms avg=  0.724ms p95=  1.112ms max=  2.985ms calls(last= 32,win=3936,total=133200) (win 0.1% | avg 4.3% budget)
  enemy.type.drone                 win=  0.020ms avg=  0.834ms p95=  1.092ms max=  2.297ms calls(last= 40,win=4920,total=167328) (win 0.1% | avg 5.0% budget)
  enemy.ai.perception              win=  0.006ms avg=  0.003ms p95=  0.006ms max=  0.027ms calls(last=  1,win=  57,total=1515) (win 0.0% | avg 0.0% budget)
  enemy.ai.firing                  win=  0.004ms avg=  0.002ms p95=  0.004ms max=  0.048ms calls(last=  1,win=  57,total=1515) (win 0.0% | avg 0.0% budget)
  system.projectile_update         win=  0.003ms avg=  0.003ms p95=  0.004ms max=  0.100ms calls(last=  1,win= 123,total=4565) (win 0.0% | avg 0.0% budget)
[ENEMY_STATS] frame=7920 alive=72 visible=0 full=1 cheap=71 fullInBase=0 pairs(frontal=0 checks=0 separation=0 resolved=0)
[ENEMY_WINDOW] steps=123 alive[min=72 max=72] visible[min=0 max=0] full[min=0 max=1] collisionPasses[runs=0 skips=123]

[PROFILE] frame=8040 budget=16.667ms alloc(+93/-93, +258536b/-258536b, live=131304b peak=388400b)
  frame.total                      win= 19.363ms avg= 19.363ms p95= 25.300ms max= 82.940ms calls(last=  1,win= 120,total=8040) (win 116.2% | avg 116.2% budget)
  frame.render                     win= 11.424ms avg= 11.424ms p95= 12.194ms max= 82.902ms calls(last=  1,win= 120,total=8040) (win 68.5% | avg 68.5% budget)
  frame.present                    win= 11.416ms avg= 11.416ms p95= 12.186ms max= 82.894ms calls(last=  1,win= 120,total=8040) (win 68.5% | avg 68.5% budget)
  frame.fixed_step                 win=  6.770ms avg=  7.898ms p95= 13.926ms max= 15.052ms calls(last=  1,win= 140,total=8324) (win 40.6% | avg 47.4% budget)
  game.update                      win=  5.157ms avg=  6.017ms p95= 10.757ms max= 11.813ms calls(last=  1,win= 140,total=4705) (win 30.9% | avg 36.1% budget)
  system.ai_update                 win=  5.044ms avg=  5.885ms p95= 10.535ms max= 11.623ms calls(last=  1,win= 140,total=4705) (win 30.3% | avg 35.3% budget)
  enemy.update                     win=  5.039ms avg=  5.879ms p95= 10.525ms max= 11.613ms calls(last=  1,win= 140,total=4705) (win 30.2% | avg 35.3% budget)
  frame.render.world               win=  4.680ms avg=  9.360ms p95=  9.785ms max= 19.597ms calls(last=  2,win= 240,total=15942) (win 28.1% | avg 56.2% budget)
  frame.render.overlay             win=  3.058ms avg=  3.058ms p95=  3.747ms max=  6.470ms calls(last=  1,win= 120,total=11447) (win 18.3% | avg 18.3% budget)
  frame.render.world.enemies       win=  1.143ms avg=  1.143ms p95=  1.227ms max=  3.515ms calls(last=  1,win= 120,total=7971) (win 6.9% | avg 6.9% budget)
  frame.render.world.maze          win=  0.929ms avg=  0.929ms p95=  1.009ms max=  3.168ms calls(last=  1,win= 120,total=7971) (win 5.6% | avg 5.6% budget)
  enemy.physics.frontal_collisions win=  0.888ms avg=  0.918ms p95=  1.746ms max=  1.982ms calls(last=  1,win= 124,total=583) (win 5.3% | avg 5.5% budget)
  enemy.physics.frontal_grid_build win=  0.839ms avg=  0.867ms p95=  1.653ms max=  1.903ms calls(last=  1,win= 124,total=583) (win 5.0% | avg 5.2% budget)
  frame.render.world.effects       win=  0.778ms avg=  0.778ms p95=  1.145ms max=  1.375ms calls(last=  1,win= 120,total=7971) (win 4.7% | avg 4.7% budget)
  enemy.physics.separation         win=  0.568ms avg=  0.587ms p95=  1.155ms max=  1.336ms calls(last=  1,win= 124,total=583) (win 3.4% | avg 3.5% budget)
  enemy.physics.separation_grid_build win=  0.539ms avg=  0.557ms p95=  1.097ms max=  1.249ms calls(last=  1,win= 124,total=583) (win 3.2% | avg 3.3% budget)
  enemy.cheap.segment_build        win=  0.096ms avg=  1.400ms p95=  2.469ms max=  2.907ms calls(last= 12,win=1751,total=39164) (win 0.6% | avg 8.4% budget)
  enemy.ai.movement                win=  0.071ms avg=  0.157ms p95=  0.287ms max=  0.698ms calls(last=  2,win= 264,total=1779) (win 0.4% | avg 0.9% budget)
  system.spawner_update            win=  0.048ms avg=  0.056ms p95=  0.099ms max=  1.015ms calls(last=  1,win= 140,total=4705) (win 0.3% | avg 0.3% budget)
  enemy.physics.frontal_pair_traverse win=  0.041ms avg=  0.043ms p95=  0.082ms max=  0.168ms calls(last=  1,win= 124,total=583) (win 0.2% | avg 0.3% budget)
  enemy.ai.decision                win=  0.039ms avg=  0.087ms p95=  0.150ms max=  1.186ms calls(last=  2,win= 264,total=1779) (win 0.2% | avg 0.5% budget)
  frame.input_poll                 win=  0.028ms avg=  0.028ms p95=  0.028ms max=  0.202ms calls(last=  1,win= 120,total=8040) (win 0.2% | avg 0.2% budget)
  system.player_update             win=  0.027ms avg=  0.013ms p95=  0.044ms max=  0.182ms calls(last=  0,win=  57,total=4201) (win 0.2% | avg 0.1% budget)
  enemy.type.drone                 win=  0.025ms avg=  1.166ms p95=  2.048ms max=  2.543ms calls(last= 40,win=5600,total=172928) (win 0.1% | avg 7.0% budget)
[ENEMY_STATS] frame=8040 alive=72 visible=1 full=2 cheap=70 fullInBase=0 pairs(frontal=0 checks=0 separation=0 resolved=0)
[ENEMY_WINDOW] steps=140 alive[min=72 max=72] visible[min=0 max=1] full[min=1 max=2] collisionPasses[runs=125 skips=15]

[PROFILE] frame=8160 budget=16.667ms alloc(+96/-96, +259104b/-259104b, live=131304b peak=388400b)
  frame.total                      win= 17.784ms avg= 17.784ms p95= 21.352ms max= 82.940ms calls(last=  1,win= 120,total=8160) (win 106.7% | avg 106.7% budget)
  frame.render                     win= 11.572ms avg= 11.572ms p95= 12.414ms max= 82.902ms calls(last=  1,win= 120,total=8160) (win 69.4% | avg 69.4% budget)
  frame.present                    win= 11.565ms avg= 11.565ms p95= 12.407ms max= 82.894ms calls(last=  1,win= 120,total=8160) (win 69.4% | avg 69.4% budget)
  frame.fixed_step                 win=  5.742ms avg=  6.173ms p95= 10.094ms max= 15.052ms calls(last=  1,win= 129,total=8453) (win 34.5% | avg 37.0% budget)
  frame.render.world               win=  4.619ms avg=  9.238ms p95=  9.832ms max= 19.597ms calls(last=  2,win= 240,total=16182) (win 27.7% | avg 55.4% budget)
  game.update                      win=  4.129ms avg=  4.439ms p95=  6.942ms max= 11.813ms calls(last=  1,win= 129,total=4834) (win 24.8% | avg 26.6% budget)
  system.ai_update                 win=  4.033ms avg=  4.336ms p95=  6.783ms max= 11.623ms calls(last=  1,win= 129,total=4834) (win 24.2% | avg 26.0% budget)
  enemy.update                     win=  4.028ms avg=  4.330ms p95=  6.772ms max= 11.613ms calls(last=  1,win= 129,total=4834) (win 24.2% | avg 26.0% budget)
  frame.render.overlay             win=  3.022ms avg=  3.022ms p95=  3.668ms max=  6.470ms calls(last=  1,win= 120,total=11567) (win 18.1% | avg 18.1% budget)
  frame.render.world.enemies       win=  1.150ms avg=  1.150ms p95=  1.191ms max=  3.515ms calls(last=  1,win= 120,total=8091) (win 6.9% | avg 6.9% budget)
  frame.render.world.effects       win=  0.890ms avg=  0.890ms p95=  1.137ms max=  1.375ms calls(last=  1,win= 120,total=8091) (win 5.3% | avg 5.3% budget)
  enemy.physics.frontal_collisions win=  0.877ms avg=  0.322ms p95=  0.922ms max=  1.982ms calls(last=  1,win=  44,total=627) (win 5.3% | avg 1.9% budget)
  enemy.torpedo.select_heading     win=  0.869ms avg=  0.007ms p95=  0.000ms max=  0.911ms calls(last=  0,win=   1,total=15) (win 5.2% | avg 0.0% budget)
  frame.render.world.maze          win=  0.855ms avg=  0.855ms p95=  0.964ms max=  3.168ms calls(last=  1,win= 120,total=8091) (win 5.1% | avg 5.1% budget)
  enemy.physics.frontal_grid_build win=  0.834ms avg=  0.306ms p95=  0.875ms max=  1.903ms calls(last=  1,win=  44,total=627) (win 5.0% | avg 1.8% budget)
  enemy.physics.separation         win=  0.566ms avg=  0.207ms p95=  0.608ms max=  1.336ms calls(last=  1,win=  44,total=627) (win 3.4% | avg 1.2% budget)
  enemy.physics.separation_grid_build win=  0.538ms avg=  0.197ms p95=  0.578ms max=  1.249ms calls(last=  1,win=  44,total=627) (win 3.2% | avg 1.2% budget)
  enemy.cheap.segment_build        win=  0.096ms avg=  1.293ms p95=  2.166ms max=  3.113ms calls(last= 13,win=1616,total=40780) (win 0.6% | avg 7.8% budget)
  enemy.ai.movement                win=  0.091ms avg=  0.131ms p95=  0.275ms max=  0.698ms calls(last=  2,win= 173,total=1952) (win 0.5% | avg 0.8% budget)
  enemy.ai.decision                win=  0.058ms avg=  0.084ms p95=  0.184ms max=  1.186ms calls(last=  2,win= 173,total=1952) (win 0.4% | avg 0.5% budget)
  system.spawner_update            win=  0.046ms avg=  0.049ms p95=  0.083ms max=  1.015ms calls(last=  1,win= 129,total=4834) (win 0.3% | avg 0.3% budget)
  enemy.physics.frontal_pair_traverse win=  0.035ms avg=  0.013ms p95=  0.042ms max=  0.168ms calls(last=  1,win=  44,total=627) (win 0.2% | avg 0.1% budget)
  frame.input_poll                 win=  0.027ms avg=  0.027ms p95=  0.028ms max=  0.202ms calls(last=  1,win= 120,total=8160) (win 0.2% | avg 0.2% budget)
  enemy.type.torpedo               win=  0.024ms avg=  0.828ms p95=  1.345ms max=  2.985ms calls(last= 32,win=4128,total=141808) (win 0.1% | avg 5.0% budget)
[ENEMY_STATS] frame=8160 alive=72 visible=1 full=2 cheap=70 fullInBase=0 pairs(frontal=0 checks=0 separation=0 resolved=0)
[ENEMY_WINDOW] steps=129 alive[min=72 max=72] visible[min=1 max=1] full[min=1 max=2] collisionPasses[runs=44 skips=85]

[PROFILE] frame=8280 budget=16.667ms alloc(+97/-97, +259144b/-259144b, live=131304b peak=388400b)
  frame.total                      win= 19.068ms avg= 19.068ms p95= 24.912ms max= 82.940ms calls(last=  1,win= 120,total=8280) (win 114.4% | avg 114.4% budget)
  frame.render                     win= 10.744ms avg= 10.744ms p95= 11.495ms max= 82.902ms calls(last=  1,win= 120,total=8280) (win 64.5% | avg 64.5% budget)
  frame.present                    win= 10.737ms avg= 10.737ms p95= 11.487ms max= 82.894ms calls(last=  1,win= 120,total=8280) (win 64.4% | avg 64.4% budget)
  frame.fixed_step                 win=  7.203ms avg=  8.284ms p95= 14.304ms max= 15.444ms calls(last=  1,win= 138,total=8591) (win 43.2% | avg 49.7% budget)
  game.update                      win=  5.585ms avg=  6.422ms p95= 11.098ms max= 12.263ms calls(last=  1,win= 138,total=4972) (win 33.5% | avg 38.5% budget)
  system.ai_update                 win=  5.459ms avg=  6.278ms p95= 10.839ms max= 12.020ms calls(last=  1,win= 138,total=4972) (win 32.8% | avg 37.7% budget)
  enemy.update                     win=  5.454ms avg=  6.272ms p95= 10.828ms max= 12.008ms calls(last=  1,win= 138,total=4972) (win 32.7% | avg 37.6% budget)
  frame.render.world               win=  4.176ms avg=  8.352ms p95=  8.666ms max= 19.597ms calls(last=  2,win= 240,total=16422) (win 25.1% | avg 50.1% budget)
  frame.render.overlay             win=  3.047ms avg=  3.047ms p95=  3.731ms max=  6.470ms calls(last=  1,win= 120,total=11687) (win 18.3% | avg 18.3% budget)
  frame.render.world.enemies       win=  1.153ms avg=  1.153ms p95=  1.239ms max=  3.515ms calls(last=  1,win= 120,total=8211) (win 6.9% | avg 6.9% budget)
  enemy.torpedo.select_heading     win=  0.960ms avg=  0.016ms p95=  0.000ms max=  0.982ms calls(last=  0,win=   2,total=17) (win 5.8% | avg 0.1% budget)
  enemy.physics.frontal_collisions win=  0.885ms avg=  1.017ms p95=  1.758ms max=  2.060ms calls(last=  1,win= 138,total=765) (win 5.3% | avg 6.1% budget)
  enemy.physics.frontal_grid_build win=  0.842ms avg=  0.968ms p95=  1.682ms max=  1.968ms calls(last=  1,win= 138,total=765) (win 5.1% | avg 5.8% budget)
  frame.render.world.maze          win=  0.644ms avg=  0.644ms p95=  0.689ms max=  3.168ms calls(last=  1,win= 120,total=8211) (win 3.9% | avg 3.9% budget)
  enemy.physics.separation         win=  0.568ms avg=  0.653ms p95=  1.159ms max=  1.336ms calls(last=  1,win= 138,total=765) (win 3.4% | avg 3.9% budget)
  enemy.physics.separation_grid_build win=  0.539ms avg=  0.620ms p95=  1.087ms max=  1.249ms calls(last=  1,win= 138,total=765) (win 3.2% | avg 3.7% budget)
  frame.render.world.effects       win=  0.398ms avg=  0.398ms p95=  0.485ms max=  1.375ms calls(last=  1,win= 120,total=8211) (win 2.4% | avg 2.4% budget)
  enemy.ai.movement                win=  0.112ms avg=  0.258ms p95=  0.441ms max=  0.698ms calls(last=  2,win= 276,total=2228) (win 0.7% | avg 1.5% budget)
  enemy.cheap.segment_build        win=  0.094ms avg=  1.410ms p95=  2.483ms max=  3.113ms calls(last= 14,win=1801,total=42581) (win 0.6% | avg 8.5% budget)
  enemy.ai.decision                win=  0.078ms avg=  0.180ms p95=  0.284ms max=  1.186ms calls(last=  2,win= 276,total=2228) (win 0.5% | avg 1.1% budget)
  system.spawner_update            win=  0.044ms avg=  0.050ms p95=  0.086ms max=  1.015ms calls(last=  1,win= 138,total=4972) (win 0.3% | avg 0.3% budget)
  enemy.physics.frontal_pair_traverse win=  0.035ms avg=  0.040ms p95=  0.069ms max=  0.168ms calls(last=  1,win= 138,total=765) (win 0.2% | avg 0.2% budget)
  enemy.type.torpedo               win=  0.032ms avg=  1.167ms p95=  2.047ms max=  2.985ms calls(last= 32,win=4416,total=146224) (win 0.2% | avg 7.0% budget)
  system.physics_collision         win=  0.032ms avg=  0.036ms p95=  0.069ms max=  0.133ms calls(last=  1,win= 138,total=4972) (win 0.2% | avg 0.2% budget)
[ENEMY_STATS] frame=8280 alive=72 visible=1 full=2 cheap=70 fullInBase=0 pairs(frontal=0 checks=0 separation=0 resolved=0)
[ENEMY_WINDOW] steps=138 alive[min=72 max=72] visible[min=1 max=1] full[min=2 max=2] collisionPasses[runs=138 skips=0]

[PROFILE] frame=8400 budget=16.667ms alloc(+87/-87, +171224b/-171224b, live=131304b peak=388400b)
  frame.total                      win= 18.101ms avg= 18.101ms p95= 24.838ms max= 82.940ms calls(last=  1,win= 120,total=8400) (win 108.6% | avg 108.6% budget)
  frame.render                     win= 11.255ms avg= 11.255ms p95= 12.246ms max= 82.902ms calls(last=  1,win= 120,total=8400) (win 67.5% | avg 67.5% budget)
  frame.present                    win= 11.248ms avg= 11.248ms p95= 12.239ms max= 82.894ms calls(last=  1,win= 120,total=8400) (win 67.5% | avg 67.5% budget)
  frame.fixed_step                 win=  6.234ms avg=  6.805ms p95= 14.126ms max= 15.444ms calls(last=  1,win= 131,total=8722) (win 37.4% | avg 40.8% budget)
  game.update                      win=  4.616ms avg=  5.039ms p95= 10.893ms max= 12.263ms calls(last=  1,win= 131,total=5103) (win 27.7% | avg 30.2% budget)
  system.ai_update                 win=  4.477ms avg=  4.887ms p95= 10.622ms max= 12.020ms calls(last=  1,win= 131,total=5103) (win 26.9% | avg 29.3% budget)
  enemy.update                     win=  4.471ms avg=  4.881ms p95= 10.610ms max= 12.008ms calls(last=  1,win= 131,total=5103) (win 26.8% | avg 29.3% budget)
  frame.render.world               win=  4.278ms avg=  8.556ms p95=  9.015ms max= 19.597ms calls(last=  2,win= 240,total=16662) (win 25.7% | avg 51.3% budget)
  frame.render.overlay             win=  3.068ms avg=  3.068ms p95=  3.754ms max=  6.470ms calls(last=  1,win= 120,total=11807) (win 18.4% | avg 18.4% budget)
  frame.render.world.enemies       win=  1.132ms avg=  1.132ms p95=  1.246ms max=  3.515ms calls(last=  1,win= 120,total=8331) (win 6.8% | avg 6.8% budget)
  enemy.physics.frontal_collisions win=  0.883ms avg=  0.486ms p95=  1.718ms max=  2.249ms calls(last=  0,win=  66,total=831) (win 5.3% | avg 2.9% budget)
  enemy.physics.frontal_grid_build win=  0.842ms avg=  0.463ms p95=  1.640ms max=  2.167ms calls(last=  0,win=  66,total=831) (win 5.1% | avg 2.8% budget)
  frame.render.world.maze          win=  0.742ms avg=  0.742ms p95=  0.850ms max=  3.168ms calls(last=  1,win= 120,total=8331) (win 4.5% | avg 4.5% budget)
  enemy.physics.separation         win=  0.568ms avg=  0.312ms p95=  1.118ms max=  1.366ms calls(last=  0,win=  66,total=831) (win 3.4% | avg 1.9% budget)
  enemy.physics.separation_grid_build win=  0.540ms avg=  0.297ms p95=  1.064ms max=  1.293ms calls(last=  0,win=  66,total=831) (win 3.2% | avg 1.8% budget)
  frame.render.world.effects       win=  0.388ms avg=  0.388ms p95=  0.497ms max=  1.375ms calls(last=  1,win= 120,total=8331) (win 2.3% | avg 2.3% budget)
  enemy.ai.movement                win=  0.113ms avg=  0.186ms p95=  0.439ms max=  0.698ms calls(last=  1,win= 197,total=2425) (win 0.7% | avg 1.1% budget)
  enemy.cheap.segment_build        win=  0.094ms avg=  1.384ms p95=  2.434ms max=  3.113ms calls(last= 14,win=1767,total=44348) (win 0.6% | avg 8.3% budget)
  enemy.ai.decision                win=  0.056ms avg=  0.092ms p95=  0.266ms max=  1.186ms calls(last=  1,win= 197,total=2425) (win 0.3% | avg 0.6% budget)
  system.spawner_update            win=  0.044ms avg=  0.048ms p95=  0.085ms max=  1.015ms calls(last=  1,win= 131,total=5103) (win 0.3% | avg 0.3% budget)
  enemy.physics.frontal_pair_traverse win=  0.033ms avg=  0.018ms p95=  0.063ms max=  0.168ms calls(last=  0,win=  66,total=831) (win 0.2% | avg 0.1% budget)
  enemy.type.torpedo               win=  0.029ms avg=  1.005ms p95=  1.982ms max=  2.985ms calls(last= 32,win=4192,total=150416) (win 0.2% | avg 6.0% budget)
  frame.input_poll                 win=  0.028ms avg=  0.028ms p95=  0.029ms max=  0.202ms calls(last=  1,win= 120,total=8400) (win 0.2% | avg 0.2% budget)
  system.physics_collision         win=  0.028ms avg=  0.030ms p95=  0.059ms max=  0.133ms calls(last=  1,win= 131,total=5103) (win 0.2% | avg 0.2% budget)
[ENEMY_STATS] frame=8400 alive=72 visible=0 full=1 cheap=71 fullInBase=0 pairs(frontal=0 checks=0 separation=0 resolved=0)
[ENEMY_WINDOW] steps=131 alive[min=72 max=72] visible[min=0 max=1] full[min=1 max=2] collisionPasses[runs=65 skips=66]

[PROFILE] frame=8520 budget=16.667ms alloc(+87/-87, +171224b/-171224b, live=131304b peak=388400b)
  frame.total                      win= 17.036ms avg= 17.036ms p95= 17.582ms max= 82.940ms calls(last=  1,win= 120,total=8520) (win 102.2% | avg 102.2% budget)
  frame.render                     win= 11.640ms avg= 11.640ms p95= 12.256ms max= 82.902ms calls(last=  1,win= 120,total=8520) (win 69.8% | avg 69.8% budget)
  frame.present                    win= 11.632ms avg= 11.632ms p95= 12.249ms max= 82.894ms calls(last=  1,win= 120,total=8520) (win 69.8% | avg 69.8% budget)
  frame.fixed_step                 win=  5.225ms avg=  5.356ms p95=  5.673ms max= 15.444ms calls(last=  1,win= 123,total=8845) (win 31.3% | avg 32.1% budget)
  frame.render.world               win=  4.244ms avg=  8.488ms p95=  8.829ms max= 19.597ms calls(last=  2,win= 240,total=16902) (win 25.5% | avg 50.9% budget)
  game.update                      win=  3.602ms avg=  3.692ms p95=  3.944ms max= 12.263ms calls(last=  1,win= 123,total=5226) (win 21.6% | avg 22.2% budget)
  system.ai_update                 win=  3.466ms avg=  3.553ms p95=  3.816ms max= 12.020ms calls(last=  1,win= 123,total=5226) (win 20.8% | avg 21.3% budget)
  enemy.update                     win=  3.460ms avg=  3.547ms p95=  3.810ms max= 12.008ms calls(last=  1,win= 123,total=5226) (win 20.8% | avg 21.3% budget)
  frame.render.overlay             win=  3.028ms avg=  3.028ms p95=  3.677ms max=  6.470ms calls(last=  1,win= 120,total=11927) (win 18.2% | avg 18.2% budget)
  frame.render.world.enemies       win=  1.104ms avg=  1.104ms p95=  1.143ms max=  3.515ms calls(last=  1,win= 120,total=8451) (win 6.6% | avg 6.6% budget)
  frame.render.world.maze          win=  0.781ms avg=  0.781ms p95=  0.838ms max=  3.168ms calls(last=  1,win= 120,total=8451) (win 4.7% | avg 4.7% budget)
  frame.render.world.effects       win=  0.360ms avg=  0.360ms p95=  0.452ms max=  1.375ms calls(last=  1,win= 120,total=8451) (win 2.2% | avg 2.2% budget)
  enemy.ai.movement                win=  0.116ms avg=  0.119ms p95=  0.154ms max=  0.698ms calls(last=  1,win= 123,total=2548) (win 0.7% | avg 0.7% budget)
  enemy.cheap.segment_build        win=  0.095ms avg=  1.310ms p95=  1.599ms max=  3.113ms calls(last= 13,win=1664,total=46012) (win 0.6% | avg 7.9% budget)
  system.spawner_update            win=  0.042ms avg=  0.044ms p95=  0.046ms max=  1.015ms calls(last=  1,win= 123,total=5226) (win 0.3% | avg 0.3% budget)
  frame.input_poll                 win=  0.028ms avg=  0.028ms p95=  0.029ms max=  0.202ms calls(last=  1,win= 120,total=8520) (win 0.2% | avg 0.2% budget)
  system.player_update             win=  0.027ms avg=  0.028ms p95=  0.046ms max=  0.182ms calls(last=  1,win= 123,total=4504) (win 0.2% | avg 0.2% budget)
  enemy.ai.decision                win=  0.025ms avg=  0.026ms p95=  0.026ms max=  1.186ms calls(last=  1,win= 123,total=2548) (win 0.2% | avg 0.2% budget)
  enemy.type.torpedo               win=  0.025ms avg=  0.822ms p95=  1.100ms max=  2.985ms calls(last= 32,win=3936,total=154352) (win 0.2% | avg 4.9% budget)
  system.physics_collision         win=  0.025ms avg=  0.026ms p95=  0.040ms max=  0.133ms calls(last=  1,win= 123,total=5226) (win 0.1% | avg 0.2% budget)
  enemy.type.drone                 win=  0.023ms avg=  0.928ms p95=  1.171ms max=  2.543ms calls(last= 40,win=4920,total=193768) (win 0.1% | avg 5.6% budget)
  enemy.ai.perception              win=  0.006ms avg=  0.006ms p95=  0.007ms max=  0.048ms calls(last=  1,win= 123,total=2548) (win 0.0% | avg 0.0% budget)
  system.projectile_update         win=  0.004ms avg=  0.004ms p95=  0.004ms max=  0.100ms calls(last=  1,win= 123,total=5226) (win 0.0% | avg 0.0% budget)
  enemy.ai.firing                  win=  0.004ms avg=  0.004ms p95=  0.004ms max=  0.048ms calls(last=  1,win= 123,total=2548) (win 0.0% | avg 0.0% budget)
[ENEMY_STATS] frame=8520 alive=72 visible=0 full=1 cheap=71 fullInBase=0 pairs(frontal=0 checks=0 separation=0 resolved=0)
[ENEMY_WINDOW] steps=123 alive[min=72 max=72] visible[min=0 max=0] full[min=1 max=1] collisionPasses[runs=0 skips=123]

[PROFILE] frame=8640 budget=16.667ms alloc(+87/-87, +171224b/-171224b, live=131304b peak=388400b)
  frame.total                      win= 17.068ms avg= 17.068ms p95= 17.582ms max= 82.940ms calls(last=  1,win= 120,total=8640) (win 102.4% | avg 102.4% budget)
  frame.render                     win= 11.801ms avg= 11.801ms p95= 12.372ms max= 82.902ms calls(last=  1,win= 120,total=8640) (win 70.8% | avg 70.8% budget)
  frame.present                    win= 11.794ms avg= 11.794ms p95= 12.364ms max= 82.894ms calls(last=  1,win= 120,total=8640) (win 70.8% | avg 70.8% budget)
  frame.fixed_step                 win=  5.057ms avg=  5.225ms p95=  5.481ms max= 15.444ms calls(last=  1,win= 124,total=8969) (win 30.3% | avg 31.4% budget)
  frame.render.world               win=  4.292ms avg=  8.584ms p95=  9.005ms max= 19.597ms calls(last=  2,win= 240,total=17142) (win 25.8% | avg 51.5% budget)
  game.update                      win=  3.437ms avg=  3.551ms p95=  3.890ms max= 12.263ms calls(last=  1,win= 124,total=5350) (win 20.6% | avg 21.3% budget)
  system.ai_update                 win=  3.302ms avg=  3.412ms p95=  3.761ms max= 12.020ms calls(last=  1,win= 124,total=5350) (win 19.8% | avg 20.5% budget)
  enemy.update                     win=  3.297ms avg=  3.406ms p95=  3.756ms max= 12.008ms calls(last=  1,win= 124,total=5350) (win 19.8% | avg 20.4% budget)
  frame.render.overlay             win=  3.018ms avg=  3.018ms p95=  3.660ms max=  6.470ms calls(last=  1,win= 120,total=12047) (win 18.1% | avg 18.1% budget)
  frame.render.world.enemies       win=  1.110ms avg=  1.110ms p95=  1.143ms max=  3.515ms calls(last=  1,win= 120,total=8571) (win 6.7% | avg 6.7% budget)
  frame.render.world.maze          win=  0.799ms avg=  0.799ms p95=  0.863ms max=  3.168ms calls(last=  1,win= 120,total=8571) (win 4.8% | avg 4.8% budget)
  frame.render.world.effects       win=  0.379ms avg=  0.379ms p95=  0.481ms max=  1.375ms calls(last=  1,win= 120,total=8571) (win 2.3% | avg 2.3% budget)
  enemy.cheap.segment_build        win=  0.094ms avg=  1.327ms p95=  1.716ms max=  3.113ms calls(last= 14,win=1701,total=47713) (win 0.6% | avg 8.0% budget)
  enemy.ai.decision                win=  0.056ms avg=  0.002ms p95=  0.000ms max=  1.186ms calls(last=  0,win=   4,total=2552) (win 0.3% | avg 0.0% budget)
  system.spawner_update            win=  0.042ms avg=  0.044ms p95=  0.061ms max=  1.015ms calls(last=  1,win= 124,total=5350) (win 0.3% | avg 0.3% budget)
  enemy.ai.movement                win=  0.034ms avg=  0.001ms p95=  0.000ms max=  0.698ms calls(last=  0,win=   4,total=2552) (win 0.2% | avg 0.0% budget)
  frame.input_poll                 win=  0.028ms avg=  0.028ms p95=  0.029ms max=  0.202ms calls(last=  1,win= 120,total=8640) (win 0.2% | avg 0.2% budget)
  system.player_update             win=  0.026ms avg=  0.027ms p95=  0.030ms max=  0.182ms calls(last=  1,win= 124,total=4628) (win 0.2% | avg 0.2% budget)
  enemy.type.torpedo               win=  0.025ms avg=  0.836ms p95=  1.092ms max=  2.985ms calls(last= 32,win=3968,total=158320) (win 0.2% | avg 5.0% budget)
  system.physics_collision         win=  0.025ms avg=  0.026ms p95=  0.035ms max=  0.161ms calls(last=  1,win= 124,total=5350) (win 0.1% | avg 0.2% budget)
  enemy.type.drone                 win=  0.019ms avg=  0.772ms p95=  1.031ms max=  2.543ms calls(last= 40,win=4960,total=198728) (win 0.1% | avg 4.6% budget)
  enemy.ai.perception              win=  0.013ms avg=  0.000ms p95=  0.000ms max=  0.048ms calls(last=  0,win=   4,total=2552) (win 0.1% | avg 0.0% budget)
  system.projectile_update         win=  0.004ms avg=  0.004ms p95=  0.005ms max=  0.100ms calls(last=  1,win= 124,total=5350) (win 0.0% | avg 0.0% budget)
  enemy.ai.firing                  win=  0.004ms avg=  0.000ms p95=  0.000ms max=  0.048ms calls(last=  0,win=   4,total=2552) (win 0.0% | avg 0.0% budget)
[ENEMY_STATS] frame=8640 alive=72 visible=0 full=0 cheap=72 fullInBase=0 pairs(frontal=0 checks=0 separation=0 resolved=0)
[ENEMY_WINDOW] steps=124 alive[min=72 max=72] visible[min=0 max=0] full[min=0 max=1] collisionPasses[runs=0 skips=124]

[PROFILE] frame=8760 budget=16.667ms alloc(+89/-89, +171288b/-171288b, live=131304b peak=388400b)
  frame.total                      win= 17.090ms avg= 17.090ms p95= 17.674ms max= 82.940ms calls(last=  1,win= 120,total=8760) (win 102.5% | avg 102.5% budget)
  frame.render                     win= 11.710ms avg= 11.710ms p95= 12.318ms max= 82.902ms calls(last=  1,win= 120,total=8760) (win 70.3% | avg 70.3% budget)
  frame.present                    win= 11.703ms avg= 11.703ms p95= 12.311ms max= 82.894ms calls(last=  1,win= 120,total=8760) (win 70.2% | avg 70.2% budget)
  frame.fixed_step                 win=  5.168ms avg=  5.340ms p95=  5.687ms max= 15.444ms calls(last=  1,win= 124,total=9093) (win 31.0% | avg 32.0% budget)
  frame.render.world               win=  4.240ms avg=  8.480ms p95=  8.842ms max= 19.597ms calls(last=  2,win= 240,total=17382) (win 25.4% | avg 50.9% budget)
  game.update                      win=  3.550ms avg=  3.669ms p95=  4.102ms max= 12.263ms calls(last=  1,win= 124,total=5474) (win 21.3% | avg 22.0% budget)
  system.ai_update                 win=  3.419ms avg=  3.533ms p95=  3.971ms max= 12.020ms calls(last=  1,win= 124,total=5474) (win 20.5% | avg 21.2% budget)
  enemy.update                     win=  3.413ms avg=  3.527ms p95=  3.966ms max= 12.008ms calls(last=  1,win= 124,total=5474) (win 20.5% | avg 21.2% budget)
  frame.render.overlay             win=  3.020ms avg=  3.020ms p95=  3.686ms max=  6.470ms calls(last=  1,win= 120,total=12167) (win 18.1% | avg 18.1% budget)
  frame.render.world.enemies       win=  1.112ms avg=  1.112ms p95=  1.188ms max=  3.515ms calls(last=  1,win= 120,total=8691) (win 6.7% | avg 6.7% budget)
  enemy.torpedo.select_heading     win=  0.866ms avg=  0.007ms p95=  0.000ms max=  0.982ms calls(last=  0,win=   1,total=18) (win 5.2% | avg 0.0% budget)
  frame.render.world.maze          win=  0.755ms avg=  0.755ms p95=  0.814ms max=  3.168ms calls(last=  1,win= 120,total=8691) (win 4.5% | avg 4.5% budget)
  frame.render.world.effects       win=  0.377ms avg=  0.377ms p95=  0.466ms max=  1.375ms calls(last=  1,win= 120,total=8691) (win 2.3% | avg 2.3% budget)
  enemy.ai.decision                win=  0.164ms avg=  0.020ms p95=  0.115ms max=  1.186ms calls(last=  1,win=  15,total=2567) (win 1.0% | avg 0.1% budget)
  enemy.ai.movement                win=  0.116ms avg=  0.014ms p95=  0.116ms max=  0.698ms calls(last=  1,win=  15,total=2567) (win 0.7% | avg 0.1% budget)
  enemy.cheap.segment_build        win=  0.094ms avg=  1.409ms p95=  1.909ms max=  3.491ms calls(last= 14,win=1798,total=49511) (win 0.6% | avg 8.5% budget)
  system.spawner_update            win=  0.042ms avg=  0.044ms p95=  0.045ms max=  1.015ms calls(last=  1,win= 124,total=5474) (win 0.3% | avg 0.3% budget)
  enemy.type.torpedo               win=  0.028ms avg=  0.941ms p95=  1.363ms max=  2.985ms calls(last= 32,win=3968,total=162288) (win 0.2% | avg 5.6% budget)
  frame.input_poll                 win=  0.027ms avg=  0.027ms p95=  0.029ms max=  0.202ms calls(last=  1,win= 120,total=8760) (win 0.2% | avg 0.2% budget)
  system.player_update             win=  0.026ms avg=  0.027ms p95=  0.029ms max=  0.182ms calls(last=  1,win= 124,total=4752) (win 0.2% | avg 0.2% budget)
  system.physics_collision         win=  0.023ms avg=  0.024ms p95=  0.028ms max=  0.161ms calls(last=  1,win= 124,total=5474) (win 0.1% | avg 0.1% budget)
  enemy.type.drone                 win=  0.019ms avg=  0.785ms p95=  1.227ms max=  2.543ms calls(last= 40,win=4960,total=203688) (win 0.1% | avg 4.7% budget)
  enemy.ai.perception              win=  0.005ms avg=  0.001ms p95=  0.006ms max=  0.048ms calls(last=  1,win=  15,total=2567) (win 0.0% | avg 0.0% budget)
  enemy.ai.firing                  win=  0.005ms avg=  0.001ms p95=  0.005ms max=  0.048ms calls(last=  1,win=  15,total=2567) (win 0.0% | avg 0.0% budget)
[ENEMY_STATS] frame=8760 alive=72 visible=0 full=1 cheap=71 fullInBase=0 pairs(frontal=0 checks=0 separation=0 resolved=0)
[ENEMY_WINDOW] steps=124 alive[min=72 max=72] visible[min=0 max=0] full[min=0 max=1] collisionPasses[runs=0 skips=124]

[PROFILE] frame=8880 budget=16.667ms alloc(+89/-89, +171288b/-171288b, live=131304b peak=388400b)
  frame.total                      win= 17.126ms avg= 17.126ms p95= 17.674ms max= 82.940ms calls(last=  1,win= 120,total=8880) (win 102.8% | avg 102.8% budget)
  frame.render                     win= 11.461ms avg= 11.461ms p95= 12.093ms max= 82.902ms calls(last=  1,win= 120,total=8880) (win 68.8% | avg 68.8% budget)
  frame.present                    win= 11.454ms avg= 11.454ms p95= 12.086ms max= 82.894ms calls(last=  1,win= 120,total=8880) (win 68.7% | avg 68.7% budget)
  frame.fixed_step                 win=  5.442ms avg=  5.624ms p95=  6.012ms max= 15.444ms calls(last=  1,win= 124,total=9217) (win 32.7% | avg 33.7% budget)
  frame.render.world               win=  4.362ms avg=  8.723ms p95=  9.118ms max= 19.597ms calls(last=  2,win= 240,total=17622) (win 26.2% | avg 52.3% budget)
  game.update                      win=  3.825ms avg=  3.952ms p95=  4.387ms max= 12.263ms calls(last=  1,win= 124,total=5598) (win 22.9% | avg 23.7% budget)
  system.ai_update                 win=  3.690ms avg=  3.813ms p95=  4.256ms max= 12.020ms calls(last=  1,win= 124,total=5598) (win 22.1% | avg 22.9% budget)
  enemy.update                     win=  3.684ms avg=  3.807ms p95=  4.252ms max= 12.008ms calls(last=  1,win= 124,total=5598) (win 22.1% | avg 22.8% budget)
  frame.render.overlay             win=  3.054ms avg=  3.054ms p95=  3.714ms max=  6.470ms calls(last=  1,win= 120,total=12287) (win 18.3% | avg 18.3% budget)
  frame.render.world.enemies       win=  1.125ms avg=  1.125ms p95=  1.318ms max=  3.515ms calls(last=  1,win= 120,total=8811) (win 6.8% | avg 6.8% budget)
  frame.render.world.maze          win=  0.853ms avg=  0.853ms p95=  0.917ms max=  3.168ms calls(last=  1,win= 120,total=8811) (win 5.1% | avg 5.1% budget)
  enemy.torpedo.select_heading     win=  0.789ms avg=  0.013ms p95=  0.000ms max=  0.982ms calls(last=  0,win=   2,total=20) (win 4.7% | avg 0.1% budget)
  frame.render.world.effects       win=  0.373ms avg=  0.373ms p95=  0.467ms max=  1.375ms calls(last=  1,win= 120,total=8811) (win 2.2% | avg 2.2% budget)
  enemy.ai.decision                win=  0.136ms avg=  0.140ms p95=  0.203ms max=  1.186ms calls(last=  1,win= 124,total=2691) (win 0.8% | avg 0.8% budget)
  enemy.ai.movement                win=  0.122ms avg=  0.126ms p95=  0.206ms max=  0.698ms calls(last=  1,win= 124,total=2691) (win 0.7% | avg 0.8% budget)
  enemy.cheap.segment_build        win=  0.094ms avg=  1.413ms p95=  1.909ms max=  3.491ms calls(last= 14,win=1798,total=51309) (win 0.6% | avg 8.5% budget)
  system.spawner_update            win=  0.042ms avg=  0.044ms p95=  0.069ms max=  1.015ms calls(last=  1,win= 124,total=5598) (win 0.3% | avg 0.3% budget)
  enemy.type.torpedo               win=  0.037ms avg=  1.215ms p95=  1.655ms max=  3.208ms calls(last= 32,win=3968,total=166256) (win 0.2% | avg 7.3% budget)
  frame.input_poll                 win=  0.030ms avg=  0.030ms p95=  0.028ms max=  0.297ms calls(last=  1,win= 120,total=8880) (win 0.2% | avg 0.2% budget)
  system.player_update             win=  0.026ms avg=  0.027ms p95=  0.043ms max=  0.182ms calls(last=  1,win= 124,total=4876) (win 0.2% | avg 0.2% budget)
  system.physics_collision         win=  0.024ms avg=  0.025ms p95=  0.040ms max=  0.161ms calls(last=  1,win= 124,total=5598) (win 0.1% | avg 0.2% budget)
  enemy.type.drone                 win=  0.019ms avg=  0.768ms p95=  1.021ms max=  2.543ms calls(last= 40,win=4960,total=208648) (win 0.1% | avg 4.6% budget)
  enemy.ai.perception              win=  0.006ms avg=  0.007ms p95=  0.007ms max=  0.106ms calls(last=  1,win= 124,total=2691) (win 0.0% | avg 0.0% budget)
  enemy.ai.firing                  win=  0.005ms avg=  0.005ms p95=  0.006ms max=  0.048ms calls(last=  1,win= 124,total=2691) (win 0.0% | avg 0.0% budget)
[ENEMY_STATS] frame=8880 alive=72 visible=0 full=1 cheap=71 fullInBase=0 pairs(frontal=0 checks=0 separation=0 resolved=0)
[ENEMY_WINDOW] steps=124 alive[min=72 max=72] visible[min=0 max=0] full[min=1 max=1] collisionPasses[runs=0 skips=124]

[PROFILE] frame=9000 budget=16.667ms alloc(+87/-87, +171224b/-171224b, live=131304b peak=388400b)
  frame.total                      win= 17.118ms avg= 17.118ms p95= 17.860ms max= 82.940ms calls(last=  1,win= 120,total=9000) (win 102.7% | avg 102.7% budget)
  frame.render                     win= 11.502ms avg= 11.502ms p95= 12.203ms max= 82.902ms calls(last=  1,win= 120,total=9000) (win 69.0% | avg 69.0% budget)
  frame.present                    win= 11.494ms avg= 11.494ms p95= 12.196ms max= 82.894ms calls(last=  1,win= 120,total=9000) (win 69.0% | avg 69.0% budget)
  frame.fixed_step                 win=  5.396ms avg=  5.576ms p95=  5.939ms max= 15.444ms calls(last=  1,win= 124,total=9341) (win 32.4% | avg 33.5% budget)
  frame.render.world               win=  4.297ms avg=  8.594ms p95=  9.038ms max= 19.597ms calls(last=  2,win= 240,total=17862) (win 25.8% | avg 51.6% budget)
  game.update                      win=  3.779ms avg=  3.905ms p95=  4.351ms max= 12.263ms calls(last=  1,win= 124,total=5722) (win 22.7% | avg 23.4% budget)
  system.ai_update                 win=  3.644ms avg=  3.765ms p95=  4.219ms max= 12.020ms calls(last=  1,win= 124,total=5722) (win 21.9% | avg 22.6% budget)
  enemy.update                     win=  3.638ms avg=  3.760ms p95=  4.214ms max= 12.008ms calls(last=  1,win= 124,total=5722) (win 21.8% | avg 22.6% budget)
  frame.render.overlay             win=  3.024ms avg=  3.024ms p95=  3.666ms max=  6.470ms calls(last=  1,win= 120,total=12407) (win 18.1% | avg 18.1% budget)
  frame.render.world.enemies       win=  1.112ms avg=  1.112ms p95=  1.184ms max=  3.515ms calls(last=  1,win= 120,total=8931) (win 6.7% | avg 6.7% budget)
  frame.render.world.maze          win=  0.802ms avg=  0.802ms p95=  0.878ms max=  3.168ms calls(last=  1,win= 120,total=8931) (win 4.8% | avg 4.8% budget)
  enemy.torpedo.select_heading     win=  0.789ms avg=  0.007ms p95=  0.000ms max=  0.982ms calls(last=  0,win=   1,total=21) (win 4.7% | avg 0.0% budget)
  frame.render.world.effects       win=  0.372ms avg=  0.372ms p95=  0.474ms max=  1.375ms calls(last=  1,win= 120,total=8931) (win 2.2% | avg 2.2% budget)
  enemy.ai.decision                win=  0.133ms avg=  0.075ms p95=  0.151ms max=  1.186ms calls(last=  0,win=  68,total=2759) (win 0.8% | avg 0.5% budget)
  enemy.ai.movement                win=  0.119ms avg=  0.067ms p95=  0.131ms max=  0.698ms calls(last=  0,win=  68,total=2759) (win 0.7% | avg 0.4% budget)
  enemy.cheap.segment_build        win=  0.094ms avg=  1.510ms p95=  1.865ms max=  3.491ms calls(last= 15,win=1917,total=53226) (win 0.6% | avg 9.1% budget)
  system.spawner_update            win=  0.044ms avg=  0.045ms p95=  0.079ms max=  1.015ms calls(last=  1,win= 124,total=5722) (win 0.3% | avg 0.3% budget)
  enemy.type.torpedo               win=  0.032ms avg=  1.072ms p95=  1.502ms max=  3.208ms calls(last= 32,win=3968,total=170224) (win 0.2% | avg 6.4% budget)
  frame.input_poll                 win=  0.028ms avg=  0.028ms p95=  0.028ms max=  0.297ms calls(last=  1,win= 120,total=9000) (win 0.2% | avg 0.2% budget)
  system.player_update             win=  0.026ms avg=  0.027ms p95=  0.031ms max=  0.182ms calls(last=  1,win= 124,total=5000) (win 0.2% | avg 0.2% budget)
  system.physics_collision         win=  0.024ms avg=  0.025ms p95=  0.040ms max=  0.161ms calls(last=  1,win= 124,total=5722) (win 0.1% | avg 0.2% budget)
  enemy.type.drone                 win=  0.021ms avg=  0.878ms p95=  1.262ms max=  2.543ms calls(last= 40,win=4960,total=213608) (win 0.1% | avg 5.3% budget)
  enemy.ai.perception              win=  0.006ms avg=  0.003ms p95=  0.006ms max=  0.106ms calls(last=  0,win=  68,total=2759) (win 0.0% | avg 0.0% budget)
  enemy.ai.firing                  win=  0.005ms avg=  0.003ms p95=  0.006ms max=  0.048ms calls(last=  0,win=  68,total=2759) (win 0.0% | avg 0.0% budget)
[ENEMY_STATS] frame=9000 alive=72 visible=0 full=0 cheap=72 fullInBase=0 pairs(frontal=0 checks=0 separation=0 resolved=0)
[ENEMY_WINDOW] steps=124 alive[min=72 max=72] visible[min=0 max=0] full[min=0 max=1] collisionPasses[runs=0 skips=124]

[PROFILE] frame=9120 budget=16.667ms alloc(+102/-102, +259328b/-259328b, live=131304b peak=388400b)
  frame.total                      win= 19.039ms avg= 19.039ms p95= 25.822ms max= 82.940ms calls(last=  1,win= 120,total=9120) (win 114.2% | avg 114.2% budget)
  frame.render                     win= 11.141ms avg= 11.141ms p95= 12.174ms max= 82.902ms calls(last=  1,win= 120,total=9120) (win 66.8% | avg 66.8% budget)
  frame.present                    win= 11.133ms avg= 11.133ms p95= 12.167ms max= 82.894ms calls(last=  1,win= 120,total=9120) (win 66.8% | avg 66.8% budget)
  frame.fixed_step                 win=  6.883ms avg=  7.858ms p95= 15.115ms max= 15.444ms calls(last=  1,win= 137,total=9478) (win 41.3% | avg 47.1% budget)
  game.update                      win=  5.266ms avg=  6.012ms p95= 11.922ms max= 12.263ms calls(last=  1,win= 137,total=5859) (win 31.6% | avg 36.1% budget)
  system.ai_update                 win=  5.123ms avg=  5.848ms p95= 11.644ms max= 12.020ms calls(last=  1,win= 137,total=5859) (win 30.7% | avg 35.1% budget)
  enemy.update                     win=  5.117ms avg=  5.842ms p95= 11.634ms max= 12.008ms calls(last=  1,win= 137,total=5859) (win 30.7% | avg 35.1% budget)
  frame.render.world               win=  4.335ms avg=  8.671ms p95=  8.939ms max= 19.597ms calls(last=  2,win= 240,total=18102) (win 26.0% | avg 52.0% budget)
  frame.render.overlay             win=  3.048ms avg=  3.048ms p95=  3.717ms max=  6.470ms calls(last=  1,win= 120,total=12527) (win 18.3% | avg 18.3% budget)
  frame.render.world.enemies       win=  1.105ms avg=  1.105ms p95=  1.174ms max=  3.515ms calls(last=  1,win= 120,total=9051) (win 6.6% | avg 6.6% budget)
  enemy.physics.frontal_collisions win=  0.885ms avg=  0.700ms p95=  1.765ms max=  2.249ms calls(last=  1,win=  95,total=926) (win 5.3% | avg 4.2% budget)
  frame.render.world.maze          win=  0.855ms avg=  0.855ms p95=  0.940ms max=  3.168ms calls(last=  1,win= 120,total=9051) (win 5.1% | avg 5.1% budget)
  enemy.physics.frontal_grid_build win=  0.843ms avg=  0.667ms p95=  1.682ms max=  2.167ms calls(last=  1,win=  95,total=926) (win 5.1% | avg 4.0% budget)
  enemy.torpedo.select_heading     win=  0.831ms avg=  0.014ms p95=  0.000ms max=  0.982ms calls(last=  0,win=   2,total=23) (win 5.0% | avg 0.1% budget)
  enemy.physics.separation         win=  0.571ms avg=  0.452ms p95=  1.154ms max=  1.366ms calls(last=  1,win=  95,total=926) (win 3.4% | avg 2.7% budget)
  enemy.physics.separation_grid_build win=  0.540ms avg=  0.427ms p95=  1.089ms max=  1.293ms calls(last=  1,win=  95,total=926) (win 3.2% | avg 2.6% budget)
  frame.render.world.effects       win=  0.380ms avg=  0.380ms p95=  0.445ms max=  1.375ms calls(last=  1,win= 120,total=9051) (win 2.3% | avg 2.3% budget)
  enemy.ai.movement                win=  0.109ms avg=  0.256ms p95=  0.642ms max=  0.698ms calls(last=  3,win= 281,total=3040) (win 0.7% | avg 1.5% budget)
  enemy.cheap.segment_build        win=  0.094ms avg=  1.649ms p95=  2.953ms max=  3.491ms calls(last= 16,win=2114,total=55340) (win 0.6% | avg 9.9% budget)
  enemy.ai.decision                win=  0.076ms avg=  0.178ms p95=  0.429ms max=  1.186ms calls(last=  3,win= 281,total=3040) (win 0.5% | avg 1.1% budget)
  system.spawner_update            win=  0.043ms avg=  0.049ms p95=  0.086ms max=  1.015ms calls(last=  1,win= 137,total=5859) (win 0.3% | avg 0.3% budget)
  enemy.type.torpedo               win=  0.037ms avg=  1.340ms p95=  2.553ms max=  3.208ms calls(last= 32,win=4384,total=174608) (win 0.2% | avg 8.0% budget)
  enemy.physics.frontal_pair_traverse win=  0.034ms avg=  0.027ms p95=  0.065ms max=  0.168ms calls(last=  1,win=  95,total=926) (win 0.2% | avg 0.2% budget)
  system.physics_collision         win=  0.031ms avg=  0.035ms p95=  0.063ms max=  0.161ms calls(last=  1,win= 137,total=5859) (win 0.2% | avg 0.2% budget)
[ENEMY_STATS] frame=9120 alive=72 visible=0 full=3 cheap=69 fullInBase=0 pairs(frontal=0 checks=0 separation=0 resolved=0)
[ENEMY_WINDOW] steps=137 alive[min=72 max=72] visible[min=0 max=0] full[min=0 max=3] collisionPasses[runs=96 skips=41]

[PROFILE] frame=9240 budget=16.667ms alloc(+96/-96, +259120b/-259120b, live=131304b peak=388400b)
  frame.total                      win= 20.249ms avg= 20.249ms p95= 26.145ms max= 82.940ms calls(last=  1,win= 120,total=9240) (win 121.5% | avg 121.5% budget)
  frame.render                     win= 11.085ms avg= 11.085ms p95= 11.785ms max= 82.902ms calls(last=  1,win= 120,total=9240) (win 66.5% | avg 66.5% budget)
  frame.present                    win= 11.077ms avg= 11.077ms p95= 11.778ms max= 82.894ms calls(last=  1,win= 120,total=9240) (win 66.5% | avg 66.5% budget)
  frame.fixed_step                 win=  7.448ms avg=  9.124ms p95= 14.953ms max= 15.444ms calls(last=  1,win= 147,total=9625) (win 44.7% | avg 54.7% budget)
  game.update                      win=  5.834ms avg=  7.147ms p95= 11.766ms max= 12.263ms calls(last=  1,win= 147,total=6006) (win 35.0% | avg 42.9% budget)
  system.ai_update                 win=  5.691ms avg=  6.971ms p95= 11.499ms max= 12.020ms calls(last=  1,win= 147,total=6006) (win 34.1% | avg 41.8% budget)
  enemy.update                     win=  5.686ms avg=  6.965ms p95= 11.490ms max= 12.008ms calls(last=  1,win= 147,total=6006) (win 34.1% | avg 41.8% budget)
  frame.render.world               win=  4.519ms avg=  9.039ms p95=  9.290ms max= 19.597ms calls(last=  2,win= 240,total=18342) (win 27.1% | avg 54.2% budget)
  frame.render.overlay             win=  3.031ms avg=  3.031ms p95=  3.588ms max=  6.470ms calls(last=  1,win= 120,total=12647) (win 18.2% | avg 18.2% budget)
  frame.render.world.enemies       win=  1.103ms avg=  1.103ms p95=  1.179ms max=  3.515ms calls(last=  1,win= 120,total=9171) (win 6.6% | avg 6.6% budget)
  frame.render.world.maze          win=  1.030ms avg=  1.030ms p95=  1.108ms max=  3.168ms calls(last=  1,win= 120,total=9171) (win 6.2% | avg 6.2% budget)
  enemy.physics.frontal_collisions win=  0.875ms avg=  1.072ms p95=  1.758ms max=  2.249ms calls(last=  1,win= 147,total=1073) (win 5.2% | avg 6.4% budget)
  enemy.physics.frontal_grid_build win=  0.835ms avg=  1.023ms p95=  1.678ms max=  2.167ms calls(last=  1,win= 147,total=1073) (win 5.0% | avg 6.1% budget)
  enemy.torpedo.select_heading     win=  0.805ms avg=  0.020ms p95=  0.000ms max=  0.982ms calls(last=  0,win=   3,total=26) (win 4.8% | avg 0.1% budget)
  enemy.physics.separation         win=  0.570ms avg=  0.698ms p95=  1.148ms max=  1.366ms calls(last=  1,win= 147,total=1073) (win 3.4% | avg 4.2% budget)
  enemy.physics.separation_grid_build win=  0.540ms avg=  0.662ms p95=  1.091ms max=  1.293ms calls(last=  1,win= 147,total=1073) (win 3.2% | avg 4.0% budget)
  frame.render.world.effects       win=  0.389ms avg=  0.389ms p95=  0.460ms max=  1.375ms calls(last=  1,win= 120,total=9171) (win 2.3% | avg 2.3% budget)
  enemy.ai.movement                win=  0.105ms avg=  0.289ms p95=  0.642ms max=  0.698ms calls(last=  2,win= 331,total=3371) (win 0.6% | avg 1.7% budget)
  enemy.cheap.segment_build        win=  0.093ms avg=  1.772ms p95=  2.960ms max=  3.491ms calls(last= 15,win=2274,total=57614) (win 0.6% | avg 10.6% budget)
  enemy.ai.decision                win=  0.080ms avg=  0.220ms p95=  0.425ms max=  1.186ms calls(last=  2,win= 331,total=3371) (win 0.5% | avg 1.3% budget)
  system.spawner_update            win=  0.043ms avg=  0.053ms p95=  0.085ms max=  1.015ms calls(last=  1,win= 147,total=6006) (win 0.3% | avg 0.3% budget)
  enemy.type.torpedo               win=  0.037ms avg=  1.449ms p95=  2.526ms max=  3.208ms calls(last= 32,win=4704,total=179312) (win 0.2% | avg 8.7% budget)
  system.physics_collision         win=  0.032ms avg=  0.040ms p95=  0.063ms max=  0.161ms calls(last=  1,win= 147,total=6006) (win 0.2% | avg 0.2% budget)
  enemy.physics.frontal_pair_traverse win=  0.032ms avg=  0.039ms p95=  0.063ms max=  0.168ms calls(last=  1,win= 147,total=1073) (win 0.2% | avg 0.2% budget)
[ENEMY_STATS] frame=9240 alive=72 visible=0 full=2 cheap=70 fullInBase=0 pairs(frontal=0 checks=0 separation=0 resolved=0)
[ENEMY_WINDOW] steps=147 alive[min=72 max=72] visible[min=0 max=0] full[min=2 max=3] collisionPasses[runs=147 skips=0]

[PROFILE] frame=9360 budget=16.667ms alloc(+89/-89, +171288b/-171288b, live=131304b peak=388400b)
  frame.total                      win= 17.797ms avg= 17.797ms p95= 22.504ms max= 82.940ms calls(last=  1,win= 120,total=9360) (win 106.8% | avg 106.8% budget)
  frame.render                     win= 11.349ms avg= 11.349ms p95= 11.852ms max= 82.902ms calls(last=  1,win= 120,total=9360) (win 68.1% | avg 68.1% budget)
  frame.present                    win= 11.341ms avg= 11.341ms p95= 11.844ms max= 82.894ms calls(last=  1,win= 120,total=9360) (win 68.0% | avg 68.0% budget)
  frame.fixed_step                 win=  5.962ms avg=  6.409ms p95= 11.184ms max= 15.444ms calls(last=  1,win= 129,total=9754) (win 35.8% | avg 38.5% budget)
  frame.render.world               win=  4.511ms avg=  9.023ms p95=  9.423ms max= 19.597ms calls(last=  2,win= 240,total=18582) (win 27.1% | avg 54.1% budget)
  game.update                      win=  4.349ms avg=  4.675ms p95=  7.941ms max= 12.263ms calls(last=  1,win= 129,total=6135) (win 26.1% | avg 28.1% budget)
  system.ai_update                 win=  4.214ms avg=  4.530ms p95=  7.680ms max= 12.020ms calls(last=  1,win= 129,total=6135) (win 25.3% | avg 27.2% budget)
  enemy.update                     win=  4.208ms avg=  4.524ms p95=  7.669ms max= 12.008ms calls(last=  1,win= 129,total=6135) (win 25.2% | avg 27.1% budget)
  frame.render.overlay             win=  3.032ms avg=  3.032ms p95=  3.685ms max=  6.470ms calls(last=  1,win= 120,total=12767) (win 18.2% | avg 18.2% budget)
  frame.render.world.enemies       win=  1.117ms avg=  1.117ms p95=  1.183ms max=  3.515ms calls(last=  1,win= 120,total=9291) (win 6.7% | avg 6.7% budget)
  frame.render.world.maze          win=  1.009ms avg=  1.009ms p95=  1.118ms max=  3.168ms calls(last=  1,win= 120,total=9291) (win 6.1% | avg 6.1% budget)
  enemy.physics.frontal_collisions win=  0.875ms avg=  0.204ms p95=  0.931ms max=  2.249ms calls(last=  0,win=  28,total=1101) (win 5.3% | avg 1.2% budget)
  enemy.physics.frontal_grid_build win=  0.836ms avg=  0.195ms p95=  0.888ms max=  2.167ms calls(last=  0,win=  28,total=1101) (win 5.0% | avg 1.2% budget)
  enemy.torpedo.select_heading     win=  0.822ms avg=  0.014ms p95=  0.000ms max=  0.982ms calls(last=  0,win=   2,total=28) (win 4.9% | avg 0.1% budget)
  enemy.physics.separation         win=  0.565ms avg=  0.132ms p95=  0.583ms max=  1.366ms calls(last=  0,win=  28,total=1101) (win 3.4% | avg 0.8% budget)
  enemy.physics.separation_grid_build win=  0.538ms avg=  0.125ms p95=  0.553ms max=  1.293ms calls(last=  0,win=  28,total=1101) (win 3.2% | avg 0.8% budget)
  frame.render.world.effects       win=  0.388ms avg=  0.388ms p95=  0.476ms max=  1.375ms calls(last=  1,win= 120,total=9291) (win 2.3% | avg 2.3% budget)
  enemy.ai.decision                win=  0.117ms avg=  0.153ms p95=  0.317ms max=  1.186ms calls(last=  1,win= 157,total=3528) (win 0.7% | avg 0.9% budget)
  enemy.ai.movement                win=  0.100ms avg=  0.131ms p95=  0.224ms max=  0.698ms calls(last=  1,win= 157,total=3528) (win 0.6% | avg 0.8% budget)
  enemy.cheap.segment_build        win=  0.093ms avg=  1.629ms p95=  2.994ms max=  3.726ms calls(last= 17,win=2095,total=59709) (win 0.6% | avg 9.8% budget)
  system.spawner_update            win=  0.042ms avg=  0.045ms p95=  0.084ms max=  1.015ms calls(last=  1,win= 129,total=6135) (win 0.3% | avg 0.3% budget)
  enemy.type.torpedo               win=  0.036ms avg=  1.236ms p95=  2.316ms max=  3.208ms calls(last= 32,win=4128,total=183440) (win 0.2% | avg 7.4% budget)
  enemy.physics.frontal_pair_traverse win=  0.032ms avg=  0.007ms p95=  0.036ms max=  0.168ms calls(last=  0,win=  28,total=1101) (win 0.2% | avg 0.0% budget)
  frame.input_poll                 win=  0.027ms avg=  0.027ms p95=  0.028ms max=  0.297ms calls(last=  1,win= 120,total=9360) (win 0.2% | avg 0.2% budget)
[ENEMY_STATS] frame=9360 alive=72 visible=1 full=1 cheap=71 fullInBase=0 pairs(frontal=0 checks=0 separation=0 resolved=0)
[ENEMY_WINDOW] steps=129 alive[min=72 max=72] visible[min=0 max=1] full[min=1 max=2] collisionPasses[runs=27 skips=102]

[PROFILE] frame=9480 budget=16.667ms alloc(+96/-96, +258624b/-258624b, live=131304b peak=388400b)
  frame.total                      win= 18.601ms avg= 18.601ms p95= 25.879ms max= 82.940ms calls(last=  1,win= 120,total=9480) (win 111.6% | avg 111.6% budget)
  frame.render                     win= 11.330ms avg= 11.330ms p95= 12.001ms max= 82.902ms calls(last=  1,win= 120,total=9480) (win 68.0% | avg 68.0% budget)
  frame.present                    win= 11.323ms avg= 11.323ms p95= 11.993ms max= 82.894ms calls(last=  1,win= 120,total=9480) (win 67.9% | avg 67.9% budget)
  frame.fixed_step                 win=  6.475ms avg=  7.231ms p95= 14.817ms max= 15.990ms calls(last=  1,win= 134,total=9888) (win 38.9% | avg 43.4% budget)
  game.update                      win=  4.857ms avg=  5.424ms p95= 11.629ms max= 12.619ms calls(last=  1,win= 134,total=6269) (win 29.1% | avg 32.5% budget)
  system.ai_update                 win=  4.718ms avg=  5.268ms p95= 11.328ms max= 12.343ms calls(last=  1,win= 134,total=6269) (win 28.3% | avg 31.6% budget)
  enemy.update                     win=  4.712ms avg=  5.262ms p95= 11.319ms max= 12.332ms calls(last=  1,win= 134,total=6269) (win 28.3% | avg 31.6% budget)
  frame.render.world               win=  4.589ms avg=  9.178ms p95=  9.551ms max= 19.597ms calls(last=  2,win= 240,total=18822) (win 27.5% | avg 55.1% budget)
  frame.render.overlay             win=  3.038ms avg=  3.038ms p95=  3.674ms max=  6.470ms calls(last=  1,win= 120,total=12887) (win 18.2% | avg 18.2% budget)
  frame.render.world.enemies       win=  1.157ms avg=  1.157ms p95=  1.234ms max=  3.515ms calls(last=  1,win= 120,total=9411) (win 6.9% | avg 6.9% budget)
  frame.render.world.maze          win=  1.034ms avg=  1.034ms p95=  1.087ms max=  3.168ms calls(last=  1,win= 120,total=9411) (win 6.2% | avg 6.2% budget)
  enemy.physics.frontal_collisions win=  0.881ms avg=  0.455ms p95=  1.778ms max=  2.249ms calls(last=  1,win=  62,total=1163) (win 5.3% | avg 2.7% budget)
  enemy.physics.frontal_grid_build win=  0.841ms avg=  0.434ms p95=  1.698ms max=  2.167ms calls(last=  1,win=  62,total=1163) (win 5.0% | avg 2.6% budget)
  enemy.torpedo.select_heading     win=  0.698ms avg=  0.006ms p95=  0.000ms max=  0.982ms calls(last=  0,win=   1,total=29) (win 4.2% | avg 0.0% budget)
  enemy.physics.separation         win=  0.566ms avg=  0.292ms p95=  1.119ms max=  1.366ms calls(last=  1,win=  62,total=1163) (win 3.4% | avg 1.8% budget)
  enemy.physics.separation_grid_build win=  0.538ms avg=  0.278ms p95=  1.065ms max=  1.293ms calls(last=  1,win=  62,total=1163) (win 3.2% | avg 1.7% budget)
  frame.render.world.effects       win=  0.412ms avg=  0.412ms p95=  0.536ms max=  1.375ms calls(last=  1,win= 120,total=9411) (win 2.5% | avg 2.5% budget)
  enemy.ai.movement                win=  0.110ms avg=  0.180ms p95=  0.426ms max=  0.698ms calls(last=  2,win= 196,total=3724) (win 0.7% | avg 1.1% budget)
  enemy.cheap.segment_build        win=  0.094ms avg=  1.729ms p95=  3.100ms max=  4.046ms calls(last= 16,win=2209,total=61918) (win 0.6% | avg 10.4% budget)
  enemy.ai.decision                win=  0.093ms avg=  0.152ms p95=  0.277ms max=  1.186ms calls(last=  2,win= 196,total=3724) (win 0.6% | avg 0.9% budget)
  system.spawner_update            win=  0.043ms avg=  0.048ms p95=  0.085ms max=  1.015ms calls(last=  1,win= 134,total=6269) (win 0.3% | avg 0.3% budget)
  enemy.type.torpedo               win=  0.036ms avg=  1.275ms p95=  2.166ms max=  3.208ms calls(last= 32,win=4288,total=187728) (win 0.2% | avg 7.7% budget)
  enemy.physics.frontal_pair_traverse win=  0.032ms avg=  0.016ms p95=  0.060ms max=  0.168ms calls(last=  1,win=  62,total=1163) (win 0.2% | avg 0.1% budget)
  system.physics_collision         win=  0.028ms avg=  0.031ms p95=  0.063ms max=  0.161ms calls(last=  1,win= 134,total=6269) (win 0.2% | avg 0.2% budget)
[ENEMY_STATS] frame=9480 alive=72 visible=1 full=2 cheap=70 fullInBase=0 pairs(frontal=0 checks=0 separation=0 resolved=0)
[ENEMY_WINDOW] steps=134 alive[min=72 max=72] visible[min=1 max=1] full[min=1 max=2] collisionPasses[runs=63 skips=71]

[PROFILE] frame=9600 budget=16.667ms alloc(+202/-202, +518496b/-518496b, live=131304b peak=388400b)
  frame.total                      win= 20.960ms avg= 20.960ms p95= 26.775ms max= 82.940ms calls(last=  1,win= 120,total=9600) (win 125.8% | avg 125.8% budget)
  frame.render                     win= 11.249ms avg= 11.249ms p95= 11.990ms max= 82.902ms calls(last=  1,win= 120,total=9600) (win 67.5% | avg 67.5% budget)
  frame.present                    win= 11.241ms avg= 11.241ms p95= 11.983ms max= 82.894ms calls(last=  1,win= 120,total=9600) (win 67.4% | avg 67.4% budget)
  frame.fixed_step                 win=  7.634ms avg=  9.669ms p95= 15.542ms max= 16.197ms calls(last=  2,win= 152,total=10040) (win 45.8% | avg 58.0% budget)
  game.update                      win=  6.001ms avg=  7.602ms p95= 12.358ms max= 12.823ms calls(last=  2,win= 152,total=6421) (win 36.0% | avg 45.6% budget)
  system.ai_update                 win=  5.856ms avg=  7.418ms p95= 12.080ms max= 12.546ms calls(last=  2,win= 152,total=6421) (win 35.1% | avg 44.5% budget)
  enemy.update                     win=  5.851ms avg=  7.411ms p95= 12.070ms max= 12.536ms calls(last=  2,win= 152,total=6421) (win 35.1% | avg 44.5% budget)
  frame.render.world               win=  4.616ms avg=  9.231ms p95=  9.678ms max= 19.597ms calls(last=  2,win= 240,total=19062) (win 27.7% | avg 55.4% budget)
  frame.render.overlay             win=  3.082ms avg=  3.082ms p95=  3.665ms max=  6.470ms calls(last=  1,win= 120,total=13007) (win 18.5% | avg 18.5% budget)
  frame.render.world.enemies       win=  1.167ms avg=  1.167ms p95=  1.375ms max=  3.515ms calls(last=  1,win= 120,total=9531) (win 7.0% | avg 7.0% budget)
  frame.render.world.maze          win=  1.049ms avg=  1.049ms p95=  1.319ms max=  3.168ms calls(last=  1,win= 120,total=9531) (win 6.3% | avg 6.3% budget)
  enemy.physics.frontal_collisions win=  0.888ms avg=  1.125ms p95=  1.791ms max=  2.249ms calls(last=  2,win= 152,total=1315) (win 5.3% | avg 6.7% budget)
  enemy.physics.frontal_grid_build win=  0.847ms avg=  1.072ms p95=  1.709ms max=  2.167ms calls(last=  2,win= 152,total=1315) (win 5.1% | avg 6.4% budget)
  enemy.torpedo.select_heading     win=  0.665ms avg=  0.022ms p95=  0.000ms max=  0.982ms calls(last=  0,win=   4,total=33) (win 4.0% | avg 0.1% budget)
  enemy.physics.separation         win=  0.569ms avg=  0.721ms p95=  1.159ms max=  1.366ms calls(last=  2,win= 152,total=1315) (win 3.4% | avg 4.3% budget)
  enemy.physics.separation_grid_build win=  0.539ms avg=  0.682ms p95=  1.099ms max=  1.293ms calls(last=  2,win= 152,total=1315) (win 3.2% | avg 4.1% budget)
  frame.render.world.effects       win=  0.402ms avg=  0.402ms p95=  0.489ms max=  1.375ms calls(last=  1,win= 120,total=9531) (win 2.4% | avg 2.4% budget)
  enemy.ai.movement                win=  0.109ms avg=  0.362ms p95=  0.642ms max=  0.881ms calls(last=  6,win= 399,total=4123) (win 0.7% | avg 2.2% budget)
  enemy.cheap.segment_build        win=  0.094ms avg=  1.888ms p95=  3.263ms max=  4.046ms calls(last= 31,win=2409,total=64327) (win 0.6% | avg 11.3% budget)
  enemy.ai.decision                win=  0.079ms avg=  0.261ms p95=  0.474ms max=  1.186ms calls(last=  6,win= 399,total=4123) (win 0.5% | avg 1.6% budget)
  system.spawner_update            win=  0.044ms avg=  0.055ms p95=  0.087ms max=  1.015ms calls(last=  2,win= 152,total=6421) (win 0.3% | avg 0.3% budget)
  enemy.type.torpedo               win=  0.038ms avg=  1.530ms p95=  2.609ms max=  3.208ms calls(last= 64,win=4864,total=192592) (win 0.2% | avg 9.2% budget)
  enemy.physics.frontal_pair_traverse win=  0.033ms avg=  0.042ms p95=  0.068ms max=  0.168ms calls(last=  2,win= 152,total=1315) (win 0.2% | avg 0.3% budget)
  system.physics_collision         win=  0.033ms avg=  0.042ms p95=  0.074ms max=  0.161ms calls(last=  2,win= 152,total=6421) (win 0.2% | avg 0.3% budget)
[ENEMY_STATS] frame=9600 alive=72 visible=1 full=3 cheap=69 fullInBase=0 pairs(frontal=0 checks=0 separation=0 resolved=0)
[ENEMY_WINDOW] steps=152 alive[min=72 max=72] visible[min=1 max=1] full[min=2 max=4] collisionPasses[runs=152 skips=0]

[PROFILE] frame=9720 budget=16.667ms alloc(+99/-99, +259192b/-259192b, live=131304b peak=388400b)
  frame.total                      win= 21.075ms avg= 21.075ms p95= 27.117ms max= 82.940ms calls(last=  1,win= 120,total=9720) (win 126.4% | avg 126.4% budget)
  frame.render                     win= 11.322ms avg= 11.322ms p95= 12.000ms max= 82.902ms calls(last=  1,win= 120,total=9720) (win 67.9% | avg 67.9% budget)
  frame.present                    win= 11.315ms avg= 11.315ms p95= 11.993ms max= 82.894ms calls(last=  1,win= 120,total=9720) (win 67.9% | avg 67.9% budget)
  frame.fixed_step                 win=  7.666ms avg=  9.711ms p95= 15.476ms max= 16.197ms calls(last=  1,win= 152,total=10192) (win 46.0% | avg 58.3% budget)
  game.update                      win=  6.029ms avg=  7.637ms p95= 12.178ms max= 12.823ms calls(last=  1,win= 152,total=6573) (win 36.2% | avg 45.8% budget)
  system.ai_update                 win=  5.883ms avg=  7.452ms p95= 11.879ms max= 12.546ms calls(last=  1,win= 152,total=6573) (win 35.3% | avg 44.7% budget)
  enemy.update                     win=  5.877ms avg=  7.445ms p95= 11.868ms max= 12.536ms calls(last=  1,win= 152,total=6573) (win 35.3% | avg 44.7% budget)
  frame.render.world               win=  4.671ms avg=  9.342ms p95=  9.709ms max= 19.597ms calls(last=  2,win= 240,total=19302) (win 28.0% | avg 56.0% budget)
  frame.render.overlay             win=  3.093ms avg=  3.093ms p95=  3.819ms max=  6.470ms calls(last=  1,win= 120,total=13127) (win 18.6% | avg 18.6% budget)
  frame.render.world.enemies       win=  1.189ms avg=  1.189ms p95=  1.426ms max=  3.515ms calls(last=  1,win= 120,total=9651) (win 7.1% | avg 7.1% budget)
  frame.render.world.maze          win=  1.064ms avg=  1.064ms p95=  1.146ms max=  3.168ms calls(last=  1,win= 120,total=9651) (win 6.4% | avg 6.4% budget)
  enemy.physics.frontal_collisions win=  0.889ms avg=  1.126ms p95=  1.787ms max=  2.249ms calls(last=  1,win= 152,total=1467) (win 5.3% | avg 6.8% budget)
  enemy.torpedo.select_heading     win=  0.882ms avg=  0.015ms p95=  0.000ms max=  0.982ms calls(last=  0,win=   2,total=35) (win 5.3% | avg 0.1% budget)
  enemy.physics.frontal_grid_build win=  0.848ms avg=  1.075ms p95=  1.705ms max=  2.167ms calls(last=  1,win= 152,total=1467) (win 5.1% | avg 6.4% budget)
  enemy.physics.separation         win=  0.575ms avg=  0.728ms p95=  1.151ms max=  1.366ms calls(last=  1,win= 152,total=1467) (win 3.4% | avg 4.4% budget)
  enemy.physics.separation_grid_build win=  0.544ms avg=  0.689ms p95=  1.086ms max=  1.293ms calls(last=  1,win= 152,total=1467) (win 3.3% | avg 4.1% budget)
  frame.render.world.effects       win=  0.401ms avg=  0.401ms p95=  0.494ms max=  1.375ms calls(last=  1,win= 120,total=9651) (win 2.4% | avg 2.4% budget)
  enemy.ai.movement                win=  0.110ms avg=  0.372ms p95=  0.647ms max=  0.881ms calls(last=  2,win= 406,total=4529) (win 0.7% | avg 2.2% budget)
  enemy.cheap.segment_build        win=  0.095ms avg=  1.866ms p95=  3.044ms max=  4.046ms calls(last= 16,win=2362,total=66689) (win 0.6% | avg 11.2% budget)
  enemy.ai.decision                win=  0.086ms avg=  0.291ms p95=  0.458ms max=  1.321ms calls(last=  2,win= 406,total=4529) (win 0.5% | avg 1.7% budget)
  system.spawner_update            win=  0.043ms avg=  0.055ms p95=  0.087ms max=  1.015ms calls(last=  1,win= 152,total=6573) (win 0.3% | avg 0.3% budget)
  enemy.type.torpedo               win=  0.039ms avg=  1.591ms p95=  2.633ms max=  3.208ms calls(last= 32,win=4864,total=197456) (win 0.2% | avg 9.5% budget)
  enemy.physics.frontal_pair_traverse win=  0.033ms avg=  0.042ms p95=  0.068ms max=  0.168ms calls(last=  1,win= 152,total=1467) (win 0.2% | avg 0.3% budget)
  system.physics_collision         win=  0.032ms avg=  0.041ms p95=  0.074ms max=  0.161ms calls(last=  1,win= 152,total=6573) (win 0.2% | avg 0.2% budget)
[ENEMY_STATS] frame=9720 alive=72 visible=1 full=2 cheap=70 fullInBase=0 pairs(frontal=0 checks=0 separation=0 resolved=0)
[ENEMY_WINDOW] steps=152 alive[min=72 max=72] visible[min=1 max=2] full[min=2 max=3] collisionPasses[runs=152 skips=0]

[PROFILE] frame=9840 budget=16.667ms alloc(+99/-99, +259192b/-259192b, live=131304b peak=388480b)
  frame.total                      win= 21.272ms avg= 21.272ms p95= 27.439ms max= 82.940ms calls(last=  1,win= 120,total=9840) (win 127.6% | avg 127.6% budget)
  frame.render                     win= 11.250ms avg= 11.250ms p95= 12.098ms max= 82.902ms calls(last=  1,win= 120,total=9840) (win 67.5% | avg 67.5% budget)
  frame.present                    win= 11.243ms avg= 11.243ms p95= 12.092ms max= 82.894ms calls(last=  1,win= 120,total=9840) (win 67.5% | avg 67.5% budget)
  frame.fixed_step                 win=  7.777ms avg=  9.981ms p95= 15.968ms max= 17.292ms calls(last=  1,win= 154,total=10346) (win 46.7% | avg 59.9% budget)
  game.update                      win=  6.150ms avg=  7.893ms p95= 12.704ms max= 14.014ms calls(last=  1,win= 154,total=6727) (win 36.9% | avg 47.4% budget)
  system.ai_update                 win=  6.004ms avg=  7.706ms p95= 12.412ms max= 13.722ms calls(last=  1,win= 154,total=6727) (win 36.0% | avg 46.2% budget)
  enemy.update                     win=  5.999ms avg=  7.699ms p95= 12.401ms max= 13.712ms calls(last=  1,win= 154,total=6727) (win 36.0% | avg 46.2% budget)
  frame.render.world               win=  4.559ms avg=  9.118ms p95=  9.617ms max= 19.597ms calls(last=  2,win= 240,total=19542) (win 27.4% | avg 54.7% budget)
  frame.render.overlay             win=  3.131ms avg=  3.131ms p95=  3.908ms max=  6.470ms calls(last=  1,win= 120,total=13247) (win 18.8% | avg 18.8% budget)
  frame.render.world.enemies       win=  1.156ms avg=  1.156ms p95=  1.236ms max=  3.515ms calls(last=  1,win= 120,total=9771) (win 6.9% | avg 6.9% budget)
  frame.render.world.maze          win=  0.997ms avg=  0.997ms p95=  1.231ms max=  3.168ms calls(last=  1,win= 120,total=9771) (win 6.0% | avg 6.0% budget)
  enemy.physics.frontal_collisions win=  0.892ms avg=  1.145ms p95=  1.800ms max=  2.249ms calls(last=  1,win= 154,total=1621) (win 5.4% | avg 6.9% budget)
  enemy.physics.frontal_grid_build win=  0.847ms avg=  1.087ms p95=  1.706ms max=  2.167ms calls(last=  1,win= 154,total=1621) (win 5.1% | avg 6.5% budget)
  enemy.torpedo.select_heading     win=  0.674ms avg=  0.017ms p95=  0.000ms max=  0.982ms calls(last=  0,win=   3,total=38) (win 4.0% | avg 0.1% budget)
  enemy.physics.separation         win=  0.577ms avg=  0.740ms p95=  1.175ms max=  1.412ms calls(last=  1,win= 154,total=1621) (win 3.5% | avg 4.4% budget)
  enemy.physics.separation_grid_build win=  0.543ms avg=  0.696ms p95=  1.098ms max=  1.339ms calls(last=  1,win= 154,total=1621) (win 3.3% | avg 4.2% budget)
  frame.render.world.effects       win=  0.412ms avg=  0.412ms p95=  0.516ms max=  1.375ms calls(last=  1,win= 120,total=9771) (win 2.5% | avg 2.5% budget)
  enemy.ai.movement                win=  0.096ms avg=  0.434ms p95=  0.750ms max=  1.038ms calls(last=  3,win= 540,total=5069) (win 0.6% | avg 2.6% budget)
  enemy.cheap.segment_build        win=  0.094ms avg=  1.976ms p95=  3.377ms max=  4.046ms calls(last= 16,win=2531,total=69220) (win 0.6% | avg 11.9% budget)
  enemy.ai.decision                win=  0.065ms avg=  0.294ms p95=  0.480ms max=  1.748ms calls(last=  3,win= 540,total=5069) (win 0.4% | avg 1.8% budget)
  system.spawner_update            win=  0.044ms avg=  0.057ms p95=  0.087ms max=  1.015ms calls(last=  1,win= 154,total=6727) (win 0.3% | avg 0.3% budget)
  enemy.type.torpedo               win=  0.042ms avg=  1.708ms p95=  2.969ms max=  4.399ms calls(last= 32,win=4928,total=202384) (win 0.2% | avg 10.2% budget)
  enemy.physics.frontal_pair_traverse win=  0.037ms avg=  0.047ms p95=  0.080ms max=  0.168ms calls(last=  1,win= 154,total=1621) (win 0.2% | avg 0.3% budget)
  system.physics_collision         win=  0.032ms avg=  0.042ms p95=  0.069ms max=  0.178ms calls(last=  1,win= 154,total=6727) (win 0.2% | avg 0.2% budget)
[ENEMY_STATS] frame=9840 alive=72 visible=1 full=3 cheap=69 fullInBase=0 pairs(frontal=0 checks=0 separation=0 resolved=0)
[ENEMY_WINDOW] steps=154 alive[min=72 max=72] visible[min=1 max=1] full[min=2 max=5] collisionPasses[runs=154 skips=0]

[PROFILE] frame=9960 budget=16.667ms alloc(+102/-102, +259264b/-259264b, live=131304b peak=388480b)
  frame.total                      win= 20.998ms avg= 20.998ms p95= 27.323ms max= 82.940ms calls(last=  1,win= 120,total=9960) (win 126.0% | avg 126.0% budget)
  frame.render                     win= 11.117ms avg= 11.117ms p95= 11.980ms max= 82.902ms calls(last=  1,win= 120,total=9960) (win 66.7% | avg 66.7% budget)
  frame.present                    win= 11.109ms avg= 11.109ms p95= 11.974ms max= 82.894ms calls(last=  1,win= 120,total=9960) (win 66.7% | avg 66.7% budget)
  frame.fixed_step                 win=  7.768ms avg=  9.840ms p95= 15.804ms max= 17.292ms calls(last=  1,win= 152,total=10498) (win 46.6% | avg 59.0% budget)
  game.update                      win=  6.155ms avg=  7.797ms p95= 12.600ms max= 14.014ms calls(last=  1,win= 152,total=6879) (win 36.9% | avg 46.8% budget)
  system.ai_update                 win=  6.011ms avg=  7.614ms p95= 12.299ms max= 13.722ms calls(last=  1,win= 152,total=6879) (win 36.1% | avg 45.7% budget)
  enemy.update                     win=  6.006ms avg=  7.607ms p95= 12.287ms max= 13.712ms calls(last=  1,win= 152,total=6879) (win 36.0% | avg 45.6% budget)
  frame.render.world               win=  4.434ms avg=  8.868ms p95=  9.398ms max= 19.597ms calls(last=  2,win= 240,total=19782) (win 26.6% | avg 53.2% budget)
  frame.render.overlay             win=  3.121ms avg=  3.121ms p95=  3.785ms max=  6.470ms calls(last=  1,win= 120,total=13367) (win 18.7% | avg 18.7% budget)
  frame.render.world.enemies       win=  1.175ms avg=  1.175ms p95=  1.214ms max=  3.515ms calls(last=  1,win= 120,total=9891) (win 7.0% | avg 7.0% budget)
  enemy.physics.frontal_collisions win=  0.891ms avg=  1.128ms p95=  1.814ms max=  2.249ms calls(last=  1,win= 152,total=1773) (win 5.3% | avg 6.8% budget)
  frame.render.world.maze          win=  0.880ms avg=  0.880ms p95=  0.970ms max=  3.168ms calls(last=  1,win= 120,total=9891) (win 5.3% | avg 5.3% budget)
  enemy.torpedo.select_heading     win=  0.871ms avg=  0.029ms p95=  0.000ms max=  1.076ms calls(last=  0,win=   4,total=42) (win 5.2% | avg 0.2% budget)
  enemy.physics.frontal_grid_build win=  0.844ms avg=  1.070ms p95=  1.730ms max=  2.167ms calls(last=  1,win= 152,total=1773) (win 5.1% | avg 6.4% budget)
  enemy.physics.separation         win=  0.574ms avg=  0.728ms p95=  1.158ms max=  1.412ms calls(last=  1,win= 152,total=1773) (win 3.4% | avg 4.4% budget)
  enemy.physics.separation_grid_build win=  0.540ms avg=  0.684ms p95=  1.090ms max=  1.339ms calls(last=  1,win= 152,total=1773) (win 3.2% | avg 4.1% budget)
  frame.render.world.effects       win=  0.403ms avg=  0.403ms p95=  0.490ms max=  1.375ms calls(last=  1,win= 120,total=9891) (win 2.4% | avg 2.4% budget)
  enemy.ai.movement                win=  0.110ms avg=  0.417ms p95=  0.675ms max=  1.038ms calls(last=  3,win= 456,total=5525) (win 0.7% | avg 2.5% budget)
  enemy.cheap.segment_build        win=  0.094ms avg=  1.958ms p95=  3.175ms max=  4.046ms calls(last= 16,win=2504,total=71724) (win 0.6% | avg 11.7% budget)
  enemy.ai.decision                win=  0.084ms avg=  0.318ms p95=  0.499ms max=  1.748ms calls(last=  3,win= 456,total=5525) (win 0.5% | avg 1.9% budget)
  system.spawner_update            win=  0.044ms avg=  0.055ms p95=  0.087ms max=  1.015ms calls(last=  1,win= 152,total=6879) (win 0.3% | avg 0.3% budget)
  enemy.type.torpedo               win=  0.043ms avg=  1.727ms p95=  2.892ms max=  4.399ms calls(last= 32,win=4864,total=207248) (win 0.3% | avg 10.4% budget)
  enemy.physics.frontal_pair_traverse win=  0.038ms avg=  0.049ms p95=  0.089ms max=  0.168ms calls(last=  1,win= 152,total=1773) (win 0.2% | avg 0.3% budget)
  system.physics_collision         win=  0.032ms avg=  0.040ms p95=  0.069ms max=  0.178ms calls(last=  1,win= 152,total=6879) (win 0.2% | avg 0.2% budget)
[ENEMY_STATS] frame=9960 alive=72 visible=2 full=3 cheap=69 fullInBase=0 pairs(frontal=1 checks=1 separation=1 resolved=0)
[ENEMY_WINDOW] steps=152 alive[min=72 max=72] visible[min=1 max=2] full[min=3 max=3] collisionPasses[runs=152 skips=0]

[PROFILE] frame=10080 budget=16.667ms alloc(+102/-102, +259280b/-259280b, live=131304b peak=388480b)
  frame.total                      win= 20.777ms avg= 20.777ms p95= 27.083ms max= 82.940ms calls(last=  1,win= 120,total=10080) (win 124.7% | avg 124.7% budget)
  frame.render                     win= 10.970ms avg= 10.970ms p95= 11.750ms max= 82.902ms calls(last=  1,win= 120,total=10080) (win 65.8% | avg 65.8% budget)
  frame.present                    win= 10.963ms avg= 10.963ms p95= 11.743ms max= 82.894ms calls(last=  1,win= 120,total=10080) (win 65.8% | avg 65.8% budget)
  frame.fixed_step                 win=  7.812ms avg=  9.765ms p95= 15.859ms max= 17.292ms calls(last=  1,win= 150,total=10648) (win 46.9% | avg 58.6% budget)
  game.update                      win=  6.194ms avg=  7.742ms p95= 12.674ms max= 14.014ms calls(last=  1,win= 150,total=7029) (win 37.2% | avg 46.5% budget)
  system.ai_update                 win=  6.047ms avg=  7.558ms p95= 12.391ms max= 13.722ms calls(last=  1,win= 150,total=7029) (win 36.3% | avg 45.3% budget)
  enemy.update                     win=  6.041ms avg=  7.551ms p95= 12.380ms max= 13.712ms calls(last=  1,win= 150,total=7029) (win 36.2% | avg 45.3% budget)
  frame.render.world               win=  4.331ms avg=  8.663ms p95=  9.154ms max= 19.597ms calls(last=  2,win= 240,total=20022) (win 26.0% | avg 52.0% budget)
  frame.render.overlay             win=  3.087ms avg=  3.087ms p95=  3.738ms max=  6.470ms calls(last=  1,win= 120,total=13487) (win 18.5% | avg 18.5% budget)
  frame.render.world.enemies       win=  1.136ms avg=  1.136ms p95=  1.212ms max=  3.515ms calls(last=  1,win= 120,total=10011) (win 6.8% | avg 6.8% budget)
  enemy.torpedo.select_heading     win=  0.954ms avg=  0.032ms p95=  0.000ms max=  1.076ms calls(last=  0,win=   4,total=46) (win 5.7% | avg 0.2% budget)
  enemy.physics.frontal_collisions win=  0.908ms avg=  1.135ms p95=  1.844ms max=  2.249ms calls(last=  1,win= 150,total=1923) (win 5.4% | avg 6.8% budget)
  enemy.physics.frontal_grid_build win=  0.840ms avg=  1.050ms p95=  1.708ms max=  2.167ms calls(last=  1,win= 150,total=1923) (win 5.0% | avg 6.3% budget)
  frame.render.world.maze          win=  0.791ms avg=  0.791ms p95=  0.876ms max=  3.168ms calls(last=  1,win= 120,total=10011) (win 4.7% | avg 4.7% budget)
  enemy.physics.separation         win=  0.584ms avg=  0.731ms p95=  1.187ms max=  1.412ms calls(last=  1,win= 150,total=1923) (win 3.5% | avg 4.4% budget)
  enemy.physics.separation_grid_build win=  0.539ms avg=  0.674ms p95=  1.095ms max=  1.339ms calls(last=  1,win= 150,total=1923) (win 3.2% | avg 4.0% budget)
  frame.render.world.effects       win=  0.379ms avg=  0.379ms p95=  0.460ms max=  1.375ms calls(last=  1,win= 120,total=10011) (win 2.3% | avg 2.3% budget)
  enemy.ai.movement                win=  0.098ms avg=  0.374ms p95=  0.650ms max=  1.038ms calls(last=  3,win= 459,total=5984) (win 0.6% | avg 2.2% budget)
  enemy.ai.decision                win=  0.095ms avg=  0.364ms p95=  0.575ms max=  1.748ms calls(last=  3,win= 459,total=5984) (win 0.6% | avg 2.2% budget)
  enemy.cheap.segment_build        win=  0.093ms avg=  1.912ms p95=  3.221ms max=  4.046ms calls(last= 17,win=2469,total=74193) (win 0.6% | avg 11.5% budget)
  enemy.physics.frontal_pair_traverse win=  0.060ms avg=  0.075ms p95=  0.127ms max=  0.168ms calls(last=  1,win= 150,total=1923) (win 0.4% | avg 0.5% budget)
  system.spawner_update            win=  0.044ms avg=  0.055ms p95=  0.088ms max=  1.015ms calls(last=  1,win= 150,total=7029) (win 0.3% | avg 0.3% budget)
  enemy.type.torpedo               win=  0.043ms avg=  1.719ms p95=  2.850ms max=  4.399ms calls(last= 32,win=4800,total=212048) (win 0.3% | avg 10.3% budget)
  enemy.physics.separation_pair_traverse win=  0.040ms avg=  0.050ms p95=  0.082ms max=  0.119ms calls(last=  1,win= 150,total=1923) (win 0.2% | avg 0.3% budget)
[ENEMY_STATS] frame=10080 alive=72 visible=0 full=3 cheap=69 fullInBase=0 pairs(frontal=1 checks=1 separation=1 resolved=0)
[ENEMY_WINDOW] steps=150 alive[min=72 max=72] visible[min=0 max=2] full[min=3 max=4] collisionPasses[runs=150 skips=0]

[PROFILE] frame=10200 budget=16.667ms alloc(+214/-214, +518768b/-518768b, live=131304b peak=388480b)
  frame.total                      win= 21.363ms avg= 21.363ms p95= 27.478ms max= 82.940ms calls(last=  1,win= 120,total=10200) (win 128.2% | avg 128.2% budget)
  frame.render                     win= 10.947ms avg= 10.947ms p95= 11.783ms max= 82.902ms calls(last=  1,win= 120,total=10200) (win 65.7% | avg 65.7% budget)
  frame.present                    win= 10.940ms avg= 10.940ms p95= 11.776ms max= 82.894ms calls(last=  1,win= 120,total=10200) (win 65.6% | avg 65.6% budget)
  frame.fixed_step                 win=  8.032ms avg= 10.375ms p95= 16.583ms max= 17.383ms calls(last=  2,win= 155,total=10803) (win 48.2% | avg 62.3% budget)
  game.update                      win=  6.415ms avg=  8.286ms p95= 13.277ms max= 14.099ms calls(last=  2,win= 155,total=7184) (win 38.5% | avg 49.7% budget)
  system.ai_update                 win=  6.267ms avg=  8.095ms p95= 12.975ms max= 13.761ms calls(last=  2,win= 155,total=7184) (win 37.6% | avg 48.6% budget)
  enemy.update                     win=  6.261ms avg=  8.088ms p95= 12.961ms max= 13.740ms calls(last=  2,win= 155,total=7184) (win 37.6% | avg 48.5% budget)
  frame.render.world               win=  4.334ms avg=  8.668ms p95=  9.016ms max= 19.597ms calls(last=  2,win= 240,total=20262) (win 26.0% | avg 52.0% budget)
  frame.render.overlay             win=  3.080ms avg=  3.080ms p95=  3.695ms max=  6.470ms calls(last=  1,win= 120,total=13607) (win 18.5% | avg 18.5% budget)
  frame.render.world.enemies       win=  1.102ms avg=  1.102ms p95=  1.138ms max=  3.515ms calls(last=  1,win= 120,total=10131) (win 6.6% | avg 6.6% budget)
  enemy.torpedo.select_heading     win=  0.953ms avg=  0.032ms p95=  0.000ms max=  1.078ms calls(last=  0,win=   4,total=50) (win 5.7% | avg 0.2% budget)
  enemy.physics.frontal_collisions win=  0.927ms avg=  1.198ms p95=  1.879ms max=  2.249ms calls(last=  2,win= 155,total=2078) (win 5.6% | avg 7.2% budget)
  frame.render.world.maze          win=  0.872ms avg=  0.872ms p95=  0.951ms max=  3.168ms calls(last=  1,win= 120,total=10131) (win 5.2% | avg 5.2% budget)
  enemy.physics.frontal_grid_build win=  0.844ms avg=  1.090ms p95=  1.698ms max=  2.167ms calls(last=  2,win= 155,total=2078) (win 5.1% | avg 6.5% budget)
  enemy.physics.separation         win=  0.597ms avg=  0.771ms p95=  1.218ms max=  1.412ms calls(last=  2,win= 155,total=2078) (win 3.6% | avg 4.6% budget)
  enemy.physics.separation_grid_build win=  0.542ms avg=  0.700ms p95=  1.099ms max=  1.339ms calls(last=  2,win= 155,total=2078) (win 3.2% | avg 4.2% budget)
  frame.render.world.effects       win=  0.389ms avg=  0.389ms p95=  0.485ms max=  1.375ms calls(last=  1,win= 120,total=10131) (win 2.3% | avg 2.3% budget)
  enemy.ai.movement                win=  0.100ms avg=  0.534ms p95=  0.942ms max=  1.170ms calls(last=  8,win= 643,total=6627) (win 0.6% | avg 3.2% budget)
  enemy.cheap.segment_build        win=  0.093ms avg=  1.975ms p95=  3.251ms max=  4.046ms calls(last= 32,win=2547,total=76740) (win 0.6% | avg 11.8% budget)
  enemy.ai.decision                win=  0.087ms avg=  0.468ms p95=  0.863ms max=  1.748ms calls(last=  8,win= 643,total=6627) (win 0.5% | avg 2.8% budget)
  enemy.physics.frontal_pair_traverse win=  0.076ms avg=  0.098ms p95=  0.176ms max=  0.236ms calls(last=  2,win= 155,total=2078) (win 0.5% | avg 0.6% budget)
  enemy.physics.separation_pair_traverse win=  0.050ms avg=  0.064ms p95=  0.115ms max=  0.150ms calls(last=  2,win= 155,total=2078) (win 0.3% | avg 0.4% budget)
  enemy.type.torpedo               win=  0.047ms avg=  1.944ms p95=  3.268ms max=  4.399ms calls(last= 64,win=4960,total=217008) (win 0.3% | avg 11.7% budget)
  system.spawner_update            win=  0.045ms avg=  0.058ms p95=  0.088ms max=  1.015ms calls(last=  2,win= 155,total=7184) (win 0.3% | avg 0.3% budget)
[ENEMY_STATS] frame=10200 alive=72 visible=0 full=4 cheap=68 fullInBase=0 pairs(frontal=3 checks=3 separation=3 resolved=0)
[ENEMY_WINDOW] steps=155 alive[min=72 max=72] visible[min=0 max=0] full[min=3 max=5] collisionPasses[runs=155 skips=0]

[PROFILE] frame=10320 budget=16.667ms alloc(+107/-107, +259432b/-259432b, live=131304b peak=388480b)
  frame.total                      win= 21.500ms avg= 21.500ms p95= 27.569ms max= 82.940ms calls(last=  1,win= 120,total=10320) (win 129.0% | avg 129.0% budget)
  frame.render                     win= 11.027ms avg= 11.027ms p95= 11.801ms max= 82.902ms calls(last=  1,win= 120,total=10320) (win 66.2% | avg 66.2% budget)
  frame.present                    win= 11.019ms avg= 11.019ms p95= 11.794ms max= 82.894ms calls(last=  1,win= 120,total=10320) (win 66.1% | avg 66.1% budget)
  frame.fixed_step                 win=  8.076ms avg= 10.432ms p95= 16.300ms max= 17.383ms calls(last=  1,win= 155,total=10958) (win 48.5% | avg 62.6% budget)
  game.update                      win=  6.453ms avg=  8.335ms p95= 13.019ms max= 14.099ms calls(last=  1,win= 155,total=7339) (win 38.7% | avg 50.0% budget)
  system.ai_update                 win=  6.307ms avg=  8.146ms p95= 12.724ms max= 13.761ms calls(last=  1,win= 155,total=7339) (win 37.8% | avg 48.9% budget)
  enemy.update                     win=  6.301ms avg=  8.139ms p95= 12.715ms max= 13.740ms calls(last=  1,win= 155,total=7339) (win 37.8% | avg 48.8% budget)
  frame.render.world               win=  4.412ms avg=  8.824ms p95=  9.066ms max= 19.597ms calls(last=  2,win= 240,total=20502) (win 26.5% | avg 52.9% budget)
  frame.render.overlay             win=  3.078ms avg=  3.078ms p95=  3.700ms max=  6.470ms calls(last=  1,win= 120,total=13727) (win 18.5% | avg 18.5% budget)
  frame.render.world.enemies       win=  1.189ms avg=  1.189ms p95=  1.236ms max=  3.515ms calls(last=  1,win= 120,total=10251) (win 7.1% | avg 7.1% budget)
  enemy.torpedo.select_heading     win=  0.947ms avg=  0.032ms p95=  0.000ms max=  1.140ms calls(last=  0,win=   4,total=54) (win 5.7% | avg 0.2% budget)
  enemy.physics.frontal_collisions win=  0.935ms avg=  1.207ms p95=  1.878ms max=  2.249ms calls(last=  1,win= 155,total=2233) (win 5.6% | avg 7.2% budget)
  frame.render.world.maze          win=  0.866ms avg=  0.866ms p95=  0.943ms max=  3.168ms calls(last=  1,win= 120,total=10251) (win 5.2% | avg 5.2% budget)
  enemy.physics.frontal_grid_build win=  0.849ms avg=  1.097ms p95=  1.704ms max=  2.167ms calls(last=  1,win= 155,total=2233) (win 5.1% | avg 6.6% budget)
  enemy.physics.separation         win=  0.598ms avg=  0.772ms p95=  1.216ms max=  1.412ms calls(last=  1,win= 155,total=2233) (win 3.6% | avg 4.6% budget)
  enemy.physics.separation_grid_build win=  0.540ms avg=  0.697ms p95=  1.090ms max=  1.339ms calls(last=  1,win= 155,total=2233) (win 3.2% | avg 4.2% budget)
  frame.render.world.effects       win=  0.399ms avg=  0.399ms p95=  0.490ms max=  1.375ms calls(last=  1,win= 120,total=10251) (win 2.4% | avg 2.4% budget)
  enemy.ai.movement                win=  0.102ms avg=  0.582ms p95=  0.981ms max=  1.170ms calls(last=  6,win= 683,total=7310) (win 0.6% | avg 3.5% budget)
  enemy.cheap.segment_build        win=  0.093ms avg=  1.975ms p95=  3.320ms max=  4.046ms calls(last= 17,win=2559,total=79299) (win 0.6% | avg 11.9% budget)
  enemy.ai.decision                win=  0.080ms avg=  0.455ms p95=  0.796ms max=  2.475ms calls(last=  6,win= 683,total=7310) (win 0.5% | avg 2.7% budget)
  enemy.physics.frontal_pair_traverse win=  0.078ms avg=  0.101ms p95=  0.174ms max=  0.236ms calls(last=  1,win= 155,total=2233) (win 0.5% | avg 0.6% budget)
  enemy.physics.separation_pair_traverse win=  0.053ms avg=  0.068ms p95=  0.116ms max=  0.150ms calls(last=  1,win= 155,total=2233) (win 0.3% | avg 0.4% budget)
  enemy.type.torpedo               win=  0.048ms avg=  1.979ms p95=  3.240ms max=  4.399ms calls(last= 32,win=4960,total=221968) (win 0.3% | avg 11.9% budget)
  system.spawner_update            win=  0.044ms avg=  0.056ms p95=  0.088ms max=  1.015ms calls(last=  1,win= 155,total=7339) (win 0.3% | avg 0.3% budget)
[ENEMY_STATS] frame=10320 alive=72 visible=4 full=6 cheap=66 fullInBase=0 pairs(frontal=1 checks=1 separation=1 resolved=0)
[ENEMY_WINDOW] steps=155 alive[min=72 max=72] visible[min=0 max=4] full[min=4 max=6] collisionPasses[runs=155 skips=0]

[PROFILE] frame=10440 budget=16.667ms alloc(+108/-108, +259456b/-259456b, live=131304b peak=388504b)
  frame.total                      win= 22.376ms avg= 22.376ms p95= 28.061ms max= 82.940ms calls(last=  1,win= 120,total=10440) (win 134.3% | avg 134.3% budget)
  frame.render                     win= 11.121ms avg= 11.121ms p95= 11.777ms max= 82.902ms calls(last=  1,win= 120,total=10440) (win 66.7% | avg 66.7% budget)
  frame.present                    win= 11.114ms avg= 11.114ms p95= 11.760ms max= 82.894ms calls(last=  1,win= 120,total=10440) (win 66.7% | avg 66.7% budget)
  frame.fixed_step                 win=  8.306ms avg= 11.214ms p95= 16.786ms max= 17.383ms calls(last=  1,win= 162,total=11120) (win 49.8% | avg 67.3% budget)
  game.update                      win=  6.696ms avg=  9.039ms p95= 13.595ms max= 14.099ms calls(last=  1,win= 162,total=7501) (win 40.2% | avg 54.2% budget)
  system.ai_update                 win=  6.551ms avg=  8.844ms p95= 13.330ms max= 13.761ms calls(last=  1,win= 162,total=7501) (win 39.3% | avg 53.1% budget)
  enemy.update                     win=  6.545ms avg=  8.836ms p95= 13.320ms max= 13.740ms calls(last=  1,win= 162,total=7501) (win 39.3% | avg 53.0% budget)
  frame.render.world               win=  4.526ms avg=  9.052ms p95=  9.353ms max= 19.597ms calls(last=  2,win= 240,total=20742) (win 27.2% | avg 54.3% budget)
  frame.render.overlay             win=  3.069ms avg=  3.069ms p95=  3.705ms max=  6.470ms calls(last=  1,win= 120,total=13847) (win 18.4% | avg 18.4% budget)
  frame.render.world.enemies       win=  1.183ms avg=  1.183ms p95=  1.231ms max=  3.515ms calls(last=  1,win= 120,total=10371) (win 7.1% | avg 7.1% budget)
  frame.render.world.maze          win=  0.972ms avg=  0.972ms p95=  1.036ms max=  3.168ms calls(last=  1,win= 120,total=10371) (win 5.8% | avg 5.8% budget)
  enemy.physics.frontal_collisions win=  0.921ms avg=  1.243ms p95=  1.863ms max=  2.249ms calls(last=  1,win= 162,total=2395) (win 5.5% | avg 7.5% budget)
  enemy.physics.frontal_grid_build win=  0.858ms avg=  1.159ms p95=  1.728ms max=  2.167ms calls(last=  1,win= 162,total=2395) (win 5.1% | avg 7.0% budget)
  enemy.torpedo.select_heading     win=  0.856ms avg=  0.036ms p95=  0.000ms max=  1.140ms calls(last=  0,win=   5,total=59) (win 5.1% | avg 0.2% budget)
  enemy.physics.separation         win=  0.592ms avg=  0.800ms p95=  1.193ms max=  1.412ms calls(last=  1,win= 162,total=2395) (win 3.6% | avg 4.8% budget)
  enemy.physics.separation_grid_build win=  0.544ms avg=  0.734ms p95=  1.088ms max=  1.339ms calls(last=  1,win= 162,total=2395) (win 3.3% | avg 4.4% budget)
  frame.render.world.effects       win=  0.405ms avg=  0.405ms p95=  0.483ms max=  1.375ms calls(last=  1,win= 120,total=10371) (win 2.4% | avg 2.4% budget)
  enemy.cheap.segment_build        win=  0.091ms avg=  2.304ms p95=  3.610ms max=  4.046ms calls(last= 21,win=3028,total=82327) (win 0.5% | avg 13.8% budget)
  enemy.ai.movement                win=  0.089ms avg=  0.682ms p95=  1.118ms max=  1.175ms calls(last=  5,win= 918,total=8228) (win 0.5% | avg 4.1% budget)
  enemy.ai.decision                win=  0.068ms avg=  0.520ms p95=  0.821ms max=  2.475ms calls(last=  5,win= 918,total=8228) (win 0.4% | avg 3.1% budget)
  enemy.physics.frontal_pair_traverse win=  0.055ms avg=  0.074ms p95=  0.143ms max=  0.236ms calls(last=  1,win= 162,total=2395) (win 0.3% | avg 0.4% budget)
  enemy.type.torpedo               win=  0.050ms avg=  2.147ms p95=  3.410ms max=  4.399ms calls(last= 32,win=5184,total=227152) (win 0.3% | avg 12.9% budget)
  system.spawner_update            win=  0.044ms avg=  0.059ms p95=  0.087ms max=  1.015ms calls(last=  1,win= 162,total=7501) (win 0.3% | avg 0.4% budget)
  enemy.physics.separation_pair_traverse win=  0.043ms avg=  0.058ms p95=  0.104ms max=  0.150ms calls(last=  1,win= 162,total=2395) (win 0.3% | avg 0.3% budget)
[ENEMY_STATS] frame=10440 alive=72 visible=2 full=5 cheap=67 fullInBase=0 pairs(frontal=1 checks=1 separation=1 resolved=0)
[ENEMY_WINDOW] steps=162 alive[min=72 max=72] visible[min=1 max=4] full[min=5 max=6] collisionPasses[runs=162 skips=0]

[PROFILE] frame=10560 budget=16.667ms alloc(+97/-97, +259144b/-259144b, live=131304b peak=388504b)
  frame.total                      win= 22.005ms avg= 22.005ms p95= 28.002ms max= 82.940ms calls(last=  1,win= 120,total=10560) (win 132.0% | avg 132.0% budget)
  frame.render                     win= 11.235ms avg= 11.235ms p95= 12.041ms max= 82.902ms calls(last=  1,win= 120,total=10560) (win 67.4% | avg 67.4% budget)
  frame.present                    win= 11.228ms avg= 11.228ms p95= 12.033ms max= 82.894ms calls(last=  1,win= 120,total=10560) (win 67.4% | avg 67.4% budget)
  frame.fixed_step                 win=  8.095ms avg= 10.726ms p95= 16.585ms max= 17.383ms calls(last=  1,win= 159,total=11279) (win 48.6% | avg 64.4% budget)
  game.update                      win=  6.464ms avg=  8.565ms p95= 13.399ms max= 14.099ms calls(last=  1,win= 159,total=7660) (win 38.8% | avg 51.4% budget)
  system.ai_update                 win=  6.317ms avg=  8.370ms p95= 13.122ms max= 13.761ms calls(last=  1,win= 159,total=7660) (win 37.9% | avg 50.2% budget)
  enemy.update                     win=  6.312ms avg=  8.363ms p95= 13.112ms max= 13.740ms calls(last=  1,win= 159,total=7660) (win 37.9% | avg 50.2% budget)
  frame.render.world               win=  4.563ms avg=  9.126ms p95=  9.479ms max= 19.597ms calls(last=  2,win= 240,total=20982) (win 27.4% | avg 54.8% budget)
  frame.render.overlay             win=  3.124ms avg=  3.124ms p95=  3.954ms max=  6.470ms calls(last=  1,win= 120,total=13967) (win 18.7% | avg 18.7% budget)
  frame.render.world.enemies       win=  1.180ms avg=  1.180ms p95=  1.256ms max=  3.515ms calls(last=  1,win= 120,total=10491) (win 7.1% | avg 7.1% budget)
  frame.render.world.maze          win=  1.012ms avg=  1.012ms p95=  1.112ms max=  3.168ms calls(last=  1,win= 120,total=10491) (win 6.1% | avg 6.1% budget)
  enemy.physics.frontal_collisions win=  0.889ms avg=  1.178ms p95=  1.828ms max=  2.249ms calls(last=  1,win= 159,total=2554) (win 5.3% | avg 7.1% budget)
  enemy.physics.frontal_grid_build win=  0.841ms avg=  1.115ms p95=  1.713ms max=  2.167ms calls(last=  1,win= 159,total=2554) (win 5.0% | avg 6.7% budget)
  enemy.torpedo.select_heading     win=  0.732ms avg=  0.012ms p95=  0.000ms max=  1.140ms calls(last=  0,win=   2,total=61) (win 4.4% | avg 0.1% budget)
  enemy.physics.separation         win=  0.577ms avg=  0.764ms p95=  1.176ms max=  1.412ms calls(last=  1,win= 159,total=2554) (win 3.5% | avg 4.6% budget)
  enemy.physics.separation_grid_build win=  0.541ms avg=  0.717ms p95=  1.099ms max=  1.339ms calls(last=  1,win= 159,total=2554) (win 3.2% | avg 4.3% budget)
  frame.render.world.effects       win=  0.403ms avg=  0.403ms p95=  0.485ms max=  1.375ms calls(last=  1,win= 120,total=10491) (win 2.4% | avg 2.4% budget)
  enemy.ai.movement                win=  0.095ms avg=  0.436ms p95=  0.810ms max=  1.175ms calls(last=  2,win= 551,total=8779) (win 0.6% | avg 2.6% budget)
  enemy.cheap.segment_build        win=  0.093ms avg=  2.382ms p95=  3.826ms max=  4.046ms calls(last= 19,win=3087,total=85414) (win 0.6% | avg 14.3% budget)
  enemy.ai.decision                win=  0.082ms avg=  0.377ms p95=  0.734ms max=  2.475ms calls(last=  2,win= 551,total=8779) (win 0.5% | avg 2.3% budget)
  system.spawner_update            win=  0.045ms avg=  0.060ms p95=  0.087ms max=  1.015ms calls(last=  1,win= 159,total=7660) (win 0.3% | avg 0.4% budget)
  enemy.type.torpedo               win=  0.045ms avg=  1.916ms p95=  3.224ms max=  4.399ms calls(last= 32,win=5088,total=232240) (win 0.3% | avg 11.5% budget)
  enemy.physics.frontal_pair_traverse win=  0.040ms avg=  0.052ms p95=  0.110ms max=  0.236ms calls(last=  1,win= 159,total=2554) (win 0.2% | avg 0.3% budget)
  enemy.type.drone                 win=  0.033ms avg=  1.725ms p95=  2.869ms max=  3.081ms calls(last= 40,win=6360,total=291128) (win 0.2% | avg 10.3% budget)
[ENEMY_STATS] frame=10560 alive=72 visible=1 full=2 cheap=70 fullInBase=0 pairs(frontal=0 checks=0 separation=0 resolved=0)
[ENEMY_WINDOW] steps=159 alive[min=72 max=72] visible[min=1 max=2] full[min=2 max=5] collisionPasses[runs=159 skips=0]

[PROFILE] frame=10680 budget=16.667ms alloc(+0/-0, +0b/-0b, live=131304b peak=388504b)
  frame.total                      win= 19.925ms avg= 19.925ms p95= 27.142ms max= 82.940ms calls(last=  1,win= 120,total=10680) (win 119.5% | avg 119.5% budget)
  frame.render                     win= 12.328ms avg= 12.328ms p95= 17.046ms max= 82.902ms calls(last=  1,win= 120,total=10680) (win 74.0% | avg 74.0% budget)
  frame.present                    win= 12.321ms avg= 12.321ms p95= 17.039ms max= 82.894ms calls(last=  1,win= 120,total=10680) (win 73.9% | avg 73.9% budget)
  frame.fixed_step                 win=  6.254ms avg=  7.556ms p95= 15.827ms max= 17.383ms calls(last=  1,win= 145,total=11424) (win 37.5% | avg 45.3% budget)
  game.update                      win=  5.803ms avg=  5.900ms p95= 12.524ms max= 14.099ms calls(last=  0,win= 122,total=7782) (win 34.8% | avg 35.4% budget)
  system.ai_update                 win=  5.662ms avg=  5.756ms p95= 12.258ms max= 13.761ms calls(last=  0,win= 122,total=7782) (win 34.0% | avg 34.5% budget)
  enemy.update                     win=  5.656ms avg=  5.751ms p95= 12.249ms max= 13.740ms calls(last=  0,win= 122,total=7782) (win 33.9% | avg 34.5% budget)
  frame.render.world               win=  4.626ms avg=  9.252ms p95=  9.662ms max= 19.597ms calls(last=  2,win= 240,total=21222) (win 27.8% | avg 55.5% budget)
  frame.render.overlay             win=  2.783ms avg=  3.293ms p95=  4.264ms max=  6.470ms calls(last=  2,win= 142,total=14109) (win 16.7% | avg 19.8% budget)
  frame.render.world.enemies       win=  1.167ms avg=  1.167ms p95=  1.253ms max=  3.515ms calls(last=  1,win= 120,total=10611) (win 7.0% | avg 7.0% budget)
  frame.render.world.maze          win=  1.058ms avg=  1.058ms p95=  1.310ms max=  3.168ms calls(last=  1,win= 120,total=10611) (win 6.3% | avg 6.3% budget)
  enemy.physics.frontal_collisions win=  0.872ms avg=  0.690ms p95=  1.756ms max=  2.249ms calls(last=  0,win=  95,total=2649) (win 5.2% | avg 4.1% budget)
  enemy.physics.frontal_grid_build win=  0.832ms avg=  0.659ms p95=  1.681ms max=  2.167ms calls(last=  0,win=  95,total=2649) (win 5.0% | avg 4.0% budget)
  enemy.torpedo.select_heading     win=  0.752ms avg=  0.006ms p95=  0.000ms max=  1.140ms calls(last=  0,win=   1,total=62) (win 4.5% | avg 0.0% budget)
  enemy.physics.separation         win=  0.568ms avg=  0.450ms p95=  1.161ms max=  1.412ms calls(last=  0,win=  95,total=2649) (win 3.4% | avg 2.7% budget)
  enemy.physics.separation_grid_build win=  0.540ms avg=  0.428ms p95=  1.104ms max=  1.339ms calls(last=  0,win=  95,total=2649) (win 3.2% | avg 2.6% budget)
  frame.render.world.effects       win=  0.404ms avg=  0.404ms p95=  0.489ms max=  1.375ms calls(last=  1,win= 120,total=10611) (win 2.4% | avg 2.4% budget)
  enemy.ai.movement                win=  0.111ms avg=  0.201ms p95=  0.434ms max=  1.175ms calls(last=  0,win= 217,total=8996) (win 0.7% | avg 1.2% budget)
  enemy.cheap.segment_build        win=  0.092ms avg=  1.896ms p95=  3.969ms max=  4.528ms calls(last=  0,win=2460,total=87874) (win 0.6% | avg 11.4% budget)
  enemy.ai.decision                win=  0.080ms avg=  0.145ms p95=  0.282ms max=  2.475ms calls(last=  0,win= 217,total=8996) (win 0.5% | avg 0.9% budget)
  system.spawner_update            win=  0.043ms avg=  0.044ms p95=  0.086ms max=  1.015ms calls(last=  0,win= 122,total=7782) (win 0.3% | avg 0.3% budget)
  enemy.type.torpedo               win=  0.038ms avg=  1.225ms p95=  2.466ms max=  4.399ms calls(last=  0,win=3904,total=236144) (win 0.2% | avg 7.4% budget)
  enemy.type.drone                 win=  0.033ms avg=  1.334ms p95=  2.794ms max=  3.081ms calls(last=  0,win=4880,total=296008) (win 0.2% | avg 8.0% budget)
  enemy.physics.frontal_pair_traverse win=  0.032ms avg=  0.025ms p95=  0.063ms max=  0.236ms calls(last=  0,win=  95,total=2649) (win 0.2% | avg 0.2% budget)

[PROFILE] frame=10800 budget=16.667ms alloc(+0/-0, +0b/-0b, live=131304b peak=388504b)
  frame.total                      win= 16.895ms avg= 16.895ms p95= 17.153ms max= 82.940ms calls(last=  1,win= 120,total=10800) (win 101.4% | avg 101.4% budget)
  frame.render                     win= 16.855ms avg= 16.855ms p95= 17.114ms max= 82.902ms calls(last=  1,win= 120,total=10800) (win 101.1% | avg 101.1% budget)
  frame.present                    win= 16.848ms avg= 16.848ms p95= 17.108ms max= 82.894ms calls(last=  1,win= 120,total=10800) (win 101.1% | avg 101.1% budget)
  frame.render.world               win=  4.579ms avg=  2.595ms p95=  9.357ms max= 19.597ms calls(last=  0,win=  68,total=21290) (win 27.5% | avg 15.6% budget)
  frame.render.overlay             win=  2.102ms avg=  1.191ms p95=  4.839ms max=  6.470ms calls(last=  0,win=  68,total=14177) (win 12.6% | avg 7.1% budget)
  frame.render.world.enemies       win=  1.163ms avg=  0.330ms p95=  1.200ms max=  3.515ms calls(last=  0,win=  34,total=10645) (win 7.0% | avg 2.0% budget)
  frame.render.world.maze          win=  1.054ms avg=  0.299ms p95=  1.119ms max=  3.168ms calls(last=  0,win=  34,total=10645) (win 6.3% | avg 1.8% budget)
  frame.render.world.effects       win=  0.396ms avg=  0.112ms p95=  0.464ms max=  1.375ms calls(last=  0,win=  34,total=10645) (win 2.4% | avg 0.7% budget)
  frame.input_poll                 win=  0.028ms avg=  0.028ms p95=  0.028ms max=  0.297ms calls(last=  1,win= 120,total=10800) (win 0.2% | avg 0.2% budget)
  frame.fixed_step                 win=  0.003ms avg=  0.003ms p95=  0.003ms max= 17.383ms calls(last=  1,win= 122,total=11546) (win 0.0% | avg 0.0% budget)
  system.ai_update                 win=  0.000ms avg=  0.000ms p95=  0.000ms max= 13.761ms calls(last=  0,win=   0,total=7782) (win 0.0% | avg 0.0% budget)
  enemy.ai.perception              win=  0.000ms avg=  0.000ms p95=  0.000ms max=  0.106ms calls(last=  0,win=   0,total=8996) (win 0.0% | avg 0.0% budget)
  enemy.ai.decision                win=  0.000ms avg=  0.000ms p95=  0.000ms max=  2.475ms calls(last=  0,win=   0,total=8996) (win 0.0% | avg 0.0% budget)
  enemy.ai.movement                win=  0.000ms avg=  0.000ms p95=  0.000ms max=  1.175ms calls(last=  0,win=   0,total=8996) (win 0.0% | avg 0.0% budget)
  enemy.ai.firing                  win=  0.000ms avg=  0.000ms p95=  0.000ms max=  0.057ms calls(last=  0,win=   0,total=8996) (win 0.0% | avg 0.0% budget)
  game.update                      win=  0.000ms avg=  0.000ms p95=  0.000ms max= 14.099ms calls(last=  0,win=   0,total=7782) (win 0.0% | avg 0.0% budget)
  enemy.physics.frontal_collisions win=  0.000ms avg=  0.000ms p95=  0.000ms max=  2.249ms calls(last=  0,win=   0,total=2649) (win 0.0% | avg 0.0% budget)
  enemy.physics.separation         win=  0.000ms avg=  0.000ms p95=  0.000ms max=  1.412ms calls(last=  0,win=   0,total=2649) (win 0.0% | avg 0.0% budget)
  enemy.physics.frontal_grid_build win=  0.000ms avg=  0.000ms p95=  0.000ms max=  2.167ms calls(last=  0,win=   0,total=2649) (win 0.0% | avg 0.0% budget)
  enemy.physics.frontal_pair_traverse win=  0.000ms avg=  0.000ms p95=  0.000ms max=  0.236ms calls(last=  0,win=   0,total=2649) (win 0.0% | avg 0.0% budget)
  enemy.physics.frontal_pair_narrow win=  0.000ms avg=  0.000ms p95=  0.000ms max=  0.056ms calls(last=  0,win=   0,total=808) (win 0.0% | avg 0.0% budget)
  enemy.physics.separation_grid_build win=  0.000ms avg=  0.000ms p95=  0.000ms max=  1.339ms calls(last=  0,win=   0,total=2649) (win 0.0% | avg 0.0% budget)
  enemy.physics.separation_pair_traverse win=  0.000ms avg=  0.000ms p95=  0.000ms max=  0.150ms calls(last=  0,win=   0,total=2649) (win 0.0% | avg 0.0% budget)
  enemy.physics.separation_pair_resolve win=  0.000ms avg=  0.000ms p95=  0.000ms max=  0.030ms calls(last=  0,win=   0,total=803) (win 0.0% | avg 0.0% budget)
INFO: TEXTURE: [ID 3] Unloaded texture data from VRAM (GPU)
INFO: TEXTURE: [ID 4] Unloaded texture data from VRAM (GPU)
INFO: AUDIO: Device closed successfully
INFO: TEXTURE: [ID 2] Unloaded texture data from VRAM (GPU)
INFO: SHADER: [ID 3] Default shader unloaded successfully
INFO: TEXTURE: [ID 1] Default texture unloaded successfully
INFO: Window closed successfully
ark@rg353v:/roms2/ports/bolt$