ark@rg353v:/roms2/ports/bolt$ cat profile.log
INFO: Initializing raylib 5.6-dev
INFO: Platform backend: DESKTOP (SDL)
INFO: Supported raylib modules:
INFO:     > rcore:..... loaded (mandatory)
INFO:     > rlgl:...... loaded (mandatory)
INFO:     > rshapes:... loaded (optional)
INFO:     > rtextures:. loaded (optional)
INFO:     > rtext:..... loaded (optional)
INFO:     > rmodels:... loaded (optional)
INFO:     > raudio:.... loaded (optional)
arm_release_ver: g13p0-01eac0, rk_so_ver: 11
INFO: DISPLAY: Device initialized successfully
INFO:     > Display size: 640 x 480
INFO:     > Screen size:  640 x 480
INFO:     > Render size:  640 x 480
INFO:     > Viewport offsets: 0, 0
INFO: GLAD: OpenGL ES 2.0 loaded successfully
INFO: GL: Supported extensions count: 99
INFO: GL: OpenGL device information:
INFO:     > Vendor:   ARM
INFO:     > Renderer: Mali-G52
INFO:     > Version:  OpenGL ES 3.2 v1.g13p0-01eac0.fdf91928d758c45c1787782175b35c6a
INFO:     > GLSL:     OpenGL ES GLSL ES 3.20
INFO: GL: VAO extension detected, VAO functions loaded successfully
INFO: GL: NPOT textures extension detected, full NPOT textures supported
INFO: GL: ETC1 compressed textures supported
INFO: GL: ASTC compressed textures supported
INFO: PLATFORM: DESKTOP (SDL2): Initialized successfully
INFO: TEXTURE: [ID 1] Texture loaded successfully (1x1 | R8G8B8A8 | 1 mipmaps)
INFO: TEXTURE: [ID 1] Default texture loaded successfully
INFO: SHADER: [ID 1] Vertex shader compiled successfully
INFO: SHADER: [ID 2] Fragment shader compiled successfully
INFO: SHADER: [ID 3] Program shader loaded successfully
INFO: SHADER: [ID 3] Default shader loaded successfully
INFO: RLGL: Render batch vertex buffers loaded successfully in RAM (CPU)
INFO: RLGL: Render batch vertex buffers loaded successfully in VRAM (GPU)
INFO: RLGL: Default OpenGL state initialized successfully
INFO: TEXTURE: [ID 2] Texture loaded successfully (128x128 | GRAY_ALPHA | 1 mipmaps)
INFO: FONT: Default font loaded successfully (224 glyphs)
INFO: SYSTEM: Working Directory: /roms2/ports/bolt
INFO: TIMER: Target time per frame: 16.667 milliseconds
INFO: FILEIO: [resources/textures/sprites.png] File loaded successfully
INFO: IMAGE: Data loaded successfully (18x63 | R8G8B8A8 | 1 mipmaps)
INFO: TEXTURE: [ID 3] Texture loaded successfully (72x9 | R8G8B8A8 | 1 mipmaps)
INFO: TEXTURE: [ID 4] Texture loaded successfully (72x36 | R8G8B8A8 | 1 mipmaps)
INFO: AUDIO: Device initialized successfully
INFO:     > Backend:       miniaudio | ALSA
INFO:     > Format:        32-bit IEEE Floating Point -> 32-bit IEEE Floating Point
INFO:     > Channels:      2 -> 2
INFO:     > Sample rate:   44100 -> 44100
INFO:     > Periods size:  3072
INFO: FILEIO: [resources/audio/keyboard-click.wav] File loaded successfully
INFO: WAVE: Data loaded successfully (48000 Hz, 16 bit, 1 channels)
INFO: AUDIO: menu click sound loaded from: resources/audio/keyboard-click.wav
INFO: FILEIO: [resources/audio/power-up.wav] File loaded successfully
INFO: WAVE: Data loaded successfully (48000 Hz, 16 bit, 1 channels)
INFO: AUDIO: power-up sound loaded from: resources/audio/power-up.wav
INFO: FILEIO: [resources/audio/player-shot.wav] File loaded successfully
INFO: WAVE: Data loaded successfully (48000 Hz, 16 bit, 1 channels)
INFO: AUDIO: player-shot sound loaded from: resources/audio/player-shot.wav
INFO: FILEIO: [resources/audio/enemy-shot.wav] File loaded successfully
INFO: WAVE: Data loaded successfully (48000 Hz, 16 bit, 1 channels)
INFO: AUDIO: enemy-shot sound loaded from: resources/audio/enemy-shot.wav
INFO: FILEIO: [resources/audio/enemy-spawning.wav] File loaded successfully
INFO: WAVE: Data loaded successfully (48000 Hz, 16 bit, 1 channels)
INFO: AUDIO: enemy-spawning sound loaded from: resources/audio/enemy-spawning.wav
INFO: FILEIO: [resources/audio/enemy-exploding.wav] File loaded successfully
INFO: WAVE: Data loaded successfully (48000 Hz, 16 bit, 1 channels)
INFO: AUDIO: enemy-exploding sound loaded from: resources/audio/enemy-exploding.wav
INFO: FILEIO: [resources/audio/base-exploding.wav] File loaded successfully
INFO: WAVE: Data loaded successfully (48000 Hz, 16 bit, 1 channels)
INFO: AUDIO: base-exploding sound loaded from: resources/audio/base-exploding.wav

[PROFILE] frame=120 budget=16.667ms alloc(+17/-17, +133768b/-133768b, live=47064b peak=180720b)
  frame.total                      win= 17.839ms avg= 17.839ms p95= 17.339ms max= 86.798ms calls(last=  1,win= 120,total=120) (win 107.0% | avg 107.0% budget)
  frame.render                     win= 17.001ms avg= 17.001ms p95= 16.969ms max= 86.758ms calls(last=  1,win= 120,total=120) (win 102.0% | avg 102.0% budget)
  frame.present                    win= 16.994ms avg= 16.994ms p95= 16.961ms max= 86.752ms calls(last=  1,win= 120,total=120) (win 102.0% | avg 102.0% budget)
  frame.render.world               win=  3.937ms avg=  2.821ms p95=  8.047ms max=  9.613ms calls(last=  2,win=  86,total=86) (win 23.6% | avg 16.9% budget)
  frame.render.overlay             win=  2.881ms avg=  1.032ms p95=  3.358ms max=  3.723ms calls(last=  1,win=  43,total=43) (win 17.3% | avg 6.2% budget)
  game.update                      win=  1.543ms avg=  0.617ms p95=  1.509ms max= 15.837ms calls(last=  1,win=  48,total=48) (win 9.3% | avg 3.7% budget)
  system.ai_update                 win=  1.472ms avg=  0.589ms p95=  1.372ms max= 15.689ms calls(last=  1,win=  48,total=48) (win 8.8% | avg 3.5% budget)
  enemy.update                     win=  1.464ms avg=  0.586ms p95=  1.364ms max= 15.625ms calls(last=  1,win=  48,total=48) (win 8.8% | avg 3.5% budget)
  frame.render.world.enemies       win=  1.087ms avg=  0.390ms p95=  1.133ms max=  1.176ms calls(last=  1,win=  43,total=43) (win 6.5% | avg 2.3% budget)
  frame.fixed_step                 win=  0.749ms avg=  0.799ms p95=  2.002ms max= 17.138ms calls(last=  1,win= 128,total=128) (win 4.5% | avg 4.8% budget)
  frame.render.world.maze          win=  0.620ms avg=  0.222ms p95=  0.662ms max=  0.907ms calls(last=  1,win=  43,total=43) (win 3.7% | avg 1.3% budget)
  frame.render.world.effects       win=  0.398ms avg=  0.143ms p95=  0.437ms max=  0.816ms calls(last=  1,win=  43,total=43) (win 2.4% | avg 0.9% budget)
  enemy.cheap.segment_build        win=  0.072ms avg=  0.002ms p95=  0.000ms max=  0.078ms calls(last=  1,win=   4,total=4) (win 0.4% | avg 0.0% budget)
  enemy.type.drone                 win=  0.031ms avg=  0.005ms p95=  0.023ms max=  0.105ms calls(last=  2,win=  18,total=18) (win 0.2% | avg 0.0% budget)
  frame.input_poll                 win=  0.029ms avg=  0.029ms p95=  0.028ms max=  0.238ms calls(last=  1,win= 120,total=120) (win 0.2% | avg 0.2% budget)
  system.spawner_update            win=  0.022ms avg=  0.009ms p95=  0.014ms max=  0.175ms calls(last=  1,win=  48,total=48) (win 0.1% | avg 0.1% budget)
  system.physics_collision         win=  0.016ms avg=  0.006ms p95=  0.018ms max=  0.050ms calls(last=  1,win=  48,total=48) (win 0.1% | avg 0.0% budget)
  enemy.type.torpedo               win=  0.013ms avg=  0.002ms p95=  0.007ms max=  0.118ms calls(last=  2,win=  23,total=23) (win 0.1% | avg 0.0% budget)
  system.projectile_update         win=  0.003ms avg=  0.001ms p95=  0.004ms max=  0.008ms calls(last=  1,win=  48,total=48) (win 0.0% | avg 0.0% budget)
  system.maze_update               win=  0.001ms avg=  0.000ms p95=  0.001ms max=  0.002ms calls(last=  1,win=  48,total=48) (win 0.0% | avg 0.0% budget)
[ENEMY_STATS] frame=120 alive=4 visible=0 full=0 cheap=4 fullInBase=0 pairs(frontal=0 checks=0 separation=0 resolved=0)
[ENEMY_WINDOW] steps=49 alive[min=0 max=4] visible[min=0 max=0] full[min=0 max=0] collisionPasses[runs=0 skips=49]
[ENEMY_SEGMENTS] window=0.817s D{b/s=2.45 avgLen=3.13 fail=0} T{b/s=2.45 avgLen=6.84 fail=0} H{b/s=0.00 avgLen=0.00 fail=0} A{b/s=0.00 avgLen=0.00 fail=0}
[ENEMY_GRID] frontal{cand/s=0.0 xcell/s=0.0 ins/s=0.0} separation{cand/s=0.0}
[ENEMY_COLLISION_WINDOW] frontal{pairs/s=0.0 checks/s=0.0 baseSkip=0 kill=0(0.0%)} separation{pairs/s=0.0 resolved/s=0.0(0.0%) baseSkip=0 kill=0 wallBlock=0}
[ENEMY_NAV_CACHE] playerCell{changes=1 flowRebuilds=1} flow{hit=0 miss=0 hit%=0.0} pathFallback{calls=0 ok=0 ok%=0.0}
[ENEMY_SAP] updates=0 active=0 pairs=0 repairs{x=0 y=0}
[ENEMY_PAIR_TYPES] frontal DD=0 DT=0 DH=0 DA=0 TT=0 TH=0 TA=0 HH=0 HA=0 AA=0 separation DD=0 DT=0 DH=0 DA=0 TT=0 TH=0 TA=0 HH=0 HA=0 AA=0

[PROFILE] frame=240 budget=16.667ms alloc(+29/-29, +143480b/-143480b, live=58104b peak=201304b)
  frame.total                      win= 16.912ms avg= 16.912ms p95= 17.406ms max= 86.798ms calls(last=  1,win= 120,total=240) (win 101.5% | avg 101.5% budget)
  frame.render                     win= 14.819ms avg= 14.819ms p95= 15.450ms max= 86.758ms calls(last=  1,win= 120,total=240) (win 88.9% | avg 88.9% budget)
  frame.present                    win= 14.811ms avg= 14.811ms p95= 15.443ms max= 86.752ms calls(last=  1,win= 120,total=240) (win 88.9% | avg 88.9% budget)
  frame.render.world               win=  3.987ms avg=  7.974ms p95=  8.251ms max= 16.195ms calls(last=  2,win= 240,total=326) (win 23.9% | avg 47.8% budget)
  frame.render.overlay             win=  2.965ms avg=  2.965ms p95=  3.621ms max=  3.815ms calls(last=  1,win= 120,total=163) (win 17.8% | avg 17.8% budget)
  frame.fixed_step                 win=  2.020ms avg=  2.054ms p95=  2.260ms max= 17.138ms calls(last=  1,win= 122,total=250) (win 12.1% | avg 12.3% budget)
  game.update                      win=  1.488ms avg=  1.513ms p95=  1.680ms max= 15.837ms calls(last=  1,win= 122,total=170) (win 8.9% | avg 9.1% budget)
  system.ai_update                 win=  1.388ms avg=  1.411ms p95=  1.480ms max= 15.689ms calls(last=  1,win= 122,total=170) (win 8.3% | avg 8.5% budget)
  enemy.update                     win=  1.382ms avg=  1.405ms p95=  1.474ms max= 15.625ms calls(last=  1,win= 122,total=170) (win 8.3% | avg 8.4% budget)
  frame.render.world.enemies       win=  1.125ms avg=  1.125ms p95=  1.222ms max=  3.319ms calls(last=  1,win= 120,total=163) (win 6.8% | avg 6.8% budget)
  frame.render.world.maze          win=  0.622ms avg=  0.622ms p95=  0.724ms max=  1.484ms calls(last=  1,win= 120,total=163) (win 3.7% | avg 3.7% budget)
  frame.render.world.effects       win=  0.381ms avg=  0.381ms p95=  0.476ms max=  0.964ms calls(last=  1,win= 120,total=163) (win 2.3% | avg 2.3% budget)
  enemy.cheap.segment_build        win=  0.067ms avg=  0.009ms p95=  0.073ms max=  0.104ms calls(last=  0,win=  16,total=20) (win 0.4% | avg 0.1% budget)
  system.spawner_update            win=  0.036ms avg=  0.036ms p95=  0.182ms max=  0.295ms calls(last=  1,win= 122,total=170) (win 0.2% | avg 0.2% budget)
  frame.input_poll                 win=  0.027ms avg=  0.027ms p95=  0.028ms max=  0.238ms calls(last=  1,win= 120,total=240) (win 0.2% | avg 0.2% budget)
  system.player_update             win=  0.027ms avg=  0.011ms p95=  0.026ms max=  0.118ms calls(last=  1,win=  50,total=50) (win 0.2% | avg 0.1% budget)
  system.physics_collision         win=  0.018ms avg=  0.018ms p95=  0.021ms max=  0.050ms calls(last=  1,win= 122,total=170) (win 0.1% | avg 0.1% budget)
  enemy.type.drone                 win=  0.009ms avg=  0.037ms p95=  0.106ms max=  0.114ms calls(last=  8,win= 515,total=533) (win 0.1% | avg 0.2% budget)
  enemy.type.torpedo               win=  0.005ms avg=  0.021ms p95=  0.085ms max=  0.118ms calls(last=  6,win= 531,total=554) (win 0.0% | avg 0.1% budget)
  system.projectile_update         win=  0.004ms avg=  0.004ms p95=  0.004ms max=  0.008ms calls(last=  1,win= 122,total=170) (win 0.0% | avg 0.0% budget)
  system.maze_update               win=  0.001ms avg=  0.001ms p95=  0.001ms max=  0.002ms calls(last=  1,win= 122,total=170) (win 0.0% | avg 0.0% budget)
[ENEMY_STATS] frame=240 alive=14 visible=0 full=0 cheap=14 fullInBase=0 pairs(frontal=0 checks=0 separation=0 resolved=0)
[ENEMY_WINDOW] steps=122 alive[min=4 max=14] visible[min=0 max=0] full[min=0 max=0] collisionPasses[runs=0 skips=122]
[ENEMY_SEGMENTS] window=2.033s D{b/s=3.93 avgLen=3.64 fail=0} T{b/s=3.93 avgLen=6.08 fail=0} H{b/s=0.00 avgLen=0.00 fail=0} A{b/s=0.00 avgLen=0.00 fail=0}
[ENEMY_GRID] frontal{cand/s=0.0 xcell/s=0.0 ins/s=0.0} separation{cand/s=0.0}
[ENEMY_COLLISION_WINDOW] frontal{pairs/s=0.0 checks/s=0.0 baseSkip=0 kill=0(0.0%)} separation{pairs/s=0.0 resolved/s=0.0(0.0%) baseSkip=0 kill=0 wallBlock=0}
[ENEMY_NAV_CACHE] playerCell{changes=0 flowRebuilds=0} flow{hit=0 miss=0 hit%=0.0} pathFallback{calls=0 ok=0 ok%=0.0}
[ENEMY_SAP] updates=0 active=0 pairs=0 repairs{x=0 y=0}
[ENEMY_PAIR_TYPES] frontal DD=0 DT=0 DH=0 DA=0 TT=0 TH=0 TA=0 HH=0 HA=0 AA=0 separation DD=0 DT=0 DH=0 DA=0 TT=0 TH=0 TA=0 HH=0 HA=0 AA=0

[PROFILE] frame=360 budget=16.667ms alloc(+39/-39, +152296b/-152296b, live=72824b peak=224728b)
  frame.total                      win= 17.021ms avg= 17.021ms p95= 17.371ms max= 86.798ms calls(last=  1,win= 120,total=360) (win 102.1% | avg 102.1% budget)
  frame.render                     win= 14.550ms avg= 14.550ms p95= 15.042ms max= 86.758ms calls(last=  1,win= 120,total=360) (win 87.3% | avg 87.3% budget)
  frame.present                    win= 14.543ms avg= 14.543ms p95= 15.035ms max= 86.752ms calls(last=  1,win= 120,total=360) (win 87.3% | avg 87.3% budget)
  frame.render.world               win=  4.082ms avg=  8.165ms p95=  8.493ms max= 16.195ms calls(last=  2,win= 240,total=566) (win 24.5% | avg 49.0% budget)
  frame.render.overlay             win=  2.985ms avg=  2.985ms p95=  3.596ms max=  3.815ms calls(last=  1,win= 120,total=283) (win 17.9% | avg 17.9% budget)
  frame.fixed_step                 win=  2.373ms avg=  2.433ms p95=  2.513ms max= 17.138ms calls(last=  1,win= 123,total=373) (win 14.2% | avg 14.6% budget)
  game.update                      win=  1.773ms avg=  1.817ms p95=  1.819ms max= 15.837ms calls(last=  1,win= 123,total=293) (win 10.6% | avg 10.9% budget)
  system.ai_update                 win=  1.650ms avg=  1.692ms p95=  1.692ms max= 15.689ms calls(last=  1,win= 123,total=293) (win 9.9% | avg 10.1% budget)
  enemy.update                     win=  1.644ms avg=  1.686ms p95=  1.687ms max= 15.625ms calls(last=  1,win= 123,total=293) (win 9.9% | avg 10.1% budget)
  frame.render.world.enemies       win=  1.101ms avg=  1.101ms p95=  1.194ms max=  3.319ms calls(last=  1,win= 120,total=283) (win 6.6% | avg 6.6% budget)
  frame.render.world.maze          win=  0.690ms avg=  0.690ms p95=  0.783ms max=  1.484ms calls(last=  1,win= 120,total=283) (win 4.1% | avg 4.1% budget)
  frame.render.world.effects       win=  0.371ms avg=  0.371ms p95=  0.472ms max=  0.964ms calls(last=  1,win= 120,total=283) (win 2.2% | avg 2.2% budget)
  enemy.cheap.segment_build        win=  0.061ms avg=  0.014ms p95=  0.096ms max=  0.129ms calls(last=  0,win=  27,total=47) (win 0.4% | avg 0.1% budget)
  system.spawner_update            win=  0.040ms avg=  0.041ms p95=  0.189ms max=  0.295ms calls(last=  1,win= 123,total=293) (win 0.2% | avg 0.2% budget)
  frame.input_poll                 win=  0.027ms avg=  0.027ms p95=  0.029ms max=  0.238ms calls(last=  1,win= 120,total=360) (win 0.2% | avg 0.2% budget)
  system.player_update             win=  0.026ms avg=  0.027ms p95=  0.030ms max=  0.118ms calls(last=  1,win= 123,total=173) (win 0.2% | avg 0.2% budget)
  system.physics_collision         win=  0.019ms avg=  0.020ms p95=  0.022ms max=  0.052ms calls(last=  1,win= 123,total=293) (win 0.1% | avg 0.1% budget)
  enemy.type.drone                 win=  0.005ms avg=  0.057ms p95=  0.126ms max=  0.162ms calls(last= 14,win=1263,total=1796) (win 0.0% | avg 0.3% budget)
  enemy.type.torpedo               win=  0.004ms avg=  0.031ms p95=  0.094ms max=  0.159ms calls(last=  9,win= 955,total=1509) (win 0.0% | avg 0.2% budget)
  system.projectile_update         win=  0.004ms avg=  0.004ms p95=  0.004ms max=  0.043ms calls(last=  1,win= 123,total=293) (win 0.0% | avg 0.0% budget)
  system.maze_update               win=  0.001ms avg=  0.001ms p95=  0.001ms max=  0.002ms calls(last=  1,win= 123,total=293) (win 0.0% | avg 0.0% budget)
[ENEMY_STATS] frame=360 alive=23 visible=0 full=0 cheap=23 fullInBase=0 pairs(frontal=0 checks=0 separation=0 resolved=0)
[ENEMY_WINDOW] steps=123 alive[min=14 max=23] visible[min=0 max=0] full[min=0 max=0] collisionPasses[runs=0 skips=123]
[ENEMY_SEGMENTS] window=2.050s D{b/s=8.29 avgLen=4.09 fail=0} T{b/s=4.88 avgLen=7.02 fail=0} H{b/s=0.00 avgLen=0.00 fail=0} A{b/s=0.00 avgLen=0.00 fail=0}
[ENEMY_GRID] frontal{cand/s=0.0 xcell/s=0.0 ins/s=0.0} separation{cand/s=0.0}
[ENEMY_COLLISION_WINDOW] frontal{pairs/s=0.0 checks/s=0.0 baseSkip=0 kill=0(0.0%)} separation{pairs/s=0.0 resolved/s=0.0(0.0%) baseSkip=0 kill=0 wallBlock=0}
[ENEMY_NAV_CACHE] playerCell{changes=2 flowRebuilds=2} flow{hit=0 miss=0 hit%=0.0} pathFallback{calls=0 ok=0 ok%=0.0}
[ENEMY_SAP] updates=0 active=0 pairs=0 repairs{x=0 y=0}
[ENEMY_PAIR_TYPES] frontal DD=0 DT=0 DH=0 DA=0 TT=0 TH=0 TA=0 HH=0 HA=0 AA=0 separation DD=0 DT=0 DH=0 DA=0 TT=0 TH=0 TA=0 HH=0 HA=0 AA=0

[PROFILE] frame=480 budget=16.667ms alloc(+50/-50, +162160b/-162160b, live=102264b peak=263752b)
  frame.total                      win= 17.007ms avg= 17.007ms p95= 17.460ms max= 86.798ms calls(last=  1,win= 120,total=480) (win 102.0% | avg 102.0% budget)
  frame.render                     win= 14.311ms avg= 14.311ms p95= 14.987ms max= 86.758ms calls(last=  1,win= 120,total=480) (win 85.9% | avg 85.9% budget)
  frame.present                    win= 14.305ms avg= 14.305ms p95= 14.980ms max= 86.752ms calls(last=  1,win= 120,total=480) (win 85.8% | avg 85.8% budget)
  frame.render.world               win=  4.194ms avg=  8.387ms p95=  8.768ms max= 16.195ms calls(last=  2,win= 240,total=806) (win 25.2% | avg 50.3% budget)
  frame.render.overlay             win=  2.995ms avg=  2.995ms p95=  3.629ms max=  3.836ms calls(last=  1,win= 120,total=403) (win 18.0% | avg 18.0% budget)
  frame.fixed_step                 win=  2.591ms avg=  2.656ms p95=  2.740ms max= 17.138ms calls(last=  1,win= 123,total=496) (win 15.5% | avg 15.9% budget)
  game.update                      win=  1.871ms avg=  1.918ms p95=  1.930ms max= 15.837ms calls(last=  1,win= 123,total=416) (win 11.2% | avg 11.5% budget)
  system.ai_update                 win=  1.740ms avg=  1.783ms p95=  1.808ms max= 15.689ms calls(last=  1,win= 123,total=416) (win 10.4% | avg 10.7% budget)
  enemy.update                     win=  1.734ms avg=  1.777ms p95=  1.802ms max= 15.625ms calls(last=  1,win= 123,total=416) (win 10.4% | avg 10.7% budget)
  frame.render.world.enemies       win=  1.102ms avg=  1.102ms p95=  1.179ms max=  3.319ms calls(last=  1,win= 120,total=403) (win 6.6% | avg 6.6% budget)
  frame.render.world.maze          win=  0.759ms avg=  0.759ms p95=  0.841ms max=  1.484ms calls(last=  1,win= 120,total=403) (win 4.6% | avg 4.6% budget)
  frame.render.world.effects       win=  0.377ms avg=  0.377ms p95=  0.464ms max=  0.964ms calls(last=  1,win= 120,total=403) (win 2.3% | avg 2.3% budget)
  enemy.cheap.segment_build        win=  0.068ms avg=  0.019ms p95=  0.073ms max=  0.129ms calls(last=  1,win=  34,total=81) (win 0.4% | avg 0.1% budget)
  system.spawner_update            win=  0.046ms avg=  0.047ms p95=  0.201ms max=  0.295ms calls(last=  1,win= 123,total=416) (win 0.3% | avg 0.3% budget)
  frame.input_poll                 win=  0.027ms avg=  0.027ms p95=  0.029ms max=  0.238ms calls(last=  1,win= 120,total=480) (win 0.2% | avg 0.2% budget)
  system.player_update             win=  0.026ms avg=  0.027ms p95=  0.029ms max=  0.118ms calls(last=  1,win= 123,total=296) (win 0.2% | avg 0.2% budget)
  system.physics_collision         win=  0.021ms avg=  0.021ms p95=  0.024ms max=  0.053ms calls(last=  1,win= 123,total=416) (win 0.1% | avg 0.1% budget)
  enemy.type.drone                 win=  0.005ms avg=  0.071ms p95=  0.136ms max=  0.178ms calls(last= 19,win=1858,total=3654) (win 0.0% | avg 0.4% budget)
  enemy.type.torpedo               win=  0.004ms avg=  0.049ms p95=  0.115ms max=  0.159ms calls(last= 14,win=1499,total=3008) (win 0.0% | avg 0.3% budget)
  system.projectile_update         win=  0.004ms avg=  0.004ms p95=  0.004ms max=  0.043ms calls(last=  1,win= 123,total=416) (win 0.0% | avg 0.0% budget)
  system.maze_update               win=  0.001ms avg=  0.001ms p95=  0.001ms max=  0.002ms calls(last=  1,win= 123,total=416) (win 0.0% | avg 0.0% budget)
[ENEMY_STATS] frame=480 alive=33 visible=0 full=0 cheap=33 fullInBase=0 pairs(frontal=0 checks=0 separation=0 resolved=0)
[ENEMY_WINDOW] steps=123 alive[min=23 max=33] visible[min=0 max=0] full[min=0 max=0] collisionPasses[runs=0 skips=123]
[ENEMY_SEGMENTS] window=2.050s D{b/s=7.32 avgLen=5.10 fail=0} T{b/s=8.78 avgLen=7.28 fail=2} H{b/s=0.00 avgLen=0.00 fail=0} A{b/s=0.00 avgLen=0.00 fail=0}
[ENEMY_GRID] frontal{cand/s=0.0 xcell/s=0.0 ins/s=0.0} separation{cand/s=0.0}
[ENEMY_COLLISION_WINDOW] frontal{pairs/s=0.0 checks/s=0.0 baseSkip=0 kill=0(0.0%)} separation{pairs/s=0.0 resolved/s=0.0(0.0%) baseSkip=0 kill=0 wallBlock=0}
[ENEMY_NAV_CACHE] playerCell{changes=3 flowRebuilds=3} flow{hit=0 miss=0 hit%=0.0} pathFallback{calls=0 ok=0 ok%=0.0}
[ENEMY_SAP] updates=0 active=0 pairs=0 repairs{x=0 y=0}
[ENEMY_PAIR_TYPES] frontal DD=0 DT=0 DH=0 DA=0 TT=0 TH=0 TA=0 HH=0 HA=0 AA=0 separation DD=0 DT=0 DH=0 DA=0 TT=0 TH=0 TA=0 HH=0 HA=0 AA=0

[PROFILE] frame=600 budget=16.667ms alloc(+57/-57, +169144b/-169144b, live=102264b peak=270672b)
  frame.total                      win= 17.188ms avg= 17.188ms p95= 17.748ms max= 86.798ms calls(last=  1,win= 120,total=600) (win 103.1% | avg 103.1% budget)
  frame.render                     win= 14.015ms avg= 14.015ms p95= 14.630ms max= 86.758ms calls(last=  1,win= 120,total=600) (win 84.1% | avg 84.1% budget)
  frame.present                    win= 14.008ms avg= 14.008ms p95= 14.623ms max= 86.752ms calls(last=  1,win= 120,total=600) (win 84.0% | avg 84.0% budget)
  frame.render.world               win=  4.410ms avg=  8.821ms p95=  9.223ms max= 18.052ms calls(last=  2,win= 240,total=1046) (win 26.5% | avg 52.9% budget)
  frame.fixed_step                 win=  3.008ms avg=  3.133ms p95=  4.972ms max= 17.138ms calls(last=  1,win= 125,total=621) (win 18.0% | avg 18.8% budget)
  frame.render.overlay             win=  2.999ms avg=  2.999ms p95=  3.601ms max=  3.836ms calls(last=  1,win= 120,total=523) (win 18.0% | avg 18.0% budget)
  game.update                      win=  2.146ms avg=  2.236ms p95=  3.457ms max= 15.837ms calls(last=  1,win= 125,total=541) (win 12.9% | avg 13.4% budget)
  system.ai_update                 win=  2.010ms avg=  2.094ms p95=  3.256ms max= 15.689ms calls(last=  1,win= 125,total=541) (win 12.1% | avg 12.6% budget)
  enemy.update                     win=  2.004ms avg=  2.087ms p95=  3.238ms max= 15.625ms calls(last=  1,win= 125,total=541) (win 12.0% | avg 12.5% budget)
  frame.render.world.enemies       win=  1.119ms avg=  1.119ms p95=  1.159ms max=  3.361ms calls(last=  1,win= 120,total=523) (win 6.7% | avg 6.7% budget)
  frame.render.world.maze          win=  0.899ms avg=  0.899ms p95=  1.055ms max=  2.837ms calls(last=  1,win= 120,total=523) (win 5.4% | avg 5.4% budget)
  frame.render.world.effects       win=  0.376ms avg=  0.376ms p95=  0.474ms max=  0.964ms calls(last=  1,win= 120,total=523) (win 2.3% | avg 2.3% budget)
  enemy.cheap.segment_build        win=  0.062ms avg=  0.025ms p95=  0.077ms max=  0.129ms calls(last=  0,win=  48,total=129) (win 0.4% | avg 0.1% budget)
  system.spawner_update            win=  0.048ms avg=  0.050ms p95=  0.204ms max=  0.295ms calls(last=  1,win= 125,total=541) (win 0.3% | avg 0.3% budget)
  system.player_update             win=  0.028ms avg=  0.029ms p95=  0.053ms max=  0.122ms calls(last=  1,win= 125,total=421) (win 0.2% | avg 0.2% budget)
  frame.input_poll                 win=  0.028ms avg=  0.028ms p95=  0.028ms max=  0.238ms calls(last=  1,win= 120,total=600) (win 0.2% | avg 0.2% budget)
  system.physics_collision         win=  0.022ms avg=  0.023ms p95=  0.032ms max=  0.053ms calls(last=  1,win= 125,total=541) (win 0.1% | avg 0.1% budget)
  enemy.type.drone                 win=  0.004ms avg=  0.087ms p95=  0.152ms max=  0.183ms calls(last= 22,win=2500,total=6154) (win 0.0% | avg 0.5% budget)
  enemy.type.torpedo               win=  0.004ms avg=  0.064ms p95=  0.129ms max=  0.205ms calls(last= 18,win=1972,total=4980) (win 0.0% | avg 0.4% budget)
  system.projectile_update         win=  0.003ms avg=  0.004ms p95=  0.004ms max=  0.043ms calls(last=  1,win= 125,total=541) (win 0.0% | avg 0.0% budget)
  system.maze_update               win=  0.001ms avg=  0.001ms p95=  0.001ms max=  0.002ms calls(last=  1,win= 125,total=541) (win 0.0% | avg 0.0% budget)
[ENEMY_STATS] frame=600 alive=40 visible=0 full=0 cheap=40 fullInBase=0 pairs(frontal=0 checks=0 separation=0 resolved=0)
[ENEMY_WINDOW] steps=125 alive[min=33 max=40] visible[min=0 max=0] full[min=0 max=0] collisionPasses[runs=0 skips=125]
[ENEMY_SEGMENTS] window=2.083s D{b/s=9.12 avgLen=4.28 fail=0} T{b/s=13.44 avgLen=5.21 fail=0} H{b/s=0.00 avgLen=0.00 fail=0} A{b/s=0.00 avgLen=0.00 fail=0}
[ENEMY_GRID] frontal{cand/s=0.0 xcell/s=0.0 ins/s=0.0} separation{cand/s=0.0}
[ENEMY_COLLISION_WINDOW] frontal{pairs/s=0.0 checks/s=0.0 baseSkip=0 kill=0(0.0%)} separation{pairs/s=0.0 resolved/s=0.0(0.0%) baseSkip=0 kill=0 wallBlock=0}
[ENEMY_NAV_CACHE] playerCell{changes=3 flowRebuilds=3} flow{hit=0 miss=0 hit%=0.0} pathFallback{calls=0 ok=0 ok%=0.0}
[ENEMY_SAP] updates=0 active=0 pairs=0 repairs{x=0 y=0}
[ENEMY_PAIR_TYPES] frontal DD=0 DT=0 DH=0 DA=0 TT=0 TH=0 TA=0 HH=0 HA=0 AA=0 separation DD=0 DT=0 DH=0 DA=0 TT=0 TH=0 TA=0 HH=0 HA=0 AA=0

[PROFILE] frame=720 budget=16.667ms alloc(+67/-67, +178904b/-178904b, live=102264b peak=280288b)
  frame.total                      win= 17.160ms avg= 17.160ms p95= 17.578ms max= 86.798ms calls(last=  1,win= 120,total=720) (win 103.0% | avg 103.0% budget)
  frame.render                     win= 13.752ms avg= 13.752ms p95= 14.553ms max= 86.758ms calls(last=  1,win= 120,total=720) (win 82.5% | avg 82.5% budget)
  frame.present                    win= 13.745ms avg= 13.745ms p95= 14.547ms max= 86.752ms calls(last=  1,win= 120,total=720) (win 82.5% | avg 82.5% budget)
  frame.render.world               win=  4.666ms avg=  9.333ms p95=  9.628ms max= 18.052ms calls(last=  2,win= 240,total=1286) (win 28.0% | avg 56.0% budget)
  frame.fixed_step                 win=  3.258ms avg=  3.367ms p95=  5.701ms max= 17.138ms calls(last=  1,win= 124,total=745) (win 19.5% | avg 20.2% budget)
  frame.render.overlay             win=  3.020ms avg=  3.020ms p95=  3.687ms max=  4.055ms calls(last=  1,win= 120,total=643) (win 18.1% | avg 18.1% budget)
  game.update                      win=  2.232ms avg=  2.306ms p95=  3.804ms max= 15.837ms calls(last=  1,win= 124,total=665) (win 13.4% | avg 13.8% budget)
  system.ai_update                 win=  2.089ms avg=  2.159ms p95=  3.474ms max= 15.689ms calls(last=  1,win= 124,total=665) (win 12.5% | avg 13.0% budget)
  enemy.update                     win=  2.083ms avg=  2.152ms p95=  3.463ms max= 15.625ms calls(last=  1,win= 124,total=665) (win 12.5% | avg 12.9% budget)
  frame.render.world.maze          win=  1.127ms avg=  1.127ms p95=  1.247ms max=  2.837ms calls(last=  1,win= 120,total=643) (win 6.8% | avg 6.8% budget)
  frame.render.world.enemies       win=  1.105ms avg=  1.105ms p95=  1.212ms max=  3.361ms calls(last=  1,win= 120,total=643) (win 6.6% | avg 6.6% budget)
  frame.render.world.effects       win=  0.373ms avg=  0.373ms p95=  0.467ms max=  0.964ms calls(last=  1,win= 120,total=643) (win 2.2% | avg 2.2% budget)
  enemy.cheap.segment_build        win=  0.060ms avg=  0.029ms p95=  0.105ms max=  0.136ms calls(last=  0,win=  58,total=187) (win 0.4% | avg 0.2% budget)
  system.spawner_update            win=  0.053ms avg=  0.054ms p95=  0.210ms max=  0.332ms calls(last=  1,win= 124,total=665) (win 0.3% | avg 0.3% budget)
  frame.input_poll                 win=  0.029ms avg=  0.029ms p95=  0.028ms max=  0.238ms calls(last=  1,win= 120,total=720) (win 0.2% | avg 0.2% budget)
  system.player_update             win=  0.027ms avg=  0.028ms p95=  0.034ms max=  0.122ms calls(last=  1,win= 124,total=545) (win 0.2% | avg 0.2% budget)
  system.physics_collision         win=  0.024ms avg=  0.025ms p95=  0.029ms max=  0.090ms calls(last=  1,win= 124,total=665) (win 0.1% | avg 0.2% budget)
  enemy.type.drone                 win=  0.004ms avg=  0.093ms p95=  0.162ms max=  0.267ms calls(last= 23,win=2730,total=8884) (win 0.0% | avg 0.6% budget)
  enemy.type.torpedo               win=  0.004ms avg=  0.082ms p95=  0.167ms max=  0.218ms calls(last= 27,win=2675,total=7655) (win 0.0% | avg 0.5% budget)
  system.projectile_update         win=  0.003ms avg=  0.004ms p95=  0.004ms max=  0.043ms calls(last=  1,win= 124,total=665) (win 0.0% | avg 0.0% budget)
  system.maze_update               win=  0.001ms avg=  0.001ms p95=  0.001ms max=  0.002ms calls(last=  1,win= 124,total=665) (win 0.0% | avg 0.0% budget)
[ENEMY_STATS] frame=720 alive=50 visible=0 full=0 cheap=50 fullInBase=0 pairs(frontal=0 checks=0 separation=0 resolved=0)
[ENEMY_WINDOW] steps=124 alive[min=40 max=50] visible[min=0 max=0] full[min=0 max=0] collisionPasses[runs=0 skips=124]
[ENEMY_SEGMENTS] window=2.067s D{b/s=11.61 avgLen=5.08 fail=0} T{b/s=16.45 avgLen=5.89 fail=0} H{b/s=0.00 avgLen=0.00 fail=0} A{b/s=0.00 avgLen=0.00 fail=0}
[ENEMY_GRID] frontal{cand/s=0.0 xcell/s=0.0 ins/s=0.0} separation{cand/s=0.0}
[ENEMY_COLLISION_WINDOW] frontal{pairs/s=0.0 checks/s=0.0 baseSkip=0 kill=0(0.0%)} separation{pairs/s=0.0 resolved/s=0.0(0.0%) baseSkip=0 kill=0 wallBlock=0}
[ENEMY_NAV_CACHE] playerCell{changes=4 flowRebuilds=4} flow{hit=0 miss=0 hit%=0.0} pathFallback{calls=0 ok=0 ok%=0.0}
[ENEMY_SAP] updates=0 active=0 pairs=0 repairs{x=0 y=0}
[ENEMY_PAIR_TYPES] frontal DD=0 DT=0 DH=0 DA=0 TT=0 TH=0 TA=0 HH=0 HA=0 AA=0 separation DD=0 DT=0 DH=0 DA=0 TT=0 TH=0 TA=0 HH=0 HA=0 AA=0

[PROFILE] frame=840 budget=16.667ms alloc(+156/-156, +378944b/-378944b, live=102264b peak=290688b)
  frame.total                      win= 17.223ms avg= 17.223ms p95= 18.264ms max= 86.798ms calls(last=  1,win= 120,total=840) (win 103.3% | avg 103.3% budget)
  frame.render                     win= 13.366ms avg= 13.366ms p95= 14.193ms max= 86.758ms calls(last=  1,win= 120,total=840) (win 80.2% | avg 80.2% budget)
  frame.present                    win= 13.359ms avg= 13.359ms p95= 14.186ms max= 86.752ms calls(last=  1,win= 120,total=840) (win 80.2% | avg 80.2% budget)
  frame.render.world               win=  4.759ms avg=  9.519ms p95=  9.994ms max= 18.052ms calls(last=  2,win= 240,total=1526) (win 28.6% | avg 57.1% budget)
  frame.fixed_step                 win=  3.664ms avg=  3.816ms p95=  6.346ms max= 17.138ms calls(last=  2,win= 125,total=870) (win 22.0% | avg 22.9% budget)
  frame.render.overlay             win=  3.038ms avg=  3.038ms p95=  3.837ms max=  4.055ms calls(last=  1,win= 120,total=763) (win 18.2% | avg 18.2% budget)
  game.update                      win=  2.343ms avg=  2.441ms p95=  3.802ms max= 15.837ms calls(last=  2,win= 125,total=790) (win 14.1% | avg 14.6% budget)
  system.ai_update                 win=  2.194ms avg=  2.285ms p95=  3.548ms max= 15.689ms calls(last=  2,win= 125,total=790) (win 13.2% | avg 13.7% budget)
  enemy.update                     win=  2.188ms avg=  2.279ms p95=  3.538ms max= 15.625ms calls(last=  2,win= 125,total=790) (win 13.1% | avg 13.7% budget)
  frame.render.world.maze          win=  1.160ms avg=  1.160ms p95=  1.257ms max=  2.837ms calls(last=  1,win= 120,total=763) (win 7.0% | avg 7.0% budget)
  frame.render.world.enemies       win=  1.112ms avg=  1.112ms p95=  1.239ms max=  3.361ms calls(last=  1,win= 120,total=763) (win 6.7% | avg 6.7% budget)
  frame.render.world.effects       win=  0.387ms avg=  0.387ms p95=  0.483ms max=  0.964ms calls(last=  1,win= 120,total=763) (win 2.3% | avg 2.3% budget)
  enemy.cheap.segment_build        win=  0.063ms avg=  0.034ms p95=  0.103ms max=  0.139ms calls(last=  0,win=  64,total=251) (win 0.4% | avg 0.2% budget)
  system.spawner_update            win=  0.057ms avg=  0.059ms p95=  0.217ms max=  0.453ms calls(last=  2,win= 125,total=790) (win 0.3% | avg 0.4% budget)
  frame.input_poll                 win=  0.028ms avg=  0.028ms p95=  0.029ms max=  0.238ms calls(last=  1,win= 120,total=840) (win 0.2% | avg 0.2% budget)
  system.player_update             win=  0.027ms avg=  0.028ms p95=  0.036ms max=  0.122ms calls(last=  2,win= 125,total=670) (win 0.2% | avg 0.2% budget)
  system.physics_collision         win=  0.025ms avg=  0.026ms p95=  0.038ms max=  0.090ms calls(last=  2,win= 125,total=790) (win 0.2% | avg 0.2% budget)
  enemy.type.drone                 win=  0.004ms avg=  0.102ms p95=  0.168ms max=  0.279ms calls(last= 56,win=3170,total=12054) (win 0.0% | avg 0.6% budget)
  enemy.type.torpedo               win=  0.004ms avg=  0.109ms p95=  0.204ms max=  0.236ms calls(last= 66,win=3669,total=11324) (win 0.0% | avg 0.7% budget)
  system.projectile_update         win=  0.003ms avg=  0.004ms p95=  0.004ms max=  0.043ms calls(last=  2,win= 125,total=790) (win 0.0% | avg 0.0% budget)
  system.maze_update               win=  0.001ms avg=  0.001ms p95=  0.001ms max=  0.002ms calls(last=  2,win= 125,total=790) (win 0.0% | avg 0.0% budget)
[ENEMY_STATS] frame=840 alive=61 visible=0 full=0 cheap=61 fullInBase=0 pairs(frontal=0 checks=0 separation=0 resolved=0)
[ENEMY_WINDOW] steps=125 alive[min=50 max=61] visible[min=0 max=0] full[min=0 max=0] collisionPasses[runs=0 skips=125]
[ENEMY_SEGMENTS] window=2.083s D{b/s=10.08 avgLen=5.92 fail=1} T{b/s=20.64 avgLen=7.32 fail=0} H{b/s=0.00 avgLen=0.00 fail=0} A{b/s=0.00 avgLen=0.00 fail=0}
[ENEMY_GRID] frontal{cand/s=0.0 xcell/s=0.0 ins/s=0.0} separation{cand/s=0.0}
[ENEMY_COLLISION_WINDOW] frontal{pairs/s=0.0 checks/s=0.0 baseSkip=0 kill=0(0.0%)} separation{pairs/s=0.0 resolved/s=0.0(0.0%) baseSkip=0 kill=0 wallBlock=0}
[ENEMY_NAV_CACHE] playerCell{changes=4 flowRebuilds=4} flow{hit=0 miss=0 hit%=0.0} pathFallback{calls=0 ok=0 ok%=0.0}
[ENEMY_SAP] updates=0 active=0 pairs=0 repairs{x=0 y=0}
[ENEMY_PAIR_TYPES] frontal DD=0 DT=0 DH=0 DA=0 TT=0 TH=0 TA=0 HH=0 HA=0 AA=0 separation DD=0 DT=0 DH=0 DA=0 TT=0 TH=0 TA=0 HH=0 HA=0 AA=0

[PROFILE] frame=960 budget=16.667ms alloc(+87/-87, +197672b/-197672b, live=161144b peak=357696b)
  frame.total                      win= 17.245ms avg= 17.245ms p95= 19.548ms max= 86.798ms calls(last=  1,win= 120,total=960) (win 103.5% | avg 103.5% budget)
  frame.render                     win= 12.974ms avg= 12.974ms p95= 13.674ms max= 86.758ms calls(last=  1,win= 120,total=960) (win 77.8% | avg 77.8% budget)
  frame.present                    win= 12.967ms avg= 12.967ms p95= 13.667ms max= 86.752ms calls(last=  1,win= 120,total=960) (win 77.8% | avg 77.8% budget)
  frame.render.world               win=  4.842ms avg=  9.683ms p95= 10.119ms max= 18.052ms calls(last=  2,win= 240,total=1766) (win 29.0% | avg 58.1% budget)
  frame.fixed_step                 win=  4.063ms avg=  4.232ms p95=  7.402ms max= 17.138ms calls(last=  1,win= 125,total=995) (win 24.4% | avg 25.4% budget)
  frame.render.overlay             win=  3.020ms avg=  3.020ms p95=  3.621ms max=  4.055ms calls(last=  1,win= 120,total=883) (win 18.1% | avg 18.1% budget)
  game.update                      win=  2.370ms avg=  2.468ms p95=  4.087ms max= 15.837ms calls(last=  1,win= 125,total=915) (win 14.2% | avg 14.8% budget)
  system.ai_update                 win=  2.225ms avg=  2.318ms p95=  3.850ms max= 15.689ms calls(last=  1,win= 125,total=915) (win 13.3% | avg 13.9% budget)
  enemy.update                     win=  2.219ms avg=  2.311ms p95=  3.840ms max= 15.625ms calls(last=  1,win= 125,total=915) (win 13.3% | avg 13.9% budget)
  frame.render.world.maze          win=  1.168ms avg=  1.168ms p95=  1.292ms max=  2.837ms calls(last=  1,win= 120,total=883) (win 7.0% | avg 7.0% budget)
  frame.render.world.enemies       win=  1.111ms avg=  1.111ms p95=  1.190ms max=  3.361ms calls(last=  1,win= 120,total=883) (win 6.7% | avg 6.7% budget)
  frame.render.world.effects       win=  0.375ms avg=  0.375ms p95=  0.453ms max=  0.964ms calls(last=  1,win= 120,total=883) (win 2.3% | avg 2.3% budget)
  enemy.cheap.segment_build        win=  0.058ms avg=  0.041ms p95=  0.124ms max=  0.157ms calls(last=  1,win=  84,total=335) (win 0.3% | avg 0.2% budget)
  system.spawner_update            win=  0.050ms avg=  0.052ms p95=  0.190ms max=  0.453ms calls(last=  1,win= 125,total=915) (win 0.3% | avg 0.3% budget)
  system.player_update             win=  0.027ms avg=  0.028ms p95=  0.042ms max=  0.122ms calls(last=  1,win= 125,total=795) (win 0.2% | avg 0.2% budget)
  frame.input_poll                 win=  0.027ms avg=  0.027ms p95=  0.028ms max=  0.238ms calls(last=  1,win= 120,total=960) (win 0.2% | avg 0.2% budget)
  system.physics_collision         win=  0.026ms avg=  0.027ms p95=  0.034ms max=  0.090ms calls(last=  1,win= 125,total=915) (win 0.2% | avg 0.2% budget)
  enemy.type.drone                 win=  0.004ms avg=  0.125ms p95=  0.208ms max=  0.316ms calls(last= 33,win=3893,total=15947) (win 0.0% | avg 0.8% budget)
  enemy.type.torpedo               win=  0.004ms avg=  0.132ms p95=  0.222ms max=  0.335ms calls(last= 36,win=4464,total=15788) (win 0.0% | avg 0.8% budget)
  system.projectile_update         win=  0.003ms avg=  0.004ms p95=  0.004ms max=  0.043ms calls(last=  1,win= 125,total=915) (win 0.0% | avg 0.0% budget)
  system.maze_update               win=  0.001ms avg=  0.001ms p95=  0.001ms max=  0.002ms calls(last=  1,win= 125,total=915) (win 0.0% | avg 0.0% budget)
[ENEMY_STATS] frame=960 alive=69 visible=0 full=0 cheap=69 fullInBase=0 pairs(frontal=0 checks=0 separation=0 resolved=0)
[ENEMY_WINDOW] steps=125 alive[min=61 max=69] visible[min=0 max=0] full[min=0 max=0] collisionPasses[runs=0 skips=125]
[ENEMY_SEGMENTS] window=2.083s D{b/s=13.44 avgLen=5.43 fail=0} T{b/s=25.92 avgLen=5.40 fail=2} H{b/s=0.00 avgLen=0.00 fail=0} A{b/s=0.00 avgLen=0.00 fail=0}
[ENEMY_GRID] frontal{cand/s=0.0 xcell/s=0.0 ins/s=0.0} separation{cand/s=0.0}
[ENEMY_COLLISION_WINDOW] frontal{pairs/s=0.0 checks/s=0.0 baseSkip=0 kill=0(0.0%)} separation{pairs/s=0.0 resolved/s=0.0(0.0%) baseSkip=0 kill=0 wallBlock=0}
[ENEMY_NAV_CACHE] playerCell{changes=3 flowRebuilds=3} flow{hit=0 miss=0 hit%=0.0} pathFallback{calls=0 ok=0 ok%=0.0}
[ENEMY_SAP] updates=0 active=0 pairs=0 repairs{x=0 y=0}
[ENEMY_PAIR_TYPES] frontal DD=0 DT=0 DH=0 DA=0 TT=0 TH=0 TA=0 HH=0 HA=0 AA=0 separation DD=0 DT=0 DH=0 DA=0 TT=0 TH=0 TA=0 HH=0 HA=0 AA=0

[PROFILE] frame=1080 budget=16.667ms alloc(+88/-88, +198416b/-198416b, live=161144b peak=358624b)
  frame.total                      win= 17.297ms avg= 17.297ms p95= 18.807ms max= 86.798ms calls(last=  1,win= 120,total=1080) (win 103.8% | avg 103.8% budget)
  frame.render                     win= 12.845ms avg= 12.845ms p95= 13.553ms max= 86.758ms calls(last=  1,win= 120,total=1080) (win 77.1% | avg 77.1% budget)
  frame.present                    win= 12.838ms avg= 12.838ms p95= 13.547ms max= 86.752ms calls(last=  1,win= 120,total=1080) (win 77.0% | avg 77.0% budget)
  frame.render.world               win=  4.653ms avg=  9.306ms p95=  9.821ms max= 18.052ms calls(last=  2,win= 240,total=2006) (win 27.9% | avg 55.8% budget)
  frame.fixed_step                 win=  4.236ms avg=  4.412ms p95=  7.500ms max= 17.138ms calls(last=  1,win= 125,total=1120) (win 25.4% | avg 26.5% budget)
  frame.render.overlay             win=  3.009ms avg=  3.009ms p95=  3.653ms max=  4.055ms calls(last=  1,win= 120,total=1003) (win 18.1% | avg 18.1% budget)
  game.update                      win=  2.455ms avg=  2.557ms p95=  4.094ms max= 15.837ms calls(last=  1,win= 125,total=1040) (win 14.7% | avg 15.3% budget)
  system.ai_update                 win=  2.319ms avg=  2.415ms p95=  3.865ms max= 15.689ms calls(last=  1,win= 125,total=1040) (win 13.9% | avg 14.5% budget)
  enemy.update                     win=  2.312ms avg=  2.409ms p95=  3.854ms max= 15.625ms calls(last=  1,win= 125,total=1040) (win 13.9% | avg 14.5% budget)
  frame.render.world.enemies       win=  1.116ms avg=  1.116ms p95=  1.196ms max=  3.361ms calls(last=  1,win= 120,total=1003) (win 6.7% | avg 6.7% budget)
  frame.render.world.maze          win=  0.970ms avg=  0.970ms p95=  1.051ms max=  2.837ms calls(last=  1,win= 120,total=1003) (win 5.8% | avg 5.8% budget)
  frame.render.world.effects       win=  0.374ms avg=  0.374ms p95=  0.462ms max=  0.964ms calls(last=  1,win= 120,total=1003) (win 2.2% | avg 2.2% budget)
  enemy.cheap.segment_build        win=  0.060ms avg=  0.039ms p95=  0.104ms max=  0.207ms calls(last=  2,win=  78,total=413) (win 0.4% | avg 0.2% budget)
  system.spawner_update            win=  0.041ms avg=  0.043ms p95=  0.071ms max=  0.453ms calls(last=  1,win= 125,total=1040) (win 0.2% | avg 0.3% budget)
  frame.input_poll                 win=  0.027ms avg=  0.027ms p95=  0.028ms max=  0.238ms calls(last=  1,win= 120,total=1080) (win 0.2% | avg 0.2% budget)
  system.physics_collision         win=  0.027ms avg=  0.028ms p95=  0.036ms max=  0.097ms calls(last=  1,win= 125,total=1040) (win 0.2% | avg 0.2% budget)
  system.player_update             win=  0.026ms avg=  0.027ms p95=  0.031ms max=  0.122ms calls(last=  1,win= 125,total=920) (win 0.2% | avg 0.2% budget)
  enemy.type.drone                 win=  0.004ms avg=  0.128ms p95=  0.226ms max=  0.316ms calls(last= 34,win=4205,total=20152) (win 0.0% | avg 0.8% budget)
  system.projectile_update         win=  0.004ms avg=  0.004ms p95=  0.004ms max=  0.043ms calls(last=  1,win= 125,total=1040) (win 0.0% | avg 0.0% budget)
  enemy.type.torpedo               win=  0.004ms avg=  0.131ms p95=  0.223ms max=  0.335ms calls(last= 36,win=4500,total=20288) (win 0.0% | avg 0.8% budget)
  system.maze_update               win=  0.001ms avg=  0.001ms p95=  0.001ms max=  0.002ms calls(last=  1,win= 125,total=1040) (win 0.0% | avg 0.0% budget)
[ENEMY_STATS] frame=1080 alive=70 visible=0 full=0 cheap=70 fullInBase=0 pairs(frontal=0 checks=0 separation=0 resolved=0)
[ENEMY_WINDOW] steps=125 alive[min=69 max=70] visible[min=0 max=0] full[min=0 max=0] collisionPasses[runs=0 skips=125]
[ENEMY_SEGMENTS] window=2.083s D{b/s=13.92 avgLen=4.81 fail=0} T{b/s=24.00 avgLen=6.60 fail=0} H{b/s=0.00 avgLen=0.00 fail=0} A{b/s=0.00 avgLen=0.00 fail=0}
[ENEMY_GRID] frontal{cand/s=0.0 xcell/s=0.0 ins/s=0.0} separation{cand/s=0.0}
[ENEMY_COLLISION_WINDOW] frontal{pairs/s=0.0 checks/s=0.0 baseSkip=0 kill=0(0.0%)} separation{pairs/s=0.0 resolved/s=0.0(0.0%) baseSkip=0 kill=0 wallBlock=0}
[ENEMY_NAV_CACHE] playerCell{changes=4 flowRebuilds=4} flow{hit=0 miss=0 hit%=0.0} pathFallback{calls=0 ok=0 ok%=0.0}
[ENEMY_SAP] updates=0 active=0 pairs=0 repairs{x=0 y=0}
[ENEMY_PAIR_TYPES] frontal DD=0 DT=0 DH=0 DA=0 TT=0 TH=0 TA=0 HH=0 HA=0 AA=0 separation DD=0 DT=0 DH=0 DA=0 TT=0 TH=0 TA=0 HH=0 HA=0 AA=0

[PROFILE] frame=1200 budget=16.667ms alloc(+89/-89, +199592b/-199592b, live=161144b peak=359536b)
  frame.total                      win= 17.234ms avg= 17.234ms p95= 18.921ms max= 86.798ms calls(last=  1,win= 120,total=1200) (win 103.4% | avg 103.4% budget)
  frame.render                     win= 12.786ms avg= 12.786ms p95= 13.358ms max= 86.758ms calls(last=  1,win= 120,total=1200) (win 76.7% | avg 76.7% budget)
  frame.present                    win= 12.779ms avg= 12.779ms p95= 13.351ms max= 86.752ms calls(last=  1,win= 120,total=1200) (win 76.7% | avg 76.7% budget)
  frame.render.world               win=  4.880ms avg=  9.761ms p95= 10.364ms max= 18.052ms calls(last=  2,win= 240,total=2246) (win 29.3% | avg 58.6% budget)
  frame.fixed_step                 win=  4.231ms avg=  4.407ms p95=  7.536ms max= 17.138ms calls(last=  1,win= 125,total=1245) (win 25.4% | avg 26.4% budget)
  frame.render.overlay             win=  3.048ms avg=  3.048ms p95=  3.716ms max=  4.055ms calls(last=  1,win= 120,total=1123) (win 18.3% | avg 18.3% budget)
  game.update                      win=  2.409ms avg=  2.509ms p95=  4.023ms max= 15.837ms calls(last=  1,win= 125,total=1165) (win 14.5% | avg 15.1% budget)
  system.ai_update                 win=  2.281ms avg=  2.376ms p95=  3.777ms max= 15.689ms calls(last=  1,win= 125,total=1165) (win 13.7% | avg 14.3% budget)
  enemy.update                     win=  2.275ms avg=  2.370ms p95=  3.766ms max= 15.625ms calls(last=  1,win= 125,total=1165) (win 13.6% | avg 14.2% budget)
  frame.render.world.maze          win=  1.124ms avg=  1.124ms p95=  1.343ms max=  2.837ms calls(last=  1,win= 120,total=1123) (win 6.7% | avg 6.7% budget)
  frame.render.world.enemies       win=  1.123ms avg=  1.123ms p95=  1.371ms max=  3.361ms calls(last=  1,win= 120,total=1123) (win 6.7% | avg 6.7% budget)
  frame.render.world.effects       win=  0.480ms avg=  0.480ms p95=  1.024ms max=  1.066ms calls(last=  1,win= 120,total=1123) (win 2.9% | avg 2.9% budget)
  enemy.cheap.segment_build        win=  0.058ms avg=  0.037ms p95=  0.100ms max=  0.207ms calls(last=  2,win=  78,total=491) (win 0.3% | avg 0.2% budget)
  system.spawner_update            win=  0.042ms avg=  0.044ms p95=  0.071ms max=  0.453ms calls(last=  1,win= 125,total=1165) (win 0.3% | avg 0.3% budget)
  frame.input_poll                 win=  0.028ms avg=  0.028ms p95=  0.029ms max=  0.238ms calls(last=  1,win= 120,total=1200) (win 0.2% | avg 0.2% budget)
  system.player_update             win=  0.027ms avg=  0.023ms p95=  0.029ms max=  0.122ms calls(last=  0,win= 103,total=1023) (win 0.2% | avg 0.1% budget)
  system.physics_collision         win=  0.023ms avg=  0.024ms p95=  0.032ms max=  0.097ms calls(last=  1,win= 125,total=1165) (win 0.1% | avg 0.1% budget)
  enemy.type.drone                 win=  0.004ms avg=  0.130ms p95=  0.192ms max=  0.316ms calls(last= 34,win=4250,total=24402) (win 0.0% | avg 0.8% budget)
  system.projectile_update         win=  0.004ms avg=  0.004ms p95=  0.004ms max=  0.043ms calls(last=  1,win= 125,total=1165) (win 0.0% | avg 0.0% budget)
  enemy.type.torpedo               win=  0.003ms avg=  0.132ms p95=  0.201ms max=  0.335ms calls(last= 37,win=4545,total=24833) (win 0.0% | avg 0.8% budget)
  system.maze_update               win=  0.001ms avg=  0.001ms p95=  0.001ms max=  0.002ms calls(last=  1,win= 125,total=1165) (win 0.0% | avg 0.0% budget)
[ENEMY_STATS] frame=1200 alive=71 visible=0 full=0 cheap=71 fullInBase=0 pairs(frontal=0 checks=0 separation=0 resolved=0)
[ENEMY_WINDOW] steps=125 alive[min=70 max=71] visible[min=0 max=0] full[min=0 max=0] collisionPasses[runs=0 skips=125]
[ENEMY_SEGMENTS] window=2.083s D{b/s=13.44 avgLen=4.93 fail=0} T{b/s=23.52 avgLen=6.38 fail=0} H{b/s=0.00 avgLen=0.00 fail=0} A{b/s=0.00 avgLen=0.00 fail=0}
[ENEMY_GRID] frontal{cand/s=0.0 xcell/s=0.0 ins/s=0.0} separation{cand/s=0.0}
[ENEMY_COLLISION_WINDOW] frontal{pairs/s=0.0 checks/s=0.0 baseSkip=0 kill=0(0.0%)} separation{pairs/s=0.0 resolved/s=0.0(0.0%) baseSkip=0 kill=0 wallBlock=0}
[ENEMY_NAV_CACHE] playerCell{changes=3 flowRebuilds=3} flow{hit=0 miss=0 hit%=0.0} pathFallback{calls=0 ok=0 ok%=0.0}
[ENEMY_SAP] updates=0 active=0 pairs=0 repairs{x=0 y=0}
[ENEMY_PAIR_TYPES] frontal DD=0 DT=0 DH=0 DA=0 TT=0 TH=0 TA=0 HH=0 HA=0 AA=0 separation DD=0 DT=0 DH=0 DA=0 TT=0 TH=0 TA=0 HH=0 HA=0 AA=0

[PROFILE] frame=1320 budget=16.667ms alloc(+90/-90, +200576b/-200576b, live=161144b peak=360496b)
  frame.total                      win= 17.070ms avg= 17.070ms p95= 17.936ms max= 86.798ms calls(last=  1,win= 120,total=1320) (win 102.4% | avg 102.4% budget)
  frame.render                     win= 12.898ms avg= 12.898ms p95= 13.427ms max= 86.758ms calls(last=  1,win= 120,total=1320) (win 77.4% | avg 77.4% budget)
  frame.present                    win= 12.890ms avg= 12.890ms p95= 13.421ms max= 86.752ms calls(last=  1,win= 120,total=1320) (win 77.3% | avg 77.3% budget)
  frame.render.world               win=  5.149ms avg= 10.297ms p95= 10.672ms max= 20.167ms calls(last=  2,win= 240,total=2486) (win 30.9% | avg 61.8% budget)
  frame.fixed_step                 win=  4.029ms avg=  4.130ms p95=  4.305ms max= 17.138ms calls(last=  1,win= 123,total=1368) (win 24.2% | avg 24.8% budget)
  frame.render.overlay             win=  3.036ms avg=  3.036ms p95=  3.670ms max=  4.055ms calls(last=  1,win= 120,total=1243) (win 18.2% | avg 18.2% budget)
  game.update                      win=  2.148ms avg=  2.202ms p95=  2.440ms max= 15.837ms calls(last=  1,win= 123,total=1288) (win 12.9% | avg 13.2% budget)
  system.ai_update                 win=  2.056ms avg=  2.108ms p95=  2.350ms max= 15.689ms calls(last=  1,win= 123,total=1288) (win 12.3% | avg 12.6% budget)
  enemy.update                     win=  2.050ms avg=  2.101ms p95=  2.344ms max= 15.625ms calls(last=  1,win= 123,total=1288) (win 12.3% | avg 12.6% budget)
  frame.render.world.maze          win=  1.190ms avg=  1.190ms p95=  1.349ms max=  2.837ms calls(last=  1,win= 120,total=1243) (win 7.1% | avg 7.1% budget)
  frame.render.world.enemies       win=  1.171ms avg=  1.171ms p95=  1.256ms max=  5.951ms calls(last=  1,win= 120,total=1243) (win 7.0% | avg 7.0% budget)
  frame.render.world.effects       win=  1.013ms avg=  1.013ms p95=  1.155ms max=  2.627ms calls(last=  1,win= 120,total=1243) (win 6.1% | avg 6.1% budget)
  enemy.cheap.segment_build        win=  0.059ms avg=  0.043ms p95=  0.128ms max=  0.209ms calls(last=  0,win=  87,total=578) (win 0.4% | avg 0.3% budget)
  system.spawner_update            win=  0.047ms avg=  0.048ms p95=  0.056ms max=  0.453ms calls(last=  1,win= 123,total=1288) (win 0.3% | avg 0.3% budget)
  frame.input_poll                 win=  0.029ms avg=  0.029ms p95=  0.029ms max=  0.238ms calls(last=  1,win= 120,total=1320) (win 0.2% | avg 0.2% budget)
  enemy.type.drone                 win=  0.004ms avg=  0.135ms p95=  0.214ms max=  0.366ms calls(last= 35,win=4270,total=28672) (win 0.0% | avg 0.8% budget)
  system.projectile_update         win=  0.004ms avg=  0.004ms p95=  0.004ms max=  0.043ms calls(last=  1,win= 123,total=1288) (win 0.0% | avg 0.0% budget)
  enemy.type.torpedo               win=  0.004ms avg=  0.134ms p95=  0.249ms max=  0.352ms calls(last= 37,win=4551,total=29384) (win 0.0% | avg 0.8% budget)
  system.physics_collision         win=  0.003ms avg=  0.003ms p95=  0.003ms max=  0.097ms calls(last=  1,win= 123,total=1288) (win 0.0% | avg 0.0% budget)
  system.maze_update               win=  0.001ms avg=  0.001ms p95=  0.001ms max=  0.002ms calls(last=  1,win= 123,total=1288) (win 0.0% | avg 0.0% budget)
  system.player_update             win=  0.000ms avg=  0.000ms p95=  0.000ms max=  0.122ms calls(last=  0,win=   0,total=1023) (win 0.0% | avg 0.0% budget)
[ENEMY_STATS] frame=1320 alive=72 visible=0 full=0 cheap=72 fullInBase=0 pairs(frontal=0 checks=0 separation=0 resolved=0)
[ENEMY_WINDOW] steps=123 alive[min=71 max=72] visible[min=0 max=0] full[min=0 max=0] collisionPasses[runs=0 skips=123]
[ENEMY_SEGMENTS] window=2.050s D{b/s=16.59 avgLen=4.65 fail=5} T{b/s=23.90 avgLen=6.89 fail=0} H{b/s=0.00 avgLen=0.00 fail=0} A{b/s=0.00 avgLen=0.00 fail=0}
[ENEMY_GRID] frontal{cand/s=0.0 xcell/s=0.0 ins/s=0.0} separation{cand/s=0.0}
[ENEMY_COLLISION_WINDOW] frontal{pairs/s=0.0 checks/s=0.0 baseSkip=0 kill=0(0.0%)} separation{pairs/s=0.0 resolved/s=0.0(0.0%) baseSkip=0 kill=0 wallBlock=0}
[ENEMY_NAV_CACHE] playerCell{changes=0 flowRebuilds=0} flow{hit=0 miss=0 hit%=0.0} pathFallback{calls=0 ok=0 ok%=0.0}
[ENEMY_SAP] updates=0 active=0 pairs=0 repairs{x=0 y=0}
[ENEMY_PAIR_TYPES] frontal DD=0 DT=0 DH=0 DA=0 TT=0 TH=0 TA=0 HH=0 HA=0 AA=0 separation DD=0 DT=0 DH=0 DA=0 TT=0 TH=0 TA=0 HH=0 HA=0 AA=0

[PROFILE] frame=1440 budget=16.667ms alloc(+90/-90, +200576b/-200576b, live=161144b peak=360512b)
  frame.total                      win= 17.103ms avg= 17.103ms p95= 17.639ms max= 86.798ms calls(last=  1,win= 120,total=1440) (win 102.6% | avg 102.6% budget)
  frame.render                     win= 12.851ms avg= 12.851ms p95= 13.390ms max= 86.758ms calls(last=  1,win= 120,total=1440) (win 77.1% | avg 77.1% budget)
  frame.present                    win= 12.842ms avg= 12.842ms p95= 13.383ms max= 86.752ms calls(last=  1,win= 120,total=1440) (win 77.1% | avg 77.1% budget)
  frame.render.world               win=  4.568ms avg=  9.135ms p95= 10.292ms max= 20.167ms calls(last=  2,win= 240,total=2726) (win 27.4% | avg 54.8% budget)
  frame.fixed_step                 win=  4.077ms avg=  4.213ms p95=  4.264ms max= 17.138ms calls(last=  1,win= 124,total=1492) (win 24.5% | avg 25.3% budget)
  frame.render.overlay             win=  3.041ms avg=  3.041ms p95=  3.677ms max=  5.236ms calls(last=  1,win= 120,total=1363) (win 18.2% | avg 18.2% budget)
  game.update                      win=  2.213ms avg=  2.287ms p95=  2.352ms max= 15.837ms calls(last=  1,win= 124,total=1412) (win 13.3% | avg 13.7% budget)
  system.ai_update                 win=  2.109ms avg=  2.179ms p95=  2.245ms max= 15.689ms calls(last=  1,win= 124,total=1412) (win 12.7% | avg 13.1% budget)
  enemy.update                     win=  2.103ms avg=  2.173ms p95=  2.238ms max= 15.625ms calls(last=  1,win= 124,total=1412) (win 12.6% | avg 13.0% budget)
  frame.render.world.enemies       win=  1.107ms avg=  1.107ms p95=  1.200ms max=  5.951ms calls(last=  1,win= 120,total=1363) (win 6.6% | avg 6.6% budget)
  frame.render.world.maze          win=  0.864ms avg=  0.864ms p95=  1.200ms max=  2.837ms calls(last=  1,win= 120,total=1363) (win 5.2% | avg 5.2% budget)
  frame.render.world.effects       win=  0.565ms avg=  0.565ms p95=  1.112ms max=  2.627ms calls(last=  1,win= 120,total=1363) (win 3.4% | avg 3.4% budget)
  enemy.cheap.segment_build        win=  0.057ms avg=  0.039ms p95=  0.103ms max=  0.209ms calls(last=  1,win=  81,total=659) (win 0.3% | avg 0.2% budget)
  system.spawner_update            win=  0.040ms avg=  0.042ms p95=  0.047ms max=  0.453ms calls(last=  1,win= 124,total=1412) (win 0.2% | avg 0.3% budget)
  frame.input_poll                 win=  0.027ms avg=  0.027ms p95=  0.028ms max=  0.238ms calls(last=  1,win= 120,total=1440) (win 0.2% | avg 0.2% budget)
  system.physics_collision         win=  0.020ms avg=  0.021ms p95=  0.032ms max=  0.097ms calls(last=  1,win= 124,total=1412) (win 0.1% | avg 0.1% budget)
  enemy.type.drone                 win=  0.004ms avg=  0.133ms p95=  0.206ms max=  0.366ms calls(last= 35,win=4340,total=33012) (win 0.0% | avg 0.8% budget)
  system.projectile_update         win=  0.004ms avg=  0.004ms p95=  0.004ms max=  0.043ms calls(last=  1,win= 124,total=1412) (win 0.0% | avg 0.0% budget)
  enemy.type.torpedo               win=  0.003ms avg=  0.129ms p95=  0.210ms max=  0.352ms calls(last= 37,win=4588,total=33972) (win 0.0% | avg 0.8% budget)
  system.maze_update               win=  0.001ms avg=  0.001ms p95=  0.001ms max=  0.002ms calls(last=  1,win= 124,total=1412) (win 0.0% | avg 0.0% budget)
  system.player_update             win=  0.000ms avg=  0.000ms p95=  0.000ms max=  0.122ms calls(last=  0,win=   0,total=1023) (win 0.0% | avg 0.0% budget)
[ENEMY_STATS] frame=1440 alive=72 visible=0 full=0 cheap=72 fullInBase=0 pairs(frontal=0 checks=0 separation=0 resolved=0)
[ENEMY_WINDOW] steps=124 alive[min=72 max=72] visible[min=0 max=0] full[min=0 max=0] collisionPasses[runs=0 skips=124]
[ENEMY_SEGMENTS] window=2.067s D{b/s=15.48 avgLen=4.32 fail=0} T{b/s=22.74 avgLen=6.26 fail=0} H{b/s=0.00 avgLen=0.00 fail=0} A{b/s=0.00 avgLen=0.00 fail=0}
[ENEMY_GRID] frontal{cand/s=0.0 xcell/s=0.0 ins/s=0.0} separation{cand/s=0.0}
[ENEMY_COLLISION_WINDOW] frontal{pairs/s=0.0 checks/s=0.0 baseSkip=0 kill=0(0.0%)} separation{pairs/s=0.0 resolved/s=0.0(0.0%) baseSkip=0 kill=0 wallBlock=0}
[ENEMY_NAV_CACHE] playerCell{changes=1 flowRebuilds=1} flow{hit=0 miss=0 hit%=0.0} pathFallback{calls=0 ok=0 ok%=0.0}
[ENEMY_SAP] updates=0 active=0 pairs=0 repairs{x=0 y=0}
[ENEMY_PAIR_TYPES] frontal DD=0 DT=0 DH=0 DA=0 TT=0 TH=0 TA=0 HH=0 HA=0 AA=0 separation DD=0 DT=0 DH=0 DA=0 TT=0 TH=0 TA=0 HH=0 HA=0 AA=0

[PROFILE] frame=1560 budget=16.667ms alloc(+90/-90, +200576b/-200576b, live=161144b peak=360512b)
  frame.total                      win= 17.065ms avg= 17.065ms p95= 17.941ms max= 86.798ms calls(last=  1,win= 120,total=1560) (win 102.4% | avg 102.4% budget)
  frame.render                     win= 12.765ms avg= 12.765ms p95= 13.474ms max= 86.758ms calls(last=  1,win= 120,total=1560) (win 76.6% | avg 76.6% budget)
  frame.present                    win= 12.758ms avg= 12.758ms p95= 13.466ms max= 86.752ms calls(last=  1,win= 120,total=1560) (win 76.5% | avg 76.5% budget)
  frame.render.world               win=  4.424ms avg=  8.848ms p95=  9.375ms max= 20.167ms calls(last=  2,win= 240,total=2966) (win 26.5% | avg 53.1% budget)
  frame.fixed_step                 win=  4.123ms avg=  4.260ms p95=  4.321ms max= 17.138ms calls(last=  1,win= 124,total=1616) (win 24.7% | avg 25.6% budget)
  frame.render.overlay             win=  3.051ms avg=  3.051ms p95=  3.700ms max=  5.236ms calls(last=  1,win= 120,total=1483) (win 18.3% | avg 18.3% budget)
  game.update                      win=  2.251ms avg=  2.326ms p95=  2.467ms max= 15.837ms calls(last=  1,win= 124,total=1536) (win 13.5% | avg 14.0% budget)
  system.ai_update                 win=  2.120ms avg=  2.190ms p95=  2.324ms max= 15.689ms calls(last=  1,win= 124,total=1536) (win 12.7% | avg 13.1% budget)
  enemy.update                     win=  2.114ms avg=  2.184ms p95=  2.319ms max= 15.625ms calls(last=  1,win= 124,total=1536) (win 12.7% | avg 13.1% budget)
  frame.render.world.enemies       win=  1.112ms avg=  1.112ms p95=  1.187ms max=  5.951ms calls(last=  1,win= 120,total=1483) (win 6.7% | avg 6.7% budget)
  frame.render.world.maze          win=  0.805ms avg=  0.805ms p95=  0.892ms max=  2.837ms calls(last=  1,win= 120,total=1483) (win 4.8% | avg 4.8% budget)
  frame.render.world.effects       win=  0.382ms avg=  0.382ms p95=  0.490ms max=  2.627ms calls(last=  1,win= 120,total=1483) (win 2.3% | avg 2.3% budget)
  enemy.cheap.segment_build        win=  0.061ms avg=  0.039ms p95=  0.106ms max=  0.209ms calls(last=  0,win=  76,total=735) (win 0.4% | avg 0.2% budget)
  system.spawner_update            win=  0.041ms avg=  0.042ms p95=  0.075ms max=  0.453ms calls(last=  1,win= 124,total=1536) (win 0.2% | avg 0.3% budget)
  system.physics_collision         win=  0.028ms avg=  0.029ms p95=  0.033ms max=  0.097ms calls(last=  1,win= 124,total=1536) (win 0.2% | avg 0.2% budget)
  frame.input_poll                 win=  0.028ms avg=  0.028ms p95=  0.029ms max=  0.238ms calls(last=  1,win= 120,total=1560) (win 0.2% | avg 0.2% budget)
  system.player_update             win=  0.027ms avg=  0.021ms p95=  0.029ms max=  0.122ms calls(last=  1,win=  92,total=1115) (win 0.2% | avg 0.1% budget)
  enemy.type.drone                 win=  0.004ms avg=  0.134ms p95=  0.223ms max=  0.366ms calls(last= 35,win=4340,total=37352) (win 0.0% | avg 0.8% budget)
  enemy.type.torpedo               win=  0.003ms avg=  0.132ms p95=  0.218ms max=  0.352ms calls(last= 37,win=4588,total=38560) (win 0.0% | avg 0.8% budget)
  system.projectile_update         win=  0.003ms avg=  0.004ms p95=  0.004ms max=  0.043ms calls(last=  1,win= 124,total=1536) (win 0.0% | avg 0.0% budget)
  system.maze_update               win=  0.001ms avg=  0.001ms p95=  0.001ms max=  0.002ms calls(last=  1,win= 124,total=1536) (win 0.0% | avg 0.0% budget)
[ENEMY_STATS] frame=1560 alive=72 visible=0 full=0 cheap=72 fullInBase=0 pairs(frontal=0 checks=0 separation=0 resolved=0)
[ENEMY_WINDOW] steps=124 alive[min=72 max=72] visible[min=0 max=0] full[min=0 max=0] collisionPasses[runs=0 skips=124]
[ENEMY_SEGMENTS] window=2.067s D{b/s=15.00 avgLen=4.85 fail=0} T{b/s=21.77 avgLen=6.26 fail=0} H{b/s=0.00 avgLen=0.00 fail=0} A{b/s=0.00 avgLen=0.00 fail=0}
[ENEMY_GRID] frontal{cand/s=0.0 xcell/s=0.0 ins/s=0.0} separation{cand/s=0.0}
[ENEMY_COLLISION_WINDOW] frontal{pairs/s=0.0 checks/s=0.0 baseSkip=0 kill=0(0.0%)} separation{pairs/s=0.0 resolved/s=0.0(0.0%) baseSkip=0 kill=0 wallBlock=0}
[ENEMY_NAV_CACHE] playerCell{changes=1 flowRebuilds=1} flow{hit=0 miss=0 hit%=0.0} pathFallback{calls=0 ok=0 ok%=0.0}
[ENEMY_SAP] updates=0 active=0 pairs=0 repairs{x=0 y=0}
[ENEMY_PAIR_TYPES] frontal DD=0 DT=0 DH=0 DA=0 TT=0 TH=0 TA=0 HH=0 HA=0 AA=0 separation DD=0 DT=0 DH=0 DA=0 TT=0 TH=0 TA=0 HH=0 HA=0 AA=0

[PROFILE] frame=1680 budget=16.667ms alloc(+90/-90, +200576b/-200576b, live=161144b peak=360512b)
  frame.total                      win= 17.129ms avg= 17.129ms p95= 18.149ms max= 86.798ms calls(last=  1,win= 120,total=1680) (win 102.8% | avg 102.8% budget)
  frame.render                     win= 12.721ms avg= 12.721ms p95= 13.429ms max= 86.758ms calls(last=  1,win= 120,total=1680) (win 76.3% | avg 76.3% budget)
  frame.present                    win= 12.714ms avg= 12.714ms p95= 13.421ms max= 86.752ms calls(last=  1,win= 120,total=1680) (win 76.3% | avg 76.3% budget)
  frame.render.world               win=  4.458ms avg=  8.916ms p95=  9.274ms max= 20.167ms calls(last=  2,win= 240,total=3206) (win 26.7% | avg 53.5% budget)
  frame.fixed_step                 win=  4.227ms avg=  4.367ms p95=  5.462ms max= 17.138ms calls(last=  1,win= 124,total=1740) (win 25.4% | avg 26.2% budget)
  frame.render.overlay             win=  3.054ms avg=  3.054ms p95=  3.698ms max=  5.236ms calls(last=  1,win= 120,total=1603) (win 18.3% | avg 18.3% budget)
  game.update                      win=  2.346ms avg=  2.424ms p95=  3.184ms max= 15.837ms calls(last=  1,win= 124,total=1660) (win 14.1% | avg 14.5% budget)
  system.ai_update                 win=  2.209ms avg=  2.282ms p95=  3.050ms max= 15.689ms calls(last=  1,win= 124,total=1660) (win 13.3% | avg 13.7% budget)
  enemy.update                     win=  2.202ms avg=  2.275ms p95=  3.031ms max= 15.625ms calls(last=  1,win= 124,total=1660) (win 13.2% | avg 13.7% budget)
  frame.render.world.enemies       win=  1.118ms avg=  1.118ms p95=  1.226ms max=  5.951ms calls(last=  1,win= 120,total=1603) (win 6.7% | avg 6.7% budget)
  frame.render.world.maze          win=  0.839ms avg=  0.839ms p95=  0.940ms max=  2.837ms calls(last=  1,win= 120,total=1603) (win 5.0% | avg 5.0% budget)
  frame.render.world.effects       win=  0.376ms avg=  0.376ms p95=  0.475ms max=  2.627ms calls(last=  1,win= 120,total=1603) (win 2.3% | avg 2.3% budget)
  enemy.cheap.segment_build        win=  0.058ms avg=  0.041ms p95=  0.110ms max=  0.209ms calls(last=  1,win=  84,total=819) (win 0.3% | avg 0.2% budget)
  system.spawner_update            win=  0.039ms avg=  0.040ms p95=  0.041ms max=  0.453ms calls(last=  1,win= 124,total=1660) (win 0.2% | avg 0.2% budget)
  system.physics_collision         win=  0.029ms avg=  0.030ms p95=  0.036ms max=  0.254ms calls(last=  1,win= 124,total=1660) (win 0.2% | avg 0.2% budget)
  frame.input_poll                 win=  0.028ms avg=  0.028ms p95=  0.028ms max=  0.238ms calls(last=  1,win= 120,total=1680) (win 0.2% | avg 0.2% budget)
  system.player_update             win=  0.027ms avg=  0.028ms p95=  0.030ms max=  0.122ms calls(last=  1,win= 124,total=1239) (win 0.2% | avg 0.2% budget)
  enemy.type.drone                 win=  0.004ms avg=  0.131ms p95=  0.209ms max=  0.366ms calls(last= 35,win=4340,total=41692) (win 0.0% | avg 0.8% budget)
  enemy.type.torpedo               win=  0.004ms avg=  0.134ms p95=  0.208ms max=  0.352ms calls(last= 37,win=4588,total=43148) (win 0.0% | avg 0.8% budget)
  system.projectile_update         win=  0.004ms avg=  0.004ms p95=  0.004ms max=  0.043ms calls(last=  1,win= 124,total=1660) (win 0.0% | avg 0.0% budget)
  system.maze_update               win=  0.001ms avg=  0.001ms p95=  0.001ms max=  0.002ms calls(last=  1,win= 124,total=1660) (win 0.0% | avg 0.0% budget)
[ENEMY_STATS] frame=1680 alive=72 visible=0 full=0 cheap=72 fullInBase=0 pairs(frontal=0 checks=0 separation=0 resolved=0)
[ENEMY_WINDOW] steps=124 alive[min=72 max=72] visible[min=0 max=0] full[min=0 max=0] collisionPasses[runs=0 skips=124]
[ENEMY_SEGMENTS] window=2.067s D{b/s=15.00 avgLen=4.92 fail=0} T{b/s=25.65 avgLen=6.00 fail=0} H{b/s=0.00 avgLen=0.00 fail=0} A{b/s=0.00 avgLen=0.00 fail=0}
[ENEMY_GRID] frontal{cand/s=0.0 xcell/s=0.0 ins/s=0.0} separation{cand/s=0.0}
[ENEMY_COLLISION_WINDOW] frontal{pairs/s=0.0 checks/s=0.0 baseSkip=0 kill=0(0.0%)} separation{pairs/s=0.0 resolved/s=0.0(0.0%) baseSkip=0 kill=0 wallBlock=0}
[ENEMY_NAV_CACHE] playerCell{changes=2 flowRebuilds=2} flow{hit=0 miss=0 hit%=0.0} pathFallback{calls=0 ok=0 ok%=0.0}
[ENEMY_SAP] updates=0 active=0 pairs=0 repairs{x=0 y=0}
[ENEMY_PAIR_TYPES] frontal DD=0 DT=0 DH=0 DA=0 TT=0 TH=0 TA=0 HH=0 HA=0 AA=0 separation DD=0 DT=0 DH=0 DA=0 TT=0 TH=0 TA=0 HH=0 HA=0 AA=0

[PROFILE] frame=1800 budget=16.667ms alloc(+90/-90, +200576b/-200576b, live=161144b peak=360512b)
  frame.total                      win= 17.219ms avg= 17.219ms p95= 18.803ms max= 86.798ms calls(last=  1,win= 120,total=1800) (win 103.3% | avg 103.3% budget)
  frame.render                     win= 12.744ms avg= 12.744ms p95= 13.477ms max= 86.758ms calls(last=  1,win= 120,total=1800) (win 76.5% | avg 76.5% budget)
  frame.present                    win= 12.737ms avg= 12.737ms p95= 13.470ms max= 86.752ms calls(last=  1,win= 120,total=1800) (win 76.4% | avg 76.4% budget)
  frame.render.world               win=  4.593ms avg=  9.185ms p95=  9.638ms max= 20.167ms calls(last=  2,win= 240,total=3446) (win 27.6% | avg 55.1% budget)
  frame.fixed_step                 win=  4.293ms avg=  4.436ms p95=  7.804ms max= 17.138ms calls(last=  1,win= 124,total=1864) (win 25.8% | avg 26.6% budget)
  frame.render.overlay             win=  3.041ms avg=  3.041ms p95=  3.678ms max=  5.236ms calls(last=  1,win= 120,total=1723) (win 18.2% | avg 18.2% budget)
  game.update                      win=  2.418ms avg=  2.498ms p95=  4.135ms max= 15.837ms calls(last=  1,win= 124,total=1784) (win 14.5% | avg 15.0% budget)
  system.ai_update                 win=  2.282ms avg=  2.358ms p95=  3.864ms max= 15.689ms calls(last=  1,win= 124,total=1784) (win 13.7% | avg 14.1% budget)
  enemy.update                     win=  2.276ms avg=  2.352ms p95=  3.853ms max= 15.625ms calls(last=  1,win= 124,total=1784) (win 13.7% | avg 14.1% budget)
  frame.render.world.enemies       win=  1.113ms avg=  1.113ms p95=  1.202ms max=  5.951ms calls(last=  1,win= 120,total=1723) (win 6.7% | avg 6.7% budget)
  frame.render.world.maze          win=  0.951ms avg=  0.951ms p95=  1.026ms max=  2.837ms calls(last=  1,win= 120,total=1723) (win 5.7% | avg 5.7% budget)
  frame.render.world.effects       win=  0.383ms avg=  0.383ms p95=  0.476ms max=  2.627ms calls(last=  1,win= 120,total=1723) (win 2.3% | avg 2.3% budget)
  enemy.cheap.segment_build        win=  0.059ms avg=  0.042ms p95=  0.104ms max=  0.209ms calls(last=  0,win=  84,total=903) (win 0.4% | avg 0.2% budget)
  system.spawner_update            win=  0.039ms avg=  0.041ms p95=  0.045ms max=  0.453ms calls(last=  1,win= 124,total=1784) (win 0.2% | avg 0.2% budget)
  system.player_update             win=  0.028ms avg=  0.029ms p95=  0.046ms max=  0.122ms calls(last=  1,win= 124,total=1363) (win 0.2% | avg 0.2% budget)
  system.physics_collision         win=  0.028ms avg=  0.028ms p95=  0.034ms max=  0.254ms calls(last=  1,win= 124,total=1784) (win 0.2% | avg 0.2% budget)
  frame.input_poll                 win=  0.027ms avg=  0.027ms p95=  0.028ms max=  0.238ms calls(last=  1,win= 120,total=1800) (win 0.2% | avg 0.2% budget)
  enemy.type.drone                 win=  0.004ms avg=  0.133ms p95=  0.217ms max=  0.366ms calls(last= 35,win=4340,total=46032) (win 0.0% | avg 0.8% budget)
  system.projectile_update         win=  0.003ms avg=  0.004ms p95=  0.004ms max=  0.043ms calls(last=  1,win= 124,total=1784) (win 0.0% | avg 0.0% budget)
  enemy.type.torpedo               win=  0.003ms avg=  0.131ms p95=  0.210ms max=  0.352ms calls(last= 37,win=4588,total=47736) (win 0.0% | avg 0.8% budget)
  system.maze_update               win=  0.001ms avg=  0.001ms p95=  0.001ms max=  0.002ms calls(last=  1,win= 124,total=1784) (win 0.0% | avg 0.0% budget)
[ENEMY_STATS] frame=1800 alive=72 visible=0 full=0 cheap=72 fullInBase=0 pairs(frontal=0 checks=0 separation=0 resolved=0)
[ENEMY_WINDOW] steps=124 alive[min=72 max=72] visible[min=0 max=0] full[min=0 max=0] collisionPasses[runs=0 skips=124]
[ENEMY_SEGMENTS] window=2.067s D{b/s=16.94 avgLen=5.09 fail=0} T{b/s=24.19 avgLen=5.75 fail=0} H{b/s=0.00 avgLen=0.00 fail=0} A{b/s=0.00 avgLen=0.00 fail=0}
[ENEMY_GRID] frontal{cand/s=0.0 xcell/s=0.0 ins/s=0.0} separation{cand/s=0.0}
[ENEMY_COLLISION_WINDOW] frontal{pairs/s=0.0 checks/s=0.0 baseSkip=0 kill=0(0.0%)} separation{pairs/s=0.0 resolved/s=0.0(0.0%) baseSkip=0 kill=0 wallBlock=0}
[ENEMY_NAV_CACHE] playerCell{changes=3 flowRebuilds=3} flow{hit=0 miss=0 hit%=0.0} pathFallback{calls=0 ok=0 ok%=0.0}
[ENEMY_SAP] updates=0 active=0 pairs=0 repairs{x=0 y=0}
[ENEMY_PAIR_TYPES] frontal DD=0 DT=0 DH=0 DA=0 TT=0 TH=0 TA=0 HH=0 HA=0 AA=0 separation DD=0 DT=0 DH=0 DA=0 TT=0 TH=0 TA=0 HH=0 HA=0 AA=0

[PROFILE] frame=1920 budget=16.667ms alloc(+90/-90, +200576b/-200576b, live=161144b peak=360512b)
  frame.total                      win= 17.238ms avg= 17.238ms p95= 19.274ms max= 86.798ms calls(last=  1,win= 120,total=1920) (win 103.4% | avg 103.4% budget)
  frame.render                     win= 12.719ms avg= 12.719ms p95= 13.468ms max= 86.758ms calls(last=  1,win= 120,total=1920) (win 76.3% | avg 76.3% budget)
  frame.present                    win= 12.711ms avg= 12.711ms p95= 13.461ms max= 86.752ms calls(last=  1,win= 120,total=1920) (win 76.3% | avg 76.3% budget)
  frame.render.world               win=  4.615ms avg=  9.230ms p95=  9.650ms max= 20.167ms calls(last=  2,win= 240,total=3686) (win 27.7% | avg 55.4% budget)
  frame.fixed_step                 win=  4.300ms avg=  4.480ms p95=  7.778ms max= 17.138ms calls(last=  1,win= 125,total=1989) (win 25.8% | avg 26.9% budget)
  frame.render.overlay             win=  3.065ms avg=  3.065ms p95=  3.734ms max=  5.236ms calls(last=  1,win= 120,total=1843) (win 18.4% | avg 18.4% budget)
  game.update                      win=  2.426ms avg=  2.527ms p95=  4.109ms max= 15.837ms calls(last=  1,win= 125,total=1909) (win 14.6% | avg 15.2% budget)
  system.ai_update                 win=  2.291ms avg=  2.386ms p95=  3.857ms max= 15.689ms calls(last=  1,win= 125,total=1909) (win 13.7% | avg 14.3% budget)
  enemy.update                     win=  2.285ms avg=  2.380ms p95=  3.845ms max= 15.625ms calls(last=  1,win= 125,total=1909) (win 13.7% | avg 14.3% budget)
  frame.render.world.enemies       win=  1.127ms avg=  1.127ms p95=  1.365ms max=  5.951ms calls(last=  1,win= 120,total=1843) (win 6.8% | avg 6.8% budget)
  frame.render.world.maze          win=  0.961ms avg=  0.961ms p95=  1.074ms max=  2.837ms calls(last=  1,win= 120,total=1843) (win 5.8% | avg 5.8% budget)
  frame.render.world.effects       win=  0.385ms avg=  0.385ms p95=  0.544ms max=  2.627ms calls(last=  1,win= 120,total=1843) (win 2.3% | avg 2.3% budget)
  enemy.cheap.segment_build        win=  0.061ms avg=  0.042ms p95=  0.098ms max=  0.209ms calls(last=  0,win=  82,total=985) (win 0.4% | avg 0.3% budget)
  system.spawner_update            win=  0.039ms avg=  0.041ms p95=  0.043ms max=  0.453ms calls(last=  1,win= 125,total=1909) (win 0.2% | avg 0.2% budget)
  system.physics_collision         win=  0.027ms avg=  0.029ms p95=  0.037ms max=  0.254ms calls(last=  1,win= 125,total=1909) (win 0.2% | avg 0.2% budget)
  frame.input_poll                 win=  0.027ms avg=  0.027ms p95=  0.028ms max=  0.238ms calls(last=  1,win= 120,total=1920) (win 0.2% | avg 0.2% budget)
  system.player_update             win=  0.027ms avg=  0.028ms p95=  0.034ms max=  0.122ms calls(last=  1,win= 125,total=1488) (win 0.2% | avg 0.2% budget)
  enemy.type.drone                 win=  0.004ms avg=  0.131ms p95=  0.208ms max=  0.366ms calls(last= 35,win=4375,total=50407) (win 0.0% | avg 0.8% budget)
  enemy.type.torpedo               win=  0.004ms avg=  0.136ms p95=  0.212ms max=  0.371ms calls(last= 37,win=4625,total=52361) (win 0.0% | avg 0.8% budget)
  system.projectile_update         win=  0.003ms avg=  0.004ms p95=  0.005ms max=  0.043ms calls(last=  1,win= 125,total=1909) (win 0.0% | avg 0.0% budget)
  system.maze_update               win=  0.001ms avg=  0.001ms p95=  0.001ms max=  0.002ms calls(last=  1,win= 125,total=1909) (win 0.0% | avg 0.0% budget)
[ENEMY_STATS] frame=1920 alive=72 visible=0 full=0 cheap=72 fullInBase=0 pairs(frontal=0 checks=0 separation=0 resolved=0)
[ENEMY_WINDOW] steps=125 alive[min=72 max=72] visible[min=0 max=0] full[min=0 max=0] collisionPasses[runs=0 skips=125]
[ENEMY_SEGMENTS] window=2.083s D{b/s=13.44 avgLen=4.97 fail=0} T{b/s=26.88 avgLen=5.95 fail=0} H{b/s=0.00 avgLen=0.00 fail=0} A{b/s=0.00 avgLen=0.00 fail=0}
[ENEMY_GRID] frontal{cand/s=0.0 xcell/s=0.0 ins/s=0.0} separation{cand/s=0.0}
[ENEMY_COLLISION_WINDOW] frontal{pairs/s=0.0 checks/s=0.0 baseSkip=0 kill=0(0.0%)} separation{pairs/s=0.0 resolved/s=0.0(0.0%) baseSkip=0 kill=0 wallBlock=0}
[ENEMY_NAV_CACHE] playerCell{changes=3 flowRebuilds=3} flow{hit=0 miss=0 hit%=0.0} pathFallback{calls=0 ok=0 ok%=0.0}
[ENEMY_SAP] updates=0 active=0 pairs=0 repairs{x=0 y=0}
[ENEMY_PAIR_TYPES] frontal DD=0 DT=0 DH=0 DA=0 TT=0 TH=0 TA=0 HH=0 HA=0 AA=0 separation DD=0 DT=0 DH=0 DA=0 TT=0 TH=0 TA=0 HH=0 HA=0 AA=0

[PROFILE] frame=2040 budget=16.667ms alloc(+90/-90, +200576b/-200576b, live=161144b peak=360512b)
  frame.total                      win= 17.182ms avg= 17.182ms p95= 19.215ms max= 86.798ms calls(last=  1,win= 120,total=2040) (win 103.1% | avg 103.1% budget)
  frame.render                     win= 12.757ms avg= 12.757ms p95= 13.537ms max= 86.758ms calls(last=  1,win= 120,total=2040) (win 76.5% | avg 76.5% budget)
  frame.present                    win= 12.750ms avg= 12.750ms p95= 13.530ms max= 86.752ms calls(last=  1,win= 120,total=2040) (win 76.5% | avg 76.5% budget)
  frame.render.world               win=  4.639ms avg=  9.278ms p95=  9.716ms max= 20.167ms calls(last=  2,win= 240,total=3926) (win 27.8% | avg 55.7% budget)
  frame.fixed_step                 win=  4.210ms avg=  4.385ms p95=  7.681ms max= 17.138ms calls(last=  1,win= 125,total=2114) (win 25.3% | avg 26.3% budget)
  frame.render.overlay             win=  3.049ms avg=  3.049ms p95=  3.695ms max=  5.236ms calls(last=  1,win= 120,total=1963) (win 18.3% | avg 18.3% budget)
  game.update                      win=  2.336ms avg=  2.433ms p95=  3.996ms max= 15.837ms calls(last=  1,win= 125,total=2034) (win 14.0% | avg 14.6% budget)
  system.ai_update                 win=  2.201ms avg=  2.293ms p95=  3.770ms max= 15.689ms calls(last=  1,win= 125,total=2034) (win 13.2% | avg 13.8% budget)
  enemy.update                     win=  2.195ms avg=  2.287ms p95=  3.760ms max= 15.625ms calls(last=  1,win= 125,total=2034) (win 13.2% | avg 13.7% budget)
  frame.render.world.enemies       win=  1.117ms avg=  1.117ms p95=  1.261ms max=  5.951ms calls(last=  1,win= 120,total=1963) (win 6.7% | avg 6.7% budget)
  frame.render.world.maze          win=  0.997ms avg=  0.997ms p95=  1.098ms max=  2.837ms calls(last=  1,win= 120,total=1963) (win 6.0% | avg 6.0% budget)
  frame.render.world.effects       win=  0.367ms avg=  0.367ms p95=  0.455ms max=  2.627ms calls(last=  1,win= 120,total=1963) (win 2.2% | avg 2.2% budget)
  enemy.cheap.segment_build        win=  0.060ms avg=  0.046ms p95=  0.124ms max=  0.212ms calls(last=  0,win=  91,total=1076) (win 0.4% | avg 0.3% budget)
  system.spawner_update            win=  0.039ms avg=  0.041ms p95=  0.042ms max=  0.453ms calls(last=  1,win= 125,total=2034) (win 0.2% | avg 0.2% budget)
  frame.input_poll                 win=  0.027ms avg=  0.027ms p95=  0.028ms max=  0.238ms calls(last=  1,win= 120,total=2040) (win 0.2% | avg 0.2% budget)
  system.physics_collision         win=  0.027ms avg=  0.028ms p95=  0.040ms max=  0.254ms calls(last=  1,win= 125,total=2034) (win 0.2% | avg 0.2% budget)
  system.player_update             win=  0.027ms avg=  0.028ms p95=  0.033ms max=  0.122ms calls(last=  1,win= 125,total=1613) (win 0.2% | avg 0.2% budget)
  enemy.type.drone                 win=  0.004ms avg=  0.133ms p95=  0.212ms max=  0.366ms calls(last= 35,win=4375,total=54782) (win 0.0% | avg 0.8% budget)
  enemy.type.torpedo               win=  0.004ms avg=  0.138ms p95=  0.231ms max=  0.371ms calls(last= 37,win=4625,total=56986) (win 0.0% | avg 0.8% budget)
  system.projectile_update         win=  0.003ms avg=  0.004ms p95=  0.004ms max=  0.043ms calls(last=  1,win= 125,total=2034) (win 0.0% | avg 0.0% budget)
  system.maze_update               win=  0.001ms avg=  0.001ms p95=  0.001ms max=  0.002ms calls(last=  1,win= 125,total=2034) (win 0.0% | avg 0.0% budget)
[ENEMY_STATS] frame=2040 alive=72 visible=0 full=0 cheap=72 fullInBase=0 pairs(frontal=0 checks=0 separation=0 resolved=0)
[ENEMY_WINDOW] steps=125 alive[min=72 max=72] visible[min=0 max=0] full[min=0 max=0] collisionPasses[runs=0 skips=125]
[ENEMY_SEGMENTS] window=2.083s D{b/s=14.40 avgLen=4.91 fail=0} T{b/s=27.84 avgLen=5.89 fail=0} H{b/s=0.00 avgLen=0.00 fail=0} A{b/s=0.00 avgLen=0.00 fail=0}
[ENEMY_GRID] frontal{cand/s=0.0 xcell/s=0.0 ins/s=0.0} separation{cand/s=0.0}
[ENEMY_COLLISION_WINDOW] frontal{pairs/s=0.0 checks/s=0.0 baseSkip=0 kill=0(0.0%)} separation{pairs/s=0.0 resolved/s=0.0(0.0%) baseSkip=0 kill=0 wallBlock=0}
[ENEMY_NAV_CACHE] playerCell{changes=2 flowRebuilds=2} flow{hit=0 miss=0 hit%=0.0} pathFallback{calls=0 ok=0 ok%=0.0}
[ENEMY_SAP] updates=0 active=0 pairs=0 repairs{x=0 y=0}
[ENEMY_PAIR_TYPES] frontal DD=0 DT=0 DH=0 DA=0 TT=0 TH=0 TA=0 HH=0 HA=0 AA=0 separation DD=0 DT=0 DH=0 DA=0 TT=0 TH=0 TA=0 HH=0 HA=0 AA=0

[PROFILE] frame=2160 budget=16.667ms alloc(+90/-90, +200576b/-200576b, live=161144b peak=360512b)
  frame.total                      win= 17.178ms avg= 17.178ms p95= 17.943ms max= 86.798ms calls(last=  1,win= 120,total=2160) (win 103.1% | avg 103.1% budget)
  frame.render                     win= 12.773ms avg= 12.773ms p95= 13.437ms max= 86.758ms calls(last=  1,win= 120,total=2160) (win 76.6% | avg 76.6% budget)
  frame.present                    win= 12.766ms avg= 12.766ms p95= 13.429ms max= 86.752ms calls(last=  1,win= 120,total=2160) (win 76.6% | avg 76.6% budget)
  frame.render.world               win=  4.596ms avg=  9.192ms p95=  9.598ms max= 20.167ms calls(last=  2,win= 240,total=4166) (win 27.6% | avg 55.2% budget)
  frame.fixed_step                 win=  4.224ms avg=  4.364ms p95=  4.532ms max= 17.138ms calls(last=  1,win= 124,total=2238) (win 25.3% | avg 26.2% budget)
  frame.render.overlay             win=  3.043ms avg=  3.043ms p95=  3.683ms max=  5.236ms calls(last=  1,win= 120,total=2083) (win 18.3% | avg 18.3% budget)
  game.update                      win=  2.348ms avg=  2.426ms p95=  2.625ms max= 15.837ms calls(last=  1,win= 124,total=2158) (win 14.1% | avg 14.6% budget)
  system.ai_update                 win=  2.211ms avg=  2.284ms p95=  2.485ms max= 15.689ms calls(last=  1,win= 124,total=2158) (win 13.3% | avg 13.7% budget)
  enemy.update                     win=  2.205ms avg=  2.278ms p95=  2.478ms max= 15.625ms calls(last=  1,win= 124,total=2158) (win 13.2% | avg 13.7% budget)
  frame.render.world.enemies       win=  1.117ms avg=  1.117ms p95=  1.337ms max=  5.951ms calls(last=  1,win= 120,total=2083) (win 6.7% | avg 6.7% budget)
  frame.render.world.maze          win=  0.969ms avg=  0.969ms p95=  1.023ms max=  2.837ms calls(last=  1,win= 120,total=2083) (win 5.8% | avg 5.8% budget)
  frame.render.world.effects       win=  0.374ms avg=  0.374ms p95=  0.477ms max=  2.627ms calls(last=  1,win= 120,total=2083) (win 2.2% | avg 2.2% budget)
  enemy.cheap.segment_build        win=  0.062ms avg=  0.041ms p95=  0.102ms max=  0.359ms calls(last=  2,win=  80,total=1156) (win 0.4% | avg 0.2% budget)
  system.spawner_update            win=  0.040ms avg=  0.041ms p95=  0.041ms max=  0.453ms calls(last=  1,win= 124,total=2158) (win 0.2% | avg 0.2% budget)
  frame.input_poll                 win=  0.028ms avg=  0.028ms p95=  0.028ms max=  0.238ms calls(last=  1,win= 120,total=2160) (win 0.2% | avg 0.2% budget)
  system.physics_collision         win=  0.028ms avg=  0.029ms p95=  0.034ms max=  0.254ms calls(last=  1,win= 124,total=2158) (win 0.2% | avg 0.2% budget)
  system.player_update             win=  0.027ms avg=  0.028ms p95=  0.029ms max=  0.139ms calls(last=  1,win= 124,total=1737) (win 0.2% | avg 0.2% budget)
  enemy.type.drone                 win=  0.004ms avg=  0.135ms p95=  0.216ms max=  0.420ms calls(last= 35,win=4340,total=59122) (win 0.0% | avg 0.8% budget)
  enemy.type.torpedo               win=  0.003ms avg=  0.134ms p95=  0.213ms max=  0.371ms calls(last= 37,win=4588,total=61574) (win 0.0% | avg 0.8% budget)
  system.projectile_update         win=  0.003ms avg=  0.004ms p95=  0.004ms max=  0.043ms calls(last=  1,win= 124,total=2158) (win 0.0% | avg 0.0% budget)
  system.maze_update               win=  0.001ms avg=  0.001ms p95=  0.002ms max=  0.002ms calls(last=  1,win= 124,total=2158) (win 0.0% | avg 0.0% budget)
[ENEMY_STATS] frame=2160 alive=72 visible=0 full=0 cheap=72 fullInBase=0 pairs(frontal=0 checks=0 separation=0 resolved=0)
[ENEMY_WINDOW] steps=124 alive[min=72 max=72] visible[min=0 max=0] full[min=0 max=0] collisionPasses[runs=0 skips=124]
[ENEMY_SEGMENTS] window=2.067s D{b/s=15.48 avgLen=4.87 fail=0} T{b/s=24.19 avgLen=6.61 fail=0} H{b/s=0.00 avgLen=0.00 fail=0} A{b/s=0.00 avgLen=0.00 fail=0}
[ENEMY_GRID] frontal{cand/s=0.0 xcell/s=0.0 ins/s=0.0} separation{cand/s=0.0}
[ENEMY_COLLISION_WINDOW] frontal{pairs/s=0.0 checks/s=0.0 baseSkip=0 kill=0(0.0%)} separation{pairs/s=0.0 resolved/s=0.0(0.0%) baseSkip=0 kill=0 wallBlock=0}
[ENEMY_NAV_CACHE] playerCell{changes=2 flowRebuilds=2} flow{hit=0 miss=0 hit%=0.0} pathFallback{calls=0 ok=0 ok%=0.0}
[ENEMY_SAP] updates=0 active=0 pairs=0 repairs{x=0 y=0}
[ENEMY_PAIR_TYPES] frontal DD=0 DT=0 DH=0 DA=0 TT=0 TH=0 TA=0 HH=0 HA=0 AA=0 separation DD=0 DT=0 DH=0 DA=0 TT=0 TH=0 TA=0 HH=0 HA=0 AA=0

[PROFILE] frame=2280 budget=16.667ms alloc(+90/-90, +200576b/-200576b, live=161144b peak=360512b)
  frame.total                      win= 17.247ms avg= 17.247ms p95= 18.712ms max= 86.798ms calls(last=  1,win= 120,total=2280) (win 103.5% | avg 103.5% budget)
  frame.render                     win= 12.757ms avg= 12.757ms p95= 13.518ms max= 86.758ms calls(last=  1,win= 120,total=2280) (win 76.5% | avg 76.5% budget)
  frame.present                    win= 12.750ms avg= 12.750ms p95= 13.510ms max= 86.752ms calls(last=  1,win= 120,total=2280) (win 76.5% | avg 76.5% budget)
  frame.render.world               win=  4.544ms avg=  9.088ms p95=  9.443ms max= 20.167ms calls(last=  2,win= 240,total=4406) (win 27.3% | avg 54.5% budget)
  frame.fixed_step                 win=  4.272ms avg=  4.450ms p95=  7.728ms max= 18.349ms calls(last=  1,win= 125,total=2363) (win 25.6% | avg 26.7% budget)
  frame.render.overlay             win=  3.041ms avg=  3.041ms p95=  3.689ms max=  5.236ms calls(last=  1,win= 120,total=2203) (win 18.2% | avg 18.2% budget)
  game.update                      win=  2.407ms avg=  2.507ms p95=  4.043ms max= 15.837ms calls(last=  1,win= 125,total=2283) (win 14.4% | avg 15.0% budget)
  system.ai_update                 win=  2.271ms avg=  2.366ms p95=  3.800ms max= 15.689ms calls(last=  1,win= 125,total=2283) (win 13.6% | avg 14.2% budget)
  enemy.update                     win=  2.265ms avg=  2.360ms p95=  3.788ms max= 15.625ms calls(last=  1,win= 125,total=2283) (win 13.6% | avg 14.2% budget)
  frame.render.world.enemies       win=  1.118ms avg=  1.118ms p95=  1.206ms max=  5.951ms calls(last=  1,win= 120,total=2203) (win 6.7% | avg 6.7% budget)
  frame.render.world.maze          win=  0.926ms avg=  0.926ms p95=  1.040ms max=  2.837ms calls(last=  1,win= 120,total=2203) (win 5.6% | avg 5.6% budget)
  frame.render.world.effects       win=  0.376ms avg=  0.376ms p95=  0.484ms max=  2.627ms calls(last=  1,win= 120,total=2203) (win 2.3% | avg 2.3% budget)
  enemy.cheap.segment_build        win=  0.059ms avg=  0.037ms p95=  0.100ms max=  0.359ms calls(last=  0,win=  75,total=1231) (win 0.4% | avg 0.2% budget)
  system.spawner_update            win=  0.039ms avg=  0.041ms p95=  0.042ms max=  0.453ms calls(last=  1,win= 125,total=2283) (win 0.2% | avg 0.2% budget)
  system.physics_collision         win=  0.028ms avg=  0.029ms p95=  0.039ms max=  0.254ms calls(last=  1,win= 125,total=2283) (win 0.2% | avg 0.2% budget)
  frame.input_poll                 win=  0.027ms avg=  0.027ms p95=  0.028ms max=  0.238ms calls(last=  1,win= 120,total=2280) (win 0.2% | avg 0.2% budget)
  system.player_update             win=  0.027ms avg=  0.028ms p95=  0.038ms max=  0.139ms calls(last=  1,win= 125,total=1862) (win 0.2% | avg 0.2% budget)
  enemy.type.drone                 win=  0.004ms avg=  0.131ms p95=  0.197ms max=  0.420ms calls(last= 35,win=4375,total=63497) (win 0.0% | avg 0.8% budget)
  enemy.type.torpedo               win=  0.003ms avg=  0.134ms p95=  0.208ms max=  0.371ms calls(last= 37,win=4625,total=66199) (win 0.0% | avg 0.8% budget)
  system.projectile_update         win=  0.003ms avg=  0.004ms p95=  0.004ms max=  0.043ms calls(last=  1,win= 125,total=2283) (win 0.0% | avg 0.0% budget)
  system.maze_update               win=  0.001ms avg=  0.001ms p95=  0.001ms max=  0.002ms calls(last=  1,win= 125,total=2283) (win 0.0% | avg 0.0% budget)
[ENEMY_STATS] frame=2280 alive=72 visible=0 full=0 cheap=72 fullInBase=0 pairs(frontal=0 checks=0 separation=0 resolved=0)
[ENEMY_WINDOW] steps=125 alive[min=72 max=72] visible[min=0 max=0] full[min=0 max=0] collisionPasses[runs=0 skips=125]
[ENEMY_SEGMENTS] window=2.083s D{b/s=12.96 avgLen=5.26 fail=0} T{b/s=22.56 avgLen=6.44 fail=0} H{b/s=0.00 avgLen=0.00 fail=0} A{b/s=0.00 avgLen=0.00 fail=0}
[ENEMY_GRID] frontal{cand/s=0.0 xcell/s=0.0 ins/s=0.0} separation{cand/s=0.0}
[ENEMY_COLLISION_WINDOW] frontal{pairs/s=0.0 checks/s=0.0 baseSkip=0 kill=0(0.0%)} separation{pairs/s=0.0 resolved/s=0.0(0.0%) baseSkip=0 kill=0 wallBlock=0}
[ENEMY_NAV_CACHE] playerCell{changes=3 flowRebuilds=3} flow{hit=0 miss=0 hit%=0.0} pathFallback{calls=0 ok=0 ok%=0.0}
[ENEMY_SAP] updates=0 active=0 pairs=0 repairs{x=0 y=0}
[ENEMY_PAIR_TYPES] frontal DD=0 DT=0 DH=0 DA=0 TT=0 TH=0 TA=0 HH=0 HA=0 AA=0 separation DD=0 DT=0 DH=0 DA=0 TT=0 TH=0 TA=0 HH=0 HA=0 AA=0

[PROFILE] frame=2400 budget=16.667ms alloc(+90/-90, +200576b/-200576b, live=161144b peak=360512b)
  frame.total                      win= 17.114ms avg= 17.114ms p95= 17.849ms max= 86.798ms calls(last=  1,win= 120,total=2400) (win 102.7% | avg 102.7% budget)
  frame.render                     win= 12.733ms avg= 12.733ms p95= 13.460ms max= 86.758ms calls(last=  1,win= 120,total=2400) (win 76.4% | avg 76.4% budget)
  frame.present                    win= 12.727ms avg= 12.727ms p95= 13.452ms max= 86.752ms calls(last=  1,win= 120,total=2400) (win 76.4% | avg 76.4% budget)
  frame.render.world               win=  4.406ms avg=  8.813ms p95=  9.270ms max= 20.167ms calls(last=  2,win= 240,total=4646) (win 26.4% | avg 52.9% budget)
  frame.fixed_step                 win=  4.201ms avg=  4.341ms p95=  4.389ms max= 18.349ms calls(last=  1,win= 124,total=2487) (win 25.2% | avg 26.0% budget)
  frame.render.overlay             win=  3.032ms avg=  3.032ms p95=  3.688ms max=  5.236ms calls(last=  1,win= 120,total=2323) (win 18.2% | avg 18.2% budget)
  game.update                      win=  2.326ms avg=  2.404ms p95=  2.380ms max= 15.837ms calls(last=  1,win= 124,total=2407) (win 14.0% | avg 14.4% budget)
  system.ai_update                 win=  2.192ms avg=  2.265ms p95=  2.232ms max= 15.689ms calls(last=  1,win= 124,total=2407) (win 13.2% | avg 13.6% budget)
  enemy.update                     win=  2.186ms avg=  2.259ms p95=  2.227ms max= 15.625ms calls(last=  1,win= 124,total=2407) (win 13.1% | avg 13.6% budget)
  frame.render.world.enemies       win=  1.115ms avg=  1.115ms p95=  1.217ms max=  5.951ms calls(last=  1,win= 120,total=2323) (win 6.7% | avg 6.7% budget)
  frame.render.world.maze          win=  0.780ms avg=  0.780ms p95=  0.873ms max=  2.837ms calls(last=  1,win= 120,total=2323) (win 4.7% | avg 4.7% budget)
  frame.render.world.effects       win=  0.368ms avg=  0.368ms p95=  0.460ms max=  2.627ms calls(last=  1,win= 120,total=2323) (win 2.2% | avg 2.2% budget)
  enemy.cheap.segment_build        win=  0.060ms avg=  0.038ms p95=  0.102ms max=  0.359ms calls(last=  1,win=  76,total=1307) (win 0.4% | avg 0.2% budget)
  system.spawner_update            win=  0.039ms avg=  0.041ms p95=  0.046ms max=  0.453ms calls(last=  1,win= 124,total=2407) (win 0.2% | avg 0.2% budget)
  system.physics_collision         win=  0.027ms avg=  0.028ms p95=  0.039ms max=  0.254ms calls(last=  1,win= 124,total=2407) (win 0.2% | avg 0.2% budget)
  frame.input_poll                 win=  0.027ms avg=  0.027ms p95=  0.028ms max=  0.238ms calls(last=  1,win= 120,total=2400) (win 0.2% | avg 0.2% budget)
  system.player_update             win=  0.026ms avg=  0.027ms p95=  0.031ms max=  0.139ms calls(last=  1,win= 124,total=1986) (win 0.2% | avg 0.2% budget)
  enemy.type.drone                 win=  0.004ms avg=  0.129ms p95=  0.209ms max=  0.420ms calls(last= 35,win=4340,total=67837) (win 0.0% | avg 0.8% budget)
  enemy.type.torpedo               win=  0.003ms avg=  0.133ms p95=  0.215ms max=  0.371ms calls(last= 37,win=4588,total=70787) (win 0.0% | avg 0.8% budget)
  system.projectile_update         win=  0.003ms avg=  0.004ms p95=  0.004ms max=  0.043ms calls(last=  1,win= 124,total=2407) (win 0.0% | avg 0.0% budget)
  system.maze_update               win=  0.001ms avg=  0.001ms p95=  0.002ms max=  0.002ms calls(last=  1,win= 124,total=2407) (win 0.0% | avg 0.0% budget)
[ENEMY_STATS] frame=2400 alive=72 visible=0 full=0 cheap=72 fullInBase=0 pairs(frontal=0 checks=0 separation=0 resolved=0)
[ENEMY_WINDOW] steps=124 alive[min=72 max=72] visible[min=0 max=0] full[min=0 max=0] collisionPasses[runs=0 skips=124]
[ENEMY_SEGMENTS] window=2.067s D{b/s=13.06 avgLen=5.20 fail=0} T{b/s=23.23 avgLen=5.98 fail=0} H{b/s=0.00 avgLen=0.00 fail=0} A{b/s=0.00 avgLen=0.00 fail=0}
[ENEMY_GRID] frontal{cand/s=0.0 xcell/s=0.0 ins/s=0.0} separation{cand/s=0.0}
[ENEMY_COLLISION_WINDOW] frontal{pairs/s=0.0 checks/s=0.0 baseSkip=0 kill=0(0.0%)} separation{pairs/s=0.0 resolved/s=0.0(0.0%) baseSkip=0 kill=0 wallBlock=0}
[ENEMY_NAV_CACHE] playerCell{changes=2 flowRebuilds=2} flow{hit=0 miss=0 hit%=0.0} pathFallback{calls=0 ok=0 ok%=0.0}
[ENEMY_SAP] updates=0 active=0 pairs=0 repairs{x=0 y=0}
[ENEMY_PAIR_TYPES] frontal DD=0 DT=0 DH=0 DA=0 TT=0 TH=0 TA=0 HH=0 HA=0 AA=0 separation DD=0 DT=0 DH=0 DA=0 TT=0 TH=0 TA=0 HH=0 HA=0 AA=0

[PROFILE] frame=2520 budget=16.667ms alloc(+90/-90, +200576b/-200576b, live=161144b peak=360512b)
  frame.total                      win= 17.212ms avg= 17.212ms p95= 18.761ms max= 86.798ms calls(last=  1,win= 120,total=2520) (win 103.3% | avg 103.3% budget)
  frame.render                     win= 12.716ms avg= 12.716ms p95= 13.425ms max= 86.758ms calls(last=  1,win= 120,total=2520) (win 76.3% | avg 76.3% budget)
  frame.present                    win= 12.709ms avg= 12.709ms p95= 13.417ms max= 86.752ms calls(last=  1,win= 120,total=2520) (win 76.3% | avg 76.3% budget)
  frame.render.world               win=  4.389ms avg=  8.777ms p95=  9.131ms max= 20.167ms calls(last=  2,win= 240,total=4886) (win 26.3% | avg 52.7% budget)
  frame.fixed_step                 win=  4.311ms avg=  4.455ms p95=  7.784ms max= 18.349ms calls(last=  1,win= 124,total=2611) (win 25.9% | avg 26.7% budget)
  frame.render.overlay             win=  3.031ms avg=  3.031ms p95=  3.643ms max=  5.236ms calls(last=  1,win= 120,total=2443) (win 18.2% | avg 18.2% budget)
  game.update                      win=  2.432ms avg=  2.513ms p95=  4.163ms max= 15.837ms calls(last=  1,win= 124,total=2531) (win 14.6% | avg 15.1% budget)
  system.ai_update                 win=  2.292ms avg=  2.368ms p95=  3.888ms max= 15.689ms calls(last=  1,win= 124,total=2531) (win 13.7% | avg 14.2% budget)
  enemy.update                     win=  2.286ms avg=  2.362ms p95=  3.877ms max= 15.625ms calls(last=  1,win= 124,total=2531) (win 13.7% | avg 14.2% budget)
  frame.render.world.enemies       win=  1.112ms avg=  1.112ms p95=  1.196ms max=  5.951ms calls(last=  1,win= 120,total=2443) (win 6.7% | avg 6.7% budget)
  frame.render.world.maze          win=  0.766ms avg=  0.766ms p95=  0.861ms max=  2.837ms calls(last=  1,win= 120,total=2443) (win 4.6% | avg 4.6% budget)
  frame.render.world.effects       win=  0.380ms avg=  0.380ms p95=  0.471ms max=  2.627ms calls(last=  1,win= 120,total=2443) (win 2.3% | avg 2.3% budget)
  enemy.cheap.segment_build        win=  0.061ms avg=  0.042ms p95=  0.122ms max=  0.359ms calls(last=  0,win=  82,total=1389) (win 0.4% | avg 0.3% budget)
  system.spawner_update            win=  0.041ms avg=  0.043ms p95=  0.046ms max=  0.453ms calls(last=  1,win= 124,total=2531) (win 0.2% | avg 0.3% budget)
  system.physics_collision         win=  0.028ms avg=  0.029ms p95=  0.046ms max=  0.254ms calls(last=  1,win= 124,total=2531) (win 0.2% | avg 0.2% budget)
  system.player_update             win=  0.027ms avg=  0.028ms p95=  0.040ms max=  0.139ms calls(last=  1,win= 124,total=2110) (win 0.2% | avg 0.2% budget)
  frame.input_poll                 win=  0.027ms avg=  0.027ms p95=  0.028ms max=  0.238ms calls(last=  1,win= 120,total=2520) (win 0.2% | avg 0.2% budget)
  system.projectile_update         win=  0.004ms avg=  0.004ms p95=  0.004ms max=  0.043ms calls(last=  1,win= 124,total=2531) (win 0.0% | avg 0.0% budget)
  enemy.type.drone                 win=  0.004ms avg=  0.132ms p95=  0.222ms max=  0.420ms calls(last= 35,win=4340,total=72177) (win 0.0% | avg 0.8% budget)
  enemy.type.torpedo               win=  0.004ms avg=  0.136ms p95=  0.228ms max=  0.371ms calls(last= 37,win=4588,total=75375) (win 0.0% | avg 0.8% budget)
  system.maze_update               win=  0.001ms avg=  0.001ms p95=  0.001ms max=  0.002ms calls(last=  1,win= 124,total=2531) (win 0.0% | avg 0.0% budget)
[ENEMY_STATS] frame=2520 alive=72 visible=0 full=0 cheap=72 fullInBase=0 pairs(frontal=0 checks=0 separation=0 resolved=0)
[ENEMY_WINDOW] steps=124 alive[min=72 max=72] visible[min=0 max=0] full[min=0 max=0] collisionPasses[runs=0 skips=124]
[ENEMY_SEGMENTS] window=2.067s D{b/s=15.00 avgLen=5.09 fail=0} T{b/s=25.16 avgLen=6.08 fail=0} H{b/s=0.00 avgLen=0.00 fail=0} A{b/s=0.00 avgLen=0.00 fail=0}
[ENEMY_GRID] frontal{cand/s=0.0 xcell/s=0.0 ins/s=0.0} separation{cand/s=0.0}
[ENEMY_COLLISION_WINDOW] frontal{pairs/s=0.0 checks/s=0.0 baseSkip=0 kill=0(0.0%)} separation{pairs/s=0.0 resolved/s=0.0(0.0%) baseSkip=0 kill=0 wallBlock=0}
[ENEMY_NAV_CACHE] playerCell{changes=3 flowRebuilds=3} flow{hit=0 miss=0 hit%=0.0} pathFallback{calls=0 ok=0 ok%=0.0}
[ENEMY_SAP] updates=0 active=0 pairs=0 repairs{x=0 y=0}
[ENEMY_PAIR_TYPES] frontal DD=0 DT=0 DH=0 DA=0 TT=0 TH=0 TA=0 HH=0 HA=0 AA=0 separation DD=0 DT=0 DH=0 DA=0 TT=0 TH=0 TA=0 HH=0 HA=0 AA=0

[PROFILE] frame=2640 budget=16.667ms alloc(+90/-90, +200576b/-200576b, live=161144b peak=360512b)
  frame.total                      win= 17.157ms avg= 17.157ms p95= 18.786ms max= 86.798ms calls(last=  1,win= 120,total=2640) (win 102.9% | avg 102.9% budget)
  frame.render                     win= 12.689ms avg= 12.689ms p95= 13.421ms max= 86.758ms calls(last=  1,win= 120,total=2640) (win 76.1% | avg 76.1% budget)
  frame.present                    win= 12.681ms avg= 12.681ms p95= 13.415ms max= 86.752ms calls(last=  1,win= 120,total=2640) (win 76.1% | avg 76.1% budget)
  frame.render.world               win=  4.568ms avg=  9.137ms p95=  9.449ms max= 20.167ms calls(last=  2,win= 240,total=5126) (win 27.4% | avg 54.8% budget)
  frame.fixed_step                 win=  4.249ms avg=  4.426ms p95=  7.692ms max= 18.349ms calls(last=  1,win= 125,total=2736) (win 25.5% | avg 26.6% budget)
  frame.render.overlay             win=  3.042ms avg=  3.042ms p95=  3.791ms max=  5.236ms calls(last=  1,win= 120,total=2563) (win 18.3% | avg 18.3% budget)
  game.update                      win=  2.348ms avg=  2.446ms p95=  4.104ms max= 15.837ms calls(last=  1,win= 125,total=2656) (win 14.1% | avg 14.7% budget)
  system.ai_update                 win=  2.210ms avg=  2.302ms p95=  3.862ms max= 15.689ms calls(last=  1,win= 125,total=2656) (win 13.3% | avg 13.8% budget)
  enemy.update                     win=  2.204ms avg=  2.296ms p95=  3.852ms max= 15.625ms calls(last=  1,win= 125,total=2656) (win 13.2% | avg 13.8% budget)
  frame.render.world.enemies       win=  1.121ms avg=  1.121ms p95=  1.222ms max=  5.951ms calls(last=  1,win= 120,total=2563) (win 6.7% | avg 6.7% budget)
  frame.render.world.maze          win=  0.918ms avg=  0.918ms p95=  1.042ms max=  2.837ms calls(last=  1,win= 120,total=2563) (win 5.5% | avg 5.5% budget)
  frame.render.world.effects       win=  0.385ms avg=  0.385ms p95=  0.497ms max=  2.627ms calls(last=  1,win= 120,total=2563) (win 2.3% | avg 2.3% budget)
  enemy.cheap.segment_build        win=  0.059ms avg=  0.038ms p95=  0.112ms max=  0.359ms calls(last=  0,win=  78,total=1467) (win 0.4% | avg 0.2% budget)
  system.spawner_update            win=  0.040ms avg=  0.042ms p95=  0.071ms max=  0.453ms calls(last=  1,win= 125,total=2656) (win 0.2% | avg 0.3% budget)
  system.physics_collision         win=  0.029ms avg=  0.031ms p95=  0.047ms max=  0.254ms calls(last=  1,win= 125,total=2656) (win 0.2% | avg 0.2% budget)
  frame.input_poll                 win=  0.029ms avg=  0.029ms p95=  0.029ms max=  0.238ms calls(last=  1,win= 120,total=2640) (win 0.2% | avg 0.2% budget)
  system.player_update             win=  0.027ms avg=  0.028ms p95=  0.042ms max=  0.139ms calls(last=  1,win= 125,total=2235) (win 0.2% | avg 0.2% budget)
  enemy.type.torpedo               win=  0.004ms avg=  0.139ms p95=  0.247ms max=  0.452ms calls(last= 37,win=4625,total=80000) (win 0.0% | avg 0.8% budget)
  enemy.type.drone                 win=  0.004ms avg=  0.129ms p95=  0.217ms max=  0.420ms calls(last= 35,win=4375,total=76552) (win 0.0% | avg 0.8% budget)
  system.projectile_update         win=  0.003ms avg=  0.004ms p95=  0.004ms max=  0.043ms calls(last=  1,win= 125,total=2656) (win 0.0% | avg 0.0% budget)
  system.maze_update               win=  0.001ms avg=  0.001ms p95=  0.001ms max=  0.002ms calls(last=  1,win= 125,total=2656) (win 0.0% | avg 0.0% budget)
[ENEMY_STATS] frame=2640 alive=72 visible=0 full=0 cheap=72 fullInBase=0 pairs(frontal=0 checks=0 separation=0 resolved=0)
[ENEMY_WINDOW] steps=125 alive[min=72 max=72] visible[min=0 max=0] full[min=0 max=0] collisionPasses[runs=0 skips=125]
[ENEMY_SEGMENTS] window=2.083s D{b/s=12.48 avgLen=5.20 fail=0} T{b/s=24.96 avgLen=6.42 fail=0} H{b/s=0.00 avgLen=0.00 fail=0} A{b/s=0.00 avgLen=0.00 fail=0}
[ENEMY_GRID] frontal{cand/s=0.0 xcell/s=0.0 ins/s=0.0} separation{cand/s=0.0}
[ENEMY_COLLISION_WINDOW] frontal{pairs/s=0.0 checks/s=0.0 baseSkip=0 kill=0(0.0%)} separation{pairs/s=0.0 resolved/s=0.0(0.0%) baseSkip=0 kill=0 wallBlock=0}
[ENEMY_NAV_CACHE] playerCell{changes=2 flowRebuilds=2} flow{hit=0 miss=0 hit%=0.0} pathFallback{calls=0 ok=0 ok%=0.0}
[ENEMY_SAP] updates=0 active=0 pairs=0 repairs{x=0 y=0}
[ENEMY_PAIR_TYPES] frontal DD=0 DT=0 DH=0 DA=0 TT=0 TH=0 TA=0 HH=0 HA=0 AA=0 separation DD=0 DT=0 DH=0 DA=0 TT=0 TH=0 TA=0 HH=0 HA=0 AA=0

[PROFILE] frame=2760 budget=16.667ms alloc(+90/-90, +200576b/-200576b, live=161144b peak=360512b)
  frame.total                      win= 17.234ms avg= 17.234ms p95= 18.739ms max= 86.798ms calls(last=  1,win= 120,total=2760) (win 103.4% | avg 103.4% budget)
  frame.render                     win= 12.739ms avg= 12.739ms p95= 13.512ms max= 86.758ms calls(last=  1,win= 120,total=2760) (win 76.4% | avg 76.4% budget)
  frame.present                    win= 12.732ms avg= 12.732ms p95= 13.505ms max= 86.752ms calls(last=  1,win= 120,total=2760) (win 76.4% | avg 76.4% budget)
  frame.render.world               win=  4.561ms avg=  9.122ms p95=  9.630ms max= 20.167ms calls(last=  2,win= 240,total=5366) (win 27.4% | avg 54.7% budget)
  frame.fixed_step                 win=  4.312ms avg=  4.455ms p95=  7.777ms max= 18.349ms calls(last=  1,win= 124,total=2860) (win 25.9% | avg 26.7% budget)
  frame.render.overlay             win=  3.039ms avg=  3.039ms p95=  3.780ms max=  5.236ms calls(last=  1,win= 120,total=2683) (win 18.2% | avg 18.2% budget)
  game.update                      win=  2.426ms avg=  2.507ms p95=  4.147ms max= 15.837ms calls(last=  1,win= 124,total=2780) (win 14.6% | avg 15.0% budget)
  system.ai_update                 win=  2.288ms avg=  2.364ms p95=  3.925ms max= 15.689ms calls(last=  1,win= 124,total=2780) (win 13.7% | avg 14.2% budget)
  enemy.update                     win=  2.282ms avg=  2.358ms p95=  3.915ms max= 15.625ms calls(last=  1,win= 124,total=2780) (win 13.7% | avg 14.1% budget)
  frame.render.world.enemies       win=  1.120ms avg=  1.120ms p95=  1.262ms max=  5.951ms calls(last=  1,win= 120,total=2683) (win 6.7% | avg 6.7% budget)
  frame.render.world.maze          win=  0.929ms avg=  0.929ms p95=  1.010ms max=  2.837ms calls(last=  1,win= 120,total=2683) (win 5.6% | avg 5.6% budget)
  frame.render.world.effects       win=  0.374ms avg=  0.374ms p95=  0.473ms max=  2.627ms calls(last=  1,win= 120,total=2683) (win 2.2% | avg 2.2% budget)
  enemy.cheap.segment_build        win=  0.061ms avg=  0.042ms p95=  0.102ms max=  0.359ms calls(last=  0,win=  83,total=1550) (win 0.4% | avg 0.3% budget)
  system.spawner_update            win=  0.041ms avg=  0.042ms p95=  0.073ms max=  0.453ms calls(last=  1,win= 124,total=2780) (win 0.2% | avg 0.3% budget)
  system.physics_collision         win=  0.028ms avg=  0.029ms p95=  0.042ms max=  0.254ms calls(last=  1,win= 124,total=2780) (win 0.2% | avg 0.2% budget)
  frame.input_poll                 win=  0.027ms avg=  0.027ms p95=  0.028ms max=  0.238ms calls(last=  1,win= 120,total=2760) (win 0.2% | avg 0.2% budget)
  system.player_update             win=  0.027ms avg=  0.027ms p95=  0.035ms max=  0.139ms calls(last=  1,win= 124,total=2359) (win 0.2% | avg 0.2% budget)
  enemy.type.drone                 win=  0.004ms avg=  0.133ms p95=  0.216ms max=  0.420ms calls(last= 35,win=4340,total=80892) (win 0.0% | avg 0.8% budget)
  enemy.type.torpedo               win=  0.004ms avg=  0.136ms p95=  0.211ms max=  0.452ms calls(last= 37,win=4588,total=84588) (win 0.0% | avg 0.8% budget)
  system.projectile_update         win=  0.003ms avg=  0.004ms p95=  0.004ms max=  0.043ms calls(last=  1,win= 124,total=2780) (win 0.0% | avg 0.0% budget)
  system.maze_update               win=  0.001ms avg=  0.001ms p95=  0.001ms max=  0.006ms calls(last=  1,win= 124,total=2780) (win 0.0% | avg 0.0% budget)
[ENEMY_STATS] frame=2760 alive=72 visible=0 full=0 cheap=72 fullInBase=0 pairs(frontal=0 checks=0 separation=0 resolved=0)
[ENEMY_WINDOW] steps=124 alive[min=72 max=72] visible[min=0 max=0] full[min=0 max=0] collisionPasses[runs=0 skips=124]
[ENEMY_SEGMENTS] window=2.067s D{b/s=15.97 avgLen=5.06 fail=0} T{b/s=24.68 avgLen=5.94 fail=0} H{b/s=0.00 avgLen=0.00 fail=0} A{b/s=0.00 avgLen=0.00 fail=0}
[ENEMY_GRID] frontal{cand/s=0.0 xcell/s=0.0 ins/s=0.0} separation{cand/s=0.0}
[ENEMY_COLLISION_WINDOW] frontal{pairs/s=0.0 checks/s=0.0 baseSkip=0 kill=0(0.0%)} separation{pairs/s=0.0 resolved/s=0.0(0.0%) baseSkip=0 kill=0 wallBlock=0}
[ENEMY_NAV_CACHE] playerCell{changes=3 flowRebuilds=3} flow{hit=0 miss=0 hit%=0.0} pathFallback{calls=0 ok=0 ok%=0.0}
[ENEMY_SAP] updates=0 active=0 pairs=0 repairs{x=0 y=0}
[ENEMY_PAIR_TYPES] frontal DD=0 DT=0 DH=0 DA=0 TT=0 TH=0 TA=0 HH=0 HA=0 AA=0 separation DD=0 DT=0 DH=0 DA=0 TT=0 TH=0 TA=0 HH=0 HA=0 AA=0

[PROFILE] frame=2880 budget=16.667ms alloc(+90/-90, +200576b/-200576b, live=161144b peak=360512b)
  frame.total                      win= 17.248ms avg= 17.248ms p95= 18.799ms max= 86.798ms calls(last=  1,win= 120,total=2880) (win 103.5% | avg 103.5% budget)
  frame.render                     win= 12.749ms avg= 12.749ms p95= 13.489ms max= 86.758ms calls(last=  1,win= 120,total=2880) (win 76.5% | avg 76.5% budget)
  frame.present                    win= 12.741ms avg= 12.741ms p95= 13.482ms max= 86.752ms calls(last=  1,win= 120,total=2880) (win 76.4% | avg 76.4% budget)
  frame.render.world               win=  4.518ms avg=  9.037ms p95=  9.438ms max= 20.167ms calls(last=  2,win= 240,total=5606) (win 27.1% | avg 54.2% budget)
  frame.fixed_step                 win=  4.281ms avg=  4.459ms p95=  7.723ms max= 18.349ms calls(last=  1,win= 125,total=2985) (win 25.7% | avg 26.8% budget)
  frame.render.overlay             win=  3.018ms avg=  3.018ms p95=  3.620ms max=  5.236ms calls(last=  1,win= 120,total=2803) (win 18.1% | avg 18.1% budget)
  game.update                      win=  2.409ms avg=  2.509ms p95=  4.145ms max= 15.837ms calls(last=  1,win= 125,total=2905) (win 14.5% | avg 15.1% budget)
  system.ai_update                 win=  2.274ms avg=  2.368ms p95=  3.909ms max= 15.689ms calls(last=  1,win= 125,total=2905) (win 13.6% | avg 14.2% budget)
  enemy.update                     win=  2.268ms avg=  2.362ms p95=  3.898ms max= 15.625ms calls(last=  1,win= 125,total=2905) (win 13.6% | avg 14.2% budget)
  frame.render.world.enemies       win=  1.110ms avg=  1.110ms p95=  1.183ms max=  5.951ms calls(last=  1,win= 120,total=2803) (win 6.7% | avg 6.7% budget)
  frame.render.world.maze          win=  0.924ms avg=  0.924ms p95=  1.006ms max=  2.837ms calls(last=  1,win= 120,total=2803) (win 5.5% | avg 5.5% budget)
  frame.render.world.effects       win=  0.376ms avg=  0.376ms p95=  0.444ms max=  2.627ms calls(last=  1,win= 120,total=2803) (win 2.3% | avg 2.3% budget)
  enemy.cheap.segment_build        win=  0.059ms avg=  0.040ms p95=  0.101ms max=  0.359ms calls(last=  1,win=  81,total=1631) (win 0.4% | avg 0.2% budget)
  system.spawner_update            win=  0.039ms avg=  0.041ms p95=  0.046ms max=  0.453ms calls(last=  1,win= 125,total=2905) (win 0.2% | avg 0.2% budget)
  frame.input_poll                 win=  0.027ms avg=  0.027ms p95=  0.028ms max=  0.238ms calls(last=  1,win= 120,total=2880) (win 0.2% | avg 0.2% budget)
  system.physics_collision         win=  0.027ms avg=  0.028ms p95=  0.043ms max=  0.254ms calls(last=  1,win= 125,total=2905) (win 0.2% | avg 0.2% budget)
  system.player_update             win=  0.027ms avg=  0.028ms p95=  0.039ms max=  0.139ms calls(last=  1,win= 125,total=2484) (win 0.2% | avg 0.2% budget)
  enemy.type.drone                 win=  0.004ms avg=  0.131ms p95=  0.208ms max=  0.420ms calls(last= 35,win=4375,total=85267) (win 0.0% | avg 0.8% budget)
  enemy.type.torpedo               win=  0.003ms avg=  0.134ms p95=  0.219ms max=  0.452ms calls(last= 37,win=4625,total=89213) (win 0.0% | avg 0.8% budget)
  system.projectile_update         win=  0.003ms avg=  0.004ms p95=  0.004ms max=  0.043ms calls(last=  1,win= 125,total=2905) (win 0.0% | avg 0.0% budget)
  system.maze_update               win=  0.001ms avg=  0.001ms p95=  0.001ms max=  0.006ms calls(last=  1,win= 125,total=2905) (win 0.0% | avg 0.0% budget)
[ENEMY_STATS] frame=2880 alive=72 visible=0 full=0 cheap=72 fullInBase=0 pairs(frontal=0 checks=0 separation=0 resolved=0)
[ENEMY_WINDOW] steps=125 alive[min=72 max=72] visible[min=0 max=0] full[min=0 max=0] collisionPasses[runs=0 skips=125]
[ENEMY_SEGMENTS] window=2.083s D{b/s=13.92 avgLen=4.90 fail=1} T{b/s=24.00 avgLen=6.37 fail=0} H{b/s=0.00 avgLen=0.00 fail=0} A{b/s=0.00 avgLen=0.00 fail=0}
[ENEMY_GRID] frontal{cand/s=0.0 xcell/s=0.0 ins/s=0.0} separation{cand/s=0.0}
[ENEMY_COLLISION_WINDOW] frontal{pairs/s=0.0 checks/s=0.0 baseSkip=0 kill=0(0.0%)} separation{pairs/s=0.0 resolved/s=0.0(0.0%) baseSkip=0 kill=0 wallBlock=0}
[ENEMY_NAV_CACHE] playerCell{changes=3 flowRebuilds=3} flow{hit=0 miss=0 hit%=0.0} pathFallback{calls=0 ok=0 ok%=0.0}
[ENEMY_SAP] updates=0 active=0 pairs=0 repairs{x=0 y=0}
[ENEMY_PAIR_TYPES] frontal DD=0 DT=0 DH=0 DA=0 TT=0 TH=0 TA=0 HH=0 HA=0 AA=0 separation DD=0 DT=0 DH=0 DA=0 TT=0 TH=0 TA=0 HH=0 HA=0 AA=0

[PROFILE] frame=3000 budget=16.667ms alloc(+90/-90, +200576b/-200576b, live=161144b peak=360512b)
  frame.total                      win= 17.253ms avg= 17.253ms p95= 19.595ms max= 86.798ms calls(last=  1,win= 120,total=3000) (win 103.5% | avg 103.5% budget)
  frame.render                     win= 12.744ms avg= 12.744ms p95= 13.470ms max= 86.758ms calls(last=  1,win= 120,total=3000) (win 76.5% | avg 76.5% budget)
  frame.present                    win= 12.737ms avg= 12.737ms p95= 13.464ms max= 86.752ms calls(last=  1,win= 120,total=3000) (win 76.4% | avg 76.4% budget)
  frame.render.world               win=  4.639ms avg=  9.278ms p95=  9.623ms max= 20.167ms calls(last=  2,win= 240,total=5846) (win 27.8% | avg 55.7% budget)
  frame.fixed_step                 win=  4.291ms avg=  4.470ms p95=  7.901ms max= 18.349ms calls(last=  1,win= 125,total=3110) (win 25.7% | avg 26.8% budget)
  frame.render.overlay             win=  3.059ms avg=  3.059ms p95=  3.839ms max=  5.236ms calls(last=  1,win= 120,total=2923) (win 18.4% | avg 18.4% budget)
  game.update                      win=  2.423ms avg=  2.524ms p95=  4.214ms max= 15.837ms calls(last=  1,win= 125,total=3030) (win 14.5% | avg 15.1% budget)
  system.ai_update                 win=  2.287ms avg=  2.382ms p95=  3.935ms max= 15.689ms calls(last=  1,win= 125,total=3030) (win 13.7% | avg 14.3% budget)
  enemy.update                     win=  2.280ms avg=  2.375ms p95=  3.923ms max= 15.625ms calls(last=  1,win= 125,total=3030) (win 13.7% | avg 14.2% budget)
  frame.render.world.enemies       win=  1.132ms avg=  1.132ms p95=  1.232ms max=  5.951ms calls(last=  1,win= 120,total=2923) (win 6.8% | avg 6.8% budget)
  frame.render.world.maze          win=  0.996ms avg=  0.996ms p95=  1.105ms max=  2.837ms calls(last=  1,win= 120,total=2923) (win 6.0% | avg 6.0% budget)
  frame.render.world.effects       win=  0.375ms avg=  0.375ms p95=  0.491ms max=  2.627ms calls(last=  1,win= 120,total=2923) (win 2.2% | avg 2.2% budget)
  enemy.cheap.segment_build        win=  0.065ms avg=  0.044ms p95=  0.106ms max=  0.359ms calls(last=  0,win=  81,total=1712) (win 0.4% | avg 0.3% budget)
  system.spawner_update            win=  0.040ms avg=  0.041ms p95=  0.065ms max=  0.453ms calls(last=  1,win= 125,total=3030) (win 0.2% | avg 0.2% budget)
  system.physics_collision         win=  0.028ms avg=  0.029ms p95=  0.038ms max=  0.254ms calls(last=  1,win= 125,total=3030) (win 0.2% | avg 0.2% budget)
  system.player_update             win=  0.027ms avg=  0.029ms p95=  0.034ms max=  0.149ms calls(last=  1,win= 125,total=2609) (win 0.2% | avg 0.2% budget)
  frame.input_poll                 win=  0.027ms avg=  0.027ms p95=  0.028ms max=  0.238ms calls(last=  1,win= 120,total=3000) (win 0.2% | avg 0.2% budget)
  enemy.type.drone                 win=  0.004ms avg=  0.135ms p95=  0.226ms max=  0.420ms calls(last= 35,win=4375,total=89642) (win 0.0% | avg 0.8% budget)
  enemy.type.torpedo               win=  0.004ms avg=  0.138ms p95=  0.222ms max=  0.452ms calls(last= 37,win=4625,total=93838) (win 0.0% | avg 0.8% budget)
  system.projectile_update         win=  0.003ms avg=  0.004ms p95=  0.004ms max=  0.043ms calls(last=  1,win= 125,total=3030) (win 0.0% | avg 0.0% budget)
  system.maze_update               win=  0.001ms avg=  0.001ms p95=  0.001ms max=  0.006ms calls(last=  1,win= 125,total=3030) (win 0.0% | avg 0.0% budget)
[ENEMY_STATS] frame=3000 alive=72 visible=0 full=0 cheap=72 fullInBase=0 pairs(frontal=0 checks=0 separation=0 resolved=0)
[ENEMY_WINDOW] steps=125 alive[min=72 max=72] visible[min=0 max=0] full[min=0 max=0] collisionPasses[runs=0 skips=125]
[ENEMY_SEGMENTS] window=2.083s D{b/s=14.40 avgLen=5.31 fail=0} T{b/s=24.00 avgLen=6.09 fail=0} H{b/s=0.00 avgLen=0.00 fail=0} A{b/s=0.00 avgLen=0.00 fail=0}
[ENEMY_GRID] frontal{cand/s=0.0 xcell/s=0.0 ins/s=0.0} separation{cand/s=0.0}
[ENEMY_COLLISION_WINDOW] frontal{pairs/s=0.0 checks/s=0.0 baseSkip=0 kill=0(0.0%)} separation{pairs/s=0.0 resolved/s=0.0(0.0%) baseSkip=0 kill=0 wallBlock=0}
[ENEMY_NAV_CACHE] playerCell{changes=3 flowRebuilds=3} flow{hit=0 miss=0 hit%=0.0} pathFallback{calls=0 ok=0 ok%=0.0}
[ENEMY_SAP] updates=0 active=0 pairs=0 repairs{x=0 y=0}
[ENEMY_PAIR_TYPES] frontal DD=0 DT=0 DH=0 DA=0 TT=0 TH=0 TA=0 HH=0 HA=0 AA=0 separation DD=0 DT=0 DH=0 DA=0 TT=0 TH=0 TA=0 HH=0 HA=0 AA=0

[PROFILE] frame=3120 budget=16.667ms alloc(+90/-90, +200576b/-200576b, live=161144b peak=360512b)
  frame.total                      win= 17.267ms avg= 17.267ms p95= 19.402ms max= 86.798ms calls(last=  1,win= 120,total=3120) (win 103.6% | avg 103.6% budget)
  frame.render                     win= 12.738ms avg= 12.738ms p95= 13.335ms max= 86.758ms calls(last=  1,win= 120,total=3120) (win 76.4% | avg 76.4% budget)
  frame.present                    win= 12.731ms avg= 12.731ms p95= 13.328ms max= 86.752ms calls(last=  1,win= 120,total=3120) (win 76.4% | avg 76.4% budget)
  frame.render.world               win=  4.733ms avg=  9.465ms p95=  9.885ms max= 20.167ms calls(last=  2,win= 240,total=6086) (win 28.4% | avg 56.8% budget)
  frame.fixed_step                 win=  4.309ms avg=  4.488ms p95=  7.972ms max= 18.349ms calls(last=  1,win= 125,total=3235) (win 25.9% | avg 26.9% budget)
  frame.render.overlay             win=  3.068ms avg=  3.068ms p95=  3.778ms max=  5.236ms calls(last=  1,win= 120,total=3043) (win 18.4% | avg 18.4% budget)
  game.update                      win=  2.427ms avg=  2.528ms p95=  4.271ms max= 15.837ms calls(last=  1,win= 125,total=3155) (win 14.6% | avg 15.2% budget)
  system.ai_update                 win=  2.290ms avg=  2.385ms p95=  4.004ms max= 15.689ms calls(last=  1,win= 125,total=3155) (win 13.7% | avg 14.3% budget)
  enemy.update                     win=  2.284ms avg=  2.379ms p95=  3.993ms max= 15.625ms calls(last=  1,win= 125,total=3155) (win 13.7% | avg 14.3% budget)
  frame.render.world.enemies       win=  1.117ms avg=  1.117ms p95=  1.237ms max=  5.951ms calls(last=  1,win= 120,total=3043) (win 6.7% | avg 6.7% budget)
  frame.render.world.maze          win=  1.086ms avg=  1.086ms p95=  1.215ms max=  2.837ms calls(last=  1,win= 120,total=3043) (win 6.5% | avg 6.5% budget)
  frame.render.world.effects       win=  0.374ms avg=  0.374ms p95=  0.456ms max=  2.627ms calls(last=  1,win= 120,total=3043) (win 2.2% | avg 2.2% budget)
  enemy.cheap.segment_build        win=  0.060ms avg=  0.042ms p95=  0.119ms max=  0.359ms calls(last=  0,win=  84,total=1796) (win 0.4% | avg 0.3% budget)
  system.spawner_update            win=  0.039ms avg=  0.041ms p95=  0.043ms max=  0.453ms calls(last=  1,win= 125,total=3155) (win 0.2% | avg 0.2% budget)
  frame.input_poll                 win=  0.028ms avg=  0.028ms p95=  0.028ms max=  0.238ms calls(last=  1,win= 120,total=3120) (win 0.2% | avg 0.2% budget)
  system.physics_collision         win=  0.028ms avg=  0.029ms p95=  0.035ms max=  0.254ms calls(last=  1,win= 125,total=3155) (win 0.2% | avg 0.2% budget)
  system.player_update             win=  0.027ms avg=  0.028ms p95=  0.034ms max=  0.149ms calls(last=  1,win= 125,total=2734) (win 0.2% | avg 0.2% budget)
  enemy.type.torpedo               win=  0.004ms avg=  0.137ms p95=  0.230ms max=  0.452ms calls(last= 37,win=4625,total=98463) (win 0.0% | avg 0.8% budget)
  enemy.type.drone                 win=  0.004ms avg=  0.129ms p95=  0.209ms max=  0.420ms calls(last= 35,win=4375,total=94017) (win 0.0% | avg 0.8% budget)
  system.projectile_update         win=  0.003ms avg=  0.004ms p95=  0.004ms max=  0.043ms calls(last=  1,win= 125,total=3155) (win 0.0% | avg 0.0% budget)
  system.maze_update               win=  0.001ms avg=  0.001ms p95=  0.001ms max=  0.006ms calls(last=  1,win= 125,total=3155) (win 0.0% | avg 0.0% budget)
[ENEMY_STATS] frame=3120 alive=72 visible=0 full=0 cheap=72 fullInBase=0 pairs(frontal=0 checks=0 separation=0 resolved=0)
[ENEMY_WINDOW] steps=125 alive[min=72 max=72] visible[min=0 max=0] full[min=0 max=0] collisionPasses[runs=0 skips=125]
[ENEMY_SEGMENTS] window=2.083s D{b/s=13.44 avgLen=5.31 fail=0} T{b/s=26.88 avgLen=6.22 fail=0} H{b/s=0.00 avgLen=0.00 fail=0} A{b/s=0.00 avgLen=0.00 fail=0}
[ENEMY_GRID] frontal{cand/s=0.0 xcell/s=0.0 ins/s=0.0} separation{cand/s=0.0}
[ENEMY_COLLISION_WINDOW] frontal{pairs/s=0.0 checks/s=0.0 baseSkip=0 kill=0(0.0%)} separation{pairs/s=0.0 resolved/s=0.0(0.0%) baseSkip=0 kill=0 wallBlock=0}
[ENEMY_NAV_CACHE] playerCell{changes=3 flowRebuilds=3} flow{hit=0 miss=0 hit%=0.0} pathFallback{calls=0 ok=0 ok%=0.0}
[ENEMY_SAP] updates=0 active=0 pairs=0 repairs{x=0 y=0}
[ENEMY_PAIR_TYPES] frontal DD=0 DT=0 DH=0 DA=0 TT=0 TH=0 TA=0 HH=0 HA=0 AA=0 separation DD=0 DT=0 DH=0 DA=0 TT=0 TH=0 TA=0 HH=0 HA=0 AA=0

[PROFILE] frame=3240 budget=16.667ms alloc(+90/-90, +200576b/-200576b, live=161144b peak=360512b)
  frame.total                      win= 17.274ms avg= 17.274ms p95= 19.425ms max= 86.798ms calls(last=  1,win= 120,total=3240) (win 103.6% | avg 103.6% budget)
  frame.render                     win= 12.614ms avg= 12.614ms p95= 13.162ms max= 86.758ms calls(last=  1,win= 120,total=3240) (win 75.7% | avg 75.7% budget)
  frame.present                    win= 12.607ms avg= 12.607ms p95= 13.154ms max= 86.752ms calls(last=  1,win= 120,total=3240) (win 75.6% | avg 75.6% budget)
  frame.render.world               win=  4.680ms avg=  9.361ms p95=  9.814ms max= 20.167ms calls(last=  2,win= 240,total=6326) (win 28.1% | avg 56.2% budget)
  frame.fixed_step                 win=  4.436ms avg=  4.621ms p95=  7.960ms max= 18.637ms calls(last=  1,win= 125,total=3360) (win 26.6% | avg 27.7% budget)
  frame.render.overlay             win=  3.049ms avg=  3.049ms p95=  3.706ms max=  5.236ms calls(last=  1,win= 120,total=3163) (win 18.3% | avg 18.3% budget)
  game.update                      win=  2.568ms avg=  2.675ms p95=  4.270ms max= 16.783ms calls(last=  1,win= 125,total=3280) (win 15.4% | avg 16.0% budget)
  system.ai_update                 win=  2.435ms avg=  2.536ms p95=  4.007ms max= 16.644ms calls(last=  1,win= 125,total=3280) (win 14.6% | avg 15.2% budget)
  enemy.update                     win=  2.429ms avg=  2.530ms p95=  3.996ms max= 16.639ms calls(last=  1,win= 125,total=3280) (win 14.6% | avg 15.2% budget)
  frame.render.world.enemies       win=  1.113ms avg=  1.113ms p95=  1.196ms max=  5.951ms calls(last=  1,win= 120,total=3163) (win 6.7% | avg 6.7% budget)
  frame.render.world.maze          win=  1.053ms avg=  1.053ms p95=  1.160ms max=  2.837ms calls(last=  1,win= 120,total=3163) (win 6.3% | avg 6.3% budget)
  frame.render.world.effects       win=  0.382ms avg=  0.382ms p95=  0.468ms max=  2.627ms calls(last=  1,win= 120,total=3163) (win 2.3% | avg 2.3% budget)
  enemy.ai.movement                win=  0.121ms avg=  0.080ms p95=  0.149ms max=  0.256ms calls(last=  1,win=  80,total=80) (win 0.7% | avg 0.5% budget)
  enemy.cheap.segment_build        win=  0.057ms avg=  0.038ms p95=  0.117ms max=  0.359ms calls(last=  1,win=  80,total=1876) (win 0.3% | avg 0.2% budget)
  system.spawner_update            win=  0.040ms avg=  0.041ms p95=  0.073ms max=  0.453ms calls(last=  1,win= 125,total=3280) (win 0.2% | avg 0.2% budget)
  enemy.ai.decision                win=  0.036ms avg=  0.024ms p95=  0.043ms max=  0.075ms calls(last=  1,win=  80,total=80) (win 0.2% | avg 0.1% budget)
  frame.input_poll                 win=  0.027ms avg=  0.027ms p95=  0.028ms max=  0.238ms calls(last=  1,win= 120,total=3240) (win 0.2% | avg 0.2% budget)
  system.player_update             win=  0.026ms avg=  0.027ms p95=  0.032ms max=  0.149ms calls(last=  1,win= 125,total=2859) (win 0.2% | avg 0.2% budget)
  system.physics_collision         win=  0.025ms avg=  0.027ms p95=  0.032ms max=  0.254ms calls(last=  1,win= 125,total=3280) (win 0.2% | avg 0.2% budget)
  enemy.type.drone                 win=  0.007ms avg=  0.249ms p95=  0.395ms max=  0.589ms calls(last= 35,win=4375,total=98392) (win 0.0% | avg 1.5% budget)
  enemy.ai.perception              win=  0.006ms avg=  0.004ms p95=  0.007ms max=  0.012ms calls(last=  1,win=  80,total=80) (win 0.0% | avg 0.0% budget)
  enemy.ai.firing                  win=  0.004ms avg=  0.002ms p95=  0.004ms max=  0.007ms calls(last=  1,win=  80,total=80) (win 0.0% | avg 0.0% budget)
  enemy.type.torpedo               win=  0.003ms avg=  0.134ms p95=  0.227ms max=  0.452ms calls(last= 37,win=4625,total=103088) (win 0.0% | avg 0.8% budget)
  system.projectile_update         win=  0.003ms avg=  0.004ms p95=  0.004ms max=  0.043ms calls(last=  1,win= 125,total=3280) (win 0.0% | avg 0.0% budget)
[ENEMY_STATS] frame=3240 alive=72 visible=0 full=1 cheap=71 fullInBase=0 pairs(frontal=0 checks=0 separation=0 resolved=0)
[ENEMY_WINDOW] steps=125 alive[min=72 max=72] visible[min=0 max=0] full[min=0 max=1] collisionPasses[runs=0 skips=125]
[ENEMY_SEGMENTS] window=2.083s D{b/s=14.40 avgLen=4.36 fail=0} T{b/s=24.00 avgLen=6.26 fail=0} H{b/s=0.00 avgLen=0.00 fail=0} A{b/s=0.00 avgLen=0.00 fail=0}
[ENEMY_GRID] frontal{cand/s=0.0 xcell/s=0.0 ins/s=0.0} separation{cand/s=0.0}
[ENEMY_COLLISION_WINDOW] frontal{pairs/s=0.0 checks/s=0.0 baseSkip=0 kill=0(0.0%)} separation{pairs/s=0.0 resolved/s=0.0(0.0%) baseSkip=0 kill=0 wallBlock=0}
[ENEMY_NAV_CACHE] playerCell{changes=3 flowRebuilds=3} flow{hit=0 miss=0 hit%=0.0} pathFallback{calls=0 ok=0 ok%=0.0}
[ENEMY_SAP] updates=0 active=0 pairs=0 repairs{x=0 y=0}
[ENEMY_PAIR_TYPES] frontal DD=0 DT=0 DH=0 DA=0 TT=0 TH=0 TA=0 HH=0 HA=0 AA=0 separation DD=0 DT=0 DH=0 DA=0 TT=0 TH=0 TA=0 HH=0 HA=0 AA=0

[PROFILE] frame=3360 budget=16.667ms alloc(+101/-101, +204296b/-204296b, live=165056b peak=368120b)
  frame.total                      win= 17.222ms avg= 17.222ms p95= 19.601ms max= 86.798ms calls(last=  1,win= 120,total=3360) (win 103.3% | avg 103.3% budget)
  frame.render                     win= 12.461ms avg= 12.461ms p95= 13.000ms max= 86.758ms calls(last=  1,win= 120,total=3360) (win 74.8% | avg 74.8% budget)
  frame.present                    win= 12.453ms avg= 12.453ms p95= 12.993ms max= 86.752ms calls(last=  1,win= 120,total=3360) (win 74.7% | avg 74.7% budget)
  frame.render.world               win=  4.586ms avg=  9.172ms p95=  9.545ms max= 20.167ms calls(last=  2,win= 240,total=6566) (win 27.5% | avg 55.0% budget)
  frame.fixed_step                 win=  4.533ms avg=  4.721ms p95=  8.101ms max= 18.637ms calls(last=  1,win= 125,total=3485) (win 27.2% | avg 28.3% budget)
  frame.render.overlay             win=  3.077ms avg=  3.077ms p95=  3.727ms max=  6.090ms calls(last=  1,win= 120,total=3283) (win 18.5% | avg 18.5% budget)
  game.update                      win=  2.637ms avg=  2.747ms p95=  4.316ms max= 16.783ms calls(last=  1,win= 125,total=3405) (win 15.8% | avg 16.5% budget)
  system.ai_update                 win=  2.501ms avg=  2.605ms p95=  4.090ms max= 16.644ms calls(last=  1,win= 125,total=3405) (win 15.0% | avg 15.6% budget)
  enemy.update                     win=  2.495ms avg=  2.599ms p95=  4.079ms max= 16.639ms calls(last=  1,win= 125,total=3405) (win 15.0% | avg 15.6% budget)
  frame.render.world.enemies       win=  1.154ms avg=  1.154ms p95=  1.300ms max=  5.951ms calls(last=  1,win= 120,total=3283) (win 6.9% | avg 6.9% budget)
  frame.render.world.maze          win=  0.937ms avg=  0.937ms p95=  1.091ms max=  2.837ms calls(last=  1,win= 120,total=3283) (win 5.6% | avg 5.6% budget)
  frame.render.world.effects       win=  0.398ms avg=  0.398ms p95=  0.503ms max=  2.627ms calls(last=  1,win= 120,total=3283) (win 2.4% | avg 2.4% budget)
  enemy.physics.frontal_collisions win=  0.260ms avg=  0.085ms p95=  0.253ms max=  0.552ms calls(last=  1,win=  39,total=39) (win 1.6% | avg 0.5% budget)
  enemy.physics.frontal_grid_build win=  0.182ms avg=  0.059ms p95=  0.175ms max=  0.432ms calls(last=  1,win=  39,total=39) (win 1.1% | avg 0.4% budget)
  enemy.ai.movement                win=  0.108ms avg=  0.148ms p95=  0.228ms max=  0.429ms calls(last=  2,win= 164,total=244) (win 0.7% | avg 0.9% budget)
  enemy.physics.frontal_pair_traverse win=  0.054ms avg=  0.018ms p95=  0.055ms max=  0.107ms calls(last=  1,win=  39,total=39) (win 0.3% | avg 0.1% budget)
  enemy.cheap.segment_build        win=  0.049ms avg=  0.033ms p95=  0.101ms max=  0.359ms calls(last=  0,win=  80,total=1956) (win 0.3% | avg 0.2% budget)
  system.spawner_update            win=  0.041ms avg=  0.043ms p95=  0.077ms max=  0.453ms calls(last=  1,win= 125,total=3405) (win 0.2% | avg 0.3% budget)
  enemy.ai.decision                win=  0.033ms avg=  0.045ms p95=  0.070ms max=  0.211ms calls(last=  2,win= 164,total=244) (win 0.2% | avg 0.3% budget)
  frame.input_poll                 win=  0.027ms avg=  0.027ms p95=  0.028ms max=  0.238ms calls(last=  1,win= 120,total=3360) (win 0.2% | avg 0.2% budget)
  system.player_update             win=  0.026ms avg=  0.027ms p95=  0.036ms max=  0.149ms calls(last=  1,win= 125,total=2984) (win 0.2% | avg 0.2% budget)
  system.physics_collision         win=  0.024ms avg=  0.026ms p95=  0.040ms max=  0.254ms calls(last=  1,win= 125,total=3405) (win 0.1% | avg 0.2% budget)
  enemy.type.drone                 win=  0.010ms avg=  0.351ms p95=  0.526ms max=  0.785ms calls(last= 35,win=4375,total=102767) (win 0.1% | avg 2.1% budget)
  enemy.ai.perception              win=  0.005ms avg=  0.007ms p95=  0.009ms max=  0.028ms calls(last=  2,win= 164,total=244) (win 0.0% | avg 0.0% budget)
[ENEMY_STATS] frame=3360 alive=72 visible=0 full=2 cheap=70 fullInBase=0 pairs(frontal=0 checks=0 separation=0 resolved=0)
[ENEMY_WINDOW] steps=125 alive[min=72 max=72] visible[min=0 max=1] full[min=1 max=2] collisionPasses[runs=40 skips=85]
[ENEMY_SEGMENTS] window=2.083s D{b/s=16.32 avgLen=4.98 fail=0} T{b/s=22.08 avgLen=6.33 fail=0} H{b/s=0.00 avgLen=0.00 fail=0} A{b/s=0.00 avgLen=0.00 fail=0}
[ENEMY_GRID] frontal{cand/s=38.4 xcell/s=0.5 ins/s=38.9} separation{cand/s=38.4}
[ENEMY_COLLISION_WINDOW] frontal{pairs/s=0.0 checks/s=0.0 baseSkip=0 kill=0(0.0%)} separation{pairs/s=0.0 resolved/s=0.0(0.0%) baseSkip=0 kill=0 wallBlock=0}
[ENEMY_NAV_CACHE] playerCell{changes=2 flowRebuilds=2} flow{hit=0 miss=0 hit%=0.0} pathFallback{calls=0 ok=0 ok%=0.0}
[ENEMY_SAP] updates=2880 active=80 pairs=0 repairs{x=89 y=89}
[ENEMY_PAIR_TYPES] frontal DD=0 DT=0 DH=0 DA=0 TT=0 TH=0 TA=0 HH=0 HA=0 AA=0 separation DD=0 DT=0 DH=0 DA=0 TT=0 TH=0 TA=0 HH=0 HA=0 AA=0

[PROFILE] frame=3480 budget=16.667ms alloc(+103/-103, +204360b/-204360b, live=165056b peak=368144b)
  frame.total                      win= 17.287ms avg= 17.287ms p95= 20.225ms max= 86.798ms calls(last=  1,win= 120,total=3480) (win 103.7% | avg 103.7% budget)
  frame.render                     win= 12.148ms avg= 12.148ms p95= 12.831ms max= 86.758ms calls(last=  1,win= 120,total=3480) (win 72.9% | avg 72.9% budget)
  frame.present                    win= 12.141ms avg= 12.141ms p95= 12.824ms max= 86.752ms calls(last=  1,win= 120,total=3480) (win 72.8% | avg 72.8% budget)
  frame.fixed_step                 win=  4.895ms avg=  5.099ms p95=  9.059ms max= 18.637ms calls(last=  1,win= 125,total=3610) (win 29.4% | avg 30.6% budget)
  frame.render.world               win=  4.580ms avg=  9.160ms p95=  9.532ms max= 20.167ms calls(last=  2,win= 240,total=6806) (win 27.5% | avg 55.0% budget)
  frame.render.overlay             win=  3.035ms avg=  3.035ms p95=  3.664ms max=  6.090ms calls(last=  1,win= 120,total=3403) (win 18.2% | avg 18.2% budget)
  game.update                      win=  2.943ms avg=  3.066ms p95=  5.241ms max= 16.783ms calls(last=  1,win= 125,total=3530) (win 17.7% | avg 18.4% budget)
  system.ai_update                 win=  2.807ms avg=  2.924ms p95=  4.992ms max= 16.644ms calls(last=  1,win= 125,total=3530) (win 16.8% | avg 17.5% budget)
  enemy.update                     win=  2.801ms avg=  2.917ms p95=  4.982ms max= 16.639ms calls(last=  1,win= 125,total=3530) (win 16.8% | avg 17.5% budget)
  frame.render.world.enemies       win=  1.109ms avg=  1.109ms p95=  1.172ms max=  5.951ms calls(last=  1,win= 120,total=3403) (win 6.7% | avg 6.7% budget)
  frame.render.world.maze          win=  0.961ms avg=  0.961ms p95=  1.044ms max=  2.837ms calls(last=  1,win= 120,total=3403) (win 5.8% | avg 5.8% budget)
  frame.render.world.effects       win=  0.372ms avg=  0.372ms p95=  0.464ms max=  2.627ms calls(last=  1,win= 120,total=3403) (win 2.2% | avg 2.2% budget)
  enemy.torpedo.select_heading     win=  0.330ms avg=  0.003ms p95=  0.000ms max=  0.330ms calls(last=  0,win=   1,total=1) (win 2.0% | avg 0.0% budget)
  enemy.physics.frontal_collisions win=  0.259ms avg=  0.231ms p95=  0.303ms max=  0.663ms calls(last=  1,win= 107,total=146) (win 1.6% | avg 1.4% budget)
  enemy.physics.frontal_grid_build win=  0.180ms avg=  0.161ms p95=  0.226ms max=  0.432ms calls(last=  1,win= 107,total=146) (win 1.1% | avg 1.0% budget)
  enemy.ai.movement                win=  0.109ms avg=  0.213ms p95=  0.328ms max=  0.443ms calls(last=  3,win= 234,total=478) (win 0.7% | avg 1.3% budget)
  enemy.physics.frontal_pair_traverse win=  0.054ms avg=  0.048ms p95=  0.058ms max=  0.214ms calls(last=  1,win= 107,total=146) (win 0.3% | avg 0.3% budget)
  enemy.cheap.segment_build        win=  0.051ms avg=  0.034ms p95=  0.108ms max=  0.359ms calls(last=  2,win=  81,total=2037) (win 0.3% | avg 0.2% budget)
  system.spawner_update            win=  0.040ms avg=  0.042ms p95=  0.053ms max=  0.453ms calls(last=  1,win= 125,total=3530) (win 0.2% | avg 0.3% budget)
  enemy.ai.decision                win=  0.028ms avg=  0.054ms p95=  0.086ms max=  0.372ms calls(last=  3,win= 234,total=478) (win 0.2% | avg 0.3% budget)
  frame.input_poll                 win=  0.027ms avg=  0.027ms p95=  0.028ms max=  0.238ms calls(last=  1,win= 120,total=3480) (win 0.2% | avg 0.2% budget)
  system.player_update             win=  0.027ms avg=  0.028ms p95=  0.046ms max=  0.149ms calls(last=  1,win= 125,total=3109) (win 0.2% | avg 0.2% budget)
  system.physics_collision         win=  0.026ms avg=  0.027ms p95=  0.047ms max=  0.254ms calls(last=  1,win= 125,total=3530) (win 0.2% | avg 0.2% budget)
  enemy.type.drone                 win=  0.012ms avg=  0.429ms p95=  0.610ms max=  0.978ms calls(last= 35,win=4375,total=107142) (win 0.1% | avg 2.6% budget)
[ENEMY_STATS] frame=3480 alive=72 visible=0 full=3 cheap=69 fullInBase=0 pairs(frontal=0 checks=0 separation=0 resolved=0)
[ENEMY_WINDOW] steps=125 alive[min=72 max=72] visible[min=0 max=0] full[min=1 max=3] collisionPasses[runs=107 skips=18]
[ENEMY_SEGMENTS] window=2.083s D{b/s=14.40 avgLen=4.52 fail=0} T{b/s=24.48 avgLen=6.56 fail=1} H{b/s=0.00 avgLen=0.00 fail=0} A{b/s=0.00 avgLen=0.00 fail=0}
[ENEMY_GRID] frontal{cand/s=104.2 xcell/s=0.5 ins/s=104.6} separation{cand/s=104.2}
[ENEMY_COLLISION_WINDOW] frontal{pairs/s=0.0 checks/s=0.0 baseSkip=0 kill=0(0.0%)} separation{pairs/s=0.0 resolved/s=0.0(0.0%) baseSkip=0 kill=0 wallBlock=0}
[ENEMY_NAV_CACHE] playerCell{changes=3 flowRebuilds=3} flow{hit=0 miss=0 hit%=0.0} pathFallback{calls=0 ok=0 ok%=0.0}
[ENEMY_SAP] updates=7704 active=217 pairs=0 repairs{x=17 y=14}
[ENEMY_PAIR_TYPES] frontal DD=0 DT=0 DH=0 DA=0 TT=0 TH=0 TA=0 HH=0 HA=0 AA=0 separation DD=0 DT=0 DH=0 DA=0 TT=0 TH=0 TA=0 HH=0 HA=0 AA=0
[TORPEDO_HEADING] eval/s=0.48 retreat/s=0.00 pick[straight=0.0% left=0.0% right=100.0%] clear[best=15.00 chosen=15.00]

[PROFILE] frame=3600 budget=16.667ms alloc(+106/-106, +204448b/-204448b, live=165096b peak=368208b)
  frame.total                      win= 17.491ms avg= 17.491ms p95= 21.051ms max= 86.798ms calls(last=  1,win= 120,total=3600) (win 104.9% | avg 104.9% budget)
  frame.render                     win= 12.018ms avg= 12.018ms p95= 12.702ms max= 86.758ms calls(last=  1,win= 120,total=3600) (win 72.1% | avg 72.1% budget)
  frame.present                    win= 12.010ms avg= 12.010ms p95= 12.694ms max= 86.752ms calls(last=  1,win= 120,total=3600) (win 72.1% | avg 72.1% budget)
  frame.fixed_step                 win=  5.134ms avg=  5.433ms p95=  9.614ms max= 20.249ms calls(last=  1,win= 127,total=3737) (win 30.8% | avg 32.6% budget)
  frame.render.world               win=  4.665ms avg=  9.330ms p95= 10.127ms max= 20.167ms calls(last=  2,win= 240,total=7046) (win 28.0% | avg 56.0% budget)
  game.update                      win=  3.155ms avg=  3.339ms p95=  5.586ms max= 16.783ms calls(last=  1,win= 127,total=3657) (win 18.9% | avg 20.0% budget)
  frame.render.overlay             win=  3.054ms avg=  3.054ms p95=  3.746ms max=  6.090ms calls(last=  1,win= 120,total=3523) (win 18.3% | avg 18.3% budget)
  system.ai_update                 win=  3.014ms avg=  3.189ms p95=  5.275ms max= 16.644ms calls(last=  1,win= 127,total=3657) (win 18.1% | avg 19.1% budget)
  enemy.update                     win=  3.007ms avg=  3.183ms p95=  5.264ms max= 16.639ms calls(last=  1,win= 127,total=3657) (win 18.0% | avg 19.1% budget)
  frame.render.world.enemies       win=  1.152ms avg=  1.152ms p95=  1.237ms max=  5.951ms calls(last=  1,win= 120,total=3523) (win 6.9% | avg 6.9% budget)
  frame.render.world.maze          win=  0.909ms avg=  0.909ms p95=  0.985ms max=  2.837ms calls(last=  1,win= 120,total=3523) (win 5.5% | avg 5.5% budget)
  frame.render.world.effects       win=  0.491ms avg=  0.491ms p95=  0.944ms max=  2.627ms calls(last=  1,win= 120,total=3523) (win 2.9% | avg 2.9% budget)
  enemy.torpedo.select_heading     win=  0.408ms avg=  0.007ms p95=  0.000ms max=  0.501ms calls(last=  0,win=   2,total=3) (win 2.4% | avg 0.0% budget)
  enemy.physics.frontal_collisions win=  0.251ms avg=  0.265ms p95=  0.475ms max=  0.835ms calls(last=  1,win= 127,total=273) (win 1.5% | avg 1.6% budget)
  enemy.physics.frontal_grid_build win=  0.181ms avg=  0.192ms p95=  0.343ms max=  0.688ms calls(last=  1,win= 127,total=273) (win 1.1% | avg 1.2% budget)
  enemy.ai.movement                win=  0.114ms avg=  0.281ms p95=  0.446ms max=  0.747ms calls(last=  2,win= 295,total=773) (win 0.7% | avg 1.7% budget)
  enemy.ai.decision                win=  0.065ms avg=  0.161ms p95=  0.262ms max=  0.531ms calls(last=  2,win= 295,total=773) (win 0.4% | avg 1.0% budget)
  enemy.cheap.segment_build        win=  0.045ms avg=  0.030ms p95=  0.092ms max=  0.359ms calls(last=  1,win=  79,total=2116) (win 0.3% | avg 0.2% budget)
  enemy.physics.frontal_pair_traverse win=  0.044ms avg=  0.047ms p95=  0.084ms max=  0.214ms calls(last=  1,win= 127,total=273) (win 0.3% | avg 0.3% budget)
  system.spawner_update            win=  0.040ms avg=  0.043ms p95=  0.078ms max=  0.453ms calls(last=  1,win= 127,total=3657) (win 0.2% | avg 0.3% budget)
  system.physics_collision         win=  0.031ms avg=  0.032ms p95=  0.051ms max=  0.254ms calls(last=  1,win= 127,total=3657) (win 0.2% | avg 0.2% budget)
  system.player_update             win=  0.027ms avg=  0.029ms p95=  0.051ms max=  0.149ms calls(last=  1,win= 127,total=3236) (win 0.2% | avg 0.2% budget)
  frame.input_poll                 win=  0.027ms avg=  0.027ms p95=  0.029ms max=  0.238ms calls(last=  1,win= 120,total=3600) (win 0.2% | avg 0.2% budget)
  enemy.type.torpedo               win=  0.011ms avg=  0.428ms p95=  0.732ms max=  0.853ms calls(last= 37,win=4699,total=117037) (win 0.1% | avg 2.6% budget)
[ENEMY_STATS] frame=3600 alive=72 visible=2 full=2 cheap=70 fullInBase=0 pairs(frontal=0 checks=0 separation=0 resolved=0)
[ENEMY_WINDOW] steps=127 alive[min=72 max=72] visible[min=0 max=2] full[min=2 max=3] collisionPasses[runs=127 skips=0]
[ENEMY_SEGMENTS] window=2.117s D{b/s=13.23 avgLen=5.49 fail=1} T{b/s=23.15 avgLen=6.32 fail=0} H{b/s=0.00 avgLen=0.00 fail=0} A{b/s=0.00 avgLen=0.00 fail=0}
[ENEMY_GRID] frontal{cand/s=138.9 xcell/s=0.5 ins/s=139.4} separation{cand/s=138.9}
[ENEMY_COLLISION_WINDOW] frontal{pairs/s=0.0 checks/s=0.0 baseSkip=0 kill=0(0.0%)} separation{pairs/s=0.0 resolved/s=0.0(0.0%) baseSkip=0 kill=0 wallBlock=0}
[ENEMY_NAV_CACHE] playerCell{changes=3 flowRebuilds=3} flow{hit=0 miss=0 hit%=0.0} pathFallback{calls=0 ok=0 ok%=0.0}
[ENEMY_SAP] updates=9144 active=294 pairs=0 repairs{x=0 y=2}
[ENEMY_PAIR_TYPES] frontal DD=0 DT=0 DH=0 DA=0 TT=0 TH=0 TA=0 HH=0 HA=0 AA=0 separation DD=0 DT=0 DH=0 DA=0 TT=0 TH=0 TA=0 HH=0 HA=0 AA=0
[TORPEDO_HEADING] eval/s=0.94 retreat/s=0.00 pick[straight=100.0% left=0.0% right=0.0%] clear[best=15.00 chosen=15.00]

[PROFILE] frame=3720 budget=16.667ms alloc(+99/-99, +203608b/-203608b, live=165208b peak=368392b)
  frame.total                      win= 17.436ms avg= 17.436ms p95= 21.043ms max= 86.798ms calls(last=  1,win= 120,total=3720) (win 104.6% | avg 104.6% budget)
  frame.render                     win= 12.326ms avg= 12.326ms p95= 13.087ms max= 86.758ms calls(last=  1,win= 120,total=3720) (win 74.0% | avg 74.0% budget)
  frame.present                    win= 12.319ms avg= 12.319ms p95= 13.080ms max= 86.752ms calls(last=  1,win= 120,total=3720) (win 73.9% | avg 73.9% budget)
  frame.render.world               win=  5.028ms avg= 10.057ms p95= 10.720ms max= 20.167ms calls(last=  2,win= 240,total=7286) (win 30.2% | avg 60.3% budget)
  frame.fixed_step                 win=  4.827ms avg=  5.068ms p95=  8.722ms max= 20.249ms calls(last=  1,win= 126,total=3863) (win 29.0% | avg 30.4% budget)
  frame.render.overlay             win=  3.060ms avg=  3.060ms p95=  3.721ms max=  6.090ms calls(last=  1,win= 120,total=3643) (win 18.4% | avg 18.4% budget)
  game.update                      win=  2.826ms avg=  2.968ms p95=  4.604ms max= 16.783ms calls(last=  1,win= 126,total=3783) (win 17.0% | avg 17.8% budget)
  system.ai_update                 win=  2.662ms avg=  2.795ms p95=  4.319ms max= 16.644ms calls(last=  1,win= 126,total=3783) (win 16.0% | avg 16.8% budget)
  enemy.update                     win=  2.656ms avg=  2.789ms p95=  4.308ms max= 16.639ms calls(last=  1,win= 126,total=3783) (win 15.9% | avg 16.7% budget)
  frame.render.world.enemies       win=  1.176ms avg=  1.176ms p95=  1.265ms max=  5.951ms calls(last=  1,win= 120,total=3643) (win 7.1% | avg 7.1% budget)
  frame.render.world.effects       win=  0.904ms avg=  0.904ms p95=  1.169ms max=  2.627ms calls(last=  1,win= 120,total=3643) (win 5.4% | avg 5.4% budget)
  frame.render.world.maze          win=  0.897ms avg=  0.897ms p95=  1.023ms max=  2.837ms calls(last=  1,win= 120,total=3643) (win 5.4% | avg 5.4% budget)
  enemy.physics.frontal_collisions win=  0.250ms avg=  0.152ms p95=  0.297ms max=  0.835ms calls(last=  0,win=  73,total=346) (win 1.5% | avg 0.9% budget)
  enemy.physics.frontal_grid_build win=  0.179ms avg=  0.109ms p95=  0.227ms max=  0.688ms calls(last=  0,win=  73,total=346) (win 1.1% | avg 0.7% budget)
  enemy.ai.movement                win=  0.115ms avg=  0.191ms p95=  0.233ms max=  0.747ms calls(last=  1,win= 199,total=972) (win 0.7% | avg 1.1% budget)
  enemy.ai.decision                win=  0.055ms avg=  0.091ms p95=  0.148ms max=  0.531ms calls(last=  1,win= 199,total=972) (win 0.3% | avg 0.5% budget)
  enemy.cheap.segment_build        win=  0.047ms avg=  0.031ms p95=  0.093ms max=  0.359ms calls(last=  0,win=  78,total=2194) (win 0.3% | avg 0.2% budget)
  system.physics_collision         win=  0.047ms avg=  0.049ms p95=  0.082ms max=  0.254ms calls(last=  1,win= 126,total=3783) (win 0.3% | avg 0.3% budget)
  enemy.physics.frontal_pair_traverse win=  0.046ms avg=  0.028ms p95=  0.080ms max=  0.214ms calls(last=  0,win=  73,total=346) (win 0.3% | avg 0.2% budget)
  system.spawner_update            win=  0.042ms avg=  0.045ms p95=  0.078ms max=  0.453ms calls(last=  1,win= 126,total=3783) (win 0.3% | avg 0.3% budget)
  frame.input_poll                 win=  0.028ms avg=  0.028ms p95=  0.028ms max=  0.238ms calls(last=  1,win= 120,total=3720) (win 0.2% | avg 0.2% budget)
  system.player_update             win=  0.027ms avg=  0.028ms p95=  0.045ms max=  0.149ms calls(last=  1,win= 126,total=3362) (win 0.2% | avg 0.2% budget)
  enemy.type.drone                 win=  0.008ms avg=  0.289ms p95=  0.368ms max=  0.978ms calls(last= 36,win=4463,total=116050) (win 0.0% | avg 1.7% budget)
  enemy.type.torpedo               win=  0.008ms avg=  0.289ms p95=  0.472ms max=  0.853ms calls(last= 36,win=4609,total=121646) (win 0.0% | avg 1.7% budget)
[ENEMY_STATS] frame=3720 alive=72 visible=1 full=1 cheap=71 fullInBase=0 pairs(frontal=0 checks=0 separation=0 resolved=0)
[ENEMY_WINDOW] steps=126 alive[min=72 max=72] visible[min=1 max=2] full[min=1 max=2] collisionPasses[runs=72 skips=54]
[ENEMY_SEGMENTS] window=2.100s D{b/s=13.33 avgLen=4.69 fail=0} T{b/s=23.81 avgLen=6.40 fail=0} H{b/s=0.00 avgLen=0.00 fail=0} A{b/s=0.00 avgLen=0.00 fail=0}
[ENEMY_GRID] frontal{cand/s=68.6 xcell/s=1.0 ins/s=69.5} separation{cand/s=68.6}
[ENEMY_COLLISION_WINDOW] frontal{pairs/s=0.0 checks/s=0.0 baseSkip=0 kill=0(0.0%)} separation{pairs/s=0.0 resolved/s=0.0(0.0%) baseSkip=0 kill=0 wallBlock=0}
[ENEMY_NAV_CACHE] playerCell{changes=2 flowRebuilds=2} flow{hit=0 miss=0 hit%=0.0} pathFallback{calls=0 ok=0 ok%=0.0}
[ENEMY_SAP] updates=5184 active=144 pairs=0 repairs{x=0 y=1}
[ENEMY_PAIR_TYPES] frontal DD=0 DT=0 DH=0 DA=0 TT=0 TH=0 TA=0 HH=0 HA=0 AA=0 separation DD=0 DT=0 DH=0 DA=0 TT=0 TH=0 TA=0 HH=0 HA=0 AA=0

[PROFILE] frame=3840 budget=16.667ms alloc(+99/-99, +203608b/-203608b, live=165208b peak=368392b)
  frame.total                      win= 17.243ms avg= 17.243ms p95= 19.462ms max= 86.798ms calls(last=  1,win= 120,total=3840) (win 103.5% | avg 103.5% budget)
  frame.render                     win= 12.498ms avg= 12.498ms p95= 13.045ms max= 86.758ms calls(last=  1,win= 120,total=3840) (win 75.0% | avg 75.0% budget)
  frame.present                    win= 12.491ms avg= 12.491ms p95= 13.037ms max= 86.752ms calls(last=  1,win= 120,total=3840) (win 74.9% | avg 74.9% budget)
  frame.render.world               win=  4.736ms avg=  9.472ms p95=  9.923ms max= 20.167ms calls(last=  2,win= 240,total=7526) (win 28.4% | avg 56.8% budget)
  frame.fixed_step                 win=  4.515ms avg=  4.703ms p95=  8.359ms max= 20.249ms calls(last=  1,win= 125,total=3988) (win 27.1% | avg 28.2% budget)
  frame.render.overlay             win=  3.054ms avg=  3.054ms p95=  3.760ms max=  6.090ms calls(last=  1,win= 120,total=3763) (win 18.3% | avg 18.3% budget)
  game.update                      win=  2.536ms avg=  2.642ms p95=  4.494ms max= 16.783ms calls(last=  1,win= 125,total=3908) (win 15.2% | avg 15.9% budget)
  system.ai_update                 win=  2.403ms avg=  2.503ms p95=  4.242ms max= 16.644ms calls(last=  1,win= 125,total=3908) (win 14.4% | avg 15.0% budget)
  enemy.update                     win=  2.396ms avg=  2.496ms p95=  4.230ms max= 16.639ms calls(last=  1,win= 125,total=3908) (win 14.4% | avg 15.0% budget)
  frame.render.world.enemies       win=  1.165ms avg=  1.165ms p95=  1.305ms max=  5.951ms calls(last=  1,win= 120,total=3763) (win 7.0% | avg 7.0% budget)
  frame.render.world.maze          win=  1.039ms avg=  1.039ms p95=  1.274ms max=  2.837ms calls(last=  1,win= 120,total=3763) (win 6.2% | avg 6.2% budget)
  frame.render.world.effects       win=  0.411ms avg=  0.411ms p95=  0.523ms max=  2.627ms calls(last=  1,win= 120,total=3763) (win 2.5% | avg 2.5% budget)
  enemy.ai.movement                win=  0.122ms avg=  0.127ms p95=  0.230ms max=  0.747ms calls(last=  1,win= 125,total=1097) (win 0.7% | avg 0.8% budget)
  enemy.cheap.segment_build        win=  0.048ms avg=  0.036ms p95=  0.100ms max=  0.359ms calls(last=  0,win=  89,total=2283) (win 0.3% | avg 0.2% budget)
  system.spawner_update            win=  0.040ms avg=  0.042ms p95=  0.073ms max=  0.453ms calls(last=  1,win= 125,total=3908) (win 0.2% | avg 0.2% budget)
  enemy.ai.decision                win=  0.039ms avg=  0.041ms p95=  0.054ms max=  0.531ms calls(last=  1,win= 125,total=1097) (win 0.2% | avg 0.2% budget)
  frame.input_poll                 win=  0.027ms avg=  0.027ms p95=  0.028ms max=  0.238ms calls(last=  1,win= 120,total=3840) (win 0.2% | avg 0.2% budget)
  system.physics_collision         win=  0.026ms avg=  0.027ms p95=  0.045ms max=  0.254ms calls(last=  1,win= 125,total=3908) (win 0.2% | avg 0.2% budget)
  system.player_update             win=  0.026ms avg=  0.027ms p95=  0.029ms max=  0.149ms calls(last=  1,win= 125,total=3487) (win 0.2% | avg 0.2% budget)
  enemy.type.drone                 win=  0.009ms avg=  0.322ms p95=  0.459ms max=  0.978ms calls(last= 36,win=4500,total=120550) (win 0.1% | avg 1.9% budget)
  enemy.ai.perception              win=  0.006ms avg=  0.006ms p95=  0.007ms max=  0.099ms calls(last=  1,win= 125,total=1097) (win 0.0% | avg 0.0% budget)
  enemy.ai.firing                  win=  0.004ms avg=  0.005ms p95=  0.005ms max=  0.063ms calls(last=  1,win= 125,total=1097) (win 0.0% | avg 0.0% budget)
  enemy.type.torpedo               win=  0.004ms avg=  0.134ms p95=  0.232ms max=  0.853ms calls(last= 36,win=4500,total=126146) (win 0.0% | avg 0.8% budget)
  system.projectile_update         win=  0.003ms avg=  0.003ms p95=  0.004ms max=  0.043ms calls(last=  1,win= 125,total=3908) (win 0.0% | avg 0.0% budget)
[ENEMY_STATS] frame=3840 alive=72 visible=1 full=1 cheap=71 fullInBase=0 pairs(frontal=0 checks=0 separation=0 resolved=0)
[ENEMY_WINDOW] steps=125 alive[min=72 max=72] visible[min=1 max=1] full[min=1 max=1] collisionPasses[runs=0 skips=125]
[ENEMY_SEGMENTS] window=2.083s D{b/s=14.40 avgLen=4.88 fail=2} T{b/s=26.40 avgLen=5.73 fail=2} H{b/s=0.00 avgLen=0.00 fail=0} A{b/s=0.00 avgLen=0.00 fail=0}
[ENEMY_GRID] frontal{cand/s=0.0 xcell/s=0.0 ins/s=0.0} separation{cand/s=0.0}
[ENEMY_COLLISION_WINDOW] frontal{pairs/s=0.0 checks/s=0.0 baseSkip=0 kill=0(0.0%)} separation{pairs/s=0.0 resolved/s=0.0(0.0%) baseSkip=0 kill=0 wallBlock=0}
[ENEMY_NAV_CACHE] playerCell{changes=2 flowRebuilds=2} flow{hit=0 miss=0 hit%=0.0} pathFallback{calls=0 ok=0 ok%=0.0}
[ENEMY_SAP] updates=0 active=0 pairs=0 repairs{x=0 y=0}
[ENEMY_PAIR_TYPES] frontal DD=0 DT=0 DH=0 DA=0 TT=0 TH=0 TA=0 HH=0 HA=0 AA=0 separation DD=0 DT=0 DH=0 DA=0 TT=0 TH=0 TA=0 HH=0 HA=0 AA=0

[PROFILE] frame=3960 budget=16.667ms alloc(+104/-104, +204416b/-204416b, live=165208b peak=368392b)
  frame.total                      win= 17.415ms avg= 17.415ms p95= 20.551ms max= 86.798ms calls(last=  1,win= 120,total=3960) (win 104.5% | avg 104.5% budget)
  frame.render                     win= 12.113ms avg= 12.113ms p95= 12.797ms max= 86.758ms calls(last=  1,win= 120,total=3960) (win 72.7% | avg 72.7% budget)
  frame.present                    win= 12.105ms avg= 12.105ms p95= 12.790ms max= 86.752ms calls(last=  1,win= 120,total=3960) (win 72.6% | avg 72.6% budget)
  frame.fixed_step                 win=  5.011ms avg=  5.262ms p95=  9.215ms max= 20.249ms calls(last=  1,win= 126,total=4114) (win 30.1% | avg 31.6% budget)
  frame.render.world               win=  4.709ms avg=  9.418ms p95= 10.335ms max= 20.167ms calls(last=  2,win= 240,total=7766) (win 28.3% | avg 56.5% budget)
  frame.render.overlay             win=  3.043ms avg=  3.043ms p95=  3.712ms max=  6.090ms calls(last=  1,win= 120,total=3883) (win 18.3% | avg 18.3% budget)
  game.update                      win=  3.037ms avg=  3.189ms p95=  5.338ms max= 16.783ms calls(last=  1,win= 126,total=4034) (win 18.2% | avg 19.1% budget)
  system.ai_update                 win=  2.893ms avg=  3.038ms p95=  5.025ms max= 16.644ms calls(last=  1,win= 126,total=4034) (win 17.4% | avg 18.2% budget)
  enemy.update                     win=  2.887ms avg=  3.031ms p95=  5.014ms max= 16.639ms calls(last=  1,win= 126,total=4034) (win 17.3% | avg 18.2% budget)
  frame.render.world.enemies       win=  1.153ms avg=  1.153ms p95=  1.257ms max=  5.951ms calls(last=  1,win= 120,total=3883) (win 6.9% | avg 6.9% budget)
  frame.render.world.maze          win=  0.992ms avg=  0.992ms p95=  1.067ms max=  2.837ms calls(last=  1,win= 120,total=3883) (win 6.0% | avg 6.0% budget)
  frame.render.world.effects       win=  0.463ms avg=  0.463ms p95=  0.978ms max=  2.627ms calls(last=  1,win= 120,total=3883) (win 2.8% | avg 2.8% budget)
  enemy.torpedo.select_heading     win=  0.300ms avg=  0.002ms p95=  0.000ms max=  0.501ms calls(last=  0,win=   1,total=4) (win 1.8% | avg 0.0% budget)
  enemy.physics.frontal_collisions win=  0.251ms avg=  0.230ms p95=  0.344ms max=  0.835ms calls(last=  1,win= 110,total=456) (win 1.5% | avg 1.4% budget)
  enemy.physics.frontal_grid_build win=  0.178ms avg=  0.163ms p95=  0.265ms max=  0.688ms calls(last=  1,win= 110,total=456) (win 1.1% | avg 1.0% budget)
  enemy.ai.movement                win=  0.113ms avg=  0.260ms p95=  0.372ms max=  0.811ms calls(last=  3,win= 275,total=1372) (win 0.7% | avg 1.6% budget)
  enemy.cheap.segment_build        win=  0.049ms avg=  0.030ms p95=  0.110ms max=  0.359ms calls(last=  0,win=  74,total=2357) (win 0.3% | avg 0.2% budget)
  enemy.physics.frontal_pair_traverse win=  0.049ms avg=  0.045ms p95=  0.057ms max=  0.214ms calls(last=  1,win= 110,total=456) (win 0.3% | avg 0.3% budget)
  system.spawner_update            win=  0.040ms avg=  0.042ms p95=  0.075ms max=  0.453ms calls(last=  1,win= 126,total=4034) (win 0.2% | avg 0.3% budget)
  enemy.ai.decision                win=  0.037ms avg=  0.085ms p95=  0.143ms max=  0.674ms calls(last=  3,win= 275,total=1372) (win 0.2% | avg 0.5% budget)
  system.physics_collision         win=  0.029ms avg=  0.031ms p95=  0.051ms max=  0.254ms calls(last=  1,win= 126,total=4034) (win 0.2% | avg 0.2% budget)
  frame.input_poll                 win=  0.028ms avg=  0.028ms p95=  0.028ms max=  0.238ms calls(last=  1,win= 120,total=3960) (win 0.2% | avg 0.2% budget)
  system.player_update             win=  0.028ms avg=  0.029ms p95=  0.042ms max=  0.149ms calls(last=  1,win= 126,total=3613) (win 0.2% | avg 0.2% budget)
  enemy.type.drone                 win=  0.012ms avg=  0.452ms p95=  0.537ms max=  1.201ms calls(last= 36,win=4536,total=125086) (win 0.1% | avg 2.7% budget)
[ENEMY_STATS] frame=3960 alive=72 visible=0 full=3 cheap=69 fullInBase=0 pairs(frontal=0 checks=0 separation=0 resolved=0)
[ENEMY_WINDOW] steps=126 alive[min=72 max=72] visible[min=0 max=1] full[min=1 max=3] collisionPasses[runs=111 skips=15]
[ENEMY_SEGMENTS] window=2.100s D{b/s=14.76 avgLen=5.54 fail=0} T{b/s=20.48 avgLen=6.61 fail=0} H{b/s=0.00 avgLen=0.00 fail=0} A{b/s=0.00 avgLen=0.00 fail=0}
[ENEMY_GRID] frontal{cand/s=124.8 xcell/s=0.5 ins/s=125.2} separation{cand/s=124.8}
[ENEMY_COLLISION_WINDOW] frontal{pairs/s=0.0 checks/s=0.0 baseSkip=0 kill=0(0.0%)} separation{pairs/s=0.0 resolved/s=0.0(0.0%) baseSkip=0 kill=0 wallBlock=0}
[ENEMY_NAV_CACHE] playerCell{changes=3 flowRebuilds=3} flow{hit=0 miss=0 hit%=0.0} pathFallback{calls=0 ok=0 ok%=0.0}
[ENEMY_SAP] updates=7992 active=262 pairs=0 repairs{x=101 y=99}
[ENEMY_PAIR_TYPES] frontal DD=0 DT=0 DH=0 DA=0 TT=0 TH=0 TA=0 HH=0 HA=0 AA=0 separation DD=0 DT=0 DH=0 DA=0 TT=0 TH=0 TA=0 HH=0 HA=0 AA=0
[TORPEDO_HEADING] eval/s=0.48 retreat/s=0.00 pick[straight=100.0% left=0.0% right=0.0%] clear[best=11.71 chosen=11.71]

[PROFILE] frame=4080 budget=16.667ms alloc(+99/-99, +203608b/-203608b, live=165208b peak=368392b)
  frame.total                      win= 17.508ms avg= 17.508ms p95= 21.078ms max= 86.798ms calls(last=  1,win= 120,total=4080) (win 105.0% | avg 105.0% budget)
  frame.render                     win= 12.256ms avg= 12.256ms p95= 13.125ms max= 86.758ms calls(last=  1,win= 120,total=4080) (win 73.5% | avg 73.5% budget)
  frame.present                    win= 12.249ms avg= 12.249ms p95= 13.118ms max= 86.752ms calls(last=  1,win= 120,total=4080) (win 73.5% | avg 73.5% budget)
  frame.fixed_step                 win=  4.924ms avg=  5.211ms p95=  9.596ms max= 20.249ms calls(last=  1,win= 127,total=4241) (win 29.5% | avg 31.3% budget)
  frame.render.world               win=  4.922ms avg=  9.843ms p95= 10.563ms max= 20.167ms calls(last=  2,win= 240,total=8006) (win 29.5% | avg 59.1% budget)
  frame.render.overlay             win=  3.061ms avg=  3.061ms p95=  3.734ms max=  6.090ms calls(last=  1,win= 120,total=4003) (win 18.4% | avg 18.4% budget)
  game.update                      win=  2.945ms avg=  3.117ms p95=  5.615ms max= 16.783ms calls(last=  1,win= 127,total=4161) (win 17.7% | avg 18.7% budget)
  system.ai_update                 win=  2.808ms avg=  2.972ms p95=  5.319ms max= 16.644ms calls(last=  1,win= 127,total=4161) (win 16.8% | avg 17.8% budget)
  enemy.update                     win=  2.802ms avg=  2.966ms p95=  5.303ms max= 16.639ms calls(last=  1,win= 127,total=4161) (win 16.8% | avg 17.8% budget)
  frame.render.world.enemies       win=  1.133ms avg=  1.133ms p95=  1.239ms max=  5.951ms calls(last=  1,win= 120,total=4003) (win 6.8% | avg 6.8% budget)
  frame.render.world.maze          win=  1.036ms avg=  1.036ms p95=  1.127ms max=  2.837ms calls(last=  1,win= 120,total=4003) (win 6.2% | avg 6.2% budget)
  frame.render.world.effects       win=  0.766ms avg=  0.766ms p95=  1.060ms max=  2.627ms calls(last=  1,win= 120,total=4003) (win 4.6% | avg 4.6% budget)
  enemy.torpedo.select_heading     win=  0.255ms avg=  0.002ms p95=  0.000ms max=  0.501ms calls(last=  0,win=   1,total=5) (win 1.5% | avg 0.0% budget)
  enemy.physics.frontal_collisions win=  0.249ms avg=  0.159ms p95=  0.307ms max=  0.835ms calls(last=  0,win=  77,total=533) (win 1.5% | avg 1.0% budget)
  enemy.physics.frontal_grid_build win=  0.177ms avg=  0.114ms p95=  0.220ms max=  0.688ms calls(last=  0,win=  77,total=533) (win 1.1% | avg 0.7% budget)
  enemy.ai.movement                win=  0.113ms avg=  0.243ms p95=  0.416ms max=  0.811ms calls(last=  1,win= 258,total=1630) (win 0.7% | avg 1.5% budget)
  enemy.cheap.segment_build        win=  0.048ms avg=  0.031ms p95=  0.103ms max=  0.359ms calls(last=  1,win=  79,total=2436) (win 0.3% | avg 0.2% budget)
  enemy.physics.frontal_pair_traverse win=  0.047ms avg=  0.030ms p95=  0.059ms max=  0.214ms calls(last=  0,win=  77,total=533) (win 0.3% | avg 0.2% budget)
  enemy.ai.decision                win=  0.043ms avg=  0.092ms p95=  0.153ms max=  0.674ms calls(last=  1,win= 258,total=1630) (win 0.3% | avg 0.6% budget)
  system.spawner_update            win=  0.043ms avg=  0.045ms p95=  0.077ms max=  0.453ms calls(last=  1,win= 127,total=4161) (win 0.3% | avg 0.3% budget)
  system.physics_collision         win=  0.029ms avg=  0.030ms p95=  0.049ms max=  0.254ms calls(last=  1,win= 127,total=4161) (win 0.2% | avg 0.2% budget)
  frame.input_poll                 win=  0.028ms avg=  0.028ms p95=  0.028ms max=  0.238ms calls(last=  1,win= 120,total=4080) (win 0.2% | avg 0.2% budget)
  system.player_update             win=  0.027ms avg=  0.022ms p95=  0.046ms max=  0.149ms calls(last=  0,win=  97,total=3710) (win 0.2% | avg 0.1% budget)
  enemy.type.drone                 win=  0.011ms avg=  0.414ms p95=  0.568ms max=  1.201ms calls(last= 36,win=4572,total=129658) (win 0.1% | avg 2.5% budget)
[ENEMY_STATS] frame=4080 alive=72 visible=0 full=1 cheap=71 fullInBase=0 pairs(frontal=0 checks=0 separation=0 resolved=0)
[ENEMY_WINDOW] steps=127 alive[min=72 max=72] visible[min=0 max=1] full[min=1 max=3] collisionPasses[runs=76 skips=51]
[ENEMY_SEGMENTS] window=2.117s D{b/s=13.70 avgLen=4.76 fail=0} T{b/s=23.62 avgLen=6.69 fail=0} H{b/s=0.00 avgLen=0.00 fail=0} A{b/s=0.00 avgLen=0.00 fail=0}
[ENEMY_GRID] frontal{cand/s=96.9 xcell/s=1.4 ins/s=98.3} separation{cand/s=96.9}
[ENEMY_COLLISION_WINDOW] frontal{pairs/s=0.0 checks/s=0.0 baseSkip=0 kill=0(0.0%)} separation{pairs/s=0.0 resolved/s=0.0(0.0%) baseSkip=0 kill=0 wallBlock=0}
[ENEMY_NAV_CACHE] playerCell{changes=3 flowRebuilds=3} flow{hit=0 miss=0 hit%=0.0} pathFallback{calls=0 ok=0 ok%=0.0}
[ENEMY_SAP] updates=5472 active=205 pairs=0 repairs{x=2 y=0}
[ENEMY_PAIR_TYPES] frontal DD=0 DT=0 DH=0 DA=0 TT=0 TH=0 TA=0 HH=0 HA=0 AA=0 separation DD=0 DT=0 DH=0 DA=0 TT=0 TH=0 TA=0 HH=0 HA=0 AA=0
[TORPEDO_HEADING] eval/s=0.47 retreat/s=0.00 pick[straight=0.0% left=0.0% right=100.0%] clear[best=15.00 chosen=15.00]

[PROFILE] frame=4200 budget=16.667ms alloc(+99/-99, +203608b/-203608b, live=165208b peak=368392b)
  frame.total                      win= 16.991ms avg= 16.991ms p95= 17.614ms max= 86.798ms calls(last=  1,win= 120,total=4200) (win 101.9% | avg 101.9% budget)
  frame.render                     win= 12.557ms avg= 12.557ms p95= 13.205ms max= 86.758ms calls(last=  1,win= 120,total=4200) (win 75.3% | avg 75.3% budget)
  frame.present                    win= 12.550ms avg= 12.550ms p95= 13.198ms max= 86.752ms calls(last=  1,win= 120,total=4200) (win 75.3% | avg 75.3% budget)
  frame.render.world               win=  4.897ms avg=  9.793ms p95= 10.427ms max= 20.167ms calls(last=  2,win= 240,total=8246) (win 29.4% | avg 58.8% budget)
  frame.fixed_step                 win=  4.286ms avg=  4.394ms p95=  4.484ms max= 20.249ms calls(last=  1,win= 123,total=4364) (win 25.7% | avg 26.4% budget)
  frame.render.overlay             win=  3.064ms avg=  3.064ms p95=  3.759ms max=  6.090ms calls(last=  1,win= 120,total=4123) (win 18.4% | avg 18.4% budget)
  game.update                      win=  2.311ms avg=  2.368ms p95=  2.519ms max= 16.783ms calls(last=  1,win= 123,total=4284) (win 13.9% | avg 14.2% budget)
  system.ai_update                 win=  2.219ms avg=  2.274ms p95=  2.430ms max= 16.644ms calls(last=  1,win= 123,total=4284) (win 13.3% | avg 13.6% budget)
  enemy.update                     win=  2.212ms avg=  2.268ms p95=  2.424ms max= 16.639ms calls(last=  1,win= 123,total=4284) (win 13.3% | avg 13.6% budget)
  frame.render.world.enemies       win=  1.136ms avg=  1.136ms p95=  1.356ms max=  5.951ms calls(last=  1,win= 120,total=4123) (win 6.8% | avg 6.8% budget)
  frame.render.world.maze          win=  1.063ms avg=  1.063ms p95=  1.162ms max=  2.837ms calls(last=  1,win= 120,total=4123) (win 6.4% | avg 6.4% budget)
  frame.render.world.effects       win=  1.012ms avg=  1.012ms p95=  1.279ms max=  2.627ms calls(last=  1,win= 120,total=4123) (win 6.1% | avg 6.1% budget)
  enemy.ai.movement                win=  0.121ms avg=  0.124ms p95=  0.185ms max=  0.811ms calls(last=  1,win= 123,total=1753) (win 0.7% | avg 0.7% budget)
  enemy.cheap.segment_build        win=  0.054ms avg=  0.032ms p95=  0.104ms max=  0.359ms calls(last=  0,win=  71,total=2507) (win 0.3% | avg 0.2% budget)
  system.spawner_update            win=  0.044ms avg=  0.046ms p95=  0.050ms max=  0.453ms calls(last=  1,win= 123,total=4284) (win 0.3% | avg 0.3% budget)
  enemy.ai.decision                win=  0.036ms avg=  0.037ms p95=  0.043ms max=  0.674ms calls(last=  1,win= 123,total=1753) (win 0.2% | avg 0.2% budget)
  frame.input_poll                 win=  0.028ms avg=  0.028ms p95=  0.028ms max=  0.238ms calls(last=  1,win= 120,total=4200) (win 0.2% | avg 0.2% budget)
  enemy.type.drone                 win=  0.009ms avg=  0.316ms p95=  0.419ms max=  1.201ms calls(last= 36,win=4428,total=134086) (win 0.1% | avg 1.9% budget)
  enemy.ai.perception              win=  0.006ms avg=  0.006ms p95=  0.006ms max=  0.099ms calls(last=  1,win= 123,total=1753) (win 0.0% | avg 0.0% budget)
  enemy.ai.firing                  win=  0.004ms avg=  0.004ms p95=  0.005ms max=  0.063ms calls(last=  1,win= 123,total=1753) (win 0.0% | avg 0.0% budget)
  system.projectile_update         win=  0.004ms avg=  0.004ms p95=  0.004ms max=  0.043ms calls(last=  1,win= 123,total=4284) (win 0.0% | avg 0.0% budget)
  enemy.type.torpedo               win=  0.003ms avg=  0.127ms p95=  0.206ms max=  0.874ms calls(last= 36,win=4428,total=139682) (win 0.0% | avg 0.8% budget)
  system.physics_collision         win=  0.003ms avg=  0.003ms p95=  0.003ms max=  0.254ms calls(last=  1,win= 123,total=4284) (win 0.0% | avg 0.0% budget)
  system.maze_update               win=  0.001ms avg=  0.001ms p95=  0.001ms max=  0.009ms calls(last=  1,win= 123,total=4284) (win 0.0% | avg 0.0% budget)
[ENEMY_STATS] frame=4200 alive=72 visible=0 full=1 cheap=71 fullInBase=0 pairs(frontal=0 checks=0 separation=0 resolved=0)
[ENEMY_WINDOW] steps=123 alive[min=72 max=72] visible[min=0 max=0] full[min=1 max=1] collisionPasses[runs=0 skips=123]
[ENEMY_SEGMENTS] window=2.050s D{b/s=13.66 avgLen=4.93 fail=0} T{b/s=20.49 avgLen=6.75 fail=2} H{b/s=0.00 avgLen=0.00 fail=0} A{b/s=0.00 avgLen=0.00 fail=0}
[ENEMY_GRID] frontal{cand/s=0.0 xcell/s=0.0 ins/s=0.0} separation{cand/s=0.0}
[ENEMY_COLLISION_WINDOW] frontal{pairs/s=0.0 checks/s=0.0 baseSkip=0 kill=0(0.0%)} separation{pairs/s=0.0 resolved/s=0.0(0.0%) baseSkip=0 kill=0 wallBlock=0}
[ENEMY_NAV_CACHE] playerCell{changes=0 flowRebuilds=0} flow{hit=0 miss=0 hit%=0.0} pathFallback{calls=0 ok=0 ok%=0.0}
[ENEMY_SAP] updates=0 active=0 pairs=0 repairs{x=0 y=0}
[ENEMY_PAIR_TYPES] frontal DD=0 DT=0 DH=0 DA=0 TT=0 TH=0 TA=0 HH=0 HA=0 AA=0 separation DD=0 DT=0 DH=0 DA=0 TT=0 TH=0 TA=0 HH=0 HA=0 AA=0

[PROFILE] frame=4320 budget=16.667ms alloc(+107/-107, +204520b/-204520b, live=165208b peak=368392b)
  frame.total                      win= 17.137ms avg= 17.137ms p95= 18.381ms max= 86.798ms calls(last=  1,win= 120,total=4320) (win 102.8% | avg 102.8% budget)
  frame.render                     win= 12.107ms avg= 12.107ms p95= 12.933ms max= 86.758ms calls(last=  1,win= 120,total=4320) (win 72.6% | avg 72.6% budget)
  frame.present                    win= 12.100ms avg= 12.100ms p95= 12.927ms max= 86.752ms calls(last=  1,win= 120,total=4320) (win 72.6% | avg 72.6% budget)
  frame.fixed_step                 win=  4.828ms avg=  4.989ms p95=  5.100ms max= 20.249ms calls(last=  1,win= 124,total=4488) (win 29.0% | avg 29.9% budget)
  frame.render.world               win=  4.563ms avg=  9.126ms p95= 10.064ms max= 20.167ms calls(last=  2,win= 240,total=8486) (win 27.4% | avg 54.8% budget)
  frame.render.overlay             win=  3.067ms avg=  3.067ms p95=  3.749ms max=  6.090ms calls(last=  1,win= 120,total=4243) (win 18.4% | avg 18.4% budget)
  game.update                      win=  2.848ms avg=  2.943ms p95=  3.189ms max= 16.783ms calls(last=  1,win= 124,total=4408) (win 17.1% | avg 17.7% budget)
  system.ai_update                 win=  2.742ms avg=  2.833ms p95=  3.079ms max= 16.644ms calls(last=  1,win= 124,total=4408) (win 16.5% | avg 17.0% budget)
  enemy.update                     win=  2.735ms avg=  2.826ms p95=  3.073ms max= 16.639ms calls(last=  1,win= 124,total=4408) (win 16.4% | avg 17.0% budget)
  frame.render.world.enemies       win=  1.152ms avg=  1.152ms p95=  1.231ms max=  5.951ms calls(last=  1,win= 120,total=4243) (win 6.9% | avg 6.9% budget)
  frame.render.world.maze          win=  0.920ms avg=  0.920ms p95=  1.088ms max=  2.837ms calls(last=  1,win= 120,total=4243) (win 5.5% | avg 5.5% budget)
  frame.render.world.effects       win=  0.554ms avg=  0.554ms p95=  1.085ms max=  2.627ms calls(last=  1,win= 120,total=4243) (win 3.3% | avg 3.3% budget)
  enemy.torpedo.select_heading     win=  0.302ms avg=  0.008ms p95=  0.000ms max=  0.644ms calls(last=  0,win=   3,total=8) (win 1.8% | avg 0.0% budget)
  enemy.physics.frontal_collisions win=  0.248ms avg=  0.198ms p95=  0.291ms max=  0.835ms calls(last=  1,win=  96,total=629) (win 1.5% | avg 1.2% budget)
  enemy.physics.frontal_grid_build win=  0.180ms avg=  0.144ms p95=  0.210ms max=  0.688ms calls(last=  1,win=  96,total=629) (win 1.1% | avg 0.9% budget)
  enemy.ai.movement                win=  0.117ms avg=  0.215ms p95=  0.343ms max=  0.811ms calls(last=  2,win= 220,total=1973) (win 0.7% | avg 1.3% budget)
  enemy.ai.decision                win=  0.082ms avg=  0.150ms p95=  0.304ms max=  0.674ms calls(last=  2,win= 220,total=1973) (win 0.5% | avg 0.9% budget)
  enemy.cheap.segment_build        win=  0.051ms avg=  0.035ms p95=  0.103ms max=  0.359ms calls(last=  0,win=  82,total=2589) (win 0.3% | avg 0.2% budget)
  enemy.physics.frontal_pair_traverse win=  0.043ms avg=  0.034ms p95=  0.044ms max=  0.214ms calls(last=  1,win=  96,total=629) (win 0.3% | avg 0.2% budget)
  system.spawner_update            win=  0.041ms avg=  0.042ms p95=  0.048ms max=  0.453ms calls(last=  1,win= 124,total=4408) (win 0.2% | avg 0.3% budget)
  frame.input_poll                 win=  0.028ms avg=  0.028ms p95=  0.028ms max=  0.238ms calls(last=  1,win= 120,total=4320) (win 0.2% | avg 0.2% budget)
  system.physics_collision         win=  0.020ms avg=  0.021ms p95=  0.031ms max=  0.254ms calls(last=  1,win= 124,total=4408) (win 0.1% | avg 0.1% budget)
  enemy.type.torpedo               win=  0.013ms avg=  0.487ms p95=  0.817ms max=  1.476ms calls(last= 36,win=4464,total=144146) (win 0.1% | avg 2.9% budget)
  enemy.type.drone                 win=  0.005ms avg=  0.182ms p95=  0.345ms max=  1.201ms calls(last= 36,win=4464,total=138550) (win 0.0% | avg 1.1% budget)
[ENEMY_STATS] frame=4320 alive=72 visible=1 full=2 cheap=70 fullInBase=0 pairs(frontal=0 checks=0 separation=0 resolved=0)
[ENEMY_WINDOW] steps=124 alive[min=72 max=72] visible[min=0 max=1] full[min=1 max=2] collisionPasses[runs=97 skips=27]
[ENEMY_SEGMENTS] window=2.067s D{b/s=15.97 avgLen=5.28 fail=0} T{b/s=23.23 avgLen=6.13 fail=0} H{b/s=0.00 avgLen=0.00 fail=0} A{b/s=0.00 avgLen=0.00 fail=0}
[ENEMY_GRID] frontal{cand/s=93.9 xcell/s=1.0 ins/s=94.8} separation{cand/s=93.9}
[ENEMY_COLLISION_WINDOW] frontal{pairs/s=0.0 checks/s=0.0 baseSkip=0 kill=0(0.0%)} separation{pairs/s=0.0 resolved/s=0.0(0.0%) baseSkip=0 kill=0 wallBlock=0}
[ENEMY_NAV_CACHE] playerCell{changes=1 flowRebuilds=1} flow{hit=0 miss=0 hit%=0.0} pathFallback{calls=0 ok=0 ok%=0.0}
[ENEMY_SAP] updates=6984 active=194 pairs=0 repairs{x=79 y=80}
[ENEMY_PAIR_TYPES] frontal DD=0 DT=0 DH=0 DA=0 TT=0 TH=0 TA=0 HH=0 HA=0 AA=0 separation DD=0 DT=0 DH=0 DA=0 TT=0 TH=0 TA=0 HH=0 HA=0 AA=0
[TORPEDO_HEADING] eval/s=1.45 retreat/s=0.00 pick[straight=66.7% left=0.0% right=33.3%] clear[best=15.00 chosen=15.00]

[PROFILE] frame=4440 budget=16.667ms alloc(+101/-101, +203672b/-203672b, live=165208b peak=368392b)
  frame.total                      win= 17.013ms avg= 17.013ms p95= 17.602ms max= 86.798ms calls(last=  1,win= 120,total=4440) (win 102.1% | avg 102.1% budget)
  frame.render                     win= 12.297ms avg= 12.297ms p95= 12.930ms max= 86.758ms calls(last=  1,win= 120,total=4440) (win 73.8% | avg 73.8% budget)
  frame.present                    win= 12.289ms avg= 12.289ms p95= 12.923ms max= 86.752ms calls(last=  1,win= 120,total=4440) (win 73.7% | avg 73.7% budget)
  frame.fixed_step                 win=  4.563ms avg=  4.677ms p95=  4.960ms max= 20.249ms calls(last=  1,win= 123,total=4611) (win 27.4% | avg 28.1% budget)
  frame.render.world               win=  4.415ms avg=  8.830ms p95=  9.145ms max= 20.167ms calls(last=  2,win= 240,total=8726) (win 26.5% | avg 53.0% budget)
  frame.render.overlay             win=  3.040ms avg=  3.040ms p95=  3.686ms max=  6.090ms calls(last=  1,win= 120,total=4363) (win 18.2% | avg 18.2% budget)
  game.update                      win=  2.621ms avg=  2.687ms p95=  2.950ms max= 16.783ms calls(last=  1,win= 123,total=4531) (win 15.7% | avg 16.1% budget)
  system.ai_update                 win=  2.493ms avg=  2.556ms p95=  2.817ms max= 16.644ms calls(last=  1,win= 123,total=4531) (win 15.0% | avg 15.3% budget)
  enemy.update                     win=  2.488ms avg=  2.550ms p95=  2.810ms max= 16.639ms calls(last=  1,win= 123,total=4531) (win 14.9% | avg 15.3% budget)
  frame.render.world.enemies       win=  1.144ms avg=  1.144ms p95=  1.186ms max=  5.951ms calls(last=  1,win= 120,total=4363) (win 6.9% | avg 6.9% budget)
  frame.render.world.maze          win=  0.880ms avg=  0.880ms p95=  0.958ms max=  2.837ms calls(last=  1,win= 120,total=4363) (win 5.3% | avg 5.3% budget)
  frame.render.world.effects       win=  0.392ms avg=  0.392ms p95=  0.482ms max=  2.627ms calls(last=  1,win= 120,total=4363) (win 2.4% | avg 2.4% budget)
  enemy.torpedo.select_heading     win=  0.281ms avg=  0.005ms p95=  0.000ms max=  0.644ms calls(last=  0,win=   2,total=10) (win 1.7% | avg 0.0% budget)
  enemy.physics.frontal_collisions win=  0.244ms avg=  0.126ms p95=  0.255ms max=  0.835ms calls(last=  0,win=  62,total=691) (win 1.5% | avg 0.8% budget)
  enemy.physics.frontal_grid_build win=  0.177ms avg=  0.091ms p95=  0.175ms max=  0.688ms calls(last=  0,win=  62,total=691) (win 1.1% | avg 0.5% budget)
  enemy.ai.movement                win=  0.116ms avg=  0.179ms p95=  0.277ms max=  0.811ms calls(last=  1,win= 185,total=2158) (win 0.7% | avg 1.1% budget)
  enemy.ai.decision                win=  0.091ms avg=  0.141ms p95=  0.205ms max=  0.674ms calls(last=  1,win= 185,total=2158) (win 0.5% | avg 0.8% budget)
  enemy.cheap.segment_build        win=  0.054ms avg=  0.029ms p95=  0.099ms max=  0.359ms calls(last=  0,win=  64,total=2653) (win 0.3% | avg 0.2% budget)
  enemy.physics.frontal_pair_traverse win=  0.044ms avg=  0.023ms p95=  0.043ms max=  0.214ms calls(last=  0,win=  62,total=691) (win 0.3% | avg 0.1% budget)
  system.spawner_update            win=  0.040ms avg=  0.041ms p95=  0.042ms max=  0.453ms calls(last=  1,win= 123,total=4531) (win 0.2% | avg 0.2% budget)
  frame.input_poll                 win=  0.027ms avg=  0.027ms p95=  0.029ms max=  0.238ms calls(last=  1,win= 120,total=4440) (win 0.2% | avg 0.2% budget)
  system.player_update             win=  0.027ms avg=  0.022ms p95=  0.027ms max=  0.157ms calls(last=  1,win=  99,total=3809) (win 0.2% | avg 0.1% budget)
  system.physics_collision         win=  0.024ms avg=  0.025ms p95=  0.030ms max=  0.254ms calls(last=  1,win= 123,total=4531) (win 0.1% | avg 0.1% budget)
  enemy.type.torpedo               win=  0.013ms avg=  0.473ms p95=  0.642ms max=  1.476ms calls(last= 36,win=4428,total=148574) (win 0.1% | avg 2.8% budget)
[ENEMY_STATS] frame=4440 alive=72 visible=1 full=1 cheap=71 fullInBase=0 pairs(frontal=0 checks=0 separation=0 resolved=0)
[ENEMY_WINDOW] steps=123 alive[min=72 max=72] visible[min=1 max=1] full[min=1 max=2] collisionPasses[runs=61 skips=62]
[ENEMY_SEGMENTS] window=2.050s D{b/s=12.20 avgLen=4.58 fail=0} T{b/s=19.51 avgLen=7.24 fail=0} H{b/s=0.00 avgLen=0.00 fail=0} A{b/s=0.00 avgLen=0.00 fail=0}
[ENEMY_GRID] frontal{cand/s=59.5 xcell/s=1.0 ins/s=60.5} separation{cand/s=59.5}
[ENEMY_COLLISION_WINDOW] frontal{pairs/s=0.0 checks/s=0.0 baseSkip=0 kill=0(0.0%)} separation{pairs/s=0.0 resolved/s=0.0(0.0%) baseSkip=0 kill=0 wallBlock=0}
[ENEMY_NAV_CACHE] playerCell{changes=0 flowRebuilds=0} flow{hit=0 miss=0 hit%=0.0} pathFallback{calls=0 ok=0 ok%=0.0}
[ENEMY_SAP] updates=4392 active=122 pairs=0 repairs{x=0 y=0}
[ENEMY_PAIR_TYPES] frontal DD=0 DT=0 DH=0 DA=0 TT=0 TH=0 TA=0 HH=0 HA=0 AA=0 separation DD=0 DT=0 DH=0 DA=0 TT=0 TH=0 TA=0 HH=0 HA=0 AA=0
[TORPEDO_HEADING] eval/s=0.98 retreat/s=0.00 pick[straight=50.0% left=50.0% right=0.0%] clear[best=12.95 chosen=12.95]

[PROFILE] frame=4560 budget=16.667ms alloc(+106/-106, +204480b/-204480b, live=165208b peak=368392b)
  frame.total                      win= 17.178ms avg= 17.178ms p95= 18.553ms max= 86.798ms calls(last=  1,win= 120,total=4560) (win 103.1% | avg 103.1% budget)
  frame.render                     win= 12.255ms avg= 12.255ms p95= 12.901ms max= 86.758ms calls(last=  1,win= 120,total=4560) (win 73.5% | avg 73.5% budget)
  frame.present                    win= 12.248ms avg= 12.248ms p95= 12.893ms max= 86.752ms calls(last=  1,win= 120,total=4560) (win 73.5% | avg 73.5% budget)
  frame.fixed_step                 win=  4.724ms avg=  4.882ms p95=  7.013ms max= 20.249ms calls(last=  1,win= 124,total=4735) (win 28.3% | avg 29.3% budget)
  frame.render.world               win=  4.592ms avg=  9.184ms p95=  9.614ms max= 20.167ms calls(last=  2,win= 240,total=8966) (win 27.6% | avg 55.1% budget)
  frame.render.overlay             win=  3.048ms avg=  3.048ms p95=  3.713ms max=  6.090ms calls(last=  1,win= 120,total=4483) (win 18.3% | avg 18.3% budget)
  game.update                      win=  2.760ms avg=  2.852ms p95=  4.561ms max= 16.783ms calls(last=  1,win= 124,total=4655) (win 16.6% | avg 17.1% budget)
  system.ai_update                 win=  2.625ms avg=  2.712ms p95=  4.403ms max= 16.644ms calls(last=  1,win= 124,total=4655) (win 15.7% | avg 16.3% budget)
  enemy.update                     win=  2.619ms avg=  2.706ms p95=  4.395ms max= 16.639ms calls(last=  1,win= 124,total=4655) (win 15.7% | avg 16.2% budget)
  frame.render.world.enemies       win=  1.164ms avg=  1.164ms p95=  1.260ms max=  5.951ms calls(last=  1,win= 120,total=4483) (win 7.0% | avg 7.0% budget)
  frame.render.world.maze          win=  1.012ms avg=  1.012ms p95=  1.117ms max=  2.837ms calls(last=  1,win= 120,total=4483) (win 6.1% | avg 6.1% budget)
  frame.render.world.effects       win=  0.405ms avg=  0.405ms p95=  0.507ms max=  2.627ms calls(last=  1,win= 120,total=4483) (win 2.4% | avg 2.4% budget)
  enemy.torpedo.select_heading     win=  0.255ms avg=  0.004ms p95=  0.000ms max=  0.644ms calls(last=  0,win=   2,total=12) (win 1.5% | avg 0.0% budget)
  enemy.physics.frontal_collisions win=  0.248ms avg=  0.085ms p95=  0.242ms max=  0.835ms calls(last=  1,win=  41,total=732) (win 1.5% | avg 0.5% budget)
  enemy.physics.frontal_grid_build win=  0.182ms avg=  0.062ms p95=  0.176ms max=  0.688ms calls(last=  1,win=  41,total=732) (win 1.1% | avg 0.4% budget)
  enemy.ai.movement                win=  0.118ms avg=  0.162ms p95=  0.230ms max=  0.811ms calls(last=  2,win= 165,total=2323) (win 0.7% | avg 1.0% budget)
  enemy.ai.decision                win=  0.096ms avg=  0.132ms p95=  0.218ms max=  0.674ms calls(last=  2,win= 165,total=2323) (win 0.6% | avg 0.8% budget)
  enemy.cheap.segment_build        win=  0.058ms avg=  0.039ms p95=  0.102ms max=  0.359ms calls(last=  1,win=  81,total=2734) (win 0.3% | avg 0.2% budget)
  enemy.physics.frontal_pair_traverse win=  0.043ms avg=  0.015ms p95=  0.043ms max=  0.214ms calls(last=  1,win=  41,total=732) (win 0.3% | avg 0.1% budget)
  system.spawner_update            win=  0.041ms avg=  0.043ms p95=  0.042ms max=  0.453ms calls(last=  1,win= 124,total=4655) (win 0.2% | avg 0.3% budget)
  frame.input_poll                 win=  0.029ms avg=  0.029ms p95=  0.029ms max=  0.238ms calls(last=  1,win= 120,total=4560) (win 0.2% | avg 0.2% budget)
  system.player_update             win=  0.027ms avg=  0.028ms p95=  0.032ms max=  0.157ms calls(last=  1,win= 124,total=3933) (win 0.2% | avg 0.2% budget)
  system.physics_collision         win=  0.025ms avg=  0.026ms p95=  0.035ms max=  0.254ms calls(last=  1,win= 124,total=4655) (win 0.2% | avg 0.2% budget)
  enemy.type.torpedo               win=  0.012ms avg=  0.451ms p95=  0.625ms max=  1.476ms calls(last= 36,win=4464,total=153038) (win 0.1% | avg 2.7% budget)
[ENEMY_STATS] frame=4560 alive=72 visible=0 full=2 cheap=70 fullInBase=0 pairs(frontal=0 checks=0 separation=0 resolved=0)
[ENEMY_WINDOW] steps=124 alive[min=72 max=72] visible[min=0 max=1] full[min=1 max=2] collisionPasses[runs=42 skips=82]
[ENEMY_SEGMENTS] window=2.067s D{b/s=15.00 avgLen=5.55 fail=2} T{b/s=22.74 avgLen=6.45 fail=0} H{b/s=0.00 avgLen=0.00 fail=0} A{b/s=0.00 avgLen=0.00 fail=0}
[ENEMY_GRID] frontal{cand/s=40.6 xcell/s=1.0 ins/s=41.6} separation{cand/s=40.6}
[ENEMY_COLLISION_WINDOW] frontal{pairs/s=0.0 checks/s=0.0 baseSkip=0 kill=0(0.0%)} separation{pairs/s=0.0 resolved/s=0.0(0.0%) baseSkip=0 kill=0 wallBlock=0}
[ENEMY_NAV_CACHE] playerCell{changes=2 flowRebuilds=2} flow{hit=0 miss=0 hit%=0.0} pathFallback{calls=0 ok=0 ok%=0.0}
[ENEMY_SAP] updates=3024 active=84 pairs=0 repairs{x=0 y=0}
[ENEMY_PAIR_TYPES] frontal DD=0 DT=0 DH=0 DA=0 TT=0 TH=0 TA=0 HH=0 HA=0 AA=0 separation DD=0 DT=0 DH=0 DA=0 TT=0 TH=0 TA=0 HH=0 HA=0 AA=0
[TORPEDO_HEADING] eval/s=0.97 retreat/s=0.00 pick[straight=0.0% left=50.0% right=50.0%] clear[best=11.97 chosen=11.97]

[PROFILE] frame=4680 budget=16.667ms alloc(+106/-106, +204480b/-204480b, live=165208b peak=368392b)
  frame.total                      win= 17.530ms avg= 17.530ms p95= 20.843ms max= 86.798ms calls(last=  1,win= 120,total=4680) (win 105.2% | avg 105.2% budget)
  frame.render                     win= 12.018ms avg= 12.018ms p95= 12.685ms max= 86.758ms calls(last=  1,win= 120,total=4680) (win 72.1% | avg 72.1% budget)
  frame.present                    win= 12.010ms avg= 12.010ms p95= 12.678ms max= 86.752ms calls(last=  1,win= 120,total=4680) (win 72.1% | avg 72.1% budget)
  frame.fixed_step                 win=  5.170ms avg=  5.471ms p95=  9.652ms max= 20.249ms calls(last=  1,win= 127,total=4862) (win 31.0% | avg 32.8% budget)
  frame.render.world               win=  4.689ms avg=  9.377ms p95=  9.718ms max= 20.167ms calls(last=  2,win= 240,total=9206) (win 28.1% | avg 56.3% budget)
  game.update                      win=  3.204ms avg=  3.391ms p95=  5.756ms max= 16.783ms calls(last=  1,win= 127,total=4782) (win 19.2% | avg 20.3% budget)
  system.ai_update                 win=  3.068ms avg=  3.247ms p95=  5.496ms max= 16.644ms calls(last=  1,win= 127,total=4782) (win 18.4% | avg 19.5% budget)
  enemy.update                     win=  3.062ms avg=  3.241ms p95=  5.484ms max= 16.639ms calls(last=  1,win= 127,total=4782) (win 18.4% | avg 19.4% budget)
  frame.render.overlay             win=  3.037ms avg=  3.037ms p95=  3.657ms max=  6.090ms calls(last=  1,win= 120,total=4603) (win 18.2% | avg 18.2% budget)
  frame.render.world.enemies       win=  1.157ms avg=  1.157ms p95=  1.275ms max=  5.951ms calls(last=  1,win= 120,total=4603) (win 6.9% | avg 6.9% budget)
  frame.render.world.maze          win=  1.107ms avg=  1.107ms p95=  1.179ms max=  2.837ms calls(last=  1,win= 120,total=4603) (win 6.6% | avg 6.6% budget)
  frame.render.world.effects       win=  0.413ms avg=  0.413ms p95=  0.546ms max=  2.627ms calls(last=  1,win= 120,total=4603) (win 2.5% | avg 2.5% budget)
  enemy.torpedo.select_heading     win=  0.299ms avg=  0.005ms p95=  0.000ms max=  0.644ms calls(last=  0,win=   2,total=14) (win 1.8% | avg 0.0% budget)
  enemy.physics.frontal_collisions win=  0.247ms avg=  0.261ms p95=  0.474ms max=  0.835ms calls(last=  1,win= 127,total=859) (win 1.5% | avg 1.6% budget)
  enemy.physics.frontal_grid_build win=  0.180ms avg=  0.191ms p95=  0.345ms max=  0.688ms calls(last=  1,win= 127,total=859) (win 1.1% | avg 1.1% budget)
  enemy.ai.movement                win=  0.116ms avg=  0.246ms p95=  0.439ms max=  0.811ms calls(last=  2,win= 254,total=2577) (win 0.7% | avg 1.5% budget)
  enemy.ai.decision                win=  0.080ms avg=  0.169ms p95=  0.300ms max=  0.674ms calls(last=  2,win= 254,total=2577) (win 0.5% | avg 1.0% budget)
  enemy.cheap.segment_build        win=  0.053ms avg=  0.034ms p95=  0.099ms max=  0.359ms calls(last=  1,win=  77,total=2811) (win 0.3% | avg 0.2% budget)
  enemy.physics.frontal_pair_traverse win=  0.043ms avg=  0.045ms p95=  0.082ms max=  0.214ms calls(last=  1,win= 127,total=859) (win 0.3% | avg 0.3% budget)
  system.spawner_update            win=  0.041ms avg=  0.044ms p95=  0.079ms max=  0.453ms calls(last=  1,win= 127,total=4782) (win 0.2% | avg 0.3% budget)
  frame.input_poll                 win=  0.028ms avg=  0.028ms p95=  0.029ms max=  0.238ms calls(last=  1,win= 120,total=4680) (win 0.2% | avg 0.2% budget)
  system.physics_collision         win=  0.026ms avg=  0.028ms p95=  0.049ms max=  0.254ms calls(last=  1,win= 127,total=4782) (win 0.2% | avg 0.2% budget)
  system.player_update             win=  0.025ms avg=  0.027ms p95=  0.044ms max=  0.157ms calls(last=  1,win= 127,total=4060) (win 0.2% | avg 0.2% budget)
  enemy.type.torpedo               win=  0.015ms avg=  0.584ms p95=  0.971ms max=  1.476ms calls(last= 36,win=4572,total=157610) (win 0.1% | avg 3.5% budget)
[ENEMY_STATS] frame=4680 alive=72 visible=1 full=2 cheap=70 fullInBase=0 pairs(frontal=0 checks=0 separation=0 resolved=0)
[ENEMY_WINDOW] steps=127 alive[min=72 max=72] visible[min=0 max=1] full[min=2 max=2] collisionPasses[runs=127 skips=0]
[ENEMY_SEGMENTS] window=2.117s D{b/s=14.65 avgLen=5.46 fail=0} T{b/s=22.20 avgLen=6.00 fail=0} H{b/s=0.00 avgLen=0.00 fail=0} A{b/s=0.00 avgLen=0.00 fail=0}
[ENEMY_GRID] frontal{cand/s=120.0 xcell/s=1.4 ins/s=121.4} separation{cand/s=120.0}
[ENEMY_COLLISION_WINDOW] frontal{pairs/s=0.0 checks/s=0.0 baseSkip=0 kill=0(0.0%)} separation{pairs/s=0.0 resolved/s=0.0(0.0%) baseSkip=0 kill=0 wallBlock=0}
[ENEMY_NAV_CACHE] playerCell{changes=4 flowRebuilds=4} flow{hit=0 miss=0 hit%=0.0} pathFallback{calls=0 ok=0 ok%=0.0}
[ENEMY_SAP] updates=9144 active=254 pairs=0 repairs{x=0 y=0}
[ENEMY_PAIR_TYPES] frontal DD=0 DT=0 DH=0 DA=0 TT=0 TH=0 TA=0 HH=0 HA=0 AA=0 separation DD=0 DT=0 DH=0 DA=0 TT=0 TH=0 TA=0 HH=0 HA=0 AA=0
[TORPEDO_HEADING] eval/s=0.94 retreat/s=0.00 pick[straight=50.0% left=50.0% right=0.0%] clear[best=14.80 chosen=14.80]

[PROFILE] frame=4800 budget=16.667ms alloc(+111/-111, +212776b/-212776b, live=165208b peak=368392b)
  frame.total                      win= 17.333ms avg= 17.333ms p95= 20.450ms max= 86.798ms calls(last=  1,win= 120,total=4800) (win 104.0% | avg 104.0% budget)
  frame.render                     win= 11.978ms avg= 11.978ms p95= 12.686ms max= 86.758ms calls(last=  1,win= 120,total=4800) (win 71.9% | avg 71.9% budget)
  frame.present                    win= 11.970ms avg= 11.970ms p95= 12.679ms max= 86.752ms calls(last=  1,win= 120,total=4800) (win 71.8% | avg 71.8% budget)
  frame.fixed_step                 win=  5.103ms avg=  5.315ms p95=  9.454ms max= 20.249ms calls(last=  1,win= 125,total=4987) (win 30.6% | avg 31.9% budget)
  frame.render.world               win=  4.519ms avg=  9.039ms p95=  9.515ms max= 20.167ms calls(last=  2,win= 240,total=9446) (win 27.1% | avg 54.2% budget)
  game.update                      win=  3.142ms avg=  3.273ms p95=  5.596ms max= 16.783ms calls(last=  1,win= 125,total=4907) (win 18.9% | avg 19.6% budget)
  frame.render.overlay             win=  3.054ms avg=  3.054ms p95=  3.699ms max=  6.090ms calls(last=  1,win= 120,total=4723) (win 18.3% | avg 18.3% budget)
  system.ai_update                 win=  3.004ms avg=  3.129ms p95=  5.329ms max= 16.644ms calls(last=  1,win= 125,total=4907) (win 18.0% | avg 18.8% budget)
  enemy.update                     win=  2.998ms avg=  3.123ms p95=  5.320ms max= 16.639ms calls(last=  1,win= 125,total=4907) (win 18.0% | avg 18.7% budget)
  frame.render.world.enemies       win=  1.151ms avg=  1.151ms p95=  1.221ms max=  5.951ms calls(last=  1,win= 120,total=4723) (win 6.9% | avg 6.9% budget)
  frame.render.world.maze          win=  0.944ms avg=  0.944ms p95=  1.165ms max=  2.837ms calls(last=  1,win= 120,total=4723) (win 5.7% | avg 5.7% budget)
  frame.render.world.effects       win=  0.401ms avg=  0.401ms p95=  0.509ms max=  2.627ms calls(last=  1,win= 120,total=4723) (win 2.4% | avg 2.4% budget)
  enemy.torpedo.select_heading     win=  0.282ms avg=  0.005ms p95=  0.000ms max=  0.644ms calls(last=  0,win=   2,total=16) (win 1.7% | avg 0.0% budget)
  enemy.physics.frontal_collisions win=  0.247ms avg=  0.257ms p95=  0.410ms max=  0.835ms calls(last=  1,win= 125,total=984) (win 1.5% | avg 1.5% budget)
  enemy.physics.frontal_grid_build win=  0.180ms avg=  0.188ms p95=  0.340ms max=  0.688ms calls(last=  1,win= 125,total=984) (win 1.1% | avg 1.1% budget)
  enemy.ai.movement                win=  0.114ms avg=  0.237ms p95=  0.315ms max=  0.811ms calls(last=  2,win= 250,total=2827) (win 0.7% | avg 1.4% budget)
  enemy.ai.decision                win=  0.083ms avg=  0.174ms p95=  0.306ms max=  0.674ms calls(last=  2,win= 250,total=2827) (win 0.5% | avg 1.0% budget)
  enemy.cheap.segment_build        win=  0.052ms avg=  0.034ms p95=  0.110ms max=  0.359ms calls(last=  0,win=  79,total=2890) (win 0.3% | avg 0.2% budget)
  enemy.physics.frontal_pair_traverse win=  0.043ms avg=  0.045ms p95=  0.082ms max=  0.214ms calls(last=  1,win= 125,total=984) (win 0.3% | avg 0.3% budget)
  system.spawner_update            win=  0.042ms avg=  0.044ms p95=  0.076ms max=  0.453ms calls(last=  1,win= 125,total=4907) (win 0.3% | avg 0.3% budget)
  frame.input_poll                 win=  0.027ms avg=  0.027ms p95=  0.028ms max=  0.238ms calls(last=  1,win= 120,total=4800) (win 0.2% | avg 0.2% budget)
  system.player_update             win=  0.027ms avg=  0.028ms p95=  0.048ms max=  0.157ms calls(last=  1,win= 125,total=4185) (win 0.2% | avg 0.2% budget)
  system.physics_collision         win=  0.026ms avg=  0.028ms p95=  0.046ms max=  0.254ms calls(last=  1,win= 125,total=4907) (win 0.2% | avg 0.2% budget)
  enemy.type.torpedo               win=  0.016ms avg=  0.583ms p95=  0.785ms max=  1.476ms calls(last= 36,win=4500,total=162110) (win 0.1% | avg 3.5% budget)
[ENEMY_STATS] frame=4800 alive=72 visible=1 full=2 cheap=70 fullInBase=0 pairs(frontal=0 checks=0 separation=0 resolved=0)
[ENEMY_WINDOW] steps=125 alive[min=72 max=72] visible[min=1 max=1] full[min=2 max=2] collisionPasses[runs=125 skips=0]
[ENEMY_SEGMENTS] window=2.083s D{b/s=12.48 avgLen=4.60 fail=0} T{b/s=24.48 avgLen=5.72 fail=2} H{b/s=0.00 avgLen=0.00 fail=0} A{b/s=0.00 avgLen=0.00 fail=0}
[ENEMY_GRID] frontal{cand/s=120.0 xcell/s=1.4 ins/s=121.4} separation{cand/s=120.0}
[ENEMY_COLLISION_WINDOW] frontal{pairs/s=0.0 checks/s=0.0 baseSkip=0 kill=0(0.0%)} separation{pairs/s=0.0 resolved/s=0.0(0.0%) baseSkip=0 kill=0 wallBlock=0}
[ENEMY_NAV_CACHE] playerCell{changes=3 flowRebuilds=3} flow{hit=0 miss=0 hit%=0.0} pathFallback{calls=0 ok=0 ok%=0.0}
[ENEMY_SAP] updates=9000 active=250 pairs=0 repairs{x=0 y=1}
[ENEMY_PAIR_TYPES] frontal DD=0 DT=0 DH=0 DA=0 TT=0 TH=0 TA=0 HH=0 HA=0 AA=0 separation DD=0 DT=0 DH=0 DA=0 TT=0 TH=0 TA=0 HH=0 HA=0 AA=0
[TORPEDO_HEADING] eval/s=0.96 retreat/s=0.00 pick[straight=50.0% left=50.0% right=0.0%] clear[best=15.00 chosen=15.00]

[PROFILE] frame=4920 budget=16.667ms alloc(+101/-101, +203672b/-203672b, live=165208b peak=368392b)
  frame.total                      win= 17.462ms avg= 17.462ms p95= 20.504ms max= 86.798ms calls(last=  1,win= 120,total=4920) (win 104.8% | avg 104.8% budget)
  frame.render                     win= 12.270ms avg= 12.270ms p95= 12.770ms max= 86.758ms calls(last=  1,win= 120,total=4920) (win 73.6% | avg 73.6% budget)
  frame.present                    win= 12.263ms avg= 12.263ms p95= 12.763ms max= 86.752ms calls(last=  1,win= 120,total=4920) (win 73.6% | avg 73.6% budget)
  frame.fixed_step                 win=  4.869ms avg=  5.153ms p95=  9.414ms max= 20.249ms calls(last=  1,win= 127,total=5114) (win 29.2% | avg 30.9% budget)
  frame.render.world               win=  4.563ms avg=  9.126ms p95=  9.733ms max= 20.167ms calls(last=  2,win= 240,total=9686) (win 27.4% | avg 54.8% budget)
  frame.render.overlay             win=  3.038ms avg=  3.038ms p95=  3.720ms max=  6.090ms calls(last=  1,win= 120,total=4843) (win 18.2% | avg 18.2% budget)
  game.update                      win=  2.912ms avg=  3.081ms p95=  5.504ms max= 16.783ms calls(last=  1,win= 127,total=5034) (win 17.5% | avg 18.5% budget)
  system.ai_update                 win=  2.773ms avg=  2.935ms p95=  5.215ms max= 16.644ms calls(last=  1,win= 127,total=5034) (win 16.6% | avg 17.6% budget)
  enemy.update                     win=  2.767ms avg=  2.928ms p95=  5.205ms max= 16.639ms calls(last=  1,win= 127,total=5034) (win 16.6% | avg 17.6% budget)
  frame.render.world.enemies       win=  1.130ms avg=  1.130ms p95=  1.228ms max=  5.951ms calls(last=  1,win= 120,total=4843) (win 6.8% | avg 6.8% budget)
  frame.render.world.maze          win=  0.982ms avg=  0.982ms p95=  1.110ms max=  2.837ms calls(last=  1,win= 120,total=4843) (win 5.9% | avg 5.9% budget)
  frame.render.world.effects       win=  0.433ms avg=  0.433ms p95=  0.860ms max=  2.627ms calls(last=  1,win= 120,total=4843) (win 2.6% | avg 2.6% budget)
  enemy.torpedo.select_heading     win=  0.273ms avg=  0.005ms p95=  0.000ms max=  0.644ms calls(last=  0,win=   2,total=18) (win 1.6% | avg 0.0% budget)
  enemy.physics.frontal_collisions win=  0.243ms avg=  0.095ms p95=  0.275ms max=  0.835ms calls(last=  0,win=  47,total=1031) (win 1.5% | avg 0.6% budget)
  enemy.physics.frontal_grid_build win=  0.176ms avg=  0.069ms p95=  0.177ms max=  0.688ms calls(last=  0,win=  47,total=1031) (win 1.1% | avg 0.4% budget)
  enemy.ai.movement                win=  0.119ms avg=  0.172ms p95=  0.264ms max=  0.811ms calls(last=  1,win= 174,total=3001) (win 0.7% | avg 1.0% budget)
  enemy.ai.decision                win=  0.094ms avg=  0.136ms p95=  0.206ms max=  0.674ms calls(last=  1,win= 174,total=3001) (win 0.6% | avg 0.8% budget)
  enemy.cheap.segment_build        win=  0.050ms avg=  0.038ms p95=  0.101ms max=  0.359ms calls(last=  1,win=  91,total=2981) (win 0.3% | avg 0.2% budget)
  enemy.physics.frontal_pair_traverse win=  0.042ms avg=  0.016ms p95=  0.043ms max=  0.214ms calls(last=  0,win=  47,total=1031) (win 0.3% | avg 0.1% budget)
  system.spawner_update            win=  0.042ms avg=  0.044ms p95=  0.078ms max=  0.453ms calls(last=  1,win= 127,total=5034) (win 0.2% | avg 0.3% budget)
  system.physics_collision         win=  0.027ms avg=  0.029ms p95=  0.047ms max=  0.254ms calls(last=  1,win= 127,total=5034) (win 0.2% | avg 0.2% budget)
  frame.input_poll                 win=  0.027ms avg=  0.027ms p95=  0.028ms max=  0.238ms calls(last=  1,win= 120,total=4920) (win 0.2% | avg 0.2% budget)
  system.player_update             win=  0.026ms avg=  0.027ms p95=  0.040ms max=  0.157ms calls(last=  1,win= 127,total=4312) (win 0.2% | avg 0.2% budget)
  enemy.type.torpedo               win=  0.012ms avg=  0.470ms p95=  0.693ms max=  1.476ms calls(last= 36,win=4572,total=166682) (win 0.1% | avg 2.8% budget)
[ENEMY_STATS] frame=4920 alive=72 visible=0 full=1 cheap=71 fullInBase=0 pairs(frontal=0 checks=0 separation=0 resolved=0)
[ENEMY_WINDOW] steps=127 alive[min=72 max=72] visible[min=0 max=1] full[min=1 max=2] collisionPasses[runs=46 skips=81]
[ENEMY_SEGMENTS] window=2.117s D{b/s=15.12 avgLen=5.28 fail=0} T{b/s=25.98 avgLen=6.04 fail=3} H{b/s=0.00 avgLen=0.00 fail=0} A{b/s=0.00 avgLen=0.00 fail=0}
[ENEMY_GRID] frontal{cand/s=43.5 xcell/s=0.9 ins/s=44.4} separation{cand/s=43.5}
[ENEMY_COLLISION_WINDOW] frontal{pairs/s=0.0 checks/s=0.0 baseSkip=0 kill=0(0.0%)} separation{pairs/s=0.0 resolved/s=0.0(0.0%) baseSkip=0 kill=0 wallBlock=0}
[ENEMY_NAV_CACHE] playerCell{changes=4 flowRebuilds=4} flow{hit=0 miss=0 hit%=0.0} pathFallback{calls=0 ok=0 ok%=0.0}
[ENEMY_SAP] updates=3312 active=92 pairs=0 repairs{x=0 y=0}
[ENEMY_PAIR_TYPES] frontal DD=0 DT=0 DH=0 DA=0 TT=0 TH=0 TA=0 HH=0 HA=0 AA=0 separation DD=0 DT=0 DH=0 DA=0 TT=0 TH=0 TA=0 HH=0 HA=0 AA=0
[TORPEDO_HEADING] eval/s=0.94 retreat/s=0.00 pick[straight=100.0% left=0.0% right=0.0%] clear[best=15.00 chosen=15.00]

[PROFILE] frame=5040 budget=16.667ms alloc(+102/-102, +203712b/-203712b, live=165208b peak=368392b)
  frame.total                      win= 17.324ms avg= 17.324ms p95= 19.904ms max= 86.798ms calls(last=  1,win= 120,total=5040) (win 103.9% | avg 103.9% budget)
  frame.render                     win= 12.411ms avg= 12.411ms p95= 13.083ms max= 86.758ms calls(last=  1,win= 120,total=5040) (win 74.5% | avg 74.5% budget)
  frame.present                    win= 12.404ms avg= 12.404ms p95= 13.076ms max= 86.752ms calls(last=  1,win= 120,total=5040) (win 74.4% | avg 74.4% budget)
  frame.render.world               win=  4.812ms avg=  9.623ms p95= 10.106ms max= 20.167ms calls(last=  2,win= 240,total=9926) (win 28.9% | avg 57.7% budget)
  frame.fixed_step                 win=  4.641ms avg=  4.873ms p95=  8.519ms max= 20.249ms calls(last=  1,win= 126,total=5240) (win 27.8% | avg 29.2% budget)
  frame.render.overlay             win=  3.059ms avg=  3.059ms p95=  3.694ms max=  6.090ms calls(last=  1,win= 120,total=4963) (win 18.4% | avg 18.4% budget)
  game.update                      win=  2.688ms avg=  2.822ms p95=  4.732ms max= 16.783ms calls(last=  1,win= 126,total=5160) (win 16.1% | avg 16.9% budget)
  system.ai_update                 win=  2.550ms avg=  2.678ms p95=  4.478ms max= 16.644ms calls(last=  1,win= 126,total=5160) (win 15.3% | avg 16.1% budget)
  enemy.update                     win=  2.544ms avg=  2.671ms p95=  4.466ms max= 16.639ms calls(last=  1,win= 126,total=5160) (win 15.3% | avg 16.0% budget)
  frame.render.world.maze          win=  1.265ms avg=  1.265ms p95=  1.360ms max=  2.837ms calls(last=  1,win= 120,total=4963) (win 7.6% | avg 7.6% budget)
  frame.render.world.enemies       win=  1.135ms avg=  1.135ms p95=  1.220ms max=  5.951ms calls(last=  1,win= 120,total=4963) (win 6.8% | avg 6.8% budget)
  frame.render.world.effects       win=  0.396ms avg=  0.396ms p95=  0.477ms max=  2.627ms calls(last=  1,win= 120,total=4963) (win 2.4% | avg 2.4% budget)
  enemy.ai.movement                win=  0.123ms avg=  0.129ms p95=  0.189ms max=  0.811ms calls(last=  1,win= 126,total=3127) (win 0.7% | avg 0.8% budget)
  enemy.ai.decision                win=  0.103ms avg=  0.108ms p95=  0.151ms max=  0.674ms calls(last=  1,win= 126,total=3127) (win 0.6% | avg 0.7% budget)
  enemy.cheap.segment_build        win=  0.050ms avg=  0.034ms p95=  0.103ms max=  0.359ms calls(last=  1,win=  81,total=3062) (win 0.3% | avg 0.2% budget)
  system.spawner_update            win=  0.041ms avg=  0.043ms p95=  0.076ms max=  0.453ms calls(last=  1,win= 126,total=5160) (win 0.2% | avg 0.3% budget)
  frame.input_poll                 win=  0.027ms avg=  0.027ms p95=  0.028ms max=  0.238ms calls(last=  1,win= 120,total=5040) (win 0.2% | avg 0.2% budget)
  system.player_update             win=  0.027ms avg=  0.028ms p95=  0.043ms max=  0.157ms calls(last=  1,win= 126,total=4438) (win 0.2% | avg 0.2% budget)
  system.physics_collision         win=  0.026ms avg=  0.028ms p95=  0.052ms max=  0.254ms calls(last=  1,win= 126,total=5160) (win 0.2% | avg 0.2% budget)
  enemy.type.torpedo               win=  0.010ms avg=  0.392ms p95=  0.558ms max=  1.476ms calls(last= 36,win=4536,total=171218) (win 0.1% | avg 2.4% budget)
  enemy.ai.perception              win=  0.006ms avg=  0.006ms p95=  0.008ms max=  0.099ms calls(last=  1,win= 126,total=3127) (win 0.0% | avg 0.0% budget)
  enemy.ai.firing                  win=  0.005ms avg=  0.005ms p95=  0.007ms max=  0.066ms calls(last=  1,win= 126,total=3127) (win 0.0% | avg 0.0% budget)
  enemy.type.drone                 win=  0.004ms avg=  0.137ms p95=  0.207ms max=  1.201ms calls(last= 36,win=4536,total=165622) (win 0.0% | avg 0.8% budget)
  system.projectile_update         win=  0.003ms avg=  0.004ms p95=  0.004ms max=  0.043ms calls(last=  1,win= 126,total=5160) (win 0.0% | avg 0.0% budget)
[ENEMY_STATS] frame=5040 alive=72 visible=0 full=1 cheap=71 fullInBase=0 pairs(frontal=0 checks=0 separation=0 resolved=0)
[ENEMY_WINDOW] steps=126 alive[min=72 max=72] visible[min=0 max=0] full[min=1 max=1] collisionPasses[runs=0 skips=126]
[ENEMY_SEGMENTS] window=2.100s D{b/s=14.29 avgLen=4.92 fail=0} T{b/s=24.29 avgLen=6.01 fail=0} H{b/s=0.00 avgLen=0.00 fail=0} A{b/s=0.00 avgLen=0.00 fail=0}
[ENEMY_GRID] frontal{cand/s=0.0 xcell/s=0.0 ins/s=0.0} separation{cand/s=0.0}
[ENEMY_COLLISION_WINDOW] frontal{pairs/s=0.0 checks/s=0.0 baseSkip=0 kill=0(0.0%)} separation{pairs/s=0.0 resolved/s=0.0(0.0%) baseSkip=0 kill=0 wallBlock=0}
[ENEMY_NAV_CACHE] playerCell{changes=3 flowRebuilds=3} flow{hit=0 miss=0 hit%=0.0} pathFallback{calls=0 ok=0 ok%=0.0}
[ENEMY_SAP] updates=0 active=0 pairs=0 repairs{x=0 y=0}
[ENEMY_PAIR_TYPES] frontal DD=0 DT=0 DH=0 DA=0 TT=0 TH=0 TA=0 HH=0 HA=0 AA=0 separation DD=0 DT=0 DH=0 DA=0 TT=0 TH=0 TA=0 HH=0 HA=0 AA=0

[PROFILE] frame=5160 budget=16.667ms alloc(+102/-102, +203712b/-203712b, live=165208b peak=368392b)
  frame.total                      win= 17.218ms avg= 17.218ms p95= 17.852ms max= 86.798ms calls(last=  1,win= 120,total=5160) (win 103.3% | avg 103.3% budget)
  frame.render                     win= 12.433ms avg= 12.433ms p95= 13.014ms max= 86.758ms calls(last=  1,win= 120,total=5160) (win 74.6% | avg 74.6% budget)
  frame.present                    win= 12.426ms avg= 12.426ms p95= 13.006ms max= 86.752ms calls(last=  1,win= 120,total=5160) (win 74.6% | avg 74.6% budget)
  frame.render.world               win=  4.760ms avg=  9.519ms p95=  9.908ms max= 20.167ms calls(last=  2,win= 240,total=10166) (win 28.6% | avg 57.1% budget)
  frame.fixed_step                 win=  4.591ms avg=  4.744ms p95=  4.816ms max= 20.249ms calls(last=  1,win= 124,total=5364) (win 27.5% | avg 28.5% budget)
  frame.render.overlay             win=  3.056ms avg=  3.056ms p95=  3.884ms max=  6.090ms calls(last=  1,win= 120,total=5083) (win 18.3% | avg 18.3% budget)
  game.update                      win=  2.620ms avg=  2.707ms p95=  2.845ms max= 16.783ms calls(last=  1,win= 124,total=5284) (win 15.7% | avg 16.2% budget)
  system.ai_update                 win=  2.484ms avg=  2.567ms p95=  2.713ms max= 16.644ms calls(last=  1,win= 124,total=5284) (win 14.9% | avg 15.4% budget)
  enemy.update                     win=  2.477ms avg=  2.559ms p95=  2.706ms max= 16.639ms calls(last=  1,win= 124,total=5284) (win 14.9% | avg 15.4% budget)
  frame.render.world.maze          win=  1.179ms avg=  1.179ms p95=  1.292ms max=  2.837ms calls(last=  1,win= 120,total=5083) (win 7.1% | avg 7.1% budget)
  frame.render.world.enemies       win=  1.166ms avg=  1.166ms p95=  1.411ms max=  5.951ms calls(last=  1,win= 120,total=5083) (win 7.0% | avg 7.0% budget)
  frame.render.world.effects       win=  0.413ms avg=  0.413ms p95=  0.525ms max=  2.627ms calls(last=  1,win= 120,total=5083) (win 2.5% | avg 2.5% budget)
  enemy.torpedo.select_heading     win=  0.350ms avg=  0.006ms p95=  0.000ms max=  0.644ms calls(last=  0,win=   2,total=20) (win 2.1% | avg 0.0% budget)
  enemy.ai.movement                win=  0.123ms avg=  0.127ms p95=  0.169ms max=  0.811ms calls(last=  1,win= 124,total=3251) (win 0.7% | avg 0.8% budget)
  enemy.ai.decision                win=  0.114ms avg=  0.117ms p95=  0.181ms max=  0.674ms calls(last=  1,win= 124,total=3251) (win 0.7% | avg 0.7% budget)
  enemy.cheap.segment_build        win=  0.050ms avg=  0.033ms p95=  0.103ms max=  0.359ms calls(last=  1,win=  79,total=3141) (win 0.3% | avg 0.2% budget)
  system.spawner_update            win=  0.040ms avg=  0.042ms p95=  0.043ms max=  0.453ms calls(last=  1,
                                                                                                          win= 124,total=5284) (win 0.2% | avg 0.3% budget)
  frame.input_poll                 win=  0.028ms avg=  0.028ms p95=  0.029ms max=  0.238ms calls(last=  1,win= 120,total=5160) (win 0.2% | avg 0.2% budget)
  system.player_update             win=  0.027ms avg=  0.028ms p95=  0.043ms max=  0.157ms calls(last=  1,win= 124,total=4562) (win 0.2% | avg 0.2% budget)
  system.physics_collision         win=  0.026ms avg=  0.027ms p95=  0.033ms max=  0.254ms calls(last=  1,win= 124,total=5284) (win 0.2% | avg 0.2% budget)
  enemy.type.torpedo               win=  0.011ms avg=  0.397ms p95=  0.575ms max=  1.476ms calls(last= 36,win=4464,total=175682) (win 0.1% | avg 2.4% budget)
  enemy.ai.perception              win=  0.006ms avg=  0.006ms p95=  0.007ms max=  0.099ms calls(last=  1,win= 124,total=3251) (win 0.0% | avg 0.0% budget)
  enemy.ai.firing                  win=  0.006ms avg=  0.006ms p95=  0.006ms max=  0.066ms calls(last=  1,win= 124,total=3251) (win 0.0% | avg 0.0% budget)
  enemy.type.drone                 win=  0.004ms avg=  0.135ms p95=  0.225ms max=  1.201ms calls(last= 36,win=4464,total=170086) (win 0.0% | avg 0.8% budget)
[ENEMY_STATS] frame=5160 alive=72 visible=1 full=1 cheap=71 fullInBase=0 pairs(frontal=0 checks=0 separation=0 resolved=0)
[ENEMY_WINDOW] steps=124 alive[min=72 max=72] visible[min=0 max=1] full[min=1 max=1] collisionPasses[runs=0 skips=124]
[ENEMY_SEGMENTS] window=2.067s D{b/s=14.52 avgLen=4.72 fail=0} T{b/s=23.71 avgLen=6.06 fail=0} H{b/s=0.00 avgLen=0.00 fail=0} A{b/s=0.00 avgLen=0.00 fail=0}
[ENEMY_GRID] frontal{cand/s=0.0 xcell/s=0.0 ins/s=0.0} separation{cand/s=0.0}
[ENEMY_COLLISION_WINDOW] frontal{pairs/s=0.0 checks/s=0.0 baseSkip=0 kill=0(0.0%)} separation{pairs/s=0.0 resolved/s=0.0(0.0%) baseSkip=0 kill=0 wallBlock=0}
[ENEMY_NAV_CACHE] playerCell{changes=2 flowRebuilds=2} flow{hit=0 miss=0 hit%=0.0} pathFallback{calls=0 ok=0 ok%=0.0}
[ENEMY_SAP] updates=0 active=0 pairs=0 repairs{x=0 y=0}
[ENEMY_PAIR_TYPES] frontal DD=0 DT=0 DH=0 DA=0 TT=0 TH=0 TA=0 HH=0 HA=0 AA=0 separation DD=0 DT=0 DH=0 DA=0 TT=0 TH=0 TA=0 HH=0 HA=0 AA=0
[TORPEDO_HEADING] eval/s=0.97 retreat/s=0.00 pick[straight=0.0% left=50.0% right=50.0%] clear[best=15.00 chosen=15.00]

[PROFILE] frame=5280 budget=16.667ms alloc(+101/-101, +203672b/-203672b, live=165208b peak=368392b)
  frame.total                      win= 17.444ms avg= 17.444ms p95= 20.643ms max= 86.798ms calls(last=  1,win= 120,total=5280) (win 104.7% | avg 104.7% budget)
  frame.render                     win= 12.419ms avg= 12.419ms p95= 13.081ms max= 86.758ms calls(last=  1,win= 120,total=5280) (win 74.5% | avg 74.5% budget)
  frame.present                    win= 12.412ms avg= 12.412ms p95= 13.074ms max= 86.752ms calls(last=  1,win= 120,total=5280) (win 74.5% | avg 74.5% budget)
  frame.render.world               win=  4.713ms avg=  9.425ms p95=  9.833ms max= 20.167ms calls(last=  2,win= 240,total=10406) (win 28.3% | avg 56.6% budget)
  frame.fixed_step                 win=  4.711ms avg=  4.985ms p95=  8.794ms max= 20.249ms calls(last=  1,win= 127,total=5491) (win 28.3% | avg 29.9% budget)
  frame.render.overlay             win=  3.035ms avg=  3.035ms p95=  3.677ms max=  6.090ms calls(last=  1,win= 120,total=5203) (win 18.2% | avg 18.2% budget)
  game.update                      win=  2.753ms avg=  2.914ms p95=  4.837ms max= 16.783ms calls(last=  1,win= 127,total=5411) (win 16.5% | avg 17.5% budget)
  system.ai_update                 win=  2.620ms avg=  2.772ms p95=  4.579ms max= 16.644ms calls(last=  1,win= 127,total=5411) (win 15.7% | avg 16.6% budget)
  enemy.update                     win=  2.613ms avg=  2.765ms p95=  4.568ms max= 16.639ms calls(last=  1,win= 127,total=5411) (win 15.7% | avg 16.6% budget)
  frame.render.world.maze          win=  1.170ms avg=  1.170ms p95=  1.371ms max=  3.174ms calls(last=  1,win= 120,total=5203) (win 7.0% | avg 7.0% budget)
  frame.render.world.enemies       win=  1.147ms avg=  1.147ms p95=  1.257ms max=  5.951ms calls(last=  1,win= 120,total=5203) (win 6.9% | avg 6.9% budget)
  frame.render.world.effects       win=  0.388ms avg=  0.388ms p95=  0.487ms max=  2.627ms calls(last=  1,win= 120,total=5203) (win 2.3% | avg 2.3% budget)
  enemy.torpedo.select_heading     win=  0.288ms avg=  0.002ms p95=  0.000ms max=  0.644ms calls(last=  0,win=   1,total=21) (win 1.7% | avg 0.0% budget)
  enemy.ai.movement                win=  0.122ms avg=  0.129ms p95=  0.232ms max=  0.811ms calls(last=  1,win= 127,total=3378) (win 0.7% | avg 0.8% budget)
  enemy.ai.decision                win=  0.112ms avg=  0.119ms p95=  0.177ms max=  0.674ms calls(last=  1,win= 127,total=3378) (win 0.7% | avg 0.7% budget)
  enemy.cheap.segment_build        win=  0.054ms avg=  0.034ms p95=  0.102ms max=  0.359ms calls(last=  2,win=  75,total=3216) (win 0.3% | avg 0.2% budget)
  system.spawner_update            win=  0.040ms avg=  0.042ms p95=  0.076ms max=  0.453ms calls(last=  1,win= 127,total=5411) (win 0.2% | avg 0.3% budget)
  frame.input_poll                 win=  0.027ms avg=  0.027ms p95=  0.028ms max=  0.238ms calls(last=  1,win= 120,total=5280) (win 0.2% | avg 0.2% budget)
  system.player_update             win=  0.027ms avg=  0.029ms p95=  0.045ms max=  0.157ms calls(last=  1,win= 127,total=4689) (win 0.2% | avg 0.2% budget)
  system.physics_collision         win=  0.024ms avg=  0.026ms p95=  0.044ms max=  0.254ms calls(last=  1,win= 127,total=5411) (win 0.1% | avg 0.2% budget)
  enemy.type.torpedo               win=  0.011ms avg=  0.402ms p95=  0.724ms max=  1.476ms calls(last= 36,win=4572,total=180254) (win 0.1% | avg 2.4% budget)
  enemy.ai.perception              win=  0.006ms avg=  0.006ms p95=  0.011ms max=  0.099ms calls(last=  1,win= 127,total=3378) (win 0.0% | avg 0.0% budget)
  enemy.ai.firing                  win=  0.005ms avg=  0.006ms p95=  0.009ms max=  0.066ms calls(last=  1,win= 127,total=3378) (win 0.0% | avg 0.0% budget)
  enemy.type.drone                 win=  0.004ms avg=  0.141ms p95=  0.241ms max=  1.201ms calls(last= 36,win=4572,total=174658) (win 0.0% | avg 0.8% budget)
[ENEMY_STATS] frame=5280 alive=72 visible=0 full=1 cheap=71 fullInBase=0 pairs(frontal=0 checks=0 separation=0 resolved=0)
[ENEMY_WINDOW] steps=127 alive[min=72 max=72] visible[min=0 max=1] full[min=1 max=1] collisionPasses[runs=0 skips=127]
[ENEMY_SEGMENTS] window=2.117s D{b/s=15.12 avgLen=5.13 fail=0} T{b/s=20.31 avgLen=6.49 fail=0} H{b/s=0.00 avgLen=0.00 fail=0} A{b/s=0.00 avgLen=0.00 fail=0}
[ENEMY_GRID] frontal{cand/s=0.0 xcell/s=0.0 ins/s=0.0} separation{cand/s=0.0}
[ENEMY_COLLISION_WINDOW] frontal{pairs/s=0.0 checks/s=0.0 baseSkip=0 kill=0(0.0%)} separation{pairs/s=0.0 resolved/s=0.0(0.0%) baseSkip=0 kill=0 wallBlock=0}
[ENEMY_NAV_CACHE] playerCell{changes=4 flowRebuilds=4} flow{hit=0 miss=0 hit%=0.0} pathFallback{calls=0 ok=0 ok%=0.0}
[ENEMY_SAP] updates=0 active=0 pairs=0 repairs{x=0 y=0}
[ENEMY_PAIR_TYPES] frontal DD=0 DT=0 DH=0 DA=0 TT=0 TH=0 TA=0 HH=0 HA=0 AA=0 separation DD=0 DT=0 DH=0 DA=0 TT=0 TH=0 TA=0 HH=0 HA=0 AA=0
[TORPEDO_HEADING] eval/s=0.47 retreat/s=0.00 pick[straight=100.0% left=0.0% right=0.0%] clear[best=14.03 chosen=14.03]

[PROFILE] frame=5400 budget=16.667ms alloc(+99/-99, +203608b/-203608b, live=165208b peak=368392b)
  frame.total                      win= 17.319ms avg= 17.319ms p95= 19.737ms max= 86.798ms calls(last=  1,win= 120,total=5400) (win 103.9% | avg 103.9% budget)
  frame.render                     win= 12.484ms avg= 12.484ms p95= 13.038ms max= 86.758ms calls(last=  1,win= 120,total=5400) (win 74.9% | avg 74.9% budget)
  frame.present                    win= 12.476ms avg= 12.476ms p95= 13.030ms max= 86.752ms calls(last=  1,win= 120,total=5400) (win 74.9% | avg 74.9% budget)
  frame.fixed_step                 win=  4.604ms avg=  4.796ms p95=  8.429ms max= 20.249ms calls(last=  1,win= 125,total=5616) (win 27.6% | avg 28.8% budget)
  frame.render.world               win=  4.552ms avg=  9.104ms p95=  9.487ms max= 20.167ms calls(last=  2,win= 240,total=10646) (win 27.3% | avg 54.6% budget)
  frame.render.overlay             win=  3.022ms avg=  3.022ms p95=  3.646ms max=  6.090ms calls(last=  1,win= 120,total=5323) (win 18.1% | avg 18.1% budget)
  game.update                      win=  2.631ms avg=  2.741ms p95=  4.550ms max= 16.783ms calls(last=  1,win= 125,total=5536) (win 15.8% | avg 16.4% budget)
  system.ai_update                 win=  2.497ms avg=  2.601ms p95=  4.298ms max= 16.644ms calls(last=  1,win= 125,total=5536) (win 15.0% | avg 15.6% budget)
  enemy.update                     win=  2.491ms avg=  2.595ms p95=  4.288ms max= 16.639ms calls(last=  1,win= 125,total=5536) (win 14.9% | avg 15.6% budget)
  frame.render.world.enemies       win=  1.113ms avg=  1.113ms p95=  1.191ms max=  5.951ms calls(last=  1,win= 120,total=5323) (win 6.7% | avg 6.7% budget)
  frame.render.world.maze          win=  1.045ms avg=  1.045ms p95=  1.140ms max=  3.174ms calls(last=  1,win= 120,total=5323) (win 6.3% | avg 6.3% budget)
  frame.render.world.effects       win=  0.384ms avg=  0.384ms p95=  0.471ms max=  2.627ms calls(last=  1,win= 120,total=5323) (win 2.3% | avg 2.3% budget)
  enemy.ai.movement                win=  0.119ms avg=  0.074ms p95=  0.121ms max=  0.811ms calls(last=  1,win=  74,total=3452) (win 0.7% | avg 0.4% budget)
  enemy.ai.decision                win=  0.091ms avg=  0.056ms p95=  0.118ms max=  0.674ms calls(last=  1,win=  74,total=3452) (win 0.5% | avg 0.3% budget)
  enemy.cheap.segment_build        win=  0.057ms avg=  0.039ms p95=  0.100ms max=  0.359ms calls(last=  1,win=  81,total=3297) (win 0.3% | avg 0.2% budget)
  system.spawner_update            win=  0.041ms avg=  0.042ms p95=  0.075ms max=  0.453ms calls(last=  1,win= 125,total=5536) (win 0.2% | avg 0.3% budget)
  frame.input_poll                 win=  0.027ms avg=  0.027ms p95=  0.028ms max=  0.238ms calls(last=  1,win= 120,total=5400) (win 0.2% | avg 0.2% budget)
  system.player_update             win=  0.026ms avg=  0.027ms p95=  0.033ms max=  0.157ms calls(last=  1,win= 125,total=4814) (win 0.2% | avg 0.2% budget)
  system.physics_collision         win=  0.026ms avg=  0.027ms p95=  0.043ms max=  0.254ms calls(last=  1,win= 125,total=5536) (win 0.2% | avg 0.2% budget)
  enemy.type.torpedo               win=  0.007ms avg=  0.250ms p95=  0.423ms max=  1.476ms calls(last= 36,win=4500,total=184754) (win 0.0% | avg 1.5% budget)
  enemy.ai.perception              win=  0.006ms avg=  0.004ms p95=  0.007ms max=  0.099ms calls(last=  1,win=  74,total=3452) (win 0.0% | avg 0.0% budget)
  enemy.ai.firing                  win=  0.005ms avg=  0.003ms p95=  0.006ms max=  0.066ms calls(last=  1,win=  74,total=3452) (win 0.0% | avg 0.0% budget)
  enemy.type.drone                 win=  0.004ms avg=  0.162ms p95=  0.338ms max=  1.201ms calls(last= 36,win=4500,total=179158) (win 0.0% | avg 1.0% budget)
  system.projectile_update         win=  0.003ms avg=  0.004ms p95=  0.004ms max=  0.043ms calls(last=  1,win= 125,total=5536) (win 0.0% | avg 0.0% budget)
[ENEMY_STATS] frame=5400 alive=72 visible=0 full=1 cheap=71 fullInBase=0 pairs(frontal=0 checks=0 separation=0 resolved=0)
[ENEMY_WINDOW] steps=125 alive[min=72 max=72] visible[min=0 max=0] full[min=0 max=1] collisionPasses[runs=0 skips=125]
[ENEMY_SEGMENTS] window=2.083s D{b/s=15.84 avgLen=4.21 fail=0} T{b/s=24.00 avgLen=6.88 fail=0} H{b/s=0.00 avgLen=0.00 fail=0} A{b/s=0.00 avgLen=0.00 fail=0}
[ENEMY_GRID] frontal{cand/s=0.0 xcell/s=0.0 ins/s=0.0} separation{cand/s=0.0}
[ENEMY_COLLISION_WINDOW] frontal{pairs/s=0.0 checks/s=0.0 baseSkip=0 kill=0(0.0%)} separation{pairs/s=0.0 resolved/s=0.0(0.0%) baseSkip=0 kill=0 wallBlock=0}
[ENEMY_NAV_CACHE] playerCell{changes=4 flowRebuilds=4} flow{hit=0 miss=0 hit%=0.0} pathFallback{calls=0 ok=0 ok%=0.0}
[ENEMY_SAP] updates=0 active=0 pairs=0 repairs{x=0 y=0}
[ENEMY_PAIR_TYPES] frontal DD=0 DT=0 DH=0 DA=0 TT=0 TH=0 TA=0 HH=0 HA=0 AA=0 separation DD=0 DT=0 DH=0 DA=0 TT=0 TH=0 TA=0 HH=0 HA=0 AA=0

[PROFILE] frame=5520 budget=16.667ms alloc(+105/-105, +204440b/-204440b, live=165208b peak=368392b)
  frame.total                      win= 17.258ms avg= 17.258ms p95= 19.638ms max= 86.798ms calls(last=  1,win= 120,total=5520) (win 103.5% | avg 103.5% budget)
  frame.render                     win= 12.258ms avg= 12.258ms p95= 12.916ms max= 86.758ms calls(last=  1,win= 120,total=5520) (win 73.5% | avg 73.5% budget)
  frame.present                    win= 12.251ms avg= 12.251ms p95= 12.909ms max= 86.752ms calls(last=  1,win= 120,total=5520) (win 73.5% | avg 73.5% budget)
  frame.fixed_step                 win=  4.761ms avg=  4.959ms p95=  8.513ms max= 20.249ms calls(last=  1,win= 125,total=5741) (win 28.6% | avg 29.8% budget)
  frame.render.world               win=  4.669ms avg=  9.338ms p95=  9.789ms max= 20.167ms calls(last=  2,win= 240,total=10886) (win 28.0% | avg 56.0% budget)
  frame.render.overlay             win=  3.039ms avg=  3.039ms p95=  3.766ms max=  6.090ms calls(last=  1,win= 120,total=5443) (win 18.2% | avg 18.2% budget)
  game.update                      win=  2.804ms avg=  2.921ms p95=  4.572ms max= 16.783ms calls(last=  1,win= 125,total=5661) (win 16.8% | avg 17.5% budget)
  system.ai_update                 win=  2.668ms avg=  2.780ms p95=  4.321ms max= 16.644ms calls(last=  1,win= 125,total=5661) (win 16.0% | avg 16.7% budget)
  enemy.update                     win=  2.662ms avg=  2.773ms p95=  4.310ms max= 16.639ms calls(last=  1,win= 125,total=5661) (win 16.0% | avg 16.6% budget)
  frame.render.world.enemies       win=  1.131ms avg=  1.131ms p95=  1.215ms max=  5.951ms calls(last=  1,win= 120,total=5443) (win 6.8% | avg 6.8% budget)
  frame.render.world.maze          win=  1.098ms avg=  1.098ms p95=  1.203ms max=  3.174ms calls(last=  1,win= 120,total=5443) (win 6.6% | avg 6.6% budget)
  enemy.torpedo.select_heading     win=  0.389ms avg=  0.006ms p95=  0.000ms max=  0.644ms calls(last=  0,win=   2,total=23) (win 2.3% | avg 0.0% budget)
  frame.render.world.effects       win=  0.389ms avg=  0.389ms p95=  0.518ms max=  2.627ms calls(last=  1,win= 120,total=5443) (win 2.3% | avg 2.3% budget)
  enemy.physics.frontal_collisions win=  0.248ms avg=  0.155ms p95=  0.301ms max=  0.835ms calls(last=  1,win=  75,total=1106) (win 1.5% | avg 0.9% budget)
  enemy.physics.frontal_grid_build win=  0.179ms avg=  0.112ms p95=  0.232ms max=  0.688ms calls(last=  1,win=  75,total=1106) (win 1.1% | avg 0.7% budget)
  enemy.ai.movement                win=  0.114ms avg=  0.189ms p95=  0.232ms max=  0.811ms calls(last=  2,win= 200,total=3652) (win 0.7% | avg 1.1% budget)
  enemy.ai.decision                win=  0.062ms avg=  0.104ms p95=  0.181ms max=  0.674ms calls(last=  2,win= 200,total=3652) (win 0.4% | avg 0.6% budget)
  enemy.cheap.segment_build        win=  0.054ms avg=  0.035ms p95=  0.108ms max=  0.359ms calls(last=  1,win=  77,total=3374) (win 0.3% | avg 0.2% budget)
  enemy.physics.frontal_pair_traverse win=  0.045ms avg=  0.028ms p95=  0.046ms max=  0.214ms calls(last=  1,win=  75,total=1106) (win 0.3% | avg 0.2% budget)
  system.spawner_update            win=  0.042ms avg=  0.044ms p95=  0.078ms max=  0.453ms calls(last=  1,win= 125,total=5661) (win 0.3% | avg 0.3% budget)
  frame.input_poll                 win=  0.027ms avg=  0.027ms p95=  0.028ms max=  0.238ms calls(last=  1,win= 120,total=5520) (win 0.2% | avg 0.2% budget)
  system.player_update             win=  0.026ms avg=  0.027ms p95=  0.044ms max=  0.157ms calls(last=  1,win= 125,total=4939) (win 0.2% | avg 0.2% budget)
  system.physics_collision         win=  0.025ms avg=  0.027ms p95=  0.044ms max=  0.254ms calls(last=  1,win= 125,total=5661) (win 0.2% | avg 0.2% budget)
  enemy.type.torpedo               win=  0.008ms avg=  0.297ms p95=  0.473ms max=  1.476ms calls(last= 36,win=4500,total=189254) (win 0.0% | avg 1.8% budget)
[ENEMY_STATS] frame=5520 alive=72 visible=1 full=2 cheap=70 fullInBase=0 pairs(frontal=0 checks=0 separation=0 resolved=0)
[ENEMY_WINDOW] steps=125 alive[min=72 max=72] visible[min=0 max=1] full[min=1 max=2] collisionPasses[runs=76 skips=49]
[ENEMY_SEGMENTS] window=2.083s D{b/s=15.36 avgLen=4.42 fail=0} T{b/s=21.60 avgLen=6.24 fail=0} H{b/s=0.00 avgLen=0.00 fail=0} A{b/s=0.00 avgLen=0.00 fail=0}
[ENEMY_GRID] frontal{cand/s=73.0 xcell/s=0.5 ins/s=73.4} separation{cand/s=73.0}
[ENEMY_COLLISION_WINDOW] frontal{pairs/s=0.0 checks/s=0.0 baseSkip=0 kill=0(0.0%)} separation{pairs/s=0.0 resolved/s=0.0(0.0%) baseSkip=0 kill=0 wallBlock=0}
[ENEMY_NAV_CACHE] playerCell{changes=2 flowRebuilds=2} flow{hit=0 miss=0 hit%=0.0} pathFallback{calls=0 ok=0 ok%=0.0}
[ENEMY_SAP] updates=5472 active=152 pairs=0 repairs{x=91 y=91}
[ENEMY_PAIR_TYPES] frontal DD=0 DT=0 DH=0 DA=0 TT=0 TH=0 TA=0 HH=0 HA=0 AA=0 separation DD=0 DT=0 DH=0 DA=0 TT=0 TH=0 TA=0 HH=0 HA=0 AA=0
[TORPEDO_HEADING] eval/s=0.96 retreat/s=0.00 pick[straight=50.0% left=0.0% right=50.0%] clear[best=14.86 chosen=14.86]

[PROFILE] frame=5640 budget=16.667ms alloc(+105/-105, +204440b/-204440b, live=165208b peak=368392b)
  frame.total                      win= 17.441ms avg= 17.441ms p95= 20.619ms max= 86.798ms calls(last=  1,win= 120,total=5640) (win 104.6% | avg 104.6% budget)
  frame.render                     win= 12.042ms avg= 12.042ms p95= 12.699ms max= 86.758ms calls(last=  1,win= 120,total=5640) (win 72.3% | avg 72.3% budget)
  frame.present                    win= 12.035ms avg= 12.035ms p95= 12.693ms max= 86.752ms calls(last=  1,win= 120,total=5640) (win 72.2% | avg 72.2% budget)
  frame.fixed_step                 win=  5.103ms avg=  5.358ms p95=  9.412ms max= 20.249ms calls(last=  1,win= 126,total=5867) (win 30.6% | avg 32.1% budget)
  frame.render.world               win=  4.530ms avg=  9.061ms p95=  9.504ms max= 20.167ms calls(last=  2,win= 240,total=11126) (win 27.2% | avg 54.4% budget)
  game.update                      win=  3.135ms avg=  3.292ms p95=  5.595ms max= 16.783ms calls(last=  1,win= 126,total=5787) (win 18.8% | avg 19.8% budget)
  frame.render.overlay             win=  3.033ms avg=  3.033ms p95=  3.686ms max=  6.090ms calls(last=  1,win= 120,total=5563) (win 18.2% | avg 18.2% budget)
  system.ai_update                 win=  2.998ms avg=  3.147ms p95=  5.345ms max= 16.644ms calls(last=  1,win= 126,total=5787) (win 18.0% | avg 18.9% budget)
  enemy.update                     win=  2.992ms avg=  3.141ms p95=  5.334ms max= 16.639ms calls(last=  1,win= 126,total=5787) (win 18.0% | avg 18.8% budget)
  frame.render.world.enemies       win=  1.189ms avg=  1.189ms p95=  1.371ms max=  5.951ms calls(last=  1,win= 120,total=5563) (win 7.1% | avg 7.1% budget)
  frame.render.world.maze          win=  0.930ms avg=  0.930ms p95=  1.039ms max=  3.174ms calls(last=  1,win= 120,total=5563) (win 5.6% | avg 5.6% budget)
  frame.render.world.effects       win=  0.420ms avg=  0.420ms p95=  0.570ms max=  2.627ms calls(last=  1,win= 120,total=5563) (win 2.5% | avg 2.5% budget)
  enemy.torpedo.select_heading     win=  0.329ms avg=  0.008ms p95=  0.000ms max=  0.644ms calls(last=  0,win=   3,total=26) (win 2.0% | avg 0.0% budget)
  enemy.physics.frontal_collisions win=  0.247ms avg=  0.259ms p95=  0.366ms max=  0.835ms calls(last=  1,win= 126,total=1232) (win 1.5% | avg 1.6% budget)
  enemy.physics.frontal_grid_build win=  0.178ms avg=  0.187ms p95=  0.244ms max=  0.688ms calls(last=  1,win= 126,total=1232) (win 1.1% | avg 1.1% budget)
  enemy.ai.movement                win=  0.096ms avg=  0.201ms p95=  0.295ms max=  0.811ms calls(last=  2,win= 252,total=3904) (win 0.6% | avg 1.2% budget)
  enemy.ai.decision                win=  0.074ms avg=  0.155ms p95=  0.264ms max=  0.674ms calls(last=  2,win= 252,total=3904) (win 0.4% | avg 0.9% budget)
  enemy.cheap.segment_build        win=  0.050ms avg=  0.031ms p95=  0.104ms max=  0.359ms calls(last=  1,win=  75,total=3449) (win 0.3% | avg 0.2% budget)
  enemy.physics.frontal_pair_traverse win=  0.044ms avg=  0.046ms p95=  0.081ms max=  0.214ms calls(last=  1,win= 126,total=1232) (win 0.3% | avg 0.3% budget)
  system.spawner_update            win=  0.040ms avg=  0.042ms p95=  0.077ms max=  0.453ms calls(last=  1,win= 126,total=5787) (win 0.2% | avg 0.3% budget)
  frame.input_poll                 win=  0.027ms avg=  0.027ms p95=  0.028ms max=  0.238ms calls(last=  1,win= 120,total=5640) (win 0.2% | avg 0.2% budget)
  system.player_update             win=  0.027ms avg=  0.028ms p95=  0.045ms max=  0.157ms calls(last=  1,win= 126,total=5065) (win 0.2% | avg 0.2% budget)
  system.physics_collision         win=  0.026ms avg=  0.028ms p95=  0.047ms max=  0.254ms calls(last=  1,win= 126,total=5787) (win 0.2% | avg 0.2% budget)
  enemy.type.torpedo               win=  0.011ms avg=  0.421ms p95=  0.684ms max=  1.476ms calls(last= 36,win=4536,total=193790) (win 0.1% | avg 2.5% budget)
[ENEMY_STATS] frame=5640 alive=72 visible=2 full=2 cheap=70 fullInBase=0 pairs(frontal=0 checks=0 separation=0 resolved=0)
[ENEMY_WINDOW] steps=126 alive[min=72 max=72] visible[min=1 max=2] full[min=2 max=2] collisionPasses[runs=126 skips=0]
[ENEMY_SEGMENTS] window=2.100s D{b/s=13.33 avgLen=5.48 fail=0} T{b/s=21.43 avgLen=6.61 fail=2} H{b/s=0.00 avgLen=0.00 fail=0} A{b/s=0.00 avgLen=0.00 fail=0}
[ENEMY_GRID] frontal{cand/s=120.0 xcell/s=1.0 ins/s=121.0} separation{cand/s=120.0}
[ENEMY_COLLISION_WINDOW] frontal{pairs/s=0.0 checks/s=0.0 baseSkip=0 kill=0(0.0%)} separation{pairs/s=0.0 resolved/s=0.0(0.0%) baseSkip=0 kill=0 wallBlock=0}
[ENEMY_NAV_CACHE] playerCell{changes=4 flowRebuilds=4} flow{hit=0 miss=0 hit%=0.0} pathFallback{calls=0 ok=0 ok%=0.0}
[ENEMY_SAP] updates=9072 active=252 pairs=0 repairs{x=0 y=1}
[ENEMY_PAIR_TYPES] frontal DD=0 DT=0 DH=0 DA=0 TT=0 TH=0 TA=0 HH=0 HA=0 AA=0 separation DD=0 DT=0 DH=0 DA=0 TT=0 TH=0 TA=0 HH=0 HA=0 AA=0
[TORPEDO_HEADING] eval/s=1.43 retreat/s=0.00 pick[straight=66.7% left=0.0% right=33.3%] clear[best=12.46 chosen=12.46]

[PROFILE] frame=5760 budget=16.667ms alloc(+105/-105, +204440b/-204440b, live=165208b peak=368392b)
  frame.total                      win= 17.541ms avg= 17.541ms p95= 20.906ms max= 86.798ms calls(last=  1,win= 120,total=5760) (win 105.2% | avg 105.2% budget)
  frame.render                     win= 12.150ms avg= 12.150ms p95= 12.819ms max= 86.758ms calls(last=  1,win= 120,total=5760) (win 72.9% | avg 72.9% budget)
  frame.present                    win= 12.143ms avg= 12.143ms p95= 12.811ms max= 86.752ms calls(last=  1,win= 120,total=5760) (win 72.9% | avg 72.9% budget)
  frame.fixed_step                 win=  5.056ms avg=  5.351ms p95=  9.291ms max= 20.249ms calls(last=  1,win= 127,total=5994) (win 30.3% | avg 32.1% budget)
  frame.render.world               win=  4.531ms avg=  9.061ms p95=  9.550ms max= 20.167ms calls(last=  2,win= 240,total=11366) (win 27.2% | avg 54.4% budget)
  game.update                      win=  3.097ms avg=  3.278ms p95=  5.426ms max= 16.783ms calls(last=  1,win= 127,total=5914) (win 18.6% | avg 19.7% budget)
  frame.render.overlay             win=  3.056ms avg=  3.056ms p95=  3.790ms max=  6.090ms calls(last=  1,win= 120,total=5683) (win 18.3% | avg 18.3% budget)
  system.ai_update                 win=  2.962ms avg=  3.135ms p95=  5.183ms max= 16.644ms calls(last=  1,win= 127,total=5914) (win 17.8% | avg 18.8% budget)
  enemy.update                     win=  2.955ms avg=  3.128ms p95=  5.172ms max= 16.639ms calls(last=  1,win= 127,total=5914) (win 17.7% | avg 18.8% budget)
  frame.render.world.enemies       win=  1.173ms avg=  1.173ms p95=  1.328ms max=  5.951ms calls(last=  1,win= 120,total=5683) (win 7.0% | avg 7.0% budget)
  frame.render.world.maze          win=  0.917ms avg=  0.917ms p95=  1.135ms max=  3.174ms calls(last=  1,win= 120,total=5683) (win 5.5% | avg 5.5% budget)
  frame.render.world.effects       win=  0.393ms avg=  0.393ms p95=  0.461ms max=  2.627ms calls(last=  1,win= 120,total=5683) (win 2.4% | avg 2.4% budget)
  enemy.torpedo.select_heading     win=  0.310ms avg=  0.005ms p95=  0.000ms max=  0.644ms calls(last=  0,win=   2,total=28) (win 1.9% | avg 0.0% budget)
  enemy.physics.frontal_collisions win=  0.247ms avg=  0.262ms p95=  0.477ms max=  0.835ms calls(last=  1,win= 127,total=1359) (win 1.5% | avg 1.6% budget)
  enemy.physics.frontal_grid_build win=  0.179ms avg=  0.190ms p95=  0.344ms max=  0.688ms calls(last=  1,win= 127,total=1359) (win 1.1% | avg 1.1% budget)
  enemy.ai.movement                win=  0.077ms avg=  0.163ms p95=  0.290ms max=  0.811ms calls(last=  2,win= 254,total=4158) (win 0.5% | avg 1.0% budget)
  enemy.ai.decision                win=  0.073ms avg=  0.155ms p95=  0.262ms max=  0.674ms calls(last=  2,win= 254,total=4158) (win 0.4% | avg 0.9% budget)
  enemy.cheap.segment_build        win=  0.050ms avg=  0.034ms p95=  0.104ms max=  0.359ms calls(last=  2,win=  82,total=3531) (win 0.3% | avg 0.2% budget)
  enemy.physics.frontal_pair_traverse win=  0.043ms avg=  0.046ms p95=  0.081ms max=  0.214ms calls(last=  1,win= 127,total=1359) (win 0.3% | avg 0.3% budget)
  system.spawner_update            win=  0.041ms avg=  0.043ms p95=  0.078ms max=  0.453ms calls(last=  1,win= 127,total=5914) (win 0.2% | avg 0.3% budget)
  frame.input_poll                 win=  0.028ms avg=  0.028ms p95=  0.029ms max=  0.238ms calls(last=  1,win= 120,total=5760) (win 0.2% | avg 0.2% budget)
  system.physics_collision         win=  0.027ms avg=  0.029ms p95=  0.050ms max=  0.254ms calls(last=  1,win= 127,total=5914) (win 0.2% | avg 0.2% budget)
  system.player_update             win=  0.026ms avg=  0.027ms p95=  0.041ms max=  0.157ms calls(last=  1,win= 127,total=5192) (win 0.2% | avg 0.2% budget)
  enemy.type.torpedo               win=  0.011ms avg=  0.422ms p95=  0.691ms max=  1.476ms calls(last= 36,win=4572,total=198362) (win 0.1% | avg 2.5% budget)
[ENEMY_STATS] frame=5760 alive=72 visible=0 full=2 cheap=70 fullInBase=0 pairs(frontal=0 checks=0 separation=0 resolved=0)
[ENEMY_WINDOW] steps=127 alive[min=72 max=72] visible[min=0 max=2] full[min=2 max=2] collisionPasses[runs=127 skips=0]
[ENEMY_SEGMENTS] window=2.117s D{b/s=16.54 avgLen=5.03 fail=0} T{b/s=21.73 avgLen=6.54 fail=0} H{b/s=0.00 avgLen=0.00 fail=0} A{b/s=0.00 avgLen=0.00 fail=0}
[ENEMY_GRID] frontal{cand/s=120.0 xcell/s=0.9 ins/s=120.9} separation{cand/s=120.0}
[ENEMY_COLLISION_WINDOW] frontal{pairs/s=0.0 checks/s=0.0 baseSkip=0 kill=0(0.0%)} separation{pairs/s=0.0 resolved/s=0.0(0.0%) baseSkip=0 kill=0 wallBlock=0}
[ENEMY_NAV_CACHE] playerCell{changes=4 flowRebuilds=4} flow{hit=0 miss=0 hi


                                                                           t%=0.0} pathFallback{calls=0 ok=0 ok%=0.0}
[ENEMY_SAP] updates=9144 active=254 pairs=0 repairs{x=0 y=0}
[ENEMY_PAIR_TYPES] frontal DD=0 DT=0 DH=0 DA=0 TT=0 TH=0 TA=0 HH=0 HA=0 AA=0 separation DD=0 DT=0 DH=0 DA=0 TT=0 TH=0 TA=0 HH=0 HA=0 AA=0
[TORPEDO_HEADING] eval/s=0.94 retreat/s=0.00 pick[straight=100.0% left=0.0% right=0.0%] clear[best=10.82 chosen=10.82]

[PROFILE] frame=5880 budget=16.667ms alloc(+198/-198, +407216b/-407216b, live=165208b peak=368392b)
  frame.total                      win= 17.303ms avg= 17.303ms p95= 19.220ms max= 86.798ms calls(last=  1,win= 120,total=5880) (win 103.8% | avg 103.8% budget)
  frame.render                     win= 12.383ms avg= 12.383ms p95= 13.050ms max= 86.758ms calls(last=  1,win= 120,total=5880) (win 74.3% | avg 74.3% budget)
  frame.present                    win= 12.376ms avg= 12.376ms p95= 13.044ms max= 86.752ms calls(last=  1,win= 120,total=5880) (win 74.3% | avg 74.3% budget)
  frame.fixed_step                 win=  4.648ms avg=  4.880ms p95=  8.416ms max= 20.249ms calls(last=  2,win= 126,total=6120) (win 27.9% | avg 29.3% budget)
  frame.render.world               win=  4.516ms avg=  9.032ms p95=  9.484ms max= 20.167ms calls(last=  2,win= 240,total=11606) (win 27.1% | avg 54.2% budget)
  frame.render.overlay             win=  3.055ms avg=  3.055ms p95=  3.840ms max=  6.090ms calls(last=  1,win= 120,total=5803) (win 18.3% | avg 18.3% budget)
  game.update                      win=  2.691ms avg=  2.826ms p95=  4.614ms max= 16.783ms calls(last=  2,win= 126,total=6040) (win 16.1% | avg 17.0% budget)
  system.ai_update                 win=  2.554ms avg=  2.682ms p95=  4.312ms max= 16.644ms calls(last=  2,win= 126,total=6040) (win 15.3% | avg 16.1% budget)
  enemy.update                     win=  2.548ms avg=  2.676ms p95=  4.300ms max= 16.639ms calls(last=  2,win= 126,total=6040) (win 15.3% | avg 16.1% budget)
  frame.render.world.enemies       win=  1.114ms avg=  1.114ms p95=  1.262ms max=  5.951ms calls(last=  1,win= 120,total=5803) (win 6.7% | avg 6.7% budget)
  frame.render.world.maze          win=  0.972ms avg=  0.972ms p95=  1.084ms max=  3.174ms calls(last=  1,win= 120,total=5803) (win 5.8% | avg 5.8% budget)
  frame.render.world.effects       win=  0.385ms avg=  0.385ms p95=  0.490ms max=  2.627ms calls(last=  1,win= 120,total=5803) (win 2.3% | avg 2.3% budget)
  enemy.physics.frontal_collisions win=  0.243ms avg=  0.097ms p95=  0.246ms max=  0.835ms calls(last=  0,win=  48,total=1407) (win 1.5% | avg 0.6% budget)
  enemy.torpedo.select_heading     win=  0.241ms avg=  0.002ms p95=  0.000ms max=  0.644ms calls(last=  0,win=   1,total=29) (win 1.4% | avg 0.0% budget)
  enemy.physics.frontal_grid_build win=  0.176ms avg=  0.070ms p95=  0.176ms max=  0.688ms calls(last=  0,win=  48,total=1407) (win 1.1% | avg 0.4% budget)
  enemy.ai.movement                win=  0.086ms avg=  0.092ms p95=  0.176ms max=  0.811ms calls(last=  0,win= 129,total=4287) (win 0.5% | avg 0.6% budget)
  enemy.ai.decision                win=  0.062ms avg=  0.066ms p95=  0.162ms max=  0.674ms calls(last=  0,win= 129,total=4287) (win 0.4% | avg 0.4% budget)
  enemy.cheap.segment_build        win=  0.055ms avg=  0.034ms p95=  0.104ms max=  0.359ms calls(last=  4,win=  75,total=3606) (win 0.3% | avg 0.2% budget)
  enemy.physics.frontal_pair_traverse win=  0.043ms avg=  0.017ms p95=  0.045ms max=  0.214ms calls(last=  0,win=  48,total=1407) (win 0.3% | avg 0.1% budget)
  system.spawner_update            win=  0.040ms avg=  0.042ms p95=  0.071ms max=  0.453ms calls(last=  2,win= 126,total=6040) (win 0.2% | avg 0.3% budget)
  system.physics_collision         win=  0.028ms avg=  0.029ms p95=  0.046ms max=  0.254ms calls(last=  2,win= 126,total=6040) (win 0.2% | avg 0.2% budget)
  frame.input_poll                 win=  0.027ms avg=  0.027ms p95=  0.028ms max=  0.238ms calls(last=  1,win= 120,total=5880) (win 0.2% | avg 0.2% budget)
  system.player_update             win=  0.027ms avg=  0.028ms p95=  0.043ms max=  0.157ms calls(last=  2,win= 126,total=5318) (win 0.2% | avg 0.2% budget)
  enemy.type.torpedo               win=  0.006ms avg=  0.240ms p95=  0.488ms max=  1.476ms calls(last= 72,win=4536,total=202898) (win 0.0% | avg 1.4% budget)
[ENEMY_STATS] frame=5880 alive=72 visible=0 full=0 cheap=72 fullInBase=0 pairs(frontal=0 checks=0 separation=0 resolved=0)
[ENEMY_WINDOW] steps=126 alive[min=72 max=72] visible[min=0 max=0] full[min=0 max=2] collisionPasses[runs=47 skips=79]
[ENEMY_SEGMENTS] window=2.100s D{b/s=12.86 avgLen=4.72 fail=0} T{b/s=21.90 avgLen=6.72 fail=2} H{b/s=0.00 avgLen=0.00 fail=0} A{b/s=0.00 avgLen=0.00 fail=0}
[ENEMY_GRID] frontal{cand/s=44.8 xcell/s=1.0 ins/s=45.7} separation{cand/s=44.8}
[ENEMY_COLLISION_WINDOW] frontal{pairs/s=0.0 checks/s=0.0 baseSkip=0 kill=0(0.0%)} separation{pairs/s=0.0 resolved/s=0.0(0.0%) baseSkip=0 kill=0 wallBlock=0}
[ENEMY_NAV_CACHE] playerCell{changes=3 flowRebuilds=3} flow{hit=0 miss=0 hit%=0.0} pathFallback{calls=0 ok=0 ok%=0.0}
[ENEMY_SAP] updates=3384 active=94 pairs=0 repairs{x=0 y=0}
[ENEMY_PAIR_TYPES] frontal DD=0 DT=0 DH=0 DA=0 TT=0 TH=0 TA=0 HH=0 HA=0 AA=0 separation DD=0 DT=0 DH=0 DA=0 TT=0 TH=0 TA=0 HH=0 HA=0 AA=0
[TORPEDO_HEADING] eval/s=0.48 retreat/s=0.00 pick[straight=100.0% left=0.0% right=0.0%] clear[best=6.82 chosen=6.82]

[PROFILE] frame=6000 budget=16.667ms alloc(+104/-104, +204416b/-204416b, live=165208b peak=368392b)
  frame.total                      win= 17.328ms avg= 17.328ms p95= 19.586ms max= 86.798ms calls(last=  1,win= 120,total=6000) (win 104.0% | avg 104.0% budget)
  frame.render                     win= 12.305ms avg= 12.305ms p95= 13.013ms max= 86.758ms calls(last=  1,win= 120,total=6000) (win 73.8% | avg 73.8% budget)
  frame.present                    win= 12.298ms avg= 12.298ms p95= 13.006ms max= 86.752ms calls(last=  1,win= 120,total=6000) (win 73.8% | avg 73.8% budget)
  frame.fixed_step                 win=  4.783ms avg=  4.982ms p95=  8.454ms max= 20.249ms calls(last=  1,win= 125,total=6245) (win 28.7% | avg 29.9% budget)
  frame.render.world               win=  4.490ms avg=  8.981ms p95=  9.360ms max= 20.167ms calls(last=  2,win= 240,total=11846) (win 26.9% | avg 53.9% budget)
  frame.render.overlay             win=  3.052ms avg=  3.052ms p95=  3.766ms max=  6.090ms calls(last=  1,win= 120,total=5923) (win 18.3% | avg 18.3% budget)
  game.update                      win=  2.797ms avg=  2.914ms p95=  4.798ms max= 16.783ms calls(last=  1,win= 125,total=6165) (win 16.8% | avg 17.5% budget)
  system.ai_update                 win=  2.659ms avg=  2.770ms p95=  4.541ms max= 16.644ms calls(last=  1,win= 125,total=6165) (win 16.0% | avg 16.6% budget)
  enemy.update                     win=  2.653ms avg=  2.763ms p95=  4.527ms max= 16.639ms calls(last=  1,win= 125,total=6165) (win 15.9% | avg 16.6% budget)
  frame.render.world.enemies       win=  1.133ms avg=  1.133ms p95=  1.224ms max=  5.951ms calls(last=  1,win= 120,total=5923) (win 6.8% | avg 6.8% budget)
  frame.render.world.maze          win=  0.902ms avg=  0.902ms p95=  1.016ms max=  3.174ms calls(last=  1,win= 120,total=5923) (win 5.4% | avg 5.4% budget)
  frame.render.world.effects       win=  0.394ms avg=  0.394ms p95=  0.503ms max=  2.627ms calls(last=  1,win= 120,total=5923) (win 2.4% | avg 2.4% budget)
  enemy.torpedo.select_heading     win=  0.365ms avg=  0.006ms p95=  0.000ms max=  0.644ms calls(last=  0,win=   2,total=31) (win 2.2% | avg 0.0% budget)
  enemy.physics.frontal_collisions win=  0.260ms avg=  0.089ms p95=  0.246ms max=  0.835ms calls(last=  1,win=  41,total=1448) (win 1.6% | avg 0.5% budget)
  enemy.physics.frontal_grid_build win=  0.191ms avg=  0.065ms p95=  0.176ms max=  0.688ms calls(last=  1,win=  41,total=1448) (win 1.1% | avg 0.4% budget)
  enemy.ai.movement                win=  0.119ms avg=  0.140ms p95=  0.261ms max=  0.811ms calls(last=  2,win= 141,total=4428) (win 0.7% | avg 0.8% budget)
  enemy.ai.decision                win=  0.087ms avg=  0.102ms p95=  0.189ms max=  0.674ms calls(last=  2,win= 141,total=4428) (win 0.5% | avg 0.6% budget)
  enemy.cheap.segment_build        win=  0.059ms avg=  0.039ms p95=  0.099ms max=  0.359ms calls(last=  0,win=  80,total=3686) (win 0.4% | avg 0.2% budget)
  enemy.physics.frontal_pair_traverse win=  0.043ms avg=  0.015ms p95=  0.044ms max=  0.214ms calls(last=  1,win=  41,total=1448) (win 0.3% | avg 0.1% budget)
  system.spawner_update            win=  0.042ms avg=  0.044ms p95=  0.077ms max=  0.453ms calls(last=  1,win= 125,total=6165) (win 0.3% | avg 0.3% budget)
  frame.input_poll                 win=  0.027ms avg=  0.027ms p95=  0.028ms max=  0.238ms calls(last=  1,win= 120,total=6000) (win 0.2% | avg 0.2% budget)
  system.physics_collision         win=  0.027ms avg=  0.028ms p95=  0.042ms max=  0.254ms calls(last=  1,win= 125,total=6165) (win 0.2% | avg 0.2% budget)
  system.player_update             win=  0.026ms avg=  0.027ms p95=  0.035ms max=  0.157ms calls(last=  1,win= 125,total=5443) (win 0.2% | avg 0.2% budget)
  enemy.type.torpedo               win=  0.009ms avg=  0.339ms p95=  0.604ms max=  1.476ms calls(last= 36,win=4500,total=207398) (win 0.1% | avg 2.0% budget)
[ENEMY_STATS] frame=6000 alive=72 visible=0 full=2 cheap=70 fullInBase=0 pairs(frontal=0 checks=0 separation=0 resolved=0)
[ENEMY_WINDOW] steps=125 alive[min=72 max=72] visible[min=0 max=0] full[min=0 max=2] collisionPasses[runs=42 skips=83]
[ENEMY_SEGMENTS] window=2.083s D{b/s=17.28 avgLen=4.84 fail=1} T{b/s=21.60 avgLen=5.76 fail=0} H{b/s=0.00 avgLen=0.00 fail=0} A{b/s=0.00 avgLen=0.00 fail=0}
[ENEMY_GRID] frontal{cand/s=40.3 xcell/s=0.0 ins/s=40.3} separation{cand/s=40.3}
[ENEMY_COLLISION_WINDOW] frontal{pairs/s=0.0 checks/s=0.0 baseSkip=0 kill=0(0.0%)} separation{pairs/s=0.0 resolved/s=0.0(0.0%) baseSkip=0 kill=0 wallBlock=0}
[ENEMY_NAV_CACHE] playerCell{changes=3 flowRebuilds=3} flow{hit=0 miss=0 hit%=0.0} pathFallback{calls=0 ok=0 ok%=0.0}
[ENEMY_SAP] updates=3024 active=84 pairs=0 repairs{x=72 y=73}
[ENEMY_PAIR_TYPES] frontal DD=0 DT=0 DH=0 DA=0 TT=0 TH=0 TA=0 HH=0 HA=0 AA=0 separation DD=0 DT=0 DH=0 DA=0 TT=0 TH=0 TA=0 HH=0 HA=0 AA=0
[TORPEDO_HEADING] eval/s=0.96 retreat/s=0.00 pick[straight=100.0% left=0.0% right=0.0%] clear[best=15.00 chosen=15.00]

[PROFILE] frame=6120 budget=16.667ms alloc(+103/-103, +204376b/-204376b, live=165208b peak=368392b)
  frame.total                      win= 17.363ms avg= 17.363ms p95= 20.578ms max= 86.798ms calls(last=  1,win= 120,total=6120) (win 104.2% | avg 104.2% budget)
  frame.render                     win= 11.924ms avg= 11.924ms p95= 12.575ms max= 86.758ms calls(last=  1,win= 120,total=6120) (win 71.5% | avg 71.5% budget)
  frame.present                    win= 11.917ms avg= 11.917ms p95= 12.567ms max= 86.752ms calls(last=  1,win= 120,total=6120) (win 71.5% | avg 71.5% budget)
  frame.fixed_step                 win=  5.141ms avg=  5.398ms p95=  9.390ms max= 20.249ms calls(last=  1,win= 126,total=6371) (win 30.8% | avg 32.4% budget)
  frame.render.world               win=  4.403ms avg=  8.806ms p95=  9.216ms max= 20.167ms calls(last=  2,win= 240,total=12086) (win 26.4% | avg 52.8% budget)
  game.update                      win=  3.150ms avg=  3.307ms p95=  5.551ms max= 16.783ms calls(last=  1,win= 126,total=6291) (win 18.9% | avg 19.8% budget)
  frame.render.overlay             win=  3.068ms avg=  3.068ms p95=  3.754ms max=  6.090ms calls(last=  1,win= 120,total=6043) (win 18.4% | avg 18.4% budget)
  system.ai_update                 win=  3.007ms avg=  3.158ms p95=  5.233ms max= 16.644ms calls(last=  1,win= 126,total=6291) (win 18.0% | avg 18.9% budget)
  enemy.update                     win=  3.002ms avg=  3.152ms p95=  5.222ms max= 16.639ms calls(last=  1,win= 126,total=6291) (win 18.0% | avg 18.9% budget)
  frame.render.world.enemies       win=  1.178ms avg=  1.178ms p95=  1.274ms max=  5.951ms calls(last=  1,win= 120,total=6043) (win 7.1% | avg 7.1% budget)
  frame.render.world.maze          win=  0.784ms avg=  0.784ms p95=  0.888ms max=  3.174ms calls(last=  1,win= 120,total=6043) (win 4.7% | avg 4.7% budget)
  frame.render.world.effects       win=  0.409ms avg=  0.409ms p95=  0.508ms max=  2.627ms calls(last=  1,win= 120,total=6043) (win 2.5% | avg 2.5% budget)
  enemy.torpedo.select_heading     win=  0.318ms avg=  0.003ms p95=  0.000ms max=  0.644ms calls(last=  0,win=   1,total=32) (win 1.9% | avg 0.0% budget)
  enemy.physics.frontal_collisions win=  0.254ms avg=  0.267ms p95=  0.460ms max=  0.835ms calls(last=  1,win= 126,total=1574) (win 1.5% | avg 1.6% budget)
  enemy.physics.frontal_grid_build win=  0.179ms avg=  0.188ms p95=  0.284ms max=  0.688ms calls(last=  1,win= 126,total=1574) (win 1.1% | avg 1.1% budget)
  enemy.ai.movement                win=  0.112ms avg=  0.282ms p95=  0.436ms max=  0.811ms calls(last=  2,win= 301,total=4729) (win 0.7% | avg 1.7% budget)
  enemy.ai.decision                win=  0.054ms avg=  0.136ms p95=  0.194ms max=  0.674ms calls(last=  2,win= 301,total=4729) (win 0.3% | avg 0.8% budget)
  enemy.cheap.segment_build        win=  0.051ms avg=  0.035ms p95=  0.134ms max=  0.359ms calls(last=  0,win=  83,total=3769) (win 0.3% | avg 0.2% budget)
  enemy.physics.frontal_pair_traverse win=  0.050ms avg=  0.052ms p95=  0.084ms max=  0.257ms calls(last=  1,win= 126,total=1574) (win 0.3% | avg 0.3% budget)
  system.spawner_update            win=  0.042ms avg=  0.044ms p95=  0.075ms max=  0.453ms calls(last=  1,win= 126,total=6291) (win 0.3% | avg 0.3% budget)
  system.physics_collision         win=  0.029ms avg=  0.030ms p95=  0.052ms max=  0.254ms calls(last=  1,win= 126,total=6291) (win 0.2% | avg 0.2% budget)
  frame.input_poll                 win=  0.029ms avg=  0.029ms p95=  0.028ms max=  0.238ms calls(last=  1,win= 120,total=6120) (win 0.2% | avg 0.2% budget)
  system.player_update             win=  0.026ms avg=  0.027ms p95=  0.040ms max=  0.157ms calls(last=  1,win= 126,total=5569) (win 0.2% | avg 0.2% budget)
  enemy.type.drone                 win=  0.010ms avg=  0.374ms p95=  0.555ms max=  1.201ms calls(last= 36,win=4536,total=206338) (win 0.1% | avg 2.2% budget)
[ENEMY_STATS] frame=6120 alive=72 visible=2 full=2 cheap=70 fullInBase=0 pairs(frontal=0 checks=0 separation=0 resolved=0)
[ENEMY_WINDOW] steps=126 alive[min=72 max=72] visible[min=0 max=2] full[min=2 max=3] collisionPasses[runs=126 skips=0]
[ENEMY_SEGMENTS] window=2.100s D{b/s=11.43 avgLen=5.13 fail=0} T{b/s=26.67 avgLen=5.99 fail=0} H{b/s=0.00 avgLen=0.00 fail=0} A{b/s=0.00 avgLen=0.00 fail=0}
[ENEMY_GRID] frontal{cand/s=143.3 xcell/s=1.9 ins/s=145.2} separation{cand/s=143.3}
[ENEMY_COLLISION_WINDOW] frontal{pairs/s=0.0 checks/s=0.0 baseSkip=0 kill=0(0.0%)} separation{pairs/s=0.0 resolved/s=0.0(0.0%) baseSkip=0 kill=0 wallBlock=0}
[ENEMY_NAV_CACHE] playerCell{changes=4 flowRebuilds=4} flow{hit=0 miss=0 hit%=0.0} pathFallback{calls=0 ok=0 ok%=0.0}
[ENEMY_SAP] updates=9072 active=301 pairs=0 repairs{x=0 y=4}
[ENEMY_PAIR_TYPES] frontal DD=0 DT=0 DH=0 DA=0 TT=0 TH=0 TA=0 HH=0 HA=0 AA=0 separation DD=0 DT=0 DH=0 DA=0 TT=0 TH=0 TA=0 HH=0 HA=0 AA=0
[TORPEDO_HEADING] eval/s=0.48 retreat/s=0.00 pick[straight=0.0% left=100.0% right=0.0%] clear[best=15.00 chosen=15.00]

[PROFILE] frame=6240 budget=16.667ms alloc(+110/-110, +204592b/-204592b, live=165208b peak=368392b)
  frame.total                      win= 17.546ms avg= 17.546ms p95= 21.571ms max= 86.798ms calls(last=  1,win= 120,total=6240) (win 105.3% | avg 105.3% budget)
  frame.render                     win= 11.763ms avg= 11.763ms p95= 12.499ms max= 86.758ms calls(last=  1,win= 120,total=6240) (win 70.6% | avg 70.6% budget)
  frame.present                    win= 11.756ms avg= 11.756ms p95= 12.491ms max= 86.752ms calls(last=  1,win= 120,total=6240) (win 70.5% | avg 70.5% budget)
  frame.fixed_step                 win=  5.426ms avg=  5.743ms p95= 10.127ms max= 20.249ms calls(last=  1,win= 127,total=6498) (win 32.6% | avg 34.5% budget)
  frame.render.world               win=  4.475ms avg=  8.950ms p95=  9.428ms max= 20.167ms calls(last=  2,win= 240,total=12326) (win 26.8% | avg 53.7% budget)
  game.update                      win=  3.462ms avg=  3.664ms p95=  6.188ms max= 16.783ms calls(last=  1,win= 127,total=6418) (win 20.8% | avg 22.0% budget)
  system.ai_update                 win=  3.324ms avg=  3.518ms p95=  5.943ms max= 16.644ms calls(last=  1,win= 127,total=6418) (win 19.9% | avg 21.1% budget)
  enemy.update                     win=  3.317ms avg=  3.511ms p95=  5.932ms max= 16.639ms calls(last=  1,win= 127,total=6418) (win 19.9% | avg 21.1% budget)
  frame.render.overlay             win=  3.057ms avg=  3.057ms p95=  3.861ms max=  6.090ms calls(last=  1,win= 120,total=6163) (win 18.3% | avg 18.3% budget)
  frame.render.world.enemies       win=  1.190ms avg=  1.190ms p95=  1.446ms max=  5.951ms calls(last=  1,win= 120,total=6163) (win 7.1% | avg 7.1% budget)
  frame.render.world.maze          win=  0.861ms avg=  0.861ms p95=  0.959ms max=  3.174ms calls(last=  1,win= 120,total=6163) (win 5.2% | avg 5.2% budget)
  frame.render.world.effects       win=  0.411ms avg=  0.411ms p95=  0.502ms max=  2.627ms calls(last=  1,win= 120,total=6163) (win 2.5% | avg 2.5% budget)
  enemy.torpedo.select_heading     win=  0.325ms avg=  0.019ms p95=  0.219ms max=  0.644ms calls(last=  0,win=   7,total=39) (win 2.0% | avg 0.1% budget)
  enemy.physics.frontal_collisions win=  0.249ms avg=  0.264ms p95=  0.464ms max=  0.835ms calls(last=  1,win= 127,total=1701) (win 1.5% | avg 1.6% budget)
  enemy.physics.frontal_grid_build win=  0.180ms avg=  0.190ms p95=  0.340ms max=  0.688ms calls(last=  1,win= 127,total=1701) (win 1.1% | avg 1.1% budget)
  enemy.ai.movement                win=  0.111ms avg=  0.412ms p95=  0.631ms max=  0.910ms calls(last=  4,win= 444,total=5173) (win 0.7% | avg 2.5% budget)
  enemy.ai.decision                win=  0.067ms avg=  0.249ms p95=  0.449ms max=  0.674ms calls(last=  4,win= 444,total=5173) (win 0.4% | avg 1.5% budget)
  enemy.cheap.segment_build        win=  0.047ms avg=  0.032ms p95=  0.102ms max=  0.359ms calls(last=  1,win=  82,total=3851) (win 0.3% | avg 0.2% budget)
  enemy.physics.frontal_pair_traverse win=  0.044ms avg=  0.047ms p95=  0.084ms max=  0.257ms calls(last=  1,win= 127,total=1701) (win 0.3% | avg 0.3% budget)
  system.spawner_update            win=  0.041ms avg=  0.044ms p95=  0.075ms max=  0.453ms calls(last=  1,win= 127,total=6418) (win 0.2% | avg 0.3% budget)
  frame.input_poll                 win=  0.027ms avg=  0.027ms p95=  0.028ms max=  0.238ms calls(last=  1,win= 120,total=6240) (win 0.2% | avg 0.2% budget)
  system.physics_collision         win=  0.027ms avg=  0.029ms p95=  0.048ms max=  0.254ms calls(last=  1,win= 127,total=6418) (win 0.2% | avg 0.2% budget)
  system.player_update             win=  0.027ms avg=  0.028ms p95=  0.044ms max=  0.157ms calls(last=  1,win= 127,total=5696) (win 0.2% | avg 0.2% budget)
  enemy.type.torpedo               win=  0.018ms avg=  0.692ms p95=  0.998ms max=  1.613ms calls(last= 36,win=4572,total=216506) (win 0.1% | avg 4.1% budget)
[ENEMY_STATS] frame=6240 alive=72 visible=1 full=4 cheap=68 fullInBase=0 pairs(frontal=0 checks=0 separation=0 resolved=0)
[ENEMY_WINDOW] steps=127 alive[min=72 max=72] visible[min=1 max=2] full[min=2 max=4] collisionPasses[runs=127 skips=0]
[ENEMY_SEGMENTS] window=2.117s D{b/s=15.12 avgLen=5.17 fail=0} T{b/s=24.09 avgLen=6.01 fail=0} H{b/s=0.00 avgLen=0.00 fail=0} A{b/s=0.00 avgLen=0.00 fail=0}
[ENEMY_GRID] frontal{cand/s=210.7 xcell/s=2.8 ins/s=213.5} separation{cand/s=210.7}
[ENEMY_COLLISION_WINDOW] frontal{pairs/s=0.0 checks/s=0.0 baseSkip=0 kill=0(0.0%)} separation{pairs/s=0.0 resolved/s=0.0(0.0%) baseSkip=0 kill=0 wallBlock=0}
[ENEMY_NAV_CACHE] playerCell{changes=3 flowRebuilds=3} flow{hit=0 miss=0 hit%=0.0} pathFallback{calls=0 ok=0 ok%=0.0}
[ENEMY_SAP] updates=9144 active=446 pairs=0 repairs{x=119 y=116}
[ENEMY_PAIR_TYPES] frontal DD=0 DT=0 DH=0 DA=0 TT=0 TH=0 TA=0 HH=0 HA=0 AA=0 separation DD=0 DT=0 DH=0 DA=0 TT=0 TH=0 TA=0 HH=0 HA=0 AA=0
[TORPEDO_HEADING] eval/s=3.31 retreat/s=0.00 pick[straight=42.9% left=42.9% right=14.3%] clear[best=13.67 chosen=13.67]

[PROFILE] frame=6360 budget=16.667ms alloc(+110/-110, +204592b/-204592b, live=165208b peak=368392b)
  frame.total                      win= 17.722ms avg= 17.722ms p95= 21.766ms max= 86.798ms calls(last=  1,win= 120,total=6360) (win 106.3% | avg 106.3% budget)
  frame.render                     win= 11.540ms avg= 11.540ms p95= 12.111ms max= 86.758ms calls(last=  1,win= 120,total=6360) (win 69.2% | avg 69.2% budget)
  frame.present                    win= 11.532ms avg= 11.532ms p95= 12.104ms max= 86.752ms calls(last=  1,win= 120,total=6360) (win 69.2% | avg 69.2% budget)
  frame.fixed_step                 win=  5.757ms avg=  6.141ms p95= 10.733ms max= 20.249ms calls(last=  1,win= 128,total=6626) (win 34.5% | avg 36.8% budget)
  frame.render.world               win=  4.440ms avg=  8.880ms p95=  9.358ms max= 20.167ms calls(last=  2,win= 240,total=12566) (win 26.6% | avg 53.3% budget)
  game.update                      win=  3.788ms avg=  4.040ms p95=  6.886ms max= 17.836ms calls(last=  1,win= 128,total=6546) (win 22.7% | avg 24.2% budget)
  system.ai_update                 win=  3.648ms avg=  3.891ms p95=  6.535ms max= 17.704ms calls(last=  1,win= 128,total=6546) (win 21.9% | avg 23.3% budget)
  enemy.update                     win=  3.641ms avg=  3.884ms p95=  6.525ms max= 17.699ms calls(last=  1,win= 128,total=6546) (win 21.8% | avg 23.3% budget)
  frame.render.overlay             win=  3.109ms avg=  3.109ms p95=  3.914ms max=  6.090ms calls(last=  1,win= 120,total=6283) (win 18.7% | avg 18.7% budget)
  frame.render.world.enemies       win=  1.182ms avg=  1.182ms p95=  1.373ms max=  5.951ms calls(last=  1,win= 120,total=6283) (win 7.1% | avg 7.1% budget)
  frame.render.world.maze          win=  0.834ms avg=  0.834ms p95=  0.981ms max=  3.174ms calls(last=  1,win= 120,total=6283) (win 5.0% | avg 5.0% budget)
  frame.render.world.effects       win=  0.410ms avg=  0.410ms p95=  0.574ms max=  2.627ms calls(last=  1,win= 120,total=6283) (win 2.5% | avg 2.5% budget)
  enemy.torpedo.select_heading     win=  0.336ms avg=  0.017ms p95=  0.000ms max=  0.644ms calls(last=  0,win=   6,total=45) (win 2.0% | avg 0.1% budget)
  enemy.physics.frontal_collisions win=  0.273ms avg=  0.291ms p95=  0.516ms max=  0.835ms calls(last=  1,win= 128,total=1829) (win 1.6% | avg 1.7% budget)
  enemy.physics.frontal_grid_build win=  0.183ms avg=  0.196ms p95=  0.347ms max=  0.688ms calls(last=  1,win= 128,total=1829) (win 1.1% | avg 1.2% budget)
  enemy.ai.movement                win=  0.111ms avg=  0.579ms p95=  1.067ms max=  1.183ms calls(last=  4,win= 627,total=5800) (win 0.7% | avg 3.5% budget)
  enemy.ai.decision                win=  0.065ms avg=  0.338ms p95=  0.592ms max=  0.698ms calls(last=  4,win= 627,total=5800) (win 0.4% | avg 2.0% budget)
  enemy.physics.frontal_pair_traverse win=  0.061ms avg=  0.065ms p95=  0.122ms max=  0.257ms calls(last=  1,win= 128,total=1829) (win 0.4% | avg 0.4% budget)
  enemy.cheap.segment_build        win=  0.047ms avg=  0.030ms p95=  0.100ms max=  0.359ms calls(last=  1,win=  77,total=3928) (win 0.3% | avg 0.2% budget)
  system.spawner_update            win=  0.041ms avg=  0.044ms p95=  0.078ms max=  0.453ms calls(last=  1,win= 128,total=6546) (win 0.2% | avg 0.3% budget)
  system.physics_collision         win=  0.029ms avg=  0.030ms p95=  0.049ms max=  0.254ms calls(last=  1,win= 128,total=6546) (win 0.2% | avg 0.2% budget)
  frame.input_poll                 win=  0.028ms avg=  0.028ms p95=  0.029ms max=  0.238ms calls(last=  1,win= 120,total=6360) (win 0.2% | avg 0.2% budget)
  system.player_update             win=  0.027ms avg=  0.028ms p95=  0.048ms max=  0.157ms calls(last=  1,win= 128,total=5824) (win 0.2% | avg 0.2% budget)
  enemy.type.torpedo               win=  0.026ms avg=  0.981ms p95=  1.719ms max=  2.047ms calls(last= 36,win=4608,total=221114) (win 0.2% | avg 5.9% budget)
[ENEMY_STATS] frame=6360 alive=72 visible=1 full=4 cheap=68 fullInBase=0 pairs(frontal=0 checks=0 separation=0 resolved=0)
[ENEMY_WINDOW] steps=128 alive[min=72 max=72] visible[min=0 max=2] full[min=4 max=5] collisionPasses[runs=128 skips=0]
[ENEMY_SEGMENTS] window=2.133s D{b/s=14.53 avgLen=4.51 fail=1} T{b/s=21.56 avgLen=6.04 fail=0} H{b/s=0.00 avgLen=0.00 fail=0} A{b/s=0.00 avgLen=0.00 fail=0}
[ENEMY_GRID] frontal{cand/s=293.9 xcell/s=4.2 ins/s=298.1} separation{cand/s=293.9}
[ENEMY_COLLISION_WINDOW] frontal{pairs/s=18.3 checks/s=18.3 baseSkip=0 kill=0(0.0%)} separation{pairs/s=18.3 resolved/s=0.0(0.0%) baseSkip=0 kill=0 wallBlock=0}
[ENEMY_NAV_CACHE] playerCell{changes=4 flowRebuilds=4} flow{hit=0 miss=0 hit%=0.0} pathFallback{calls=0 ok=0 ok%=0.0}
[ENEMY_SAP] updates=9216 active=627 pairs=39 repairs{x=6 y=5}
[ENEMY_PAIR_TYPES] frontal DD=0 DT=0 DH=0 DA=0 TT=39 TH=0 TA=0 HH=0 HA=0 AA=0 separation DD=0 DT=0 DH=0 DA=0 TT=39 TH=0 TA=0 HH=0 HA=0 AA=0
[TORPEDO_HEADING] eval/s=2.81 retreat/s=0.00 pick[straight=0.0% left=16.7% right=83.3%] clear[best=13.53 chosen=13.53]

[PROFILE] frame=6480 budget=16.667ms alloc(+106/-106, +204464b/-204464b, live=165208b peak=368392b)
  frame.total                      win= 17.383ms avg= 17.383ms p95= 21.957ms max= 86.798ms calls(last=  1,win= 120,total=6480) (win 104.3% | avg 104.3% budget)
  frame.render                     win= 11.622ms avg= 11.622ms p95= 12.371ms max= 86.758ms calls(last=  1,win= 120,total=6480) (win 69.7% | avg 69.7% budget)
  frame.present                    win= 11.615ms avg= 11.615ms p95= 12.364ms max= 86.752ms calls(last=  1,win= 120,total=6480) (win 69.7% | avg 69.7% budget)
  frame.fixed_step                 win=  5.448ms avg=  5.721ms p95= 10.107ms max= 20.249ms calls(last=  1,win= 126,total=6752) (win 32.7% | avg 34.3% budget)
  frame.render.world               win=  4.382ms avg=  8.765ms p95=  9.031ms max= 20.167ms calls(last=  2,win= 240,total=12806) (win 26.3% | avg 52.6% budget)
  game.update                      win=  3.481ms avg=  3.655ms p95=  6.313ms max= 17.836ms calls(last=  1,win= 126,total=6672) (win 20.9% | avg 21.9% budget)
  system.ai_update                 win=  3.344ms avg=  3.511ms p95=  6.046ms max= 17.704ms calls(last=  1,win= 126,total=6672) (win 20.1% | avg 21.1% budget)
  enemy.update                     win=  3.338ms avg=  3.505ms p95=  6.038ms max= 17.699ms calls(last=  1,win= 126,total=6672) (win 20.0% | avg 21.0% budget)
  frame.render.overlay             win=  3.039ms avg=  3.039ms p95=  3.716ms max=  6.090ms calls(last=  1,win= 120,total=6403) (win 18.2% | avg 18.2% budget)
  frame.render.world.enemies       win=  1.158ms avg=  1.158ms p95=  1.240ms max=  5.951ms calls(last=  1,win= 120,total=6403) (win 6.9% | avg 6.9% budget)
  frame.render.world.maze          win=  0.827ms avg=  0.827ms p95=  0.899ms max=  3.174ms calls(last=  1,win= 120,total=6403) (win 5.0% | avg 5.0% budget)
  enemy.torpedo.select_heading     win=  0.422ms avg=  0.018ms p95=  0.000ms max=  0.644ms calls(last=  0,win=   5,total=50) (win 2.5% | avg 0.1% budget)
  frame.render.world.effects       win=  0.395ms avg=  0.395ms p95=  0.474ms max=  2.627ms calls(last=  1,win= 120,total=6403) (win 2.4% | avg 2.4% budget)
  enemy.physics.frontal_collisions win=  0.279ms avg=  0.293ms p95=  0.475ms max=  0.835ms calls(last=  1,win= 126,total=1955) (win 1.7% | avg 1.8% budget)
  enemy.physics.frontal_grid_build win=  0.181ms avg=  0.190ms p95=  0.343ms max=  0.688ms calls(last=  1,win= 126,total=1955) (win 1.1% | avg 1.1% budget)
  enemy.ai.movement                win=  0.110ms avg=  0.449ms p95=  0.558ms max=  1.183ms calls(last=  3,win= 489,total=6289) (win 0.7% | avg 2.7% budget)
  enemy.physics.frontal_pair_traverse win=  0.072ms avg=  0.075ms p95=  0.122ms max=  0.257ms calls(last=  1,win= 126,total=1955) (win 0.4% | avg 0.5% budget)
  enemy.ai.decision                win=  0.067ms avg=  0.275ms p95=  0.490ms max=  0.771ms calls(last=  3,win= 489,total=6289) (win 0.4% | avg 1.6% budget)
  enemy.cheap.segment_build        win=  0.048ms avg=  0.032ms p95=  0.091ms max=  0.359ms calls(last=  1,win=  79,total=4007) (win 0.3% | avg 0.2% budget)
  system.spawner_update            win=  0.040ms avg=  0.042ms p95=  0.076ms max=  0.453ms calls(last=  1,win= 126,total=6672) (win 0.2% | avg 0.3% budget)
  frame.input_poll                 win=  0.027ms avg=  0.027ms p95=  0.028ms max=  0.238ms calls(last=  1,win= 120,total=6480) (win 0.2% | avg 0.2% budget)
  system.physics_collision         win=  0.027ms avg=  0.028ms p95=  0.047ms max=  0.254ms calls(last=  1,win= 126,total=6672) (win 0.2% | avg 0.2% budget)
  system.player_update             win=  0.026ms avg=  0.027ms p95=  0.038ms max=  0.157ms calls(last=  1,win= 126,total=5950) (win 0.2% | avg 0.2% budget)
  enemy.type.torpedo               win=  0.020ms avg=  0.775ms p95=  1.137ms max=  2.047ms calls(last= 36,win=4536,total=225650) (win 0.1% | avg 4.6% budget)
[ENEMY_STATS] frame=6480 alive=72 visible=1 full=3 cheap=69 fullInBase=0 pairs(frontal=0 checks=0 separation=0 resolved=0)
[ENEMY_WINDOW] steps=126 alive[min=72 max=72] visible[min=1 max=1] full[min=3 max=4] collisionPasses[runs=126 skips=0]
[ENEMY_SEGMENTS] window=2.100s D{b/s=13.81 avgLen=5.12 fail=0} T{b/s=22.38 avgLen=6.57 fail=2} H{b/s=0.00 avgLen=0.00 fail=0} A{b/s=0.00 avgLen=0.00 fail=0}
[ENEMY_GRID] frontal{cand/s=232.4 xcell/s=2.4 ins/s=234.8} separation{cand/s=232.4}
[ENEMY_COLLISION_WINDOW] frontal{pairs/s=37.6 checks/s=37.6 baseSkip=0 kill=0(0.0%)} separation{pairs/s=37.6 resolved/s=0.0(0.0%) baseSkip=0 kill=0 wallBlock=0}
[ENEMY_NAV_CACHE] playerCell{changes=3 flowRebuilds=3} flow{hit=0 miss=0 hit%=0.0} pathFallback{calls=0 ok=0 ok%=0.0}
[ENEMY_SAP] updates=9072 active=488 pairs=79 repairs{x=31 y=31}
[ENEMY_PAIR_TYPES] frontal DD=0 DT=0 DH=0 DA=0 TT=79 TH=0 TA=0 HH=0 HA=0 AA=0 separation DD=0 DT=0 DH=0 DA=0 TT=79 TH=0 TA=0 HH=0 HA=0 AA=0
[TORPEDO_HEADING] eval/s=2.38 retreat/s=0.00 pick[straight=0.0% left=80.0% right=20.0%] clear[best=15.00 chosen=15.00]

[PROFILE] frame=6600 budget=16.667ms alloc(+106/-106, +204464b/-204464b, live=165208b peak=368392b)
  frame.total                      win= 17.401ms avg= 17.401ms p95= 21.079ms max= 86.798ms calls(last=  1,win= 120,total=6600) (win 104.4% | avg 104.4% budget)
  frame.render                     win= 11.899ms avg= 11.899ms p95= 12.575ms max= 86.758ms calls(last=  1,win= 120,total=6600) (win 71.4% | avg 71.4% budget)
  frame.present                    win= 11.892ms avg= 11.892ms p95= 12.568ms max= 86.752ms calls(last=  1,win= 120,total=6600) (win 71.4% | avg 71.4% budget)
  frame.fixed_step                 win=  5.200ms avg=  5.460ms p95=  9.934ms max= 20.249ms calls(last=  1,win= 126,total=6878) (win 31.2% | avg 32.8% budget)
  frame.render.world               win=  4.445ms avg=  8.890ms p95=  9.327ms max= 20.167ms calls(last=  2,win= 240,total=13046) (win 26.7% | avg 53.3% budget)
  game.update                      win=  3.237ms avg=  3.399ms p95=  5.947ms max= 17.836ms calls(last=  1,win= 126,total=6798) (win 19.4% | avg 20.4% budget)
  system.ai_update                 win=  3.100ms avg=  3.255ms p95=  5.687ms max= 17.704ms calls(last=  1,win= 126,total=6798) (win 18.6% | avg 19.5% budget)
  enemy.update                     win=  3.094ms avg=  3.249ms p95=  5.676ms max= 17.699ms calls(last=  1,win= 126,total=6798) (win 18.6% | avg 19.5% budget)
  frame.render.overlay             win=  3.053ms avg=  3.053ms p95=  3.683ms max=  6.090ms calls(last=  1,win= 120,total=6523) (win 18.3% | avg 18.3% budget)
  frame.render.world.enemies       win=  1.121ms avg=  1.121ms p95=  1.212ms max=  5.951ms calls(last=  1,win= 120,total=6523) (win 6.7% | avg 6.7% budget)
  frame.render.world.maze          win=  0.896ms avg=  0.896ms p95=  1.049ms max=  3.174ms calls(last=  1,win= 120,total=6523) (win 5.4% | avg 5.4% budget)
  frame.render.world.effects       win=  0.377ms avg=  0.377ms p95=  0.459ms max=  2.627ms calls(last=  1,win= 120,total=6523) (win 2.3% | avg 2.3% budget)
  enemy.physics.frontal_collisions win=  0.254ms avg=  0.267ms p95=  0.477ms max=  0.835ms calls(last=  1,win= 126,total=2081) (win 1.5% | avg 1.6% budget)
  enemy.physics.frontal_grid_build win=  0.182ms avg=  0.191ms p95=  0.345ms max=  0.688ms calls(last=  1,win= 126,total=2081) (win 1.1% | avg 1.1% budget)
  enemy.ai.movement                win=  0.111ms avg=  0.317ms p95=  0.457ms max=  1.183ms calls(last=  2,win= 344,total=6633) (win 0.7% | avg 1.9% budget)
  enemy.ai.decision                win=  0.067ms avg=  0.191ms p95=  0.292ms max=  0.771ms calls(last=  2,win= 344,total=6633) (win 0.4% | avg 1.1% budget)
  enemy.cheap.segment_build        win=  0.049ms avg=  0.035ms p95=  0.106ms max=  0.359ms calls(last=  1,win=  85,total=4092) (win 0.3% | avg 0.2% budget)
  enemy.physics.frontal_pair_traverse win=  0.047ms avg=  0.049ms p95=  0.088ms max=  0.290ms calls(last=  1,win= 126,total=2081) (win 0.3% | avg 0.3% budget)
  system.spawner_update            win=  0.041ms avg=  0.043ms p95=  0.076ms max=  0.453ms calls(last=  1,win= 126,total=6798) (win 0.2% | avg 0.3% budget)
  frame.input_poll                 win=  0.028ms avg=  0.028ms p95=  0.029ms max=  0.238ms calls(last=  1,win= 120,total=6600) (win 0.2% | avg 0.2% budget)
  system.physics_collision         win=  0.027ms avg=  0.028ms p95=  0.049ms max=  0.254ms calls(last=  1,win= 126,total=6798) (win 0.2% | avg 0.2% budget)
  system.player_update             win=  0.027ms avg=  0.028ms p95=  0.047ms max=  0.157ms calls(last=  1,win= 126,total=6076) (win 0.2% | avg 0.2% budget)
  enemy.type.torpedo               win=  0.013ms avg=  0.498ms p95=  0.671ms max=  2.047ms calls(last= 36,win=4536,total=230186) (win 0.1% | avg 3.0% budget)
  enemy.type.drone                 win=  0.009ms avg=  0.331ms p95=  0.481ms max=  1.201ms calls(last= 36,win=4536,total=224590) (win 0.1% | avg 2.0% budget)
[ENEMY_STATS] frame=6600 alive=72 visible=0 full=2 cheap=70 fullInBase=0 pairs(frontal=0 checks=0 separation=0 resolved=0)
[ENEMY_WINDOW] steps=126 alive[min=72 max=72] visible[min=0 max=1] full[min=2 max=3] collisionPasses[runs=126 skips=0]
[ENEMY_SEGMENTS] window=2.100s D{b/s=15.71 avgLen=4.67 fail=0} T{b/s=24.29 avgLen=5.56 fail=0} H{b/s=0.00 avgLen=0.00 fail=0} A{b/s=0.00 avgLen=0.00 fail=0}
[ENEMY_GRID] frontal{cand/s=163.3 xcell/s=1.4 ins/s=164.8} separation{cand/s=163.3}
[ENEMY_COLLISION_WINDOW] frontal{pairs/s=0.0 checks/s=0.0 baseSkip=0 kill=0(0.0%)} separation{pairs/s=0.0 resolved/s=0.0(0.0%) baseSkip=0 kill=0 wallBlock=0}
[ENEMY_NAV_CACHE] playerCell{changes=3 flowRebuilds=3} flow{hit=0 miss=0 hit%=0.0} pathFallback{calls=0 ok=0 ok%=0.0}
[ENEMY_SAP] updates=9072 active=343 pairs=0 repairs{x=1 y=2}
[ENEMY_PAIR_TYPES] frontal DD=0 DT=0 DH=0 DA=0 TT=0 TH=0 TA=0 HH=0 HA=0 AA=0 separation DD=0 DT=0 DH=0 DA=0 TT=0 TH=0 TA=0 HH=0 HA=0 AA=0

[PROFILE] frame=6720 budget=16.667ms alloc(+106/-106, +204464b/-204464b, live=165208b peak=368392b)
  frame.total                      win= 17.496ms avg= 17.496ms p95= 20.986ms max= 86.798ms calls(last=  1,win= 120,total=6720) (win 105.0% | avg 105.0% budget)
  frame.render                     win= 11.781ms avg= 11.781ms p95= 12.579ms max= 86.758ms calls(last=  1,win= 120,total=6720) (win 70.7% | avg 70.7% budget)
  frame.present                    win= 11.774ms avg= 11.774ms p95= 12.572ms max= 86.752ms calls(last=  1,win= 120,total=6720) (win 70.6% | avg 70.6% budget)
  frame.fixed_step                 win=  5.361ms avg=  5.674ms p95=  9.907ms max= 20.249ms calls(last=  1,win= 127,total=7005) (win 32.2% | avg 34.0% budget)
  frame.render.world               win=  4.471ms avg=  8.943ms p95=  9.270ms max= 20.167ms calls(last=  2,win= 240,total=13286) (win 26.8% | avg 53.7% budget)
  game.update                      win=  3.382ms avg=  3.579ms p95=  6.068ms max= 17.836ms calls(last=  1,win= 127,total=6925) (win 20.3% | avg 21.5% budget)
  system.ai_update                 win=  3.242ms avg=  3.431ms p95=  5.831ms max= 17.704ms calls(last=  1,win= 127,total=6925) (win 19.5% | avg 20.6% budget)
  enemy.update                     win=  3.236ms avg=  3.425ms p95=  5.820ms max= 17.699ms calls(last=  1,win= 127,total=6925) (win 19.4% | avg 20.5% budget)
  frame.render.overlay             win=  3.053ms avg=  3.053ms p95=  3.717ms max=  6.090ms calls(last=  1,win= 120,total=6643) (win 18.3% | avg 18.3% budget)
  frame.render.world.enemies       win=  1.118ms avg=  1.118ms p95=  1.260ms max=  5.951ms calls(last=  1,win= 120,total=6643) (win 6.7% | avg 6.7% budget)
  frame.render.world.maze          win=  0.939ms avg=  0.939ms p95=  1.079ms max=  3.174ms calls(last=  1,win= 120,total=6643) (win 5.6% | avg 5.6% budget)
  enemy.torpedo.select_heading     win=  0.721ms avg=  0.006ms p95=  0.000ms max=  0.721ms calls(last=  0,win=   1,total=51) (win 4.3% | avg 0.0% budget)
  frame.render.world.effects       win=  0.377ms avg=  0.377ms p95=  0.464ms max=  2.627ms calls(last=  1,win= 120,total=6643) (win 2.3% | avg 2.3% budget)
  enemy.physics.frontal_collisions win=  0.250ms avg=  0.264ms p95=  0.473ms max=  0.835ms calls(last=  1,win= 127,total=2208) (win 1.5% | avg 1.6% budget)
  enemy.physics.frontal_grid_build win=  0.181ms avg=  0.192ms p95=  0.343ms max=  0.688ms calls(last=  1,win= 127,total=2208) (win 1.1% | avg 1.1% budget)
  enemy.ai.movement                win=  0.112ms avg=  0.335ms p95=  0.558ms max=  1.183ms calls(last=  2,win= 358,total=6991) (win 0.7% | avg 2.0% budget)
  enemy.ai.decision                win=  0.070ms avg=  0.209ms p95=  0.354ms max=  0.884ms calls(last=  2,win= 358,total=6991) (win 0.4% | avg 1.3% budget)
  enemy.cheap.segment_build        win=  0.051ms avg=  0.034ms p95=  0.100ms max=  0.359ms calls(last=  0,win=  81,total=4173) (win 0.3% | avg 0.2% budget)
  enemy.physics.frontal_pair_traverse win=  0.044ms avg=  0.047ms p95=  0.080ms max=  0.290ms calls(last=  1,win= 127,total=2208) (win 0.3% | avg 0.3% budget)
  system.spawner_update            win=  0.041ms avg=  0.043ms p95=  0.077ms max=  0.453ms calls(last=  1,win= 127,total=6925) (win 0.2% | avg 0.3% budget)
  frame.input_poll                 win=  0.027ms avg=  0.027ms p95=  0.028ms max=  0.238ms calls(last=  1,win= 120,total=6720) (win 0.2% | avg 0.2% budget)
  system.physics_collision         win=  0.027ms avg=  0.029ms p95=  0.046ms max=  0.254ms calls(last=  1,win= 127,total=6925) (win 0.2% | avg 0.2% budget)
  system.player_update             win=  0.025ms avg=  0.027ms p95=  0.037ms max=  0.157ms calls(last=  1,win= 127,total=6203) (win 0.2% | avg 0.2% budget)
  enemy.type.torpedo               win=  0.013ms avg=  0.511ms p95=  0.761ms max=  2.047ms calls(last= 36,win=4572,total=234758) (win 0.1% | avg 3.1% budget)
[ENEMY_STATS] frame=6720 alive=72 visible=0 full=2 cheap=70 fullInBase=0 pairs(frontal=0 checks=0 separation=0 resolved=0)
[ENEMY_WINDOW] steps=127 alive[min=72 max=72] visible[min=0 max=0] full[min=2 max=4] collisionPasses[runs=127 skips=0]
[ENEMY_SEGMENTS] window=2.117s D{b/s=14.65 avgLen=5.27 fail=0} T{b/s=23.62 avgLen=6.50 fail=0} H{b/s=0.00 avgLen=0.00 fail=0} A{b/s=0.00 avgLen=0.00 fail=0}
[ENEMY_GRID] frontal{cand/s=169.1 xcell/s=1.4 ins/s=170.6} separation{cand/s=169.1}
[ENEMY_COLLISION_WINDOW] frontal{pairs/s=0.0 checks/s=0.0 baseSkip=0 kill=0(0.0%)} separation{pairs/s=0.0 resolved/s=0.0(0.0%) baseSkip=0 kill=0 wallBlock=0}
[ENEMY_NAV_CACHE] playerCell{changes=4 flowRebuilds=4} flow{hit=0 miss=0 hit%=0.0} pathFallback{calls=0 ok=0 ok%=0.0}
[ENEMY_SAP] updates=9144 active=358 pairs=0 repairs{x=107 y=103}
[ENEMY_PAIR_TYPES] frontal DD=0 DT=0 DH=0 DA=0 TT=0 TH=0 TA=0 HH=0 HA=0 AA=0 separation DD=0 DT=0 DH=0 DA=0 TT=0 TH=0 TA=0 HH=0 HA=0 AA=0
[TORPEDO_HEADING] eval/s=0.47 retreat/s=0.00 pick[straight=0.0% left=100.0% right=0.0%] clear[best=15.00 chosen=15.00]

[PROFILE] frame=6840 budget=16.667ms alloc(+103/-103, +204376b/-204376b, live=165208b peak=368392b)
  frame.total                      win= 17.343ms avg= 17.343ms p95= 20.640ms max= 86.798ms calls(last=  1,win= 120,total=6840) (win 104.1% | avg 104.1% budget)
  frame.render                     win= 11.921ms avg= 11.921ms p95= 12.609ms max= 86.758ms calls(last=  1,win= 120,total=6840) (win 71.5% | avg 71.5% budget)
  frame.present                    win= 11.914ms avg= 11.914ms p95= 12.602ms max= 86.752ms calls(last=  1,win= 120,total=6840) (win 71.5% | avg 71.5% budget)
  frame.fixed_step                 win=  5.165ms avg=  5.380ms p95=  9.573ms max= 20.249ms calls(last=  1,win= 125,total=7130) (win 31.0% | avg 32.3% budget)
  frame.render.world               win=  4.484ms avg=  8.967ms p95=  9.416ms max= 20.167ms calls(last=  2,win= 240,total=13526) (win 26.9% | avg 53.8% budget)
  game.update                      win=  3.180ms avg=  3.313ms p95=  5.644ms max= 17.836ms calls(last=  1,win= 125,total=7050) (win 19.1% | avg 19.9% budget)
  frame.render.overlay             win=  3.056ms avg=  3.056ms p95=  3.728ms max=  6.090ms calls(last=  1,win= 120,total=6763) (win 18.3% | avg 18.3% budget)
  system.ai_update                 win=  3.042ms avg=  3.169ms p95=  5.396ms max= 17.704ms calls(last=  1,win= 125,total=7050) (win 18.3% | avg 19.0% budget)
  enemy.update                     win=  3.036ms avg=  3.163ms p95=  5.385ms max= 17.699ms calls(last=  1,win= 125,total=7050) (win 18.2% | avg 19.0% budget)
  frame.render.world.enemies       win=  1.151ms avg=  1.151ms p95=  1.326ms max=  5.951ms calls(last=  1,win= 120,total=6763) (win 6.9% | avg 6.9% budget)
  frame.render.world.maze          win=  0.901ms avg=  0.901ms p95=  1.014ms max=  3.174ms calls(last=  1,win= 120,total=6763) (win 5.4% | avg 5.4% budget)
  frame.render.world.effects       win=  0.389ms avg=  0.389ms p95=  0.497ms max=  2.627ms calls(last=  1,win= 120,total=6763) (win 2.3% | avg 2.3% budget)
  enemy.physics.frontal_collisions win=  0.245ms avg=  0.256ms p95=  0.306ms max=  0.835ms calls(last=  1,win= 125,total=2333) (win 1.5% | avg 1.5% budget)
  enemy.physics.frontal_grid_build win=  0.176ms avg=  0.184ms p95=  0.220ms max=  0.688ms calls(last=  1,win= 125,total=2333) (win 1.1% | avg 1.1% budget)
  enemy.ai.movement                win=  0.101ms avg=  0.290ms p95=  0.377ms max=  1.183ms calls(last=  3,win= 343,total=7334) (win 0.6% | avg 1.7% budget)
  enemy.ai.decision                win=  0.056ms avg=  0.159ms p95=  0.214ms max=  0.884ms calls(last=  3,win= 343,total=7334) (win 0.3% | avg 1.0% budget)
  enemy.cheap.segment_build        win=  0.053ms avg=  0.030ms p95=  0.103ms max=  0.359ms calls(last=  0,win=  67,total=4240) (win 0.3% | avg 0.2% budget)
  enemy.physics.frontal_pair_traverse win=  0.044ms avg=  0.046ms p95=  0.082ms max=  0.290ms calls(last=  1,win= 125,total=2333) (win 0.3% | avg 0.3% budget)
  system.spawner_update            win=  0.042ms avg=  0.044ms p95=  0.079ms max=  0.453ms calls(last=  1,win= 125,total=7050) (win 0.3% | avg 0.3% budget)
  frame.input_poll                 win=  0.028ms avg=  0.028ms p95=  0.028ms max=  0.238ms calls(last=  1,win= 120,total=6840) (win 0.2% | avg 0.2% budget)
  system.player_update             win=  0.027ms avg=  0.028ms p95=  0.042ms max=  0.157ms calls(last=  1,win= 125,total=6328) (win 0.2% | avg 0.2% budget)
  system.physics_collision         win=  0.026ms avg=  0.027ms p95=  0.033ms max=  0.254ms calls(last=  1,win= 125,total=7050) (win 0.2% | avg 0.2% budget)
  enemy.type.torpedo               win=  0.012ms avg=  0.468ms p95=  0.685ms max=  2.047ms calls(last= 36,win=4500,total=239258) (win 0.1% | avg 2.8% budget)
  enemy.type.drone                 win=  0.008ms avg=  0.296ms p95=  0.445ms max=  1.201ms calls(last= 36,win=4500,total=233662) (win 0.0% | avg 1.8% budget)
[ENEMY_STATS] frame=6840 alive=72 visible=0 full=3 cheap=69 fullInBase=0 pairs(frontal=0 checks=0 separation=0 resolved=0)
[ENEMY_WINDOW] steps=125 alive[min=72 max=72] visible[min=0 max=0] full[min=2 max=3] collisionPasses[runs=125 skips=0]
[ENEMY_SEGMENTS] window=2.083s D{b/s=12.48 avgLen=4.87 fail=0} T{b/s=19.68 avgLen=6.62 fail=0} H{b/s=0.00 avgLen=0.00 fail=0} A{b/s=0.00 avgLen=0.00 fail=0}
[ENEMY_GRID] frontal{cand/s=165.1 xcell/s=1.0 ins/s=166.1} separation{cand/s=165.1}
[ENEMY_COLLISION_WINDOW] frontal{pairs/s=0.0 checks/s=0.0 baseSkip=0 kill=0(0.0%)} separation{pairs/s=0.0 resolved/s=0.0(0.0%) baseSkip=0 kill=0 wallBlock=0}
[ENEMY_NAV_CACHE] playerCell{changes=3 flowRebuilds=3} flow{hit=0 miss=0 hit%=0.0} pathFallback{calls=0 ok=0 ok%=0.0}
[ENEMY_SAP] updates=9000 active=344 pairs=0 repairs{x=4 y=5}
[ENEMY_PAIR_TYPES] frontal DD=0 DT=0 DH=0 DA=0 TT=0 TH=0 TA=0 HH=0 HA=0 AA=0 separation DD=0 DT=0 DH=0 DA=0 TT=0 TH=0 TA=0 HH=0 HA=0 AA=0

[PROFILE] frame=6960 budget=16.667ms alloc(+112/-112, +204640b/-204640b, live=165208b peak=368392b)
  frame.total                      win= 17.369ms avg= 17.369ms p95= 21.068ms max= 86.798ms calls(last=  1,win= 120,total=6960) (win 104.2% | avg 104.2% budget)
  frame.render                     win= 11.784ms avg= 11.784ms p95= 12.472ms max= 86.758ms calls(last=  1,win= 120,total=6960) (win 70.7% | avg 70.7% budget)
  frame.present                    win= 11.777ms avg= 11.777ms p95= 12.464ms max= 86.752ms calls(last=  1,win= 120,total=6960) (win 70.7% | avg 70.7% budget)
  frame.fixed_step                 win=  5.280ms avg=  5.544ms p95=  9.952ms max= 20.249ms calls(last=  1,win= 126,total=7256) (win 31.7% | avg 33.3% budget)
  frame.render.world               win=  4.452ms avg=  8.903ms p95=  9.434ms max= 20.167ms calls(last=  2,win= 240,total=13766) (win 26.7% | avg 53.4% budget)
  game.update                      win=  3.314ms avg=  3.479ms p95=  6.131ms max= 17.836ms calls(last=  1,win= 126,total=7176) (win 19.9% | avg 20.9% budget)
  system.ai_update                 win=  3.179ms avg=  3.338ms p95=  5.878ms max= 17.704ms calls(last=  1,win= 126,total=7176) (win 19.1% | avg 20.0% budget)
  enemy.update                     win=  3.173ms avg=  3.332ms p95=  5.866ms max= 17.699ms calls(last=  1,win= 126,total=7176) (win 19.0% | avg 20.0% budget)
  frame.render.overlay             win=  3.075ms avg=  3.075ms p95=  3.815ms max=  6.090ms calls(last=  1,win= 120,total=6883) (win 18.5% | avg 18.5% budget)
  frame.render.world.enemies       win=  1.138ms avg=  1.138ms p95=  1.262ms max=  5.951ms calls(last=  1,win= 120,total=6883) (win 6.8% | avg 6.8% budget)
  frame.render.world.maze          win=  0.895ms avg=  0.895ms p95=  1.019ms max=  3.174ms calls(last=  1,win= 120,total=6883) (win 5.4% | avg 5.4% budget)
  frame.render.world.effects       win=  0.386ms avg=  0.386ms p95=  0.481ms max=  2.627ms calls(last=  1,win= 120,total=6883) (win 2.3% | avg 2.3% budget)
  enemy.torpedo.select_heading     win=  0.363ms avg=  0.018ms p95=  0.000ms max=  0.721ms calls(last=  0,win=   6,total=57) (win 2.2% | avg 0.1% budget)
  enemy.physics.frontal_collisions win=  0.260ms avg=  0.273ms p95=  0.476ms max=  0.835ms calls(last=  1,win= 126,total=2459) (win 1.6% | avg 1.6% budget)
  enemy.physics.frontal_grid_build win=  0.180ms avg=  0.188ms p95=  0.344ms max=  0.688ms calls(last=  1,win= 126,total=2459) (win 1.1% | avg 1.1% budget)
  enemy.ai.movement                win=  0.100ms avg=  0.405ms p95=  0.570ms max=  1.232ms calls(last=  4,win= 484,total=7818) (win 0.6% | avg 2.4% budget)
  enemy.ai.decision                win=  0.060ms avg=  0.242ms p95=  0.472ms max=  0.884ms calls(last=  4,win= 484,total=7818) (win 0.4% | avg 1.5% budget)
  enemy.physics.frontal_pair_traverse win=  0.053ms avg=  0.056ms p95=  0.102ms max=  0.290ms calls(last=  1,win= 126,total=2459) (win 0.3% | avg 0.3% budget)
  enemy.cheap.segment_build        win=  0.049ms avg=  0.034ms p95=  0.122ms max=  0.359ms calls(last=  0,win=  83,total=4323) (win 0.3% | avg 0.2% budget)
  system.spawner_update            win=  0.041ms avg=  0.043ms p95=  0.078ms max=  0.453ms calls(last=  1,win= 126,total=7176) (win 0.2% | avg 0.3% budget)
  frame.input_poll                 win=  0.028ms avg=  0.028ms p95=  0.028ms max=  0.238ms calls(last=  1,win= 120,total=6960) (win 0.2% | avg 0.2% budget)
  system.player_update             win=  0.026ms avg=  0.027ms p95=  0.039ms max=  0.157ms calls(last=  1,win= 126,total=6454) (win 0.2% | avg 0.2% budget)
  system.physics_collision         win=  0.025ms avg=  0.027ms p95=  0.046ms max=  0.254ms calls(last=  1,win= 126,total=7176) (win 0.2% | avg 0.2% budget)
  enemy.type.torpedo               win=  0.019ms avg=  0.726ms p95=  1.148ms max=  2.047ms calls(last= 36,win=4536,total=243794) (win 0.1% | avg 4.4% budget)
[ENEMY_STATS] frame=6960 alive=72 visible=1 full=4 cheap=68 fullInBase=0 pairs(frontal=0 checks=0 separation=0 resolved=0)
[ENEMY_WINDOW] steps=126 alive[min=72 max=72] visible[min=0 max=1] full[min=3 max=5] collisionPasses[runs=126 skips=0]
[ENEMY_SEGMENTS] window=2.100s D{b/s=14.29 avgLen=5.15 fail=0} T{b/s=24.76 avgLen=6.10 fail=2} H{b/s=0.00 avgLen=0.00 fail=0} A{b/s=0.00 avgLen=0.00 fail=0}
[ENEMY_GRID] frontal{cand/s=231.0 xcell/s=2.9 ins/s=233.8} separation{cand/s=231.0}
[ENEMY_COLLISION_WINDOW] frontal{pairs/s=0.0 checks/s=0.0 baseSkip=0 kill=0(0.0%)} separation{pairs/s=0.0 resolved/s=0.0(0.0%) baseSkip=0 kill=0 wallBlock=0}
[ENEMY_NAV_CACHE] playerCell{changes=2 flowRebuilds=2} flow{hit=0 miss=0 hit%=0.0} pathFallback{calls=0 ok=0 ok%=0.0}
[ENEMY_SAP] updates=9072 active=485 pairs=0 repairs{x=85 y=89}
[ENEMY_PAIR_TYPES] frontal DD=0 DT=0 DH=0 DA=0 TT=0 TH=0 TA=0 HH=0 HA=0 AA=0 separation DD=0 DT=0 DH=0 DA=0 TT=0 TH=0 TA=0 HH=0 HA=0 AA=0
[TORPEDO_HEADING] eval/s=2.86 retreat/s=0.00 pick[straight=66.7% left=16.7% right=16.7%] clear[best=14.30 chosen=14.30]

[PROFILE] frame=7080 budget=16.667ms alloc(+111/-111, +204632b/-204632b, live=165208b peak=368392b)
  frame.total                      win= 17.435ms avg= 17.435ms p95= 21.240ms max= 86.798ms calls(last=  1,win= 120,total=7080) (win 104.6% | avg 104.6% budget)
  frame.render                     win= 11.672ms avg= 11.672ms p95= 12.085ms max= 86.758ms calls(last=  1,win= 120,total=7080) (win 70.0% | avg 70.0% budget)
  frame.present                    win= 11.665ms avg= 11.665ms p95= 12.078ms max= 86.752ms calls(last=  1,win= 120,total=7080) (win 70.0% | avg 70.0% budget)
  frame.fixed_step                 win=  5.450ms avg=  5.722ms p95= 10.222ms max= 20.249ms calls(last=  1,win= 126,total=7382) (win 32.7% | avg 34.3% budget)
  frame.render.world               win=  4.504ms avg=  9.009ms p95=  9.398ms max= 20.167ms calls(last=  2,win= 240,total=14006) (win 27.0% | avg 54.1% budget)
  game.update                      win=  3.479ms avg=  3.653ms p95=  6.356ms max= 17.836ms calls(last=  1,win= 126,total=7302) (win 20.9% | avg 21.9% budget)
  system.ai_update                 win=  3.341ms avg=  3.508ms p95=  6.107ms max= 17.704ms calls(last=  1,win= 126,total=7302) (win 20.0% | avg 21.0% budget)
  enemy.update                     win=  3.335ms avg=  3.501ms p95=  6.095ms max= 17.699ms calls(last=  1,win= 126,total=7302) (win 20.0% | avg 21.0% budget)
  frame.render.overlay             win=  3.100ms avg=  3.100ms p95=  3.769ms max=  6.090ms calls(last=  1,win= 120,total=7003) (win 18.6% | avg 18.6% budget)
  frame.render.world.enemies       win=  1.201ms avg=  1.201ms p95=  1.305ms max=  5.951ms calls(last=  1,win= 120,total=7003) (win 7.2% | avg 7.2% budget)
  frame.render.world.maze          win=  0.858ms avg=  0.858ms p95=  0.996ms max=  3.174ms calls(last=  1,win= 120,total=7003) (win 5.1% | avg 5.1% budget)
  frame.render.world.effects       win=  0.405ms avg=  0.405ms p95=  0.528ms max=  2.627ms calls(last=  1,win= 120,total=7003) (win 2.4% | avg 2.4% budget)
  enemy.torpedo.select_heading     win=  0.369ms avg=  0.012ms p95=  0.000ms max=  0.721ms calls(last=  0,win=   4,total=61) (win 2.2% | avg 0.1% budget)
  enemy.physics.frontal_collisions win=  0.248ms avg=  0.260ms p95=  0.323ms max=  0.835ms calls(last=  1,win= 126,total=2585) (win 1.5% | avg 1.6% budget)
  enemy.physics.frontal_grid_build win=  0.177ms avg=  0.186ms p95=  0.237ms max=  0.688ms calls(last=  1,win= 126,total=2585) (win 1.1% | avg 1.1% budget)
  enemy.ai.movement                win=  0.109ms avg=  0.459ms p95=  0.651ms max=  1.232ms calls(last=  4,win= 504,total=8322) (win 0.7% | avg 2.8% budget)
  enemy.ai.decision                win=  0.068ms avg=  0.285ms p95=  0.485ms max=  0.884ms calls(last=  4,win= 504,total=8322) (win 0.4% | avg 1.7% budget)
  enemy.cheap.segment_build        win=  0.053ms avg=  0.033ms p95=  0.111ms max=  0.359ms calls(last=  1,win=  74,total=4397) (win 0.3% | avg 0.2% budget)
  enemy.physics.frontal_pair_traverse win=  0.044ms avg=  0.046ms p95=  0.083ms max=  0.290ms calls(last=  1,win= 126,total=2585) (win 0.3% | avg 0.3% budget)
  system.spawner_update            win=  0.042ms avg=  0.044ms p95=  0.078ms max=  0.453ms calls(last=  1,win= 126,total=7302) (win 0.2% | avg 0.3% budget)
  system.physics_collision         win=  0.027ms avg=  0.029ms p95=  0.046ms max=  0.254ms calls(last=  1,win= 126,total=7302) (win 0.2% | avg 0.2% budget)
  frame.input_poll                 win=  0.027ms avg=  0.027ms p95=  0.029ms max=  0.238ms calls(last=  1,win= 120,total=7080) (win 0.2% | avg 0.2% budget)
  system.player_update             win=  0.026ms avg=  0.027ms p95=  0.041ms max=  0.157ms calls(last=  1,win= 126,total=6580) (win 0.2% | avg 0.2% budget)
  enemy.type.torpedo               win=  0.021ms avg=  0.801ms p95=  1.233ms max=  2.047ms calls(last= 36,win=4536,total=248330) (win 0.1% | avg 4.8% budget)
[ENEMY_STATS] frame=7080 alive=72 visible=3 full=4 cheap=68 fullInBase=0 pairs(frontal=0 checks=0 separation=0 resolved=0)
[ENEMY_WINDOW] steps=126 alive[min=72 max=72] visible[min=1 max=3] full[min=4 max=4] collisionPasses[runs=126 skips=0]
[ENEMY_SEGMENTS] window=2.100s D{b/s=13.33 avgLen=5.28 fail=0} T{b/s=21.43 avgLen=5.91 fail=0} H{b/s=0.00 avgLen=0.00 fail=0} A{b/s=0.00 avgLen=0.00 fail=0}
[ENEMY_GRID] frontal{cand/s=240.0 xcell/s=2.4 ins/s=242.4} separation{cand/s=240.0}
[ENEMY_COLLISION_WINDOW] frontal{pairs/s=0.0 checks/s=0.0 baseSkip=0 kill=0(0.0%)} separation{pairs/s=0.0 resolved/s=0.0(0.0%) baseSkip=0 kill=0 wallBlock=0}
[ENEMY_NAV_CACHE] playerCell{changes=3 flowRebuilds=3} flow{hit=0 miss=0 hit%=0.0} pathFallback{calls=0 ok=0 ok%=0.0}
[ENEMY_SAP] updates=9072 active=504 pairs=0 repairs{x=0 y=0}
[ENEMY_PAIR_TYPES] frontal DD=0 DT=0 DH=0 DA=0 TT=0 TH=0 TA=0 HH=0 HA=0 AA=0 separation DD=0 DT=0 DH=0 DA=0 TT=0 TH=0 TA=0 HH=0 HA=0 AA=0
[TORPEDO_HEADING] eval/s=1.90 retreat/s=0.00 pick[straight=25.0% left=50.0% right=25.0%] clear[best=14.71 chosen=14.71]

[PROFILE] frame=7200 budget=16.667ms alloc(+109/-109, +204584b/-204584b, live=165208b peak=368392b)
  frame.total                      win= 17.459ms avg= 17.459ms p95= 21.257ms max= 86.798ms calls(last=  1,win= 120,total=7200) (win 104.8% | avg 104.8% budget)
  frame.render                     win= 11.694ms avg= 11.694ms p95= 12.338ms max= 86.758ms calls(last=  1,win= 120,total=7200) (win 70.2% | avg 70.2% budget)
  frame.present                    win= 11.687ms avg= 11.687ms p95= 12.331ms max= 86.752ms calls(last=  1,win= 120,total=7200) (win 70.1% | avg 70.1% budget)
  frame.fixed_step                 win=  5.409ms avg=  5.725ms p95= 10.150ms max= 20.249ms calls(last=  1,win= 127,total=7509) (win 32.5% | avg 34.3% budget)
  frame.render.world               win=  4.506ms avg=  9.012ms p95=  9.449ms max= 20.167ms calls(last=  2,win= 240,total=14246) (win 27.0% | avg 54.1% budget)
  game.update                      win=  3.450ms avg=  3.651ms p95=  6.288ms max= 17.836ms calls(last=  1,win= 127,total=7429) (win 20.7% | avg 21.9% budget)
  system.ai_update                 win=  3.313ms avg=  3.507ms p95=  6.033ms max= 17.704ms calls(last=  1,win= 127,total=7429) (win 19.9% | avg 21.0% budget)
  enemy.update                     win=  3.307ms avg=  3.500ms p95=  6.021ms max= 17.699ms calls(last=  1,win= 127,total=7429) (win 19.8% | avg 21.0% budget)
  frame.render.overlay             win=  3.059ms avg=  3.059ms p95=  3.825ms max=  6.090ms calls(last=  1,win= 120,total=7123) (win 18.4% | avg 18.4% budget)
  frame.render.world.enemies       win=  1.193ms avg=  1.193ms p95=  1.335ms max=  5.951ms calls(last=  1,win= 120,total=7123) (win 7.2% | avg 7.2% budget)
  frame.render.world.maze          win=  0.911ms avg=  0.911ms p95=  1.078ms max=  3.174ms calls(last=  1,win= 120,total=7123) (win 5.5% | avg 5.5% budget)
  frame.render.world.effects       win=  0.417ms avg=  0.417ms p95=  0.530ms max=  2.627ms calls(last=  1,win= 120,total=7123) (win 2.5% | avg 2.5% budget)
  enemy.torpedo.select_heading     win=  0.353ms avg=  0.009ms p95=  0.000ms max=  0.721ms calls(last=  0,win=   3,total=64) (win 2.1% | avg 0.1% budget)
  enemy.physics.frontal_collisions win=  0.246ms avg=  0.260ms p95=  0.477ms max=  0.835ms calls(last=  1,win= 127,total=2712) (win 1.5% | avg 1.6% budget)
  enemy.physics.frontal_grid_build win=  0.176ms avg=  0.186ms p95=  0.343ms max=  0.688ms calls(last=  1,win= 127,total=2712) (win 1.1% | avg 1.1% budget)
  enemy.ai.movement                win=  0.109ms avg=  0.463ms p95=  0.851ms max=  1.232ms calls(last=  4,win= 508,total=8830) (win 0.7% | avg 2.8% budget)
  enemy.ai.decision                win=  0.065ms avg=  0.276ms p95=  0.507ms max=  0.884ms calls(last=  4,win= 508,total=8830) (win 0.4% | avg 1.7% budget)
  enemy.cheap.segment_build        win=  0.056ms avg=  0.036ms p95=  0.103ms max=  0.359ms calls(last=  0,win=  77,total=4474) (win 0.3% | avg 0.2% budget)
  enemy.physics.frontal_pair_traverse win=  0.045ms avg=  0.047ms p95=  0.083ms max=  0.290ms calls(last=  1,win= 127,total=2712) (win 0.3% | avg 0.3% budget)
  system.spawner_update            win=  0.041ms avg=  0.044ms p95=  0.078ms max=  0.453ms calls(last=  1,win= 127,total=7429) (win 0.2% | avg 0.3% budget)
  frame.input_poll                 win=  0.027ms avg=  0.027ms p95=  0.029ms max=  0.238ms calls(last=  1,win= 120,total=7200) (win 0.2% | avg 0.2% budget)
  system.physics_collision         win=  0.026ms avg=  0.028ms p95=  0.046ms max=  0.254ms calls(last=  1,win= 127,total=7429) (win 0.2% | avg 0.2% budget)
  system.player_update             win=  0.026ms avg=  0.028ms p95=  0.044ms max=  0.157ms calls(last=  1,win= 127,total=6707) (win 0.2% | avg 0.2% budget)
  enemy.type.torpedo               win=  0.021ms avg=  0.796ms p95=  1.369ms max=  2.047ms calls(last= 36,win=4572,total=252902) (win 0.1% | avg 4.8% budget)
[ENEMY_STATS] frame=7200 alive=72 visible=2 full=4 cheap=68 fullInBase=0 pairs(frontal=0 checks=0 separation=0 resolved=0)
[ENEMY_WINDOW] steps=127 alive[min=72 max=72] visible[min=2 max=3] full[min=4 max=4] collisionPasses[runs=127 skips=0]
[ENEMY_SEGMENTS] window=2.117s D{b/s=16.54 avgLen=4.62 fail=0} T{b/s=20.31 avgLen=6.34 fail=0} H{b/s=0.00 avgLen=0.00 fail=0} A{b/s=0.00 avgLen=0.00 fail=0}
[ENEMY_GRID] frontal{cand/s=240.0 xcell/s=2.4 ins/s=242.4} separation{cand/s=240.0}
[ENEMY_COLLISION_WINDOW] frontal{pairs/s=0.0 checks/s=0.0 baseSkip=0 kill=0(0.0%)} separation{pairs/s=0.0 resolved/s=0.0(0.0%) baseSkip=0 kill=0 wallBlock=0}
[ENEMY_NAV_CACHE] playerCell{changes=3 flowRebuilds=3} flow{hit=0 miss=0 hit%=0.0} pathFallback{calls=0 ok=0 ok%=0.0}
[ENEMY_SAP] updates=9144 active=508 pairs=0 repairs{x=1 y=7}
[ENEMY_PAIR_TYPES] frontal DD=0 DT=0 DH=0 DA=0 TT=0 TH=0 TA=0 HH=0 HA=0 AA=0 separation DD=0 DT=0 DH=0 DA=0 TT=0 TH=0 TA=0 HH=0 HA=0 AA=0
[TORPEDO_HEADING] eval/s=1.42 retreat/s=0.00 pick[straight=33.3% left=66.7% right=0.0%] clear[best=15.00 chosen=15.00]

[PROFILE] frame=7320 budget=16.667ms alloc(+212/-212, +408928b/-408928b, live=165208b peak=368392b)
  frame.total                      win= 17.400ms avg= 17.400ms p95= 21.074ms max= 86.798ms calls(last=  1,win= 120,total=7320) (win 104.4% | avg 104.4% budget)
  frame.render                     win= 11.807ms avg= 11.807ms p95= 12.552ms max= 86.758ms calls(last=  1,win= 120,total=7320) (win 70.8% | avg 70.8% budget)
  frame.present                    win= 11.800ms avg= 11.800ms p95= 12.544ms max= 86.752ms calls(last=  1,win= 120,total=7320) (win 70.8% | avg 70.8% budget)
  frame.fixed_step                 win=  5.288ms avg=  5.552ms p95=  9.816ms max= 20.249ms calls(last=  2,win= 126,total=7635) (win 31.7% | avg 33.3% budget)
  frame.render.world               win=  4.555ms avg=  9.110ms p95=  9.580ms max= 20.167ms calls(last=  2,win= 240,total=14486) (win 27.3% | avg 54.7% budget)
  game.update                      win=  3.322ms avg=  3.488ms p95=  5.997ms max= 17.836ms calls(last=  2,win= 126,total=7555) (win 19.9% | avg 20.9% budget)
  system.ai_update                 win=  3.183ms avg=  3.343ms p95=  5.744ms max= 17.704ms calls(last=  2,win= 126,total=7555) (win 19.1% | avg 20.1% budget)
  enemy.update                     win=  3.177ms avg=  3.336ms p95=  5.732ms max= 17.699ms calls(last=  2,win= 126,total=7555) (win 19.1% | avg 20.0% budget)
  frame.render.overlay             win=  3.055ms avg=  3.055ms p95=  3.716ms max=  6.090ms calls(last=  1,win= 120,total=7243) (win 18.3% | avg 18.3% budget)
  frame.render.world.enemies       win=  1.198ms avg=  1.198ms p95=  1.432ms max=  5.951ms calls(last=  1,win= 120,total=7243) (win 7.2% | avg 7.2% budget)
  frame.render.world.maze          win=  0.919ms avg=  0.919ms p95=  1.029ms max=  3.174ms calls(last=  1,win= 120,total=7243) (win 5.5% | avg 5.5% budget)
  frame.render.world.effects       win=  0.397ms avg=  0.397ms p95=  0.496ms max=  2.627ms calls(last=  1,win= 120,total=7243) (win 2.4% | avg 2.4% budget)
  enemy.torpedo.select_heading     win=  0.293ms avg=  0.007ms p95=  0.000ms max=  0.721ms calls(last=  0,win=   3,total=67) (win 1.8% | avg 0.0% budget)
  enemy.physics.frontal_collisions win=  0.249ms avg=  0.262ms p95=  0.480ms max=  0.835ms calls(last=  2,win= 126,total=2838) (win 1.5% | avg 1.6% budget)
  enemy.physics.frontal_grid_build win=  0.180ms avg=  0.189ms p95=  0.343ms max=  0.688ms calls(last=  2,win= 126,total=2838) (win 1.1% | avg 1.1% budget)
  enemy.ai.movement                win=  0.112ms avg=  0.372ms p95=  0.641ms max=  1.232ms calls(last=  6,win= 399,total=9229) (win 0.7% | avg 2.2% budget)
  enemy.ai.decision                win=  0.062ms avg=  0.207ms p95=  0.359ms max=  0.884ms calls(last=  6,win= 399,total=9229) (win 0.4% | avg 1.2% budget)
  enemy.cheap.segment_build        win=  0.055ms avg=  0.037ms p95=  0.106ms max=  0.359ms calls(last=  1,win=  82,total=4556) (win 0.3% | avg 0.2% budget)
  enemy.physics.frontal_pair_traverse win=  0.044ms avg=  0.046ms p95=  0.056ms max=  0.290ms calls(last=  2,win= 126,total=2838) (win 0.3% | avg 0.3% budget)
  system.spawner_update            win=  0.042ms avg=  0.044ms p95=  0.079ms max=  0.453ms calls(last=  2,win= 126,total=7555) (win 0.3% | avg 0.3% budget)
  frame.input_poll                 win=  0.028ms avg=  0.028ms p95=  0.029ms max=  0.238ms calls(last=  1,win= 120,total=7320) (win 0.2% | avg 0.2% budget)
  system.physics_collision         win=  0.027ms avg=  0.028ms p95=  0.049ms max=  0.254ms calls(last=  2,win= 126,total=7555) (win 0.2% | avg 0.2% budget)
  system.player_update             win=  0.026ms avg=  0.027ms p95=  0.043ms max=  0.157ms calls(last=  2,win= 126,total=6833) (win 0.2% | avg 0.2% budget)
  enemy.type.torpedo               win=  0.016ms avg=  0.623ms p95=  0.976ms max=  2.047ms calls(last= 72,win=4536,total=257438) (win 0.1% | avg 3.7% budget)
[ENEMY_STATS] frame=7320 alive=72 visible=1 full=3 cheap=69 fullInBase=0 pairs(frontal=0 checks=0 separation=0 resolved=0)
[ENEMY_WINDOW] steps=126 alive[min=72 max=72] visible[min=1 max=2] full[min=3 max=4] collisionPasses[runs=126 skips=0]
[ENEMY_SEGMENTS] window=2.100s D{b/s=16.67 avgLen=4.64 fail=0} T{b/s=22.38 avgLen=6.73 fail=0} H{b/s=0.00 avgLen=0.00 fail=0} A{b/s=0.00 avgLen=0.00 fail=0}
[ENEMY_GRID] frontal{cand/s=189.5 xcell/s=2.9 ins/s=192.4} separation{cand/s=189.5}
[ENEMY_COLLISION_WINDOW] frontal{pairs/s=0.0 checks/s=0.0 baseSkip=0 kill=0(0.0%)} separation{pairs/s=0.0 resolved/s=0.0(0.0%) baseSkip=0 kill=0 wallBlock=0}
[ENEMY_NAV_CACHE] playerCell{changes=3 flowRebuilds=3} flow{hit=0 miss=0 hit%=0.0} pathFallback{calls=0 ok=0 ok%=0.0}
[ENEMY_SAP] updates=9072 active=398 pairs=0 repairs{x=3 y=1}
[ENEMY_PAIR_TYPES] frontal DD=0 DT=0 DH=0 DA=0 TT=0 TH=0 TA=0 HH=0 HA=0 AA=0 separation DD=0 DT=0 DH=0 DA=0 TT=0 TH=0 TA=0 HH=0 HA=0 AA=0
[TORPEDO_HEADING] eval/s=1.43 retreat/s=0.00 pick[straight=66.7% left=33.3% right=0.0%] clear[best=15.00 chosen=15.00]

[PROFILE] frame=7440 budget=16.667ms alloc(+101/-101, +203672b/-203672b, live=165208b peak=368392b)
  frame.total                      win= 17.423ms avg= 17.423ms p95= 20.739ms max= 86.798ms calls(last=  1,win= 120,total=7440) (win 104.5% | avg 104.5% budget)
  frame.render                     win= 12.055ms avg= 12.055ms p95= 12.923ms max= 86.758ms calls(last=  1,win= 120,total=7440) (win 72.3% | avg 72.3% budget)
  frame.present                    win= 12.047ms avg= 12.047ms p95= 12.916ms max= 86.752ms calls(last=  1,win= 120,total=7440) (win 72.3% | avg 72.3% budget)
  frame.fixed_step                 win=  5.074ms avg=  5.328ms p95=  9.615ms max= 20.249ms calls(last=  1,win= 126,total=7761) (win 30.4% | avg 32.0% budget)
  frame.render.world               win=  4.656ms avg=  9.312ms p95=  9.754ms max= 20.167ms calls(last=  2,win= 240,total=14726) (win 27.9% | avg 55.9% budget)
  game.update                      win=  3.112ms avg=  3.268ms p95=  5.685ms max= 17.836ms calls(last=  1,win= 126,total=7681) (win 18.7% | avg 19.6% budget)
  frame.render.overlay             win=  3.073ms avg=  3.073ms p95=  3.742ms max=  6.090ms calls(last=  1,win= 120,total=7363) (win 18.4% | avg 18.4% budget)
  system.ai_update                 win=  2.976ms avg=  3.125ms p95=  5.453ms max= 17.704ms calls(last=  1,win= 126,total=7681) (win 17.9% | avg 18.7% budget)
  enemy.update                     win=  2.970ms avg=  3.118ms p95=  5.442ms max= 17.699ms calls(last=  1,win= 126,total=7681) (win 17.8% | avg 18.7% budget)
  frame.render.world.enemies       win=  1.152ms avg=  1.152ms p95=  1.230ms max=  5.951ms calls(last=  1,win= 120,total=7363) (win 6.9% | avg 6.9% budget)
  frame.render.world.maze          win=  1.059ms avg=  1.059ms p95=  1.152ms max=  3.174ms calls(last=  1,win= 120,total=7363) (win 6.4% | avg 6.4% budget)
  frame.render.world.effects       win=  0.397ms avg=  0.397ms p95=  0.477ms max=  2.627ms calls(last=  1,win= 120,total=7363) (win 2.4% | avg 2.4% budget)
  enemy.torpedo.select_heading     win=  0.340ms avg=  0.009ms p95=  0.000ms max=  0.721ms calls(last=  0,win=   3,total=70) (win 2.0% | avg 0.1% budget)
  enemy.physics.frontal_collisions win=  0.248ms avg=  0.157ms p95=  0.293ms max=  0.835ms calls(last=  0,win=  76,total=2914) (win 1.5% | avg 0.9% budget)
  enemy.physics.frontal_grid_build win=  0.179ms avg=  0.113ms p95=  0.219ms max=  0.688ms calls(last=  0,win=  76,total=2914) (win 1.1% | avg 0.7% budget)
  enemy.ai.movement                win=  0.115ms avg=  0.246ms p95=  0.393ms max=  1.232ms calls(last=  1,win= 257,total=9486) (win 0.7% | avg 1.5% budget)
  enemy.ai.decision                win=  0.078ms avg=  0.167ms p95=  0.342ms max=  0.884ms calls(last=  1,win= 257,total=9486) (win 0.5% | avg 1.0% budget)
  enemy.cheap.segment_build        win=  0.054ms avg=  0.035ms p95=  0.104ms max=  0.359ms calls(last=  0,win=  77,total=4633) (win 0.3% | avg 0.2% budget)
  enemy.physics.frontal_pair_traverse win=  0.044ms avg=  0.028ms p95=  0.046ms max=  0.290ms calls(last=  0,win=  76,total=2914) (win 0.3% | avg 0.2% budget)
  system.spawner_update            win=  0.040ms avg=  0.042ms p95=  0.047ms max=  0.453ms calls(last=  1,win= 126,total=7681) (win 0.2% | avg 0.3% budget)
  frame.input_poll                 win=  0.027ms avg=  0.027ms p95=  0.028ms max=  0.238ms calls(last=  1,win= 120,total=7440) (win 0.2% | avg 0.2% budget)
  system.physics_collision         win=  0.026ms avg=  0.027ms p95=  0.045ms max=  0.254ms calls(last=  1,win= 126,total=7681) (win 0.2% | avg 0.2% budget)
  system.player_update             win=  0.026ms avg=  0.027ms p95=  0.036ms max=  0.157ms calls(last=  1,win= 126,total=6959) (win 0.2% | avg 0.2% budget)
  enemy.type.torpedo               win=  0.014ms avg=  0.518ms p95=  0.821ms max=  2.047ms calls(last= 36,win=4536,total=261974) (win 0.1% | avg 3.1% budget)
[ENEMY_STATS] frame=7440 alive=72 visible=0 full=1 cheap=71 fullInBase=0 pairs(frontal=0 checks=0 separation=0 resolved=0)
[ENEMY_WINDOW] steps=126 alive[min=72 max=72] visible[min=0 max=1] full[min=1 max=3] collisionPasses[runs=75 skips=51]
[ENEMY_SEGMENTS] window=2.100s D{b/s=15.24 avgLen=5.28 fail=0} T{b/s=20.95 avgLen=6.39 fail=0} H{b/s=0.00 avgLen=0.00 fail=0} A{b/s=0.00 avgLen=0.00 fail=0}
[ENEMY_GRID] frontal{cand/s=97.1 xcell/s=1.0 ins/s=98.1} separation{cand/s=97.1}
[ENEMY_COLLISION_WINDOW] frontal{pairs/s=0.0 checks/s=0.0 baseSkip=0 kill=0(0.0%)} separation{pairs/s=0.0 resolved/s=0.0(0.0%) baseSkip=0 kill=0 wallBlock=0}
[ENEMY_NAV_CACHE] playerCell{changes=4 flowRebuilds=4} flow{hit=0 miss=0 hit%=0.0} pathFallback{calls=0 ok=0 ok%=0.0}
[ENEMY_SAP] updates=5400 active=204 pairs=0 repairs{x=5 y=0}
[ENEMY_PAIR_TYPES] frontal DD=0 DT=0 DH=0 DA=0 TT=0 TH=0 TA=0 HH=0 HA=0 AA=0 separation DD=0 DT=0 DH=0 DA=0 TT=0 TH=0 TA=0 HH=0 HA=0 AA=0
[TORPEDO_HEADING] eval/s=1.43 retreat/s=0.00 pick[straight=33.3% left=33.3% right=33.3%] clear[best=15.00 chosen=15.00]

[PROFILE] frame=7560 budget=16.667ms alloc(+108/-108, +204528b/-204528b, live=165208b peak=368392b)
  frame.total                      win= 17.443ms avg= 17.443ms p95= 21.208ms max= 86.798ms calls(last=  1,win= 120,total=7560) (win 104.7% | avg 104.7% budget)
  frame.render                     win= 11.891ms avg= 11.891ms p95= 12.534ms max= 86.758ms calls(last=  1,win= 120,total=7560) (win 71.3% | avg 71.3% budget)
  frame.present                    win= 11.884ms avg= 11.884ms p95= 12.526ms max= 86.752ms calls(last=  1,win= 120,total=7560) (win 71.3% | avg 71.3% budget)
  frame.fixed_step                 win=  5.248ms avg=  5.510ms p95=  9.683ms max= 20.249ms calls(last=  1,win= 126,total=7887) (win 31.5% | avg 33.1% budget)
  frame.render.world               win=  4.841ms avg=  9.683ms p95= 10.276ms max= 20.167ms calls(last=  2,win= 240,total=14966) (win 29.0% | avg 58.1% budget)
  game.update                      win=  3.246ms avg=  3.408ms p95=  5.849ms max= 17.836ms calls(last=  1,win= 126,total=7807) (win 19.5% | avg 20.4% budget)
  system.ai_update                 win=  3.103ms avg=  3.258ms p95=  5.588ms max= 17.704ms calls(last=  1,win= 126,total=7807) (win 18.6% | avg 19.5% budget)
  enemy.update                     win=  3.097ms avg=  3.252ms p95=  5.578ms max= 17.699ms calls(last=  1,win= 126,total=7807) (win 18.6% | avg 19.5% budget)
  frame.render.overlay             win=  3.079ms avg=  3.079ms p95=  3.790ms max=  6.090ms calls(last=  1,win= 120,total=7483) (win 18.5% | avg 18.5% budget)
  frame.render.world.enemies       win=  1.127ms avg=  1.127ms p95=  1.192ms max=  5.951ms calls(last=  1,win= 120,total=7483) (win 6.8% | avg 6.8% budget)
  frame.render.world.maze          win=  1.082ms avg=  1.082ms p95=  1.205ms max=  3.174ms calls(last=  1,win= 120,total=7483) (win 6.5% | avg 6.5% budget)
  frame.render.world.effects       win=  0.725ms avg=  0.725ms p95=  1.055ms max=  2.627ms calls(last=  1,win= 120,total=7483) (win 4.4% | avg 4.4% budget)
  enemy.torpedo.select_heading     win=  0.426ms avg=  0.011ms p95=  0.000ms max=  0.721ms calls(last=  0,win=   3,total=73) (win 2.6% | avg 0.1% budget)
  enemy.physics.frontal_collisions win=  0.254ms avg=  0.256ms p95=  0.473ms max=  0.835ms calls(last=  1,win= 121,total=3035) (win 1.5% | avg 1.5% budget)
  enemy.physics.frontal_grid_build win=  0.184ms avg=  0.185ms p95=  0.345ms max=  0.688ms calls(last=  1,win= 121,total=3035) (win 1.1% | avg 1.1% budget)
  enemy.ai.movement                win=  0.111ms avg=  0.317ms p95=  0.469ms max=  1.232ms calls(last=  3,win= 342,total=9828) (win 0.7% | avg 1.9% budget)
  enemy.ai.decision                win=  0.068ms avg=  0.194ms p95=  0.334ms max=  0.884ms calls(last=  3,win= 342,total=9828) (win 0.4% | avg 1.2% budget)
  enemy.cheap.segment_build        win=  0.053ms avg=  0.032ms p95=  0.100ms max=  0.359ms calls(last=  0,win=  71,total=4704) (win 0.3% | avg 0.2% budget)
  system.spawner_update            win=  0.045ms avg=  0.047ms p95=  0.078ms max=  0.453ms calls(last=  1,win= 126,total=7807) (win 0.3% | avg 0.3% budget)
  enemy.physics.frontal_pair_traverse win=  0.044ms avg=  0.044ms p95=  0.082ms max=  0.290ms calls(last=  1,win= 121,total=3035) (win 0.3% | avg 0.3% budget)
  system.physics_collision         win=  0.030ms avg=  0.032ms p95=  0.061ms max=  0.254ms calls(last=  1,win= 126,total=7807) (win 0.2% | avg 0.2% budget)
  frame.input_poll                 win=  0.028ms avg=  0.028ms p95=  0.029ms max=  0.238ms calls(last=  1,win= 120,total=7560) (win 0.2% | avg 0.2% budget)
  system.player_update             win=  0.026ms avg=  0.022ms p95=  0.035ms max=  0.157ms calls(last=  0,win= 101,total=7060) (win 0.2% | avg 0.1% budget)
  enemy.type.torpedo               win=  0.015ms avg=  0.560ms p95=  0.882ms max=  2.047ms calls(last= 36,win=4536,total=266510) (win 0.1% | avg 3.4% budget)
[ENEMY_STATS] frame=7560 alive=72 visible=0 full=3 cheap=69 fullInBase=0 pairs(frontal=0 checks=0 separation=0 resolved=0)
[ENEMY_WINDOW] steps=126 alive[min=72 max=72] visible[min=0 max=0] full[min=1 max=3] collisionPasses[runs=122 skips=4]
[ENEMY_SEGMENTS] window=2.100s D{b/s=11.90 avgLen=4.82 fail=0} T{b/s=22.38 avgLen=6.39 fail=0} H{b/s=0.00 avgLen=0.00 fail=0} A{b/s=0.00 avgLen=0.00 fail=0}
[ENEMY_GRID] frontal{cand/s=161.9 xcell/s=1.4 ins/s=163.3} separation{cand/s=161.9}
[ENEMY_COLLISION_WINDOW] frontal{pairs/s=0.0 checks/s=0.0 baseSkip=0 kill=0(0.0%)} separation{pairs/s=0.0 resolved/s=0.0(0.0%) baseSkip=0 kill=0 wallBlock=0}
[ENEMY_NAV_CACHE] playerCell{changes=3 flowRebuilds=3} flow{hit=0 miss=0 hit%=0.0} pathFallback{calls=0 ok=0 ok%=0.0}
[ENEMY_SAP] updates=8784 active=340 pairs=0 repairs{x=20 y=22}
[ENEMY_PAIR_TYPES] frontal DD=0 DT=0 DH=0 DA=0 TT=0 TH=0 TA=0 HH=0 HA=0 AA=0 separation DD=0 DT=0 DH=0 DA=0 TT=0 TH=0 TA=0 HH=0 HA=0 AA=0
[TORPEDO_HEADING] eval/s=1.43 retreat/s=0.00 pick[straight=66.7% left=33.3% right=0.0%] clear[best=14.82 chosen=14.82]

[PROFILE] frame=7680 budget=16.667ms alloc(+0/-0, +0b/-0b, live=165208b peak=368392b)
  frame.total                      win= 17.108ms avg= 17.108ms p95= 18.060ms max= 86.798ms calls(last=  1,win= 120,total=7680) (win 102.6% | avg 102.6% budget)
  frame.render                     win= 12.359ms avg= 12.359ms p95= 16.882ms max= 86.758ms calls(last=  1,win= 120,total=7680) (win 74.2% | avg 74.2% budget)
  frame.present                    win= 12.352ms avg= 12.352ms p95= 16.875ms max= 86.752ms calls(last=  1,win= 120,total=7680) (win 74.1% | avg 74.1% budget)
  frame.render.world               win=  4.787ms avg=  9.573ms p95= 10.068ms max= 20.167ms calls(last=  2,win= 240,total=15206) (win 28.7% | avg 57.4% budget)
  frame.fixed_step                 win=  4.557ms avg=  4.709ms p95=  5.294ms max= 20.249ms calls(last=  1,win= 124,total=8011) (win 27.3% | avg 28.3% budget)
  game.update                      win=  2.994ms avg=  2.845ms p95=  3.317ms max= 17.836ms calls(last=  0,win= 114,total=7921) (win 18.0% | avg 17.1% budget)
  frame.render.overlay             win=  2.916ms avg=  3.159ms p95=  3.940ms max=  6.090ms calls(last=  2,win= 130,total=7613) (win 17.5% | avg 19.0% budget)
  system.ai_update                 win=  2.901ms avg=  2.756ms p95=  3.227ms max= 17.704ms calls(last=  0,win= 114,total=7921) (win 17.4% | avg 16.5% budget)
  enemy.update                     win=  2.895ms avg=  2.750ms p95=  3.221ms max= 17.699ms calls(last=  0,win= 114,total=7921) (win 17.4% | avg 16.5% budget)
  frame.render.world.enemies       win=  1.171ms avg=  1.171ms p95=  1.373ms max=  5.951ms calls(last=  1,win= 120,total=7603) (win 7.0% | avg 7.0% budget)
  frame.render.world.maze          win=  1.033ms avg=  1.033ms p95=  1.126ms max=  3.174ms calls(last=  1,win= 120,total=7603) (win 6.2% | avg 6.2% budget)
  frame.render.world.effects       win=  1.012ms avg=  1.012ms p95=  1.177ms max=  2.627ms calls(last=  1,win= 120,total=7603) (win 6.1% | avg 6.1% budget)
  enemy.torpedo.select_heading     win=  0.394ms avg=  0.010ms p95=  0.000ms max=  0.721ms calls(last=  0,win=   3,total=76) (win 2.4% | avg 0.1% budget)
  enemy.physics.frontal_collisions win=  0.248ms avg=  0.236ms p95=  0.369ms max=  0.835ms calls(last=  0,win= 114,total=3149) (win 1.5% | avg 1.4% budget)
  enemy.physics.frontal_grid_build win=  0.181ms avg=  0.172ms p95=  0.268ms max=  0.688ms calls(last=  0,win= 114,total=3149) (win 1.1% | avg 1.0% budget)
  enemy.ai.movement                win=  0.111ms avg=  0.308ms p95=  0.460ms max=  1.232ms calls(last=  0,win= 333,total=10161) (win 0.7% | avg 1.8% budget)
  enemy.ai.decision                win=  0.068ms avg=  0.190ms p95=  0.313ms max=  0.884ms calls(last=  0,win= 333,total=10161) (win 0.4% | avg 1.1% budget)
  enemy.cheap.segment_build        win=  0.057ms avg=  0.034ms p95=  0.103ms max=  0.359ms calls(last=  0,win=  72,total=4776) (win 0.3% | avg 0.2% budget)
  system.spawner_update            win=  0.048ms avg=  0.045ms p95=  0.086ms max=  0.453ms calls(last=  0,win= 114,total=7921) (win 0.3% | avg 0.3% budget)
  enemy.physics.frontal_pair_traverse win=  0.043ms avg=  0.041ms p95=  0.048ms max=  0.290ms calls(last=  0,win= 114,total=3149) (win 0.3% | avg 0.2% budget)
  frame.input_poll                 win=  0.027ms avg=  0.027ms p95=  0.028ms max=  0.238ms calls(last=  1,win= 120,total=7680) (win 0.2% | avg 0.2% budget)
  enemy.type.torpedo               win=  0.015ms avg=  0.519ms p95=  0.830ms max=  2.047ms calls(last=  0,win=4104,total=270614) (win 0.1% | avg 3.1% budget)
  enemy.type.drone                 win=  0.008ms avg=  0.272ms p95=  0.417ms max=  1.201ms calls(last=  0,win=4104,total=265018) (win 0.0% | avg 1.6% budget)
  enemy.ai.perception              win=  0.004ms avg=  0.010ms p95=  0.013ms max=  0.116ms calls(last=  0,win= 333,total=10161) (win 0.0% | avg 0.1% budget)

[PROFILE] frame=7800 budget=16.667ms alloc(+0/-0, +0b/-0b, live=165208b peak=368392b)
  frame.total                      win= 16.919ms avg= 16.919ms p95= 17.243ms max= 86.798ms calls(last=  1,win= 120,total=7800) (win 101.5% | avg 101.5% budget)
  frame.render                     win= 16.880ms avg= 16.880ms p95= 17.204ms max= 86.758ms calls(last=  1,win= 120,total=7800) (win 101.3% | avg 101.3% budget)
  frame.present                    win= 16.873ms avg= 16.873ms p95= 17.197ms max= 86.752ms calls(last=  1,win= 120,total=7800) (win 101.2% | avg 101.2% budget)
  frame.render.world               win=  4.723ms avg=  3.227ms p95=  9.615ms max= 20.167ms calls(last=  0,win=  82,total=15288) (win 28.3% | avg 19.4% budget)
  frame.render.overlay             win=  2.087ms avg=  1.426ms p95=  4.837ms max=  6.090ms calls(last=  0,win=  82,total=7695) (win 12.5% | avg 8.6% budget)
  frame.render.world.enemies       win=  1.150ms avg=  0.393ms p95=  1.177ms max=  5.951ms calls(last=  0,win=  41,total=7644) (win 6.9% | avg 2.4% budget)
  frame.render.world.maze          win=  1.033ms avg=  0.353ms p95=  1.062ms max=  3.174ms calls(last=  0,win=  41,total=7644) (win 6.2% | avg 2.1% budget)
  frame.render.world.effects       win=  0.980ms avg=  0.335ms p95=  1.036ms max=  2.627ms calls(last=  0,win=  41,total=7644) (win 5.9% | avg 2.0% budget)
  frame.input_poll                 win=  0.027ms avg=  0.027ms p95=  0.029ms max=  0.238ms calls(last=  1,win= 120,total=7800) (win 0.2% | avg 0.2% budget)
  frame.fixed_step                 win=  0.003ms avg=  0.003ms p95=  0.003ms max= 20.249ms calls(last=  1,win= 123,total=8134) (win 0.0% | avg 0.0% budget)
  system.ai_update                 win=  0.000ms avg=  0.000ms p95=  0.000ms max= 17.704ms calls(last=  0,win=   0,total=7921) (win 0.0% | avg 0.0% budget)
  enemy.ai.perception              win=  0.000ms avg=  0.000ms p95=  0.000ms max=  0.116ms calls(last=  0,win=   0,total=10161) (win 0.0% | avg 0.0% budget)
  enemy.ai.decision                win=  0.000ms avg=  0.000ms p95=  0.000ms max=  0.884ms calls(last=  0,win=   0,total=10161) (win 0.0% | avg 0.0% budget)
  enemy.ai.movement                win=  0.000ms avg=  0.000ms p95=  0.000ms max=  1.232ms calls(last=  0,win=   0,total=10161) (win 0.0% | avg 0.0% budget)
  enemy.ai.firing                  win=  0.000ms avg=  0.000ms p95=  0.000ms max=  0.135ms calls(last=  0,win=   0,total=10161) (win 0.0% | avg 0.0% budget)
  game.update                      win=  0.000ms avg=  0.000ms p95=  0.000ms max= 17.836ms calls(last=  0,win=   0,total=7921) (win 0.0% | avg 0.0% budget)
  enemy.physics.frontal_collisions win=  0.000ms avg=  0.000ms p95=  0.000ms max=  0.835ms calls(last=  0,win=   0,total=3149) (win 0.0% | avg 0.0% budget)
  enemy.physics.frontal_grid_build win=  0.000ms avg=  0.000ms p95=  0.000ms max=  0.688ms calls(last=  0,win=   0,total=3149) (win 0.0% | avg 0.0% budget)
  enemy.physics.frontal_pair_traverse win=  0.000ms avg=  0.000ms p95=  0.000ms max=  0.290ms calls(last=  0,win=   0,total=3149) (win 0.0% | avg 0.0% budget)
  enemy.physics.frontal_pair_narrow win=  0.000ms avg=  0.000ms p95=  0.000ms max=  0.055ms calls(last=  0,win=   0,total=118) (win 0.0% | avg 0.0% budget)
  enemy.physics.separation_pair_resolve win=  0.000ms avg=  0.000ms p95=  0.000ms max=  0.003ms calls(last=  0,win=   0,total=118) (win 0.0% | avg 0.0% budget)
  enemy.torpedo.select_heading     win=  0.000ms avg=  0.000ms p95=  0.000ms max=  0.721ms calls(last=  0,win=   0,total=76) (win 0.0% | avg 0.0% budget)
  enemy.cheap.segment_build        win=  0.000ms avg=  0.000ms p95=  0.000ms max=  0.359ms calls(last=  0,win=   0,total=4776) (win 0.0% | avg 0.0% budget)
  enemy.type.drone                 win=  0.000ms avg=  0.000ms p95=  0.000ms max=  1.201ms calls(last=  0,win=   0,total=265018) (win 0.0% | avg 0.0% budget)
INFO: TEXTURE: [ID 3] Unloaded texture data from VRAM (GPU)
INFO: TEXTURE: [ID 4] Unloaded texture data from VRAM (GPU)
INFO: AUDIO: Device closed successfully
INFO: TEXTURE: [ID 2] Unloaded texture data from VRAM (GPU)
INFO: SHADER: [ID 3] Default shader unloaded successfully
INFO: TEXTURE: [ID 1] Default texture unloaded successfully
INFO: Window closed successfully
ark@rg353v:/roms2/ports/bolt$