ark@rg353v:/roms2/ports/bolt$ rm profile.log
rm: cannot remove 'profile.log': No such file or directory
ark@rg353v:/roms2/ports/bolt$ cat profile.log
INFO: Initializing raylib 5.6-dev
INFO: Platform backend: DESKTOP (SDL)
INFO: Supported raylib modules:
INFO:     > rcore:..... loaded (mandatory)
INFO:     > rlgl:...... loaded (mandatory)
INFO:     > rshapes:... loaded (optional)
INFO:     > rtextures:. loaded (optional)
INFO:     > rtext:..... loaded (optional)
INFO:     > rmodels:... loaded (optional)
INFO:     > raudio:.... loaded (optional)
arm_release_ver: g13p0-01eac0, rk_so_ver: 11
INFO: DISPLAY: Device initialized successfully
INFO:     > Display size: 640 x 480
INFO:     > Screen size:  640 x 480
INFO:     > Render size:  640 x 480
INFO:     > Viewport offsets: 0, 0
INFO: GLAD: OpenGL ES 2.0 loaded successfully
INFO: GL: Supported extensions count: 99
INFO: GL: OpenGL device information:
INFO:     > Vendor:   ARM
INFO:     > Renderer: Mali-G52
INFO:     > Version:  OpenGL ES 3.2 v1.g13p0-01eac0.fdf91928d758c45c1787782175b35c6a
INFO:     > GLSL:     OpenGL ES GLSL ES 3.20
INFO: GL: VAO extension detected, VAO functions loaded successfully
INFO: GL: NPOT textures extension detected, full NPOT textures supported
INFO: GL: ETC1 compressed textures supported
INFO: GL: ASTC compressed textures supported
INFO: PLATFORM: DESKTOP (SDL2): Initialized successfully
INFO: TEXTURE: [ID 1] Texture loaded successfully (1x1 | R8G8B8A8 | 1 mipmaps)
INFO: TEXTURE: [ID 1] Default texture loaded successfully
INFO: SHADER: [ID 1] Vertex shader compiled successfully
INFO: SHADER: [ID 2] Fragment shader compiled successfully
INFO: SHADER: [ID 3] Program shader loaded successfully
INFO: SHADER: [ID 3] Default shader loaded successfully
INFO: RLGL: Render batch vertex buffers loaded successfully in RAM (CPU)
INFO: RLGL: Render batch vertex buffers loaded successfully in VRAM (GPU)
INFO: RLGL: Default OpenGL state initialized successfully
INFO: TEXTURE: [ID 2] Texture loaded successfully (128x128 | GRAY_ALPHA | 1 mipmaps)
INFO: FONT: Default font loaded successfully (224 glyphs)
INFO: SYSTEM: Working Directory: /roms2/ports/bolt
INFO: TIMER: Target time per frame: 16.667 milliseconds
INFO: FILEIO: [resources/textures/sprites.png] File loaded successfully
INFO: IMAGE: Data loaded successfully (18x63 | R8G8B8A8 | 1 mipmaps)
INFO: TEXTURE: [ID 3] Texture loaded successfully (72x9 | R8G8B8A8 | 1 mipmaps)
INFO: TEXTURE: [ID 4] Texture loaded successfully (72x36 | R8G8B8A8 | 1 mipmaps)
INFO: AUDIO: Device initialized successfully
INFO:     > Backend:       miniaudio | ALSA
INFO:     > Format:        32-bit IEEE Floating Point -> 32-bit IEEE Floating Point
INFO:     > Channels:      2 -> 2
INFO:     > Sample rate:   44100 -> 44100
INFO:     > Periods size:  3072
INFO: FILEIO: [resources/audio/keyboard-click.wav] File loaded successfully
INFO: WAVE: Data loaded successfully (48000 Hz, 16 bit, 1 channels)
INFO: AUDIO: menu click sound loaded from: resources/audio/keyboard-click.wav
INFO: FILEIO: [resources/audio/power-up.wav] File loaded successfully
INFO: WAVE: Data loaded successfully (48000 Hz, 16 bit, 1 channels)
INFO: AUDIO: power-up sound loaded from: resources/audio/power-up.wav
INFO: FILEIO: [resources/audio/player-shot.wav] File loaded successfully
INFO: WAVE: Data loaded successfully (48000 Hz, 16 bit, 1 channels)
INFO: AUDIO: player-shot sound loaded from: resources/audio/player-shot.wav
INFO: FILEIO: [resources/audio/enemy-shot.wav] File loaded successfully
INFO: WAVE: Data loaded successfully (48000 Hz, 16 bit, 1 channels)
INFO: AUDIO: enemy-shot sound loaded from: resources/audio/enemy-shot.wav
INFO: FILEIO: [resources/audio/enemy-spawning.wav] File loaded successfully
INFO: WAVE: Data loaded successfully (48000 Hz, 16 bit, 1 channels)
INFO: AUDIO: enemy-spawning sound loaded from: resources/audio/enemy-spawning.wav
INFO: FILEIO: [resources/audio/enemy-exploding.wav] File loaded successfully
INFO: WAVE: Data loaded successfully (48000 Hz, 16 bit, 1 channels)
INFO: AUDIO: enemy-exploding sound loaded from: resources/audio/enemy-exploding.wav
INFO: FILEIO: [resources/audio/base-exploding.wav] File loaded successfully
INFO: WAVE: Data loaded successfully (48000 Hz, 16 bit, 1 channels)
INFO: AUDIO: base-exploding sound loaded from: resources/audio/base-exploding.wav

[PROFILE] frame=120 budget=16.667ms alloc(+25/-25, +110328b/-110328b, live=21928b peak=136400b)
  frame.total                      win= 17.704ms avg= 17.704ms p95= 17.351ms max= 84.000ms calls(last=  1,win= 120,total=120) (win 106.2% | avg 106.2% budget)
  frame.render                     win= 16.694ms avg= 16.694ms p95= 16.918ms max= 83.961ms calls(last=  1,win= 120,total=120) (win 100.2% | avg 100.2% budget)
  frame.present                    win= 16.686ms avg= 16.686ms p95= 16.910ms max= 83.954ms calls(last=  1,win= 120,total=120) (win 100.1% | avg 100.1% budget)
  frame.render.world               win=  4.145ms avg=  4.767ms p95=  8.465ms max=  9.367ms calls(last=  2,win= 138,total=138) (win 24.9% | avg 28.6% budget)
  frame.render.overlay             win=  2.879ms avg=  1.656ms p95=  3.399ms max=  3.595ms calls(last=  1,win=  69,total=69) (win 17.3% | avg 9.9% budget)
  game.update                      win=  1.330ms avg=  0.820ms p95=  1.553ms max=  4.980ms calls(last=  1,win=  74,total=74) (win 8.0% | avg 4.9% budget)
  system.ai_update                 win=  1.258ms avg=  0.776ms p95=  1.397ms max=  4.847ms calls(last=  1,win=  74,total=74) (win 7.5% | avg 4.7% budget)
  enemy.update                     win=  1.251ms avg=  0.771ms p95=  1.391ms max=  4.791ms calls(last=  1,win=  74,total=74) (win 7.5% | avg 4.6% budget)
  frame.render.world.enemies       win=  1.100ms avg=  0.633ms p95=  1.148ms max=  1.195ms calls(last=  1,win=  69,total=69) (win 6.6% | avg 3.8% budget)
  frame.fixed_step                 win=  0.919ms avg=  0.972ms p95=  1.838ms max=  5.621ms calls(last=  1,win= 127,total=127) (win 5.5% | avg 5.8% budget)
  frame.render.world.maze          win=  0.817ms avg=  0.470ms p95=  0.862ms max=  1.121ms calls(last=  1,win=  69,total=69) (win 4.9% | avg 2.8% budget)
  frame.render.world.effects       win=  0.381ms avg=  0.219ms p95=  0.448ms max=  0.852ms calls(last=  1,win=  69,total=69) (win 2.3% | avg 1.3% budget)
  enemy.cheap.segment_build        win=  0.072ms avg=  0.004ms p95=  0.000ms max=  0.076ms calls(last=  0,win=   6,total=6) (win 0.4% | avg 0.0% budget)
  frame.input_poll                 win=  0.027ms avg=  0.027ms p95=  0.028ms max=  0.064ms calls(last=  1,win= 120,total=120) (win 0.2% | avg 0.2% budget)
  system.spawner_update            win=  0.023ms avg=  0.014ms p95=  0.019ms max=  0.189ms calls(last=  1,win=  74,total=74) (win 0.1% | avg 0.1% budget)
  enemy.type.torpedo               win=  0.017ms avg=  0.009ms p95=  0.027ms max=  0.135ms calls(last=  2,win=  60,total=60) (win 0.1% | avg 0.1% budget)
  system.physics_collision         win=  0.016ms avg=  0.010ms p95=  0.018ms max=  0.036ms calls(last=  1,win=  74,total=74) (win 0.1% | avg 0.1% budget)
  enemy.type.drone                 win=  0.008ms avg=  0.005ms p95=  0.015ms max=  0.092ms calls(last=  4,win=  75,total=75) (win 0.0% | avg 0.0% budget)
  system.projectile_update         win=  0.003ms avg=  0.002ms p95=  0.004ms max=  0.007ms calls(last=  1,win=  74,total=74) (win 0.0% | avg 0.0% budget)
  system.maze_update               win=  0.001ms avg=  0.001ms p95=  0.001ms max=  0.002ms calls(last=  1,win=  74,total=74) (win 0.0% | avg 0.0% budget)
[ENEMY_STATS] frame=120 alive=6 visible=0 full=0 cheap=6 fullInBase=0 pairs(frontal=0 checks=0 separation=0 resolved=0)
[ENEMY_WINDOW] steps=75 alive[min=0 max=6] visible[min=0 max=0] full[min=0 max=0] collisionPasses[runs=0 skips=75]
[ENEMY_SEGMENTS] window=1.250s D{b/s=3.20 avgLen=5.21 fail=0} T{b/s=1.60 avgLen=5.73 fail=0} H{b/s=0.00 avgLen=0.00 fail=0} A{b/s=0.00 avgLen=0.00 fail=0}
[ENEMY_GRID] frontal{cand/s=0.0 xcell/s=0.0 ins/s=0.0} separation{cand/s=0.0}
[ENEMY_COLLISION_WINDOW] frontal{pairs/s=0.0 checks/s=0.0 baseSkip=0 kill=0(0.0%)} separation{pairs/s=0.0 resolved/s=0.0(0.0%) baseSkip=0 kill=0 wallBlock=0}
[ENEMY_NAV_CACHE] playerCell{changes=0 flowRebuilds=0} flow{hit=0 miss=0 hit%=0.0} pathFallback{calls=0 ok=0 ok%=0.0}
[ENEMY_SAP] updates=0 active=0 pairs=0 repairs{x=0 y=0}
[ENEMY_PAIR_TYPES] frontal DD=0 DT=0 DH=0 DA=0 TT=0 TH=0 TA=0 HH=0 HA=0 AA=0 separation DD=0 DT=0 DH=0 DA=0 TT=0 TH=0 TA=0 HH=0 HA=0 AA=0

[PROFILE] frame=240 budget=16.667ms alloc(+36/-36, +119088b/-119088b, live=29288b peak=144584b)
  frame.total                      win= 16.905ms avg= 16.905ms p95= 17.388ms max= 84.000ms calls(last=  1,win= 120,total=240) (win 101.4% | avg 101.4% budget)
  frame.render                     win= 15.004ms avg= 15.004ms p95= 15.547ms max= 83.961ms calls(last=  1,win= 120,total=240) (win 90.0% | avg 90.0% budget)
  frame.present                    win= 14.996ms avg= 14.996ms p95= 15.541ms max= 83.954ms calls(last=  1,win= 120,total=240) (win 90.0% | avg 90.0% budget)
  frame.render.world               win=  4.237ms avg=  8.474ms p95=  8.909ms max= 13.306ms calls(last=  2,win= 240,total=378) (win 25.4% | avg 50.8% budget)
  frame.render.overlay             win=  2.945ms avg=  2.945ms p95=  3.583ms max=  3.810ms calls(last=  1,win= 120,total=189) (win 17.7% | avg 17.7% budget)
  frame.fixed_step                 win=  1.832ms avg=  1.862ms p95=  2.031ms max=  5.621ms calls(last=  1,win= 122,total=249) (win 11.0% | avg 11.2% budget)
  game.update                      win=  1.515ms avg=  1.540ms p95=  1.697ms max=  4.980ms calls(last=  1,win= 122,total=196) (win 9.1% | avg 9.2% budget)
  system.ai_update                 win=  1.409ms avg=  1.433ms p95=  1.576ms max=  4.847ms calls(last=  1,win= 122,total=196) (win 8.5% | avg 8.6% budget)
  enemy.update                     win=  1.403ms avg=  1.427ms p95=  1.570ms max=  4.791ms calls(last=  1,win= 122,total=196) (win 8.4% | avg 8.6% budget)
  frame.render.world.enemies       win=  1.101ms avg=  1.101ms p95=  1.174ms max=  1.397ms calls(last=  1,win= 120,total=189) (win 6.6% | avg 6.6% budget)
  frame.render.world.maze          win=  0.850ms avg=  0.850ms p95=  0.933ms max=  1.201ms calls(last=  1,win= 120,total=189) (win 5.1% | avg 5.1% budget)
  frame.render.world.effects       win=  0.397ms avg=  0.397ms p95=  0.507ms max=  0.852ms calls(last=  1,win= 120,total=189) (win 2.4% | avg 2.4% budget)
  enemy.cheap.segment_build        win=  0.068ms avg=  0.009ms p95=  0.071ms max=  0.099ms calls(last=  1,win=  16,total=22) (win 0.4% | avg 0.1% budget)
  system.spawner_update            win=  0.036ms avg=  0.037ms p95=  0.186ms max=  0.203ms calls(last=  1,win= 122,total=196) (win 0.2% | avg 0.2% budget)
  frame.input_poll                 win=  0.028ms avg=  0.028ms p95=  0.029ms max=  0.064ms calls(last=  1,win= 120,total=240) (win 0.2% | avg 0.2% budget)
  system.player_update             win=  0.025ms avg=  0.016ms p95=  0.026ms max=  0.059ms calls(last=  1,win=  76,total=76) (win 0.2% | avg 0.1% budget)
  system.physics_collision         win=  0.018ms avg=  0.019ms p95=  0.020ms max=  0.050ms calls(last=  1,win= 122,total=196) (win 0.1% | avg 0.1% budget)
  enemy.type.torpedo               win=  0.008ms avg=  0.044ms p95=  0.111ms max=  0.148ms calls(last=  6,win= 640,total=700) (win 0.0% | avg 0.3% budget)
  enemy.type.drone                 win=  0.004ms avg=  0.025ms p95=  0.091ms max=  0.106ms calls(last=  9,win= 693,total=768) (win 0.0% | avg 0.1% budget)
  system.projectile_update         win=  0.004ms avg=  0.004ms p95=  0.004ms max=  0.029ms calls(last=  1,win= 122,total=196) (win 0.0% | avg 0.0% budget)
  system.maze_update               win=  0.001ms avg=  0.001ms p95=  0.001ms max=  0.002ms calls(last=  1,win= 122,total=196) (win 0.0% | avg 0.0% budget)
[ENEMY_STATS] frame=240 alive=15 visible=0 full=0 cheap=15 fullInBase=0 pairs(frontal=0 checks=0 separation=0 resolved=0)
[ENEMY_WINDOW] steps=122 alive[min=6 max=15] visible[min=0 max=0] full[min=0 max=0] collisionPasses[runs=0 skips=122]
[ENEMY_SEGMENTS] window=2.033s D{b/s=3.44 avgLen=4.83 fail=0} T{b/s=4.43 avgLen=6.41 fail=0} H{b/s=0.00 avgLen=0.00 fail=0} A{b/s=0.00 avgLen=0.00 fail=0}
[ENEMY_GRID] frontal{cand/s=0.0 xcell/s=0.0 ins/s=0.0} separation{cand/s=0.0}
[ENEMY_COLLISION_WINDOW] frontal{pairs/s=0.0 checks/s=0.0 baseSkip=0 kill=0(0.0%)} separation{pairs/s=0.0 resolved/s=0.0(0.0%) baseSkip=0 kill=0 wallBlock=0}
[ENEMY_NAV_CACHE] playerCell{changes=0 flowRebuilds=0} flow{hit=0 miss=0 hit%=0.0} pathFallback{calls=0 ok=0 ok%=0.0}
[ENEMY_SAP] updates=0 active=0 pairs=0 repairs{x=0 y=0}
[ENEMY_PAIR_TYPES] frontal DD=0 DT=0 DH=0 DA=0 TT=0 TH=0 TA=0 HH=0 HA=0 AA=0 separation DD=0 DT=0 DH=0 DA=0 TT=0 TH=0 TA=0 HH=0 HA=0 AA=0

[PROFILE] frame=360 budget=16.667ms alloc(+44/-44, +126912b/-126912b, live=44008b peak=167088b)
  frame.total                      win= 16.905ms avg= 16.905ms p95= 17.332ms max= 84.000ms calls(last=  1,win= 120,total=360) (win 101.4% | avg 101.4% budget)
  frame.render                     win= 14.840ms avg= 14.840ms p95= 15.306ms max= 83.961ms calls(last=  1,win= 120,total=360) (win 89.0% | avg 89.0% budget)
  frame.present                    win= 14.832ms avg= 14.832ms p95= 15.299ms max= 83.954ms calls(last=  1,win= 120,total=360) (win 89.0% | avg 89.0% budget)
  frame.render.world               win=  4.279ms avg=  8.557ms p95=  8.824ms max= 13.306ms calls(last=  2,win= 240,total=618) (win 25.7% | avg 51.3% budget)
  frame.render.overlay             win=  2.954ms avg=  2.954ms p95=  3.530ms max=  3.854ms calls(last=  1,win= 120,total=309) (win 17.7% | avg 17.7% budget)
  frame.fixed_step                 win=  1.978ms avg=  2.027ms p95=  2.175ms max=  5.621ms calls(last=  1,win= 123,total=372) (win 11.9% | avg 12.2% budget)
  game.update                      win=  1.592ms avg=  1.632ms p95=  1.781ms max=  4.980ms calls(last=  1,win= 123,total=319) (win 9.6% | avg 9.8% budget)
  system.ai_update                 win=  1.478ms avg=  1.515ms p95=  1.592ms max=  4.847ms calls(last=  1,win= 123,total=319) (win 8.9% | avg 9.1% budget)
  enemy.update                     win=  1.472ms avg=  1.509ms p95=  1.586ms max=  4.791ms calls(last=  1,win= 123,total=319) (win 8.8% | avg 9.1% budget)
  frame.render.world.enemies       win=  1.092ms avg=  1.092ms p95=  1.141ms max=  1.397ms calls(last=  1,win= 120,total=309) (win 6.6% | avg 6.6% budget)
  frame.render.world.maze          win=  0.898ms avg=  0.898ms p95=  0.967ms max=  1.201ms calls(last=  1,win= 120,total=309) (win 5.4% | avg 5.4% budget)
  frame.render.world.effects       win=  0.383ms avg=  0.383ms p95=  0.478ms max=  0.852ms calls(last=  1,win= 120,total=309) (win 2.3% | avg 2.3% budget)
  enemy.cheap.segment_build        win=  0.071ms avg=  0.015ms p95=  0.073ms max=  0.165ms calls(last=  0,win=  25,total=47) (win 0.4% | avg 0.1% budget)
  system.spawner_update            win=  0.036ms avg=  0.036ms p95=  0.177ms max=  0.265ms calls(last=  1,win= 123,total=319) (win 0.2% | avg 0.2% budget)
  frame.input_poll                 win=  0.027ms avg=  0.027ms p95=  0.028ms max=  0.064ms calls(last=  1,win= 120,total=360) (win 0.2% | avg 0.2% budget)
  system.player_update             win=  0.025ms avg=  0.025ms p95=  0.027ms max=  0.059ms calls(last=  1,win= 123,total=199) (win 0.1% | avg 0.2% budget)
  system.physics_collision         win=  0.019ms avg=  0.019ms p95=  0.021ms max=  0.050ms calls(last=  1,win= 123,total=319) (win 0.1% | avg 0.1% budget)
  enemy.type.torpedo               win=  0.007ms avg=  0.055ms p95=  0.125ms max=  0.223ms calls(last=  9,win= 937,total=1637) (win 0.0% | avg 0.3% budget)
  enemy.type.drone                 win=  0.004ms avg=  0.042ms p95=  0.111ms max=  0.150ms calls(last= 14,win=1323,total=2091) (win 0.0% | avg 0.3% budget)
  system.projectile_update         win=  0.003ms avg=  0.003ms p95=  0.004ms max=  0.029ms calls(last=  1,win= 123,total=319) (win 0.0% | avg 0.0% budget)
  system.maze_update               win=  0.001ms avg=  0.001ms p95=  0.001ms max=  0.002ms calls(last=  1,win= 123,total=319) (win 0.0% | avg 0.0% budget)
[ENEMY_STATS] frame=360 alive=23 visible=0 full=0 cheap=23 fullInBase=0 pairs(frontal=0 checks=0 separation=0 resolved=0)
[ENEMY_WINDOW] steps=123 alive[min=15 max=23] visible[min=0 max=0] full[min=0 max=0] collisionPasses[runs=0 skips=123]
[ENEMY_SEGMENTS] window=2.050s D{b/s=5.85 avgLen=4.59 fail=0} T{b/s=6.34 avgLen=5.74 fail=0} H{b/s=0.00 avgLen=0.00 fail=0} A{b/s=0.00 avgLen=0.00 fail=0}
[ENEMY_GRID] frontal{cand/s=0.0 xcell/s=0.0 ins/s=0.0} separation{cand/s=0.0}
[ENEMY_COLLISION_WINDOW] frontal{pairs/s=0.0 checks/s=0.0 baseSkip=0 kill=0(0.0%)} separation{pairs/s=0.0 resolved/s=0.0(0.0%) baseSkip=0 kill=0 wallBlock=0}
[ENEMY_NAV_CACHE] playerCell{changes=0 flowRebuilds=0} flow{hit=0 miss=0 hit%=0.0} pathFallback{calls=0 ok=0 ok%=0.0}
[ENEMY_SAP] updates=0 active=0 pairs=0 repairs{x=0 y=0}
[ENEMY_PAIR_TYPES] frontal DD=0 DT=0 DH=0 DA=0 TT=0 TH=0 TA=0 HH=0 HA=0 AA=0 separation DD=0 DT=0 DH=0 DA=0 TT=0 TH=0 TA=0 HH=0 HA=0 AA=0

[PROFILE] frame=480 budget=16.667ms alloc(+58/-58, +138768b/-138768b, live=73448b peak=207944b)
  frame.total                      win= 16.910ms avg= 16.910ms p95= 17.408ms max= 84.000ms calls(last=  1,win= 120,total=480) (win 101.5% | avg 101.5% budget)
  frame.render                     win= 14.554ms avg= 14.554ms p95= 15.161ms max= 83.961ms calls(last=  1,win= 120,total=480) (win 87.3% | avg 87.3% budget)
  frame.present                    win= 14.547ms avg= 14.547ms p95= 15.153ms max= 83.954ms calls(last=  1,win= 120,total=480) (win 87.3% | avg 87.3% budget)
  frame.render.world               win=  4.586ms avg=  9.172ms p95=  9.678ms max= 14.135ms calls(last=  2,win= 240,total=858) (win 27.5% | avg 55.0% budget)
  frame.render.overlay             win=  2.993ms avg=  2.993ms p95=  3.617ms max=  3.864ms calls(last=  1,win= 120,total=429) (win 18.0% | avg 18.0% budget)
  frame.fixed_step                 win=  2.280ms avg=  2.318ms p95=  2.562ms max=  5.621ms calls(last=  1,win= 122,total=494) (win 13.7% | avg 13.9% budget)
  game.update                      win=  1.742ms avg=  1.771ms p95=  1.999ms max=  4.980ms calls(last=  1,win= 122,total=441) (win 10.5% | avg 10.6% budget)
  system.ai_update                 win=  1.614ms avg=  1.641ms p95=  1.754ms max=  4.847ms calls(last=  1,win= 122,total=441) (win 9.7% | avg 9.8% budget)
  enemy.update                     win=  1.607ms avg=  1.634ms p95=  1.748ms max=  4.791ms calls(last=  1,win= 122,total=441) (win 9.6% | avg 9.8% budget)
  frame.render.world.maze          win=  1.128ms avg=  1.128ms p95=  1.326ms max=  1.459ms calls(last=  1,win= 120,total=429) (win 6.8% | avg 6.8% budget)
  frame.render.world.enemies       win=  1.102ms avg=  1.102ms p95=  1.178ms max=  1.397ms calls(last=  1,win= 120,total=429) (win 6.6% | avg 6.6% budget)
  frame.render.world.effects       win=  0.396ms avg=  0.396ms p95=  0.488ms max=  0.852ms calls(last=  1,win= 120,total=429) (win 2.4% | avg 2.4% budget)
  enemy.cheap.segment_build        win=  0.065ms avg=  0.019ms p95=  0.074ms max=  0.165ms calls(last=  1,win=  35,total=82) (win 0.4% | avg 0.1% budget)
  system.spawner_update            win=  0.045ms avg=  0.046ms p95=  0.199ms max=  0.265ms calls(last=  1,win= 122,total=441) (win 0.3% | avg 0.3% budget)
  frame.input_poll                 win=  0.027ms avg=  0.027ms p95=  0.028ms max=  0.064ms calls(last=  1,win= 120,total=480) (win 0.2% | avg 0.2% budget)
  system.player_update             win=  0.026ms avg=  0.026ms p95=  0.028ms max=  0.059ms calls(last=  1,win= 122,total=321) (win 0.2% | avg 0.2% budget)
  system.physics_collision         win=  0.021ms avg=  0.021ms p95=  0.024ms max=  0.050ms calls(last=  1,win= 122,total=441) (win 0.1% | avg 0.1% budget)
  enemy.type.torpedo               win=  0.006ms avg=  0.066ms p95=  0.133ms max=  0.223ms calls(last= 13,win=1360,total=2997) (win 0.0% | avg 0.4% budget)
  enemy.type.drone                 win=  0.004ms avg=  0.071ms p95=  0.140ms max=  0.165ms calls(last= 22,win=2267,total=4358) (win 0.0% | avg 0.4% budget)
  system.projectile_update         win=  0.003ms avg=  0.003ms p95=  0.004ms max=  0.029ms calls(last=  1,win= 122,total=441) (win 0.0% | avg 0.0% budget)
  system.maze_update               win=  0.001ms avg=  0.001ms p95=  0.002ms max=  0.002ms calls(last=  1,win= 122,total=441) (win 0.0% | avg 0.0% budget)
[ENEMY_STATS] frame=480 alive=36 visible=0 full=0 cheap=36 fullInBase=0 pairs(frontal=0 checks=0 separation=0 resolved=0)
[ENEMY_WINDOW] steps=122 alive[min=23 max=36] visible[min=0 max=0] full[min=0 max=0] collisionPasses[runs=0 skips=122]
[ENEMY_SEGMENTS] window=2.033s D{b/s=10.82 avgLen=4.85 fail=0} T{b/s=7.87 avgLen=6.94 fail=0} H{b/s=0.00 avgLen=0.00 fail=0} A{b/s=0.00 avgLen=0.00 fail=0}
[ENEMY_GRID] frontal{cand/s=0.0 xcell/s=0.0 ins/s=0.0} separation{cand/s=0.0}
[ENEMY_COLLISION_WINDOW] frontal{pairs/s=0.0 checks/s=0.0 baseSkip=0 kill=0(0.0%)} separation{pairs/s=0.0 resolved/s=0.0(0.0%) baseSkip=0 kill=0 wallBlock=0}
[ENEMY_NAV_CACHE] playerCell{changes=0 flowRebuilds=0} flow{hit=0 miss=0 hit%=0.0} pathFallback{calls=0 ok=0 ok%=0.0}
[ENEMY_SAP] updates=0 active=0 pairs=0 repairs{x=0 y=0}
[ENEMY_PAIR_TYPES] frontal DD=0 DT=0 DH=0 DA=0 TT=0 TH=0 TA=0 HH=0 HA=0 AA=0 separation DD=0 DT=0 DH=0 DA=0 TT=0 TH=0 TA=0 HH=0 HA=0 AA=0

[PROFILE] frame=600 budget=16.667ms alloc(+69/-69, +149832b/-149832b, live=73448b peak=218712b)
  frame.total                      win= 16.909ms avg= 16.909ms p95= 17.447ms max= 84.000ms calls(last=  1,win= 120,total=600) (win 101.5% | avg 101.5% budget)
  frame.render                     win= 14.201ms avg= 14.201ms p95= 14.827ms max= 83.961ms calls(last=  1,win= 120,total=600) (win 85.2% | avg 85.2% budget)
  frame.present                    win= 14.193ms avg= 14.193ms p95= 14.819ms max= 83.954ms calls(last=  1,win= 120,total=600) (win 85.2% | avg 85.2% budget)
  frame.render.world               win=  4.867ms avg=  9.734ms p95= 10.160ms max= 14.135ms calls(last=  2,win= 240,total=1098) (win 29.2% | avg 58.4% budget)
  frame.render.overlay             win=  3.004ms avg=  3.004ms p95=  3.613ms max=  3.864ms calls(last=  1,win= 120,total=549) (win 18.0% | avg 18.0% budget)
  frame.fixed_step                 win=  2.605ms avg=  2.670ms p95=  2.904ms max=  5.621ms calls(last=  1,win= 123,total=617) (win 15.6% | avg 16.0% budget)
  game.update                      win=  1.866ms avg=  1.913ms p95=  2.100ms max=  4.980ms calls(last=  1,win= 123,total=564) (win 11.2% | avg 11.5% budget)
  system.ai_update                 win=  1.732ms avg=  1.776ms p95=  1.935ms max=  4.847ms calls(last=  1,win= 123,total=564) (win 10.4% | avg 10.7% budget)
  enemy.update                     win=  1.726ms avg=  1.770ms p95=  1.930ms max=  4.791ms calls(last=  1,win= 123,total=564) (win 10.4% | avg 10.6% budget)
  frame.render.world.maze          win=  1.345ms avg=  1.345ms p95=  1.454ms max=  1.643ms calls(last=  1,win= 120,total=549) (win 8.1% | avg 8.1% budget)
  frame.render.world.enemies       win=  1.101ms avg=  1.101ms p95=  1.182ms max=  1.397ms calls(last=  1,win= 120,total=549) (win 6.6% | avg 6.6% budget)
  frame.render.world.effects       win=  0.399ms avg=  0.399ms p95=  0.483ms max=  0.852ms calls(last=  1,win= 120,total=549) (win 2.4% | avg 2.4% budget)
  enemy.cheap.segment_build        win=  0.061ms avg=  0.026ms p95=  0.099ms max=  0.165ms calls(last=  0,win=  51,total=133) (win 0.4% | avg 0.2% budget)
  system.spawner_update            win=  0.047ms avg=  0.048ms p95=  0.207ms max=  0.265ms calls(last=  1,win= 123,total=564) (win 0.3% | avg 0.3% budget)
  frame.input_poll                 win=  0.027ms avg=  0.027ms p95=  0.029ms max=  0.064ms calls(last=  1,win= 120,total=600) (win 0.2% | avg 0.2% budget)
  system.player_update             win=  0.026ms avg=  0.026ms p95=  0.028ms max=  0.067ms calls(last=  1,win= 123,total=444) (win 0.2% | avg 0.2% budget)
  system.physics_collision         win=  0.023ms avg=  0.023ms p95=  0.027ms max=  0.087ms calls(last=  1,win= 123,total=564) (win 0.1% | avg 0.1% budget)
  enemy.type.torpedo               win=  0.005ms avg=  0.086ms p95=  0.155ms max=  0.223ms calls(last= 19,win=1918,total=4915) (win 0.0% | avg 0.5% budget)
  enemy.type.drone                 win=  0.004ms avg=  0.096ms p95=  0.159ms max=  0.241ms calls(last= 27,win=3092,total=7450) (win 0.0% | avg 0.6% budget)
  system.projectile_update         win=  0.004ms avg=  0.004ms p95=  0.004ms max=  0.043ms calls(last=  1,win= 123,total=564) (win 0.0% | avg 0.0% budget)
  system.maze_update               win=  0.001ms avg=  0.001ms p95=  0.002ms max=  0.002ms calls(last=  1,win= 123,total=564) (win 0.0% | avg 0.0% budget)
[ENEMY_STATS] frame=600 alive=46 visible=0 full=0 cheap=46 fullInBase=0 pairs(frontal=0 checks=0 separation=0 resolved=0)
[ENEMY_WINDOW] steps=123 alive[min=36 max=46] visible[min=0 max=0] full[min=0 max=0] collisionPasses[runs=0 skips=123]
[ENEMY_SEGMENTS] window=2.050s D{b/s=11.71 avgLen=5.75 fail=0} T{b/s=11.71 avgLen=6.06 fail=0} H{b/s=0.00 avgLen=0.00 fail=0} A{b/s=0.00 avgLen=0.00 fail=0}
[ENEMY_GRID] frontal{cand/s=0.0 xcell/s=0.0 ins/s=0.0} separation{cand/s=0.0}
[ENEMY_COLLISION_WINDOW] frontal{pairs/s=0.0 checks/s=0.0 baseSkip=0 kill=0(0.0%)} separation{pairs/s=0.0 resolved/s=0.0(0.0%) baseSkip=0 kill=0 wallBlock=0}
[ENEMY_NAV_CACHE] playerCell{changes=0 flowRebuilds=0} flow{hit=0 miss=0 hit%=0.0} pathFallback{calls=0 ok=0 ok%=0.0}
[ENEMY_SAP] updates=0 active=0 pairs=0 repairs{x=0 y=0}
[ENEMY_PAIR_TYPES] frontal DD=0 DT=0 DH=0 DA=0 TT=0 TH=0 TA=0 HH=0 HA=0 AA=0 separation DD=0 DT=0 DH=0 DA=0 TT=0 TH=0 TA=0 HH=0 HA=0 AA=0

[PROFILE] frame=720 budget=16.667ms alloc(+77/-77, +157640b/-157640b, live=73448b peak=226440b)
  frame.total                      win= 16.922ms avg= 16.922ms p95= 17.483ms max= 84.000ms calls(last=  1,win= 120,total=720) (win 101.5% | avg 101.5% budget)
  frame.render                     win= 13.879ms avg= 13.879ms p95= 14.638ms max= 83.961ms calls(last=  1,win= 120,total=720) (win 83.3% | avg 83.3% budget)
  frame.present                    win= 13.872ms avg= 13.872ms p95= 14.631ms max= 83.954ms calls(last=  1,win= 120,total=720) (win 83.2% | avg 83.2% budget)
  frame.render.world               win=  4.775ms avg=  9.550ms p95= 10.014ms max= 14.135ms calls(last=  2,win= 240,total=1338) (win 28.7% | avg 57.3% budget)
  frame.render.overlay             win=  3.002ms avg=  3.002ms p95=  3.647ms max=  3.864ms calls(last=  1,win= 120,total=669) (win 18.0% | avg 18.0% budget)
  frame.fixed_step                 win=  2.954ms avg=  3.003ms p95=  3.228ms max=  5.754ms calls(last=  1,win= 122,total=739) (win 17.7% | avg 18.0% budget)
  game.update                      win=  1.978ms avg=  2.011ms p95=  2.164ms max=  4.980ms calls(last=  1,win= 122,total=686) (win 11.9% | avg 12.1% budget)
  system.ai_update                 win=  1.839ms avg=  1.870ms p95=  2.011ms max=  4.847ms calls(last=  1,win= 122,total=686) (win 11.0% | avg 11.2% budget)
  enemy.update                     win=  1.834ms avg=  1.864ms p95=  2.005ms max=  4.791ms calls(last=  1,win= 122,total=686) (win 11.0% | avg 11.2% budget)
  frame.render.world.maze          win=  1.197ms avg=  1.197ms p95=  1.381ms max=  1.643ms calls(last=  1,win= 120,total=669) (win 7.2% | avg 7.2% budget)
  frame.render.world.enemies       win=  1.110ms avg=  1.110ms p95=  1.207ms max=  1.397ms calls(last=  1,win= 120,total=669) (win 6.7% | avg 6.7% budget)
  frame.render.world.effects       win=  0.391ms avg=  0.391ms p95=  0.471ms max=  0.852ms calls(last=  1,win= 120,total=669) (win 2.3% | avg 2.3% budget)
  enemy.cheap.segment_build        win=  0.061ms avg=  0.025ms p95=  0.103ms max=  0.197ms calls(last=  0,win=  49,total=182) (win 0.4% | avg 0.1% budget)
  system.spawner_update            win=  0.050ms avg=  0.050ms p95=  0.214ms max=  0.265ms calls(last=  1,win= 122,total=686) (win 0.3% | avg 0.3% budget)
  frame.input_poll                 win=  0.027ms avg=  0.027ms p95=  0.028ms max=  0.064ms calls(last=  1,win= 120,total=720) (win 0.2% | avg 0.2% budget)
  system.player_update             win=  0.026ms avg=  0.026ms p95=  0.029ms max=  0.067ms calls(last=  1,win= 122,total=566) (win 0.2% | avg 0.2% budget)
  system.physics_collision         win=  0.024ms avg=  0.025ms p95=  0.029ms max=  0.087ms calls(last=  1,win= 122,total=686) (win 0.1% | avg 0.1% budget)
  enemy.type.torpedo               win=  0.005ms avg=  0.099ms p95=  0.164ms max=  0.223ms calls(last= 21,win=2497,total=7412) (win 0.0% | avg 0.6% budget)
  enemy.type.drone                 win=  0.004ms avg=  0.108ms p95=  0.204ms max=  0.271ms calls(last= 33,win=3668,total=11118) (win 0.0% | avg 0.6% budget)
  system.projectile_update         win=  0.003ms avg=  0.003ms p95=  0.004ms max=  0.043ms calls(last=  1,win= 122,total=686) (win 0.0% | avg 0.0% budget)
  system.maze_update               win=  0.001ms avg=  0.001ms p95=  0.001ms max=  0.002ms calls(last=  1,win= 122,total=686) (win 0.0% | avg 0.0% budget)
[ENEMY_STATS] frame=720 alive=55 visible=0 full=0 cheap=55 fullInBase=0 pairs(frontal=0 checks=0 separation=0 resolved=0)
[ENEMY_WINDOW] steps=122 alive[min=46 max=55] visible[min=0 max=0] full[min=0 max=0] collisionPasses[runs=0 skips=122]
[ENEMY_SEGMENTS] window=2.033s D{b/s=11.31 avgLen=5.40 fail=0} T{b/s=13.28 avgLen=7.39 fail=0} H{b/s=0.00 avgLen=0.00 fail=0} A{b/s=0.00 avgLen=0.00 fail=0}
[ENEMY_GRID] frontal{cand/s=0.0 xcell/s=0.0 ins/s=0.0} separation{cand/s=0.0}
[ENEMY_COLLISION_WINDOW] frontal{pairs/s=0.0 checks/s=0.0 baseSkip=0 kill=0(0.0%)} separation{pairs/s=0.0 resolved/s=0.0(0.0%) baseSkip=0 kill=0 wallBlock=0}
[ENEMY_NAV_CACHE] playerCell{changes=0 flowRebuilds=0} flow{hit=0 miss=0 hit%=0.0} pathFallback{calls=0 ok=0 ok%=0.0}
[ENEMY_SAP] updates=0 active=0 pairs=0 repairs{x=0 y=0}
[ENEMY_PAIR_TYPES] frontal DD=0 DT=0 DH=0 DA=0 TT=0 TH=0 TA=0 HH=0 HA=0 AA=0 separation DD=0 DT=0 DH=0 DA=0 TT=0 TH=0 TA=0 HH=0 HA=0 AA=0

[PROFILE] frame=840 budget=16.667ms alloc(+80/-80, +162192b/-162192b, live=73448b peak=231240b)
  frame.total                      win= 16.931ms avg= 16.931ms p95= 17.504ms max= 84.000ms calls(last=  1,win= 120,total=840) (win 101.6% | avg 101.6% budget)
  frame.render                     win= 13.637ms avg= 13.637ms p95= 14.374ms max= 83.961ms calls(last=  1,win= 120,total=840) (win 81.8% | avg 81.8% budget)
  frame.present                    win= 13.629ms avg= 13.629ms p95= 14.367ms max= 83.954ms calls(last=  1,win= 120,total=840) (win 81.8% | avg 81.8% budget)
  frame.render.world               win=  4.567ms avg=  9.134ms p95=  9.642ms max= 14.135ms calls(last=  2,win= 240,total=1578) (win 27.4% | avg 54.8% budget)
  frame.fixed_step                 win=  3.176ms avg=  3.255ms p95=  3.420ms max=  6.554ms calls(last=  1,win= 123,total=862) (win 19.1% | avg 19.5% budget)
  frame.render.overlay             win=  3.003ms avg=  3.003ms p95=  3.656ms max=  3.864ms calls(last=  1,win= 120,total=789) (win 18.0% | avg 18.0% budget)
  game.update                      win=  2.044ms avg=  2.096ms p95=  2.276ms max=  4.980ms calls(last=  1,win= 123,total=809) (win 12.3% | avg 12.6% budget)
  system.ai_update                 win=  1.908ms avg=  1.956ms p95=  2.119ms max=  4.847ms calls(last=  1,win= 123,total=809) (win 11.4% | avg 11.7% budget)
  enemy.update                     win=  1.901ms avg=  1.949ms p95=  2.104ms max=  4.791ms calls(last=  1,win= 123,total=809) (win 11.4% | avg 11.7% budget)
  frame.render.world.enemies       win=  1.110ms avg=  1.110ms p95=  1.218ms max=  1.419ms calls(last=  1,win= 120,total=789) (win 6.7% | avg 6.7% budget)
  frame.render.world.maze          win=  0.932ms avg=  0.932ms p95=  1.067ms max=  1.643ms calls(last=  1,win= 120,total=789) (win 5.6% | avg 5.6% budget)
  frame.render.world.effects       win=  0.382ms avg=  0.382ms p95=  0.482ms max=  0.852ms calls(last=  1,win= 120,total=789) (win 2.3% | avg 2.3% budget)
  enemy.cheap.segment_build        win=  0.067ms avg=  0.031ms p95=  0.100ms max=  0.197ms calls(last=  0,win=  56,total=238) (win 0.4% | avg 0.2% budget)
  system.spawner_update            win=  0.046ms avg=  0.047ms p95=  0.165ms max=  0.265ms calls(last=  1,win= 123,total=809) (win 0.3% | avg 0.3% budget)
  frame.input_poll                 win=  0.028ms avg=  0.028ms p95=  0.028ms max=  0.076ms calls(last=  1,win= 120,total=840) (win 0.2% | avg 0.2% budget)
  system.player_update             win=  0.026ms avg=  0.026ms p95=  0.030ms max=  0.067ms calls(last=  1,win= 123,total=689) (win 0.2% | avg 0.2% budget)
  system.physics_collision         win=  0.025ms avg=  0.026ms p95=  0.032ms max=  0.087ms calls(last=  1,win= 123,total=809) (win 0.2% | avg 0.2% budget)
  enemy.type.torpedo               win=  0.005ms avg=  0.109ms p95=  0.170ms max=  0.271ms calls(last= 23,win=2711,total=10123) (win 0.0% | avg 0.7% budget)
  enemy.type.drone                 win=  0.004ms avg=  0.126ms p95=  0.209ms max=  0.382ms calls(last= 36,win=4198,total=15316) (win 0.0% | avg 0.8% budget)
  system.projectile_update         win=  0.003ms avg=  0.003ms p95=  0.004ms max=  0.043ms calls(last=  1,win= 123,total=809) (win 0.0% | avg 0.0% budget)
  system.maze_update               win=  0.001ms avg=  0.001ms p95=  0.002ms max=  0.002ms calls(last=  1,win= 123,total=809) (win 0.0% | avg 0.0% budget)
[ENEMY_STATS] frame=840 alive=59 visible=0 full=0 cheap=59 fullInBase=0 pairs(frontal=0 checks=0 separation=0 resolved=0)
[ENEMY_WINDOW] steps=123 alive[min=55 max=59] visible[min=0 max=0] full[min=0 max=0] collisionPasses[runs=0 skips=123]
[ENEMY_SEGMENTS] window=2.050s D{b/s=13.66 avgLen=5.35 fail=0} T{b/s=13.66 avgLen=6.78 fail=0} H{b/s=0.00 avgLen=0.00 fail=0} A{b/s=0.00 avgLen=0.00 fail=0}
[ENEMY_GRID] frontal{cand/s=0.0 xcell/s=0.0 ins/s=0.0} separation{cand/s=0.0}
[ENEMY_COLLISION_WINDOW] frontal{pairs/s=0.0 checks/s=0.0 baseSkip=0 kill=0(0.0%)} separation{pairs/s=0.0 resolved/s=0.0(0.0%) baseSkip=0 kill=0 wallBlock=0}
[ENEMY_NAV_CACHE] playerCell{changes=0 flowRebuilds=0} flow{hit=0 miss=0 hit%=0.0} pathFallback{calls=0 ok=0 ok%=0.0}
[ENEMY_SAP] updates=0 active=0 pairs=0 repairs{x=0 y=0}
[ENEMY_PAIR_TYPES] frontal DD=0 DT=0 DH=0 DA=0 TT=0 TH=0 TA=0 HH=0 HA=0 AA=0 separation DD=0 DT=0 DH=0 DA=0 TT=0 TH=0 TA=0 HH=0 HA=0 AA=0

[PROFILE] frame=960 budget=16.667ms alloc(+84/-84, +165152b/-165152b, live=73448b peak=234128b)
  frame.total                      win= 16.911ms avg= 16.911ms p95= 17.449ms max= 84.000ms calls(last=  1,win= 120,total=960) (win 101.5% | avg 101.5% budget)
  frame.render                     win= 13.439ms avg= 13.439ms p95= 13.884ms max= 83.961ms calls(last=  1,win= 120,total=960) (win 80.6% | avg 80.6% budget)
  frame.present                    win= 13.431ms avg= 13.431ms p95= 13.877ms max= 83.954ms calls(last=  1,win= 120,total=960) (win 80.6% | avg 80.6% budget)
  frame.render.world               win=  4.551ms avg=  9.102ms p95=  9.616ms max= 14.135ms calls(last=  2,win= 240,total=1818) (win 27.3% | avg 54.6% budget)
  frame.fixed_step                 win=  3.377ms avg=  3.434ms p95=  3.595ms max=  6.554ms calls(last=  1,win= 122,total=984) (win 20.3% | avg 20.6% budget)
  frame.render.overlay             win=  3.011ms avg=  3.011ms p95=  3.632ms max=  4.126ms calls(last=  1,win= 120,total=909) (win 18.1% | avg 18.1% budget)
  game.update                      win=  2.102ms avg=  2.137ms p95=  2.277ms max=  4.980ms calls(last=  1,win= 122,total=931) (win 12.6% | avg 12.8% budget)
  system.ai_update                 win=  1.962ms avg=  1.995ms p95=  2.128ms max=  4.847ms calls(last=  1,win= 122,total=931) (win 11.8% | avg 12.0% budget)
  enemy.update                     win=  1.956ms avg=  1.989ms p95=  2.122ms max=  4.791ms calls(last=  1,win= 122,total=931) (win 11.7% | avg 11.9% budget)
  frame.render.world.enemies       win=  1.127ms avg=  1.127ms p95=  1.291ms max=  1.425ms calls(last=  1,win= 120,total=909) (win 6.8% | avg 6.8% budget)
  frame.render.world.maze          win=  0.858ms avg=  0.858ms p95=  1.034ms max=  1.643ms calls(last=  1,win= 120,total=909) (win 5.1% | avg 5.1% budget)
  frame.render.world.effects       win=  0.396ms avg=  0.396ms p95=  0.512ms max=  0.852ms calls(last=  1,win= 120,total=909) (win 2.4% | avg 2.4% budget)
  enemy.cheap.segment_build        win=  0.064ms avg=  0.033ms p95=  0.102ms max=  0.197ms calls(last=  1,win=  62,total=300) (win 0.4% | avg 0.2% budget)
  system.spawner_update            win=  0.045ms avg=  0.046ms p95=  0.088ms max=  0.285ms calls(last=  1,win= 122,total=931) (win 0.3% | avg 0.3% budget)
  system.physics_collision         win=  0.028ms avg=  0.028ms p95=  0.039ms max=  0.113ms calls(last=  1,win= 122,total=931) (win 0.2% | avg 0.2% budget)
  frame.input_poll                 win=  0.027ms avg=  0.027ms p95=  0.028ms max=  0.076ms calls(last=  1,win= 120,total=960) (win 0.2% | avg 0.2% budget)
  system.player_update             win=  0.027ms avg=  0.027ms p95=  0.028ms max=  0.073ms calls(last=  1,win= 122,total=811) (win 0.2% | avg 0.2% budget)
  enemy.type.torpedo               win=  0.005ms avg=  0.111ms p95=  0.174ms max=  0.271ms calls(last= 23,win=2806,total=12929) (win 0.0% | avg 0.7% budget)
  enemy.type.drone                 win=  0.004ms avg=  0.140ms p95=  0.226ms max=  0.382ms calls(last= 39,win=4613,total=19929) (win 0.0% | avg 0.8% budget)
  system.projectile_update         win=  0.003ms avg=  0.003ms p95=  0.004ms max=  0.043ms calls(last=  1,win= 122,total=931) (win 0.0% | avg 0.0% budget)
  system.maze_update               win=  0.001ms avg=  0.001ms p95=  0.001ms max=  0.002ms calls(last=  1,win= 122,total=931) (win 0.0% | avg 0.0% budget)
[ENEMY_STATS] frame=960 alive=62 visible=0 full=0 cheap=62 fullInBase=0 pairs(frontal=0 checks=0 separation=0 resolved=0)
[ENEMY_WINDOW] steps=122 alive[min=59 max=62] visible[min=0 max=0] full[min=0 max=0] collisionPasses[runs=0 skips=122]
[ENEMY_SEGMENTS] window=2.033s D{b/s=16.23 avgLen=4.59 fail=0} T{b/s=13.77 avgLen=6.52 fail=0} H{b/s=0.00 avgLen=0.00 fail=0} A{b/s=0.00 avgLen=0.00 fail=0}
[ENEMY_GRID] frontal{cand/s=0.0 xcell/s=0.0 ins/s=0.0} separation{cand/s=0.0}
[ENEMY_COLLISION_WINDOW] frontal{pairs/s=0.0 checks/s=0.0 baseSkip=0 kill=0(0.0%)} separation{pairs/s=0.0 resolved/s=0.0(0.0%) baseSkip=0 kill=0 wallBlock=0}
[ENEMY_NAV_CACHE] playerCell{changes=0 flowRebuilds=0} flow{hit=0 miss=0 hit%=0.0} pathFallback{calls=0 ok=0 ok%=0.0}
[ENEMY_SAP] updates=0 active=0 pairs=0 repairs{x=0 y=0}
[ENEMY_PAIR_TYPES] frontal DD=0 DT=0 DH=0 DA=0 TT=0 TH=0 TA=0 HH=0 HA=0 AA=0 separation DD=0 DT=0 DH=0 DA=0 TT=0 TH=0 TA=0 HH=0 HA=0 AA=0

[PROFILE] frame=1080 budget=16.667ms alloc(+88/-88, +168960b/-168960b, live=132328b peak=296880b)
  frame.total                      win= 16.966ms avg= 16.966ms p95= 17.510ms max= 84.000ms calls(last=  1,win= 120,total=1080) (win 101.8% | avg 101.8% budget)
  frame.render                     win= 13.294ms avg= 13.294ms p95= 13.897ms max= 83.961ms calls(last=  1,win= 120,total=1080) (win 79.8% | avg 79.8% budget)
  frame.present                    win= 13.287ms avg= 13.287ms p95= 13.889ms max= 83.954ms calls(last=  1,win= 120,total=1080) (win 79.7% | avg 79.7% budget)
  frame.render.world               win=  4.584ms avg=  9.169ms p95=  9.616ms max= 14.135ms calls(last=  2,win= 240,total=2058) (win 27.5% | avg 55.0% budget)
  frame.fixed_step                 win=  3.544ms avg=  3.632ms p95=  3.826ms max=  6.975ms calls(last=  1,win= 123,total=1107) (win 21.3% | avg 21.8% budget)
  frame.render.overlay             win=  3.043ms avg=  3.043ms p95=  3.829ms max=  4.126ms calls(last=  1,win= 120,total=1029) (win 18.3% | avg 18.3% budget)
  game.update                      win=  2.147ms avg=  2.201ms p95=  2.361ms max=  4.980ms calls(last=  1,win= 123,total=1054) (win 12.9% | avg 13.2% budget)
  system.ai_update                 win=  2.005ms avg=  2.055ms p95=  2.178ms max=  4.847ms calls(last=  1,win= 123,total=1054) (win 12.0% | avg 12.3% budget)
  enemy.update                     win=  1.999ms avg=  2.049ms p95=  2.172ms max=  4.791ms calls(last=  1,win= 123,total=1054) (win 12.0% | avg 12.3% budget)
  frame.render.world.enemies       win=  1.112ms avg=  1.112ms p95=  1.216ms max=  1.425ms calls(last=  1,win= 120,total=1029) (win 6.7% | avg 6.7% budget)
  frame.render.world.maze          win=  0.881ms avg=  0.881ms p95=  0.993ms max=  1.643ms calls(last=  1,win= 120,total=1029) (win 5.3% | avg 5.3% budget)
  frame.render.world.effects       win=  0.395ms avg=  0.395ms p95=  0.510ms max=  0.852ms calls(last=  1,win= 120,total=1029) (win 2.4% | avg 2.4% budget)
  enemy.cheap.segment_build        win=  0.062ms avg=  0.035ms p95=  0.105ms max=  0.197ms calls(last=  0,win=  68,total=368) (win 0.4% | avg 0.2% budget)
  system.spawner_update            win=  0.046ms avg=  0.047ms p95=  0.071ms max=  0.289ms calls(last=  1,win= 123,total=1054) (win 0.3% | avg 0.3% budget)
  system.player_update             win=  0.028ms avg=  0.028ms p95=  0.038ms max=  0.084ms calls(last=  1,win= 123,total=934) (win 0.2% | avg 0.2% budget)
  system.physics_collision         win=  0.028ms avg=  0.028ms p95=  0.034ms max=  0.113ms calls(last=  1,win= 123,total=1054) (win 0.2% | avg 0.2% budget)
  frame.input_poll                 win=  0.028ms avg=  0.028ms p95=  0.029ms max=  0.076ms calls(last=  1,win= 120,total=1080) (win 0.2% | avg 0.2% budget)
  enemy.type.torpedo               win=  0.005ms avg=  0.117ms p95=  0.183ms max=  0.271ms calls(last= 25,win=2988,total=15917) (win 0.0% | avg 0.7% budget)
  enemy.type.drone                 win=  0.004ms avg=  0.151ms p95=  0.239ms max=  0.382ms calls(last= 41,win=4964,total=24893) (win 0.0% | avg 0.9% budget)
  system.projectile_update         win=  0.003ms avg=  0.003ms p95=  0.004ms max=  0.043ms calls(last=  1,win= 123,total=1054) (win 0.0% | avg 0.0% budget)
  system.maze_update               win=  0.001ms avg=  0.001ms p95=  0.001ms max=  0.002ms calls(last=  1,win= 123,total=1054) (win 0.0% | avg 0.0% budget)
[ENEMY_STATS] frame=1080 alive=66 visible=0 full=0 cheap=66 fullInBase=0 pairs(frontal=0 checks=0 separation=0 resolved=0)
[ENEMY_WINDOW] steps=123 alive[min=62 max=66] visible[min=0 max=0] full[min=0 max=0] collisionPasses[runs=0 skips=123]
[ENEMY_SEGMENTS] window=2.050s D{b/s=18.54 avgLen=5.14 fail=0} T{b/s=14.63 avgLen=7.30 fail=0} H{b/s=0.00 avgLen=0.00 fail=0} A{b/s=0.00 avgLen=0.00 fail=0}
[ENEMY_GRID] frontal{cand/s=0.0 xcell/s=0.0 ins/s=0.0} separation{cand/s=0.0}
[ENEMY_COLLISION_WINDOW] frontal{pairs/s=0.0 checks/s=0.0 baseSkip=0 kill=0(0.0%)} separation{pairs/s=0.0 resolved/s=0.0(0.0%) baseSkip=0 kill=0 wallBlock=0}
[ENEMY_NAV_CACHE] playerCell{changes=0 flowRebuilds=0} flow{hit=0 miss=0 hit%=0.0} pathFallback{calls=0 ok=0 ok%=0.0}
[ENEMY_SAP] updates=0 active=0 pairs=0 repairs{x=0 y=0}
[ENEMY_PAIR_TYPES] frontal DD=0 DT=0 DH=0 DA=0 TT=0 TH=0 TA=0 HH=0 HA=0 AA=0 separation DD=0 DT=0 DH=0 DA=0 TT=0 TH=0 TA=0 HH=0 HA=0 AA=0

[PROFILE] frame=1200 budget=16.667ms alloc(+90/-90, +170880b/-170880b, live=132328b peak=298704b)
  frame.total                      win= 16.985ms avg= 16.985ms p95= 17.590ms max= 84.000ms calls(last=  1,win= 120,total=1200) (win 101.9% | avg 101.9% budget)
  frame.render                     win= 13.160ms avg= 13.160ms p95= 13.806ms max= 83.961ms calls(last=  1,win= 120,total=1200) (win 79.0% | avg 79.0% budget)
  frame.present                    win= 13.152ms avg= 13.152ms p95= 13.798ms max= 83.954ms calls(last=  1,win= 120,total=1200) (win 78.9% | avg 78.9% budget)
  frame.render.world               win=  4.574ms avg=  9.148ms p95=  9.614ms max= 14.135ms calls(last=  2,win= 240,total=2298) (win 27.4% | avg 54.9% budget)
  frame.fixed_step                 win=  3.693ms avg=  3.785ms p95=  3.954ms max=  7.305ms calls(last=  1,win= 123,total=1230) (win 22.2% | avg 22.7% budget)
  frame.render.overlay             win=  3.057ms avg=  3.057ms p95=  3.873ms max=  4.126ms calls(last=  1,win= 120,total=1149) (win 18.3% | avg 18.3% budget)
  game.update                      win=  2.196ms avg=  2.251ms p95=  2.478ms max=  4.980ms calls(last=  1,win= 123,total=1177) (win 13.2% | avg 13.5% budget)
  system.ai_update                 win=  2.057ms avg=  2.108ms p95=  2.287ms max=  4.847ms calls(last=  1,win= 123,total=1177) (win 12.3% | avg 12.6% budget)
  enemy.update                     win=  2.051ms avg=  2.102ms p95=  2.280ms max=  4.791ms calls(last=  1,win= 123,total=1177) (win 12.3% | avg 12.6% budget)
  frame.render.world.enemies       win=  1.111ms avg=  1.111ms p95=  1.202ms max=  1.430ms calls(last=  1,win= 120,total=1149) (win 6.7% | avg 6.7% budget)
  frame.render.world.maze          win=  0.843ms avg=  0.843ms p95=  0.948ms max=  1.643ms calls(last=  1,win= 120,total=1149) (win 5.1% | avg 5.1% budget)
  frame.render.world.effects       win=  0.394ms avg=  0.394ms p95=  0.525ms max=  0.852ms calls(last=  1,win= 120,total=1149) (win 2.4% | avg 2.4% budget)
  enemy.cheap.segment_build        win=  0.063ms avg=  0.034ms p95=  0.103ms max=  0.218ms calls(last=  1,win=  65,total=433) (win 0.4% | avg 0.2% budget)
  system.spawner_update            win=  0.042ms avg=  0.043ms p95=  0.073ms max=  0.289ms calls(last=  1,win= 123,total=1177) (win 0.2% | avg 0.3% budget)
  system.physics_collision         win=  0.028ms avg=  0.029ms p95=  0.049ms max=  0.113ms calls(last=  1,win= 123,total=1177) (win 0.2% | avg 0.2% budget)
  frame.input_poll                 win=  0.027ms avg=  0.027ms p95=  0.028ms max=  0.076ms calls(last=  1,win= 120,total=1200) (win 0.2% | avg 0.2% budget)
  system.player_update             win=  0.027ms avg=  0.028ms p95=  0.032ms max=  0.084ms calls(last=  1,win= 123,total=1057) (win 0.2% | avg 0.2% budget)
  enemy.type.torpedo               win=  0.005ms avg=  0.119ms p95=  0.194ms max=  0.299ms calls(last= 25,win=3075,total=18992) (win 0.0% | avg 0.7% budget)
  enemy.type.drone                 win=  0.004ms avg=  0.159ms p95=  0.257ms max=  0.416ms calls(last= 43,win=5237,total=30130) (win 0.0% | avg 1.0% budget)
  system.projectile_update         win=  0.003ms avg=  0.003ms p95=  0.004ms max=  0.043ms calls(last=  1,win= 123,total=1177) (win 0.0% | avg 0.0% budget)
  system.maze_update               win=  0.001ms avg=  0.001ms p95=  0.001ms max=  0.002ms calls(last=  1,win= 123,total=1177) (win 0.0% | avg 0.0% budget)
[ENEMY_STATS] frame=1200 alive=68 visible=0 full=0 cheap=68 fullInBase=0 pairs(frontal=0 checks=0 separation=0 resolved=0)
[ENEMY_WINDOW] steps=123 alive[min=66 max=68] visible[min=0 max=0] full[min=0 max=0] collisionPasses[runs=0 skips=123]
[ENEMY_SEGMENTS] window=2.050s D{b/s=17.56 avgLen=4.99 fail=0} T{b/s=14.15 avgLen=7.06 fail=0} H{b/s=0.00 avgLen=0.00 fail=0} A{b/s=0.00 avgLen=0.00 fail=0}
[ENEMY_GRID] frontal{cand/s=0.0 xcell/s=0.0 ins/s=0.0} separation{cand/s=0.0}
[ENEMY_COLLISION_WINDOW] frontal{pairs/s=0.0 checks/s=0.0 baseSkip=0 kill=0(0.0%)} separation{pairs/s=0.0 resolved/s=0.0(0.0%) baseSkip=0 kill=0 wallBlock=0}
[ENEMY_NAV_CACHE] playerCell{changes=0 flowRebuilds=0} flow{hit=0 miss=0 hit%=0.0} pathFallback{calls=0 ok=0 ok%=0.0}
[ENEMY_SAP] updates=0 active=0 pairs=0 repairs{x=0 y=0}
[ENEMY_PAIR_TYPES] frontal DD=0 DT=0 DH=0 DA=0 TT=0 TH=0 TA=0 HH=0 HA=0 AA=0 separation DD=0 DT=0 DH=0 DA=0 TT=0 TH=0 TA=0 HH=0 HA=0 AA=0

[PROFILE] frame=1320 budget=16.667ms alloc(+91/-91, +171816b/-171816b, live=132328b peak=299600b)
  frame.total                      win= 16.962ms avg= 16.962ms p95= 17.534ms max= 84.000ms calls(last=  1,win= 120,total=1320) (win 101.8% | avg 101.8% budget)
  frame.render                     win= 13.122ms avg= 13.122ms p95= 13.786ms max= 83.961ms calls(last=  1,win= 120,total=1320) (win 78.7% | avg 78.7% budget)
  frame.present                    win= 13.114ms avg= 13.114ms p95= 13.779ms max= 83.954ms calls(last=  1,win= 120,total=1320) (win 78.7% | avg 78.7% budget)
  frame.render.world               win=  4.630ms avg=  9.259ms p95=  9.699ms max= 14.135ms calls(last=  2,win= 240,total=2538) (win 27.8% | avg 55.6% budget)
  frame.fixed_step                 win=  3.709ms avg=  3.801ms p95=  3.902ms max=  7.305ms calls(last=  1,win= 123,total=1353) (win 22.3% | avg 22.8% budget)
  frame.render.overlay             win=  3.026ms avg=  3.026ms p95=  3.674ms max=  4.126ms calls(last=  1,win= 120,total=1269) (win 18.2% | avg 18.2% budget)
  game.update                      win=  2.197ms avg=  2.252ms p95=  2.383ms max=  4.980ms calls(last=  1,win= 123,total=1300) (win 13.2% | avg 13.5% budget)
  system.ai_update                 win=  2.060ms avg=  2.111ms p95=  2.244ms max=  4.847ms calls(last=  1,win= 123,total=1300) (win 12.4% | avg 12.7% budget)
  enemy.update                     win=  2.054ms avg=  2.105ms p95=  2.238ms max=  4.791ms calls(last=  1,win= 123,total=1300) (win 12.3% | avg 12.6% budget)
  frame.render.world.enemies       win=  1.113ms avg=  1.113ms p95=  1.204ms max=  1.430ms calls(last=  1,win= 120,total=1269) (win 6.7% | avg 6.7% budget)
  frame.render.world.maze          win=  0.911ms avg=  0.911ms p95=  0.981ms max=  1.643ms calls(last=  1,win= 120,total=1269) (win 5.5% | avg 5.5% budget)
  frame.render.world.effects       win=  0.385ms avg=  0.385ms p95=  0.505ms max=  0.852ms calls(last=  1,win= 120,total=1269) (win 2.3% | avg 2.3% budget)
  enemy.cheap.segment_build        win=  0.063ms avg=  0.036ms p95=  0.107ms max=  0.218ms calls(last=  0,win=  68,total=501) (win 0.4% | avg 0.2% budget)
  system.spawner_update            win=  0.042ms avg=  0.043ms p95=  0.067ms max=  0.289ms calls(last=  1,win= 123,total=1300) (win 0.3% | avg 0.3% budget)
  system.physics_collision         win=  0.028ms avg=  0.028ms p95=  0.034ms max=  0.113ms calls(last=  1,win= 123,total=1300) (win 0.2% | avg 0.2% budget)
  frame.input_poll                 win=  0.027ms avg=  0.027ms p95=  0.028ms max=  0.076ms calls(last=  1,win= 120,total=1320) (win 0.2% | avg 0.2% budget)
  system.player_update             win=  0.026ms avg=  0.027ms p95=  0.028ms max=  0.084ms calls(last=  1,win= 123,total=1180) (win 0.2% | avg 0.2% budget)
  enemy.type.torpedo               win=  0.005ms avg=  0.122ms p95=  0.210ms max=  0.308ms calls(last= 26,win=3079,total=22071) (win 0.0% | avg 0.7% budget)
  enemy.type.drone                 win=  0.004ms avg=  0.160ms p95=  0.259ms max=  0.446ms calls(last= 43,win=5289,total=35419) (win 0.0% | avg 1.0% budget)
  system.projectile_update         win=  0.003ms avg=  0.003ms p95=  0.004ms max=  0.043ms calls(last=  1,win= 123,total=1300) (win 0.0% | avg 0.0% budget)
  system.maze_update               win=  0.001ms avg=  0.001ms p95=  0.001ms max=  0.002ms calls(last=  1,win= 123,total=1300) (win 0.0% | avg 0.0% budget)
[ENEMY_STATS] frame=1320 alive=69 visible=0 full=0 cheap=69 fullInBase=0 pairs(frontal=0 checks=0 separation=0 resolved=0)
[ENEMY_WINDOW] steps=123 alive[min=68 max=69] visible[min=0 max=0] full[min=0 max=0] collisionPasses[runs=0 skips=123]
[ENEMY_SEGMENTS] window=2.050s D{b/s=17.56 avgLen=5.29 fail=0} T{b/s=15.61 avgLen=6.83 fail=0} H{b/s=0.00 avgLen=0.00 fail=0} A{b/s=0.00 avgLen=0.00 fail=0}
[ENEMY_GRID] frontal{cand/s=0.0 xcell/s=0.0 ins/s=0.0} separation{cand/s=0.0}
[ENEMY_COLLISION_WINDOW] frontal{pairs/s=0.0 checks/s=0.0 baseSkip=0 kill=0(0.0%)} separation{pairs/s=0.0 resolved/s=0.0(0.0%) baseSkip=0 kill=0 wallBlock=0}
[ENEMY_NAV_CACHE] playerCell{changes=0 flowRebuilds=0} flow{hit=0 miss=0 hit%=0.0} pathFallback{calls=0 ok=0 ok%=0.0}
[ENEMY_SAP] updates=0 active=0 pairs=0 repairs{x=0 y=0}
[ENEMY_PAIR_TYPES] frontal DD=0 DT=0 DH=0 DA=0 TT=0 TH=0 TA=0 HH=0 HA=0 AA=0 separation DD=0 DT=0 DH=0 DA=0 TT=0 TH=0 TA=0 HH=0 HA=0 AA=0

[PROFILE] frame=1440 budget=16.667ms alloc(+93/-93, +173320b/-173320b, live=132328b peak=301104b)
  frame.total                      win= 17.006ms avg= 17.006ms p95= 17.908ms max= 84.000ms calls(last=  1,win= 120,total=1440) (win 102.0% | avg 102.0% budget)
  frame.render                     win= 13.109ms avg= 13.109ms p95= 13.823ms max= 83.961ms calls(last=  1,win= 120,total=1440) (win 78.7% | avg 78.7% budget)
  frame.present                    win= 13.101ms avg= 13.101ms p95= 13.815ms max= 83.954ms calls(last=  1,win= 120,total=1440) (win 78.6% | avg 78.6% budget)
  frame.render.world               win=  4.714ms avg=  9.427ms p95=  9.912ms max= 14.135ms calls(last=  2,win= 240,total=2778) (win 28.3% | avg 56.6% budget)
  frame.fixed_step                 win=  3.764ms avg=  3.858ms p95=  3.955ms max=  7.371ms calls(last=  1,win= 123,total=1476) (win 22.6% | avg 23.1% budget)
  frame.render.overlay             win=  3.035ms avg=  3.035ms p95=  3.728ms max=  4.126ms calls(last=  1,win= 120,total=1389) (win 18.2% | avg 18.2% budget)
  game.update                      win=  2.205ms avg=  2.260ms p95=  2.386ms max=  4.980ms calls(last=  1,win= 123,total=1423) (win 13.2% | avg 13.6% budget)
  system.ai_update                 win=  2.067ms avg=  2.118ms p95=  2.252ms max=  4.847ms calls(last=  1,win= 123,total=1423) (win 12.4% | avg 12.7% budget)
  enemy.update                     win=  2.060ms avg=  2.111ms p95=  2.246ms max=  4.791ms calls(last=  1,win= 123,total=1423) (win 12.4% | avg 12.7% budget)
  frame.render.world.enemies       win=  1.120ms avg=  1.120ms p95=  1.274ms max=  1.430ms calls(last=  1,win= 120,total=1389) (win 6.7% | avg 6.7% budget)
  frame.render.world.maze          win=  0.986ms avg=  0.986ms p95=  1.148ms max=  1.643ms calls(last=  1,win= 120,total=1389) (win 5.9% | avg 5.9% budget)
  frame.render.world.effects       win=  0.399ms avg=  0.399ms p95=  0.553ms max=  0.852ms calls(last=  1,win= 120,total=1389) (win 2.4% | avg 2.4% budget)
  enemy.cheap.segment_build        win=  0.059ms avg=  0.035ms p95=  0.103ms max=  0.218ms calls(last=  1,win=  71,total=572) (win 0.4% | avg 0.2% budget)
  system.spawner_update            win=  0.041ms avg=  0.042ms p95=  0.071ms max=  0.289ms calls(last=  1,win= 123,total=1423) (win 0.2% | avg 0.3% budget)
  system.player_update             win=  0.028ms avg=  0.029ms p95=  0.030ms max=  0.138ms calls(last=  1,win= 123,total=1303) (win 0.2% | avg 0.2% budget)
  frame.input_poll                 win=  0.028ms avg=  0.028ms p95=  0.029ms max=  0.076ms calls(last=  1,win= 120,total=1440) (win 0.2% | avg 0.2% budget)
  system.physics_collision         win=  0.027ms avg=  0.028ms p95=  0.033ms max=  0.113ms calls(last=  1,win= 123,total=1423) (win 0.2% | avg 0.2% budget)
  enemy.type.torpedo               win=  0.005ms avg=  0.125ms p95=  0.206ms max=  0.308ms calls(last= 26,win=3198,total=25269) (win 0.0% | avg 0.7% budget)
  enemy.type.drone                 win=  0.004ms avg=  0.162ms p95=  0.250ms max=  0.446ms calls(last= 44,win=5368,total=40787) (win 0.0% | avg 1.0% budget)
  system.projectile_update         win=  0.003ms avg=  0.003ms p95=  0.004ms max=  0.043ms calls(last=  1,win= 123,total=1423) (win 0.0% | avg 0.0% budget)
  system.maze_update               win=  0.001ms avg=  0.001ms p95=  0.002ms max=  0.002ms calls(last=  1,win= 123,total=1423) (win 0.0% | avg 0.0% budget)
[ENEMY_STATS] frame=1440 alive=70 visible=0 full=0 cheap=70 fullInBase=0 pairs(frontal=0 checks=0 separation=0 resolved=0)
[ENEMY_WINDOW] steps=123 alive[min=69 max=70] visible[min=0 max=0] full[min=0 max=0] collisionPasses[runs=0 skips=123]
[ENEMY_SEGMENTS] window=2.050s D{b/s=19.02 avgLen=4.77 fail=0} T{b/s=16.59 avgLen=6.18 fail=0} H{b/s=0.00 avgLen=0.00 fail=0} A{b/s=0.00 avgLen=0.00 fail=0}
[ENEMY_GRID] frontal{cand/s=0.0 xcell/s=0.0 ins/s=0.0} separation{cand/s=0.0}
[ENEMY_COLLISION_WINDOW] frontal{pairs/s=0.0 checks/s=0.0 baseSkip=0 kill=0(0.0%)} separation{pairs/s=0.0 resolved/s=0.0(0.0%) baseSkip=0 kill=0 wallBlock=0}
[ENEMY_NAV_CACHE] playerCell{changes=0 flowRebuilds=0} flow{hit=0 miss=0 hit%=0.0} pathFallback{calls=0 ok=0 ok%=0.0}
[ENEMY_SAP] updates=0 active=0 pairs=0 repairs{x=0 y=0}
[ENEMY_PAIR_TYPES] frontal DD=0 DT=0 DH=0 DA=0 TT=0 TH=0 TA=0 HH=0 HA=0 AA=0 separation DD=0 DT=0 DH=0 DA=0 TT=0 TH=0 TA=0 HH=0 HA=0 AA=0

[PROFILE] frame=1560 budget=16.667ms alloc(+94/-94, +174256b/-174256b, live=132328b peak=302000b)
  frame.total                      win= 16.966ms avg= 16.966ms p95= 17.524ms max= 84.000ms calls(last=  1,win= 120,total=1560) (win 101.8% | avg 101.8% budget)
  frame.render                     win= 13.043ms avg= 13.043ms p95= 13.696ms max= 83.961ms calls(last=  1,win= 120,total=1560) (win 78.3% | avg 78.3% budget)
  frame.present                    win= 13.035ms avg= 13.035ms p95= 13.688ms max= 83.954ms calls(last=  1,win= 120,total=1560) (win 78.2% | avg 78.2% budget)
  frame.render.world               win=  4.657ms avg=  9.315ms p95=  9.852ms max= 14.135ms calls(last=  2,win= 240,total=3018) (win 27.9% | avg 55.9% budget)
  frame.fixed_step                 win=  3.789ms avg=  3.883ms p95=  4.032ms max=  7.900ms calls(last=  1,win= 123,total=1599) (win 22.7% | avg 23.3% budget)
  frame.render.overlay             win=  3.014ms avg=  3.014ms p95=  3.646ms max=  4.126ms calls(last=  1,win= 120,total=1509) (win 18.1% | avg 18.1% budget)
  game.update                      win=  2.193ms avg=  2.248ms p95=  2.393ms max=  4.980ms calls(last=  1,win= 123,total=1546) (win 13.2% | avg 13.5% budget)
  system.ai_update                 win=  2.054ms avg=  2.105ms p95=  2.258ms max=  4.847ms calls(last=  1,win= 123,total=1546) (win 12.3% | avg 12.6% budget)
  enemy.update                     win=  2.048ms avg=  2.099ms p95=  2.253ms max=  4.791ms calls(last=  1,win= 123,total=1546) (win 12.3% | avg 12.6% budget)
  frame.render.world.enemies       win=  1.113ms avg=  1.113ms p95=  1.181ms max=  1.430ms calls(last=  1,win= 120,total=1509) (win 6.7% | avg 6.7% budget)
  frame.render.world.maze          win=  0.958ms avg=  0.958ms p95=  1.049ms max=  1.643ms calls(last=  1,win= 120,total=1509) (win 5.7% | avg 5.7% budget)
  frame.render.world.effects       win=  0.400ms avg=  0.400ms p95=  0.498ms max=  0.852ms calls(last=  1,win= 120,total=1509) (win 2.4% | avg 2.4% budget)
  enemy.cheap.segment_build        win=  0.063ms avg=  0.041ms p95=  0.103ms max=  0.218ms calls(last=  0,win=  78,total=650) (win 0.4% | avg 0.2% budget)
  system.spawner_update            win=  0.043ms avg=  0.044ms p95=  0.040ms max=  0.289ms calls(last=  1,win= 123,total=1546) (win 0.3% | avg 0.3% budget)
  frame.input_poll                 win=  0.027ms avg=  0.027ms p95=  0.028ms max=  0.076ms calls(last=  1,win= 120,total=1560) (win 0.2% | avg 0.2% budget)
  system.physics_collision         win=  0.027ms avg=  0.028ms p95=  0.034ms max=  0.113ms calls(last=  1,win= 123,total=1546) (win 0.2% | avg 0.2% budget)
  system.player_update             win=  0.027ms avg=  0.028ms p95=  0.029ms max=  0.138ms calls(last=  1,win= 123,total=1426) (win 0.2% | avg 0.2% budget)
  enemy.type.torpedo               win=  0.005ms avg=  0.130ms p95=  0.203ms max=  0.344ms calls(last= 27,win=3304,total=28573) (win 0.0% | avg 0.8% budget)
  enemy.type.drone                 win=  0.004ms avg=  0.160ms p95=  0.245ms max=  0.446ms calls(last= 44,win=5412,total=46199) (win 0.0% | avg 1.0% budget)
  system.projectile_update         win=  0.003ms avg=  0.003ms p95=  0.004ms max=  0.043ms calls(last=  1,win= 123,total=1546) (win 0.0% | avg 0.0% budget)
  system.maze_update               win=  0.001ms avg=  0.001ms p95=  0.002ms max=  0.003ms calls(last=  1,win= 123,total=1546) (win 0.0% | avg 0.0% budget)
[ENEMY_STATS] frame=1560 alive=71 visible=0 full=0 cheap=71 fullInBase=0 pairs(frontal=0 checks=0 separation=0 resolved=0)
[ENEMY_WINDOW] steps=123 alive[min=70 max=71] visible[min=0 max=0] full[min=0 max=0] collisionPasses[runs=0 skips=123]
[ENEMY_SEGMENTS] window=2.050s D{b/s=18.54 avgLen=5.33 fail=0} T{b/s=17.56 avgLen=6.29 fail=2} H{b/s=0.00 avgLen=0.00 fail=0} A{b/s=0.00 avgLen=0.00 fail=0}
[ENEMY_GRID] frontal{cand/s=0.0 xcell/s=0.0 ins/s=0.0} separation{cand/s=0.0}
[ENEMY_COLLISION_WINDOW] frontal{pairs/s=0.0 checks/s=0.0 baseSkip=0 kill=0(0.0%)} separation{pairs/s=0.0 resolved/s=0.0(0.0%) baseSkip=0 kill=0 wallBlock=0}
[ENEMY_NAV_CACHE] playerCell{changes=0 flowRebuilds=0} flow{hit=0 miss=0 hit%=0.0} pathFallback{calls=0 ok=0 ok%=0.0}
[ENEMY_SAP] updates=0 active=0 pairs=0 repairs{x=0 y=0}
[ENEMY_PAIR_TYPES] frontal DD=0 DT=0 DH=0 DA=0 TT=0 TH=0 TA=0 HH=0 HA=0 AA=0 separation DD=0 DT=0 DH=0 DA=0 TT=0 TH=0 TA=0 HH=0 HA=0 AA=0

[PROFILE] frame=1680 budget=16.667ms alloc(+95/-95, +175240b/-175240b, live=132328b peak=302944b)
  frame.total                      win= 16.991ms avg= 16.991ms p95= 17.797ms max= 84.000ms calls(last=  1,win= 120,total=1680) (win 101.9% | avg 101.9% budget)
  frame.render                     win= 12.988ms avg= 12.988ms p95= 13.520ms max= 83.961ms calls(last=  1,win= 120,total=1680) (win 77.9% | avg 77.9% budget)
  frame.present                    win= 12.981ms avg= 12.981ms p95= 13.512ms max= 83.954ms calls(last=  1,win= 120,total=1680) (win 77.9% | avg 77.9% budget)
  frame.render.world               win=  4.767ms avg=  9.535ms p95=  9.984ms max= 14.135ms calls(last=  2,win= 240,total=3258) (win 28.6% | avg 57.2% budget)
  frame.fixed_step                 win=  3.867ms avg=  3.963ms p95=  4.129ms max=  7.900ms calls(last=  1,win= 123,total=1722) (win 23.2% | avg 23.8% budget)
  frame.render.overlay             win=  3.049ms avg=  3.049ms p95=  3.702ms max=  4.126ms calls(last=  1,win= 120,total=1629) (win 18.3% | avg 18.3% budget)
  game.update                      win=  2.233ms avg=  2.289ms p95=  2.482ms max=  4.980ms calls(last=  1,win= 123,total=1669) (win 13.4% | avg 13.7% budget)
  system.ai_update                 win=  2.091ms avg=  2.143ms p95=  2.343ms max=  4.847ms calls(last=  1,win= 123,total=1669) (win 12.5% | avg 12.9% budget)
  enemy.update                     win=  2.085ms avg=  2.137ms p95=  2.337ms max=  4.791ms calls(last=  1,win= 123,total=1669) (win 12.5% | avg 12.8% budget)
  frame.render.world.enemies       win=  1.121ms avg=  1.121ms p95=  1.342ms max=  1.430ms calls(last=  1,win= 120,total=1629) (win 6.7% | avg 6.7% budget)
  frame.render.world.maze          win=  1.008ms avg=  1.008ms p95=  1.222ms max=  1.643ms calls(last=  1,win= 120,total=1629) (win 6.1% | avg 6.1% budget)
  frame.render.world.effects       win=  0.401ms avg=  0.401ms p95=  0.501ms max=  0.852ms calls(last=  1,win= 120,total=1629) (win 2.4% | avg 2.4% budget)
  enemy.cheap.segment_build        win=  0.061ms avg=  0.037ms p95=  0.103ms max=  0.219ms calls(last=  0,win=  73,total=723) (win 0.4% | avg 0.2% budget)
  system.spawner_update            win=  0.042ms avg=  0.043ms p95=  0.075ms max=  0.289ms calls(last=  1,win= 123,total=1669) (win 0.3% | avg 0.3% budget)
  system.physics_collision         win=  0.029ms avg=  0.029ms p95=  0.035ms max=  0.113ms calls(last=  1,win= 123,total=1669) (win 0.2% | avg 0.2% budget)
  system.player_update             win=  0.027ms avg=  0.028ms p95=  0.034ms max=  0.138ms calls(last=  1,win= 123,total=1549) (win 0.2% | avg 0.2% budget)
  frame.input_poll                 win=  0.027ms avg=  0.027ms p95=  0.028ms max=  0.076ms calls(last=  1,win= 120,total=1680) (win 0.2% | avg 0.2% budget)
  enemy.type.torpedo               win=  0.005ms avg=  0.131ms p95=  0.213ms max=  0.344ms calls(last= 27,win=3321,total=31894) (win 0.0% | avg 0.8% budget)
  enemy.type.drone                 win=  0.004ms avg=  0.162ms p95=  0.258ms max=  0.446ms calls(last= 45,win=5497,total=51696) (win 0.0% | avg 1.0% budget)
  system.projectile_update         win=  0.003ms avg=  0.003ms p95=  0.004ms max=  0.043ms calls(last=  1,win= 123,total=1669) (win 0.0% | avg 0.0% budget)
  system.maze_update               win=  0.001ms avg=  0.001ms p95=  0.001ms max=  0.003ms calls(last=  1,win= 123,total=1669) (win 0.0% | avg 0.0% budget)
[ENEMY_STATS] frame=1680 alive=72 visible=0 full=0 cheap=72 fullInBase=0 pairs(frontal=0 checks=0 separation=0 resolved=0)
[ENEMY_WINDOW] steps=123 alive[min=71 max=72] visible[min=0 max=0] full[min=0 max=0] collisionPasses[runs=0 skips=123]
[ENEMY_SEGMENTS] window=2.050s D{b/s=17.56 avgLen=5.49 fail=0} T{b/s=18.05 avgLen=6.59 fail=0} H{b/s=0.00 avgLen=0.00 fail=0} A{b/s=0.00 avgLen=0.00 fail=0}
[ENEMY_GRID] frontal{cand/s=0.0 xcell/s=0.0 ins/s=0.0} separation{cand/s=0.0}
[ENEMY_COLLISION_WINDOW] frontal{pairs/s=0.0 checks/s=0.0 baseSkip=0 kill=0(0.0%)} separation{pairs/s=0.0 resolved/s=0.0(0.0%) baseSkip=0 kill=0 wallBlock=0}
[ENEMY_NAV_CACHE] playerCell{changes=0 flowRebuilds=0} flow{hit=0 miss=0 hit%=0.0} pathFallback{calls=0 ok=0 ok%=0.0}
[ENEMY_SAP] updates=0 active=0 pairs=0 repairs{x=0 y=0}
[ENEMY_PAIR_TYPES] frontal DD=0 DT=0 DH=0 DA=0 TT=0 TH=0 TA=0 HH=0 HA=0 AA=0 separation DD=0 DT=0 DH=0 DA=0 TT=0 TH=0 TA=0 HH=0 HA=0 AA=0

[PROFILE] frame=1800 budget=16.667ms alloc(+95/-95, +175240b/-175240b, live=132328b peak=302944b)
  frame.total                      win= 16.983ms avg= 16.983ms p95= 17.583ms max= 84.000ms calls(last=  1,win= 120,total=1800) (win 101.9% | avg 101.9% budget)
  frame.render                     win= 12.973ms avg= 12.973ms p95= 13.657ms max= 83.961ms calls(last=  1,win= 120,total=1800) (win 77.8% | avg 77.8% budget)
  frame.present                    win= 12.966ms avg= 12.966ms p95= 13.650ms max= 83.954ms calls(last=  1,win= 120,total=1800) (win 77.8% | avg 77.8% budget)
  frame.render.world               win=  4.711ms avg=  9.422ms p95=  9.846ms max= 14.135ms calls(last=  2,win= 240,total=3498) (win 28.3% | avg 56.5% budget)
  frame.fixed_step                 win=  3.874ms avg=  3.970ms p95=  4.147ms max=  7.900ms calls(last=  1,win= 123,total=1845) (win 23.2% | avg 23.8% budget)
  frame.render.overlay             win=  3.026ms avg=  3.026ms p95=  3.684ms max=  4.126ms calls(last=  1,win= 120,total=1749) (win 18.2% | avg 18.2% budget)
  game.update                      win=  2.236ms avg=  2.292ms p95=  2.530ms max=  4.980ms calls(last=  1,win= 123,total=1792) (win 13.4% | avg 13.8% budget)
  system.ai_update                 win=  2.097ms avg=  2.150ms p95=  2.394ms max=  4.847ms calls(last=  1,win= 123,total=1792) (win 12.6% | avg 12.9% budget)
  enemy.update                     win=  2.090ms avg=  2.142ms p95=  2.388ms max=  4.791ms calls(last=  1,win= 123,total=1792) (win 12.5% | avg 12.9% budget)
  frame.render.world.enemies       win=  1.107ms avg=  1.107ms p95=  1.159ms max=  1.430ms calls(last=  1,win= 120,total=1749) (win 6.6% | avg 6.6% budget)
  frame.render.world.maze          win=  0.986ms avg=  0.986ms p95=  1.065ms max=  1.643ms calls(last=  1,win= 120,total=1749) (win 5.9% | avg 5.9% budget)
  frame.render.world.effects       win=  0.382ms avg=  0.382ms p95=  0.483ms max=  0.852ms calls(last=  1,win= 120,total=1749) (win 2.3% | avg 2.3% budget)
  enemy.cheap.segment_build        win=  0.063ms avg=  0.038ms p95=  0.102ms max=  0.258ms calls(last=  0,win=  72,total=795) (win 0.4% | avg 0.2% budget)
  system.spawner_update            win=  0.039ms avg=  0.040ms p95=  0.042ms max=  0.289ms calls(last=  1,win= 123,total=1792) (win 0.2% | avg 0.2% budget)
  system.physics_collision         win=  0.029ms avg=  0.029ms p95=  0.039ms max=  0.113ms calls(last=  1,win= 123,total=1792) (win 0.2% | avg 0.2% budget)
  system.player_update             win=  0.027ms avg=  0.028ms p95=  0.033ms max=  0.138ms calls(last=  1,win= 123,total=1672) (win 0.2% | avg 0.2% budget)
  frame.input_poll                 win=  0.027ms avg=  0.027ms p95=  0.028ms max=  0.076ms calls(last=  1,win= 120,total=1800) (win 0.2% | avg 0.2% budget)
  enemy.type.torpedo               win=  0.005ms avg=  0.131ms p95=  0.209ms max=  0.393ms calls(last= 27,win=3321,total=35215) (win 0.0% | avg 0.8% budget)
  system.projectile_update         win=  0.004ms avg=  0.004ms p95=  0.004ms max=  0.043ms calls(last=  1,win= 123,total=1792) (win 0.0% | avg 0.0% budget)
  enemy.type.drone                 win=  0.004ms avg=  0.164ms p95=  0.250ms max=  0.448ms calls(last= 45,win=5535,total=57231) (win 0.0% | avg 1.0% budget)
  system.maze_update               win=  0.001ms avg=  0.001ms p95=  0.001ms max=  0.003ms calls(last=  1,win= 123,total=1792) (win 0.0% | avg 0.0% budget)
[ENEMY_STATS] frame=1800 alive=72 visible=0 full=0 cheap=72 fullInBase=0 pairs(frontal=0 checks=0 separation=0 resolved=0)
[ENEMY_WINDOW] steps=123 alive[min=72 max=72] visible[min=0 max=0] full[min=0 max=0] collisionPasses[runs=0 skips=123]
[ENEMY_SEGMENTS] window=2.050s D{b/s=18.54 avgLen=4.90 fail=0} T{b/s=18.54 avgLen=5.71 fail=0} H{b/s=0.00 avgLen=0.00 fail=0} A{b/s=0.00 avgLen=0.00 fail=0}
[ENEMY_GRID] frontal{cand/s=0.0 xcell/s=0.0 ins/s=0.0} separation{cand/s=0.0}
[ENEMY_COLLISION_WINDOW] frontal{pairs/s=0.0 checks/s=0.0 baseSkip=0 kill=0(0.0%)} separation{pairs/s=0.0 resolved/s=0.0(0.0%) baseSkip=0 kill=0 wallBlock=0}
[ENEMY_NAV_CACHE] playerCell{changes=0 flowRebuilds=0} flow{hit=0 miss=0 hit%=0.0} pathFallback{calls=0 ok=0 ok%=0.0}
[ENEMY_SAP] updates=0 active=0 pairs=0 repairs{x=0 y=0}
[ENEMY_PAIR_TYPES] frontal DD=0 DT=0 DH=0 DA=0 TT=0 TH=0 TA=0 HH=0 HA=0 AA=0 separation DD=0 DT=0 DH=0 DA=0 TT=0 TH=0 TA=0 HH=0 HA=0 AA=0

[PROFILE] frame=1920 budget=16.667ms alloc(+95/-95, +175240b/-175240b, live=132328b peak=302944b)
  frame.total                      win= 16.992ms avg= 16.992ms p95= 17.893ms max= 84.000ms calls(last=  1,win= 120,total=1920) (win 102.0% | avg 102.0% budget)
  frame.render                     win= 12.991ms avg= 12.991ms p95= 13.680ms max= 83.961ms calls(last=  1,win= 120,total=1920) (win 77.9% | avg 77.9% budget)
  frame.present                    win= 12.983ms avg= 12.983ms p95= 13.672ms max= 83.954ms calls(last=  1,win= 120,total=1920) (win 77.9% | avg 77.9% budget)
  frame.render.world               win=  4.685ms avg=  9.371ms p95=  9.885ms max= 14.135ms calls(last=  2,win= 240,total=3738) (win 28.1% | avg 56.2% budget)
  frame.fixed_step                 win=  3.865ms avg=  3.962ms p95=  4.098ms max=  7.900ms calls(last=  1,win= 123,total=1968) (win 23.2% | avg 23.8% budget)
  frame.render.overlay             win=  3.026ms avg=  3.026ms p95=  3.640ms max=  4.126ms calls(last=  1,win= 120,total=1869) (win 18.2% | avg 18.2% budget)
  game.update                      win=  2.223ms avg=  2.278ms p95=  2.418ms max=  4.980ms calls(last=  1,win= 123,total=1915) (win 13.3% | avg 13.7% budget)
  system.ai_update                 win=  2.086ms avg=  2.138ms p95=  2.279ms max=  4.847ms calls(last=  1,win= 123,total=1915) (win 12.5% | avg 12.8% budget)
  enemy.update                     win=  2.079ms avg=  2.131ms p95=  2.272ms max=  4.791ms calls(last=  1,win= 123,total=1915) (win 12.5% | avg 12.8% budget)
  frame.render.world.enemies       win=  1.110ms avg=  1.110ms p95=  1.187ms max=  1.430ms calls(last=  1,win= 120,total=1869) (win 6.7% | avg 6.7% budget)
  frame.render.world.maze          win=  0.959ms avg=  0.959ms p95=  1.041ms max=  1.643ms calls(last=  1,win= 120,total=1869) (win 5.8% | avg 5.8% budget)
  frame.render.world.effects       win=  0.387ms avg=  0.387ms p95=  0.502ms max=  0.852ms calls(last=  1,win= 120,total=1869) (win 2.3% | avg 2.3% budget)
  enemy.cheap.segment_build        win=  0.064ms avg=  0.041ms p95=  0.103ms max=  0.258ms calls(last=  1,win=  78,total=873) (win 0.4% | avg 0.2% budget)
  system.spawner_update            win=  0.039ms avg=  0.040ms p95=  0.042ms max=  0.289ms calls(last=  1,win= 123,total=1915) (win 0.2% | avg 0.2% budget)
  system.physics_collision         win=  0.029ms avg=  0.029ms p95=  0.043ms max=  0.120ms calls(last=  1,win= 123,total=1915) (win 0.2% | avg 0.2% budget)
  system.player_update             win=  0.028ms avg=  0.029ms p95=  0.044ms max=  0.138ms calls(last=  1,win= 123,total=1795) (win 0.2% | avg 0.2% budget)
  frame.input_poll                 win=  0.027ms avg=  0.027ms p95=  0.029ms max=  0.076ms calls(last=  1,win= 120,total=1920) (win 0.2% | avg 0.2% budget)
  enemy.type.torpedo               win=  0.005ms avg=  0.132ms p95=  0.193ms max=  0.393ms calls(last= 27,win=3321,total=38536) (win 0.0% | avg 0.8% budget)
  enemy.type.drone                 win=  0.004ms avg=  0.167ms p95=  0.267ms max=  0.448ms calls(last= 45,win=5535,total=62766) (win 0.0% | avg 1.0% budget)
  system.projectile_update         win=  0.003ms avg=  0.003ms p95=  0.004ms max=  0.043ms calls(last=  1,win= 123,total=1915) (win 0.0% | avg 0.0% budget)
  system.maze_update               win=  0.001ms avg=  0.001ms p95=  0.001ms max=  0.003ms calls(last=  1,win= 123,total=1915) (win 0.0% | avg 0.0% budget)
[ENEMY_STATS] frame=1920 alive=72 visible=0 full=0 cheap=72 fullInBase=0 pairs(frontal=0 checks=0 separation=0 resolved=0)
[ENEMY_WINDOW] steps=123 alive[min=72 max=72] visible[min=0 max=0] full[min=0 max=0] collisionPasses[runs=0 skips=123]
[ENEMY_SEGMENTS] window=2.050s D{b/s=17.56 avgLen=4.91 fail=0} T{b/s=18.54 avgLen=6.07 fail=0} H{b/s=0.00 avgLen=0.00 fail=0} A{b/s=0.00 avgLen=0.00 fail=0}
[ENEMY_GRID] frontal{cand/s=0.0 xcell/s=0.0 ins/s=0.0} separation{cand/s=0.0}
[ENEMY_COLLISION_WINDOW] frontal{pairs/s=0.0 checks/s=0.0 baseSkip=0 kill=0(0.0%)} separation{pairs/s=0.0 resolved/s=0.0(0.0%) baseSkip=0 kill=0 wallBlock=0}
[ENEMY_NAV_CACHE] playerCell{changes=0 flowRebuilds=0} flow{hit=0 miss=0 hit%=0.0} pathFallback{calls=0 ok=0 ok%=0.0}
[ENEMY_SAP] updates=0 active=0 pairs=0 repairs{x=0 y=0}
[ENEMY_PAIR_TYPES] frontal DD=0 DT=0 DH=0 DA=0 TT=0 TH=0 TA=0 HH=0 HA=0 AA=0 separation DD=0 DT=0 DH=0 DA=0 TT=0 TH=0 TA=0 HH=0 HA=0 AA=0

[PROFILE] frame=2040 budget=16.667ms alloc(+95/-95, +175240b/-175240b, live=132328b peak=302944b)
  frame.total                      win= 17.001ms avg= 17.001ms p95= 17.581ms max= 84.000ms calls(last=  1,win= 120,total=2040) (win 102.0% | avg 102.0% budget)
  frame.render                     win= 12.988ms avg= 12.988ms p95= 13.641ms max= 83.961ms calls(last=  1,win= 120,total=2040) (win 77.9% | avg 77.9% budget)
  frame.present                    win= 12.980ms avg= 12.980ms p95= 13.633ms max= 83.954ms calls(last=  1,win= 120,total=2040) (win 77.9% | avg 77.9% budget)
  frame.render.world               win=  4.615ms avg=  9.231ms p95=  9.655ms max= 14.705ms calls(last=  2,win= 240,total=3978) (win 27.7% | avg 55.4% budget)
  frame.fixed_step                 win=  3.877ms avg=  3.974ms p95=  4.106ms max=  7.900ms calls(last=  1,win= 123,total=2091) (win 23.3% | avg 23.8% budget)
  frame.render.overlay             win=  3.038ms avg=  3.038ms p95=  3.659ms max=  4.126ms calls(last=  1,win= 120,total=1989) (win 18.2% | avg 18.2% budget)
  game.update                      win=  2.226ms avg=  2.281ms p95=  2.458ms max=  4.980ms calls(last=  1,win= 123,total=2038) (win 13.4% | avg 13.7% budget)
  system.ai_update                 win=  2.090ms avg=  2.142ms p95=  2.321ms max=  4.847ms calls(last=  1,win= 123,total=2038) (win 12.5% | avg 12.9% budget)
  enemy.update                     win=  2.084ms avg=  2.136ms p95=  2.314ms max=  4.791ms calls(last=  1,win= 123,total=2038) (win 12.5% | avg 12.8% budget)
  frame.render.world.enemies       win=  1.117ms avg=  1.117ms p95=  1.181ms max=  1.870ms calls(last=  1,win= 120,total=1989) (win 6.7% | avg 6.7% budget)
  frame.render.world.maze          win=  0.897ms avg=  0.897ms p95=  1.022ms max=  2.654ms calls(last=  1,win= 120,total=1989) (win 5.4% | avg 5.4% budget)
  frame.render.world.effects       win=  0.393ms avg=  0.393ms p95=  0.503ms max=  0.852ms calls(last=  1,win= 120,total=1989) (win 2.4% | avg 2.4% budget)
  enemy.cheap.segment_build        win=  0.066ms avg=  0.038ms p95=  0.101ms max=  0.258ms calls(last=  0,win=  70,total=943) (win 0.4% | avg 0.2% budget)
  system.spawner_update            win=  0.039ms avg=  0.039ms p95=  0.040ms max=  0.289ms calls(last=  1,win= 123,total=2038) (win 0.2% | avg 0.2% budget)
  system.player_update             win=  0.028ms avg=  0.029ms p95=  0.037ms max=  0.138ms calls(last=  1,win= 123,total=1918) (win 0.2% | avg 0.2% budget)
  system.physics_collision         win=  0.028ms avg=  0.028ms p95=  0.032ms max=  0.120ms calls(last=  1,win= 123,total=2038) (win 0.2% | avg 0.2% budget)
  frame.input_poll                 win=  0.027ms avg=  0.027ms p95=  0.028ms max=  0.076ms calls(last=  1,win= 120,total=2040) (win 0.2% | avg 0.2% budget)
  enemy.type.torpedo               win=  0.005ms avg=  0.130ms p95=  0.210ms max=  0.397ms calls(last= 27,win=3321,total=41857) (win 0.0% | avg 0.8% budget)
  enemy.type.drone                 win=  0.004ms avg=  0.164ms p95=  0.237ms max=  0.448ms calls(last= 45,win=5535,total=68301) (win 0.0% | avg 1.0% budget)
  system.projectile_update         win=  0.003ms avg=  0.003ms p95=  0.004ms max=  0.043ms calls(last=  1,win= 123,total=2038) (win 0.0% | avg 0.0% budget)
  system.maze_update               win=  0.001ms avg=  0.001ms p95=  0.001ms max=  0.003ms calls(last=  1,win= 123,total=2038) (win 0.0% | avg 0.0% budget)
[ENEMY_STATS] frame=2040 alive=72 visible=0 full=0 cheap=72 fullInBase=0 pairs(frontal=0 checks=0 separation=0 resolved=0)
[ENEMY_WINDOW] steps=123 alive[min=72 max=72] visible[min=0 max=0] full[min=0 max=0] collisionPasses[runs=0 skips=123]
[ENEMY_SEGMENTS] window=2.050s D{b/s=17.07 avgLen=5.04 fail=0} T{b/s=18.05 avgLen=6.31 fail=0} H{b/s=0.00 avgLen=0.00 fail=0} A{b/s=0.00 avgLen=0.00 fail=0}
[ENEMY_GRID] frontal{cand/s=0.0 xcell/s=0.0 ins/s=0.0} separation{cand/s=0.0}
[ENEMY_COLLISION_WINDOW] frontal{pairs/s=0.0 checks/s=0.0 baseSkip=0 kill=0(0.0%)} separation{pairs/s=0.0 resolved/s=0.0(0.0%) baseSkip=0 kill=0 wallBlock=0}
[ENEMY_NAV_CACHE] playerCell{changes=0 flowRebuilds=0} flow{hit=0 miss=0 hit%=0.0} pathFallback{calls=0 ok=0 ok%=0.0}
[ENEMY_SAP] updates=0 active=0 pairs=0 repairs{x=0 y=0}
[ENEMY_PAIR_TYPES] frontal DD=0 DT=0 DH=0 DA=0 TT=0 TH=0 TA=0 HH=0 HA=0 AA=0 separation DD=0 DT=0 DH=0 DA=0 TT=0 TH=0 TA=0 HH=0 HA=0 AA=0

[PROFILE] frame=2160 budget=16.667ms alloc(+95/-95, +175240b/-175240b, live=132328b peak=302944b)
  frame.total                      win= 16.971ms avg= 16.971ms p95= 17.538ms max= 84.000ms calls(last=  1,win= 120,total=2160) (win 101.8% | avg 101.8% budget)
  frame.render                     win= 12.955ms avg= 12.955ms p95= 13.634ms max= 83.961ms calls(last=  1,win= 120,total=2160) (win 77.7% | avg 77.7% budget)
  frame.present                    win= 12.947ms avg= 12.947ms p95= 13.626ms max= 83.954ms calls(last=  1,win= 120,total=2160) (win 77.7% | avg 77.7% budget)
  frame.render.world               win=  4.574ms avg=  9.148ms p95=  9.598ms max= 14.705ms calls(last=  2,win= 240,total=4218) (win 27.4% | avg 54.9% budget)
  frame.fixed_step                 win=  3.881ms avg=  3.978ms p95=  4.142ms max=  7.900ms calls(last=  1,win= 123,total=2214) (win 23.3% | avg 23.9% budget)
  frame.render.overlay             win=  3.054ms avg=  3.054ms p95=  3.691ms max=  4.126ms calls(last=  1,win= 120,total=2109) (win 18.3% | avg 18.3% budget)
  game.update                      win=  2.230ms avg=  2.285ms p95=  2.422ms max=  4.980ms calls(last=  1,win= 123,total=2161) (win 13.4% | avg 13.7% budget)
  system.ai_update                 win=  2.093ms avg=  2.146ms p95=  2.284ms max=  4.847ms calls(last=  1,win= 123,total=2161) (win 12.6% | avg 12.9% budget)
  enemy.update                     win=  2.087ms avg=  2.140ms p95=  2.277ms max=  4.791ms calls(last=  1,win= 123,total=2161) (win 12.5% | avg 12.8% budget)
  frame.render.world.enemies       win=  1.112ms avg=  1.112ms p95=  1.204ms max=  1.870ms calls(last=  1,win= 120,total=2109) (win 6.7% | avg 6.7% budget)
  frame.render.world.maze          win=  0.866ms avg=  0.866ms p95=  1.021ms max=  2.654ms calls(last=  1,win= 120,total=2109) (win 5.2% | avg 5.2% budget)
  frame.render.world.effects       win=  0.389ms avg=  0.389ms p95=  0.467ms max=  0.852ms calls(last=  1,win= 120,total=2109) (win 2.3% | avg 2.3% budget)
  enemy.cheap.segment_build        win=  0.064ms avg=  0.040ms p95=  0.107ms max=  0.258ms calls(last=  1,win=  76,total=1019) (win 0.4% | avg 0.2% budget)
  system.spawner_update            win=  0.039ms avg=  0.040ms p95=  0.042ms max=  0.289ms calls(last=  1,win= 123,total=2161) (win 0.2% | avg 0.2% budget)
  system.physics_collision         win=  0.028ms avg=  0.029ms p95=  0.033ms max=  0.120ms calls(last=  1,win= 123,total=2161) (win 0.2% | avg 0.2% budget)
  system.player_update             win=  0.027ms avg=  0.028ms p95=  0.030ms max=  0.138ms calls(last=  1,win= 123,total=2041) (win 0.2% | avg 0.2% budget)
  frame.input_poll                 win=  0.027ms avg=  0.027ms p95=  0.029ms max=  0.076ms calls(last=  1,win= 120,total=2160) (win 0.2% | avg 0.2% budget)
  enemy.type.torpedo               win=  0.005ms avg=  0.130ms p95=  0.199ms max=  0.397ms calls(last= 27,win=3321,total=45178) (win 0.0% | avg 0.8% budget)
  enemy.type.drone                 win=  0.004ms avg=  0.169ms p95=  0.256ms max=  0.448ms calls(last= 45,win=5535,total=73836) (win 0.0% | avg 1.0% budget)
  system.projectile_update         win=  0.003ms avg=  0.003ms p95=  0.004ms max=  0.043ms calls(last=  1,win= 123,total=2161) (win 0.0% | avg 0.0% budget)
  system.maze_update               win=  0.002ms avg=  0.002ms p95=  0.001ms max=  0.090ms calls(last=  1,win= 123,total=2161) (win 0.0% | avg 0.0% budget)
[ENEMY_STATS] frame=2160 alive=72 visible=0 full=0 cheap=72 fullInBase=0 pairs(frontal=0 checks=0 separation=0 resolved=0)
[ENEMY_WINDOW] steps=123 alive[min=72 max=72] visible[min=0 max=0] full[min=0 max=0] collisionPasses[runs=0 skips=123]
[ENEMY_SEGMENTS] window=2.050s D{b/s=20.00 avgLen=4.85 fail=0} T{b/s=16.59 avgLen=5.68 fail=0} H{b/s=0.00 avgLen=0.00 fail=0} A{b/s=0.00 avgLen=0.00 fail=0}
[ENEMY_GRID] frontal{cand/s=0.0 xcell/s=0.0 ins/s=0.0} separation{cand/s=0.0}
[ENEMY_COLLISION_WINDOW] frontal{pairs/s=0.0 checks/s=0.0 baseSkip=0 kill=0(0.0%)} separation{pairs/s=0.0 resolved/s=0.0(0.0%) baseSkip=0 kill=0 wallBlock=0}
[ENEMY_NAV_CACHE] playerCell{changes=0 flowRebuilds=0} flow{hit=0 miss=0 hit%=0.0} pathFallback{calls=0 ok=0 ok%=0.0}
[ENEMY_SAP] updates=0 active=0 pairs=0 repairs{x=0 y=0}
[ENEMY_PAIR_TYPES] frontal DD=0 DT=0 DH=0 DA=0 TT=0 TH=0 TA=0 HH=0 HA=0 AA=0 separation DD=0 DT=0 DH=0 DA=0 TT=0 TH=0 TA=0 HH=0 HA=0 AA=0

[PROFILE] frame=2280 budget=16.667ms alloc(+95/-95, +175240b/-175240b, live=132328b peak=302944b)
  frame.total                      win= 16.944ms avg= 16.944ms p95= 17.534ms max= 84.000ms calls(last=  1,win= 120,total=2280) (win 101.7% | avg 101.7% budget)
  frame.render                     win= 12.946ms avg= 12.946ms p95= 13.642ms max= 83.961ms calls(last=  1,win= 120,total=2280) (win 77.7% | avg 77.7% budget)
  frame.present                    win= 12.939ms avg= 12.939ms p95= 13.634ms max= 83.954ms calls(last=  1,win= 120,total=2280) (win 77.6% | avg 77.6% budget)
  frame.render.world               win=  4.561ms avg=  9.123ms p95=  9.500ms max= 14.705ms calls(last=  2,win= 240,total=4458) (win 27.4% | avg 54.7% budget)
  frame.fixed_step                 win=  3.862ms avg=  3.958ms p95=  4.113ms max=  7.900ms calls(last=  1,win= 123,total=2337) (win 23.2% | avg 23.8% budget)
  frame.render.overlay             win=  3.034ms avg=  3.034ms p95=  3.693ms max=  4.126ms calls(last=  1,win= 120,total=2229) (win 18.2% | avg 18.2% budget)
  game.update                      win=  2.219ms avg=  2.274ms p95=  2.458ms max=  4.980ms calls(last=  1,win= 123,total=2284) (win 13.3% | avg 13.6% budget)
  system.ai_update                 win=  2.082ms avg=  2.134ms p95=  2.304ms max=  4.847ms calls(last=  1,win= 123,total=2284) (win 12.5% | avg 12.8% budget)
  enemy.update                     win=  2.076ms avg=  2.128ms p95=  2.293ms max=  4.791ms calls(last=  1,win= 123,total=2284) (win 12.5% | avg 12.8% budget)
  frame.render.world.enemies       win=  1.107ms avg=  1.107ms p95=  1.177ms max=  1.870ms calls(last=  1,win= 120,total=2229) (win 6.6% | avg 6.6% budget)
  frame.render.world.maze          win=  0.834ms avg=  0.834ms p95=  0.890ms max=  2.654ms calls(last=  1,win= 120,total=2229) (win 5.0% | avg 5.0% budget)
  frame.render.world.effects       win=  0.384ms avg=  0.384ms p95=  0.460ms max=  0.852ms calls(last=  1,win= 120,total=2229) (win 2.3% | avg 2.3% budget)
  enemy.cheap.segment_build        win=  0.062ms avg=  0.039ms p95=  0.106ms max=  0.258ms calls(last=  0,win=  76,total=1095) (win 0.4% | avg 0.2% budget)
  system.spawner_update            win=  0.039ms avg=  0.040ms p95=  0.042ms max=  0.289ms calls(last=  1,win= 123,total=2284) (win 0.2% | avg 0.2% budget)
  system.physics_collision         win=  0.028ms avg=  0.028ms p95=  0.037ms max=  0.120ms calls(last=  1,win= 123,total=2284) (win 0.2% | avg 0.2% budget)
  system.player_update             win=  0.027ms avg=  0.028ms p95=  0.030ms max=  0.144ms calls(last=  1,win= 123,total=2164) (win 0.2% | avg 0.2% budget)
  frame.input_poll                 win=  0.027ms avg=  0.027ms p95=  0.029ms max=  0.076ms calls(last=  1,win= 120,total=2280) (win 0.2% | avg 0.2% budget)
  enemy.type.torpedo               win=  0.005ms avg=  0.131ms p95=  0.222ms max=  0.397ms calls(last= 27,win=3321,total=48499) (win 0.0% | avg 0.8% budget)
  enemy.type.drone                 win=  0.004ms avg=  0.164ms p95=  0.255ms max=  0.448ms calls(last= 45,win=5535,total=79371) (win 0.0% | avg 1.0% budget)
  system.projectile_update         win=  0.003ms avg=  0.003ms p95=  0.004ms max=  0.043ms calls(last=  1,win= 123,total=2284) (win 0.0% | avg 0.0% budget)
  system.maze_update               win=  0.001ms avg=  0.001ms p95=  0.001ms max=  0.090ms calls(last=  1,win= 123,total=2284) (win 0.0% | avg 0.0% budget)
[ENEMY_STATS] frame=2280 alive=72 visible=0 full=0 cheap=72 fullInBase=0 pairs(frontal=0 checks=0 separation=0 resolved=0)
[ENEMY_WINDOW] steps=123 alive[min=72 max=72] visible[min=0 max=0] full[min=0 max=0] collisionPasses[runs=0 skips=123]
[ENEMY_SEGMENTS] window=2.050s D{b/s=18.54 avgLen=5.66 fail=0} T{b/s=18.05 avgLen=6.08 fail=0} H{b/s=0.00 avgLen=0.00 fail=0} A{b/s=0.00 avgLen=0.00 fail=0}
[ENEMY_GRID] frontal{cand/s=0.0 xcell/s=0.0 ins/s=0.0} separation{cand/s=0.0}
[ENEMY_COLLISION_WINDOW] frontal{pairs/s=0.0 checks/s=0.0 baseSkip=0 kill=0(0.0%)} separation{pairs/s=0.0 resolved/s=0.0(0.0%) baseSkip=0 kill=0 wallBlock=0}
[ENEMY_NAV_CACHE] playerCell{changes=0 flowRebuilds=0} flow{hit=0 miss=0 hit%=0.0} pathFallback{calls=0 ok=0 ok%=0.0}
[ENEMY_SAP] updates=0 active=0 pairs=0 repairs{x=0 y=0}
[ENEMY_PAIR_TYPES] frontal DD=0 DT=0 DH=0 DA=0 TT=0 TH=0 TA=0 HH=0 HA=0 AA=0 separation DD=0 DT=0 DH=0 DA=0 TT=0 TH=0 TA=0 HH=0 HA=0 AA=0

[PROFILE] frame=2400 budget=16.667ms alloc(+183/-183, +347064b/-347064b, live=132328b peak=302944b)
  frame.total                      win= 16.993ms avg= 16.993ms p95= 17.586ms max= 84.000ms calls(last=  1,win= 120,total=2400) (win 102.0% | avg 102.0% budget)
  frame.render                     win= 13.006ms avg= 13.006ms p95= 13.670ms max= 83.961ms calls(last=  1,win= 120,total=2400) (win 78.0% | avg 78.0% budget)
  frame.present                    win= 12.998ms avg= 12.998ms p95= 13.662ms max= 83.954ms calls(last=  1,win= 120,total=2400) (win 78.0% | avg 78.0% budget)
  frame.render.world               win=  4.625ms avg=  9.250ms p95=  9.634ms max= 16.088ms calls(last=  2,win= 240,total=4698) (win 27.8% | avg 55.5% budget)
  frame.fixed_step                 win=  3.852ms avg=  3.948ms p95=  4.073ms max=  7.900ms calls(last=  2,win= 123,total=2460) (win 23.1% | avg 23.7% budget)
  frame.render.overlay             win=  3.013ms avg=  3.013ms p95=  3.666ms max=  4.283ms calls(last=  1,win= 120,total=2349) (win 18.1% | avg 18.1% budget)
  game.update                      win=  2.219ms avg=  2.274ms p95=  2.407ms max=  4.980ms calls(last=  2,win= 123,total=2407) (win 13.3% | avg 13.6% budget)
  system.ai_update                 win=  2.083ms avg=  2.135ms p95=  2.257ms max=  4.847ms calls(last=  2,win= 123,total=2407) (win 12.5% | avg 12.8% budget)
  enemy.update                     win=  2.077ms avg=  2.129ms p95=  2.251ms max=  4.791ms calls(last=  2,win= 123,total=2407) (win 12.5% | avg 12.8% budget)
  frame.render.world.enemies       win=  1.114ms avg=  1.114ms p95=  1.157ms max=  2.635ms calls(last=  1,win= 120,total=2349) (win 6.7% | avg 6.7% budget)
  frame.render.world.maze          win=  0.907ms avg=  0.907ms p95=  0.985ms max=  2.654ms calls(last=  1,win= 120,total=2349) (win 5.4% | avg 5.4% budget)
  frame.render.world.effects       win=  0.390ms avg=  0.390ms p95=  0.491ms max=  1.101ms calls(last=  1,win= 120,total=2349) (win 2.3% | avg 2.3% budget)
  enemy.cheap.segment_build        win=  0.066ms avg=  0.038ms p95=  0.100ms max=  0.258ms calls(last=  1,win=  69,total=1164) (win 0.4% | avg 0.2% budget)
  system.spawner_update            win=  0.039ms avg=  0.040ms p95=  0.040ms max=  0.289ms calls(last=  2,win= 123,total=2407) (win 0.2% | avg 0.2% budget)
  system.physics_collision         win=  0.028ms avg=  0.029ms p95=  0.034ms max=  0.120ms calls(last=  2,win= 123,total=2407) (win 0.2% | avg 0.2% budget)
  system.player_update             win=  0.027ms avg=  0.028ms p95=  0.030ms max=  0.144ms calls(last=  2,win= 123,total=2287) (win 0.2% | avg 0.2% budget)
  frame.input_poll                 win=  0.027ms avg=  0.027ms p95=  0.028ms max=  0.076ms calls(last=  1,win= 120,total=2400) (win 0.2% | avg 0.2% budget)
  enemy.type.torpedo               win=  0.005ms avg=  0.132ms p95=  0.212ms max=  0.397ms calls(last= 54,win=3321,total=51820) (win 0.0% | avg 0.8% budget)
  enemy.type.drone                 win=  0.003ms avg=  0.160ms p95=  0.236ms max=  0.448ms calls(last= 90,win=5535,total=84906) (win 0.0% | avg 1.0% budget)
  system.projectile_update         win=  0.003ms avg=  0.003ms p95=  0.004ms max=  0.043ms calls(last=  2,win= 123,total=2407) (win 0.0% | avg 0.0% budget)
  system.maze_update               win=  0.001ms avg=  0.001ms p95=  0.001ms max=  0.090ms calls(last=  2,win= 123,total=2407) (win 0.0% | avg 0.0% budget)
[ENEMY_STATS] frame=2400 alive=72 visible=0 full=0 cheap=72 fullInBase=0 pairs(frontal=0 checks=0 separation=0 resolved=0)
[ENEMY_WINDOW] steps=123 alive[min=72 max=72] visible[min=0 max=0] full[min=0 max=0] collisionPasses[runs=0 skips=123]
[ENEMY_SEGMENTS] window=2.050s D{b/s=15.61 avgLen=5.15 fail=0} T{b/s=18.05 avgLen=6.80 fail=0} H{b/s=0.00 avgLen=0.00 fail=0} A{b/s=0.00 avgLen=0.00 fail=0}
[ENEMY_GRID] frontal{cand/s=0.0 xcell/s=0.0 ins/s=0.0} separation{cand/s=0.0}
[ENEMY_COLLISION_WINDOW] frontal{pairs/s=0.0 checks/s=0.0 baseSkip=0 kill=0(0.0%)} separation{pairs/s=0.0 resolved/s=0.0(0.0%) baseSkip=0 kill=0 wallBlock=0}
[ENEMY_NAV_CACHE] playerCell{changes=0 flowRebuilds=0} flow{hit=0 miss=0 hit%=0.0} pathFallback{calls=0 ok=0 ok%=0.0}
[ENEMY_SAP] updates=0 active=0 pairs=0 repairs{x=0 y=0}
[ENEMY_PAIR_TYPES] frontal DD=0 DT=0 DH=0 DA=0 TT=0 TH=0 TA=0 HH=0 HA=0 AA=0 separation DD=0 DT=0 DH=0 DA=0 TT=0 TH=0 TA=0 HH=0 HA=0 AA=0

[PROFILE] frame=2520 budget=16.667ms alloc(+108/-108, +263248b/-263248b, live=132328b peak=389976b)
  frame.total                      win= 17.037ms avg= 17.037ms p95= 17.925ms max= 84.000ms calls(last=  1,win= 120,total=2520) (win 102.2% | avg 102.2% budget)
  frame.render                     win= 12.756ms avg= 12.756ms p95= 13.652ms max= 83.961ms calls(last=  1,win= 120,total=2520) (win 76.5% | avg 76.5% budget)
  frame.present                    win= 12.749ms avg= 12.749ms p95= 13.644ms max= 83.954ms calls(last=  1,win= 120,total=2520) (win 76.5% | avg 76.5% budget)
  frame.render.world               win=  4.647ms avg=  9.295ms p95=  9.738ms max= 16.088ms calls(last=  2,win= 240,total=4938) (win 27.9% | avg 55.8% budget)
  frame.fixed_step                 win=  4.137ms avg=  4.240ms p95=  6.126ms max= 11.910ms calls(last=  1,win= 123,total=2583) (win 24.8% | avg 25.4% budget)
  frame.render.overlay             win=  3.033ms avg=  3.033ms p95=  3.639ms max=  4.283ms calls(last=  1,win= 120,total=2469) (win 18.2% | avg 18.2% budget)
  game.update                      win=  2.489ms avg=  2.551ms p95=  4.477ms max=  8.719ms calls(last=  1,win= 123,total=2530) (win 14.9% | avg 15.3% budget)
  system.ai_update                 win=  2.354ms avg=  2.413ms p95=  4.331ms max=  8.452ms calls(last=  1,win= 123,total=2530) (win 14.1% | avg 14.5% budget)
  enemy.update                     win=  2.348ms avg=  2.407ms p95=  4.325ms max=  8.440ms calls(last=  1,win= 123,total=2530) (win 14.1% | avg 14.4% budget)
  frame.render.world.enemies       win=  1.110ms avg=  1.110ms p95=  1.189ms max=  2.635ms calls(last=  1,win= 120,total=2469) (win 6.7% | avg 6.7% budget)
  frame.render.world.maze          win=  0.934ms avg=  0.934ms p95=  1.025ms max=  2.654ms calls(last=  1,win= 120,total=2469) (win 5.6% | avg 5.6% budget)
  enemy.physics.frontal_collisions win=  0.904ms avg=  0.068ms p95=  0.873ms max=  1.738ms calls(last=  1,win=   9,total=9) (win 5.4% | avg 0.4% budget)
  enemy.physics.frontal_grid_build win=  0.850ms avg=  0.064ms p95=  0.820ms max=  1.638ms calls(last=  1,win=   9,total=9) (win 5.1% | avg 0.4% budget)
  enemy.physics.separation         win=  0.579ms avg=  0.043ms p95=  0.567ms max=  1.172ms calls(last=  1,win=   9,total=9) (win 3.5% | avg 0.3% budget)
  enemy.physics.separation_grid_build win=  0.542ms avg=  0.041ms p95=  0.531ms max=  1.099ms calls(last=  1,win=   9,total=9) (win 3.3% | avg 0.2% budget)
  enemy.torpedo.select_heading     win=  0.441ms avg=  0.007ms p95=  0.000ms max=  0.536ms calls(last=  0,win=   2,total=2) (win 2.6% | avg 0.0% budget)
  frame.render.world.effects       win=  0.385ms avg=  0.385ms p95=  0.482ms max=  1.101ms calls(last=  1,win= 120,total=2469) (win 2.3% | avg 2.3% budget)
  enemy.ai.movement                win=  0.119ms avg=  0.064ms p95=  0.226ms max=  0.448ms calls(last=  2,win=  65,total=65) (win 0.7% | avg 0.4% budget)
  enemy.ai.decision                win=  0.115ms avg=  0.062ms p95=  0.187ms max=  0.594ms calls(last=  2,win=  65,total=65) (win 0.7% | avg 0.4% budget)
  enemy.cheap.segment_build        win=  0.059ms avg=  0.037ms p95=  0.100ms max=  0.258ms calls(last=  1,win=  76,total=1240) (win 0.4% | avg 0.2% budget)
  system.spawner_update            win=  0.039ms avg=  0.040ms p95=  0.041ms max=  0.289ms calls(last=  1,win= 123,total=2530) (win 0.2% | avg 0.2% budget)
  enemy.physics.frontal_pair_traverse win=  0.031ms avg=  0.002ms p95=  0.030ms max=  0.058ms calls(last=  1,win=   9,total=9) (win 0.2% | avg 0.0% budget)
  frame.input_poll                 win=  0.028ms avg=  0.028ms p95=  0.028ms max=  0.076ms calls(last=  1,win= 120,total=2520) (win 0.2% | avg 0.2% budget)
  system.physics_collision         win=  0.028ms avg=  0.029ms p95=  0.043ms max=  0.120ms calls(last=  1,win= 123,total=2530) (win 0.2% | avg 0.2% budget)
[ENEMY_STATS] frame=2520 alive=72 visible=0 full=2 cheap=70 fullInBase=0 pairs(frontal=0 checks=0 separation=0 resolved=0)
[ENEMY_WINDOW] steps=123 alive[min=72 max=72] visible[min=0 max=0] full[min=0 max=2] collisionPasses[runs=10 skips=113]
[ENEMY_SEGMENTS] window=2.050s D{b/s=20.00 avgLen=4.73 fail=0} T{b/s=16.10 avgLen=7.02 fail=2} H{b/s=0.00 avgLen=0.00 fail=0} A{b/s=0.00 avgLen=0.00 fail=0}
[ENEMY_GRID] frontal{cand/s=9.8 xcell/s=0.0 ins/s=9.8} separation{cand/s=9.8}
[ENEMY_COLLISION_WINDOW] frontal{pairs/s=0.0 checks/s=0.0 baseSkip=0 kill=0(0.0%)} separation{pairs/s=0.0 resolved/s=0.0(0.0%) baseSkip=0 kill=0 wallBlock=0}
[ENEMY_NAV_CACHE] playerCell{changes=0 flowRebuilds=0} flow{hit=0 miss=0 hit%=0.0} pathFallback{calls=0 ok=0 ok%=0.0}
[ENEMY_SAP] updates=0 active=0 pairs=0 repairs{x=0 y=0}
[ENEMY_PAIR_TYPES] frontal DD=0 DT=0 DH=0 DA=0 TT=0 TH=0 TA=0 HH=0 HA=0 AA=0 separation DD=0 DT=0 DH=0 DA=0 TT=0 TH=0 TA=0 HH=0 HA=0 AA=0
[TORPEDO_HEADING] eval/s=0.98 retreat/s=0.00 pick[straight=50.0% left=50.0% right=0.0%] clear[best=15.00 chosen=15.00]

[PROFILE] frame=2640 budget=16.667ms alloc(+107/-107, +263240b/-263240b, live=132328b peak=390088b)
  frame.total                      win= 18.696ms avg= 18.696ms p95= 23.882ms max= 84.000ms calls(last=  1,win= 120,total=2640) (win 112.2% | avg 112.2% budget)
  frame.render                     win= 11.585ms avg= 11.585ms p95= 12.453ms max= 83.961ms calls(last=  1,win= 120,total=2640) (win 69.5% | avg 69.5% budget)
  frame.present                    win= 11.578ms avg= 11.578ms p95= 12.446ms max= 83.954ms calls(last=  1,win= 120,total=2640) (win 69.5% | avg 69.5% budget)
  frame.fixed_step                 win=  6.286ms avg=  7.072ms p95= 12.278ms max= 13.159ms calls(last=  1,win= 135,total=2718) (win 37.7% | avg 42.4% budget)
  frame.render.world               win=  4.712ms avg=  9.424ms p95=  9.968ms max= 16.088ms calls(last=  2,win= 240,total=5178) (win 28.3% | avg 56.5% budget)
  game.update                      win=  4.615ms avg=  5.192ms p95=  9.038ms max=  9.837ms calls(last=  1,win= 135,total=2665) (win 27.7% | avg 31.2% budget)
  system.ai_update                 win=  4.462ms avg=  5.019ms p95=  8.784ms max=  9.528ms calls(last=  1,win= 135,total=2665) (win 26.8% | avg 30.1% budget)
  enemy.update                     win=  4.455ms avg=  5.012ms p95=  8.773ms max=  9.515ms calls(last=  1,win= 135,total=2665) (win 26.7% | avg 30.1% budget)
  frame.render.overlay             win=  3.080ms avg=  3.080ms p95=  3.736ms max=  4.283ms calls(last=  1,win= 120,total=2589) (win 18.5% | avg 18.5% budget)
  frame.render.world.enemies       win=  1.168ms avg=  1.168ms p95=  1.306ms max=  2.635ms calls(last=  1,win= 120,total=2589) (win 7.0% | avg 7.0% budget)
  frame.render.world.maze          win=  0.917ms avg=  0.917ms p95=  1.064ms max=  2.654ms calls(last=  1,win= 120,total=2589) (win 5.5% | avg 5.5% budget)
  enemy.physics.frontal_collisions win=  0.914ms avg=  1.028ms p95=  1.810ms max=  2.312ms calls(last=  1,win= 135,total=144) (win 5.5% | avg 6.2% budget)
  enemy.physics.frontal_grid_build win=  0.853ms avg=  0.959ms p95=  1.694ms max=  2.008ms calls(last=  1,win= 135,total=144) (win 5.1% | avg 5.8% budget)
  enemy.physics.separation         win=  0.590ms avg=  0.664ms p95=  1.174ms max=  1.310ms calls(last=  1,win= 135,total=144) (win 3.5% | avg 4.0% budget)
  enemy.physics.separation_grid_build win=  0.550ms avg=  0.618ms p95=  1.097ms max=  1.216ms calls(last=  1,win= 135,total=144) (win 3.3% | avg 3.7% budget)
  frame.render.world.effects       win=  0.421ms avg=  0.421ms p95=  0.531ms max=  1.101ms calls(last=  1,win= 120,total=2589) (win 2.5% | avg 2.5% budget)
  enemy.torpedo.select_heading     win=  0.289ms avg=  0.007ms p95=  0.000ms max=  0.536ms calls(last=  0,win=   3,total=5) (win 1.7% | avg 0.0% budget)
  enemy.ai.movement                win=  0.114ms avg=  0.304ms p95=  0.453ms max=  0.693ms calls(last=  2,win= 319,total=384) (win 0.7% | avg 1.8% budget)
  enemy.ai.decision                win=  0.078ms avg=  0.208ms p95=  0.353ms max=  0.594ms calls(last=  2,win= 319,total=384) (win 0.5% | avg 1.2% budget)
  enemy.cheap.segment_build        win=  0.046ms avg=  0.030ms p95=  0.083ms max=  0.258ms calls(last=  1,win=  78,total=1318) (win 0.3% | avg 0.2% budget)
  system.spawner_update            win=  0.043ms avg=  0.048ms p95=  0.080ms max=  0.289ms calls(last=  1,win= 135,total=2665) (win 0.3% | avg 0.3% budget)
  system.physics_collision         win=  0.039ms avg=  0.044ms p95=  0.078ms max=  0.323ms calls(last=  1,win= 135,total=2665) (win 0.2% | avg 0.3% budget)
  enemy.physics.frontal_pair_traverse win=  0.036ms avg=  0.040ms p95=  0.066ms max=  0.242ms calls(last=  1,win= 135,total=144) (win 0.2% | avg 0.2% budget)
  system.player_update             win=  0.028ms avg=  0.032ms p95=  0.055ms max=  0.164ms calls(last=  1,win= 135,total=2545) (win 0.2% | avg 0.2% budget)
[ENEMY_STATS] frame=2640 alive=72 visible=1 full=2 cheap=70 fullInBase=0 pairs(frontal=0 checks=0 separation=0 resolved=0)
[ENEMY_WINDOW] steps=135 alive[min=72 max=72] visible[min=0 max=1] full[min=2 max=3] collisionPasses[runs=135 skips=0]
[ENEMY_SEGMENTS] window=2.250s D{b/s=19.56 avgLen=5.02 fail=1} T{b/s=15.11 avgLen=6.40 fail=0} H{b/s=0.00 avgLen=0.00 fail=0} A{b/s=0.00 avgLen=0.00 fail=0}
[ENEMY_GRID] frontal{cand/s=141.8 xcell/s=2.7 ins/s=144.4} separation{cand/s=141.8}
[ENEMY_COLLISION_WINDOW] frontal{pairs/s=0.0 checks/s=0.0 baseSkip=0 kill=0(0.0%)} separation{pairs/s=0.0 resolved/s=0.0(0.0%) baseSkip=0 kill=0 wallBlock=0}
[ENEMY_NAV_CACHE] playerCell{changes=0 flowRebuilds=0} flow{hit=0 miss=0 hit%=0.0} pathFallback{calls=0 ok=0 ok%=0.0}
[ENEMY_SAP] updates=0 active=0 pairs=0 repairs{x=0 y=0}
[ENEMY_PAIR_TYPES] frontal DD=0 DT=0 DH=0 DA=0 TT=0 TH=0 TA=0 HH=0 HA=0 AA=0 separation DD=0 DT=0 DH=0 DA=0 TT=0 TH=0 TA=0 HH=0 HA=0 AA=0
[TORPEDO_HEADING] eval/s=1.33 retreat/s=0.00 pick[straight=66.7% left=33.3% right=0.0%] clear[best=15.00 chosen=15.00]

[PROFILE] frame=2760 budget=16.667ms alloc(+106/-106, +263184b/-263184b, live=132328b peak=390088b)
  frame.total                      win= 19.194ms avg= 19.194ms p95= 24.453ms max= 84.000ms calls(last=  1,win= 120,total=2760) (win 115.2% | avg 115.2% budget)
  frame.render                     win= 11.632ms avg= 11.632ms p95= 12.491ms max= 83.961ms calls(last=  1,win= 120,total=2760) (win 69.8% | avg 69.8% budget)
  frame.present                    win= 11.624ms avg= 11.624ms p95= 12.484ms max= 83.954ms calls(last=  1,win= 120,total=2760) (win 69.7% | avg 69.7% budget)
  frame.fixed_step                 win=  6.493ms avg=  7.521ms p95= 13.091ms max= 14.466ms calls(last=  1,win= 139,total=2857) (win 39.0% | avg 45.1% budget)
  game.update                      win=  4.836ms avg=  5.602ms p95=  9.861ms max= 10.753ms calls(last=  1,win= 139,total=2804) (win 29.0% | avg 33.6% budget)
  system.ai_update                 win=  4.690ms avg=  5.433ms p95=  9.554ms max= 10.383ms calls(last=  1,win= 139,total=2804) (win 28.1% | avg 32.6% budget)
  enemy.update                     win=  4.684ms avg=  5.425ms p95=  9.541ms max= 10.364ms calls(last=  1,win= 139,total=2804) (win 28.1% | avg 32.6% budget)
  frame.render.world               win=  4.678ms avg=  9.356ms p95=  9.811ms max= 16.088ms calls(last=  2,win= 240,total=5418) (win 28.1% | avg 56.1% budget)
  frame.render.overlay             win=  3.126ms avg=  3.126ms p95=  3.748ms max=  6.122ms calls(last=  1,win= 120,total=2709) (win 18.8% | avg 18.8% budget)
  frame.render.world.enemies       win=  1.171ms avg=  1.171ms p95=  1.348ms max=  2.635ms calls(last=  1,win= 120,total=2709) (win 7.0% | avg 7.0% budget)
  enemy.physics.frontal_collisions win=  0.948ms avg=  1.098ms p95=  1.879ms max=  2.312ms calls(last=  1,win= 139,total=283) (win 5.7% | avg 6.6% budget)
  frame.render.world.maze          win=  0.886ms avg=  0.886ms p95=  1.032ms max=  2.654ms calls(last=  1,win= 120,total=2709) (win 5.3% | avg 5.3% budget)
  enemy.physics.frontal_grid_build win=  0.866ms avg=  1.004ms p95=  1.726ms max=  2.008ms calls(last=  1,win= 139,total=283) (win 5.2% | avg 6.0% budget)
  enemy.physics.separation         win=  0.605ms avg=  0.701ms p95=  1.189ms max=  1.310ms calls(last=  1,win= 139,total=283) (win 3.6% | avg 4.2% budget)
  enemy.physics.separation_grid_build win=  0.551ms avg=  0.638ms p95=  1.072ms max=  1.216ms calls(last=  1,win= 139,total=283) (win 3.3% | avg 3.8% budget)
  frame.render.world.effects       win=  0.424ms avg=  0.424ms p95=  0.543ms max=  1.101ms calls(last=  1,win= 120,total=2709) (win 2.5% | avg 2.5% budget)
  enemy.torpedo.select_heading     win=  0.292ms avg=  0.005ms p95=  0.000ms max=  0.536ms calls(last=  0,win=   2,total=7) (win 1.7% | avg 0.0% budget)
  enemy.ai.movement                win=  0.112ms avg=  0.462ms p95=  1.065ms max=  1.124ms calls(last=  3,win= 495,total=879) (win 0.7% | avg 2.8% budget)
  enemy.physics.frontal_pair_traverse win=  0.056ms avg=  0.065ms p95=  0.140ms max=  0.242ms calls(last=  1,win= 139,total=283) (win 0.3% | avg 0.4% budget)
  enemy.ai.decision                win=  0.055ms avg=  0.225ms p95=  0.380ms max=  0.594ms calls(last=  3,win= 495,total=879) (win 0.3% | avg 1.3% budget)
  enemy.cheap.segment_build        win=  0.044ms avg=  0.031ms p95=  0.092ms max=  0.258ms calls(last=  0,win=  85,total=1403) (win 0.3% | avg 0.2% budget)
  system.spawner_update            win=  0.042ms avg=  0.048ms p95=  0.081ms max=  0.289ms calls(last=  1,win= 139,total=2804) (win 0.3% | avg 0.3% budget)
  enemy.physics.separation_pair_traverse win=  0.039ms avg=  0.045ms p95=  0.092ms max=  0.281ms calls(last=  1,win= 139,total=283) (win 0.2% | avg 0.3% budget)
  system.physics_collision         win=  0.035ms avg=  0.041ms p95=  0.066ms max=  0.323ms calls(last=  1,win= 139,total=2804) (win 0.2% | avg 0.2% budget)
[ENEMY_STATS] frame=2760 alive=72 visible=1 full=3 cheap=69 fullInBase=0 pairs(frontal=1 checks=1 separation=1 resolved=0)
[ENEMY_WINDOW] steps=139 alive[min=72 max=72] visible[min=0 max=1] full[min=2 max=5] collisionPasses[runs=139 skips=0]
[ENEMY_SEGMENTS] window=2.317s D{b/s=18.99 avgLen=4.99 fail=0} T{b/s=17.27 avgLen=6.06 fail=0} H{b/s=0.00 avgLen=0.00 fail=0} A{b/s=0.00 avgLen=0.00 fail=0}
[ENEMY_GRID] frontal{cand/s=214.1 xcell/s=2.6 ins/s=216.7} separation{cand/s=214.1}
[ENEMY_COLLISION_WINDOW] frontal{pairs/s=32.4 checks/s=32.4 baseSkip=0 kill=0(0.0%)} separation{pairs/s=32.4 resolved/s=0.0(0.0%) baseSkip=0 kill=0 wallBlock=0}
[ENEMY_NAV_CACHE] playerCell{changes=0 flowRebuilds=0} flow{hit=0 miss=0 hit%=0.0} pathFallback{calls=0 ok=0 ok%=0.0}
[ENEMY_SAP] updates=0 active=0 pairs=0 repairs{x=0 y=0}
[ENEMY_PAIR_TYPES] frontal DD=75 DT=0 DH=0 DA=0 TT=0 TH=0 TA=0 HH=0 HA=0 AA=0 separation DD=75 DT=0 DH=0 DA=0 TT=0 TH=0 TA=0 HH=0 HA=0 AA=0
[TORPEDO_HEADING] eval/s=0.86 retreat/s=0.00 pick[straight=100.0% left=0.0% right=0.0%] clear[best=15.00 chosen=15.00]

[PROFILE] frame=2880 budget=16.667ms alloc(+107/-107, +263192b/-263192b, live=132328b peak=390088b)
  frame.total                      win= 19.054ms avg= 19.054ms p95= 24.529ms max= 84.000ms calls(last=  1,win= 120,total=2880) (win 114.3% | avg 114.3% budget)
  frame.render                     win= 11.650ms avg= 11.650ms p95= 12.554ms max= 83.961ms calls(last=  1,win= 120,total=2880) (win 69.9% | avg 69.9% budget)
  frame.present                    win= 11.642ms avg= 11.642ms p95= 12.547ms max= 83.954ms calls(last=  1,win= 120,total=2880) (win 69.9% | avg 69.9% budget)
  frame.fixed_step                 win=  6.403ms avg=  7.363ms p95= 12.646ms max= 14.466ms calls(last=  1,win= 138,total=2995) (win 38.4% | avg 44.2% budget)
  game.update                      win=  4.752ms avg=  5.464ms p95=  9.379ms max= 10.753ms calls(last=  1,win= 138,total=2942) (win 28.5% | avg 32.8% budget)
  frame.render.world               win=  4.740ms avg=  9.480ms p95=  9.830ms max= 16.088ms calls(last=  2,win= 240,total=5658) (win 28.4% | avg 56.9% budget)
  system.ai_update                 win=  4.603ms avg=  5.294ms p95=  9.091ms max= 10.383ms calls(last=  1,win= 138,total=2942) (win 27.6% | avg 31.8% budget)
  enemy.update                     win=  4.597ms avg=  5.287ms p95=  9.080ms max= 10.364ms calls(last=  1,win= 138,total=2942) (win 27.6% | avg 31.7% budget)
  frame.render.overlay             win=  3.104ms avg=  3.104ms p95=  3.842ms max=  6.122ms calls(last=  1,win= 120,total=2829) (win 18.6% | avg 18.6% budget)
  frame.render.world.enemies       win=  1.165ms avg=  1.165ms p95=  1.281ms max=  2.635ms calls(last=  1,win= 120,total=2829) (win 7.0% | avg 7.0% budget)
  enemy.physics.frontal_collisions win=  0.959ms avg=  1.103ms p95=  1.912ms max=  2.312ms calls(last=  1,win= 138,total=421) (win 5.8% | avg 6.6% budget)
  frame.render.world.maze          win=  0.939ms avg=  0.939ms p95=  1.106ms max=  2.654ms calls(last=  1,win= 120,total=2829) (win 5.6% | avg 5.6% budget)
  enemy.physics.frontal_grid_build win=  0.863ms avg=  0.992ms p95=  1.713ms max=  2.008ms calls(last=  1,win= 138,total=421) (win 5.2% | avg 6.0% budget)
  enemy.physics.separation         win=  0.604ms avg=  0.695ms p95=  1.209ms max=  1.407ms calls(last=  1,win= 138,total=421) (win 3.6% | avg 4.2% budget)
  enemy.physics.separation_grid_build win=  0.547ms avg=  0.630ms p95=  1.101ms max=  1.260ms calls(last=  1,win= 138,total=421) (win 3.3% | avg 3.8% budget)
  frame.render.world.effects       win=  0.428ms avg=  0.428ms p95=  0.567ms max=  1.101ms calls(last=  1,win= 120,total=2829) (win 2.6% | avg 2.6% budget)
  enemy.torpedo.select_heading     win=  0.290ms avg=  0.002ms p95=  0.000ms max=  0.536ms calls(last=  0,win=   1,total=8) (win 1.7% | avg 0.0% budget)
  enemy.ai.movement                win=  0.109ms avg=  0.434ms p95=  0.854ms max=  1.124ms calls(last=  4,win= 477,total=1356) (win 0.7% | avg 2.6% budget)
  enemy.physics.frontal_pair_traverse win=  0.071ms avg=  0.082ms p95=  0.138ms max=  0.242ms calls(last=  1,win= 138,total=421) (win 0.4% | avg 0.5% budget)
  enemy.cheap.segment_build        win=  0.047ms avg=  0.029ms p95=  0.089ms max=  0.258ms calls(last=  0,win=  74,total=1477) (win 0.3% | avg 0.2% budget)
  enemy.ai.decision                win=  0.043ms avg=  0.171ms p95=  0.282ms max=  0.594ms calls(last=  4,win= 477,total=1356) (win 0.3% | avg 1.0% budget)
  enemy.physics.separation_pair_traverse win=  0.043ms avg=  0.049ms p95=  0.086ms max=  0.281ms calls(last=  1,win= 138,total=421) (win 0.3% | avg 0.3% budget)
  system.spawner_update            win=  0.041ms avg=  0.048ms p95=  0.081ms max=  0.289ms calls(last=  1,win= 138,total=2942) (win 0.2% | avg 0.3% budget)
  system.physics_collision         win=  0.036ms avg=  0.042ms p95=  0.071ms max=  0.323ms calls(last=  1,win= 138,total=2942) (win 0.2% | avg 0.2% budget)
[ENEMY_STATS] frame=2880 alive=72 visible=1 full=4 cheap=68 fullInBase=0 pairs(frontal=1 checks=1 separation=1 resolved=0)
[ENEMY_WINDOW] steps=138 alive[min=72 max=72] visible[min=1 max=1] full[min=3 max=4] collisionPasses[runs=138 skips=0]
[ENEMY_SEGMENTS] window=2.300s D{b/s=17.39 avgLen=5.20 fail=0} T{b/s=14.78 avgLen=7.25 fail=0} H{b/s=0.00 avgLen=0.00 fail=0} A{b/s=0.00 avgLen=0.00 fail=0}
[ENEMY_GRID] frontal{cand/s=207.8 xcell/s=1.7 ins/s=209.6} separation{cand/s=207.8}
[ENEMY_COLLISION_WINDOW] frontal{pairs/s=60.0 checks/s=60.0 baseSkip=0 kill=0(0.0%)} separation{pairs/s=60.0 resolved/s=0.0(0.0%) baseSkip=0 kill=0 wallBlock=0}
[ENEMY_NAV_CACHE] playerCell{changes=0 flowRebuilds=0} flow{hit=0 miss=0 hit%=0.0} pathFallback{calls=0 ok=0 ok%=0.0}
[ENEMY_SAP] updates=0 active=0 pairs=0 repairs{x=0 y=0}
[ENEMY_PAIR_TYPES] frontal DD=138 DT=0 DH=0 DA=0 TT=0 TH=0 TA=0 HH=0 HA=0 AA=0 separation DD=138 DT=0 DH=0 DA=0 TT=0 TH=0 TA=0 HH=0 HA=0 AA=0
[TORPEDO_HEADING] eval/s=0.43 retreat/s=0.00 pick[straight=100.0% left=0.0% right=0.0%] clear[best=15.00 chosen=15.00]

[PROFILE] frame=3000 budget=16.667ms alloc(+108/-108, +263280b/-263280b, live=132328b peak=390088b)
  frame.total                      win= 18.823ms avg= 18.823ms p95= 24.159ms max= 84.000ms calls(last=  1,win= 120,total=3000) (win 112.9% | avg 112.9% budget)
  frame.render                     win= 11.695ms avg= 11.695ms p95= 12.466ms max= 83.961ms calls(last=  1,win= 120,total=3000) (win 70.2% | avg 70.2% budget)
  frame.present                    win= 11.687ms avg= 11.687ms p95= 12.459ms max= 83.954ms calls(last=  1,win= 120,total=3000) (win 70.1% | avg 70.1% budget)
  frame.fixed_step                 win=  6.254ms avg=  7.088ms p95= 12.450ms max= 14.466ms calls(last=  1,win= 136,total=3131) (win 37.5% | avg 42.5% budget)
  frame.render.world               win=  4.832ms avg=  9.663ms p95= 10.055ms max= 16.088ms calls(last=  2,win= 240,total=5898) (win 29.0% | avg 58.0% budget)
  game.update                      win=  4.612ms avg=  5.226ms p95=  9.202ms max= 10.753ms calls(last=  1,win= 136,total=3078) (win 27.7% | avg 31.4% budget)
  system.ai_update                 win=  4.465ms avg=  5.061ms p95=  8.920ms max= 10.383ms calls(last=  1,win= 136,total=3078) (win 26.8% | avg 30.4% budget)
  enemy.update                     win=  4.459ms avg=  5.053ms p95=  8.908ms max= 10.364ms calls(last=  1,win= 136,total=3078) (win 26.8% | avg 30.3% budget)
  frame.render.overlay             win=  3.089ms avg=  3.089ms p95=  3.733ms max=  6.122ms calls(last=  1,win= 120,total=2949) (win 18.5% | avg 18.5% budget)
  frame.render.world.enemies       win=  1.138ms avg=  1.138ms p95=  1.260ms max=  2.635ms calls(last=  1,win= 120,total=2949) (win 6.8% | avg 6.8% budget)
  frame.render.world.maze          win=  1.064ms avg=  1.064ms p95=  1.173ms max=  2.654ms calls(last=  1,win= 120,total=2949) (win 6.4% | avg 6.4% budget)
  enemy.physics.frontal_collisions win=  0.942ms avg=  1.068ms p95=  1.904ms max=  2.312ms calls(last=  1,win= 136,total=557) (win 5.7% | avg 6.4% budget)
  enemy.physics.frontal_grid_build win=  0.854ms avg=  0.968ms p95=  1.724ms max=  2.008ms calls(last=  1,win= 136,total=557) (win 5.1% | avg 5.8% budget)
  enemy.physics.separation         win=  0.597ms avg=  0.676ms p95=  1.230ms max=  1.471ms calls(last=  1,win= 136,total=557) (win 3.6% | avg 4.1% budget)
  enemy.physics.separation_grid_build win=  0.545ms avg=  0.617ms p95=  1.114ms max=  1.347ms calls(last=  1,win= 136,total=557) (win 3.3% | avg 3.7% budget)
  frame.render.world.effects       win=  0.410ms avg=  0.410ms p95=  0.519ms max=  1.101ms calls(last=  1,win= 120,total=2949) (win 2.5% | avg 2.5% budget)
  enemy.torpedo.select_heading     win=  0.361ms avg=  0.006ms p95=  0.000ms max=  0.536ms calls(last=  0,win=   2,total=10) (win 2.2% | avg 0.0% budget)
  enemy.ai.movement                win=  0.080ms avg=  0.317ms p95=  0.561ms max=  1.124ms calls(last=  4,win= 478,total=1834) (win 0.5% | avg 1.9% budget)
  enemy.physics.frontal_pair_traverse win=  0.063ms avg=  0.072ms p95=  0.141ms max=  0.242ms calls(last=  1,win= 136,total=557) (win 0.4% | avg 0.4% budget)
  enemy.cheap.segment_build        win=  0.047ms avg=  0.029ms p95=  0.105ms max=  0.258ms calls(last=  0,win=  74,total=1551) (win 0.3% | avg 0.2% budget)
  enemy.ai.decision                win=  0.044ms avg=  0.176ms p95=  0.298ms max=  0.594ms calls(last=  4,win= 478,total=1834) (win 0.3% | avg 1.1% budget)
  system.spawner_update            win=  0.041ms avg=  0.046ms p95=  0.080ms max=  0.289ms calls(last=  1,win= 136,total=3078) (win 0.2% | avg 0.3% budget)
  enemy.physics.separation_pair_traverse win=  0.038ms avg=  0.043ms p95=  0.086ms max=  0.281ms calls(last=  1,win= 136,total=557) (win 0.2% | avg 0.3% budget)
  system.physics_collision         win=  0.036ms avg=  0.040ms p95=  0.068ms max=  0.323ms calls(last=  1,win= 136,total=3078) (win 0.2% | avg 0.2% budget)
[ENEMY_STATS] frame=3000 alive=72 visible=1 full=4 cheap=68 fullInBase=0 pairs(frontal=1 checks=1 separation=1 resolved=0)
[ENEMY_WINDOW] steps=136 alive[min=72 max=72] visible[min=0 max=1] full[min=2 max=4] collisionPasses[runs=136 skips=0]
[ENEMY_SEGMENTS] window=2.267s D{b/s=17.21 avgLen=4.89 fail=0} T{b/s=15.44 avgLen=6.15 fail=0} H{b/s=0.00 avgLen=0.00 fail=0} A{b/s=0.00 avgLen=0.00 fail=0}
[ENEMY_GRID] frontal{cand/s=210.9 xcell/s=0.9 ins/s=211.8} separation{cand/s=210.9}
[ENEMY_COLLISION_WINDOW] frontal{pairs/s=41.0 checks/s=41.0 baseSkip=0 kill=0(0.0%)} separation{pairs/s=41.0 resolved/s=0.0(0.0%) baseSkip=0 kill=0 wallBlock=0}
[ENEMY_NAV_CACHE] playerCell{changes=0 flowRebuilds=0} flow{hit=0 miss=0 hit%=0.0} pathFallback{calls=0 ok=0 ok%=0.0}
[ENEMY_SAP] updates=0 active=0 pairs=0 repairs{x=0 y=0}
[ENEMY_PAIR_TYPES] frontal DD=93 DT=0 DH=0 DA=0 TT=0 TH=0 TA=0 HH=0 HA=0 AA=0 separation DD=93 DT=0 DH=0 DA=0 TT=0 TH=0 TA=0 HH=0 HA=0 AA=0
[TORPEDO_HEADING] eval/s=0.88 retreat/s=0.00 pick[straight=50.0% left=0.0% right=50.0%] clear[best=15.00 chosen=15.00]

[PROFILE] frame=3120 budget=16.667ms alloc(+108/-108, +263232b/-263232b, live=132328b peak=390152b)
  frame.total                      win= 19.167ms avg= 19.167ms p95= 24.566ms max= 84.000ms calls(last=  1,win= 120,total=3120) (win 115.0% | avg 115.0% budget)
  frame.render                     win= 11.719ms avg= 11.719ms p95= 12.484ms max= 83.961ms calls(last=  1,win= 120,total=3120) (win 70.3% | avg 70.3% budget)
  frame.present                    win= 11.711ms avg= 11.711ms p95= 12.477ms max= 83.954ms calls(last=  1,win= 120,total=3120) (win 70.3% | avg 70.3% budget)
  frame.fixed_step                 win=  6.395ms avg=  7.408ms p95= 12.949ms max= 14.466ms calls(last=  1,win= 139,total=3270) (win 38.4% | avg 44.4% budget)
  frame.render.world               win=  4.832ms avg=  9.665ms p95= 10.030ms max= 16.088ms calls(last=  2,win= 240,total=6138) (win 29.0% | avg 58.0% budget)
  game.update                      win=  4.747ms avg=  5.498ms p95=  9.664ms max= 10.753ms calls(last=  1,win= 139,total=3217) (win 28.5% | avg 33.0% budget)
  system.ai_update                 win=  4.602ms avg=  5.330ms p95=  9.382ms max= 10.383ms calls(last=  1,win= 139,total=3217) (win 27.6% | avg 32.0% budget)
  enemy.update                     win=  4.596ms avg=  5.323ms p95=  9.370ms max= 10.364ms calls(last=  1,win= 139,total=3217) (win 27.6% | avg 31.9% budget)
  frame.render.overlay             win=  3.106ms avg=  3.106ms p95=  3.793ms max=  6.122ms calls(last=  1,win= 120,total=3069) (win 18.6% | avg 18.6% budget)
  frame.render.world.enemies       win=  1.158ms avg=  1.158ms p95=  1.253ms max=  2.635ms calls(last=  1,win= 120,total=3069) (win 6.9% | avg 6.9% budget)
  frame.render.world.maze          win=  1.046ms avg=  1.046ms p95=  1.147ms max=  2.654ms calls(last=  1,win= 120,total=3069) (win 6.3% | avg 6.3% budget)
  enemy.physics.frontal_collisions win=  0.972ms avg=  1.125ms p95=  1.966ms max=  2.312ms calls(last=  1,win= 139,total=696) (win 5.8% | avg 6.8% budget)
  enemy.physics.frontal_grid_build win=  0.860ms avg=  0.996ms p95=  1.720ms max=  2.008ms calls(last=  1,win= 139,total=696) (win 5.2% | avg 6.0% budget)
  enemy.physics.separation         win=  0.606ms avg=  0.702ms p95=  1.222ms max=  1.471ms calls(last=  1,win= 139,total=696) (win 3.6% | avg 4.2% budget)
  enemy.physics.separation_grid_build win=  0.543ms avg=  0.629ms p95=  1.100ms max=  1.347ms calls(last=  1,win= 139,total=696) (win 3.3% | avg 3.8% budget)
  frame.render.world.effects       win=  0.419ms avg=  0.419ms p95=  0.518ms max=  1.101ms calls(last=  1,win= 120,total=3069) (win 2.5% | avg 2.5% budget)
  enemy.physics.frontal_pair_traverse win=  0.085ms avg=  0.099ms p95=  0.173ms max=  0.242ms calls(last=  1,win= 139,total=696) (win 0.5% | avg 0.6% budget)
  enemy.ai.movement                win=  0.084ms avg=  0.463ms p95=  1.056ms max=  1.321ms calls(last=  6,win= 663,total=2497) (win 0.5% | avg 2.8% budget)
  enemy.cheap.segment_build        win=  0.052ms avg=  0.037ms p95=  0.102ms max=  0.258ms calls(last=  0,win=  86,total=1637) (win 0.3% | avg 0.2% budget)
  enemy.physics.separation_pair_traverse win=  0.048ms avg=  0.056ms p95=  0.104ms max=  0.281ms calls(last=  1,win= 139,total=696) (win 0.3% | avg 0.3% budget)
  system.spawner_update            win=  0.041ms avg=  0.047ms p95=  0.080ms max=  0.289ms calls(last=  1,win= 139,total=3217) (win 0.2% | avg 0.3% budget)
  system.physics_collision         win=  0.034ms avg=  0.039ms p95=  0.069ms max=  0.323ms calls(last=  1,win= 139,total=3217) (win 0.2% | avg 0.2% budget)
  frame.input_poll                 win=  0.027ms avg=  0.027ms p95=  0.028ms max=  0.092ms calls(last=  1,win= 120,total=3120) (win 0.2% | avg 0.2% budget)
  system.player_update             win=  0.027ms avg=  0.031ms p95=  0.053ms max=  0.177ms calls(last=  1,win= 139,total=3097) (win 0.2% | avg 0.2% budget)
[ENEMY_STATS] frame=3120 alive=72 visible=1 full=6 cheap=66 fullInBase=0 pairs(frontal=2 checks=2 separation=2 resolved=0)
[ENEMY_WINDOW] steps=139 alive[min=72 max=72] visible[min=1 max=1] full[min=3 max=7] collisionPasses[runs=139 skips=0]
[ENEMY_SEGMENTS] window=2.317s D{b/s=20.29 avgLen=5.06 fail=0} T{b/s=16.83 avgLen=6.62 fail=0} H{b/s=0.00 avgLen=0.00 fail=0} A{b/s=0.00 avgLen=0.00 fail=0}
[ENEMY_GRID] frontal{cand/s=287.1 xcell/s=0.9 ins/s=287.9} separation{cand/s=287.1}
[ENEMY_COLLISION_WINDOW] frontal{pairs/s=62.6 checks/s=62.6 baseSkip=0 kill=0(0.0%)} separation{pairs/s=62.6 resolved/s=0.0(0.0%) baseSkip=0 kill=0 wallBlock=0}
[ENEMY_NAV_CACHE] playerCell{changes=0 flowRebuilds=0} flow{hit=0 miss=0 hit%=0.0} pathFallback{calls=0 ok=0 ok%=0.0}
[ENEMY_SAP] updates=0 active=0 pairs=0 repairs{x=0 y=0}
[ENEMY_PAIR_TYPES] frontal DD=145 DT=0 DH=0 DA=0 TT=0 TH=0 TA=0 HH=0 HA=0 AA=0 separation DD=145 DT=0 DH=0 DA=0 TT=0 TH=0 TA=0 HH=0 HA=0 AA=0

[PROFILE] frame=3240 budget=16.667ms alloc(+111/-111, +263304b/-263304b, live=132328b peak=390200b)
  frame.total                      win= 19.765ms avg= 19.765ms p95= 25.242ms max= 84.000ms calls(last=  1,win= 120,total=3240) (win 118.6% | avg 118.6% budget)
  frame.render                     win= 11.712ms avg= 11.712ms p95= 12.496ms max= 83.961ms calls(last=  1,win= 120,total=3240) (win 70.3% | avg 70.3% budget)
  frame.present                    win= 11.704ms avg= 11.704ms p95= 12.489ms max= 83.954ms calls(last=  1,win= 120,total=3240) (win 70.2% | avg 70.2% budget)
  frame.fixed_step                 win=  6.723ms avg=  8.012ms p95= 13.477ms max= 14.466ms calls(last=  1,win= 143,total=3413) (win 40.3% | avg 48.1% budget)
  game.update                      win=  5.076ms avg=  6.049ms p95= 10.129ms max= 10.753ms calls(last=  1,win= 143,total=3360) (win 30.5% | avg 36.3% budget)
  system.ai_update                 win=  4.934ms avg=  5.879ms p95=  9.861ms max= 10.383ms calls(last=  1,win= 143,total=3360) (win 29.6% | avg 35.3% budget)
  enemy.update                     win=  4.927ms avg=  5.872ms p95=  9.851ms max= 10.364ms calls(last=  1,win= 143,total=3360) (win 29.6% | avg 35.2% budget)
  frame.render.world               win=  4.792ms avg=  9.585ms p95=  9.974ms max= 16.088ms calls(last=  2,win= 240,total=6378) (win 28.8% | avg 57.5% budget)
  frame.render.overlay             win=  3.117ms avg=  3.117ms p95=  3.844ms max=  6.122ms calls(last=  1,win= 120,total=3189) (win 18.7% | avg 18.7% budget)
  frame.render.world.enemies       win=  1.154ms avg=  1.154ms p95=  1.265ms max=  2.635ms calls(last=  1,win= 120,total=3189) (win 6.9% | avg 6.9% budget)
  frame.render.world.maze          win=  1.021ms avg=  1.021ms p95=  1.183ms max=  2.654ms calls(last=  1,win= 120,total=3189) (win 6.1% | avg 6.1% budget)
  enemy.physics.frontal_collisions win=  1.004ms avg=  1.197ms p95=  2.009ms max=  2.312ms calls(last=  1,win= 143,total=839) (win 6.0% | avg 7.2% budget)
  enemy.physics.frontal_grid_build win=  0.876ms avg=  1.044ms p95=  1.769ms max=  2.008ms calls(last=  1,win= 143,total=839) (win 5.3% | avg 6.3% budget)
  enemy.physics.separation         win=  0.626ms avg=  0.746ms p95=  1.239ms max=  1.471ms calls(last=  1,win= 143,total=839) (win 3.8% | avg 4.5% budget)
  enemy.physics.separation_grid_build win=  0.548ms avg=  0.654ms p95=  1.077ms max=  1.347ms calls(last=  1,win= 143,total=839) (win 3.3% | avg 3.9% budget)
  frame.render.world.effects       win=  0.405ms avg=  0.405ms p95=  0.501ms max=  1.101ms calls(last=  1,win= 120,total=3189) (win 2.4% | avg 2.4% budget)
  enemy.torpedo.select_heading     win=  0.304ms avg=  0.003ms p95=  0.000ms max=  0.536ms calls(last=  0,win=   1,total=11) (win 1.8% | avg 0.0% budget)
  enemy.physics.frontal_pair_traverse win=  0.100ms avg=  0.120ms p95=  0.205ms max=  0.242ms calls(last=  1,win= 143,total=839) (win 0.6% | avg 0.7% budget)
  enemy.ai.movement                win=  0.090ms avg=  0.692ms p95=  1.220ms max=  1.441ms calls(last=  7,win= 921,total=3418) (win 0.5% | avg 4.2% budget)
  enemy.physics.separation_pair_traverse win=  0.062ms avg=  0.074ms p95=  0.124ms max=  0.281ms calls(last=  1,win= 143,total=839) (win 0.4% | avg 0.4% budget)
  enemy.cheap.segment_build        win=  0.049ms avg=  0.032ms p95=  0.110ms max=  0.258ms calls(last=  0,win=  79,total=1716) (win 0.3% | avg 0.2% budget)
  system.spawner_update            win=  0.041ms avg=  0.049ms p95=  0.080ms max=  0.289ms calls(last=  1,win= 143,total=3360) (win 0.2% | avg 0.3% budget)
  system.physics_collision         win=  0.034ms avg=  0.040ms p95=  0.064ms max=  0.323ms calls(last=  1,win= 143,total=3360) (win 0.2% | avg 0.2% budget)
  frame.input_poll                 win=  0.027ms avg=  0.027ms p95=  0.028ms max=  0.092ms calls(last=  1,win= 120,total=3240) (win 0.2% | avg 0.2% budget)
[ENEMY_STATS] frame=3240 alive=72 visible=0 full=7 cheap=65 fullInBase=0 pairs(frontal=1 checks=1 separation=1 resolved=0)
[ENEMY_WINDOW] steps=143 alive[min=72 max=72] visible[min=0 max=1] full[min=6 max=7] collisionPasses[runs=143 skips=0]
[ENEMY_SEGMENTS] window=2.383s D{b/s=15.10 avgLen=4.67 fail=0} T{b/s=18.04 avgLen=6.69 fail=0} H{b/s=0.00 avgLen=0.00 fail=0} A{b/s=0.00 avgLen=0.00 fail=0}
[ENEMY_GRID] frontal{cand/s=386.9 xcell/s=1.7 ins/s=388.5} separation{cand/s=386.9}
[ENEMY_COLLISION_WINDOW] frontal{pairs/s=103.2 checks/s=103.2 baseSkip=0 kill=0(0.0%)} separation{pairs/s=103.2 resolved/s=0.0(0.0%) baseSkip=0 kill=0 wallBlock=0}
[ENEMY_NAV_CACHE] playerCell{changes=0 flowRebuilds=0} flow{hit=0 miss=0 hit%=0.0} pathFallback{calls=0 ok=0 ok%=0.0}
[ENEMY_SAP] updates=0 active=0 pairs=0 repairs{x=0 y=0}
[ENEMY_PAIR_TYPES] frontal DD=246 DT=0 DH=0 DA=0 TT=0 TH=0 TA=0 HH=0 HA=0 AA=0 separation DD=246 DT=0 DH=0 DA=0 TT=0 TH=0 TA=0 HH=0 HA=0 AA=0
[TORPEDO_HEADING] eval/s=0.42 retreat/s=0.00 pick[straight=100.0% left=0.0% right=0.0%] clear[best=12.97 chosen=12.97]

[PROFILE] frame=3360 budget=16.667ms alloc(+107/-107, +263224b/-263224b, live=132328b peak=390200b)
  frame.total                      win= 19.190ms avg= 19.190ms p95= 24.577ms max= 84.000ms calls(last=  1,win= 120,total=3360) (win 115.1% | avg 115.1% budget)
  frame.render                     win= 11.701ms avg= 11.701ms p95= 12.383ms max= 83.961ms calls(last=  1,win= 120,total=3360) (win 70.2% | avg 70.2% budget)
  frame.present                    win= 11.693ms avg= 11.693ms p95= 12.375ms max= 83.954ms calls(last=  1,win= 120,total=3360) (win 70.2% | avg 70.2% budget)
  frame.fixed_step                 win=  6.431ms avg=  7.449ms p95= 12.863ms max= 14.466ms calls(last=  1,win= 139,total=3552) (win 38.6% | avg 44.7% budget)
  frame.render.world               win=  4.809ms avg=  9.618ms p95=  9.979ms max= 16.088ms calls(last=  2,win= 240,total=6618) (win 28.9% | avg 57.7% budget)
  game.update                      win=  4.796ms avg=  5.556ms p95=  9.589ms max= 10.767ms calls(last=  1,win= 139,total=3499) (win 28.8% | avg 33.3% budget)
  system.ai_update                 win=  4.653ms avg=  5.390ms p95=  9.314ms max= 10.483ms calls(last=  1,win= 139,total=3499) (win 27.9% | avg 32.3% budget)
  enemy.update                     win=  4.647ms avg=  5.383ms p95=  9.302ms max= 10.471ms calls(last=  1,win= 139,total=3499) (win 27.9% | avg 32.3% budget)
  frame.render.overlay             win=  3.100ms avg=  3.100ms p95=  3.730ms max=  6.122ms calls(last=  1,win= 120,total=3309) (win 18.6% | avg 18.6% budget)
  frame.render.world.enemies       win=  1.167ms avg=  1.167ms p95=  1.229ms max=  2.635ms calls(last=  1,win= 120,total=3309) (win 7.0% | avg 7.0% budget)
  frame.render.world.maze          win=  1.002ms avg=  1.002ms p95=  1.090ms max=  2.654ms calls(last=  1,win= 120,total=3309) (win 6.0% | avg 6.0% budget)
  enemy.physics.frontal_collisions win=  0.935ms avg=  1.083ms p95=  1.909ms max=  2.312ms calls(last=  1,win= 139,total=978) (win 5.6% | avg 6.5% budget)
  enemy.physics.frontal_grid_build win=  0.865ms avg=  1.002ms p95=  1.780ms max=  2.008ms calls(last=  1,win= 139,total=978) (win 5.2% | avg 6.0% budget)
  enemy.physics.separation         win=  0.593ms avg=  0.687ms p95=  1.187ms max=  1.471ms calls(last=  1,win= 139,total=978) (win 3.6% | avg 4.1% budget)
  enemy.physics.separation_grid_build win=  0.546ms avg=  0.633ms p95=  1.097ms max=  1.347ms calls(last=  1,win= 139,total=978) (win 3.3% | avg 3.8% budget)
  frame.render.world.effects       win=  0.398ms avg=  0.398ms p95=  0.484ms max=  1.101ms calls(last=  1,win= 120,total=3309) (win 2.4% | avg 2.4% budget)
  enemy.torpedo.select_heading     win=  0.257ms avg=  0.004ms p95=  0.000ms max=  0.536ms calls(last=  0,win=   2,total=13) (win 1.5% | avg 0.0% budget)
  enemy.ai.movement                win=  0.104ms avg=  0.518ms p95=  0.905ms max=  1.441ms calls(last=  3,win= 597,total=4015) (win 0.6% | avg 3.1% budget)
  enemy.cheap.segment_build        win=  0.050ms avg=  0.036ms p95=  0.108ms max=  0.258ms calls(last=  0,win=  88,total=1804) (win 0.3% | avg 0.2% budget)
  enemy.physics.frontal_pair_traverse win=  0.043ms avg=  0.050ms p95=  0.087ms max=  0.242ms calls(last=  1,win= 139,total=978) (win 0.3% | avg 0.3% budget)
  system.spawner_update            win=  0.041ms avg=  0.048ms p95=  0.080ms max=  0.289ms calls(last=  1,win= 139,total=3499) (win 0.2% | avg 0.3% budget)
  enemy.ai.decision                win=  0.038ms avg=  0.188ms p95=  0.331ms max=  0.594ms calls(last=  3,win= 597,total=4015) (win 0.2% | avg 1.1% budget)
  system.physics_collision         win=  0.033ms avg=  0.038ms p95=  0.066ms max=  0.323ms calls(last=  1,win= 139,total=3499) (win 0.2% | avg 0.2% budget)
  enemy.physics.separation_pair_traverse win=  0.032ms avg=  0.037ms p95=  0.066ms max=  0.281ms calls(last=  1,win= 139,total=978) (win 0.2% | avg 0.2% budget)
[ENEMY_STATS] frame=3360 alive=72 visible=1 full=3 cheap=69 fullInBase=0 pairs(frontal=0 checks=0 separation=0 resolved=0)
[ENEMY_WINDOW] steps=139 alive[min=72 max=72] visible[min=0 max=2] full[min=3 max=7] collisionPasses[runs=139 skips=0]
[ENEMY_SEGMENTS] window=2.317s D{b/s=18.13 avgLen=4.80 fail=0} T{b/s=19.86 avgLen=5.91 fail=0} H{b/s=0.00 avgLen=0.00 fail=0} A{b/s=0.00 avgLen=0.00 fail=0}
[ENEMY_GRID] frontal{cand/s=256.0 xcell/s=2.2 ins/s=258.1} separation{cand/s=256.0}
[ENEMY_COLLISION_WINDOW] frontal{pairs/s=0.9 checks/s=0.9 baseSkip=0 kill=0(0.0%)} separation{pairs/s=0.9 resolved/s=0.0(0.0%) baseSkip=0 kill=0 wallBlock=0}
[ENEMY_NAV_CACHE] playerCell{changes=0 flowRebuilds=0} flow{hit=0 miss=0 hit%=0.0} pathFallback{calls=0 ok=0 ok%=0.0}
[ENEMY_SAP] updates=0 active=0 pairs=0 repairs{x=0 y=0}
[ENEMY_PAIR_TYPES] frontal DD=2 DT=0 DH=0 DA=0 TT=0 TH=0 TA=0 HH=0 HA=0 AA=0 separation DD=2 DT=0 DH=0 DA=0 TT=0 TH=0 TA=0 HH=0 HA=0 AA=0
[TORPEDO_HEADING] eval/s=0.86 retreat/s=0.00 pick[straight=50.0% left=0.0% right=50.0%] clear[best=15.00 chosen=15.00]

[PROFILE] frame=3480 budget=16.667ms alloc(+108/-108, +263280b/-263280b, live=132480b peak=390280b)
  frame.total                      win= 19.516ms avg= 19.516ms p95= 24.790ms max= 84.000ms calls(last=  1,win= 120,total=3480) (win 117.1% | avg 117.1% budget)
  frame.render                     win= 12.284ms avg= 12.284ms p95= 13.156ms max= 83.961ms calls(last=  1,win= 120,total=3480) (win 73.7% | avg 73.7% budget)
  frame.present                    win= 12.276ms avg= 12.276ms p95= 13.148ms max= 83.954ms calls(last=  1,win= 120,total=3480) (win 73.7% | avg 73.7% budget)
  frame.fixed_step                 win=  6.120ms avg=  7.191ms p95= 12.319ms max= 14.466ms calls(last=  1,win= 141,total=3693) (win 36.7% | avg 43.1% budget)
  frame.render.world               win=  5.359ms avg= 10.717ms p95= 11.463ms max= 16.088ms calls(last=  2,win= 240,total=6858) (win 32.2% | avg 64.3% budget)
  game.update                      win=  4.451ms avg=  5.230ms p95=  8.986ms max= 10.767ms calls(last=  1,win= 141,total=3640) (win 26.7% | avg 31.4% budget)
  system.ai_update                 win=  4.273ms avg=  5.021ms p95=  8.610ms max= 10.483ms calls(last=  1,win= 141,total=3640) (win 25.6% | avg 30.1% budget)
  enemy.update                     win=  4.267ms avg=  5.013ms p95=  8.601ms max= 10.471ms calls(last=  1,win= 141,total=3640) (win 25.6% | avg 30.1% budget)
  frame.render.overlay             win=  3.118ms avg=  3.118ms p95=  3.923ms max=  6.122ms calls(last=  1,win= 120,total=3429) (win 18.7% | avg 18.7% budget)
  frame.render.world.enemies       win=  1.157ms avg=  1.157ms p95=  1.234ms max=  2.635ms calls(last=  1,win= 120,total=3429) (win 6.9% | avg 6.9% budget)
  frame.render.world.maze          win=  1.057ms avg=  1.057ms p95=  1.188ms max=  2.654ms calls(last=  1,win= 120,total=3429) (win 6.3% | avg 6.3% budget)
  frame.render.world.effects       win=  0.995ms avg=  0.995ms p95=  1.311ms max=  2.739ms calls(last=  1,win= 120,total=3429) (win 6.0% | avg 6.0% budget)
  enemy.physics.frontal_collisions win=  0.916ms avg=  1.038ms p95=  1.815ms max=  2.312ms calls(last=  1,win= 136,total=1114) (win 5.5% | avg 6.2% budget)
  enemy.physics.frontal_grid_build win=  0.851ms avg=  0.964ms p95=  1.685ms max=  2.008ms calls(last=  1,win= 136,total=1114) (win 5.1% | avg 5.8% budget)
  enemy.physics.separation         win=  0.592ms avg=  0.671ms p95=  1.188ms max=  1.471ms calls(last=  1,win= 136,total=1114) (win 3.6% | avg 4.0% budget)
  enemy.physics.separation_grid_build win=  0.552ms avg=  0.626ms p95=  1.107ms max=  1.347ms calls(last=  1,win= 136,total=1114) (win 3.3% | avg 3.8% budget)
  enemy.torpedo.select_heading     win=  0.480ms avg=  0.004ms p95=  0.000ms max=  0.536ms calls(last=  0,win=   1,total=14) (win 2.9% | avg 0.0% budget)
  enemy.ai.movement                win=  0.114ms avg=  0.299ms p95=  0.593ms max=  1.441ms calls(last=  3,win= 315,total=4330) (win 0.7% | avg 1.8% budget)
  system.physics_collision         win=  0.060ms avg=  0.071ms p95=  0.128ms max=  0.323ms calls(last=  1,win= 141,total=3640) (win 0.4% | avg 0.4% budget)
  enemy.cheap.segment_build        win=  0.053ms avg=  0.034ms p95=  0.108ms max=  0.258ms calls(last=  0,win=  77,total=1881) (win 0.3% | avg 0.2% budget)
  system.spawner_update            win=  0.043ms avg=  0.051ms p95=  0.082ms max=  0.289ms calls(last=  1,win= 141,total=3640) (win 0.3% | avg 0.3% budget)
  enemy.physics.frontal_pair_traverse win=  0.042ms avg=  0.048ms p95=  0.081ms max=  0.242ms calls(last=  1,win= 136,total=1114) (win 0.3% | avg 0.3% budget)
  enemy.ai.decision                win=  0.035ms avg=  0.091ms p95=  0.259ms max=  0.594ms calls(last=  3,win= 315,total=4330) (win 0.2% | avg 0.5% budget)
  system.player_update             win=  0.028ms avg=  0.033ms p95=  0.055ms max=  0.177ms calls(last=  1,win= 141,total=3520) (win 0.2% | avg 0.2% budget)
[ENEMY_STATS] frame=3480 alive=72 visible=1 full=3 cheap=69 fullInBase=0 pairs(frontal=0 checks=0 separation=0 resolved=0)
[ENEMY_WINDOW] steps=141 alive[min=72 max=72] visible[min=0 max=1] full[min=1 max=3] collisionPasses[runs=136 skips=5]
[ENEMY_SEGMENTS] window=2.350s D{b/s=15.74 avgLen=5.16 fail=0} T{b/s=17.02 avgLen=6.44 fail=0} H{b/s=0.00 avgLen=0.00 fail=0} A{b/s=0.00 avgLen=0.00 fail=0}
[ENEMY_GRID] frontal{cand/s=131.9 xcell/s=1.3 ins/s=133.2} separation{cand/s=131.9}
[ENEMY_COLLISION_WINDOW] frontal{pairs/s=0.0 checks/s=0.0 baseSkip=0 kill=0(0.0%)} separation{pairs/s=0.0 resolved/s=0.0(0.0%) baseSkip=0 kill=0 wallBlock=0}
[ENEMY_NAV_CACHE] playerCell{changes=0 flowRebuilds=0} flow{hit=0 miss=0 hit%=0.0} pathFallback{calls=0 ok=0 ok%=0.0}
[ENEMY_SAP] updates=0 active=0 pairs=0 repairs{x=0 y=0}
[ENEMY_PAIR_TYPES] frontal DD=0 DT=0 DH=0 DA=0 TT=0 TH=0 TA=0 HH=0 HA=0 AA=0 separation DD=0 DT=0 DH=0 DA=0 TT=0 TH=0 TA=0 HH=0 HA=0 AA=0
[TORPEDO_HEADING] eval/s=0.43 retreat/s=0.00 pick[straight=100.0% left=0.0% right=0.0%] clear[best=15.00 chosen=15.00]

[PROFILE] frame=3600 budget=16.667ms alloc(+106/-106, +263184b/-263184b, live=132480b peak=390328b)
  frame.total                      win= 19.505ms avg= 19.505ms p95= 24.494ms max= 84.000ms calls(last=  1,win= 120,total=3600) (win 117.0% | avg 117.0% budget)
  frame.render                     win= 12.064ms avg= 12.064ms p95= 12.862ms max= 83.961ms calls(last=  1,win= 120,total=3600) (win 72.4% | avg 72.4% budget)
  frame.present                    win= 12.057ms avg= 12.057ms p95= 12.855ms max= 83.954ms calls(last=  1,win= 120,total=3600) (win 72.3% | avg 72.3% budget)
  frame.fixed_step                 win=  6.298ms avg=  7.400ms p95= 12.553ms max= 14.466ms calls(last=  1,win= 141,total=3834) (win 37.8% | avg 44.4% budget)
  frame.render.world               win=  5.153ms avg= 10.305ms p95= 10.895ms max= 16.088ms calls(last=  2,win= 240,total=7098) (win 30.9% | avg 61.8% budget)
  game.update                      win=  4.628ms avg=  5.438ms p95=  9.205ms max= 10.767ms calls(last=  1,win= 141,total=3781) (win 27.8% | avg 32.6% budget)
  system.ai_update                 win=  4.463ms avg=  5.244ms p95=  8.884ms max= 10.483ms calls(last=  1,win= 141,total=3781) (win 26.8% | avg 31.5% budget)
  enemy.update                     win=  4.456ms avg=  5.236ms p95=  8.861ms max= 10.471ms calls(last=  1,win= 141,total=3781) (win 26.7% | avg 31.4% budget)
  frame.render.overlay             win=  3.109ms avg=  3.109ms p95=  3.777ms max=  6.122ms calls(last=  1,win= 120,total=3549) (win 18.7% | avg 18.7% budget)
  frame.render.world.enemies       win=  1.159ms avg=  1.159ms p95=  1.210ms max=  2.635ms calls(last=  1,win= 120,total=3549) (win 7.0% | avg 7.0% budget)
  frame.render.world.maze          win=  1.010ms avg=  1.010ms p95=  1.115ms max=  2.654ms calls(last=  1,win= 120,total=3549) (win 6.1% | avg 6.1% budget)
  enemy.physics.frontal_collisions win=  0.939ms avg=  1.103ms p95=  1.864ms max=  2.312ms calls(last=  1,win= 141,total=1255) (win 5.6% | avg 6.6% budget)
  enemy.physics.frontal_grid_build win=  0.862ms avg=  1.013ms p95=  1.704ms max=  2.008ms calls(last=  1,win= 141,total=1255) (win 5.2% | avg 6.1% budget)
  frame.render.world.effects       win=  0.810ms avg=  0.810ms p95=  1.042ms max=  2.739ms calls(last=  1,win= 120,total=3549) (win 4.9% | avg 4.9% budget)
  enemy.physics.separation         win=  0.591ms avg=  0.695ms p95=  1.182ms max=  1.471ms calls(last=  1,win= 141,total=1255) (win 3.5% | avg 4.2% budget)
  enemy.physics.separation_grid_build win=  0.546ms avg=  0.641ms p95=  1.099ms max=  1.347ms calls(last=  1,win= 141,total=1255) (win 3.3% | avg 3.8% budget)
  enemy.ai.movement                win=  0.111ms avg=  0.396ms p95=  0.699ms max=  1.441ms calls(last=  4,win= 427,total=4757) (win 0.7% | avg 2.4% budget)
  enemy.physics.frontal_pair_traverse win=  0.052ms avg=  0.061ms p95=  0.095ms max=  0.242ms calls(last=  1,win= 141,total=1255) (win 0.3% | avg 0.4% budget)
  enemy.cheap.segment_build        win=  0.051ms avg=  0.034ms p95=  0.106ms max=  0.323ms calls(last=  2,win=  79,total=1960) (win 0.3% | avg 0.2% budget)
  system.physics_collision         win=  0.049ms avg=  0.058ms p95=  0.102ms max=  0.323ms calls(last=  1,win= 141,total=3781) (win 0.3% | avg 0.3% budget)
  system.spawner_update            win=  0.041ms avg=  0.048ms p95=  0.081ms max=  0.289ms calls(last=  1,win= 141,total=3781) (win 0.2% | avg 0.3% budget)
  enemy.ai.decision                win=  0.030ms avg=  0.106ms p95=  0.250ms max=  0.594ms calls(last=  4,win= 427,total=4757) (win 0.2% | avg 0.6% budget)
  enemy.physics.separation_pair_traverse win=  0.029ms avg=  0.035ms p95=  0.056ms max=  0.281ms calls(last=  1,win= 141,total=1255) (win 0.2% | avg 0.2% budget)
  system.player_update             win=  0.028ms avg=  0.033ms p95=  0.057ms max=  0.177ms calls(last=  1,win= 141,total=3661) (win 0.2% | avg 0.2% budget)
[ENEMY_STATS] frame=3600 alive=72 visible=2 full=4 cheap=68 fullInBase=0 pairs(frontal=1 checks=1 separation=1 resolved=0)
[ENEMY_WINDOW] steps=141 alive[min=72 max=72] visible[min=1 max=2] full[min=2 max=4] collisionPasses[runs=141 skips=0]
[ENEMY_SEGMENTS] window=2.350s D{b/s=15.74 avgLen=4.76 fail=0} T{b/s=18.72 avgLen=6.06 fail=0} H{b/s=0.00 avgLen=0.00 fail=0} A{b/s=0.00 avgLen=0.00 fail=0}
[ENEMY_GRID] frontal{cand/s=182.1 xcell/s=2.1 ins/s=184.3} separation{cand/s=182.1}
[ENEMY_COLLISION_WINDOW] frontal{pairs/s=12.3 checks/s=12.3 baseSkip=0 kill=0(0.0%)} separation{pairs/s=12.3 resolved/s=0.0(0.0%) baseSkip=0 kill=0 wallBlock=0}
[ENEMY_NAV_CACHE] playerCell{changes=0 flowRebuilds=0} flow{hit=0 miss=0 hit%=0.0} pathFallback{calls=0 ok=0 ok%=0.0}
[ENEMY_SAP] updates=0 active=0 pairs=0 repairs{x=0 y=0}
[ENEMY_PAIR_TYPES] frontal DD=29 DT=0 DH=0 DA=0 TT=0 TH=0 TA=0 HH=0 HA=0 AA=0 separation DD=29 DT=0 DH=0 DA=0 TT=0 TH=0 TA=0 HH=0 HA=0 AA=0

[PROFILE] frame=3720 budget=16.667ms alloc(+110/-110, +263280b/-263280b, live=132480b peak=390344b)
  frame.total                      win= 19.891ms avg= 19.891ms p95= 25.167ms max= 84.000ms calls(last=  1,win= 120,total=3720) (win 119.3% | avg 119.3% budget)
  frame.render                     win= 11.952ms avg= 11.952ms p95= 12.809ms max= 83.961ms calls(last=  1,win= 120,total=3720) (win 71.7% | avg 71.7% budget)
  frame.present                    win= 11.944ms avg= 11.944ms p95= 12.802ms max= 83.954ms calls(last=  1,win= 120,total=3720) (win 71.7% | avg 71.7% budget)
  frame.fixed_step                 win=  6.583ms avg=  7.899ms p95= 13.114ms max= 14.466ms calls(last=  1,win= 144,total=3978) (win 39.5% | avg 47.4% budget)
  frame.render.world               win=  5.072ms avg= 10.143ms p95= 10.694ms max= 16.088ms calls(last=  2,win= 240,total=7338) (win 30.4% | avg 60.9% budget)
  game.update                      win=  4.928ms avg=  5.914ms p95=  9.823ms max= 10.767ms calls(last=  1,win= 144,total=3925) (win 29.6% | avg 35.5% budget)
  system.ai_update                 win=  4.783ms avg=  5.740ms p95=  9.515ms max= 10.483ms calls(last=  1,win= 144,total=3925) (win 28.7% | avg 34.4% budget)
  enemy.update                     win=  4.776ms avg=  5.732ms p95=  9.505ms max= 10.471ms calls(last=  1,win= 144,total=3925) (win 28.7% | avg 34.4% budget)
  frame.render.overlay             win=  3.086ms avg=  3.086ms p95=  3.760ms max=  6.122ms calls(last=  1,win= 120,total=3669) (win 18.5% | avg 18.5% budget)
  frame.render.world.enemies       win=  1.180ms avg=  1.180ms p95=  1.270ms max=  2.635ms calls(last=  1,win= 120,total=3669) (win 7.1% | avg 7.1% budget)
  frame.render.world.maze          win=  0.979ms avg=  0.979ms p95=  1.062ms max=  2.654ms calls(last=  1,win= 120,total=3669) (win 5.9% | avg 5.9% budget)
  enemy.physics.frontal_collisions win=  0.970ms avg=  1.163ms p95=  1.955ms max=  2.312ms calls(last=  1,win= 144,total=1399) (win 5.8% | avg 7.0% budget)
  frame.render.world.effects       win=  0.949ms avg=  0.949ms p95=  1.246ms max=  2.739ms calls(last=  1,win= 120,total=3669) (win 5.7% | avg 5.7% budget)
  enemy.physics.frontal_grid_build win=  0.862ms avg=  1.035ms p95=  1.732ms max=  2.008ms calls(last=  1,win= 144,total=1399) (win 5.2% | avg 6.2% budget)
  enemy.physics.separation         win=  0.610ms avg=  0.731ms p95=  1.242ms max=  1.471ms calls(last=  1,win= 144,total=1399) (win 3.7% | avg 4.4% budget)
  enemy.physics.separation_grid_build win=  0.547ms avg=  0.656ms p95=  1.112ms max=  1.347ms calls(last=  1,win= 144,total=1399) (win 3.3% | avg 3.9% budget)
  enemy.torpedo.select_heading     win=  0.443ms avg=  0.004ms p95=  0.000ms max=  0.536ms calls(last=  0,win=   1,total=15) (win 2.7% | avg 0.0% budget)
  enemy.ai.movement                win=  0.110ms avg=  0.631ms p95=  1.068ms max=  1.441ms calls(last=  5,win= 690,total=5447) (win 0.7% | avg 3.8% budget)
  enemy.physics.frontal_pair_traverse win=  0.081ms avg=  0.097ms p95=  0.162ms max=  0.245ms calls(last=  1,win= 144,total=1399) (win 0.5% | avg 0.6% budget)
  enemy.cheap.segment_build        win=  0.049ms avg=  0.034ms p95=  0.096ms max=  0.323ms calls(last=  0,win=  84,total=2044) (win 0.3% | avg 0.2% budget)
  enemy.physics.separation_pair_traverse win=  0.048ms avg=  0.058ms p95=  0.098ms max=  0.281ms calls(last=  1,win= 144,total=1399) (win 0.3% | avg 0.3% budget)
  system.spawner_update            win=  0.043ms avg=  0.051ms p95=  0.083ms max=  0.289ms calls(last=  1,win= 144,total=3925) (win 0.3% | avg 0.3% budget)
  system.physics_collision         win=  0.041ms avg=  0.050ms p95=  0.107ms max=  0.323ms calls(last=  1,win= 144,total=3925) (win 0.2% | avg 0.3% budget)
  enemy.ai.decision                win=  0.032ms avg=  0.182ms p95=  0.325ms max=  0.594ms calls(last=  5,win= 690,total=5447) (win 0.2% | avg 1.1% budget)
[ENEMY_STATS] frame=3720 alive=72 visible=2 full=5 cheap=67 fullInBase=0 pairs(frontal=1 checks=1 separation=1 resolved=0)
[ENEMY_WINDOW] steps=144 alive[min=72 max=72] visible[min=2 max=2] full[min=4 max=5] collisionPasses[runs=144 skips=0]
[ENEMY_SEGMENTS] window=2.400s D{b/s=15.83 avgLen=4.67 fail=0} T{b/s=18.33 avgLen=6.31 fail=0} H{b/s=0.00 avgLen=0.00 fail=0} A{b/s=0.00 avgLen=0.00 fail=0}
[ENEMY_GRID] frontal{cand/s=287.9 xcell/s=2.1 ins/s=290.0} separation{cand/s=287.9}
[ENEMY_COLLISION_WINDOW] frontal{pairs/s=60.0 checks/s=60.0 baseSkip=0 kill=0(0.0%)} separation{pairs/s=60.0 resolved/s=0.0(0.0%) baseSkip=0 kill=0 wallBlock=0}
[ENEMY_NAV_CACHE] playerCell{changes=0 flowRebuilds=0} flow{hit=0 miss=0 hit%=0.0} pathFallback{calls=0 ok=0 ok%=0.0}
[ENEMY_SAP] updates=0 active=0 pairs=0 repairs{x=0 y=0}
[ENEMY_PAIR_TYPES] frontal DD=144 DT=0 DH=0 DA=0 TT=0 TH=0 TA=0 HH=0 HA=0 AA=0 separation DD=144 DT=0 DH=0 DA=0 TT=0 TH=0 TA=0 HH=0 HA=0 AA=0
[TORPEDO_HEADING] eval/s=0.42 retreat/s=0.00 pick[straight=100.0% left=0.0% right=0.0%] clear[best=15.00 chosen=15.00]

[PROFILE] frame=3840 budget=16.667ms alloc(+98/-98, +175312b/-175312b, live=132480b peak=390344b)
  frame.total                      win= 19.020ms avg= 19.020ms p95= 24.778ms max= 84.000ms calls(last=  1,win= 120,total=3840) (win 114.1% | avg 114.1% budget)
  frame.render                     win= 12.019ms avg= 12.019ms p95= 12.849ms max= 83.961ms calls(last=  1,win= 120,total=3840) (win 72.1% | avg 72.1% budget)
  frame.present                    win= 12.012ms avg= 12.012ms p95= 12.841ms max= 83.954ms calls(last=  1,win= 120,total=3840) (win 72.1% | avg 72.1% budget)
  frame.fixed_step                 win=  6.052ms avg=  6.960ms p95= 12.586ms max= 14.466ms calls(last=  1,win= 138,total=4116) (win 36.3% | avg 41.8% budget)
  frame.render.world               win=  4.897ms avg=  9.794ms p95= 10.339ms max= 16.088ms calls(last=  2,win= 240,total=7578) (win 29.4% | avg 58.8% budget)
  game.update                      win=  4.406ms avg=  5.067ms p95=  9.303ms max= 10.767ms calls(last=  1,win= 138,total=4063) (win 26.4% | avg 30.4% budget)
  system.ai_update                 win=  4.308ms avg=  4.955ms p95=  9.118ms max= 10.483ms calls(last=  1,win= 138,total=4063) (win 25.9% | avg 29.7% budget)
  enemy.update                     win=  4.302ms avg=  4.948ms p95=  9.104ms max= 10.471ms calls(last=  1,win= 138,total=4063) (win 25.8% | avg 29.7% budget)
  frame.render.overlay             win=  3.120ms avg=  3.120ms p95=  3.761ms max=  7.506ms calls(last=  1,win= 120,total=3789) (win 18.7% | avg 18.7% budget)
  frame.render.world.enemies       win=  1.182ms avg=  1.182ms p95=  1.288ms max=  2.635ms calls(last=  1,win= 120,total=3789) (win 7.1% | avg 7.1% budget)
  enemy.physics.frontal_collisions win=  0.948ms avg=  0.916ms p95=  1.857ms max=  2.312ms calls(last=  0,win= 116,total=1515) (win 5.7% | avg 5.5% budget)
  frame.render.world.maze          win=  0.944ms avg=  0.944ms p95=  1.072ms max=  2.654ms calls(last=  1,win= 120,total=3789) (win 5.7% | avg 5.7% budget)
  frame.render.world.effects       win=  0.930ms avg=  0.930ms p95=  1.169ms max=  2.739ms calls(last=  1,win= 120,total=3789) (win 5.6% | avg 5.6% budget)
  enemy.physics.frontal_grid_build win=  0.876ms avg=  0.847ms p95=  1.717ms max=  2.147ms calls(last=  0,win= 116,total=1515) (win 5.3% | avg 5.1% budget)
  enemy.physics.separation         win=  0.594ms avg=  0.574ms p95=  1.191ms max=  1.471ms calls(last=  0,win= 116,total=1515) (win 3.6% | avg 3.4% budget)
  enemy.physics.separation_grid_build win=  0.548ms avg=  0.529ms p95=  1.102ms max=  1.347ms calls(last=  0,win= 116,total=1515) (win 3.3% | avg 3.2% budget)
  enemy.torpedo.select_heading     win=  0.376ms avg=  0.006ms p95=  0.000ms max=  0.536ms calls(last=  0,win=   2,total=17) (win 2.3% | avg 0.0% budget)
  enemy.ai.movement                win=  0.111ms avg=  0.455ms p95=  0.866ms max=  1.441ms calls(last=  1,win= 491,total=5938) (win 0.7% | avg 2.7% budget)
  system.spawner_update            win=  0.050ms avg=  0.057ms p95=  0.102ms max=  0.289ms calls(last=  1,win= 138,total=4063) (win 0.3% | avg 0.3% budget)
  enemy.cheap.segment_build        win=  0.049ms avg=  0.034ms p95=  0.104ms max=  0.323ms calls(last=  0,win=  82,total=2126) (win 0.3% | avg 0.2% budget)
  enemy.physics.frontal_pair_traverse win=  0.046ms avg=  0.044ms p95=  0.087ms max=  0.245ms calls(last=  0,win= 116,total=1515) (win 0.3% | avg 0.3% budget)
  enemy.ai.decision                win=  0.042ms avg=  0.170ms p95=  0.297ms max=  0.594ms calls(last=  1,win= 491,total=5938) (win 0.2% | avg 1.0% budget)
  enemy.physics.separation_pair_traverse win=  0.031ms avg=  0.030ms p95=  0.059ms max=  0.281ms calls(last=  0,win= 116,total=1515) (win 0.2% | avg 0.2% budget)
  frame.input_poll                 win=  0.027ms avg=  0.027ms p95=  0.029ms max=  0.092ms calls(last=  1,win= 120,total=3840) (win 0.2% | avg 0.2% budget)
[ENEMY_STATS] frame=3840 alive=72 visible=1 full=1 cheap=71 fullInBase=0 pairs(frontal=0 checks=0 separation=0 resolved=0)
[ENEMY_WINDOW] steps=138 alive[min=72 max=72] visible[min=1 max=2] full[min=1 max=5] collisionPasses[runs=115 skips=23]
[ENEMY_SEGMENTS] window=2.300s D{b/s=18.26 avgLen=4.26 fail=0} T{b/s=17.39 avgLen=6.52 fail=1} H{b/s=0.00 avgLen=0.00 fail=0} A{b/s=0.00 avgLen=0.00 fail=0}
[ENEMY_GRID] frontal{cand/s=201.7 xcell/s=2.2 ins/s=203.9} separation{cand/s=201.7}
[ENEMY_COLLISION_WINDOW] frontal{pairs/s=2.2 checks/s=2.2 baseSkip=0 kill=0(0.0%)} separation{pairs/s=2.2 resolved/s=0.0(0.0%) baseSkip=0 kill=0 wallBlock=0}
[ENEMY_NAV_CACHE] playerCell{changes=0 flowRebuilds=0} flow{hit=0 miss=0 hit%=0.0} pathFallback{calls=0 ok=0 ok%=0.0}
[ENEMY_SAP] updates=0 active=0 pairs=0 repairs{x=0 y=0}
[ENEMY_PAIR_TYPES] frontal DD=5 DT=0 DH=0 DA=0 TT=0 TH=0 TA=0 HH=0 HA=0 AA=0 separation DD=5 DT=0 DH=0 DA=0 TT=0 TH=0 TA=0 HH=0 HA=0 AA=0
[TORPEDO_HEADING] eval/s=0.87 retreat/s=0.00 pick[straight=50.0% left=50.0% right=0.0%] clear[best=15.00 chosen=15.00]

[PROFILE] frame=3960 budget=16.667ms alloc(+98/-98, +175312b/-175312b, live=132480b peak=390344b)
  frame.total                      win= 17.024ms avg= 17.024ms p95= 17.938ms max= 84.000ms calls(last=  1,win= 120,total=3960) (win 102.1% | avg 102.1% budget)
  frame.render                     win= 12.792ms avg= 12.792ms p95= 13.437ms max= 83.961ms calls(last=  1,win= 120,total=3960) (win 76.7% | avg 76.7% budget)
  frame.present                    win= 12.784ms avg= 12.784ms p95= 13.429ms max= 83.954ms calls(last=  1,win= 120,total=3960) (win 76.7% | avg 76.7% budget)
  frame.render.world               win=  4.477ms avg=  8.954ms p95=  9.367ms max= 16.088ms calls(last=  2,win= 240,total=7818) (win 26.9% | avg 53.7% budget)
  frame.fixed_step                 win=  4.091ms avg=  4.193ms p95=  4.315ms max= 14.466ms calls(last=  1,win= 123,total=4239) (win 24.5% | avg 25.2% budget)
  frame.render.overlay             win=  3.055ms avg=  3.055ms p95=  3.810ms max=  7.506ms calls(last=  1,win= 120,total=3909) (win 18.3% | avg 18.3% budget)
  game.update                      win=  2.449ms avg=  2.510ms p95=  2.678ms max= 10.767ms calls(last=  1,win= 123,total=4186) (win 14.7% | avg 15.1% budget)
  system.ai_update                 win=  2.337ms avg=  2.395ms p95=  2.565ms max= 10.483ms calls(last=  1,win= 123,total=4186) (win 14.0% | avg 14.4% budget)
  enemy.update                     win=  2.330ms avg=  2.389ms p95=  2.558ms max= 10.471ms calls(last=  1,win= 123,total=4186) (win 14.0% | avg 14.3% budget)
  frame.render.world.enemies       win=  1.155ms avg=  1.155ms p95=  1.238ms max=  2.635ms calls(last=  1,win= 120,total=3909) (win 6.9% | avg 6.9% budget)
  frame.render.world.maze          win=  0.777ms avg=  0.777ms p95=  0.861ms max=  2.654ms calls(last=  1,win= 120,total=3909) (win 4.7% | avg 4.7% budget)
  frame.render.world.effects       win=  0.417ms avg=  0.417ms p95=  0.529ms max=  2.739ms calls(last=  1,win= 120,total=3909) (win 2.5% | avg 2.5% budget)
  enemy.torpedo.select_heading     win=  0.384ms avg=  0.003ms p95=  0.000ms max=  0.536ms calls(last=  0,win=   1,total=18) (win 2.3% | avg 0.0% budget)
  enemy.ai.movement                win=  0.119ms avg=  0.122ms p95=  0.123ms max=  1.441ms calls(last=  1,win= 123,total=6061) (win 0.7% | avg 0.7% budget)
  enemy.ai.decision                win=  0.110ms avg=  0.113ms p95=  0.165ms max=  0.594ms calls(last=  1,win= 123,total=6061) (win 0.7% | avg 0.7% budget)
  enemy.cheap.segment_build        win=  0.055ms avg=  0.033ms p95=  0.102ms max=  0.323ms calls(last=  0,win=  72,total=2198) (win 0.3% | avg 0.2% budget)
  system.spawner_update            win=  0.039ms avg=  0.040ms p95=  0.040ms max=  0.289ms calls(last=  1,win= 123,total=4186) (win 0.2% | avg 0.2% budget)
  frame.input_poll                 win=  0.027ms avg=  0.027ms p95=  0.029ms max=  0.092ms calls(last=  1,win= 120,total=3960) (win 0.2% | avg 0.2% budget)
  system.player_update             win=  0.025ms avg=  0.005ms p95=  0.026ms max=  0.177ms calls(last=  1,win=  25,total=3765) (win 0.1% | avg 0.0% budget)
  system.physics_collision         win=  0.025ms avg=  0.025ms p95=  0.028ms max=  0.323ms calls(last=  1,win= 123,total=4186) (win 0.1% | avg 0.2% budget)
  enemy.type.torpedo               win=  0.014ms avg=  0.389ms p95=  0.471ms max=  1.309ms calls(last= 28,win=3444,total=100472) (win 0.1% | avg 2.3% budget)
  enemy.ai.perception              win=  0.006ms avg=  0.006ms p95=  0.006ms max=  0.092ms calls(last=  1,win= 123,total=6061) (win 0.0% | avg 0.0% budget)
  enemy.ai.firing                  win=  0.005ms avg=  0.005ms p95=  0.006ms max=  0.099ms calls(last=  1,win= 123,total=6061) (win 0.0% | avg 0.0% budget)
  enemy.type.drone                 win=  0.004ms avg=  0.161ms p95=  0.246ms max=  2.064ms calls(last= 44,win=5412,total=164342) (win 0.0% | avg 1.0% budget)
[ENEMY_STATS] frame=3960 alive=72 visible=1 full=1 cheap=71 fullInBase=0 pairs(frontal=0 checks=0 separation=0 resolved=0)
[ENEMY_WINDOW] steps=123 alive[min=72 max=72] visible[min=1 max=1] full[min=1 max=1] collisionPasses[runs=0 skips=123]
[ENEMY_SEGMENTS] window=2.050s D{b/s=17.56 avgLen=4.96 fail=0} T{b/s=18.05 avgLen=6.20 fail=0} H{b/s=0.00 avgLen=0.00 fail=0} A{b/s=0.00 avgLen=0.00 fail=0}
[ENEMY_GRID] frontal{cand/s=0.0 xcell/s=0.0 ins/s=0.0} separation{cand/s=0.0}
[ENEMY_COLLISION_WINDOW] frontal{pairs/s=0.0 checks/s=0.0 baseSkip=0 kill=0(0.0%)} separation{pairs/s=0.0 resolved/s=0.0(0.0%) baseSkip=0 kill=0 wallBlock=0}
[ENEMY_NAV_CACHE] playerCell{changes=0 flowRebuilds=0} flow{hit=0 miss=0 hit%=0.0} pathFallback{calls=0 ok=0 ok%=0.0}
[ENEMY_SAP] updates=0 active=0 pairs=0 repairs{x=0 y=0}
[ENEMY_PAIR_TYPES] frontal DD=0 DT=0 DH=0 DA=0 TT=0 TH=0 TA=0 HH=0 HA=0 AA=0 separation DD=0 DT=0 DH=0 DA=0 TT=0 TH=0 TA=0 HH=0 HA=0 AA=0
[TORPEDO_HEADING] eval/s=0.49 retreat/s=0.00 pick[straight=0.0% left=0.0% right=100.0%] clear[best=15.00 chosen=15.00]

[PROFILE] frame=4080 budget=16.667ms alloc(+105/-105, +263128b/-263128b, live=132480b peak=390344b)
  frame.total                      win= 18.456ms avg= 18.456ms p95= 23.719ms max= 84.000ms calls(last=  1,win= 120,total=4080) (win 110.7% | avg 110.7% budget)
  frame.render                     win= 11.584ms avg= 11.584ms p95= 12.659ms max= 83.961ms calls(last=  1,win= 120,total=4080) (win 69.5% | avg 69.5% budget)
  frame.present                    win= 11.576ms avg= 11.576ms p95= 12.653ms max= 83.954ms calls(last=  1,win= 120,total=4080) (win 69.5% | avg 69.5% budget)
  frame.fixed_step                 win=  6.117ms avg=  6.831ms p95= 12.212ms max= 14.466ms calls(last=  1,win= 134,total=4373) (win 36.7% | avg 41.0% budget)
  frame.render.world               win=  4.769ms avg=  9.537ms p95= 10.510ms max= 16.088ms calls(last=  2,win= 240,total=8058) (win 28.6% | avg 57.2% budget)
  game.update                      win=  4.456ms avg=  4.975ms p95=  8.885ms max= 10.767ms calls(last=  1,win= 134,total=4320) (win 26.7% | avg 29.9% budget)
  system.ai_update                 win=  4.296ms avg=  4.798ms p95=  8.591ms max= 10.483ms calls(last=  1,win= 134,total=4320) (win 25.8% | avg 28.8% budget)
  enemy.update                     win=  4.290ms avg=  4.791ms p95=  8.581ms max= 10.471ms calls(last=  1,win= 134,total=4320) (win 25.7% | avg 28.7% budget)
  frame.render.overlay             win=  3.088ms avg=  3.088ms p95=  3.823ms max=  7.506ms calls(last=  1,win= 120,total=4029) (win 18.5% | avg 18.5% budget)
  frame.render.world.enemies       win=  1.157ms avg=  1.157ms p95=  1.241ms max=  2.635ms calls(last=  1,win= 120,total=4029) (win 6.9% | avg 6.9% budget)
  enemy.physics.frontal_collisions win=  0.902ms avg=  0.992ms p95=  1.783ms max=  2.312ms calls(last=  1,win= 132,total=1647) (win 5.4% | avg 5.9% budget)
  frame.render.world.maze          win=  0.891ms avg=  0.891ms p95=  1.014ms max=  2.654ms calls(last=  1,win= 120,total=4029) (win 5.3% | avg 5.3% budget)
  enemy.physics.frontal_grid_build win=  0.844ms avg=  0.929ms p95=  1.656ms max=  2.147ms calls(last=  1,win= 132,total=1647) (win 5.1% | avg 5.6% budget)
  frame.render.world.effects       win=  0.628ms avg=  0.628ms p95=  0.997ms max=  2.739ms calls(last=  1,win= 120,total=4029) (win 3.8% | avg 3.8% budget)
  enemy.physics.separation         win=  0.582ms avg=  0.641ms p95=  1.136ms max=  1.471ms calls(last=  1,win= 132,total=1647) (win 3.5% | avg 3.8% budget)
  enemy.physics.separation_grid_build win=  0.545ms avg=  0.599ms p95=  1.062ms max=  1.347ms calls(last=  1,win= 132,total=1647) (win 3.3% | avg 3.6% budget)
  enemy.torpedo.select_heading     win=  0.275ms avg=  0.005ms p95=  0.000ms max=  0.536ms calls(last=  0,win=   2,total=20) (win 1.6% | avg 0.0% budget)
  enemy.ai.movement                win=  0.114ms avg=  0.253ms p95=  0.445ms max=  1.441ms calls(last=  2,win= 266,total=6327) (win 0.7% | avg 1.5% budget)
  enemy.ai.decision                win=  0.061ms avg=  0.136ms p95=  0.214ms max=  0.594ms calls(last=  2,win= 266,total=6327) (win 0.4% | avg 0.8% budget)
  enemy.cheap.segment_build        win=  0.052ms avg=  0.035ms p95=  0.108ms max=  0.323ms calls(last=  0,win=  80,total=2278) (win 0.3% | avg 0.2% budget)
  system.physics_collision         win=  0.044ms avg=  0.049ms p95=  0.093ms max=  0.323ms calls(last=  1,win= 134,total=4320) (win 0.3% | avg 0.3% budget)
  system.spawner_update            win=  0.042ms avg=  0.047ms p95=  0.081ms max=  0.289ms calls(last=  1,win= 134,total=4320) (win 0.3% | avg 0.3% budget)
  enemy.physics.frontal_pair_traverse win=  0.034ms avg=  0.037ms p95=  0.063ms max=  0.245ms calls(last=  1,win= 132,total=1647) (win 0.2% | avg 0.2% budget)
  frame.input_poll                 win=  0.028ms avg=  0.028ms p95=  0.029ms max=  0.092ms calls(last=  1,win= 120,total=4080) (win 0.2% | avg 0.2% budget)
[ENEMY_STATS] frame=4080 alive=72 visible=1 full=2 cheap=70 fullInBase=0 pairs(frontal=0 checks=0 separation=0 resolved=0)
[ENEMY_WINDOW] steps=134 alive[min=72 max=72] visible[min=1 max=1] full[min=1 max=2] collisionPasses[runs=133 skips=1]
[ENEMY_SEGMENTS] window=2.233s D{b/s=16.57 avgLen=4.99 fail=1} T{b/s=17.46 avgLen=6.50 fail=1} H{b/s=0.00 avgLen=0.00 fail=0} A{b/s=0.00 avgLen=0.00 fail=0}
[ENEMY_GRID] frontal{cand/s=119.1 xcell/s=1.3 ins/s=120.4} separation{cand/s=119.1}
[ENEMY_COLLISION_WINDOW] frontal{pairs/s=0.0 checks/s=0.0 baseSkip=0 kill=0(0.0%)} separation{pairs/s=0.0 resolved/s=0.0(0.0%) baseSkip=0 kill=0 wallBlock=0}
[ENEMY_NAV_CACHE] playerCell{changes=0 flowRebuilds=0} flow{hit=0 miss=0 hit%=0.0} pathFallback{calls=0 ok=0 ok%=0.0}
[ENEMY_SAP] updates=0 active=0 pairs=0 repairs{x=0 y=0}
[ENEMY_PAIR_TYPES] frontal DD=0 DT=0 DH=0 DA=0 TT=0 TH=0 TA=0 HH=0 HA=0 AA=0 separation DD=0 DT=0 DH=0 DA=0 TT=0 TH=0 TA=0 HH=0 HA=0 AA=0
[TORPEDO_HEADING] eval/s=0.90 retreat/s=0.00 pick[straight=100.0% left=0.0% right=0.0%] clear[best=12.25 chosen=12.25]

[PROFILE] frame=4200 budget=16.667ms alloc(+105/-105, +263128b/-263128b, live=132480b peak=390344b)
  frame.total                      win= 18.419ms avg= 18.419ms p95= 23.523ms max= 84.000ms calls(last=  1,win= 120,total=4200) (win 110.5% | avg 110.5% budget)
  frame.render                     win= 11.557ms avg= 11.557ms p95= 12.416ms max= 83.961ms calls(last=  1,win= 120,total=4200) (win 69.3% | avg 69.3% budget)
  frame.present                    win= 11.550ms avg= 11.550ms p95= 12.408ms max= 83.954ms calls(last=  1,win= 120,total=4200) (win 69.3% | avg 69.3% budget)
  frame.fixed_step                 win=  6.154ms avg=  6.821ms p95= 12.154ms max= 14.466ms calls(last=  1,win= 133,total=4506) (win 36.9% | avg 40.9% budget)
  frame.render.world               win=  4.790ms avg=  9.579ms p95= 10.396ms max= 16.088ms calls(last=  2,win= 240,total=8298) (win 28.7% | avg 57.5% budget)
  game.update                      win=  4.495ms avg=  4.982ms p95=  8.852ms max= 10.767ms calls(last=  1,win= 133,total=4453) (win 27.0% | avg 29.9% budget)
  system.ai_update                 win=  4.336ms avg=  4.805ms p95=  8.547ms max= 10.483ms calls(last=  1,win= 133,total=4453) (win 26.0% | avg 28.8% budget)
  enemy.update                     win=  4.329ms avg=  4.798ms p95=  8.536ms max= 10.471ms calls(last=  1,win= 133,total=4453) (win 26.0% | avg 28.8% budget)
  frame.render.overlay             win=  3.094ms avg=  3.094ms p95=  3.770ms max=  7.506ms calls(last=  1,win= 120,total=4149) (win 18.6% | avg 18.6% budget)
  frame.render.world.enemies       win=  1.164ms avg=  1.164ms p95=  1.416ms max=  2.635ms calls(last=  1,win= 120,total=4149) (win 7.0% | avg 7.0% budget)
  frame.render.world.maze          win=  0.984ms avg=  0.984ms p95=  1.116ms max=  2.654ms calls(last=  1,win= 120,total=4149) (win 5.9% | avg 5.9% budget)
  enemy.physics.frontal_collisions win=  0.905ms avg=  1.003ms p95=  1.806ms max=  2.312ms calls(last=  1,win= 133,total=1780) (win 5.4% | avg 6.0% budget)
  enemy.physics.frontal_grid_build win=  0.847ms avg=  0.939ms p95=  1.694ms max=  2.147ms calls(last=  1,win= 133,total=1780) (win 5.1% | avg 5.6% budget)
  enemy.physics.separation         win=  0.585ms avg=  0.649ms p95=  1.167ms max=  1.471ms calls(last=  1,win= 133,total=1780) (win 3.5% | avg 3.9% budget)
  frame.render.world.effects       win=  0.548ms avg=  0.548ms p95=  0.982ms max=  2.739ms calls(last=  1,win= 120,total=4149) (win 3.3% | avg 3.3% budget)
  enemy.physics.separation_grid_build win=  0.547ms avg=  0.606ms p95=  1.066ms max=  1.347ms calls(last=  1,win= 133,total=1780) (win 3.3% | avg 3.6% budget)
  enemy.torpedo.select_heading     win=  0.308ms avg=  0.003ms p95=  0.000ms max=  0.536ms calls(last=  0,win=   1,total=21) (win 1.8% | avg 0.0% budget)
  enemy.ai.movement                win=  0.116ms avg=  0.257ms p95=  0.446ms max=  1.441ms calls(last=  2,win= 266,total=6593) (win 0.7% | avg 1.5% budget)
  enemy.ai.decision                win=  0.062ms avg=  0.137ms p95=  0.224ms max=  0.594ms calls(last=  2,win= 266,total=6593) (win 0.4% | avg 0.8% budget)
  enemy.cheap.segment_build        win=  0.055ms avg=  0.034ms p95=  0.108ms max=  0.323ms calls(last=  0,win=  75,total=2353) (win 0.3% | avg 0.2% budget)
  system.physics_collision         win=  0.044ms avg=  0.049ms p95=  0.099ms max=  0.323ms calls(last=  1,win= 133,total=4453) (win 0.3% | avg 0.3% budget)
  system.spawner_update            win=  0.042ms avg=  0.046ms p95=  0.080ms max=  0.289ms calls(last=  1,win= 133,total=4453) (win 0.3% | avg 0.3% budget)
  enemy.physics.frontal_pair_traverse win=  0.036ms avg=  0.040ms p95=  0.065ms max=  0.325ms calls(last=  1,win= 133,total=1780) (win 0.2% | avg 0.2% budget)
  system.player_update             win=  0.029ms avg=  0.032ms p95=  0.054ms max=  0.177ms calls(last=  1,win= 133,total=4032) (win 0.2% | avg 0.2% budget)
[ENEMY_STATS] frame=4200 alive=72 visible=1 full=2 cheap=70 fullInBase=0 pairs(frontal=0 checks=0 separation=0 resolved=0)
[ENEMY_WINDOW] steps=133 alive[min=72 max=72] visible[min=0 max=1] full[min=2 max=2] collisionPasses[runs=133 skips=0]
[ENEMY_SEGMENTS] window=2.217s D{b/s=16.69 avgLen=5.38 fail=0} T{b/s=17.59 avgLen=5.77 fail=0} H{b/s=0.00 avgLen=0.00 fail=0} A{b/s=0.00 avgLen=0.00 fail=0}
[ENEMY_GRID] frontal{cand/s=120.0 xcell/s=0.9 ins/s=120.9} separation{cand/s=120.0}
[ENEMY_COLLISION_WINDOW] frontal{pairs/s=0.0 checks/s=0.0 baseSkip=0 kill=0(0.0%)} separation{pairs/s=0.0 resolved/s=0.0(0.0%) baseSkip=0 kill=0 wallBlock=0}
[ENEMY_NAV_CACHE] playerCell{changes=0 flowRebuilds=0} flow{hit=0 miss=0 hit%=0.0} pathFallback{calls=0 ok=0 ok%=0.0}
[ENEMY_SAP] updates=0 active=0 pairs=0 repairs{x=0 y=0}
[ENEMY_PAIR_TYPES] frontal DD=0 DT=0 DH=0 DA=0 TT=0 TH=0 TA=0 HH=0 HA=0 AA=0 separation DD=0 DT=0 DH=0 DA=0 TT=0 TH=0 TA=0 HH=0 HA=0 AA=0
[TORPEDO_HEADING] eval/s=0.45 retreat/s=0.00 pick[straight=0.0% left=0.0% right=100.0%] clear[best=15.00 chosen=15.00]

[PROFILE] frame=4320 budget=16.667ms alloc(+96/-96, +175264b/-175264b, live=132480b peak=390344b)
  frame.total                      win= 17.691ms avg= 17.691ms p95= 20.859ms max= 84.000ms calls(last=  1,win= 120,total=4320) (win 106.1% | avg 106.1% budget)
  frame.render                     win= 12.583ms avg= 12.583ms p95= 13.503ms max= 83.961ms calls(last=  1,win= 120,total=4320) (win 75.5% | avg 75.5% budget)
  frame.present                    win= 12.576ms avg= 12.576ms p95= 13.495ms max= 83.954ms calls(last=  1,win= 120,total=4320) (win 75.5% | avg 75.5% budget)
  frame.render.world               win=  5.244ms avg= 10.488ms p95= 11.131ms max= 16.088ms calls(last=  2,win= 240,total=8538) (win 31.5% | avg 62.9% budget)
  frame.fixed_step                 win=  4.750ms avg=  5.067ms p95=  7.901ms max= 14.466ms calls(last=  1,win= 128,total=4634) (win 28.5% | avg 30.4% budget)
  game.update                      win=  3.090ms avg=  3.296ms p95=  4.647ms max= 10.767ms calls(last=  1,win= 128,total=4581) (win 18.5% | avg 19.8% budget)
  frame.render.overlay             win=  3.057ms avg=  3.057ms p95=  3.786ms max=  7.506ms calls(last=  1,win= 120,total=4269) (win 18.3% | avg 18.3% budget)
  system.ai_update                 win=  2.922ms avg=  3.116ms p95=  4.475ms max= 10.483ms calls(last=  1,win= 128,total=4581) (win 17.5% | avg 18.7% budget)
  enemy.update                     win=  2.916ms avg=  3.110ms p95=  4.467ms max= 10.471ms calls(last=  1,win= 128,total=4581) (win 17.5% | avg 18.7% budget)
  frame.render.world.enemies       win=  1.134ms avg=  1.134ms p95=  1.234ms max=  2.635ms calls(last=  1,win= 120,total=4269) (win 6.8% | avg 6.8% budget)
  frame.render.world.maze          win=  1.073ms avg=  1.073ms p95=  1.174ms max=  2.654ms calls(last=  1,win= 120,total=4269) (win 6.4% | avg 6.4% budget)
  frame.render.world.effects       win=  0.976ms avg=  0.976ms p95=  1.165ms max=  2.739ms calls(last=  1,win= 120,total=4269) (win 5.9% | avg 5.9% budget)
  enemy.physics.frontal_collisions win=  0.894ms avg=  0.328ms p95=  0.945ms max=  2.312ms calls(last=  0,win=  44,total=1824) (win 5.4% | avg 2.0% budget)
  enemy.physics.frontal_grid_build win=  0.839ms avg=  0.308ms p95=  0.887ms max=  2.147ms calls(last=  0,win=  44,total=1824) (win 5.0% | avg 1.8% budget)
  enemy.physics.separation         win=  0.575ms avg=  0.211ms p95=  0.616ms max=  1.471ms calls(last=  0,win=  44,total=1824) (win 3.4% | avg 1.3% budget)
  enemy.physics.separation_grid_build win=  0.538ms avg=  0.197ms p95=  0.579ms max=  1.347ms calls(last=  0,win=  44,total=1824) (win 3.2% | avg 1.2% budget)
  enemy.ai.movement                win=  0.089ms avg=  0.128ms p95=  0.284ms max=  1.441ms calls(last=  1,win= 172,total=6765) (win 0.5% | avg 0.8% budget)
  system.physics_collision         win=  0.055ms avg=  0.059ms p95=  0.099ms max=  0.323ms calls(last=  1,win= 128,total=4581) (win 0.3% | avg 0.4% budget)
  enemy.cheap.segment_build        win=  0.052ms avg=  0.032ms p95=  0.106ms max=  0.323ms calls(last=  2,win=  74,total=2427) (win 0.3% | avg 0.2% budget)
  enemy.ai.decision                win=  0.046ms avg=  0.066ms p95=  0.127ms max=  0.594ms calls(last=  1,win= 172,total=6765) (win 0.3% | avg 0.4% budget)
  system.spawner_update            win=  0.041ms avg=  0.044ms p95=  0.079ms max=  0.289ms calls(last=  1,win= 128,total=4581) (win 0.2% | avg 0.3% budget)
  enemy.physics.frontal_pair_traverse win=  0.033ms avg=  0.012ms p95=  0.037ms max=  0.325ms calls(last=  0,win=  44,total=1824) (win 0.2% | avg 0.1% budget)
  frame.input_poll                 win=  0.028ms avg=  0.028ms p95=  0.029ms max=  0.123ms calls(last=  1,win= 120,total=4320) (win 0.2% | avg 0.2% budget)
  system.player_update             win=  0.026ms avg=  0.028ms p95=  0.046ms max=  0.177ms calls(last=  1,win= 128,total=4160) (win 0.2% | avg 0.2% budget)
[ENEMY_STATS] frame=4320 alive=72 visible=0 full=1 cheap=71 fullInBase=0 pairs(frontal=0 checks=0 separation=0 resolved=0)
[ENEMY_WINDOW] steps=128 alive[min=72 max=72] visible[min=0 max=1] full[min=1 max=2] collisionPasses[runs=43 skips=85]
[ENEMY_SEGMENTS] window=2.133s D{b/s=13.59 avgLen=5.05 fail=0} T{b/s=19.69 avgLen=6.77 fail=2} H{b/s=0.00 avgLen=0.00 fail=0} A{b/s=0.00 avgLen=0.00 fail=0}
[ENEMY_GRID] frontal{cand/s=40.3 xcell/s=0.5 ins/s=40.8} separation{cand/s=40.3}
[ENEMY_COLLISION_WINDOW] frontal{pairs/s=0.0 checks/s=0.0 baseSkip=0 kill=0(0.0%)} separation{pairs/s=0.0 resolved/s=0.0(0.0%) baseSkip=0 kill=0 wallBlock=0}
[ENEMY_NAV_CACHE] playerCell{changes=0 flowRebuilds=0} flow{hit=0 miss=0 hit%=0.0} pathFallback{calls=0 ok=0 ok%=0.0}
[ENEMY_SAP] updates=0 active=0 pairs=0 repairs{x=0 y=0}
[ENEMY_PAIR_TYPES] frontal DD=0 DT=0 DH=0 DA=0 TT=0 TH=0 TA=0 HH=0 HA=0 AA=0 separation DD=0 DT=0 DH=0 DA=0 TT=0 TH=0 TA=0 HH=0 HA=0 AA=0

[PROFILE] frame=4440 budget=16.667ms alloc(+95/-95, +175208b/-175208b, live=132480b peak=390344b)
  frame.total                      win= 17.041ms avg= 17.041ms p95= 17.735ms max= 84.000ms calls(last=  1,win= 120,total=4440) (win 102.2% | avg 102.2% budget)
  frame.render                     win= 12.869ms avg= 12.869ms p95= 13.578ms max= 83.961ms calls(last=  1,win= 120,total=4440) (win 77.2% | avg 77.2% budget)
  frame.present                    win= 12.861ms avg= 12.861ms p95= 13.571ms max= 83.954ms calls(last=  1,win= 120,total=4440) (win 77.2% | avg 77.2% budget)
  frame.render.world               win=  4.879ms avg=  9.758ms p95= 10.485ms max= 16.088ms calls(last=  2,win= 240,total=8778) (win 29.3% | avg 58.5% budget)
  frame.fixed_step                 win=  3.998ms avg=  4.132ms p95=  4.205ms max= 14.466ms calls(last=  1,win= 124,total=4758) (win 24.0% | avg 24.8% budget)
  frame.render.overlay             win=  3.078ms avg=  3.078ms p95=  3.737ms max=  7.506ms calls(last=  1,win= 120,total=4389) (win 18.5% | avg 18.5% budget)
  game.update                      win=  2.327ms avg=  2.404ms p95=  2.557ms max= 10.767ms calls(last=  1,win= 124,total=4705) (win 14.0% | avg 14.4% budget)
  system.ai_update                 win=  2.173ms avg=  2.245ms p95=  2.387ms max= 10.483ms calls(last=  1,win= 124,total=4705) (win 13.0% | avg 13.5% budget)
  enemy.update                     win=  2.167ms avg=  2.239ms p95=  2.382ms max= 10.471ms calls(last=  1,win= 124,total=4705) (win 13.0% | avg 13.4% budget)
  frame.render.world.enemies       win=  1.109ms avg=  1.109ms p95=  1.181ms max=  2.635ms calls(last=  1,win= 120,total=4389) (win 6.7% | avg 6.7% budget)
  frame.render.world.maze          win=  0.991ms avg=  0.991ms p95=  1.078ms max=  2.654ms calls(last=  1,win= 120,total=4389) (win 5.9% | avg 5.9% budget)
  frame.render.world.effects       win=  0.723ms avg=  0.723ms p95=  1.066ms max=  2.739ms calls(last=  1,win= 120,total=4389) (win 4.3% | avg 4.3% budget)
  enemy.cheap.segment_build        win=  0.059ms avg=  0.038ms p95=  0.108ms max=  0.323ms calls(last=  2,win=  77,total=2504) (win 0.4% | avg 0.2% budget)
  system.physics_collision         win=  0.042ms avg=  0.043ms p95=  0.059ms max=  0.323ms calls(last=  1,win= 124,total=4705) (win 0.2% | avg 0.3% budget)
  system.spawner_update            win=  0.041ms avg=  0.042ms p95=  0.073ms max=  0.289ms calls(last=  1,win= 124,total=4705) (win 0.2% | avg 0.3% budget)
  enemy.ai.decision                win=  0.039ms avg=  0.026ms p95=  0.044ms max=  0.594ms calls(last=  0,win=  80,total=6845) (win 0.2% | avg 0.2% budget)
  enemy.ai.movement                win=  0.035ms avg=  0.023ms p95=  0.036ms max=  1.441ms calls(last=  0,win=  80,total=6845) (win 0.2% | avg 0.1% budget)
  system.player_update             win=  0.027ms avg=  0.028ms p95=  0.040ms max=  0.177ms calls(last=  1,win= 124,total=4284) (win 0.2% | avg 0.2% budget)
  frame.input_poll                 win=  0.027ms avg=  0.027ms p95=  0.028ms max=  0.123ms calls(last=  1,win= 120,total=4440) (win 0.2% | avg 0.2% budget)
  enemy.ai.perception              win=  0.005ms avg=  0.004ms p95=  0.006ms max=  0.102ms calls(last=  0,win=  80,total=6845) (win 0.0% | avg 0.0% budget)
  enemy.type.drone                 win=  0.005ms avg=  0.228ms p95=  0.329ms max=  2.064ms calls(last= 44,win=5456,total=187178) (win 0.0% | avg 1.4% budget)
  system.projectile_update         win=  0.005ms avg=  0.005ms p95=  0.007ms max=  0.095ms calls(last=  1,win= 124,total=4705) (win 0.0% | avg 0.0% budget)
  enemy.type.torpedo               win=  0.005ms avg=  0.133ms p95=  0.199ms max=  1.309ms calls(last= 28,win=3472,total=115004) (win 0.0% | avg 0.8% budget)
  enemy.ai.firing                  win=  0.004ms avg=  0.003ms p95=  0.005ms max=  0.099ms calls(last=  0,win=  80,total=6845) (win 0.0% | avg 0.0% budget)
[ENEMY_STATS] frame=4440 alive=72 visible=0 full=0 cheap=72 fullInBase=0 pairs(frontal=0 checks=0 separation=0 resolved=0)
[ENEMY_WINDOW] steps=124 alive[min=72 max=72] visible[min=0 max=0] full[min=0 max=1] collisionPasses[runs=0 skips=124]
[ENEMY_SEGMENTS] window=2.067s D{b/s=20.81 avgLen=4.69 fail=0} T{b/s=16.94 avgLen=5.39 fail=0} H{b/s=0.00 avgLen=0.00 fail=0} A{b/s=0.00 avgLen=0.00 fail=0}
[ENEMY_GRID] frontal{cand/s=0.0 xcell/s=0.0 ins/s=0.0} separation{cand/s=0.0}
[ENEMY_COLLISION_WINDOW] frontal{pairs/s=0.0 checks/s=0.0 baseSkip=0 kill=0(0.0%)} separation{pairs/s=0.0 resolved/s=0.0(0.0%) baseSkip=0 kill=0 wallBlock=0}
[ENEMY_NAV_CACHE] playerCell{changes=0 flowRebuilds=0} flow{hit=0 miss=0 hit%=0.0} pathFallback{calls=0 ok=0 ok%=0.0}
[ENEMY_SAP] updates=0 active=0 pairs=0 repairs{x=0 y=0}
[ENEMY_PAIR_TYPES] frontal DD=0 DT=0 DH=0 DA=0 TT=0 TH=0 TA=0 HH=0 HA=0 AA=0 separation DD=0 DT=0 DH=0 DA=0 TT=0 TH=0 TA=0 HH=0 HA=0 AA=0

[PROFILE] frame=4560 budget=16.667ms alloc(+95/-95, +175208b/-175208b, live=132480b peak=390344b)
  frame.total                      win= 16.978ms avg= 16.978ms p95= 17.552ms max= 84.000ms calls(last=  1,win= 120,total=4560) (win 101.9% | avg 101.9% budget)
  frame.render                     win= 12.955ms avg= 12.955ms p95= 13.671ms max= 83.961ms calls(last=  1,win= 120,total=4560) (win 77.7% | avg 77.7% budget)
  frame.present                    win= 12.947ms avg= 12.947ms p95= 13.664ms max= 83.954ms calls(last=  1,win= 120,total=4560) (win 77.7% | avg 77.7% budget)
  frame.render.world               win=  4.607ms avg=  9.214ms p95=  9.705ms max= 16.088ms calls(last=  2,win= 240,total=9018) (win 27.6% | avg 55.3% budget)
  frame.fixed_step                 win=  3.887ms avg=  3.984ms p95=  4.145ms max= 14.466ms calls(last=  1,win= 123,total=4881) (win 23.3% | avg 23.9% budget)
  frame.render.overlay             win=  3.033ms avg=  3.033ms p95=  3.674ms max=  7.506ms calls(last=  1,win= 120,total=4509) (win 18.2% | avg 18.2% budget)
  game.update                      win=  2.236ms avg=  2.292ms p95=  2.445ms max= 10.767ms calls(last=  1,win= 123,total=4828) (win 13.4% | avg 13.8% budget)
  system.ai_update                 win=  2.101ms avg=  2.153ms p95=  2.315ms max= 10.483ms calls(last=  1,win= 123,total=4828) (win 12.6% | avg 12.9% budget)
  enemy.update                     win=  2.094ms avg=  2.146ms p95=  2.308ms max= 10.471ms calls(last=  1,win= 123,total=4828) (win 12.6% | avg 12.9% budget)
  frame.render.world.enemies       win=  1.132ms avg=  1.132ms p95=  1.348ms max=  2.635ms calls(last=  1,win= 120,total=4509) (win 6.8% | avg 6.8% budget)
  frame.render.world.maze          win=  0.960ms avg=  0.960ms p95=  1.066ms max=  2.654ms calls(last=  1,win= 120,total=4509) (win 5.8% | avg 5.8% budget)
  frame.render.world.effects       win=  0.403ms avg=  0.403ms p95=  0.512ms max=  2.739ms calls(last=  1,win= 120,total=4509) (win 2.4% | avg 2.4% budget)
  enemy.cheap.segment_build        win=  0.060ms avg=  0.036ms p95=  0.107ms max=  0.323ms calls(last=  2,win=  73,total=2577) (win 0.4% | avg 0.2% budget)
  enemy.ai.decision                win=  0.045ms avg=  0.009ms p95=  0.045ms max=  0.594ms calls(last=  0,win=  23,total=6868) (win 0.3% | avg 0.1% budget)
  enemy.ai.movement                win=  0.042ms avg=  0.008ms p95=  0.035ms max=  1.441ms calls(last=  0,win=  23,total=6868) (win 0.3% | avg 0.0% budget)
  system.spawner_update            win=  0.039ms avg=  0.040ms p95=  0.043ms max=  0.289ms calls(last=  1,win= 123,total=4828) (win 0.2% | avg 0.2% budget)
  system.physics_collision         win=  0.028ms avg=  0.028ms p95=  0.038ms max=  0.323ms calls(last=  1,win= 123,total=4828) (win 0.2% | avg 0.2% budget)
  frame.input_poll                 win=  0.028ms avg=  0.028ms p95=  0.029ms max=  0.123ms calls(last=  1,win= 120,total=4560) (win 0.2% | avg 0.2% budget)
  system.player_update             win=  0.027ms avg=  0.028ms p95=  0.032ms max=  0.177ms calls(last=  1,win= 123,total=4407) (win 0.2% | avg 0.2% budget)
  enemy.ai.perception              win=  0.006ms avg=  0.001ms p95=  0.006ms max=  0.102ms calls(last=  0,win=  23,total=6868) (win 0.0% | avg 0.0% budget)
  enemy.type.torpedo               win=  0.005ms avg=  0.134ms p95=  0.215ms max=  1.309ms calls(last= 28,win=3444,total=118448) (win 0.0% | avg 0.8% budget)
  enemy.ai.firing                  win=  0.005ms avg=  0.001ms p95=  0.005ms max=  0.099ms calls(last=  0,win=  23,total=6868) (win 0.0% | avg 0.0% budget)
  enemy.type.drone                 win=  0.004ms avg=  0.175ms p95=  0.285ms max=  2.064ms calls(last= 44,win=5412,total=192590) (win 0.0% | avg 1.0% budget)
  system.projectile_update         win=  0.003ms avg=  0.003ms p95=  0.004ms max=  0.095ms calls(last=  1,win= 123,total=4828) (win 0.0% | avg 0.0% budget)
[ENEMY_STATS] frame=4560 alive=72 visible=0 full=0 cheap=72 fullInBase=0 pairs(frontal=0 checks=0 separation=0 resolved=0)
[ENEMY_WINDOW] steps=123 alive[min=72 max=72] visible[min=0 max=0] full[min=0 max=1] collisionPasses[runs=0 skips=123]
[ENEMY_SEGMENTS] window=2.050s D{b/s=15.61 avgLen=4.67 fail=0} T{b/s=19.51 avgLen=6.60 fail=0} H{b/s=0.00 avgLen=0.00 fail=0} A{b/s=0.00 avgLen=0.00 fail=0}
[ENEMY_GRID] frontal{cand/s=0.0 xcell/s=0.0 ins/s=0.0} separation{cand/s=0.0}
[ENEMY_COLLISION_WINDOW] frontal{pairs/s=0.0 checks/s=0.0 baseSkip=0 kill=0(0.0%)} separation{pairs/s=0.0 resolved/s=0.0(0.0%) baseSkip=0 kill=0 wallBlock=0}
[ENEMY_NAV_CACHE] playerCell{changes=0 flowRebuilds=0} flow{hit=0 miss=0 hit%=0.0} pathFallback{calls=0 ok=0 ok%=0.0}
[ENEMY_SAP] updates=0 active=0 pairs=0 repairs{x=0 y=0}
[ENEMY_PAIR_TYPES] frontal DD=0 DT=0 DH=0 DA=0 TT=0 TH=0 TA=0 HH=0 HA=0 AA=0 separation DD=0 DT=0 DH=0 DA=0 TT=0 TH=0 TA=0 HH=0 HA=0 AA=0

[PROFILE] frame=4680 budget=16.667ms alloc(+96/-96, +175392b/-175392b, live=132624b peak=390344b)
  frame.total                      win= 16.989ms avg= 16.989ms p95= 17.478ms max= 84.000ms calls(last=  1,win= 120,total=4680) (win 101.9% | avg 101.9% budget)
  frame.render                     win= 12.845ms avg= 12.845ms p95= 13.421ms max= 83.961ms calls(last=  1,win= 120,total=4680) (win 77.1% | avg 77.1% budget)
  frame.present                    win= 12.837ms avg= 12.837ms p95= 13.414ms max= 83.954ms calls(last=  1,win= 120,total=4680) (win 77.0% | avg 77.0% budget)
  frame.render.world               win=  5.095ms avg= 10.191ms p95= 10.818ms max= 16.088ms calls(last=  2,win= 240,total=9258) (win 30.6% | avg 61.1% budget)
  frame.fixed_step                 win=  4.002ms avg=  4.102ms p95=  4.288ms max= 14.466ms calls(last=  1,win= 123,total=5004) (win 24.0% | avg 24.6% budget)
  frame.render.overlay             win=  3.021ms avg=  3.021ms p95=  3.659ms max=  7.506ms calls(last=  1,win= 120,total=4629) (win 18.1% | avg 18.1% budget)
  game.update                      win=  2.328ms avg=  2.386ms p95=  2.506ms max= 10.767ms calls(last=  1,win= 123,total=4951) (win 14.0% | avg 14.3% budget)
  system.ai_update                 win=  2.159ms avg=  2.213ms p95=  2.331ms max= 10.483ms calls(last=  1,win= 123,total=4951) (win 13.0% | avg 13.3% budget)
  enemy.update                     win=  2.152ms avg=  2.206ms p95=  2.325ms max= 10.471ms calls(last=  1,win= 123,total=4951) (win 12.9% | avg 13.2% budget)
  frame.render.world.enemies       win=  1.122ms avg=  1.122ms p95=  1.256ms max=  2.635ms calls(last=  1,win= 120,total=4629) (win 6.7% | avg 6.7% budget)
  frame.render.world.effects       win=  1.016ms avg=  1.016ms p95=  1.355ms max=  2.739ms calls(last=  1,win= 120,total=4629) (win 6.1% | avg 6.1% budget)
  frame.render.world.maze          win=  0.924ms avg=  0.924ms p95=  1.052ms max=  2.654ms calls(last=  1,win= 120,total=4629) (win 5.5% | avg 5.5% budget)
  enemy.ai.movement                win=  0.120ms avg=  0.049ms p95=  0.120ms max=  1.441ms calls(last=  1,win=  49,total=6917) (win 0.7% | avg 0.3% budget)
  enemy.cheap.segment_build        win=  0.063ms avg=  0.038ms p95=  0.103ms max=  0.323ms calls(last=  2,win=  72,total=2649) (win 0.4% | avg 0.2% budget)
  system.physics_collision         win=  0.058ms avg=  0.059ms p95=  0.085ms max=  0.323ms calls(last=  1,win= 123,total=4951) (win 0.3% | avg 0.4% budget)
  system.spawner_update            win=  0.040ms avg=  0.041ms p95=  0.041ms max=  0.289ms calls(last=  1,win= 123,total=4951) (win 0.2% | avg 0.2% budget)
  enemy.ai.decision                win=  0.036ms avg=  0.015ms p95=  0.039ms max=  0.594ms calls(last=  1,win=  49,total=6917) (win 0.2% | avg 0.1% budget)
  frame.input_poll                 win=  0.030ms avg=  0.030ms p95=  0.030ms max=  0.249ms calls(last=  1,win= 120,total=4680) (win 0.2% | avg 0.2% budget)
  system.player_update             win=  0.026ms avg=  0.027ms p95=  0.033ms max=  0.177ms calls(last=  1,win= 123,total=4530) (win 0.2% | avg 0.2% budget)
  system.projectile_update         win=  0.006ms avg=  0.006ms p95=  0.007ms max=  0.095ms calls(last=  1,win= 123,total=4951) (win 0.0% | avg 0.0% budget)
  enemy.ai.perception              win=  0.005ms avg=  0.002ms p95=  0.006ms max=  0.102ms calls(last=  1,win=  49,total=6917) (win 0.0% | avg 0.0% budget)
  enemy.type.drone                 win=  0.005ms avg=  0.232ms p95=  0.380ms max=  2.064ms calls(last= 44,win=5412,total=198002) (win 0.0% | avg 1.4% budget)
  enemy.type.torpedo               win=  0.005ms avg=  0.134ms p95=  0.216ms max=  1.309ms calls(last= 28,win=3444,total=121892) (win 0.0% | avg 0.8% budget)
  enemy.ai.firing                  win=  0.004ms avg=  0.001ms p95=  0.004ms max=  0.099ms calls(last=  1,win=  49,total=6917) (win 0.0% | avg 0.0% budget)
[ENEMY_STATS] frame=4680 alive=72 visible=0 full=1 cheap=71 fullInBase=0 pairs(frontal=0 checks=0 separation=0 resolved=0)
[ENEMY_WINDOW] steps=123 alive[min=72 max=72] visible[min=0 max=0] full[min=0 max=1] collisionPasses[runs=0 skips=123]
[ENEMY_SEGMENTS] window=2.050s D{b/s=19.02 avgLen=5.19 fail=0} T{b/s=16.10 avgLen=6.82 fail=0} H{b/s=0.00 avgLen=0.00 fail=0} A{b/s=0.00 avgLen=0.00 fail=0}
[ENEMY_GRID] frontal{cand/s=0.0 xcell/s=0.0 ins/s=0.0} separation{cand/s=0.0}
[ENEMY_COLLISION_WINDOW] frontal{pairs/s=0.0 checks/s=0.0 baseSkip=0 kill=0(0.0%)} separation{pairs/s=0.0 resolved/s=0.0(0.0%) baseSkip=0 kill=0 wallBlock=0}
[ENEMY_NAV_CACHE] playerCell{changes=0 flowRebuilds=0} flow{hit=0 miss=0 hit%=0.0} pathFallback{calls=0 ok=0 ok%=0.0}
[ENEMY_SAP] updates=0 active=0 pairs=0 repairs{x=0 y=0}
[ENEMY_PAIR_TYPES] frontal DD=0 DT=0 DH=0 DA=0 TT=0 TH=0 TA=0 HH=0 HA=0 AA=0 separation DD=0 DT=0 DH=0 DA=0 TT=0 TH=0 TA=0 HH=0 HA=0 AA=0

[PROFILE] frame=4800 budget=16.667ms alloc(+103/-103, +263048b/-263048b, live=132624b peak=390416b)
  frame.total                      win= 17.355ms avg= 17.355ms p95= 18.995ms max= 84.000ms calls(last=  1,win= 120,total=4800) (win 104.1% | avg 104.1% budget)
  frame.render                     win= 12.570ms avg= 12.570ms p95= 13.351ms max= 83.961ms calls(last=  1,win= 120,total=4800) (win 75.4% | avg 75.4% budget)
  frame.present                    win= 12.563ms avg= 12.563ms p95= 13.344ms max= 83.954ms calls(last=  1,win= 120,total=4800) (win 75.4% | avg 75.4% budget)
  frame.render.world               win=  5.257ms avg= 10.513ms p95= 11.186ms max= 16.088ms calls(last=  2,win= 240,total=9498) (win 31.5% | avg 63.1% budget)
  frame.fixed_step                 win=  4.555ms avg=  4.745ms p95=  6.302ms max= 14.466ms calls(last=  1,win= 125,total=5129) (win 27.3% | avg 28.5% budget)
  frame.render.overlay             win=  3.039ms avg=  3.039ms p95=  3.728ms max=  7.506ms calls(last=  1,win= 120,total=4749) (win 18.2% | avg 18.2% budget)
  game.update                      win=  2.875ms avg=  2.995ms p95=  4.615ms max= 10.767ms calls(last=  1,win= 125,total=5076) (win 17.3% | avg 18.0% budget)
  system.ai_update                 win=  2.678ms avg=  2.790ms p95=  4.401ms max= 10.483ms calls(last=  1,win= 125,total=5076) (win 16.1% | avg 16.7% budget)
  enemy.update                     win=  2.671ms avg=  2.783ms p95=  4.388ms max= 10.471ms calls(last=  1,win= 125,total=5076) (win 16.0% | avg 16.7% budget)
  frame.render.world.effects       win=  1.249ms avg=  1.249ms p95=  1.533ms max=  2.739ms calls(last=  1,win= 120,total=4749) (win 7.5% | avg 7.5% budget)
  frame.render.world.enemies       win=  1.111ms avg=  1.111ms p95=  1.189ms max=  2.635ms calls(last=  1,win= 120,total=4749) (win 6.7% | avg 6.7% budget)
  enemy.physics.frontal_collisions win=  0.917ms avg=  0.206ms p95=  0.938ms max=  2.312ms calls(last=  1,win=  27,total=1851) (win 5.5% | avg 1.2% budget)
  frame.render.world.maze          win=  0.868ms avg=  0.868ms p95=  0.941ms max=  2.654ms calls(last=  1,win= 120,total=4749) (win 5.2% | avg 5.2% budget)
  enemy.physics.frontal_grid_build win=  0.851ms avg=  0.192ms p95=  0.871ms max=  2.147ms calls(last=  1,win=  27,total=1851) (win 5.1% | avg 1.1% budget)
  enemy.physics.separation         win=  0.599ms avg=  0.135ms p95=  0.609ms max=  1.471ms calls(last=  1,win=  27,total=1851) (win 3.6% | avg 0.8% budget)
  enemy.physics.separation_grid_build win=  0.560ms avg=  0.126ms p95=  0.571ms max=  1.347ms calls(last=  1,win=  27,total=1851) (win 3.4% | avg 0.8% budget)
  enemy.ai.movement                win=  0.085ms avg=  0.108ms p95=  0.175ms max=  1.441ms calls(last=  2,win= 152,total=7069) (win 0.5% | avg 0.6% budget)
  system.physics_collision         win=  0.085ms avg=  0.088ms p95=  0.148ms max=  0.323ms calls(last=  1,win= 125,total=5076) (win 0.5% | avg 0.5% budget)
  enemy.cheap.segment_build        win=  0.047ms avg=  0.025ms p95=  0.083ms max=  0.323ms calls(last=  0,win=  65,total=2714) (win 0.3% | avg 0.2% budget)
  enemy.physics.frontal_pair_traverse win=  0.043ms avg=  0.010ms p95=  0.044ms max=  0.325ms calls(last=  1,win=  27,total=1851) (win 0.3% | avg 0.1% budget)
  system.spawner_update            win=  0.039ms avg=  0.041ms p95=  0.053ms max=  0.289ms calls(last=  1,win= 125,total=5076) (win 0.2% | avg 0.2% budget)
  enemy.ai.decision                win=  0.034ms avg=  0.044ms p95=  0.059ms max=  0.594ms calls(last=  2,win= 152,total=7069) (win 0.2% | avg 0.3% budget)
  frame.input_poll                 win=  0.027ms avg=  0.027ms p95=  0.029ms max=  0.249ms calls(last=  1,win= 120,total=4800) (win 0.2% | avg 0.2% budget)
  system.player_update             win=  0.026ms avg=  0.027ms p95=  0.040ms max=  0.177ms calls(last=  1,win= 125,total=4655) (win 0.2% | avg 0.2% budget)
[ENEMY_STATS] frame=4800 alive=72 visible=0 full=2 cheap=70 fullInBase=0 pairs(frontal=0 checks=0 separation=0 resolved=0)
[ENEMY_WINDOW] steps=125 alive[min=72 max=72] visible[min=0 max=0] full[min=1 max=2] collisionPasses[runs=28 skips=97]
[ENEMY_SEGMENTS] window=2.083s D{b/s=12.96 avgLen=5.62 fail=0} T{b/s=18.24 avgLen=6.24 fail=0} H{b/s=0.00 avgLen=0.00 fail=0} A{b/s=0.00 avgLen=0.00 fail=0}
[ENEMY_GRID] frontal{cand/s=26.9 xcell/s=0.0 ins/s=26.9} separation{cand/s=26.9}
[ENEMY_COLLISION_WINDOW] frontal{pairs/s=0.0 checks/s=0.0 baseSkip=0 kill=0(0.0%)} separation{pairs/s=0.0 resolved/s=0.0(0.0%) baseSkip=0 kill=0 wallBlock=0}
[ENEMY_NAV_CACHE] playerCell{changes=0 flowRebuilds=0} flow{hit=0 miss=0 hit%=0.0} pathFallback{calls=0 ok=0 ok%=0.0}
[ENEMY_SAP] updates=0 active=0 pairs=0 repairs{x=0 y=0}
[ENEMY_PAIR_TYPES] frontal DD=0 DT=0 DH=0 DA=0 TT=0 TH=0 TA=0 HH=0 HA=0 AA=0 separation DD=0 DT=0 DH=0 DA=0 TT=0 TH=0 TA=0 HH=0 HA=0 AA=0

[PROFILE] frame=4920 budget=16.667ms alloc(+201/-201, +522760b/-522760b, live=132624b peak=390448b)
  frame.total                      win= 18.274ms avg= 18.274ms p95= 23.555ms max= 84.000ms calls(last=  1,win= 120,total=4920) (win 109.6% | avg 109.6% budget)
  frame.render                     win= 11.543ms avg= 11.543ms p95= 12.382ms max= 83.961ms calls(last=  1,win= 120,total=4920) (win 69.3% | avg 69.3% budget)
  frame.present                    win= 11.536ms avg= 11.536ms p95= 12.375ms max= 83.954ms calls(last=  1,win= 120,total=4920) (win 69.2% | avg 69.2% budget)
  frame.fixed_step                 win=  6.036ms avg=  6.689ms p95= 11.909ms max= 14.466ms calls(last=  2,win= 133,total=5262) (win 36.2% | avg 40.1% budget)
  frame.render.world               win=  4.662ms avg=  9.323ms p95= 10.057ms max= 16.088ms calls(last=  2,win= 240,total=9738) (win 28.0% | avg 55.9% budget)
  game.update                      win=  4.363ms avg=  4.836ms p95=  8.634ms max= 10.767ms calls(last=  2,win= 133,total=5209) (win 26.2% | avg 29.0% budget)
  system.ai_update                 win=  4.204ms avg=  4.660ms p95=  8.345ms max= 10.483ms calls(last=  2,win= 133,total=5209) (win 25.2% | avg 28.0% budget)
  enemy.update                     win=  4.198ms avg=  4.653ms p95=  8.333ms max= 10.471ms calls(last=  2,win= 133,total=5209) (win 25.2% | avg 27.9% budget)
  frame.render.overlay             win=  3.055ms avg=  3.055ms p95=  3.802ms max=  7.506ms calls(last=  1,win= 120,total=4869) (win 18.3% | avg 18.3% budget)
  frame.render.world.enemies       win=  1.135ms avg=  1.135ms p95=  1.231ms max=  2.635ms calls(last=  1,win= 120,total=4869) (win 6.8% | avg 6.8% budget)
  enemy.physics.frontal_collisions win=  0.915ms avg=  1.014ms p95=  1.774ms max=  2.312ms calls(last=  2,win= 133,total=1984) (win 5.5% | avg 6.1% budget)
  enemy.physics.frontal_grid_build win=  0.849ms avg=  0.941ms p95=  1.648ms max=  2.147ms calls(last=  2,win= 133,total=1984) (win 5.1% | avg 5.6% budget)
  frame.render.world.maze          win=  0.808ms avg=  0.808ms p95=  0.950ms max=  2.654ms calls(last=  1,win= 120,total=4869) (win 4.9% | avg 4.9% budget)
  frame.render.world.effects       win=  0.632ms avg=  0.632ms p95=  1.035ms max=  2.739ms calls(last=  1,win= 120,total=4869) (win 3.8% | avg 3.8% budget)
  enemy.physics.separation         win=  0.581ms avg=  0.644ms p95=  1.143ms max=  1.471ms calls(last=  2,win= 133,total=1984) (win 3.5% | avg 3.9% budget)
  enemy.physics.separation_grid_build win=  0.543ms avg=  0.602ms p95=  1.065ms max=  1.347ms calls(last=  2,win= 133,total=1984) (win 3.3% | avg 3.6% budget)
  enemy.ai.movement                win=  0.075ms avg=  0.168ms p95=  0.289ms max=  1.441ms calls(last=  6,win= 268,total=7337) (win 0.5% | avg 1.0% budget)
  enemy.cheap.segment_build        win=  0.048ms avg=  0.029ms p95=  0.097ms max=  0.323ms calls(last=  1,win=  73,total=2787) (win 0.3% | avg 0.2% budget)
  system.physics_collision         win=  0.043ms avg=  0.047ms p95=  0.099ms max=  0.323ms calls(last=  2,win= 133,total=5209) (win 0.3% | avg 0.3% budget)
  enemy.physics.frontal_pair_traverse win=  0.042ms avg=  0.047ms p95=  0.080ms max=  0.325ms calls(last=  2,win= 133,total=1984) (win 0.3% | avg 0.3% budget)
  system.spawner_update            win=  0.042ms avg=  0.046ms p95=  0.081ms max=  0.289ms calls(last=  2,win= 133,total=5209) (win 0.3% | avg 0.3% budget)
  system.player_update             win=  0.029ms avg=  0.032ms p95=  0.056ms max=  0.177ms calls(last=  2,win= 133,total=4788) (win 0.2% | avg 0.2% budget)
  enemy.ai.decision                win=  0.028ms avg=  0.062ms p95=  0.110ms max=  0.594ms calls(last=  6,win= 268,total=7337) (win 0.2% | avg 0.4% budget)
  frame.input_poll                 win=  0.028ms avg=  0.028ms p95=  0.029ms max=  0.249ms calls(last=  1,win= 120,total=4920) (win 0.2% | avg 0.2% budget)
[ENEMY_STATS] frame=4920 alive=72 visible=0 full=3 cheap=69 fullInBase=0 pairs(frontal=0 checks=0 separation=0 resolved=0)
[ENEMY_WINDOW] steps=133 alive[min=72 max=72] visible[min=0 max=1] full[min=2 max=3] collisionPasses[runs=133 skips=0]
[ENEMY_SEGMENTS] window=2.217s D{b/s=13.53 avgLen=4.92 fail=0} T{b/s=19.40 avgLen=6.36 fail=0} H{b/s=0.00 avgLen=0.00 fail=0} A{b/s=0.00 avgLen=0.00 fail=0}
[ENEMY_GRID] frontal{cand/s=121.4 xcell/s=0.5 ins/s=121.8} separation{cand/s=121.4}
[ENEMY_COLLISION_WINDOW] frontal{pairs/s=0.0 checks/s=0.0 baseSkip=0 kill=0(0.0%)} separation{pairs/s=0.0 resolved/s=0.0(0.0%) baseSkip=0 kill=0 wallBlock=0}
[ENEMY_NAV_CACHE] playerCell{changes=0 flowRebuilds=0} flow{hit=0 miss=0 hit%=0.0} pathFallback{calls=0 ok=0 ok%=0.0}
[ENEMY_SAP] updates=0 active=0 pairs=0 repairs{x=0 y=0}
[ENEMY_PAIR_TYPES] frontal DD=0 DT=0 DH=0 DA=0 TT=0 TH=0 TA=0 HH=0 HA=0 AA=0 separation DD=0 DT=0 DH=0 DA=0 TT=0 TH=0 TA=0 HH=0 HA=0 AA=0

[PROFILE] frame=5040 budget=16.667ms alloc(+103/-103, +263224b/-263224b, live=132624b peak=390512b)
  frame.total                      win= 18.886ms avg= 18.886ms p95= 23.969ms max= 84.000ms calls(last=  1,win= 120,total=5040) (win 113.3% | avg 113.3% budget)
  frame.render                     win= 11.879ms avg= 11.879ms p95= 12.824ms max= 83.961ms calls(last=  1,win= 120,total=5040) (win 71.3% | avg 71.3% budget)
  frame.present                    win= 11.871ms avg= 11.871ms p95= 12.817ms max= 83.954ms calls(last=  1,win= 120,total=5040) (win 71.2% | avg 71.2% budget)
  frame.fixed_step                 win=  6.147ms avg=  6.967ms p95= 12.092ms max= 14.466ms calls(last=  1,win= 136,total=5398) (win 36.9% | avg 41.8% budget)
  frame.render.world               win=  5.068ms avg= 10.137ms p95= 11.058ms max= 16.088ms calls(last=  2,win= 240,total=9978) (win 30.4% | avg 60.8% budget)
  game.update                      win=  4.476ms avg=  5.072ms p95=  8.825ms max= 10.767ms calls(last=  1,win= 136,total=5345) (win 26.9% | avg 30.4% budget)
  system.ai_update                 win=  4.295ms avg=  4.868ms p95=  8.467ms max= 10.483ms calls(last=  1,win= 136,total=5345) (win 25.8% | avg 29.2% budget)
  enemy.update                     win=  4.289ms avg=  4.861ms p95=  8.453ms max= 10.471ms calls(last=  1,win= 136,total=5345) (win 25.7% | avg 29.2% budget)
  frame.render.overlay             win=  3.075ms avg=  3.075ms p95=  3.827ms max=  7.506ms calls(last=  1,win= 120,total=4989) (win 18.5% | avg 18.5% budget)
  frame.render.world.enemies       win=  1.166ms avg=  1.166ms p95=  1.258ms max=  2.635ms calls(last=  1,win= 120,total=4989) (win 7.0% | avg 7.0% budget)
  frame.render.world.effects       win=  0.928ms avg=  0.928ms p95=  1.279ms max=  2.739ms calls(last=  1,win= 120,total=4989) (win 5.6% | avg 5.6% budget)
  enemy.physics.frontal_collisions win=  0.918ms avg=  1.041ms p95=  1.806ms max=  2.312ms calls(last=  1,win= 136,total=2120) (win 5.5% | avg 6.2% budget)
  frame.render.world.maze          win=  0.909ms avg=  0.909ms p95=  1.100ms max=  2.654ms calls(last=  1,win= 120,total=4989) (win 5.5% | avg 5.5% budget)
  enemy.physics.frontal_grid_build win=  0.850ms avg=  0.963ms p95=  1.661ms max=  2.147ms calls(last=  1,win= 136,total=2120) (win 5.1% | avg 5.8% budget)
  enemy.physics.separation         win=  0.588ms avg=  0.667ms p95=  1.201ms max=  1.471ms calls(last=  1,win= 136,total=2120) (win 3.5% | avg 4.0% budget)
  enemy.physics.separation_grid_build win=  0.549ms avg=  0.622ms p95=  1.124ms max=  1.347ms calls(last=  1,win= 136,total=2120) (win 3.3% | avg 3.7% budget)
  enemy.ai.movement                win=  0.104ms avg=  0.264ms p95=  0.437ms max=  1.441ms calls(last=  2,win= 304,total=7641) (win 0.6% | avg 1.6% budget)
  system.physics_collision         win=  0.062ms avg=  0.070ms p95=  0.143ms max=  0.323ms calls(last=  1,win= 136,total=5345) (win 0.4% | avg 0.4% budget)
  enemy.cheap.segment_build        win=  0.053ms avg=  0.032ms p95=  0.107ms max=  0.323ms calls(last=  0,win=  72,total=2859) (win 0.3% | avg 0.2% budget)
  enemy.physics.frontal_pair_traverse win=  0.045ms avg=  0.051ms p95=  0.082ms max=  0.325ms calls(last=  1,win= 136,total=2120) (win 0.3% | avg 0.3% budget)
  system.spawner_update            win=  0.043ms avg=  0.049ms p95=  0.081ms max=  0.289ms calls(last=  1,win= 136,total=5345) (win 0.3% | avg 0.3% budget)
  frame.input_poll                 win=  0.028ms avg=  0.028ms p95=  0.029ms max=  0.249ms calls(last=  1,win= 120,total=5040) (win 0.2% | avg 0.2% budget)
  system.player_update             win=  0.027ms avg=  0.030ms p95=  0.054ms max=  0.177ms calls(last=  1,win= 136,total=4924) (win 0.2% | avg 0.2% budget)
  enemy.ai.decision                win=  0.025ms avg=  0.065ms p95=  0.119ms max=  0.594ms calls(last=  2,win= 304,total=7641) (win 0.2% | avg 0.4% budget)
[ENEMY_STATS] frame=5040 alive=72 visible=2 full=2 cheap=70 fullInBase=0 pairs(frontal=0 checks=0 separation=0 resolved=0)
[ENEMY_WINDOW] steps=136 alive[min=72 max=72] visible[min=0 max=2] full[min=2 max=3] collisionPasses[runs=136 skips=0]
[ENEMY_SEGMENTS] window=2.267s D{b/s=16.32 avgLen=5.18 fail=0} T{b/s=15.88 avgLen=6.87 fail=0} H{b/s=0.00 avgLen=0.00 fail=0} A{b/s=0.00 avgLen=0.00 fail=0}
[ENEMY_GRID] frontal{cand/s=133.7 xcell/s=0.4 ins/s=134.1} separation{cand/s=133.7}
[ENEMY_COLLISION_WINDOW] frontal{pairs/s=0.0 checks/s=0.0 baseSkip=0 kill=0(0.0%)} separation{pairs/s=0.0 resolved/s=0.0(0.0%) baseSkip=0 kill=0 wallBlock=0}
[ENEMY_NAV_CACHE] playerCell{changes=0 flowRebuilds=0} flow{hit=0 miss=0 hit%=0.0} pathFallback{calls=0 ok=0 ok%=0.0}
[ENEMY_SAP] updates=0 active=0 pairs=0 repairs{x=0 y=0}
[ENEMY_PAIR_TYPES] frontal DD=0 DT=0 DH=0 DA=0 TT=0 TH=0 TA=0 HH=0 HA=0 AA=0 separation DD=0 DT=0 DH=0 DA=0 TT=0 TH=0 TA=0 HH=0 HA=0 AA=0

[PROFILE] frame=5160 budget=16.667ms alloc(+108/-108, +263328b/-263328b, live=132624b peak=390520b)
  frame.total                      win= 19.451ms avg= 19.451ms p95= 24.627ms max= 84.000ms calls(last=  1,win= 120,total=5160) (win 116.7% | avg 116.7% budget)
  frame.render                     win= 12.060ms avg= 12.060ms p95= 12.901ms max= 83.961ms calls(last=  1,win= 120,total=5160) (win 72.4% | avg 72.4% budget)
  frame.present                    win= 12.053ms avg= 12.053ms p95= 12.894ms max= 83.954ms calls(last=  1,win= 120,total=5160) (win 72.3% | avg 72.3% budget)
  frame.fixed_step                 win=  6.255ms avg=  7.350ms p95= 12.517ms max= 14.466ms calls(last=  1,win= 141,total=5539) (win 37.5% | avg 44.1% budget)
  frame.render.world               win=  5.310ms avg= 10.619ms p95= 11.336ms max= 16.088ms calls(last=  2,win= 240,total=10218) (win 31.9% | avg 63.7% budget)
  game.update                      win=  4.585ms avg=  5.388ms p95=  9.158ms max= 10.767ms calls(last=  1,win= 141,total=5486) (win 27.5% | avg 32.3% budget)
  system.ai_update                 win=  4.400ms avg=  5.170ms p95=  8.815ms max= 10.483ms calls(last=  1,win= 141,total=5486) (win 26.4% | avg 31.0% budget)
  enemy.update                     win=  4.393ms avg=  5.162ms p95=  8.802ms max= 10.471ms calls(last=  1,win= 141,total=5486) (win 26.4% | avg 31.0% budget)
  frame.render.overlay             win=  3.071ms avg=  3.071ms p95=  3.662ms max=  7.506ms calls(last=  1,win= 120,total=5109) (win 18.4% | avg 18.4% budget)
  frame.render.world.enemies       win=  1.192ms avg=  1.192ms p95=  1.388ms max=  2.635ms calls(last=  1,win= 120,total=5109) (win 7.2% | avg 7.2% budget)
  frame.render.world.effects       win=  1.077ms avg=  1.077ms p95=  1.358ms max=  2.739ms calls(last=  1,win= 120,total=5109) (win 6.5% | avg 6.5% budget)
  frame.render.world.maze          win=  1.005ms avg=  1.005ms p95=  1.136ms max=  2.654ms calls(last=  1,win= 120,total=5109) (win 6.0% | avg 6.0% budget)
  enemy.physics.frontal_collisions win=  0.915ms avg=  1.075ms p95=  1.835ms max=  2.312ms calls(last=  1,win= 141,total=2261) (win 5.5% | avg 6.5% budget)
  enemy.physics.frontal_grid_build win=  0.851ms avg=  1.000ms p95=  1.706ms max=  2.147ms calls(last=  1,win= 141,total=2261) (win 5.1% | avg 6.0% budget)
  enemy.physics.separation         win=  0.591ms avg=  0.694ms p95=  1.185ms max=  1.471ms calls(last=  1,win= 141,total=2261) (win 3.5% | avg 4.2% budget)
  enemy.physics.separation_grid_build win=  0.550ms avg=  0.647ms p95=  1.103ms max=  1.347ms calls(last=  1,win= 141,total=2261) (win 3.3% | avg 3.9% budget)
  enemy.torpedo.select_heading     win=  0.357ms avg=  0.003ms p95=  0.000ms max=  0.536ms calls(last=  0,win=   1,total=22) (win 2.1% | avg 0.0% budget)
  enemy.ai.movement                win=  0.115ms avg=  0.337ms p95=  0.651ms max=  1.441ms calls(last=  3,win= 353,total=7994) (win 0.7% | avg 2.0% budget)
  system.physics_collision         win=  0.069ms avg=  0.081ms p95=  0.169ms max=  0.323ms calls(last=  1,win= 141,total=5486) (win 0.4% | avg 0.5% budget)
  enemy.cheap.segment_build        win=  0.053ms avg=  0.038ms p95=  0.103ms max=  0.323ms calls(last=  1,win=  86,total=2945) (win 0.3% | avg 0.2% budget)
  system.spawner_update            win=  0.041ms avg=  0.048ms p95=  0.081ms max=  0.289ms calls(last=  1,win= 141,total=5486) (win 0.2% | avg 0.3% budget)
  enemy.physics.frontal_pair_traverse win=  0.041ms avg=  0.048ms p95=  0.080ms max=  0.325ms calls(last=  1,win= 141,total=2261) (win 0.2% | avg 0.3% budget)
  enemy.ai.decision                win=  0.039ms avg=  0.116ms p95=  0.268ms max=  0.594ms calls(last=  3,win= 353,total=7994) (win 0.2% | avg 0.7% budget)
  system.player_update             win=  0.028ms avg=  0.033ms p95=  0.059ms max=  0.177ms calls(last=  1,win= 141,total=5065) (win 0.2% | avg 0.2% budget)
[ENEMY_STATS] frame=5160 alive=72 visible=1 full=3 cheap=69 fullInBase=0 pairs(frontal=0 checks=0 separation=0 resolved=0)
[ENEMY_WINDOW] steps=141 alive[min=72 max=72] visible[min=1 max=2] full[min=2 max=3] collisionPasses[runs=141 skips=0]
[ENEMY_SEGMENTS] window=2.350s D{b/s=18.30 avgLen=5.10 fail=0} T{b/s=17.87 avgLen=6.48 fail=0} H{b/s=0.00 avgLen=0.00 fail=0} A{b/s=0.00 avgLen=0.00 fail=0}
[ENEMY_GRID] frontal{cand/s=150.6 xcell/s=1.3 ins/s=151.9} separation{cand/s=150.6}
[ENEMY_COLLISION_WINDOW] frontal{pairs/s=0.0 checks/s=0.0 baseSkip=0 kill=0(0.0%)} separation{pairs/s=0.0 resolved/s=0.0(0.0%) baseSkip=0 kill=0 wallBlock=0}
[ENEMY_NAV_CACHE] playerCell{changes=0 flowRebuilds=0} flow{hit=0 miss=0 hit%=0.0} pathFallback{calls=0 ok=0 ok%=0.0}
[ENEMY_SAP] updates=0 active=0 pairs=0 repairs{x=0 y=0}
[ENEMY_PAIR_TYPES] frontal DD=0 DT=0 DH=0 DA=0 TT=0 TH=0 TA=0 HH=0 HA=0 AA=0 separation DD=0 DT=0 DH=0 DA=0 TT=0 TH=0 TA=0 HH=0 HA=0 AA=0
[TORPEDO_HEADING] eval/s=0.43 retreat/s=0.00 pick[straight=100.0% left=0.0% right=0.0%] clear[best=15.00 chosen=15.00]

[PROFILE] frame=5280 budget=16.667ms alloc(+105/-105, +263128b/-263128b, live=132624b peak=390520b)
  frame.total                      win= 19.596ms avg= 19.596ms p95= 24.535ms max= 84.000ms calls(last=  1,win= 120,total=5280) (win 117.6% | avg 117.6% budget)
  frame.render                     win= 12.091ms avg= 12.091ms p95= 12.870ms max= 83.961ms calls(last=  1,win= 120,total=5280) (win 72.5% | avg 72.5% budget)
  frame.present                    win= 12.083ms avg= 12.083ms p95= 12.863ms max= 83.954ms calls(last=  1,win= 120,total=5280) (win 72.5% | avg 72.5% budget)
  frame.fixed_step                 win=  6.308ms avg=  7.464ms p95= 12.622ms max= 14.466ms calls(last=  1,win= 142,total=5681) (win 37.8% | avg 44.8% budget)
  frame.render.world               win=  5.288ms avg= 10.577ms p95= 11.153ms max= 16.088ms calls(last=  2,win= 240,total=10458) (win 31.7% | avg 63.5% budget)
  game.update                      win=  4.613ms avg=  5.459ms p95=  9.252ms max= 10.767ms calls(last=  1,win= 142,total=5628) (win 27.7% | avg 32.8% budget)
  system.ai_update                 win=  4.438ms avg=  5.252ms p95=  8.917ms max= 10.483ms calls(last=  1,win= 142,total=5628) (win 26.6% | avg 31.5% budget)
  enemy.update                     win=  4.432ms avg=  5.245ms p95=  8.907ms max= 10.471ms calls(last=  1,win= 142,total=5628) (win 26.6% | avg 31.5% budget)
  frame.render.overlay             win=  3.104ms avg=  3.104ms p95=  3.902ms max=  7.506ms calls(last=  1,win= 120,total=5229) (win 18.6% | avg 18.6% budget)
  frame.render.world.enemies       win=  1.180ms avg=  1.180ms p95=  1.327ms max=  2.635ms calls(last=  1,win= 120,total=5229) (win 7.1% | avg 7.1% budget)
  frame.render.world.maze          win=  1.048ms avg=  1.048ms p95=  1.325ms max=  2.654ms calls(last=  1,win= 120,total=5229) (win 6.3% | avg 6.3% budget)
  frame.render.world.effects       win=  1.005ms avg=  1.005ms p95=  1.230ms max=  2.739ms calls(last=  1,win= 120,total=5229) (win 6.0% | avg 6.0% budget)
  enemy.physics.frontal_collisions win=  0.921ms avg=  1.090ms p95=  1.845ms max=  2.312ms calls(last=  1,win= 142,total=2403) (win 5.5% | avg 6.5% budget)
  enemy.physics.frontal_grid_build win=  0.856ms avg=  1.013ms p95=  1.717ms max=  2.147ms calls(last=  1,win= 142,total=2403) (win 5.1% | avg 6.1% budget)
  enemy.physics.separation         win=  0.589ms avg=  0.697ms p95=  1.184ms max=  1.471ms calls(last=  1,win= 142,total=2403) (win 3.5% | avg 4.2% budget)
  enemy.physics.separation_grid_build win=  0.549ms avg=  0.649ms p95=  1.105ms max=  1.347ms calls(last=  1,win= 142,total=2403) (win 3.3% | avg 3.9% budget)
  enemy.torpedo.select_heading     win=  0.370ms avg=  0.006ms p95=  0.000ms max=  0.536ms calls(last=  0,win=   2,total=24) (win 2.2% | avg 0.0% budget)
  enemy.ai.movement                win=  0.115ms avg=  0.355ms p95=  0.654ms max=  1.441ms calls(last=  2,win= 372,total=8366) (win 0.7% | avg 2.1% budget)
  system.physics_collision         win=  0.060ms avg=  0.071ms p95=  0.125ms max=  0.323ms calls(last=  1,win= 142,total=5628) (win 0.4% | avg 0.4% budget)
  enemy.ai.decision                win=  0.053ms avg=  0.163ms p95=  0.273ms max=  0.594ms calls(last=  2,win= 372,total=8366) (win 0.3% | avg 1.0% budget)
  enemy.cheap.segment_build        win=  0.049ms avg=  0.028ms p95=  0.104ms max=  0.323ms calls(last=  0,win=  68,total=3013) (win 0.3% | avg 0.2% budget)
  system.spawner_update            win=  0.041ms avg=  0.048ms p95=  0.081ms max=  0.289ms calls(last=  1,win= 142,total=5628) (win 0.2% | avg 0.3% budget)
  enemy.physics.frontal_pair_traverse win=  0.039ms avg=  0.046ms p95=  0.081ms max=  0.325ms calls(last=  1,win= 142,total=2403) (win 0.2% | avg 0.3% budget)
  frame.input_poll                 win=  0.028ms avg=  0.028ms p95=  0.029ms max=  0.249ms calls(last=  1,win= 120,total=5280) (win 0.2% | avg 0.2% budget)
[ENEMY_STATS] frame=5280 alive=72 visible=1 full=2 cheap=70 fullInBase=0 pairs(frontal=0 checks=0 separation=0 resolved=0)
[ENEMY_WINDOW] steps=142 alive[min=72 max=72] visible[min=1 max=2] full[min=2 max=3] collisionPasses[runs=142 skips=0]
[ENEMY_SEGMENTS] window=2.367s D{b/s=11.83 avgLen=4.92 fail=0} T{b/s=17.32 avgLen=6.17 fail=0} H{b/s=0.00 avgLen=0.00 fail=0} A{b/s=0.00 avgLen=0.00 fail=0}
[ENEMY_GRID] frontal{cand/s=156.8 xcell/s=1.7 ins/s=158.5} separation{cand/s=156.8}
[ENEMY_COLLISION_WINDOW] frontal{pairs/s=0.0 checks/s=0.0 baseSkip=0 kill=0(0.0%)} separation{pairs/s=0.0 resolved/s=0.0(0.0%) baseSkip=0 kill=0 wallBlock=0}
[ENEMY_NAV_CACHE] playerCell{changes=0 flowRebuilds=0} flow{hit=0 miss=0 hit%=0.0} pathFallback{calls=0 ok=0 ok%=0.0}
[ENEMY_SAP] updates=0 active=0 pairs=0 repairs{x=0 y=0}
[ENEMY_PAIR_TYPES] frontal DD=0 DT=0 DH=0 DA=0 TT=0 TH=0 TA=0 HH=0 HA=0 AA=0 separation DD=0 DT=0 DH=0 DA=0 TT=0 TH=0 TA=0 HH=0 HA=0 AA=0
[TORPEDO_HEADING] eval/s=0.85 retreat/s=0.00 pick[straight=50.0% left=0.0% right=50.0%] clear[best=15.00 chosen=15.00]

[PROFILE] frame=5400 budget=16.667ms alloc(+106/-106, +263216b/-263216b, live=132624b peak=390520b)
  frame.total                      win= 19.384ms avg= 19.384ms p95= 24.391ms max= 84.000ms calls(last=  1,win= 120,total=5400) (win 116.3% | avg 116.3% budget)
  frame.render                     win= 12.080ms avg= 12.080ms p95= 12.799ms max= 83.961ms calls(last=  1,win= 120,total=5400) (win 72.5% | avg 72.5% budget)
  frame.present                    win= 12.072ms avg= 12.072ms p95= 12.792ms max= 83.954ms calls(last=  1,win= 120,total=5400) (win 72.4% | avg 72.4% budget)
  frame.fixed_step                 win=  6.226ms avg=  7.264ms p95= 12.356ms max= 14.466ms calls(last=  1,win= 140,total=5821) (win 37.4% | avg 43.6% budget)
  frame.render.world               win=  5.317ms avg= 10.634ms p95= 11.311ms max= 16.088ms calls(last=  2,win= 240,total=10698) (win 31.9% | avg 63.8% budget)
  game.update                      win=  4.550ms avg=  5.308ms p95=  9.059ms max= 10.767ms calls(last=  1,win= 140,total=5768) (win 27.3% | avg 31.8% budget)
  system.ai_update                 win=  4.361ms avg=  5.088ms p95=  8.679ms max= 10.483ms calls(last=  1,win= 140,total=5768) (win 26.2% | avg 30.5% budget)
  enemy.update                     win=  4.355ms avg=  5.081ms p95=  8.666ms max= 10.471ms calls(last=  1,win= 140,total=5768) (win 26.1% | avg 30.5% budget)
  frame.render.overlay             win=  3.065ms avg=  3.065ms p95=  3.711ms max=  7.506ms calls(last=  1,win= 120,total=5349) (win 18.4% | avg 18.4% budget)
  frame.render.world.enemies       win=  1.143ms avg=  1.143ms p95=  1.246ms max=  2.635ms calls(last=  1,win= 120,total=5349) (win 6.9% | avg 6.9% budget)
  frame.render.world.effects       win=  1.108ms avg=  1.108ms p95=  1.398ms max=  2.739ms calls(last=  1,win= 120,total=5349) (win 6.6% | avg 6.6% budget)
  frame.render.world.maze          win=  1.033ms avg=  1.033ms p95=  1.151ms max=  2.885ms calls(last=  1,win= 120,total=5349) (win 6.2% | avg 6.2% budget)
  enemy.physics.frontal_collisions win=  0.906ms avg=  1.057ms p95=  1.831ms max=  2.312ms calls(last=  1,win= 140,total=2543) (win 5.4% | avg 6.3% budget)
  enemy.physics.frontal_grid_build win=  0.846ms avg=  0.987ms p95=  1.720ms max=  2.147ms calls(last=  1,win= 140,total=2543) (win 5.1% | avg 5.9% budget)
  enemy.physics.separation         win=  0.584ms avg=  0.681ms p95=  1.187ms max=  1.471ms calls(last=  1,win= 140,total=2543) (win 3.5% | avg 4.1% budget)
  enemy.physics.separation_grid_build win=  0.545ms avg=  0.636ms p95=  1.109ms max=  1.347ms calls(last=  1,win= 140,total=2543) (win 3.3% | avg 3.8% budget)
  enemy.torpedo.select_heading     win=  0.289ms avg=  0.005ms p95=  0.000ms max=  0.536ms calls(last=  0,win=   2,total=26) (win 1.7% | avg 0.0% budget)
  enemy.ai.movement                win=  0.113ms avg=  0.307ms p95=  0.507ms max=  1.441ms calls(last=  2,win= 325,total=8691) (win 0.7% | avg 1.8% budget)
  system.physics_collision         win=  0.072ms avg=  0.084ms p95=  0.156ms max=  0.371ms calls(last=  1,win= 140,total=5768) (win 0.4% | avg 0.5% budget)
  enemy.ai.decision                win=  0.054ms avg=  0.146ms p95=  0.244ms max=  0.594ms calls(last=  2,win= 325,total=8691) (win 0.3% | avg 0.9% budget)
  enemy.cheap.segment_build        win=  0.049ms avg=  0.034ms p95=  0.120ms max=  0.323ms calls(last=  0,win=  84,total=3097) (win 0.3% | avg 0.2% budget)
  system.spawner_update            win=  0.041ms avg=  0.047ms p95=  0.080ms max=  0.289ms calls(last=  1,win= 140,total=5768) (win 0.2% | avg 0.3% budget)
  enemy.physics.frontal_pair_traverse win=  0.037ms avg=  0.043ms p95=  0.075ms max=  0.325ms calls(last=  1,win= 140,total=2543) (win 0.2% | avg 0.3% budget)
  system.player_update             win=  0.028ms avg=  0.032ms p95=  0.054ms max=  0.177ms calls(last=  1,win= 140,total=5347) (win 0.2% | avg 0.2% budget)
[ENEMY_STATS] frame=5400 alive=72 visible=0 full=2 cheap=70 fullInBase=0 pairs(frontal=0 checks=0 separation=0 resolved=0)
[ENEMY_WINDOW] steps=140 alive[min=72 max=72] visible[min=0 max=1] full[min=2 max=3] collisionPasses[runs=140 skips=0]
[ENEMY_SEGMENTS] window=2.333s D{b/s=16.71 avgLen=5.08 fail=0} T{b/s=18.86 avgLen=6.01 fail=0} H{b/s=0.00 avgLen=0.00 fail=0} A{b/s=0.00 avgLen=0.00 fail=0}
[ENEMY_GRID] frontal{cand/s=139.3 xcell/s=0.9 ins/s=140.1} separation{cand/s=139.3}
[ENEMY_COLLISION_WINDOW] frontal{pairs/s=0.0 checks/s=0.0 baseSkip=0 kill=0(0.0%)} separation{pairs/s=0.0 resolved/s=0.0(0.0%) baseSkip=0 kill=0 wallBlock=0}
[ENEMY_NAV_CACHE] playerCell{changes=0 flowRebuilds=0} flow{hit=0 miss=0 hit%=0.0} pathFallback{calls=0 ok=0 ok%=0.0}
[ENEMY_SAP] updates=0 active=0 pairs=0 repairs{x=0 y=0}
[ENEMY_PAIR_TYPES] frontal DD=0 DT=0 DH=0 DA=0 TT=0 TH=0 TA=0 HH=0 HA=0 AA=0 separation DD=0 DT=0 DH=0 DA=0 TT=0 TH=0 TA=0 HH=0 HA=0 AA=0
[TORPEDO_HEADING] eval/s=0.86 retreat/s=0.00 pick[straight=100.0% left=0.0% right=0.0%] clear[best=15.00 chosen=15.00]

[PROFILE] frame=5520 budget=16.667ms alloc(+96/-96, +175296b/-175296b, live=132624b peak=390520b)
  frame.total                      win= 17.430ms avg= 17.430ms p95= 19.333ms max= 84.000ms calls(last=  1,win= 120,total=5520) (win 104.6% | avg 104.6% budget)
  frame.render                     win= 12.652ms avg= 12.652ms p95= 13.483ms max= 83.961ms calls(last=  1,win= 120,total=5520) (win 75.9% | avg 75.9% budget)
  frame.present                    win= 12.644ms avg= 12.644ms p95= 13.475ms max= 83.954ms calls(last=  1,win= 120,total=5520) (win 75.9% | avg 75.9% budget)
  frame.render.world               win=  5.255ms avg= 10.510ms p95= 11.048ms max= 16.088ms calls(last=  2,win= 240,total=10938) (win 31.5% | avg 63.1% budget)
  frame.fixed_step                 win=  4.477ms avg=  4.738ms p95=  7.667ms max= 14.466ms calls(last=  1,win= 127,total=5948) (win 26.9% | avg 28.4% budget)
  frame.render.overlay             win=  3.050ms avg=  3.050ms p95=  3.706ms max=  7.506ms calls(last=  1,win= 120,total=5469) (win 18.3% | avg 18.3% budget)
  game.update                      win=  2.807ms avg=  2.971ms p95=  4.586ms max= 10.767ms calls(last=  1,win= 127,total=5895) (win 16.8% | avg 17.8% budget)
  system.ai_update                 win=  2.634ms avg=  2.788ms p95=  4.406ms max= 10.483ms calls(last=  1,win= 127,total=5895) (win 15.8% | avg 16.7% budget)
  enemy.update                     win=  2.628ms avg=  2.782ms p95=  4.399ms max= 10.471ms calls(last=  1,win= 127,total=5895) (win 15.8% | avg 16.7% budget)
  frame.render.world.enemies       win=  1.109ms avg=  1.109ms p95=  1.187ms max=  2.635ms calls(last=  1,win= 120,total=5469) (win 6.7% | avg 6.7% budget)
  frame.render.world.maze          win=  1.070ms avg=  1.070ms p95=  1.210ms max=  2.885ms calls(last=  1,win= 120,total=5469) (win 6.4% | avg 6.4% budget)
  frame.render.world.effects       win=  1.037ms avg=  1.037ms p95=  1.262ms max=  3.166ms calls(last=  1,win= 120,total=5469) (win 6.2% | avg 6.2% budget)
  enemy.physics.frontal_collisions win=  0.895ms avg=  0.209ms p95=  0.927ms max=  2.312ms calls(last=  0,win=  28,total=2571) (win 5.4% | avg 1.3% budget)
  enemy.physics.frontal_grid_build win=  0.839ms avg=  0.196ms p95=  0.871ms max=  2.147ms calls(last=  0,win=  28,total=2571) (win 5.0% | avg 1.2% budget)
  enemy.physics.separation         win=  0.572ms avg=  0.134ms p95=  0.572ms max=  1.471ms calls(last=  0,win=  28,total=2571) (win 3.4% | avg 0.8% budget)
  enemy.physics.separation_grid_build win=  0.536ms avg=  0.125ms p95=  0.536ms max=  1.347ms calls(last=  0,win=  28,total=2571) (win 3.2% | avg 0.8% budget)
  enemy.ai.movement                win=  0.117ms avg=  0.088ms p95=  0.228ms max=  1.441ms calls(last=  0,win=  91,total=8782) (win 0.7% | avg 0.5% budget)
  system.physics_collision         win=  0.057ms avg=  0.060ms p95=  0.101ms max=  0.371ms calls(last=  1,win= 127,total=5895) (win 0.3% | avg 0.4% budget)
  enemy.cheap.segment_build        win=  0.057ms avg=  0.035ms p95=  0.128ms max=  0.323ms calls(last=  0,win=  74,total=3171) (win 0.3% | avg 0.2% budget)
  enemy.ai.decision                win=  0.052ms avg=  0.040ms p95=  0.136ms max=  0.594ms calls(last=  0,win=  91,total=8782) (win 0.3% | avg 0.2% budget)
  system.spawner_update            win=  0.041ms avg=  0.044ms p95=  0.077ms max=  0.289ms calls(last=  1,win= 127,total=5895) (win 0.2% | avg 0.3% budget)
  enemy.physics.frontal_pair_traverse win=  0.033ms avg=  0.008ms p95=  0.037ms max=  0.325ms calls(last=  0,win=  28,total=2571) (win 0.2% | avg 0.0% budget)
  frame.input_poll                 win=  0.027ms avg=  0.027ms p95=  0.028ms max=  0.249ms calls(last=  1,win= 120,total=5520) (win 0.2% | avg 0.2% budget)
  system.player_update             win=  0.027ms avg=  0.029ms p95=  0.047ms max=  0.177ms calls(last=  1,win= 127,total=5474) (win 0.2% | avg 0.2% budget)
[ENEMY_STATS] frame=5520 alive=72 visible=0 full=0 cheap=72 fullInBase=0 pairs(frontal=0 checks=0 separation=0 resolved=0)
[ENEMY_WINDOW] steps=127 alive[min=72 max=72] visible[min=0 max=0] full[min=0 max=2] collisionPasses[runs=27 skips=100]
[ENEMY_SEGMENTS] window=2.117s D{b/s=16.06 avgLen=5.01 fail=0} T{b/s=19.84 avgLen=6.33 fail=0} H{b/s=0.00 avgLen=0.00 fail=0} A{b/s=0.00 avgLen=0.00 fail=0}
[ENEMY_GRID] frontal{cand/s=25.5 xcell/s=0.5 ins/s=26.0} separation{cand/s=25.5}
[ENEMY_COLLISION_WINDOW] frontal{pairs/s=0.0 checks/s=0.0 baseSkip=0 kill=0(0.0%)} separation{pairs/s=0.0 resolved/s=0.0(0.0%) baseSkip=0 kill=0 wallBlock=0}
[ENEMY_NAV_CACHE] playerCell{changes=0 flowRebuilds=0} flow{hit=0 miss=0 hit%=0.0} pathFallback{calls=0 ok=0 ok%=0.0}
[ENEMY_SAP] updates=0 active=0 pairs=0 repairs{x=0 y=0}
[ENEMY_PAIR_TYPES] frontal DD=0 DT=0 DH=0 DA=0 TT=0 TH=0 TA=0 HH=0 HA=0 AA=0 separation DD=0 DT=0 DH=0 DA=0 TT=0 TH=0 TA=0 HH=0 HA=0 AA=0

[PROFILE] frame=5640 budget=16.667ms alloc(+109/-109, +263240b/-263240b, live=132624b peak=390520b)
  frame.total                      win= 17.913ms avg= 17.913ms p95= 23.232ms max= 84.000ms calls(last=  1,win= 120,total=5640) (win 107.5% | avg 107.5% budget)
  frame.render                     win= 12.187ms avg= 12.187ms p95= 13.380ms max= 83.961ms calls(last=  1,win= 120,total=5640) (win 73.1% | avg 73.1% budget)
  frame.present                    win= 12.180ms avg= 12.180ms p95= 13.373ms max= 83.954ms calls(last=  1,win= 120,total=5640) (win 73.1% | avg 73.1% budget)
  frame.fixed_step                 win=  5.290ms avg=  5.687ms p95= 12.129ms max= 14.466ms calls(last=  1,win= 129,total=6077) (win 31.7% | avg 34.1% budget)
  frame.render.world               win=  4.858ms avg=  9.716ms p95= 10.493ms max= 16.088ms calls(last=  2,win= 240,total=11178) (win 29.1% | avg 58.3% budget)
  game.update                      win=  3.629ms avg=  3.901ms p95=  8.891ms max= 10.767ms calls(last=  1,win= 129,total=6024) (win 21.8% | avg 23.4% budget)
  system.ai_update                 win=  3.475ms avg=  3.735ms p95=  8.608ms max= 10.483ms calls(last=  1,win= 129,total=6024) (win 20.8% | avg 22.4% budget)
  enemy.update                     win=  3.469ms avg=  3.729ms p95=  8.594ms max= 10.471ms calls(last=  1,win= 129,total=6024) (win 20.8% | avg 22.4% budget)
  frame.render.overlay             win=  3.070ms avg=  3.070ms p95=  3.788ms max=  7.506ms calls(last=  1,win= 120,total=5589) (win 18.4% | avg 18.4% budget)
  frame.render.world.enemies       win=  1.130ms avg=  1.130ms p95=  1.296ms max=  2.635ms calls(last=  1,win= 120,total=5589) (win 6.8% | avg 6.8% budget)
  frame.render.world.maze          win=  0.985ms avg=  0.985ms p95=  1.080ms max=  2.885ms calls(last=  1,win= 120,total=5589) (win 5.9% | avg 5.9% budget)
  enemy.physics.frontal_collisions win=  0.908ms avg=  0.552ms p95=  1.752ms max=  2.312ms calls(last=  1,win=  73,total=2644) (win 5.4% | avg 3.3% budget)
  enemy.physics.frontal_grid_build win=  0.842ms avg=  0.512ms p95=  1.638ms max=  2.147ms calls(last=  1,win=  73,total=2644) (win 5.1% | avg 3.1% budget)
  frame.render.world.effects       win=  0.660ms avg=  0.660ms p95=  1.019ms max=  3.166ms calls(last=  1,win= 120,total=5589) (win 4.0% | avg 4.0% budget)
  enemy.physics.separation         win=  0.583ms avg=  0.355ms p95=  1.136ms max=  1.471ms calls(last=  1,win=  73,total=2644) (win 3.5% | avg 2.1% budget)
  enemy.torpedo.select_heading     win=  0.560ms avg=  0.005ms p95=  0.000ms max=  0.560ms calls(last=  0,win=   1,total=27) (win 3.4% | avg 0.0% budget)
  enemy.physics.separation_grid_build win=  0.541ms avg=  0.329ms p95=  1.062ms max=  1.347ms calls(last=  1,win=  73,total=2644) (win 3.2% | avg 2.0% budget)
  enemy.ai.movement                win=  0.114ms avg=  0.186ms p95=  0.449ms max=  1.441ms calls(last=  3,win= 195,total=8977) (win 0.7% | avg 1.1% budget)
  enemy.ai.decision                win=  0.085ms avg=  0.138ms p95=  0.276ms max=  0.594ms calls(last=  3,win= 195,total=8977) (win 0.5% | avg 0.8% budget)
  enemy.cheap.segment_build        win=  0.048ms avg=  0.026ms p95=  0.089ms max=  0.323ms calls(last=  2,win=  65,total=3236) (win 0.3% | avg 0.2% budget)
  enemy.physics.frontal_pair_traverse win=  0.044ms avg=  0.027ms p95=  0.069ms max=  0.325ms calls(last=  1,win=  73,total=2644) (win 0.3% | avg 0.2% budget)
  system.spawner_update            win=  0.040ms avg=  0.043ms p95=  0.078ms max=  0.289ms calls(last=  1,win= 129,total=6024) (win 0.2% | avg 0.3% budget)
  system.physics_collision         win=  0.040ms avg=  0.043ms p95=  0.073ms max=  0.371ms calls(last=  1,win= 129,total=6024) (win 0.2% | avg 0.3% budget)
  system.player_update             win=  0.028ms avg=  0.030ms p95=  0.051ms max=  0.177ms calls(last=  1,win= 129,total=5603) (win 0.2% | avg 0.2% budget)
[ENEMY_STATS] frame=5640 alive=72 visible=0 full=3 cheap=69 fullInBase=0 pairs(frontal=0 checks=0 separation=0 resolved=0)
[ENEMY_WINDOW] steps=129 alive[min=72 max=72] visible[min=0 max=0] full[min=0 max=3] collisionPasses[runs=74 skips=55]
[ENEMY_SEGMENTS] window=2.150s D{b/s=15.35 avgLen=5.07 fail=0} T{b/s=14.88 avgLen=6.59 fail=0} H{b/s=0.00 avgLen=0.00 fail=0} A{b/s=0.00 avgLen=0.00 fail=0}
[ENEMY_GRID] frontal{cand/s=75.3 xcell/s=1.4 ins/s=76.7} separation{cand/s=75.3}
[ENEMY_COLLISION_WINDOW] frontal{pairs/s=9.8 checks/s=9.8 baseSkip=0 kill=0(0.0%)} separation{pairs/s=8.8 resolved/s=0.0(0.0%) baseSkip=0 kill=0 wallBlock=0}
[ENEMY_NAV_CACHE] playerCell{changes=0 flowRebuilds=0} flow{hit=0 miss=0 hit%=0.0} pathFallback{calls=0 ok=0 ok%=0.0}
[ENEMY_SAP] updates=0 active=0 pairs=0 repairs{x=0 y=0}
[ENEMY_PAIR_TYPES] frontal DD=0 DT=21 DH=0 DA=0 TT=0 TH=0 TA=0 HH=0 HA=0 AA=0 separation DD=0 DT=19 DH=0 DA=0 TT=0 TH=0 TA=0 HH=0 HA=0 AA=0
[TORPEDO_HEADING] eval/s=0.47 retreat/s=0.00 pick[straight=100.0% left=0.0% right=0.0%] clear[best=15.00 chosen=15.00]

[PROFILE] frame=5760 budget=16.667ms alloc(+217/-217, +523240b/-523240b, live=132624b peak=390520b)
  frame.total                      win= 19.585ms avg= 19.585ms p95= 24.906ms max= 84.000ms calls(last=  1,win= 120,total=5760) (win 117.5% | avg 117.5% budget)
  frame.render                     win= 11.793ms avg= 11.793ms p95= 12.656ms max= 83.961ms calls(last=  1,win= 120,total=5760) (win 70.8% | avg 70.8% budget)
  frame.present                    win= 11.786ms avg= 11.786ms p95= 12.649ms max= 83.954ms calls(last=  1,win= 120,total=5760) (win 70.7% | avg 70.7% budget)
  frame.fixed_step                 win=  6.550ms avg=  7.751ms p95= 13.198ms max= 14.466ms calls(last=  2,win= 142,total=6219) (win 39.3% | avg 46.5% budget)
  frame.render.world               win=  4.969ms avg=  9.938ms p95= 10.578ms max= 16.088ms calls(last=  2,win= 240,total=11418) (win 29.8% | avg 59.6% budget)
  game.update                      win=  4.900ms avg=  5.798ms p95=  9.858ms max= 10.767ms calls(last=  2,win= 142,total=6166) (win 29.4% | avg 34.8% budget)
  system.ai_update                 win=  4.741ms avg=  5.610ms p95=  9.540ms max= 10.483ms calls(last=  2,win= 142,total=6166) (win 28.4% | avg 33.7% budget)
  enemy.update                     win=  4.735ms avg=  5.603ms p95=  9.529ms max= 10.471ms calls(last=  2,win= 142,total=6166) (win 28.4% | avg 33.6% budget)
  frame.render.overlay             win=  3.123ms avg=  3.123ms p95=  3.939ms max=  7.506ms calls(last=  1,win= 120,total=5709) (win 18.7% | avg 18.7% budget)
  frame.render.world.enemies       win=  1.130ms avg=  1.130ms p95=  1.196ms max=  2.635ms calls(last=  1,win= 120,total=5709) (win 6.8% | avg 6.8% budget)
  frame.render.world.maze          win=  0.990ms avg=  0.990ms p95=  1.094ms max=  2.885ms calls(last=  1,win= 120,total=5709) (win 5.9% | avg 5.9% budget)
  enemy.physics.frontal_collisions win=  0.970ms avg=  1.148ms p95=  1.981ms max=  2.312ms calls(last=  2,win= 142,total=2786) (win 5.8% | avg 6.9% budget)
  enemy.physics.frontal_grid_build win=  0.864ms avg=  1.022ms p95=  1.756ms max=  2.147ms calls(last=  2,win= 142,total=2786) (win 5.2% | avg 6.1% budget)
  frame.render.world.effects       win=  0.754ms avg=  0.754ms p95=  1.053ms max=  3.166ms calls(last=  1,win= 120,total=5709) (win 4.5% | avg 4.5% budget)
  enemy.physics.separation         win=  0.608ms avg=  0.719ms p95=  1.212ms max=  1.471ms calls(last=  2,win= 142,total=2786) (win 3.6% | avg 4.3% budget)
  enemy.physics.separation_grid_build win=  0.544ms avg=  0.644ms p95=  1.074ms max=  1.347ms calls(last=  2,win= 142,total=2786) (win 3.3% | avg 3.9% budget)
  enemy.torpedo.select_heading     win=  0.409ms avg=  0.007ms p95=  0.000ms max=  0.560ms calls(last=  0,win=   2,total=29) (win 2.5% | avg 0.0% budget)
  enemy.ai.movement                win=  0.102ms avg=  0.525ms p95=  0.998ms max=  1.441ms calls(last= 10,win= 617,total=9594) (win 0.6% | avg 3.1% budget)
  enemy.physics.frontal_pair_traverse win=  0.080ms avg=  0.095ms p95=  0.186ms max=  0.325ms calls(last=  2,win= 142,total=2786) (win 0.5% | avg 0.6% budget)
  enemy.physics.separation_pair_traverse win=  0.049ms avg=  0.058ms p95=  0.111ms max=  0.281ms calls(last=  2,win= 142,total=2786) (win 0.3% | avg 0.3% budget)
  enemy.cheap.segment_build        win=  0.049ms avg=  0.034ms p95=  0.090ms max=  0.323ms calls(last=  1,win=  84,total=3320) (win 0.3% | avg 0.2% budget)
  system.physics_collision         win=  0.046ms avg=  0.054ms p95=  0.099ms max=  0.371ms calls(last=  2,win= 142,total=6166) (win 0.3% | avg 0.3% budget)
  enemy.ai.decision                win=  0.043ms avg=  0.223ms p95=  0.385ms max=  0.594ms calls(last= 10,win= 617,total=9594) (win 0.3% | avg 1.3% budget)
  system.spawner_update            win=  0.041ms avg=  0.048ms p95=  0.081ms max=  0.289ms calls(last=  2,win= 142,total=6166) (win 0.2% | avg 0.3% budget)
[ENEMY_STATS] frame=5760 alive=72 visible=0 full=5 cheap=67 fullInBase=0 pairs(frontal=2 checks=2 separation=2 resolved=0)
[ENEMY_WINDOW] steps=142 alive[min=72 max=72] visible[min=0 max=1] full[min=3 max=5] collisionPasses[runs=142 skips=0]
[ENEMY_SEGMENTS] window=2.367s D{b/s=17.75 avgLen=4.72 fail=0} T{b/s=17.75 avgLen=6.09 fail=0} H{b/s=0.00 avgLen=0.00 fail=0} A{b/s=0.00 avgLen=0.00 fail=0}
[ENEMY_GRID] frontal{cand/s=261.5 xcell/s=1.3 ins/s=262.8} separation{cand/s=261.5}
[ENEMY_COLLISION_WINDOW] frontal{pairs/s=94.2 checks/s=94.2 baseSkip=0 kill=0(0.0%)} separation{pairs/s=93.4 resolved/s=0.0(0.0%) baseSkip=0 kill=0 wallBlock=0}
[ENEMY_NAV_CACHE] playerCell{changes=0 flowRebuilds=0} flow{hit=0 miss=0 hit%=0.0} pathFallback{calls=0 ok=0 ok%=0.0}
[ENEMY_SAP] updates=0 active=0 pairs=0 repairs{x=0 y=0}
[ENEMY_PAIR_TYPES] frontal DD=94 DT=129 DH=0 DA=0 TT=0 TH=0 TA=0 HH=0 HA=0 AA=0 separation DD=94 DT=127 DH=0 DA=0 TT=0 TH=0 TA=0 HH=0 HA=0 AA=0
[TORPEDO_HEADING] eval/s=0.85 retreat/s=0.00 pick[straight=50.0% left=0.0% right=50.0%] clear[best=15.00 chosen=15.00]

[PROFILE] frame=5880 budget=16.667ms alloc(+111/-111, +263368b/-263368b, live=132624b peak=390568b)
  frame.total                      win= 19.686ms avg= 19.686ms p95= 25.008ms max= 84.000ms calls(last=  1,win= 120,total=5880) (win 118.1% | avg 118.1% budget)
  frame.render                     win= 11.793ms avg= 11.793ms p95= 12.682ms max= 83.961ms calls(last=  1,win= 120,total=5880) (win 70.8% | avg 70.8% budget)
  frame.present                    win= 11.785ms avg= 11.785ms p95= 12.675ms max= 83.954ms calls(last=  1,win= 120,total=5880) (win 70.7% | avg 70.7% budget)
  frame.fixed_step                 win=  6.635ms avg=  7.851ms p95= 13.231ms max= 14.466ms calls(last=  1,win= 142,total=6361) (win 39.8% | avg 47.1% budget)
  frame.render.world               win=  5.001ms avg= 10.001ms p95= 10.714ms max= 16.088ms calls(last=  2,win= 240,total=11658) (win 30.0% | avg 60.0% budget)
  game.update                      win=  4.962ms avg=  5.872ms p95=  9.898ms max= 10.767ms calls(last=  1,win= 142,total=6308) (win 29.8% | avg 35.2% budget)
  system.ai_update                 win=  4.792ms avg=  5.671ms p95=  9.569ms max= 10.483ms calls(last=  1,win= 142,total=6308) (win 28.8% | avg 34.0% budget)
  enemy.update                     win=  4.785ms avg=  5.662ms p95=  9.557ms max= 10.471ms calls(last=  1,win= 142,total=6308) (win 28.7% | avg 34.0% budget)
  frame.render.overlay             win=  3.110ms avg=  3.110ms p95=  3.738ms max=  7.506ms calls(last=  1,win= 120,total=5829) (win 18.7% | avg 18.7% budget)
  frame.render.world.enemies       win=  1.167ms avg=  1.167ms p95=  1.285ms max=  2.635ms calls(last=  1,win= 120,total=5829) (win 7.0% | avg 7.0% budget)
  frame.render.world.maze          win=  1.024ms avg=  1.024ms p95=  1.098ms max=  2.885ms calls(last=  1,win= 120,total=5829) (win 6.1% | avg 6.1% budget)
  enemy.physics.frontal_collisions win=  0.991ms avg=  1.172ms p95=  2.082ms max=  2.312ms calls(last=  1,win= 142,total=2928) (win 5.9% | avg 7.0% budget)
  enemy.physics.frontal_grid_build win=  0.871ms avg=  1.030ms p95=  1.799ms max=  2.147ms calls(last=  1,win= 142,total=2928) (win 5.2% | avg 6.2% budget)
  enemy.torpedo.select_heading     win=  0.823ms avg=  0.007ms p95=  0.000ms max=  0.823ms calls(last=  0,win=   1,total=30) (win 4.9% | avg 0.0% budget)
  frame.render.world.effects       win=  0.725ms avg=  0.725ms p95=  1.057ms max=  3.166ms calls(last=  1,win= 120,total=5829) (win 4.3% | avg 4.3% budget)
  enemy.physics.separation         win=  0.620ms avg=  0.734ms p95=  1.244ms max=  1.471ms calls(last=  1,win= 142,total=2928) (win 3.7% | avg 4.4% budget)
  enemy.physics.separation_grid_build win=  0.549ms avg=  0.650ms p95=  1.107ms max=  1.347ms calls(last=  1,win= 142,total=2928) (win 3.3% | avg 3.9% budget)
  enemy.physics.frontal_pair_traverse win=  0.094ms avg=  0.111ms p95=  0.190ms max=  0.338ms calls(last=  1,win= 142,total=2928) (win 0.6% | avg 0.7% budget)
  enemy.ai.movement                win=  0.090ms avg=  0.531ms p95=  0.914ms max=  1.441ms calls(last=  5,win= 710,total=10304) (win 0.5% | avg 3.2% budget)
  enemy.physics.separation_pair_traverse win=  0.057ms avg=  0.067ms p95=  0.114ms max=  0.281ms calls(last=  1,win= 142,total=2928) (win 0.3% | avg 0.4% budget)
  system.physics_collision         win=  0.055ms avg=  0.066ms p95=  0.109ms max=  0.371ms calls(last=  1,win= 142,total=6308) (win 0.3% | avg 0.4% budget)
  enemy.cheap.segment_build        win=  0.046ms avg=  0.037ms p95=  0.118ms max=  0.323ms calls(last=  0,win=  96,total=3416) (win 0.3% | avg 0.2% budget)
  system.spawner_update            win=  0.041ms avg=  0.049ms p95=  0.082ms max=  0.289ms calls(last=  1,win= 142,total=6308) (win 0.2% | avg 0.3% budget)
  enemy.ai.decision                win=  0.037ms avg=  0.221ms p95=  0.358ms max=  0.892ms calls(last=  5,win= 710,total=10304) (win 0.2% | avg 1.3% budget)
[ENEMY_STATS] frame=5880 alive=72 visible=1 full=5 cheap=67 fullInBase=0 pairs(frontal=1 checks=1 separation=1 resolved=0)
[ENEMY_WINDOW] steps=142 alive[min=72 max=72] visible[min=0 max=1] full[min=5 max=5] collisionPasses[runs=142 skips=0]
[ENEMY_SEGMENTS] window=2.367s D{b/s=18.59 avgLen=4.66 fail=2} T{b/s=20.28 avgLen=5.99 fail=0} H{b/s=0.00 avgLen=0.00 fail=0} A{b/s=0.00 avgLen=0.00 fail=0}
[ENEMY_GRID] frontal{cand/s=300.0 xcell/s=2.5 ins/s=302.5} separation{cand/s=300.0}
[ENEMY_COLLISION_WINDOW] frontal{pairs/s=109.4 checks/s=109.4 baseSkip=0 kill=0(0.0%)} separation{pairs/s=109.0 resolved/s=0.0(0.0%) baseSkip=0 kill=0 wallBlock=0}
[ENEMY_NAV_CACHE] playerCell{changes=0 flowRebuilds=0} flow{hit=0 miss=0 hit%=0.0} pathFallback{calls=0 ok=0 ok%=0.0}
[ENEMY_SAP] updates=0 active=0 pairs=0 repairs{x=0 y=0}
[ENEMY_PAIR_TYPES] frontal DD=117 DT=142 DH=0 DA=0 TT=0 TH=0 TA=0 HH=0 HA=0 AA=0 separation DD=116 DT=142 DH=0 DA=0 TT=0 TH=0 TA=0 HH=0 HA=0 AA=0
[TORPEDO_HEADING] eval/s=0.42 retreat/s=0.00 pick[straight=100.0% left=0.0% right=0.0%] clear[best=15.00 chosen=15.00]

[PROFILE] frame=6000 budget=16.667ms alloc(+105/-105, +263128b/-263128b, live=132624b peak=390568b)
  frame.total                      win= 19.440ms avg= 19.440ms p95= 24.534ms max= 84.000ms calls(last=  1,win= 120,total=6000) (win 116.6% | avg 116.6% budget)
  frame.render                     win= 12.024ms avg= 12.024ms p95= 12.877ms max= 83.961ms calls(last=  1,win= 120,total=6000) (win 72.1% | avg 72.1% budget)
  frame.present                    win= 12.016ms avg= 12.016ms p95= 12.870ms max= 83.954ms calls(last=  1,win= 120,total=6000) (win 72.1% | avg 72.1% budget)
  frame.fixed_step                 win=  6.278ms avg=  7.376ms p95= 12.436ms max= 14.466ms calls(last=  1,win= 141,total=6502) (win 37.7% | avg 44.3% budget)
  frame.render.world               win=  5.241ms avg= 10.482ms p95= 10.934ms max= 20.350ms calls(last=  2,win= 240,total=11898) (win 31.4% | avg 62.9% budget)
  game.update                      win=  4.614ms avg=  5.421ms p95=  9.178ms max= 10.767ms calls(last=  1,win= 141,total=6449) (win 27.7% | avg 32.5% budget)
  system.ai_update                 win=  4.439ms avg=  5.215ms p95=  8.791ms max= 10.483ms calls(last=  1,win= 141,total=6449) (win 26.6% | avg 31.3% budget)
  enemy.update                     win=  4.433ms avg=  5.208ms p95=  8.780ms max= 10.471ms calls(last=  1,win= 141,total=6449) (win 26.6% | avg 31.2% budget)
  frame.render.overlay             win=  3.095ms avg=  3.095ms p95=  3.748ms max=  7.506ms calls(last=  1,win= 120,total=5949) (win 18.6% | avg 18.6% budget)
  frame.render.world.enemies       win=  1.186ms avg=  1.186ms p95=  1.272ms max=  3.607ms calls(last=  1,win= 120,total=5949) (win 7.1% | avg 7.1% budget)
  frame.render.world.maze          win=  1.070ms avg=  1.070ms p95=  1.133ms max=  2.984ms calls(last=  1,win= 120,total=5949) (win 6.4% | avg 6.4% budget)
  frame.render.world.effects       win=  0.953ms avg=  0.953ms p95=  1.265ms max=  3.166ms calls(last=  1,win= 120,total=5949) (win 5.7% | avg 5.7% budget)
  enemy.physics.frontal_collisions win=  0.936ms avg=  1.099ms p95=  1.896ms max=  2.312ms calls(last=  1,win= 141,total=3069) (win 5.6% | avg 6.6% budget)
  enemy.physics.frontal_grid_build win=  0.851ms avg=  1.000ms p95=  1.722ms max=  2.147ms calls(last=  1,win= 141,total=3069) (win 5.1% | avg 6.0% budget)
  enemy.physics.separation         win=  0.600ms avg=  0.705ms p95=  1.197ms max=  1.471ms calls(last=  1,win= 141,total=3069) (win 3.6% | avg 4.2% budget)
  enemy.physics.separation_grid_build win=  0.550ms avg=  0.646ms p95=  1.094ms max=  1.347ms calls(last=  1,win= 141,total=3069) (win 3.3% | avg 3.9% budget)
  enemy.ai.movement                win=  0.082ms avg=  0.339ms p95=  0.601ms max=  1.441ms calls(last=  3,win= 494,total=10798) (win 0.5% | avg 2.0% budget)
  system.physics_collision         win=  0.060ms avg=  0.071ms p95=  0.141ms max=  0.371ms calls(last=  1,win= 141,total=6449) (win 0.4% | avg 0.4% budget)
  enemy.physics.frontal_pair_traverse win=  0.059ms avg=  0.069ms p95=  0.141ms max=  0.338ms calls(last=  1,win= 141,total=3069) (win 0.4% | avg 0.4% budget)
  enemy.cheap.segment_build        win=  0.052ms avg=  0.036ms p95=  0.102ms max=  0.323ms calls(last=  2,win=  83,total=3499) (win 0.3% | avg 0.2% budget)
  system.spawner_update            win=  0.041ms avg=  0.048ms p95=  0.080ms max=  0.289ms calls(last=  1,win= 141,total=6449) (win 0.2% | avg 0.3% budget)
  enemy.physics.separation_pair_traverse win=  0.035ms avg=  0.041ms p95=  0.090ms max=  0.281ms calls(last=  1,win= 141,total=3069) (win 0.2% | avg 0.2% budget)
  enemy.ai.decision                win=  0.030ms avg=  0.123ms p95=  0.337ms max=  0.892ms calls(last=  3,win= 494,total=10798) (win 0.2% | avg 0.7% budget)
  frame.input_poll                 win=  0.028ms avg=  0.028ms p95=  0.030ms max=  0.249ms calls(last=  1,win= 120,total=6000) (win 0.2% | avg 0.2% budget)
[ENEMY_STATS] frame=6000 alive=72 visible=2 full=3 cheap=69 fullInBase=0 pairs(frontal=0 checks=0 separation=0 resolved=0)
[ENEMY_WINDOW] steps=141 alive[min=72 max=72] visible[min=1 max=2] full[min=3 max=5] collisionPasses[runs=141 skips=0]
[ENEMY_SEGMENTS] window=2.350s D{b/s=16.60 avgLen=4.76 fail=1} T{b/s=18.30 avgLen=6.31 fail=0} H{b/s=0.00 avgLen=0.00 fail=0} A{b/s=0.00 avgLen=0.00 fail=0}
[ENEMY_GRID] frontal{cand/s=209.4 xcell/s=0.9 ins/s=210.2} separation{cand/s=209.4}
[ENEMY_COLLISION_WINDOW] frontal{pairs/s=18.7 checks/s=18.7 baseSkip=0 kill=0(0.0%)} separation{pairs/s=18.7 resolved/s=0.0(0.0%) baseSkip=0 kill=0 wallBlock=0}
[ENEMY_NAV_CACHE] playerCell{changes=0 flowRebuilds=0} flow{hit=0 miss=0 hit%=0.0} pathFallback{calls=0 ok=0 ok%=0.0}
[ENEMY_SAP] updates=0 active=0 pairs=0 repairs{x=0 y=0}
[ENEMY_PAIR_TYPES] frontal DD=0 DT=44 DH=0 DA=0 TT=0 TH=0 TA=0 HH=0 HA=0 AA=0 separation DD=0 DT=44 DH=0 DA=0 TT=0 TH=0 TA=0 HH=0 HA=0 AA=0

[PROFILE] frame=6120 budget=16.667ms alloc(+105/-105, +263096b/-263096b, live=132624b peak=390568b)
  frame.total                      win= 19.600ms avg= 19.600ms p95= 25.207ms max= 84.000ms calls(last=  1,win= 120,total=6120) (win 117.6% | avg 117.6% budget)
  frame.render                     win= 11.919ms avg= 11.919ms p95= 12.772ms max= 83.961ms calls(last=  1,win= 120,total=6120) (win 71.5% | avg 71.5% budget)
  frame.present                    win= 11.912ms avg= 11.912ms p95= 12.765ms max= 83.954ms calls(last=  1,win= 120,total=6120) (win 71.5% | avg 71.5% budget)
  frame.fixed_step                 win=  6.455ms avg=  7.639ms p95= 12.806ms max= 14.466ms calls(last=  1,win= 142,total=6644) (win 38.7% | avg 45.8% budget)
  frame.render.world               win=  5.113ms avg= 10.226ms p95= 10.993ms max= 20.350ms calls(last=  2,win= 240,total=12138) (win 30.7% | avg 61.4% budget)
  game.update                      win=  4.792ms avg=  5.671ms p95=  9.642ms max= 10.767ms calls(last=  1,win= 142,total=6591) (win 28.8% | avg 34.0% budget)
  system.ai_update                 win=  4.632ms avg=  5.481ms p95=  9.367ms max= 10.483ms calls(last=  1,win= 142,total=6591) (win 27.8% | avg 32.9% budget)
  enemy.update                     win=  4.626ms avg=  5.474ms p95=  9.356ms max= 10.471ms calls(last=  1,win= 142,total=6591) (win 27.8% | avg 32.8% budget)
  frame.render.overlay             win=  3.113ms avg=  3.113ms p95=  3.819ms max=  7.506ms calls(last=  1,win= 120,total=6069) (win 18.7% | avg 18.7% budget)
  frame.render.world.enemies       win=  1.177ms avg=  1.177ms p95=  1.265ms max=  3.607ms calls(last=  1,win= 120,total=6069) (win 7.1% | avg 7.1% budget)
  frame.render.world.maze          win=  1.064ms avg=  1.064ms p95=  1.150ms max=  2.984ms calls(last=  1,win= 120,total=6069) (win 6.4% | avg 6.4% budget)
  enemy.physics.frontal_collisions win=  0.928ms avg=  1.098ms p95=  1.867ms max=  2.312ms calls(last=  1,win= 142,total=3211) (win 5.6% | avg 6.6% budget)
  enemy.physics.frontal_grid_build win=  0.858ms avg=  1.015ms p95=  1.738ms max=  2.147ms calls(last=  1,win= 142,total=3211) (win 5.1% | avg 6.1% budget)
  frame.render.world.effects       win=  0.803ms avg=  0.803ms p95=  1.157ms max=  3.307ms calls(last=  1,win= 120,total=6069) (win 4.8% | avg 4.8% budget)
  enemy.physics.separation         win=  0.596ms avg=  0.705ms p95=  1.192ms max=  1.471ms calls(last=  1,win= 142,total=3211) (win 3.6% | avg 4.2% budget)
  enemy.physics.separation_grid_build win=  0.549ms avg=  0.650ms p95=  1.100ms max=  1.347ms calls(last=  1,win= 142,total=3211) (win 3.3% | avg 3.9% budget)
  enemy.torpedo.select_heading     win=  0.446ms avg=  0.004ms p95=  0.000ms max=  0.823ms calls(last=  0,win=   1,total=31) (win 2.7% | avg 0.0% budget)
  enemy.ai.movement                win=  0.102ms avg=  0.508ms p95=  1.057ms max=  1.441ms calls(last=  4,win= 597,total=11395) (win 0.6% | avg 3.0% budget)
  enemy.cheap.segment_build        win=  0.051ms avg=  0.034ms p95=  0.136ms max=  0.323ms calls(last=  0,win=  80,total=3579) (win 0.3% | avg 0.2% budget)
  system.physics_collision         win=  0.048ms avg=  0.056ms p95=  0.105ms max=  0.371ms calls(last=  1,win= 142,total=6591) (win 0.3% | avg 0.3% budget)
  enemy.physics.frontal_pair_traverse win=  0.044ms avg=  0.052ms p95=  0.085ms max=  0.338ms calls(last=  1,win= 142,total=3211) (win 0.3% | avg 0.3% budget)
  system.spawner_update            win=  0.041ms avg=  0.048ms p95=  0.080ms max=  0.289ms calls(last=  1,win= 142,total=6591) (win 0.2% | avg 0.3% budget)
  enemy.ai.decision                win=  0.035ms avg=  0.173ms p95=  0.344ms max=  0.892ms calls(last=  4,win= 597,total=11395) (win 0.2% | avg 1.0% budget)
  enemy.physics.separation_pair_traverse win=  0.031ms avg=  0.037ms p95=  0.065ms max=  0.281ms calls(last=  1,win= 142,total=3211) (win 0.2% | avg 0.2% budget)
[ENEMY_STATS] frame=6120 alive=72 visible=1 full=4 cheap=68 fullInBase=0 pairs(frontal=0 checks=0 separation=0 resolved=0)
[ENEMY_WINDOW] steps=142 alive[min=72 max=72] visible[min=1 max=2] full[min=3 max=5] collisionPasses[runs=142 skips=0]
[ENEMY_SEGMENTS] window=2.367s D{b/s=16.48 avgLen=4.86 fail=0} T{b/s=17.32 avgLen=6.49 fail=0} H{b/s=0.00 avgLen=0.00 fail=0} A{b/s=0.00 avgLen=0.00 fail=0}
[ENEMY_GRID] frontal{cand/s=252.7 xcell/s=2.1 ins/s=254.8} separation{cand/s=252.7}
[ENEMY_COLLISION_WINDOW] frontal{pairs/s=0.0 checks/s=0.0 baseSkip=0 kill=0(0.0%)} separation{pairs/s=0.0 resolved/s=0.0(0.0%) baseSkip=0 kill=0 wallBlock=0}
[ENEMY_NAV_CACHE] playerCell{changes=0 flowRebuilds=0} flow{hit=0 miss=0 hit%=0.0} pathFallback{calls=0 ok=0 ok%=0.0}
[ENEMY_SAP] updates=0 active=0 pairs=0 repairs{x=0 y=0}
[ENEMY_PAIR_TYPES] frontal DD=0 DT=0 DH=0 DA=0 TT=0 TH=0 TA=0 HH=0 HA=0 AA=0 separation DD=0 DT=0 DH=0 DA=0 TT=0 TH=0 TA=0 HH=0 HA=0 AA=0
[TORPEDO_HEADING] eval/s=0.42 retreat/s=0.00 pick[straight=0.0% left=0.0% right=100.0%] clear[best=15.00 chosen=15.00]

[PROFILE] frame=6240 budget=16.667ms alloc(+0/-0, +0b/-0b, live=132624b peak=390568b)
  frame.total                      win= 17.315ms avg= 17.315ms p95= 18.597ms max= 84.000ms calls(last=  1,win= 120,total=6240) (win 103.9% | avg 103.9% budget)
  frame.render                     win= 16.083ms avg= 16.083ms p95= 17.295ms max= 83.961ms calls(last=  1,win= 120,total=6240) (win 96.5% | avg 96.5% budget)
  frame.present                    win= 16.076ms avg= 16.076ms p95= 17.288ms max= 83.954ms calls(last=  1,win= 120,total=6240) (win 96.5% | avg 96.5% budget)
  frame.render.world               win=  4.886ms avg=  5.130ms p95= 10.210ms max= 20.350ms calls(last=  0,win= 126,total=12264) (win 29.3% | avg 30.8% budget)
  game.update                      win=  4.783ms avg=  0.877ms p95=  4.793ms max= 10.767ms calls(last=  0,win=  22,total=6613) (win 28.7% | avg 5.3% budget)
  system.ai_update                 win=  4.679ms avg=  0.858ms p95=  4.695ms max= 10.483ms calls(last=  0,win=  22,total=6613) (win 28.1% | avg 5.1% budget)
  enemy.update                     win=  4.672ms avg=  0.857ms p95=  4.688ms max= 10.471ms calls(last=  0,win=  22,total=6613) (win 28.0% | avg 5.1% budget)
  frame.render.overlay             win=  2.270ms avg=  2.024ms p95=  4.807ms max=  7.506ms calls(last=  0,win= 107,total=6176) (win 13.6% | avg 12.1% budget)
  frame.render.world.enemies       win=  1.185ms avg=  0.622ms p95=  1.227ms max=  3.607ms calls(last=  0,win=  63,total=6132) (win 7.1% | avg 3.7% budget)
  frame.fixed_step                 win=  1.138ms avg=  1.194ms p95=  6.459ms max= 14.466ms calls(last=  1,win= 126,total=6770) (win 6.8% | avg 7.2% budget)
  frame.render.world.effects       win=  1.023ms avg=  0.537ms p95=  1.117ms max=  3.307ms calls(last=  0,win=  63,total=6132) (win 6.1% | avg 3.2% budget)
  frame.render.world.maze          win=  1.019ms avg=  0.535ms p95=  1.053ms max=  2.984ms calls(last=  0,win=  63,total=6132) (win 6.1% | avg 3.2% budget)
  enemy.physics.frontal_collisions win=  0.957ms avg=  0.176ms p95=  0.963ms max=  2.312ms calls(last=  0,win=  22,total=3233) (win 5.7% | avg 1.1% budget)
  enemy.physics.frontal_grid_build win=  0.874ms avg=  0.160ms p95=  0.883ms max=  2.147ms calls(last=  0,win=  22,total=3233) (win 5.2% | avg 1.0% budget)
  enemy.physics.separation         win=  0.611ms avg=  0.112ms p95=  0.585ms max=  1.471ms calls(last=  0,win=  22,total=3233) (win 3.7% | avg 0.7% budget)
  enemy.physics.separation_grid_build win=  0.562ms avg=  0.103ms p95=  0.540ms max=  1.347ms calls(last=  0,win=  22,total=3233) (win 3.4% | avg 0.6% budget)
  enemy.ai.movement                win=  0.109ms avg=  0.080ms p95=  0.430ms max=  1.441ms calls(last=  0,win=  88,total=11483) (win 0.7% | avg 0.5% budget)
  system.spawner_update            win=  0.058ms avg=  0.011ms p95=  0.055ms max=  0.289ms calls(last=  0,win=  22,total=6613) (win 0.3% | avg 0.1% budget)
  enemy.physics.frontal_pair_traverse win=  0.053ms avg=  0.010ms p95=  0.053ms max=  0.338ms calls(last=  0,win=  22,total=3233) (win 0.3% | avg 0.1% budget)
  enemy.cheap.segment_build        win=  0.044ms avg=  0.005ms p95=  0.054ms max=  0.323ms calls(last=  0,win=  14,total=3593) (win 0.3% | avg 0.0% budget)
  enemy.physics.separation_pair_traverse win=  0.033ms avg=  0.006ms p95=  0.031ms max=  0.281ms calls(last=  0,win=  22,total=3233) (win 0.2% | avg 0.0% budget)
  frame.input_poll                 win=  0.027ms avg=  0.027ms p95=  0.028ms max=  0.249ms calls(last=  1,win= 120,total=6240) (win 0.2% | avg 0.2% budget)
  enemy.ai.decision                win=  0.019ms avg=  0.014ms p95=  0.074ms max=  0.892ms calls(last=  0,win=  88,total=11483) (win 0.1% | avg 0.1% budget)
  enemy.type.drone                 win=  0.017ms avg=  0.135ms p95=  0.748ms max=  2.064ms calls(last=  0,win= 968,total=271130) (win 0.1% | avg 0.8% budget)
INFO: TEXTURE: [ID 3] Unloaded texture data from VRAM (GPU)
INFO: TEXTURE: [ID 4] Unloaded texture data from VRAM (GPU)
INFO: AUDIO: Device closed successfully
INFO: TEXTURE: [ID 2] Unloaded texture data from VRAM (GPU)
INFO: SHADER: [ID 3] Default shader unloaded successfully
INFO: TEXTURE: [ID 1] Default texture unloaded successfully
INFO: Window closed successfully
ark@rg353v:/roms2/ports/bolt$