INFO: Initializing raylib 5.6-dev
INFO: Platform backend: DESKTOP (SDL)
INFO: Supported raylib modules:
INFO:     > rcore:..... loaded (mandatory)
INFO:     > rlgl:...... loaded (mandatory)
INFO:     > rshapes:... loaded (optional)
INFO:     > rtextures:. loaded (optional)
INFO:     > rtext:..... loaded (optional)
INFO:     > rmodels:... loaded (optional)
INFO:     > raudio:.... loaded (optional)
arm_release_ver: g13p0-01eac0, rk_so_ver: 11
INFO: DISPLAY: Device initialized successfully
INFO:     > Display size: 640 x 480
INFO:     > Screen size:  640 x 480
INFO:     > Render size:  640 x 480
INFO:     > Viewport offsets: 0, 0
INFO: GLAD: OpenGL ES 2.0 loaded successfully
INFO: GL: Supported extensions count: 99
INFO: GL: OpenGL device information:
INFO:     > Vendor:   ARM
INFO:     > Renderer: Mali-G52
INFO:     > Version:  OpenGL ES 3.2 v1.g13p0-01eac0.fdf91928d758c45c1787782175b35c6a
INFO:     > GLSL:     OpenGL ES GLSL ES 3.20
INFO: GL: VAO extension detected, VAO functions loaded successfully
INFO: GL: NPOT textures extension detected, full NPOT textures supported
INFO: GL: ETC1 compressed textures supported
INFO: GL: ASTC compressed textures supported
INFO: PLATFORM: DESKTOP (SDL2): Initialized successfully
INFO: TEXTURE: [ID 1] Texture loaded successfully (1x1 | R8G8B8A8 | 1 mipmaps)
INFO: TEXTURE: [ID 1] Default texture loaded successfully
INFO: SHADER: [ID 1] Vertex shader compiled successfully
INFO: SHADER: [ID 2] Fragment shader compiled successfully
INFO: SHADER: [ID 3] Program shader loaded successfully
INFO: SHADER: [ID 3] Default shader loaded successfully
INFO: RLGL: Render batch vertex buffers loaded successfully in RAM (CPU)
INFO: RLGL: Render batch vertex buffers loaded successfully in VRAM (GPU)
INFO: RLGL: Default OpenGL state initialized successfully
INFO: TEXTURE: [ID 2] Texture loaded successfully (128x128 | GRAY_ALPHA | 1 mipmaps)
INFO: FONT: Default font loaded successfully (224 glyphs)
INFO: SYSTEM: Working Directory: /roms2/ports/bolt
INFO: TIMER: Target time per frame: 16.667 milliseconds
INFO: FILEIO: [resources/textures/sprites.png] File loaded successfully
INFO: IMAGE: Data loaded successfully (18x63 | R8G8B8A8 | 1 mipmaps)
INFO: TEXTURE: [ID 3] Texture loaded successfully (72x9 | R8G8B8A8 | 1 mipmaps)
INFO: TEXTURE: [ID 4] Texture loaded successfully (72x36 | R8G8B8A8 | 1 mipmaps)
INFO: AUDIO: Device initialized successfully
INFO:     > Backend:       miniaudio | ALSA
INFO:     > Format:        32-bit IEEE Floating Point -> 32-bit IEEE Floating Point
INFO:     > Channels:      2 -> 2
INFO:     > Sample rate:   44100 -> 44100
INFO:     > Periods size:  3072
INFO: FILEIO: [resources/audio/keyboard-click.wav] File loaded successfully
INFO: WAVE: Data loaded successfully (48000 Hz, 16 bit, 1 channels)
INFO: AUDIO: menu click sound loaded from: resources/audio/keyboard-click.wav
INFO: FILEIO: [resources/audio/power-up.wav] File loaded successfully
INFO: WAVE: Data loaded successfully (48000 Hz, 16 bit, 1 channels)
INFO: AUDIO: power-up sound loaded from: resources/audio/power-up.wav
INFO: FILEIO: [resources/audio/player-shot.wav] File loaded successfully
INFO: WAVE: Data loaded successfully (48000 Hz, 16 bit, 1 channels)
INFO: AUDIO: player-shot sound loaded from: resources/audio/player-shot.wav
INFO: FILEIO: [resources/audio/enemy-shot.wav] File loaded successfully
INFO: WAVE: Data loaded successfully (48000 Hz, 16 bit, 1 channels)
INFO: AUDIO: enemy-shot sound loaded from: resources/audio/enemy-shot.wav
INFO: FILEIO: [resources/audio/enemy-spawning.wav] File loaded successfully
INFO: WAVE: Data loaded successfully (48000 Hz, 16 bit, 1 channels)
INFO: AUDIO: enemy-spawning sound loaded from: resources/audio/enemy-spawning.wav
INFO: FILEIO: [resources/audio/enemy-exploding.wav] File loaded successfully
INFO: WAVE: Data loaded successfully (48000 Hz, 16 bit, 1 channels)
INFO: AUDIO: enemy-exploding sound loaded from: resources/audio/enemy-exploding.wav
INFO: FILEIO: [resources/audio/base-exploding.wav] File loaded successfully
INFO: WAVE: Data loaded successfully (48000 Hz, 16 bit, 1 channels)
INFO: AUDIO: base-exploding sound loaded from: resources/audio/base-exploding.wav

[PROFILE] frame=120 budget=16.667ms alloc(+0/-0, +0b/-0b, live=0b peak=56b)
  frame.total                      win= 17.106ms avg= 17.106ms p95= 17.040ms max= 36.586ms calls(last=  1,win= 120,total=120) (win 102.6% | avg 102.6% budget)
  frame.render                     win= 17.068ms avg= 17.068ms p95= 17.003ms max= 36.544ms calls(last=  1,win= 120,total=120) (win 102.4% | avg 102.4% budget)
  frame.present                    win= 17.060ms avg= 17.060ms p95= 16.996ms max= 36.536ms calls(last=  1,win= 120,total=120) (win 102.4% | avg 102.4% budget)
  frame.input_poll                 win=  0.027ms avg=  0.027ms p95=  0.030ms max=  0.032ms calls(last=  1,win= 120,total=120) (win 0.2% | avg 0.2% budget)
  frame.fixed_step                 win=  0.002ms avg=  0.002ms p95=  0.003ms max=  0.003ms calls(last=  1,win= 124,total=124) (win 0.0% | avg 0.0% budget)

[PROFILE] frame=240 budget=16.667ms alloc(+16/-16, +105424b/-105424b, live=15480b peak=136400b)
  frame.total                      win= 17.496ms avg= 17.496ms p95= 17.437ms max= 85.525ms calls(last=  1,win= 120,total=240) (win 105.0% | avg 105.0% budget)
  frame.render                     win= 16.964ms avg= 16.964ms p95= 16.930ms max= 85.484ms calls(last=  1,win= 120,total=240) (win 101.8% | avg 101.8% budget)
  frame.present                    win= 16.956ms avg= 16.956ms p95= 16.919ms max= 85.478ms calls(last=  1,win= 120,total=240) (win 101.7% | avg 101.7% budget)
  frame.render.world               win=  5.263ms avg=  1.623ms p95=  5.392ms max=  5.704ms calls(last=  1,win=  37,total=37) (win 31.6% | avg 9.7% budget)
  frame.render.overlay             win=  2.966ms avg=  0.915ms p95=  3.494ms max=  3.774ms calls(last=  1,win=  37,total=37) (win 17.8% | avg 5.5% budget)
  game.update                      win=  1.269ms avg=  0.423ms p95=  1.338ms max=  4.780ms calls(last=  1,win=  40,total=40) (win 7.6% | avg 2.5% budget)
  system.ai_update                 win=  1.202ms avg=  0.401ms p95=  1.243ms max=  4.634ms calls(last=  1,win=  40,total=40) (win 7.2% | avg 2.4% budget)
  enemy.update                     win=  1.194ms avg=  0.398ms p95=  1.237ms max=  4.581ms calls(last=  1,win=  40,total=40) (win 7.2% | avg 2.4% budget)
  frame.fixed_step                 win=  0.475ms avg=  0.495ms p95=  1.587ms max=  5.369ms calls(last=  1,win= 125,total=249) (win 2.9% | avg 3.0% budget)
  enemy.cheap.segment_build        win=  0.228ms avg=  0.002ms p95=  0.000ms max=  0.228ms calls(last=  0,win=   1,total=1) (win 1.4% | avg 0.0% budget)
  enemy.type.torpedo               win=  0.048ms avg=  0.004ms p95=  0.021ms max=  0.287ms calls(last=  1,win=  10,total=10) (win 0.3% | avg 0.0% budget)
  frame.input_poll                 win=  0.027ms avg=  0.027ms p95=  0.029ms max=  0.051ms calls(last=  1,win= 120,total=240) (win 0.2% | avg 0.2% budget)
  system.spawner_update            win=  0.018ms avg=  0.006ms p95=  0.011ms max=  0.386ms calls(last=  1,win=  40,total=40) (win 0.1% | avg 0.0% budget)
  system.physics_collision         win=  0.016ms avg=  0.005ms p95=  0.017ms max=  0.050ms calls(last=  1,win=  40,total=40) (win 0.1% | avg 0.0% budget)
  system.projectile_update         win=  0.003ms avg=  0.001ms p95=  0.003ms max=  0.008ms calls(last=  1,win=  40,total=40) (win 0.0% | avg 0.0% budget)
  system.maze_update               win=  0.001ms avg=  0.000ms p95=  0.001ms max=  0.002ms calls(last=  1,win=  40,total=40) (win 0.0% | avg 0.0% budget)
[ENEMY_STATS] frame=240 alive=1 visible=0 full=0 cheap=1 fullInBase=0 pairs(frontal=0 checks=0 separation=0 resolved=0)

[PROFILE] frame=360 budget=16.667ms alloc(+30/-30, +118720b/-118720b, live=29160b peak=144296b)
  frame.total                      win= 16.901ms avg= 16.901ms p95= 17.410ms max= 85.525ms calls(last=  1,win= 120,total=360) (win 101.4% | avg 101.4% budget)
  frame.render                     win= 15.029ms avg= 15.029ms p95= 15.746ms max= 85.484ms calls(last=  1,win= 120,total=360) (win 90.2% | avg 90.2% budget)
  frame.present                    win= 15.021ms avg= 15.021ms p95= 15.739ms max= 85.478ms calls(last=  1,win= 120,total=360) (win 90.1% | avg 90.1% budget)
  frame.render.world               win=  5.361ms avg=  5.361ms p95=  5.652ms max=  8.820ms calls(last=  1,win= 120,total=157) (win 32.2% | avg 32.2% budget)
  frame.render.overlay             win=  2.966ms avg=  2.966ms p95=  3.595ms max=  3.928ms calls(last=  1,win= 120,total=157) (win 17.8% | avg 17.8% budget)
  frame.fixed_step                 win=  1.789ms avg=  1.834ms p95=  2.263ms max=  5.369ms calls(last=  1,win= 123,total=372) (win 10.7% | avg 11.0% budget)
  game.update                      win=  1.507ms avg=  1.544ms p95=  1.945ms max=  4.780ms calls(last=  1,win= 123,total=163) (win 9.0% | avg 9.3% budget)
  system.ai_update                 win=  1.380ms avg=  1.414ms p95=  1.695ms max=  4.634ms calls(last=  1,win= 123,total=163) (win 8.3% | avg 8.5% budget)
  enemy.update                     win=  1.375ms avg=  1.409ms p95=  1.690ms max=  4.581ms calls(last=  1,win= 123,total=163) (win 8.2% | avg 8.5% budget)
  enemy.cheap.segment_build        win=  0.264ms avg=  0.040ms p95=  0.282ms max=  0.478ms calls(last=  1,win=  18,total=19) (win 1.6% | avg 0.2% budget)
  system.spawner_update            win=  0.066ms avg=  0.068ms p95=  0.405ms max=  0.763ms calls(last=  1,win= 123,total=163) (win 0.4% | avg 0.4% budget)
  frame.input_poll                 win=  0.027ms avg=  0.027ms p95=  0.028ms max=  0.051ms calls(last=  1,win= 120,total=360) (win 0.2% | avg 0.2% budget)
  system.player_update             win=  0.025ms avg=  0.009ms p95=  0.025ms max=  0.065ms calls(last=  1,win=  43,total=43) (win 0.1% | avg 0.1% budget)
  system.physics_collision         win=  0.017ms avg=  0.018ms p95=  0.021ms max=  0.050ms calls(last=  1,win= 123,total=163) (win 0.1% | avg 0.1% budget)
  enemy.type.torpedo               win=  0.011ms avg=  0.061ms p95=  0.285ms max=  0.345ms calls(last=  9,win= 632,total=642) (win 0.1% | avg 0.4% budget)
  enemy.type.drone                 win=  0.008ms avg=  0.030ms p95=  0.254ms max=  0.324ms calls(last=  6,win= 436,total=436) (win 0.0% | avg 0.2% budget)
  system.projectile_update         win=  0.003ms avg=  0.003ms p95=  0.004ms max=  0.008ms calls(last=  1,win= 123,total=163) (win 0.0% | avg 0.0% budget)
  system.maze_update               win=  0.001ms avg=  0.001ms p95=  0.001ms max=  0.002ms calls(last=  1,win= 123,total=163) (win 0.0% | avg 0.0% budget)
[ENEMY_STATS] frame=360 alive=15 visible=0 full=0 cheap=15 fullInBase=0 pairs(frontal=0 checks=0 separation=0 resolved=0)

[PROFILE] frame=480 budget=16.667ms alloc(+40/-40, +128256b/-128256b, live=43752b peak=168272b)
  frame.total                      win= 16.946ms avg= 16.946ms p95= 17.400ms max= 85.525ms calls(last=  1,win= 120,total=480) (win 101.7% | avg 101.7% budget)
  frame.render                     win= 14.867ms avg= 14.867ms p95= 15.230ms max= 85.484ms calls(last=  1,win= 120,total=480) (win 89.2% | avg 89.2% budget)
  frame.present                    win= 14.860ms avg= 14.860ms p95= 15.223ms max= 85.478ms calls(last=  1,win= 120,total=480) (win 89.2% | avg 89.2% budget)
  frame.render.world               win=  5.402ms avg=  5.402ms p95=  5.567ms max=  8.820ms calls(last=  1,win= 120,total=277) (win 32.4% | avg 32.4% budget)
  frame.render.overlay             win=  2.987ms avg=  2.987ms p95=  3.628ms max=  3.928ms calls(last=  1,win= 120,total=277) (win 17.9% | avg 17.9% budget)
  frame.fixed_step                 win=  2.006ms avg=  2.040ms p95=  2.405ms max=  5.369ms calls(last=  1,win= 122,total=494) (win 12.0% | avg 12.2% budget)
  game.update                      win=  1.638ms avg=  1.665ms p95=  2.028ms max=  4.780ms calls(last=  1,win= 122,total=285) (win 9.8% | avg 10.0% budget)
  system.ai_update                 win=  1.496ms avg=  1.521ms p95=  1.812ms max=  4.634ms calls(last=  1,win= 122,total=285) (win 9.0% | avg 9.1% budget)
  enemy.update                     win=  1.491ms avg=  1.516ms p95=  1.808ms max=  4.581ms calls(last=  1,win= 122,total=285) (win 8.9% | avg 9.1% budget)
  enemy.cheap.segment_build        win=  0.264ms avg=  0.064ms p95=  0.309ms max=  0.515ms calls(last=  0,win=  29,total=48) (win 1.6% | avg 0.4% budget)
  system.spawner_update            win=  0.064ms avg=  0.065ms p95=  0.406ms max=  1.091ms calls(last=  1,win= 122,total=285) (win 0.4% | avg 0.4% budget)
  frame.input_poll                 win=  0.028ms avg=  0.028ms p95=  0.029ms max=  0.090ms calls(last=  1,win= 120,total=480) (win 0.2% | avg 0.2% budget)
  system.player_update             win=  0.025ms avg=  0.025ms p95=  0.027ms max=  0.065ms calls(last=  1,win= 122,total=165) (win 0.1% | avg 0.1% budget)
  system.physics_collision         win=  0.019ms avg=  0.019ms p95=  0.022ms max=  0.050ms calls(last=  1,win= 122,total=285) (win 0.1% | avg 0.1% budget)
  enemy.type.torpedo               win=  0.009ms avg=  0.103ms p95=  0.356ms max=  0.572ms calls(last= 14,win=1335,total=1977) (win 0.1% | avg 0.6% budget)
  enemy.type.drone                 win=  0.005ms avg=  0.042ms p95=  0.224ms max=  0.330ms calls(last= 11,win=1021,total=1457) (win 0.0% | avg 0.2% budget)
  system.projectile_update         win=  0.003ms avg=  0.003ms p95=  0.004ms max=  0.008ms calls(last=  1,win= 122,total=285) (win 0.0% | avg 0.0% budget)
  system.maze_update               win=  0.001ms avg=  0.001ms p95=  0.001ms max=  0.002ms calls(last=  1,win= 122,total=285) (win 0.0% | avg 0.0% budget)
[ENEMY_STATS] frame=480 alive=25 visible=0 full=0 cheap=25 fullInBase=0 pairs(frontal=0 checks=0 separation=0 resolved=0)

[PROFILE] frame=600 budget=16.667ms alloc(+51/-51, +138904b/-138904b, live=72936b peak=207968b)
  frame.total                      win= 16.922ms avg= 16.922ms p95= 17.412ms max= 85.525ms calls(last=  1,win= 120,total=600) (win 101.5% | avg 101.5% budget)
  frame.render                     win= 14.527ms avg= 14.527ms p95= 15.234ms max= 85.484ms calls(last=  1,win= 120,total=600) (win 87.2% | avg 87.2% budget)
  frame.present                    win= 14.519ms avg= 14.519ms p95= 15.227ms max= 85.478ms calls(last=  1,win= 120,total=600) (win 87.1% | avg 87.1% budget)
  frame.render.world               win=  5.675ms avg=  5.675ms p95=  5.993ms max=  9.649ms calls(last=  1,win= 120,total=397) (win 34.1% | avg 34.1% budget)
  frame.render.overlay             win=  3.013ms avg=  3.013ms p95=  3.668ms max=  3.928ms calls(last=  1,win= 120,total=397) (win 18.1% | avg 18.1% budget)
  frame.fixed_step                 win=  2.299ms avg=  2.357ms p95=  2.865ms max=  5.369ms calls(last=  1,win= 123,total=617) (win 13.8% | avg 14.1% budget)
  game.update                      win=  1.778ms avg=  1.822ms p95=  2.356ms max=  4.780ms calls(last=  1,win= 123,total=408) (win 10.7% | avg 10.9% budget)
  system.ai_update                 win=  1.624ms avg=  1.665ms p95=  2.111ms max=  4.634ms calls(last=  1,win= 123,total=408) (win 9.7% | avg 10.0% budget)
  enemy.update                     win=  1.619ms avg=  1.660ms p95=  2.105ms max=  4.581ms calls(last=  1,win= 123,total=408) (win 9.7% | avg 10.0% budget)
  enemy.cheap.segment_build        win=  0.254ms avg=  0.089ms p95=  0.436ms max=  0.731ms calls(last=  2,win=  42,total=90) (win 1.5% | avg 0.5% budget)
  system.spawner_update            win=  0.069ms avg=  0.071ms p95=  0.434ms max=  1.091ms calls(last=  1,win= 123,total=408) (win 0.4% | avg 0.4% budget)
  frame.input_poll                 win=  0.028ms avg=  0.028ms p95=  0.028ms max=  0.115ms calls(last=  1,win= 120,total=600) (win 0.2% | avg 0.2% budget)
  system.player_update             win=  0.026ms avg=  0.027ms p95=  0.029ms max=  0.065ms calls(last=  1,win= 123,total=288) (win 0.2% | avg 0.2% budget)
  system.physics_collision         win=  0.020ms avg=  0.021ms p95=  0.025ms max=  0.054ms calls(last=  1,win= 123,total=408) (win 0.1% | avg 0.1% budget)
  enemy.type.torpedo               win=  0.008ms avg=  0.128ms p95=  0.381ms max=  0.588ms calls(last= 18,win=1915,total=3892) (win 0.0% | avg 0.8% budget)
  enemy.type.drone                 win=  0.005ms avg=  0.077ms p95=  0.311ms max=  0.625ms calls(last= 18,win=1826,total=3283) (win 0.0% | avg 0.5% budget)
  system.projectile_update         win=  0.004ms avg=  0.004ms p95=  0.004ms max=  0.031ms calls(last=  1,win= 123,total=408) (win 0.0% | avg 0.0% budget)
  system.maze_update               win=  0.001ms avg=  0.001ms p95=  0.001ms max=  0.002ms calls(last=  1,win= 123,total=408) (win 0.0% | avg 0.0% budget)
[ENEMY_STATS] frame=600 alive=36 visible=0 full=0 cheap=36 fullInBase=0 pairs(frontal=0 checks=0 separation=0 resolved=0)

[PROFILE] frame=720 budget=16.667ms alloc(+60/-60, +147600b/-147600b, live=72936b peak=216576b)
  frame.total                      win= 16.912ms avg= 16.912ms p95= 17.407ms max= 85.525ms calls(last=  1,win= 120,total=720) (win 101.5% | avg 101.5% budget)
  frame.render                     win= 14.200ms avg= 14.200ms p95= 14.772ms max= 85.484ms calls(last=  1,win= 120,total=720) (win 85.2% | avg 85.2% budget)
  frame.present                    win= 14.192ms avg= 14.192ms p95= 14.764ms max= 85.478ms calls(last=  1,win= 120,total=720) (win 85.2% | avg 85.2% budget)
  frame.render.world               win=  5.758ms avg=  5.758ms p95=  5.968ms max=  9.649ms calls(last=  1,win= 120,total=517) (win 34.5% | avg 34.5% budget)
  frame.render.overlay             win=  3.003ms avg=  3.003ms p95=  3.608ms max=  3.928ms calls(last=  1,win= 120,total=517) (win 18.0% | avg 18.0% budget)
  frame.fixed_step                 win=  2.630ms avg=  2.674ms p95=  3.274ms max=  5.379ms calls(last=  1,win= 122,total=739) (win 15.8% | avg 16.0% budget)
  game.update                      win=  1.908ms avg=  1.940ms p95=  2.519ms max=  4.780ms calls(last=  1,win= 122,total=530) (win 11.4% | avg 11.6% budget)
  system.ai_update                 win=  1.748ms avg=  1.777ms p95=  2.199ms max=  4.634ms calls(last=  1,win= 122,total=530) (win 10.5% | avg 10.7% budget)
  enemy.update                     win=  1.743ms avg=  1.772ms p95=  2.195ms max=  4.581ms calls(last=  1,win= 122,total=530) (win 10.5% | avg 10.6% budget)
  enemy.cheap.segment_build        win=  0.262ms avg=  0.111ms p95=  0.518ms max=  0.978ms calls(last=  0,win=  51,total=141) (win 1.6% | avg 0.7% budget)
  system.spawner_update            win=  0.073ms avg=  0.074ms p95=  0.434ms max=  1.091ms calls(last=  1,win= 122,total=530) (win 0.4% | avg 0.4% budget)
  frame.input_poll                 win=  0.027ms avg=  0.027ms p95=  0.029ms max=  0.115ms calls(last=  1,win= 120,total=720) (win 0.2% | avg 0.2% budget)
  system.player_update             win=  0.026ms avg=  0.027ms p95=  0.028ms max=  0.065ms calls(last=  1,win= 122,total=410) (win 0.2% | avg 0.2% budget)
  system.physics_collision         win=  0.022ms avg=  0.023ms p95=  0.027ms max=  0.059ms calls(last=  1,win= 122,total=530) (win 0.1% | avg 0.1% budget)
  enemy.type.torpedo               win=  0.007ms avg=  0.137ms p95=  0.390ms max=  0.650ms calls(last= 21,win=2336,total=6228) (win 0.0% | avg 0.8% budget)
  enemy.type.drone                 win=  0.005ms avg=  0.121ms p95=  0.375ms max=  0.886ms calls(last= 24,win=2688,total=5971) (win 0.0% | avg 0.7% budget)
  system.projectile_update         win=  0.003ms avg=  0.003ms p95=  0.004ms max=  0.038ms calls(last=  1,win= 122,total=530) (win 0.0% | avg 0.0% budget)
  system.maze_update               win=  0.001ms avg=  0.001ms p95=  0.001ms max=  0.002ms calls(last=  1,win= 122,total=530) (win 0.0% | avg 0.0% budget)
[ENEMY_STATS] frame=720 alive=45 visible=0 full=0 cheap=45 fullInBase=0 pairs(frontal=0 checks=0 separation=0 resolved=0)

[PROFILE] frame=840 budget=16.667ms alloc(+68/-68, +155312b/-155312b, live=72936b peak=224208b)
  frame.total                      win= 16.933ms avg= 16.933ms p95= 17.482ms max= 85.525ms calls(last=  1,win= 120,total=840) (win 101.6% | avg 101.6% budget)
  frame.render                     win= 13.860ms avg= 13.860ms p95= 14.616ms max= 85.484ms calls(last=  1,win= 120,total=840) (win 83.2% | avg 83.2% budget)
  frame.present                    win= 13.852ms avg= 13.852ms p95= 14.608ms max= 85.478ms calls(last=  1,win= 120,total=840) (win 83.1% | avg 83.1% budget)
  frame.render.world               win=  5.860ms avg=  5.860ms p95=  6.083ms max=  9.649ms calls(last=  1,win= 120,total=637) (win 35.2% | avg 35.2% budget)
  frame.render.overlay             win=  3.025ms avg=  3.025ms p95=  3.643ms max=  3.928ms calls(last=  1,win= 120,total=637) (win 18.1% | avg 18.1% budget)
  frame.fixed_step                 win=  2.960ms avg=  3.034ms p95=  3.522ms max=  6.178ms calls(last=  1,win= 123,total=862) (win 17.8% | avg 18.2% budget)
  game.update                      win=  2.011ms avg=  2.061ms p95=  2.633ms max=  4.780ms calls(last=  1,win= 123,total=653) (win 12.1% | avg 12.4% budget)
  system.ai_update                 win=  1.848ms avg=  1.894ms p95=  2.409ms max=  4.634ms calls(last=  1,win= 123,total=653) (win 11.1% | avg 11.4% budget)
  enemy.update                     win=  1.843ms avg=  1.889ms p95=  2.405ms max=  4.581ms calls(last=  1,win= 123,total=653) (win 11.1% | avg 11.3% budget)
  enemy.cheap.segment_build        win=  0.253ms avg=  0.131ms p95=  0.456ms max=  0.978ms calls(last=  0,win=  62,total=203) (win 1.5% | avg 0.8% budget)
  system.spawner_update            win=  0.074ms avg=  0.076ms p95=  0.402ms max=  1.091ms calls(last=  1,win= 123,total=653) (win 0.4% | avg 0.5% budget)
  frame.input_poll                 win=  0.028ms avg=  0.028ms p95=  0.030ms max=  0.115ms calls(last=  1,win= 120,total=840) (win 0.2% | avg 0.2% budget)
  system.player_update             win=  0.026ms avg=  0.027ms p95=  0.030ms max=  0.065ms calls(last=  1,win= 123,total=533) (win 0.2% | avg 0.2% budget)
  system.physics_collision         win=  0.023ms avg=  0.023ms p95=  0.032ms max=  0.059ms calls(last=  1,win= 123,total=653) (win 0.1% | avg 0.1% budget)
  enemy.type.torpedo               win=  0.007ms avg=  0.155ms p95=  0.371ms max=  0.671ms calls(last= 24,win=2857,total=9085) (win 0.0% | avg 0.9% budget)
  enemy.type.drone                 win=  0.005ms avg=  0.150ms p95=  0.411ms max=  0.886ms calls(last= 29,win=3364,total=9335) (win 0.0% | avg 0.9% budget)
  system.projectile_update         win=  0.003ms avg=  0.003ms p95=  0.004ms max=  0.038ms calls(last=  1,win= 123,total=653) (win 0.0% | avg 0.0% budget)
  system.maze_update               win=  0.001ms avg=  0.001ms p95=  0.001ms max=  0.002ms calls(last=  1,win= 123,total=653) (win 0.0% | avg 0.0% budget)
[ENEMY_STATS] frame=840 alive=53 visible=0 full=0 cheap=53 fullInBase=0 pairs(frontal=0 checks=0 separation=0 resolved=0)

[PROFILE] frame=960 budget=16.667ms alloc(+75/-75, +162008b/-162008b, live=72936b peak=230816b)
  frame.total                      win= 16.946ms avg= 16.946ms p95= 17.488ms max= 85.525ms calls(last=  1,win= 120,total=960) (win 101.7% | avg 101.7% budget)
  frame.render                     win= 13.669ms avg= 13.669ms p95= 14.375ms max= 85.484ms calls(last=  1,win= 120,total=960) (win 82.0% | avg 82.0% budget)
  frame.present                    win= 13.661ms avg= 13.661ms p95= 14.368ms max= 85.478ms calls(last=  1,win= 120,total=960) (win 82.0% | avg 82.0% budget)
  frame.render.world               win=  5.900ms avg=  5.900ms p95=  6.160ms max=  9.649ms calls(last=  1,win= 120,total=757) (win 35.4% | avg 35.4% budget)
  frame.fixed_step                 win=  3.186ms avg=  3.239ms p95=  3.737ms max=  6.327ms calls(last=  1,win= 122,total=984) (win 19.1% | avg 19.4% budget)
  frame.render.overlay             win=  3.021ms avg=  3.021ms p95=  3.659ms max=  3.928ms calls(last=  1,win= 120,total=757) (win 18.1% | avg 18.1% budget)
  game.update                      win=  2.082ms avg=  2.117ms p95=  2.539ms max=  4.780ms calls(last=  1,win= 122,total=775) (win 12.5% | avg 12.7% budget)
  system.ai_update                 win=  1.920ms avg=  1.952ms p95=  2.313ms max=  4.634ms calls(last=  1,win= 122,total=775) (win 11.5% | avg 11.7% budget)
  enemy.update                     win=  1.915ms avg=  1.947ms p95=  2.308ms max=  4.581ms calls(last=  1,win= 122,total=775) (win 11.5% | avg 11.7% budget)
  enemy.cheap.segment_build        win=  0.259ms avg=  0.138ms p95=  0.525ms max=  0.978ms calls(last=  1,win=  64,total=267) (win 1.6% | avg 0.8% budget)
  system.spawner_update            win=  0.071ms avg=  0.072ms p95=  0.411ms max=  1.091ms calls(last=  1,win= 122,total=775) (win 0.4% | avg 0.4% budget)
  frame.input_poll                 win=  0.027ms avg=  0.027ms p95=  0.028ms max=  0.115ms calls(last=  1,win= 120,total=960) (win 0.2% | avg 0.2% budget)
  system.player_update             win=  0.027ms avg=  0.027ms p95=  0.029ms max=  0.069ms calls(last=  1,win= 122,total=655) (win 0.2% | avg 0.2% budget)
  system.physics_collision         win=  0.024ms avg=  0.025ms p95=  0.030ms max=  0.062ms calls(last=  1,win= 122,total=775) (win 0.1% | avg 0.1% budget)
  enemy.type.torpedo               win=  0.006ms avg=  0.159ms p95=  0.397ms max=  0.671ms calls(last= 25,win=2947,total=12032) (win 0.0% | avg 1.0% budget)
  enemy.type.drone                 win=  0.005ms avg=  0.170ms p95=  0.408ms max=  0.886ms calls(last= 35,win=3925,total=13260) (win 0.0% | avg 1.0% budget)
  system.projectile_update         win=  0.003ms avg=  0.003ms p95=  0.004ms max=  0.038ms calls(last=  1,win= 122,total=775) (win 0.0% | avg 0.0% budget)
  system.maze_update               win=  0.001ms avg=  0.001ms p95=  0.001ms max=  0.002ms calls(last=  1,win= 122,total=775) (win 0.0% | avg 0.0% budget)
[ENEMY_STATS] frame=960 alive=60 visible=0 full=0 cheap=60 fullInBase=0 pairs(frontal=0 checks=0 separation=0 resolved=0)

[PROFILE] frame=1080 budget=16.667ms alloc(+79/-79, +165816b/-165816b, live=72936b peak=234648b)
  frame.total                      win= 16.946ms avg= 16.946ms p95= 17.480ms max= 85.525ms calls(last=  1,win= 120,total=1080) (win 101.7% | avg 101.7% budget)
  frame.render                     win= 13.457ms avg= 13.457ms p95= 14.017ms max= 85.484ms calls(last=  1,win= 120,total=1080) (win 80.7% | avg 80.7% budget)
  frame.present                    win= 13.449ms avg= 13.449ms p95= 14.009ms max= 85.478ms calls(last=  1,win= 120,total=1080) (win 80.7% | avg 80.7% budget)
  frame.render.world               win=  5.945ms avg=  5.945ms p95=  6.219ms max=  9.649ms calls(last=  1,win= 120,total=877) (win 35.7% | avg 35.7% budget)
  frame.fixed_step                 win=  3.367ms avg=  3.451ms p95=  3.874ms max=  6.811ms calls(last=  1,win= 123,total=1107) (win 20.2% | avg 20.7% budget)
  frame.render.overlay             win=  3.033ms avg=  3.033ms p95=  3.698ms max=  3.928ms calls(last=  1,win= 120,total=877) (win 18.2% | avg 18.2% budget)
  game.update                      win=  2.090ms avg=  2.143ms p95=  2.533ms max=  4.780ms calls(last=  1,win= 123,total=898) (win 12.5% | avg 12.9% budget)
  system.ai_update                 win=  1.946ms avg=  1.995ms p95=  2.396ms max=  4.634ms calls(last=  1,win= 123,total=898) (win 11.7% | avg 12.0% budget)
  enemy.update                     win=  1.941ms avg=  1.989ms p95=  2.391ms max=  4.581ms calls(last=  1,win= 123,total=898) (win 11.6% | avg 11.9% budget)
  enemy.cheap.segment_build        win=  0.252ms avg=  0.124ms p95=  0.474ms max=  0.978ms calls(last=  0,win=  59,total=326) (win 1.5% | avg 0.7% budget)
  system.spawner_update            win=  0.052ms avg=  0.054ms p95=  0.081ms max=  1.091ms calls(last=  1,win= 123,total=898) (win 0.3% | avg 0.3% budget)
  frame.input_poll                 win=  0.027ms avg=  0.027ms p95=  0.028ms max=  0.115ms calls(last=  1,win= 120,total=1080) (win 0.2% | avg 0.2% budget)
  system.player_update             win=  0.027ms avg=  0.027ms p95=  0.031ms max=  0.108ms calls(last=  1,win= 123,total=778) (win 0.2% | avg 0.2% budget)
  system.physics_collision         win=  0.025ms avg=  0.025ms p95=  0.030ms max=  0.062ms calls(last=  1,win= 123,total=898) (win 0.1% | avg 0.2% budget)
  enemy.type.torpedo               win=  0.007ms avg=  0.180ms p95=  0.429ms max=  0.887ms calls(last= 27,win=3202,total=15234) (win 0.0% | avg 1.1% budget)
  enemy.type.drone                 win=  0.004ms avg=  0.151ms p95=  0.406ms max=  0.886ms calls(last= 37,win=4428,total=17688) (win 0.0% | avg 0.9% budget)
  system.projectile_update         win=  0.003ms avg=  0.003ms p95=  0.004ms max=  0.038ms calls(last=  1,win= 123,total=898) (win 0.0% | avg 0.0% budget)
  system.maze_update               win=  0.001ms avg=  0.001ms p95=  0.001ms max=  0.002ms calls(last=  1,win= 123,total=898) (win 0.0% | avg 0.0% budget)
[ENEMY_STATS] frame=1080 alive=64 visible=0 full=0 cheap=64 fullInBase=0 pairs(frontal=0 checks=0 separation=0 resolved=0)

[PROFILE] frame=1200 budget=16.667ms alloc(+81/-81, +168632b/-168632b, live=131304b peak=295872b)
  frame.total                      win= 16.971ms avg= 16.971ms p95= 17.534ms max= 85.525ms calls(last=  1,win= 120,total=1200) (win 101.8% | avg 101.8% budget)
  frame.render                     win= 13.244ms avg= 13.244ms p95= 13.856ms max= 85.484ms calls(last=  1,win= 120,total=1200) (win 79.5% | avg 79.5% budget)
  frame.present                    win= 13.236ms avg= 13.236ms p95= 13.848ms max= 85.478ms calls(last=  1,win= 120,total=1200) (win 79.4% | avg 79.4% budget)
  frame.render.world               win=  5.906ms avg=  5.906ms p95=  6.093ms max=  9.649ms calls(last=  1,win= 120,total=997) (win 35.4% | avg 35.4% budget)
  frame.fixed_step                 win=  3.599ms avg=  3.689ms p95=  4.246ms max=  7.094ms calls(last=  1,win= 123,total=1230) (win 21.6% | avg 22.1% budget)
  frame.render.overlay             win=  3.036ms avg=  3.036ms p95=  3.673ms max=  4.143ms calls(last=  1,win= 120,total=997) (win 18.2% | avg 18.2% budget)
  game.update                      win=  2.208ms avg=  2.263ms p95=  2.792ms max=  4.780ms calls(last=  1,win= 123,total=1021) (win 13.2% | avg 13.6% budget)
  system.ai_update                 win=  2.063ms avg=  2.115ms p95=  2.646ms max=  4.634ms calls(last=  1,win= 123,total=1021) (win 12.4% | avg 12.7% budget)
  enemy.update                     win=  2.058ms avg=  2.109ms p95=  2.641ms max=  4.581ms calls(last=  1,win= 123,total=1021) (win 12.3% | avg 12.7% budget)
  enemy.cheap.segment_build        win=  0.185ms avg=  0.198ms p95=  0.623ms max=  1.158ms calls(last=  1,win= 129,total=455) (win 1.1% | avg 1.2% budget)
  system.spawner_update            win=  0.053ms avg=  0.054ms p95=  0.071ms max=  1.091ms calls(last=  1,win= 123,total=1021) (win 0.3% | avg 0.3% budget)
  frame.input_poll                 win=  0.027ms avg=  0.027ms p95=  0.030ms max=  0.115ms calls(last=  1,win= 120,total=1200) (win 0.2% | avg 0.2% budget)
  system.player_update             win=  0.026ms avg=  0.027ms p95=  0.029ms max=  0.108ms calls(last=  1,win= 123,total=901) (win 0.2% | avg 0.2% budget)
  system.physics_collision         win=  0.025ms avg=  0.026ms p95=  0.031ms max=  0.127ms calls(last=  1,win= 123,total=1021) (win 0.2% | avg 0.2% budget)
  enemy.type.torpedo               win=  0.008ms avg=  0.231ms p95=  0.587ms max=  0.887ms calls(last= 29,win=3450,total=18684) (win 0.0% | avg 1.4% budget)
  enemy.type.drone                 win=  0.005ms avg=  0.188ms p95=  0.422ms max=  0.886ms calls(last= 38,win=4592,total=22280) (win 0.0% | avg 1.1% budget)
  system.projectile_update         win=  0.003ms avg=  0.003ms p95=  0.004ms max=  0.038ms calls(last=  1,win= 123,total=1021) (win 0.0% | avg 0.0% budget)
  system.maze_update               win=  0.001ms avg=  0.001ms p95=  0.002ms max=  0.016ms calls(last=  1,win= 123,total=1021) (win 0.0% | avg 0.0% budget)
[ENEMY_STATS] frame=1200 alive=67 visible=0 full=0 cheap=67 fullInBase=0 pairs(frontal=0 checks=0 separation=0 resolved=0)

[PROFILE] frame=1320 budget=16.667ms alloc(+161/-161, +337704b/-337704b, live=131304b peak=297848b)
  frame.total                      win= 16.986ms avg= 16.986ms p95= 17.568ms max= 85.525ms calls(last=  1,win= 120,total=1320) (win 101.9% | avg 101.9% budget)
  frame.render                     win= 13.110ms avg= 13.110ms p95= 13.767ms max= 85.484ms calls(last=  1,win= 120,total=1320) (win 78.7% | avg 78.7% budget)
  frame.present                    win= 13.102ms avg= 13.102ms p95= 13.759ms max= 85.478ms calls(last=  1,win= 120,total=1320) (win 78.6% | avg 78.6% budget)
  frame.render.world               win=  5.884ms avg=  5.884ms p95=  6.046ms max=  9.649ms calls(last=  1,win= 120,total=1117) (win 35.3% | avg 35.3% budget)
  frame.fixed_step                 win=  3.745ms avg=  3.838ms p95=  4.236ms max=  7.360ms calls(last=  2,win= 123,total=1353) (win 22.5% | avg 23.0% budget)
  frame.render.overlay             win=  3.024ms avg=  3.024ms p95=  3.693ms max=  4.143ms calls(last=  1,win= 120,total=1117) (win 18.1% | avg 18.1% budget)
  game.update                      win=  2.271ms avg=  2.327ms p95=  2.747ms max=  4.780ms calls(last=  2,win= 123,total=1144) (win 13.6% | avg 14.0% budget)
  system.ai_update                 win=  2.132ms avg=  2.185ms p95=  2.622ms max=  4.634ms calls(last=  2,win= 123,total=1144) (win 12.8% | avg 13.1% budget)
  enemy.update                     win=  2.126ms avg=  2.180ms p95=  2.616ms max=  4.581ms calls(last=  2,win= 123,total=1144) (win 12.8% | avg 13.1% budget)
  enemy.cheap.segment_build        win=  0.156ms avg=  0.250ms p95=  0.601ms max=  1.158ms calls(last=  2,win= 192,total=647) (win 0.9% | avg 1.5% budget)
  system.spawner_update            win=  0.049ms avg=  0.050ms p95=  0.045ms max=  1.091ms calls(last=  2,win= 123,total=1144) (win 0.3% | avg 0.3% budget)
  frame.input_poll                 win=  0.027ms avg=  0.027ms p95=  0.029ms max=  0.115ms calls(last=  1,win= 120,total=1320) (win 0.2% | avg 0.2% budget)
  system.player_update             win=  0.026ms avg=  0.027ms p95=  0.029ms max=  0.108ms calls(last=  2,win= 123,total=1024) (win 0.2% | avg 0.2% budget)
  system.physics_collision         win=  0.024ms avg=  0.024ms p95=  0.036ms max=  0.127ms calls(last=  2,win= 123,total=1144) (win 0.1% | avg 0.1% budget)
  enemy.type.torpedo               win=  0.010ms avg=  0.302ms p95=  0.636ms max=  0.887ms calls(last= 60,win=3661,total=22345) (win 0.1% | avg 1.8% budget)
  enemy.type.drone                 win=  0.005ms avg=  0.178ms p95=  0.426ms max=  0.886ms calls(last= 78,win=4697,total=26977) (win 0.0% | avg 1.1% budget)
  system.projectile_update         win=  0.003ms avg=  0.003ms p95=  0.004ms max=  0.038ms calls(last=  2,win= 123,total=1144) (win 0.0% | avg 0.0% budget)
  system.maze_update               win=  0.001ms avg=  0.001ms p95=  0.001ms max=  0.016ms calls(last=  2,win= 123,total=1144) (win 0.0% | avg 0.0% budget)
[ENEMY_STATS] frame=1320 alive=69 visible=0 full=0 cheap=69 fullInBase=0 pairs(frontal=0 checks=0 separation=0 resolved=0)

[PROFILE] frame=1440 budget=16.667ms alloc(+84/-84, +170560b/-170560b, live=131304b peak=297848b)
  frame.total                      win= 16.947ms avg= 16.947ms p95= 17.488ms max= 85.525ms calls(last=  1,win= 120,total=1440) (win 101.7% | avg 101.7% budget)
  frame.render                     win= 13.041ms avg= 13.041ms p95= 13.759ms max= 85.484ms calls(last=  1,win= 120,total=1440) (win 78.2% | avg 78.2% budget)
  frame.present                    win= 13.034ms avg= 13.034ms p95= 13.751ms max= 85.478ms calls(last=  1,win= 120,total=1440) (win 78.2% | avg 78.2% budget)
  frame.render.world               win=  5.975ms avg=  5.975ms p95=  6.170ms max=  9.649ms calls(last=  1,win= 120,total=1237) (win 35.9% | avg 35.9% budget)
  frame.fixed_step                 win=  3.803ms avg=  3.867ms p95=  4.335ms max=  7.360ms calls(last=  1,win= 122,total=1475) (win 22.8% | avg 23.2% budget)
  frame.render.overlay             win=  3.042ms avg=  3.042ms p95=  3.693ms max=  4.143ms calls(last=  1,win= 120,total=1237) (win 18.3% | avg 18.3% budget)
  game.update                      win=  2.287ms avg=  2.325ms p95=  2.839ms max=  4.780ms calls(last=  1,win= 122,total=1266) (win 13.7% | avg 13.9% budget)
  system.ai_update                 win=  2.150ms avg=  2.186ms p95=  2.714ms max=  4.634ms calls(last=  1,win= 122,total=1266) (win 12.9% | avg 13.1% budget)
  enemy.update                     win=  2.145ms avg=  2.180ms p95=  2.708ms max=  4.581ms calls(last=  1,win= 122,total=1266) (win 12.9% | avg 13.1% budget)
  enemy.cheap.segment_build        win=  0.154ms avg=  0.243ms p95=  0.645ms max=  1.158ms calls(last=  1,win= 190,total=837) (win 0.9% | avg 1.5% budget)
  system.spawner_update            win=  0.045ms avg=  0.046ms p95=  0.044ms max=  1.091ms calls(last=  1,win= 122,total=1266) (win 0.3% | avg 0.3% budget)
  frame.input_poll                 win=  0.028ms avg=  0.028ms p95=  0.028ms max=  0.115ms calls(last=  1,win= 120,total=1440) (win 0.2% | avg 0.2% budget)
  system.player_update             win=  0.026ms avg=  0.026ms p95=  0.027ms max=  0.108ms calls(last=  1,win= 122,total=1146) (win 0.2% | avg 0.2% budget)
  system.physics_collision         win=  0.024ms avg=  0.025ms p95=  0.031ms max=  0.127ms calls(last=  1,win= 122,total=1266) (win 0.1% | avg 0.1% budget)
  enemy.type.torpedo               win=  0.010ms avg=  0.302ms p95=  0.606ms max=  0.887ms calls(last= 30,win=3660,total=26005) (win 0.1% | avg 1.8% budget)
  enemy.type.drone                 win=  0.004ms avg=  0.177ms p95=  0.428ms max=  0.886ms calls(last= 39,win=4758,total=31735) (win 0.0% | avg 1.1% budget)
  system.projectile_update         win=  0.003ms avg=  0.003ms p95=  0.004ms max=  0.038ms calls(last=  1,win= 122,total=1266) (win 0.0% | avg 0.0% budget)
  system.maze_update               win=  0.001ms avg=  0.001ms p95=  0.001ms max=  0.016ms calls(last=  1,win= 122,total=1266) (win 0.0% | avg 0.0% budget)
[ENEMY_STATS] frame=1440 alive=69 visible=0 full=0 cheap=69 fullInBase=0 pairs(frontal=0 checks=0 separation=0 resolved=0)

[PROFILE] frame=1560 budget=16.667ms alloc(+85/-85, +171528b/-171528b, live=131304b peak=298720b)
  frame.total                      win= 16.971ms avg= 16.971ms p95= 17.528ms max= 85.525ms calls(last=  1,win= 120,total=1560) (win 101.8% | avg 101.8% budget)
  frame.render                     win= 13.043ms avg= 13.043ms p95= 13.785ms max= 85.484ms calls(last=  1,win= 120,total=1560) (win 78.3% | avg 78.3% budget)
  frame.present                    win= 13.036ms avg= 13.036ms p95= 13.779ms max= 85.478ms calls(last=  1,win= 120,total=1560) (win 78.2% | avg 78.2% budget)
  frame.render.world               win=  5.956ms avg=  5.956ms p95=  6.090ms max=  9.649ms calls(last=  1,win= 120,total=1357) (win 35.7% | avg 35.7% budget)
  frame.fixed_step                 win=  3.794ms avg=  3.889ms p95=  4.180ms max=  8.054ms calls(last=  1,win= 123,total=1598) (win 22.8% | avg 23.3% budget)
  frame.render.overlay             win=  3.036ms avg=  3.036ms p95=  3.766ms max=  4.143ms calls(last=  1,win= 120,total=1357) (win 18.2% | avg 18.2% budget)
  game.update                      win=  2.271ms avg=  2.328ms p95=  2.690ms max=  5.040ms calls(last=  1,win= 123,total=1389) (win 13.6% | avg 14.0% budget)
  system.ai_update                 win=  2.134ms avg=  2.187ms p95=  2.560ms max=  4.814ms calls(last=  1,win= 123,total=1389) (win 12.8% | avg 13.1% budget)
  enemy.update                     win=  2.129ms avg=  2.182ms p95=  2.555ms max=  4.806ms calls(last=  1,win= 123,total=1389) (win 12.8% | avg 13.1% budget)
  enemy.cheap.segment_build        win=  0.148ms avg=  0.230ms p95=  0.598ms max=  1.158ms calls(last=  2,win= 187,total=1024) (win 0.9% | avg 1.4% budget)
  system.spawner_update            win=  0.045ms avg=  0.047ms p95=  0.046ms max=  1.091ms calls(last=  1,win= 123,total=1389) (win 0.3% | avg 0.3% budget)
  frame.input_poll                 win=  0.027ms avg=  0.027ms p95=  0.028ms max=  0.115ms calls(last=  1,win= 120,total=1560) (win 0.2% | avg 0.2% budget)
  system.player_update             win=  0.026ms avg=  0.027ms p95=  0.029ms max=  0.108ms calls(last=  1,win= 123,total=1269) (win 0.2% | avg 0.2% budget)
  system.physics_collision         win=  0.024ms avg=  0.025ms p95=  0.033ms max=  0.127ms calls(last=  1,win= 123,total=1389) (win 0.1% | avg 0.1% budget)
  enemy.type.torpedo               win=  0.010ms avg=  0.295ms p95=  0.511ms max=  0.887ms calls(last= 31,win=3722,total=29727) (win 0.1% | avg 1.8% budget)
  enemy.type.drone                 win=  0.004ms avg=  0.169ms p95=  0.425ms max=  0.886ms calls(last= 39,win=4797,total=36532) (win 0.0% | avg 1.0% budget)
  system.projectile_update         win=  0.003ms avg=  0.003ms p95=  0.004ms max=  0.038ms calls(last=  1,win= 123,total=1389) (win 0.0% | avg 0.0% budget)
  system.maze_update               win=  0.001ms avg=  0.001ms p95=  0.001ms max=  0.016ms calls(last=  1,win= 123,total=1389) (win 0.0% | avg 0.0% budget)
[ENEMY_STATS] frame=1560 alive=70 visible=0 full=0 cheap=70 fullInBase=0 pairs(frontal=0 checks=0 separation=0 resolved=0)

[PROFILE] frame=1680 budget=16.667ms alloc(+86/-86, +172464b/-172464b, live=131304b peak=299672b)
  frame.total                      win= 16.963ms avg= 16.963ms p95= 17.597ms max= 85.525ms calls(last=  1,win= 120,total=1680) (win 101.8% | avg 101.8% budget)
  frame.render                     win= 12.919ms avg= 12.919ms p95= 13.701ms max= 85.484ms calls(last=  1,win= 120,total=1680) (win 77.5% | avg 77.5% budget)
  frame.present                    win= 12.912ms avg= 12.912ms p95= 13.693ms max= 85.478ms calls(last=  1,win= 120,total=1680) (win 77.5% | avg 77.5% budget)
  frame.render.world               win=  5.984ms avg=  5.984ms p95=  6.147ms max=  9.649ms calls(last=  1,win= 120,total=1477) (win 35.9% | avg 35.9% budget)
  frame.fixed_step                 win=  3.907ms avg=  4.004ms p95=  4.356ms max=  8.054ms calls(last=  1,win= 123,total=1721) (win 23.4% | avg 24.0% budget)
  frame.render.overlay             win=  3.024ms avg=  3.024ms p95=  3.687ms max=  4.143ms calls(last=  1,win= 120,total=1477) (win 18.1% | avg 18.1% budget)
  game.update                      win=  2.352ms avg=  2.411ms p95=  2.777ms max=  5.040ms calls(last=  1,win= 123,total=1512) (win 14.1% | avg 14.5% budget)
  system.ai_update                 win=  2.211ms avg=  2.266ms p95=  2.628ms max=  4.814ms calls(last=  1,win= 123,total=1512) (win 13.3% | avg 13.6% budget)
  enemy.update                     win=  2.205ms avg=  2.260ms p95=  2.622ms max=  4.806ms calls(last=  1,win= 123,total=1512) (win 13.2% | avg 13.6% budget)
  enemy.cheap.segment_build        win=  0.140ms avg=  0.291ms p95=  0.661ms max=  1.158ms calls(last=  3,win= 250,total=1274) (win 0.8% | avg 1.7% budget)
  system.spawner_update            win=  0.048ms avg=  0.049ms p95=  0.071ms max=  1.091ms calls(last=  1,win= 123,total=1512) (win 0.3% | avg 0.3% budget)
  frame.input_poll                 win=  0.028ms avg=  0.028ms p95=  0.030ms max=  0.115ms calls(last=  1,win= 120,total=1680) (win 0.2% | avg 0.2% budget)
  system.player_update             win=  0.026ms avg=  0.027ms p95=  0.030ms max=  0.108ms calls(last=  1,win= 123,total=1392) (win 0.2% | avg 0.2% budget)
  system.physics_collision         win=  0.025ms avg=  0.025ms p95=  0.031ms max=  0.127ms calls(last=  1,win= 123,total=1512) (win 0.1% | avg 0.2% budget)
  enemy.type.torpedo               win=  0.011ms avg=  0.343ms p95=  0.644ms max=  0.887ms calls(last= 32,win=3850,total=33577) (win 0.1% | avg 2.1% budget)
  enemy.type.drone                 win=  0.005ms avg=  0.191ms p95=  0.423ms max=  0.886ms calls(last= 39,win=4797,total=41329) (win 0.0% | avg 1.1% budget)
  system.projectile_update         win=  0.003ms avg=  0.003ms p95=  0.004ms max=  0.038ms calls(last=  1,win= 123,total=1512) (win 0.0% | avg 0.0% budget)
  system.maze_update               win=  0.001ms avg=  0.001ms p95=  0.001ms max=  0.016ms calls(last=  1,win= 123,total=1512) (win 0.0% | avg 0.0% budget)
[ENEMY_STATS] frame=1680 alive=71 visible=0 full=0 cheap=71 fullInBase=0 pairs(frontal=0 checks=0 separation=0 resolved=0)

[PROFILE] frame=1800 budget=16.667ms alloc(+87/-87, +173432b/-173432b, live=131304b peak=300624b)
  frame.total                      win= 17.009ms avg= 17.009ms p95= 17.517ms max= 85.525ms calls(last=  1,win= 120,total=1800) (win 102.1% | avg 102.1% budget)
  frame.render                     win= 12.779ms avg= 12.779ms p95= 13.317ms max= 85.484ms calls(last=  1,win= 120,total=1800) (win 76.7% | avg 76.7% budget)
  frame.present                    win= 12.771ms avg= 12.771ms p95= 13.310ms max= 85.478ms calls(last=  1,win= 120,total=1800) (win 76.6% | avg 76.6% budget)
  frame.render.world               win=  6.032ms avg=  6.032ms p95=  6.307ms max=  9.649ms calls(last=  1,win= 120,total=1597) (win 36.2% | avg 36.2% budget)
  frame.fixed_step                 win=  4.090ms avg=  4.192ms p95=  4.505ms max=  8.390ms calls(last=  1,win= 123,total=1844) (win 24.5% | avg 25.2% budget)
  frame.render.overlay             win=  3.062ms avg=  3.062ms p95=  3.829ms max=  4.143ms calls(last=  1,win= 120,total=1597) (win 18.4% | avg 18.4% budget)
  game.update                      win=  2.486ms avg=  2.548ms p95=  2.911ms max=  5.040ms calls(last=  1,win= 123,total=1635) (win 14.9% | avg 15.3% budget)
  system.ai_update                 win=  2.349ms avg=  2.407ms p95=  2.758ms max=  4.814ms calls(last=  1,win= 123,total=1635) (win 14.1% | avg 14.4% budget)
  enemy.update                     win=  2.343ms avg=  2.402ms p95=  2.754ms max=  4.806ms calls(last=  1,win= 123,total=1635) (win 14.1% | avg 14.4% budget)
  enemy.cheap.segment_build        win=  0.114ms avg=  0.422ms p95=  0.745ms max=  1.257ms calls(last=  4,win= 443,total=1717) (win 0.7% | avg 2.5% budget)
  system.spawner_update            win=  0.046ms avg=  0.047ms p95=  0.070ms max=  1.091ms calls(last=  1,win= 123,total=1635) (win 0.3% | avg 0.3% budget)
  frame.input_poll                 win=  0.027ms avg=  0.027ms p95=  0.028ms max=  0.115ms calls(last=  1,win= 120,total=1800) (win 0.2% | avg 0.2% budget)
  system.player_update             win=  0.026ms avg=  0.027ms p95=  0.031ms max=  0.108ms calls(last=  1,win= 123,total=1515) (win 0.2% | avg 0.2% budget)
  system.physics_collision         win=  0.023ms avg=  0.023ms p95=  0.027ms max=  0.127ms calls(last=  1,win= 123,total=1635) (win 0.1% | avg 0.1% budget)
  enemy.type.torpedo               win=  0.015ms avg=  0.489ms p95=  0.753ms max=  0.977ms calls(last= 33,win=3978,total=37555) (win 0.1% | avg 2.9% budget)
  enemy.type.drone                 win=  0.004ms avg=  0.179ms p95=  0.424ms max=  0.886ms calls(last= 39,win=4797,total=46126) (win 0.0% | avg 1.1% budget)
  system.projectile_update         win=  0.003ms avg=  0.003ms p95=  0.004ms max=  0.038ms calls(last=  1,win= 123,total=1635) (win 0.0% | avg 0.0% budget)
  system.maze_update               win=  0.001ms avg=  0.001ms p95=  0.001ms max=  0.016ms calls(last=  1,win= 123,total=1635) (win 0.0% | avg 0.0% budget)
[ENEMY_STATS] frame=1800 alive=72 visible=0 full=0 cheap=72 fullInBase=0 pairs(frontal=0 checks=0 separation=0 resolved=0)

[PROFILE] frame=1920 budget=16.667ms alloc(+87/-87, +173432b/-173432b, live=131304b peak=300664b)
  frame.total                      win= 16.987ms avg= 16.987ms p95= 17.484ms max= 85.525ms calls(last=  1,win= 120,total=1920) (win 101.9% | avg 101.9% budget)
  frame.render                     win= 12.665ms avg= 12.665ms p95= 13.140ms max= 85.484ms calls(last=  1,win= 120,total=1920) (win 76.0% | avg 76.0% budget)
  frame.present                    win= 12.658ms avg= 12.658ms p95= 13.132ms max= 85.478ms calls(last=  1,win= 120,total=1920) (win 75.9% | avg 75.9% budget)
  frame.render.world               win=  6.017ms avg=  6.017ms p95=  6.219ms max=  9.649ms calls(last=  1,win= 120,total=1717) (win 36.1% | avg 36.1% budget)
  frame.fixed_step                 win=  4.178ms avg=  4.283ms p95=  4.589ms max=  8.390ms calls(last=  1,win= 123,total=1967) (win 25.1% | avg 25.7% budget)
  frame.render.overlay             win=  3.044ms avg=  3.044ms p95=  3.703ms max=  4.143ms calls(last=  1,win= 120,total=1717) (win 18.3% | avg 18.3% budget)
  game.update                      win=  2.558ms avg=  2.622ms p95=  2.998ms max=  5.129ms calls(last=  1,win= 123,total=1758) (win 15.3% | avg 15.7% budget)
  system.ai_update                 win=  2.423ms avg=  2.483ms p95=  2.864ms max=  4.887ms calls(last=  1,win= 123,total=1758) (win 14.5% | avg 14.9% budget)
  enemy.update                     win=  2.417ms avg=  2.478ms p95=  2.857ms max=  4.877ms calls(last=  1,win= 123,total=1758) (win 14.5% | avg 14.9% budget)
  enemy.cheap.segment_build        win=  0.107ms avg=  0.485ms p95=  0.840ms max=  1.257ms calls(last=  4,win= 546,total=2263) (win 0.6% | avg 2.9% budget)
  system.spawner_update            win=  0.042ms avg=  0.043ms p95=  0.050ms max=  1.091ms calls(last=  1,win= 123,total=1758) (win 0.3% | avg 0.3% budget)
  frame.input_poll                 win=  0.028ms avg=  0.028ms p95=  0.029ms max=  0.115ms calls(last=  1,win= 120,total=1920) (win 0.2% | avg 0.2% budget)
  system.player_update             win=  0.026ms avg=  0.027ms p95=  0.033ms max=  0.108ms calls(last=  1,win= 123,total=1638) (win 0.2% | avg 0.2% budget)
  system.physics_collision         win=  0.024ms avg=  0.025ms p95=  0.039ms max=  0.127ms calls(last=  1,win= 123,total=1758) (win 0.1% | avg 0.1% budget)
  enemy.type.torpedo               win=  0.017ms avg=  0.562ms p95=  0.886ms max=  1.262ms calls(last= 33,win=4059,total=41614) (win 0.1% | avg 3.4% budget)
  enemy.type.drone                 win=  0.004ms avg=  0.178ms p95=  0.416ms max=  0.886ms calls(last= 39,win=4797,total=50923) (win 0.0% | avg 1.1% budget)
  system.projectile_update         win=  0.003ms avg=  0.003ms p95=  0.004ms max=  0.041ms calls(last=  1,win= 123,total=1758) (win 0.0% | avg 0.0% budget)
  system.maze_update               win=  0.001ms avg=  0.001ms p95=  0.001ms max=  0.016ms calls(last=  1,win= 123,total=1758) (win 0.0% | avg 0.0% budget)
[ENEMY_STATS] frame=1920 alive=72 visible=0 full=0 cheap=72 fullInBase=0 pairs(frontal=0 checks=0 separation=0 resolved=0)

[PROFILE] frame=2040 budget=16.667ms alloc(+87/-87, +173432b/-173432b, live=131304b peak=300688b)
  frame.total                      win= 16.988ms avg= 16.988ms p95= 17.567ms max= 85.525ms calls(last=  1,win= 120,total=2040) (win 101.9% | avg 101.9% budget)
  frame.render                     win= 12.523ms avg= 12.523ms p95= 13.100ms max= 85.484ms calls(last=  1,win= 120,total=2040) (win 75.1% | avg 75.1% budget)
  frame.present                    win= 12.516ms avg= 12.516ms p95= 13.093ms max= 85.478ms calls(last=  1,win= 120,total=2040) (win 75.1% | avg 75.1% budget)
  frame.render.world               win=  6.044ms avg=  6.044ms p95=  6.285ms max=  9.649ms calls(last=  1,win= 120,total=1837) (win 36.3% | avg 36.3% budget)
  frame.fixed_step                 win=  4.319ms avg=  4.427ms p95=  4.769ms max=  8.802ms calls(last=  1,win= 123,total=2090) (win 25.9% | avg 26.6% budget)
  frame.render.overlay             win=  3.042ms avg=  3.042ms p95=  3.732ms max=  4.143ms calls(last=  1,win= 120,total=1837) (win 18.3% | avg 18.3% budget)
  game.update                      win=  2.704ms avg=  2.772ms p95=  3.095ms max=  5.599ms calls(last=  1,win= 123,total=1881) (win 16.2% | avg 16.6% budget)
  system.ai_update                 win=  2.570ms avg=  2.634ms p95=  2.965ms max=  5.373ms calls(last=  1,win= 123,total=1881) (win 15.4% | avg 15.8% budget)
  enemy.update                     win=  2.564ms avg=  2.629ms p95=  2.960ms max=  5.364ms calls(last=  1,win= 123,total=1881) (win 15.4% | avg 15.8% budget)
  enemy.cheap.segment_build        win=  0.104ms avg=  0.636ms p95=  0.981ms max=  1.614ms calls(last=  9,win= 732,total=2995) (win 0.6% | avg 3.8% budget)
  system.spawner_update            win=  0.043ms avg=  0.044ms p95=  0.048ms max=  1.091ms calls(last=  1,win= 123,total=1881) (win 0.3% | avg 0.3% budget)
  frame.input_poll                 win=  0.027ms avg=  0.027ms p95=  0.029ms max=  0.115ms calls(last=  1,win= 120,total=2040) (win 0.2% | avg 0.2% budget)
  system.player_update             win=  0.026ms avg=  0.026ms p95=  0.027ms max=  0.108ms calls(last=  1,win= 123,total=1761) (win 0.2% | avg 0.2% budget)
  system.physics_collision         win=  0.024ms avg=  0.024ms p95=  0.031ms max=  0.127ms calls(last=  1,win= 123,total=1881) (win 0.1% | avg 0.1% budget)
  enemy.type.torpedo               win=  0.017ms avg=  0.588ms p95=  0.960ms max=  1.336ms calls(last= 33,win=4059,total=45673) (win 0.1% | avg 3.5% budget)
  enemy.type.drone                 win=  0.008ms avg=  0.306ms p95=  0.605ms max=  0.886ms calls(last= 39,win=4797,total=55720) (win 0.0% | avg 1.8% budget)
  system.projectile_update         win=  0.003ms avg=  0.003ms p95=  0.004ms max=  0.041ms calls(last=  1,win= 123,total=1881) (win 0.0% | avg 0.0% budget)
  system.maze_update               win=  0.001ms avg=  0.001ms p95=  0.001ms max=  0.016ms calls(last=  1,win= 123,total=1881) (win 0.0% | avg 0.0% budget)
[ENEMY_STATS] frame=2040 alive=72 visible=0 full=0 cheap=72 fullInBase=0 pairs(frontal=0 checks=0 separation=0 resolved=0)

[PROFILE] frame=2160 budget=16.667ms alloc(+87/-87, +173432b/-173432b, live=131304b peak=300688b)
  frame.total                      win= 17.021ms avg= 17.021ms p95= 17.843ms max= 85.525ms calls(last=  1,win= 120,total=2160) (win 102.1% | avg 102.1% budget)
  frame.render                     win= 12.388ms avg= 12.388ms p95= 13.012ms max= 85.484ms calls(last=  1,win= 120,total=2160) (win 74.3% | avg 74.3% budget)
  frame.present                    win= 12.381ms avg= 12.381ms p95= 13.004ms max= 85.478ms calls(last=  1,win= 120,total=2160) (win 74.3% | avg 74.3% budget)
  frame.render.world               win=  5.928ms avg=  5.928ms p95=  6.164ms max=  9.649ms calls(last=  1,win= 120,total=1957) (win 35.6% | avg 35.6% budget)
  frame.fixed_step                 win=  4.482ms avg=  4.594ms p95=  4.924ms max=  8.943ms calls(last=  1,win= 123,total=2213) (win 26.9% | avg 27.6% budget)
  frame.render.overlay             win=  3.029ms avg=  3.029ms p95=  3.646ms max=  4.143ms calls(last=  1,win= 120,total=1957) (win 18.2% | avg 18.2% budget)
  game.update                      win=  2.864ms avg=  2.936ms p95=  3.293ms max=  5.739ms calls(last=  1,win= 123,total=2004) (win 17.2% | avg 17.6% budget)
  system.ai_update                 win=  2.731ms avg=  2.799ms p95=  3.163ms max=  5.499ms calls(last=  1,win= 123,total=2004) (win 16.4% | avg 16.8% budget)
  enemy.update                     win=  2.725ms avg=  2.793ms p95=  3.157ms max=  5.490ms calls(last=  1,win= 123,total=2004) (win 16.4% | avg 16.8% budget)
  enemy.cheap.segment_build        win=  0.099ms avg=  0.791ms p95=  1.161ms max=  1.817ms calls(last=  8,win= 960,total=3955) (win 0.6% | avg 4.7% budget)
  system.spawner_update            win=  0.042ms avg=  0.043ms p95=  0.045ms max=  1.091ms calls(last=  1,win= 123,total=2004) (win 0.3% | avg 0.3% budget)
  frame.input_poll                 win=  0.028ms avg=  0.028ms p95=  0.029ms max=  0.115ms calls(last=  1,win= 120,total=2160) (win 0.2% | avg 0.2% budget)
  system.player_update             win=  0.026ms avg=  0.027ms p95=  0.029ms max=  0.108ms calls(last=  1,win= 123,total=1884) (win 0.2% | avg 0.2% budget)
  system.physics_collision         win=  0.024ms avg=  0.025ms p95=  0.030ms max=  0.127ms calls(last=  1,win= 123,total=2004) (win 0.1% | avg 0.1% budget)
  enemy.type.torpedo               win=  0.020ms avg=  0.681ms p95=  1.024ms max=  1.350ms calls(last= 33,win=4059,total=49732) (win 0.1% | avg 4.1% budget)
  enemy.type.drone                 win=  0.009ms avg=  0.373ms p95=  0.643ms max=  0.898ms calls(last= 39,win=4797,total=60517) (win 0.1% | avg 2.2% budget)
  system.projectile_update         win=  0.003ms avg=  0.003ms p95=  0.004ms max=  0.041ms calls(last=  1,win= 123,total=2004) (win 0.0% | avg 0.0% budget)
  system.maze_update               win=  0.001ms avg=  0.001ms p95=  0.001ms max=  0.016ms calls(last=  1,win= 123,total=2004) (win 0.0% | avg 0.0% budget)
[ENEMY_STATS] frame=2160 alive=72 visible=0 full=0 cheap=72 fullInBase=0 pairs(frontal=0 checks=0 separation=0 resolved=0)

[PROFILE] frame=2280 budget=16.667ms alloc(+87/-87, +173432b/-173432b, live=131304b peak=300688b)
  frame.total                      win= 17.047ms avg= 17.047ms p95= 17.499ms max= 85.525ms calls(last=  1,win= 120,total=2280) (win 102.3% | avg 102.3% budget)
  frame.render                     win= 12.204ms avg= 12.204ms p95= 12.872ms max= 85.484ms calls(last=  1,win= 120,total=2280) (win 73.2% | avg 73.2% budget)
  frame.present                    win= 12.196ms avg= 12.196ms p95= 12.865ms max= 85.478ms calls(last=  1,win= 120,total=2280) (win 73.2% | avg 73.2% budget)
  frame.render.world               win=  5.906ms avg=  5.906ms p95=  6.170ms max= 10.573ms calls(last=  1,win= 120,total=2077) (win 35.4% | avg 35.4% budget)
  frame.fixed_step                 win=  4.687ms avg=  4.805ms p95=  5.211ms max=  9.852ms calls(last=  1,win= 123,total=2336) (win 28.1% | avg 28.8% budget)
  game.update                      win=  3.056ms avg=  3.132ms p95=  3.543ms max=  6.689ms calls(last=  1,win= 123,total=2127) (win 18.3% | avg 18.8% budget)
  frame.render.overlay             win=  3.043ms avg=  3.043ms p95=  3.696ms max=  4.143ms calls(last=  1,win= 120,total=2077) (win 18.3% | avg 18.3% budget)
  system.ai_update                 win=  2.921ms avg=  2.994ms p95=  3.408ms max=  6.443ms calls(last=  1,win= 123,total=2127) (win 17.5% | avg 18.0% budget)
  enemy.update                     win=  2.916ms avg=  2.989ms p95=  3.403ms max=  6.434ms calls(last=  1,win= 123,total=2127) (win 17.5% | avg 17.9% budget)
  enemy.cheap.segment_build        win=  0.098ms avg=  0.969ms p95=  1.424ms max=  2.641ms calls(last= 11,win=1192,total=5147) (win 0.6% | avg 5.8% budget)
  system.spawner_update            win=  0.042ms avg=  0.043ms p95=  0.045ms max=  1.091ms calls(last=  1,win= 123,total=2127) (win 0.3% | avg 0.3% budget)
  frame.input_poll                 win=  0.028ms avg=  0.028ms p95=  0.028ms max=  0.115ms calls(last=  1,win= 120,total=2280) (win 0.2% | avg 0.2% budget)
  system.player_update             win=  0.027ms avg=  0.028ms p95=  0.030ms max=  0.109ms calls(last=  1,win= 123,total=2007) (win 0.2% | avg 0.2% budget)
  enemy.type.torpedo               win=  0.025ms avg=  0.833ms p95=  1.171ms max=  2.093ms calls(last= 33,win=4059,total=53791) (win 0.1% | avg 5.0% budget)
  system.physics_collision         win=  0.024ms avg=  0.024ms p95=  0.031ms max=  0.127ms calls(last=  1,win= 123,total=2127) (win 0.1% | avg 0.1% budget)
  enemy.type.drone                 win=  0.010ms avg=  0.406ms p95=  0.665ms max=  1.067ms calls(last= 39,win=4797,total=65314) (win 0.1% | avg 2.4% budget)
  system.projectile_update         win=  0.003ms avg=  0.003ms p95=  0.004ms max=  0.041ms calls(last=  1,win= 123,total=2127) (win 0.0% | avg 0.0% budget)
  system.maze_update               win=  0.001ms avg=  0.001ms p95=  0.001ms max=  0.016ms calls(last=  1,win= 123,total=2127) (win 0.0% | avg 0.0% budget)
[ENEMY_STATS] frame=2280 alive=72 visible=0 full=0 cheap=72 fullInBase=0 pairs(frontal=0 checks=0 separation=0 resolved=0)

[PROFILE] frame=2400 budget=16.667ms alloc(+87/-87, +173432b/-173432b, live=131304b peak=300688b)
  frame.total                      win= 17.102ms avg= 17.102ms p95= 18.064ms max= 85.525ms calls(last=  1,win= 120,total=2400) (win 102.6% | avg 102.6% budget)
  frame.render                     win= 12.058ms avg= 12.058ms p95= 12.930ms max= 85.484ms calls(last=  1,win= 120,total=2400) (win 72.3% | avg 72.3% budget)
  frame.present                    win= 12.051ms avg= 12.051ms p95= 12.923ms max= 85.478ms calls(last=  1,win= 120,total=2400) (win 72.3% | avg 72.3% budget)
  frame.render.world               win=  5.866ms avg=  5.866ms p95=  6.110ms max= 10.573ms calls(last=  1,win= 120,total=2197) (win 35.2% | avg 35.2% budget)
  frame.fixed_step                 win=  4.843ms avg=  5.005ms p95=  5.224ms max=  9.852ms calls(last=  1,win= 124,total=2460) (win 29.1% | avg 30.0% budget)
  game.update                      win=  3.224ms avg=  3.332ms p95=  3.625ms max=  6.689ms calls(last=  1,win= 124,total=2251) (win 19.3% | avg 20.0% budget)
  system.ai_update                 win=  3.090ms avg=  3.193ms p95=  3.490ms max=  6.443ms calls(last=  1,win= 124,total=2251) (win 18.5% | avg 19.2% budget)
  enemy.update                     win=  3.084ms avg=  3.187ms p95=  3.486ms max=  6.434ms calls(last=  1,win= 124,total=2251) (win 18.5% | avg 19.1% budget)
  frame.render.overlay             win=  3.055ms avg=  3.055ms p95=  3.768ms max=  4.143ms calls(last=  1,win= 120,total=2197) (win 18.3% | avg 18.3% budget)
  enemy.cheap.segment_build        win=  0.095ms avg=  1.146ms p95=  1.506ms max=  2.641ms calls(last= 12,win=1441,total=6588) (win 0.6% | avg 6.9% budget)
  system.spawner_update            win=  0.043ms avg=  0.044ms p95=  0.045ms max=  1.091ms calls(last=  1,win= 124,total=2251) (win 0.3% | avg 0.3% budget)
  frame.input_poll                 win=  0.027ms avg=  0.027ms p95=  0.029ms max=  0.115ms calls(last=  1,win= 120,total=2400) (win 0.2% | avg 0.2% budget)
  enemy.type.torpedo               win=  0.027ms avg=  0.932ms p95=  1.299ms max=  2.093ms calls(last= 33,win=4092,total=57883) (win 0.2% | avg 5.6% budget)
  system.player_update             win=  0.026ms avg=  0.027ms p95=  0.030ms max=  0.109ms calls(last=  1,win= 124,total=2131) (win 0.2% | avg 0.2% budget)
  system.physics_collision         win=  0.024ms avg=  0.025ms p95=  0.031ms max=  0.127ms calls(last=  1,win= 124,total=2251) (win 0.1% | avg 0.2% budget)
  enemy.type.drone                 win=  0.012ms avg=  0.492ms p95=  0.781ms max=  1.067ms calls(last= 39,win=4836,total=70150) (win 0.1% | avg 3.0% budget)
  system.projectile_update         win=  0.003ms avg=  0.003ms p95=  0.004ms max=  0.041ms calls(last=  1,win= 124,total=2251) (win 0.0% | avg 0.0% budget)
  system.maze_update               win=  0.001ms avg=  0.001ms p95=  0.001ms max=  0.016ms calls(last=  1,win= 124,total=2251) (win 0.0% | avg 0.0% budget)
[ENEMY_STATS] frame=2400 alive=72 visible=0 full=0 cheap=72 fullInBase=0 pairs(frontal=0 checks=0 separation=0 resolved=0)

[PROFILE] frame=2520 budget=16.667ms alloc(+87/-87, +173432b/-173432b, live=131304b peak=300712b)
  frame.total                      win= 17.062ms avg= 17.062ms p95= 17.949ms max= 85.525ms calls(last=  1,win= 120,total=2520) (win 102.4% | avg 102.4% budget)
  frame.render                     win= 12.085ms avg= 12.085ms p95= 12.794ms max= 85.484ms calls(last=  1,win= 120,total=2520) (win 72.5% | avg 72.5% budget)
  frame.present                    win= 12.077ms avg= 12.077ms p95= 12.788ms max= 85.478ms calls(last=  1,win= 120,total=2520) (win 72.5% | avg 72.5% budget)
  frame.render.world               win=  5.929ms avg=  5.929ms p95=  6.132ms max= 10.573ms calls(last=  1,win= 120,total=2317) (win 35.6% | avg 35.6% budget)
  frame.fixed_step                 win=  4.818ms avg=  4.939ms p95=  5.250ms max=  9.852ms calls(last=  1,win= 123,total=2583) (win 28.9% | avg 29.6% budget)
  game.update                      win=  3.195ms avg=  3.275ms p95=  3.598ms max=  6.689ms calls(last=  1,win= 123,total=2374) (win 19.2% | avg 19.7% budget)
  system.ai_update                 win=  3.062ms avg=  3.139ms p95=  3.465ms max=  6.443ms calls(last=  1,win= 123,total=2374) (win 18.4% | avg 18.8% budget)
  enemy.update                     win=  3.057ms avg=  3.133ms p95=  3.460ms max=  6.434ms calls(last=  1,win= 123,total=2374) (win 18.3% | avg 18.8% budget)
  frame.render.overlay             win=  3.021ms avg=  3.021ms p95=  3.628ms max=  4.143ms calls(last=  1,win= 120,total=2317) (win 18.1% | avg 18.1% budget)
  enemy.cheap.segment_build        win=  0.095ms avg=  1.116ms p95=  1.474ms max=  2.641ms calls(last= 12,win=1415,total=8003) (win 0.6% | avg 6.7% budget)
  system.spawner_update            win=  0.042ms avg=  0.043ms p95=  0.044ms max=  1.091ms calls(last=  1,win= 123,total=2374) (win 0.2% | avg 0.3% budget)
  enemy.type.torpedo               win=  0.027ms avg=  0.923ms p95=  1.268ms max=  2.093ms calls(last= 33,win=4059,total=61942) (win 0.2% | avg 5.5% budget)
  frame.input_poll                 win=  0.027ms avg=  0.027ms p95=  0.028ms max=  0.115ms calls(last=  1,win= 120,total=2520) (win 0.2% | avg 0.2% budget)
  system.player_update             win=  0.026ms avg=  0.027ms p95=  0.029ms max=  0.109ms calls(last=  1,win= 123,total=2254) (win 0.2% | avg 0.2% budget)
  system.physics_collision         win=  0.024ms avg=  0.024ms p95=  0.028ms max=  0.133ms calls(last=  1,win= 123,total=2374) (win 0.1% | avg 0.1% budget)
  enemy.type.drone                 win=  0.012ms avg=  0.469ms p95=  0.706ms max=  1.067ms calls(last= 39,win=4797,total=74947) (win 0.1% | avg 2.8% budget)
  system.projectile_update         win=  0.003ms avg=  0.003ms p95=  0.004ms max=  0.047ms calls(last=  1,win= 123,total=2374) (win 0.0% | avg 0.0% budget)
  system.maze_update               win=  0.001ms avg=  0.001ms p95=  0.001ms max=  0.016ms calls(last=  1,win= 123,total=2374) (win 0.0% | avg 0.0% budget)
[ENEMY_STATS] frame=2520 alive=72 visible=0 full=0 cheap=72 fullInBase=0 pairs(frontal=0 checks=0 separation=0 resolved=0)

[PROFILE] frame=2640 budget=16.667ms alloc(+87/-87, +173432b/-173432b, live=131304b peak=300712b)
  frame.total                      win= 17.056ms avg= 17.056ms p95= 17.552ms max= 85.525ms calls(last=  1,win= 120,total=2640) (win 102.3% | avg 102.3% budget)
  frame.render                     win= 11.942ms avg= 11.942ms p95= 12.707ms max= 85.484ms calls(last=  1,win= 120,total=2640) (win 71.7% | avg 71.7% budget)
  frame.present                    win= 11.935ms avg= 11.935ms p95= 12.700ms max= 85.478ms calls(last=  1,win= 120,total=2640) (win 71.6% | avg 71.6% budget)
  frame.render.world               win=  5.943ms avg=  5.943ms p95=  6.165ms max= 10.573ms calls(last=  1,win= 120,total=2437) (win 35.7% | avg 35.7% budget)
  frame.fixed_step                 win=  4.911ms avg=  5.075ms p95=  5.473ms max=  9.960ms calls(last=  1,win= 124,total=2707) (win 29.5% | avg 30.4% budget)
  game.update                      win=  3.294ms avg=  3.404ms p95=  3.824ms max=  6.689ms calls(last=  1,win= 124,total=2498) (win 19.8% | avg 20.4% budget)
  system.ai_update                 win=  3.157ms avg=  3.263ms p95=  3.681ms max=  6.443ms calls(last=  1,win= 124,total=2498) (win 18.9% | avg 19.6% budget)
  enemy.update                     win=  3.152ms avg=  3.257ms p95=  3.675ms max=  6.434ms calls(last=  1,win= 124,total=2498) (win 18.9% | avg 19.5% budget)
  frame.render.overlay             win=  3.030ms avg=  3.030ms p95=  3.663ms max=  4.143ms calls(last=  1,win= 120,total=2437) (win 18.2% | avg 18.2% budget)
  enemy.cheap.segment_build        win=  0.095ms avg=  1.215ms p95=  1.715ms max=  2.641ms calls(last= 12,win=1542,total=9545) (win 0.6% | avg 7.3% budget)
  system.spawner_update            win=  0.043ms avg=  0.045ms p95=  0.072ms max=  1.091ms calls(last=  1,win= 124,total=2498) (win 0.3% | avg 0.3% budget)
  enemy.type.torpedo               win=  0.030ms avg=  1.007ms p95=  1.294ms max=  2.093ms calls(last= 33,win=4092,total=66034) (win 0.2% | avg 6.0% budget)
  frame.input_poll                 win=  0.027ms avg=  0.027ms p95=  0.028ms max=  0.115ms calls(last=  1,win= 120,total=2640) (win 0.2% | avg 0.2% budget)
  system.player_update             win=  0.026ms avg=  0.027ms p95=  0.028ms max=  0.109ms calls(last=  1,win= 124,total=2378) (win 0.2% | avg 0.2% budget)
  system.physics_collision         win=  0.025ms avg=  0.026ms p95=  0.041ms max=  0.133ms calls(last=  1,win= 124,total=2498) (win 0.2% | avg 0.2% budget)
  enemy.type.drone                 win=  0.012ms avg=  0.488ms p95=  0.795ms max=  1.086ms calls(last= 39,win=4836,total=79783) (win 0.1% | avg 2.9% budget)
  system.projectile_update         win=  0.003ms avg=  0.003ms p95=  0.004ms max=  0.047ms calls(last=  1,win= 124,total=2498) (win 0.0% | avg 0.0% budget)
  system.maze_update               win=  0.001ms avg=  0.001ms p95=  0.001ms max=  0.016ms calls(last=  1,win= 124,total=2498) (win 0.0% | avg 0.0% budget)
[ENEMY_STATS] frame=2640 alive=72 visible=0 full=0 cheap=72 fullInBase=0 pairs(frontal=0 checks=0 separation=0 resolved=0)

[PROFILE] frame=2760 budget=16.667ms alloc(+87/-87, +173432b/-173432b, live=131304b peak=300712b)
  frame.total                      win= 17.059ms avg= 17.059ms p95= 17.641ms max= 85.525ms calls(last=  1,win= 120,total=2760) (win 102.4% | avg 102.4% budget)
  frame.render                     win= 11.842ms avg= 11.842ms p95= 12.415ms max= 85.484ms calls(last=  1,win= 120,total=2760) (win 71.1% | avg 71.1% budget)
  frame.present                    win= 11.834ms avg= 11.834ms p95= 12.407ms max= 85.478ms calls(last=  1,win= 120,total=2760) (win 71.0% | avg 71.0% budget)
  frame.render.world               win=  6.018ms avg=  6.018ms p95=  6.235ms max= 10.573ms calls(last=  1,win= 120,total=2557) (win 36.1% | avg 36.1% budget)
  frame.fixed_step                 win=  5.052ms avg=  5.178ms p95=  5.493ms max=  9.960ms calls(last=  1,win= 123,total=2830) (win 30.3% | avg 31.1% budget)
  game.update                      win=  3.426ms avg=  3.512ms p95=  3.882ms max=  6.751ms calls(last=  1,win= 123,total=2621) (win 20.6% | avg 21.1% budget)
  system.ai_update                 win=  3.292ms avg=  3.374ms p95=  3.747ms max=  6.522ms calls(last=  1,win= 123,total=2621) (win 19.8% | avg 20.2% budget)
  enemy.update                     win=  3.287ms avg=  3.369ms p95=  3.742ms max=  6.512ms calls(last=  1,win= 123,total=2621) (win 19.7% | avg 20.2% budget)
  frame.render.overlay             win=  3.033ms avg=  3.033ms p95=  3.667ms max=  4.143ms calls(last=  1,win= 120,total=2557) (win 18.2% | avg 18.2% budget)
  enemy.cheap.segment_build        win=  0.095ms avg=  1.334ms p95=  1.759ms max=  2.676ms calls(last= 16,win=1692,total=11237) (win 0.6% | avg 8.0% budget)
  system.spawner_update            win=  0.042ms avg=  0.043ms p95=  0.045ms max=  1.091ms calls(last=  1,win= 123,total=2621) (win 0.3% | avg 0.3% budget)
  enemy.type.torpedo               win=  0.033ms avg=  1.121ms p95=  1.469ms max=  2.325ms calls(last= 33,win=4059,total=70093) (win 0.2% | avg 6.7% budget)
  frame.input_poll                 win=  0.028ms avg=  0.028ms p95=  0.029ms max=  0.115ms calls(last=  1,win= 120,total=2760) (win 0.2% | avg 0.2% budget)
  system.player_update             win=  0.026ms avg=  0.027ms p95=  0.030ms max=  0.109ms calls(last=  1,win= 123,total=2501) (win 0.2% | avg 0.2% budget)
  system.physics_collision         win=  0.025ms avg=  0.026ms p95=  0.033ms max=  0.133ms calls(last=  1,win= 123,total=2621) (win 0.1% | avg 0.2% budget)
  enemy.type.drone                 win=  0.012ms avg=  0.499ms p95=  0.735ms max=  1.086ms calls(last= 39,win=4797,total=84580) (win 0.1% | avg 3.0% budget)
  system.projectile_update         win=  0.003ms avg=  0.003ms p95=  0.004ms max=  0.047ms calls(last=  1,win= 123,total=2621) (win 0.0% | avg 0.0% budget)
  system.maze_update               win=  0.001ms avg=  0.001ms p95=  0.001ms max=  0.016ms calls(last=  1,win= 123,total=2621) (win 0.0% | avg 0.0% budget)
[ENEMY_STATS] frame=2760 alive=72 visible=0 full=0 cheap=72 fullInBase=0 pairs(frontal=0 checks=0 separation=0 resolved=0)

[PROFILE] frame=2880 budget=16.667ms alloc(+87/-87, +173432b/-173432b, live=131304b peak=300712b)
  frame.total                      win= 17.131ms avg= 17.131ms p95= 17.768ms max= 85.525ms calls(last=  1,win= 120,total=2880) (win 102.8% | avg 102.8% budget)
  frame.render                     win= 11.635ms avg= 11.635ms p95= 12.107ms max= 85.484ms calls(last=  1,win= 120,total=2880) (win 69.8% | avg 69.8% budget)
  frame.present                    win= 11.628ms avg= 11.628ms p95= 12.101ms max= 85.478ms calls(last=  1,win= 120,total=2880) (win 69.8% | avg 69.8% budget)
  frame.render.world               win=  5.905ms avg=  5.905ms p95=  6.126ms max= 10.573ms calls(last=  1,win= 120,total=2677) (win 35.4% | avg 35.4% budget)
  frame.fixed_step                 win=  5.281ms avg=  5.457ms p95=  5.700ms max= 10.609ms calls(last=  1,win= 124,total=2954) (win 31.7% | avg 32.7% budget)
  game.update                      win=  3.666ms avg=  3.788ms p95=  4.077ms max=  7.450ms calls(last=  1,win= 124,total=2745) (win 22.0% | avg 22.7% budget)
  system.ai_update                 win=  3.528ms avg=  3.646ms p95=  3.942ms max=  7.210ms calls(last=  1,win= 124,total=2745) (win 21.2% | avg 21.9% budget)
  enemy.update                     win=  3.523ms avg=  3.640ms p95=  3.937ms max=  7.201ms calls(last=  1,win= 124,total=2745) (win 21.1% | avg 21.8% budget)
  frame.render.overlay             win=  3.014ms avg=  3.014ms p95=  3.642ms max=  4.143ms calls(last=  1,win= 120,total=2677) (win 18.1% | avg 18.1% budget)
  enemy.cheap.segment_build        win=  0.093ms avg=  1.585ms p95=  1.949ms max=  3.307ms calls(last= 16,win=2043,total=13280) (win 0.6% | avg 9.5% budget)
  system.spawner_update            win=  0.044ms avg=  0.046ms p95=  0.062ms max=  1.091ms calls(last=  1,win= 124,total=2745) (win 0.3% | avg 0.3% budget)
  enemy.type.torpedo               win=  0.038ms avg=  1.305ms p95=  1.523ms max=  2.870ms calls(last= 33,win=4092,total=74185) (win 0.2% | avg 7.8% budget)
  frame.input_poll                 win=  0.027ms avg=  0.027ms p95=  0.029ms max=  0.115ms calls(last=  1,win= 120,total=2880) (win 0.2% | avg 0.2% budget)
  system.physics_collision         win=  0.026ms avg=  0.027ms p95=  0.033ms max=  0.133ms calls(last=  1,win= 124,total=2745) (win 0.2% | avg 0.2% budget)
  system.player_update             win=  0.026ms avg=  0.027ms p95=  0.031ms max=  0.109ms calls(last=  1,win= 124,total=2625) (win 0.2% | avg 0.2% budget)
  enemy.type.drone                 win=  0.014ms avg=  0.574ms p95=  0.893ms max=  1.451ms calls(last= 39,win=4836,total=89416) (win 0.1% | avg 3.4% budget)
  system.projectile_update         win=  0.003ms avg=  0.003ms p95=  0.004ms max=  0.047ms calls(last=  1,win= 124,total=2745) (win 0.0% | avg 0.0% budget)
  system.maze_update               win=  0.001ms avg=  0.001ms p95=  0.001ms max=  0.016ms calls(last=  1,win= 124,total=2745) (win 0.0% | avg 0.0% budget)
[ENEMY_STATS] frame=2880 alive=72 visible=0 full=0 cheap=72 fullInBase=0 pairs(frontal=0 checks=0 separation=0 resolved=0)

[PROFILE] frame=3000 budget=16.667ms alloc(+87/-87, +173432b/-173432b, live=131304b peak=300712b)
  frame.total                      win= 17.224ms avg= 17.224ms p95= 18.288ms max= 85.525ms calls(last=  1,win= 120,total=3000) (win 103.3% | avg 103.3% budget)
  frame.render                     win= 11.688ms avg= 11.688ms p95= 12.278ms max= 85.484ms calls(last=  1,win= 120,total=3000) (win 70.1% | avg 70.1% budget)
  frame.present                    win= 11.680ms avg= 11.680ms p95= 12.271ms max= 85.478ms calls(last=  1,win= 120,total=3000) (win 70.1% | avg 70.1% budget)
  frame.render.world               win=  5.930ms avg=  5.930ms p95=  6.223ms max= 10.573ms calls(last=  1,win= 120,total=2797) (win 35.6% | avg 35.6% budget)
  frame.fixed_step                 win=  5.277ms avg=  5.497ms p95=  5.719ms max= 10.609ms calls(last=  1,win= 125,total=3079) (win 31.7% | avg 33.0% budget)
  game.update                      win=  3.658ms avg=  3.811ms p95=  4.134ms max=  7.450ms calls(last=  1,win= 125,total=2870) (win 22.0% | avg 22.9% budget)
  system.ai_update                 win=  3.524ms avg=  3.671ms p95=  4.004ms max=  7.210ms calls(last=  1,win= 125,total=2870) (win 21.1% | avg 22.0% budget)
  enemy.update                     win=  3.519ms avg=  3.665ms p95=  3.998ms max=  7.201ms calls(last=  1,win= 125,total=2870) (win 21.1% | avg 22.0% budget)
  frame.render.overlay             win=  3.038ms avg=  3.038ms p95=  3.649ms max=  4.143ms calls(last=  1,win= 120,total=2797) (win 18.2% | avg 18.2% budget)
  enemy.cheap.segment_build        win=  0.093ms avg=  1.602ms p95=  1.929ms max=  3.307ms calls(last= 16,win=2059,total=15339) (win 0.6% | avg 9.6% budget)
  system.spawner_update            win=  0.042ms avg=  0.044ms p95=  0.066ms max=  1.091ms calls(last=  1,win= 125,total=2870) (win 0.3% | avg 0.3% budget)
  enemy.type.torpedo               win=  0.038ms avg=  1.322ms p95=  1.649ms max=  2.870ms calls(last= 33,win=4125,total=78310) (win 0.2% | avg 7.9% budget)
  frame.input_poll                 win=  0.027ms avg=  0.027ms p95=  0.029ms max=  0.115ms calls(last=  1,win= 120,total=3000) (win 0.2% | avg 0.2% budget)
  system.player_update             win=  0.026ms avg=  0.027ms p95=  0.036ms max=  0.109ms calls(last=  1,win= 125,total=2750) (win 0.2% | avg 0.2% budget)
  system.physics_collision         win=  0.025ms avg=  0.026ms p95=  0.042ms max=  0.133ms calls(last=  1,win= 125,total=2870) (win 0.1% | avg 0.2% budget)
  enemy.type.drone                 win=  0.014ms avg=  0.575ms p95=  0.978ms max=  1.451ms calls(last= 39,win=4875,total=94291) (win 0.1% | avg 3.5% budget)
  system.projectile_update         win=  0.003ms avg=  0.003ms p95=  0.004ms max=  0.047ms calls(last=  1,win= 125,total=2870) (win 0.0% | avg 0.0% budget)
  system.maze_update               win=  0.001ms avg=  0.001ms p95=  0.001ms max=  0.016ms calls(last=  1,win= 125,total=2870) (win 0.0% | avg 0.0% budget)
[ENEMY_STATS] frame=3000 alive=72 visible=0 full=0 cheap=72 fullInBase=0 pairs(frontal=0 checks=0 separation=0 resolved=0)

[PROFILE] frame=3120 budget=16.667ms alloc(+87/-87, +173432b/-173432b, live=131304b peak=300712b)
  frame.total                      win= 17.190ms avg= 17.190ms p95= 18.002ms max= 85.525ms calls(last=  1,win= 120,total=3120) (win 103.1% | avg 103.1% budget)
  frame.render                     win= 11.678ms avg= 11.678ms p95= 12.160ms max= 85.484ms calls(last=  1,win= 120,total=3120) (win 70.1% | avg 70.1% budget)
  frame.present                    win= 11.670ms avg= 11.670ms p95= 12.153ms max= 85.478ms calls(last=  1,win= 120,total=3120) (win 70.0% | avg 70.0% budget)
  frame.render.world               win=  6.010ms avg=  6.010ms p95=  6.235ms max= 10.573ms calls(last=  1,win= 120,total=2917) (win 36.1% | avg 36.1% budget)
  frame.fixed_step                 win=  5.298ms avg=  5.474ms p95=  5.852ms max= 10.766ms calls(last=  1,win= 124,total=3203) (win 31.8% | avg 32.8% budget)
  game.update                      win=  3.677ms avg=  3.800ms p95=  4.198ms max=  7.587ms calls(last=  1,win= 124,total=2994) (win 22.1% | avg 22.8% budget)
  system.ai_update                 win=  3.543ms avg=  3.661ms p95=  4.068ms max=  7.341ms calls(last=  1,win= 124,total=2994) (win 21.3% | avg 22.0% budget)
  enemy.update                     win=  3.537ms avg=  3.655ms p95=  4.062ms max=  7.329ms calls(last=  1,win= 124,total=2994) (win 21.2% | avg 21.9% budget)
  frame.render.overlay             win=  3.050ms avg=  3.050ms p95=  3.709ms max=  4.143ms calls(last=  1,win= 120,total=2917) (win 18.3% | avg 18.3% budget)
  enemy.cheap.segment_build        win=  0.094ms avg=  1.597ms p95=  1.992ms max=  3.307ms calls(last= 17,win=2043,total=17382) (win 0.6% | avg 9.6% budget)
  system.spawner_update            win=  0.042ms avg=  0.044ms p95=  0.045ms max=  1.091ms calls(last=  1,win= 124,total=2994) (win 0.3% | avg 0.3% budget)
  enemy.type.torpedo               win=  0.039ms avg=  1.314ms p95=  1.705ms max=  2.870ms calls(last= 33,win=4092,total=82402) (win 0.2% | avg 7.9% budget)
  frame.input_poll                 win=  0.027ms avg=  0.027ms p95=  0.028ms max=  0.115ms calls(last=  1,win= 120,total=3120) (win 0.2% | avg 0.2% budget)
  system.player_update             win=  0.026ms avg=  0.027ms p95=  0.042ms max=  0.109ms calls(last=  1,win= 124,total=2874) (win 0.2% | avg 0.2% budget)
  system.physics_collision         win=  0.025ms avg=  0.026ms p95=  0.035ms max=  0.133ms calls(last=  1,win= 124,total=2994) (win 0.1% | avg 0.2% budget)
  enemy.type.drone                 win=  0.014ms avg=  0.578ms p95=  0.942ms max=  1.451ms calls(last= 39,win=4836,total=99127) (win 0.1% | avg 3.5% budget)
  system.projectile_update         win=  0.003ms avg=  0.004ms p95=  0.004ms max=  0.047ms calls(last=  1,win= 124,total=2994) (win 0.0% | avg 0.0% budget)
  system.maze_update               win=  0.001ms avg=  0.001ms p95=  0.001ms max=  0.016ms calls(last=  1,win= 124,total=2994) (win 0.0% | avg 0.0% budget)
[ENEMY_STATS] frame=3120 alive=72 visible=0 full=0 cheap=72 fullInBase=0 pairs(frontal=0 checks=0 separation=0 resolved=0)

[PROFILE] frame=3240 budget=16.667ms alloc(+87/-87, +173432b/-173432b, live=131304b peak=300712b)
  frame.total                      win= 17.230ms avg= 17.230ms p95= 18.086ms max= 85.525ms calls(last=  1,win= 120,total=3240) (win 103.4% | avg 103.4% budget)
  frame.render                     win= 11.708ms avg= 11.708ms p95= 12.284ms max= 85.484ms calls(last=  1,win= 120,total=3240) (win 70.3% | avg 70.3% budget)
  frame.present                    win= 11.701ms avg= 11.701ms p95= 12.277ms max= 85.478ms calls(last=  1,win= 120,total=3240) (win 70.2% | avg 70.2% budget)
  frame.render.world               win=  6.001ms avg=  6.001ms p95=  6.257ms max= 10.573ms calls(last=  1,win= 120,total=3037) (win 36.0% | avg 36.0% budget)
  frame.fixed_step                 win=  5.262ms avg=  5.482ms p95=  5.669ms max= 11.123ms calls(last=  1,win= 125,total=3328) (win 31.6% | avg 32.9% budget)
  game.update                      win=  3.652ms avg=  3.805ms p95=  4.085ms max=  7.686ms calls(last=  1,win= 125,total=3119) (win 21.9% | avg 22.8% budget)
  system.ai_update                 win=  3.517ms avg=  3.664ms p95=  3.954ms max=  7.423ms calls(last=  1,win= 125,total=3119) (win 21.1% | avg 22.0% budget)
  enemy.update                     win=  3.512ms avg=  3.659ms p95=  3.949ms max=  7.411ms calls(last=  1,win= 125,total=3119) (win 21.1% | avg 22.0% budget)
  frame.render.overlay             win=  3.035ms avg=  3.035ms p95=  3.677ms max=  4.143ms calls(last=  1,win= 120,total=3037) (win 18.2% | avg 18.2% budget)
  enemy.cheap.segment_build        win=  0.093ms avg=  1.591ms p95=  1.978ms max=  3.522ms calls(last= 17,win=2055,total=19437) (win 0.6% | avg 9.5% budget)
  system.spawner_update            win=  0.043ms avg=  0.045ms p95=  0.077ms max=  1.091ms calls(last=  1,win= 125,total=3119) (win 0.3% | avg 0.3% budget)
  enemy.type.torpedo               win=  0.038ms avg=  1.315ms p95=  1.595ms max=  2.870ms calls(last= 33,win=4125,total=86527) (win 0.2% | avg 7.9% budget)
  frame.input_poll                 win=  0.028ms avg=  0.028ms p95=  0.028ms max=  0.115ms calls(last=  1,win= 120,total=3240) (win 0.2% | avg 0.2% budget)
  system.player_update             win=  0.026ms avg=  0.027ms p95=  0.041ms max=  0.109ms calls(last=  1,win= 125,total=2999) (win 0.2% | avg 0.2% budget)
  system.physics_collision         win=  0.025ms avg=  0.026ms p95=  0.041ms max=  0.133ms calls(last=  1,win= 125,total=3119) (win 0.1% | avg 0.2% budget)
  enemy.type.drone                 win=  0.014ms avg=  0.575ms p95=  0.782ms max=  1.451ms calls(last= 39,win=4875,total=104002) (win 0.1% | avg 3.5% budget)
  system.projectile_update         win=  0.003ms avg=  0.003ms p95=  0.004ms max=  0.047ms calls(last=  1,win= 125,total=3119) (win 0.0% | avg 0.0% budget)
  system.maze_update               win=  0.001ms avg=  0.001ms p95=  0.001ms max=  0.016ms calls(last=  1,win= 125,total=3119) (win 0.0% | avg 0.0% budget)
[ENEMY_STATS] frame=3240 alive=72 visible=0 full=0 cheap=72 fullInBase=0 pairs(frontal=0 checks=0 separation=0 resolved=0)

[PROFILE] frame=3360 budget=16.667ms alloc(+87/-87, +173432b/-173432b, live=131304b peak=300712b)
  frame.total                      win= 17.203ms avg= 17.203ms p95= 18.252ms max= 85.525ms calls(last=  1,win= 120,total=3360) (win 103.2% | avg 103.2% budget)
  frame.render                     win= 11.720ms avg= 11.720ms p95= 12.347ms max= 85.484ms calls(last=  1,win= 120,total=3360) (win 70.3% | avg 70.3% budget)
  frame.present                    win= 11.712ms avg= 11.712ms p95= 12.340ms max= 85.478ms calls(last=  1,win= 120,total=3360) (win 70.3% | avg 70.3% budget)
  frame.render.world               win=  5.977ms avg=  5.977ms p95=  6.188ms max= 10.573ms calls(last=  1,win= 120,total=3157) (win 35.9% | avg 35.9% budget)
  frame.fixed_step                 win=  5.268ms avg=  5.444ms p95=  5.713ms max= 11.123ms calls(last=  1,win= 124,total=3452) (win 31.6% | avg 32.7% budget)
  game.update                      win=  3.658ms avg=  3.780ms p95=  4.108ms max=  7.686ms calls(last=  1,win= 124,total=3243) (win 22.0% | avg 22.7% budget)
  system.ai_update                 win=  3.521ms avg=  3.638ms p95=  3.945ms max=  7.423ms calls(last=  1,win= 124,total=3243) (win 21.1% | avg 21.8% budget)
  enemy.update                     win=  3.516ms avg=  3.633ms p95=  3.940ms max=  7.411ms calls(last=  1,win= 124,total=3243) (win 21.1% | avg 21.8% budget)
  frame.render.overlay             win=  3.032ms avg=  3.032ms p95=  3.686ms max=  4.143ms calls(last=  1,win= 120,total=3157) (win 18.2% | avg 18.2% budget)
  enemy.cheap.segment_build        win=  0.093ms avg=  1.574ms p95=  1.934ms max=  3.522ms calls(last= 16,win=2034,total=21471) (win 0.6% | avg 9.4% budget)
  system.spawner_update            win=  0.043ms avg=  0.045ms p95=  0.060ms max=  1.091ms calls(last=  1,win= 124,total=3243) (win 0.3% | avg 0.3% budget)
  enemy.type.torpedo               win=  0.038ms avg=  1.309ms p95=  1.623ms max=  2.870ms calls(last= 33,win=4092,total=90619) (win 0.2% | avg 7.9% budget)
  frame.input_poll                 win=  0.027ms avg=  0.027ms p95=  0.028ms max=  0.115ms calls(last=  1,win= 120,total=3360) (win 0.2% | avg 0.2% budget)
  system.player_update             win=  0.026ms avg=  0.027ms p95=  0.035ms max=  0.109ms calls(last=  1,win= 124,total=3123) (win 0.2% | avg 0.2% budget)
  system.physics_collision         win=  0.026ms avg=  0.027ms p95=  0.033ms max=  0.133ms calls(last=  1,win= 124,total=3243) (win 0.2% | avg 0.2% budget)
  enemy.type.drone                 win=  0.014ms avg=  0.562ms p95=  0.961ms max=  1.451ms calls(last= 39,win=4836,total=108838) (win 0.1% | avg 3.4% budget)
  system.projectile_update         win=  0.003ms avg=  0.003ms p95=  0.004ms max=  0.047ms calls(last=  1,win= 124,total=3243) (win 0.0% | avg 0.0% budget)
  system.maze_update               win=  0.001ms avg=  0.001ms p95=  0.001ms max=  0.016ms calls(last=  1,win= 124,total=3243) (win 0.0% | avg 0.0% budget)
[ENEMY_STATS] frame=3360 alive=72 visible=0 full=0 cheap=72 fullInBase=0 pairs(frontal=0 checks=0 separation=0 resolved=0)

[PROFILE] frame=3480 budget=16.667ms alloc(+87/-87, +173432b/-173432b, live=131304b peak=300712b)
  frame.total                      win= 17.183ms avg= 17.183ms p95= 17.922ms max= 85.525ms calls(last=  1,win= 120,total=3480) (win 103.1% | avg 103.1% budget)
  frame.render                     win= 11.536ms avg= 11.536ms p95= 12.092ms max= 85.484ms calls(last=  1,win= 120,total=3480) (win 69.2% | avg 69.2% budget)
  frame.present                    win= 11.529ms avg= 11.529ms p95= 12.084ms max= 85.478ms calls(last=  1,win= 120,total=3480) (win 69.2% | avg 69.2% budget)
  frame.render.world               win=  5.779ms avg=  5.779ms p95=  5.972ms max= 10.573ms calls(last=  1,win= 120,total=3277) (win 34.7% | avg 34.7% budget)
  frame.fixed_step                 win=  5.385ms avg=  5.609ms p95=  5.891ms max= 11.175ms calls(last=  1,win= 125,total=3577) (win 32.3% | avg 33.7% budget)
  game.update                      win=  3.778ms avg=  3.935ms p95=  4.303ms max=  8.057ms calls(last=  1,win= 125,total=3368) (win 22.7% | avg 23.6% budget)
  system.ai_update                 win=  3.643ms avg=  3.795ms p95=  4.169ms max=  7.814ms calls(last=  1,win= 125,total=3368) (win 21.9% | avg 22.8% budget)
  enemy.update                     win=  3.638ms avg=  3.790ms p95=  4.165ms max=  7.804ms calls(last=  1,win= 125,total=3368) (win 21.8% | avg 22.7% budget)
  frame.render.overlay             win=  3.052ms avg=  3.052ms p95=  3.700ms max=  4.143ms calls(last=  1,win= 120,total=3277) (win 18.3% | avg 18.3% budget)
  enemy.cheap.segment_build        win=  0.092ms avg=  1.701ms p95=  2.131ms max=  3.800ms calls(last= 18,win=2211,total=23682) (win 0.6% | avg 10.2% budget)
  system.spawner_update            win=  0.042ms avg=  0.044ms p95=  0.056ms max=  1.091ms calls(last=  1,win= 125,total=3368) (win 0.3% | avg 0.3% budget)
  enemy.type.torpedo               win=  0.039ms avg=  1.348ms p95=  1.613ms max=  3.088ms calls(last= 33,win=4125,total=94744) (win 0.2% | avg 8.1% budget)
  frame.input_poll                 win=  0.027ms avg=  0.027ms p95=  0.028ms max=  0.115ms calls(last=  1,win= 120,total=3480) (win 0.2% | avg 0.2% budget)
  system.player_update             win=  0.027ms avg=  0.028ms p95=  0.029ms max=  0.109ms calls(last=  1,win= 125,total=3248) (win 0.2% | avg 0.2% budget)
  system.physics_collision         win=  0.024ms avg=  0.025ms p95=  0.032ms max=  0.133ms calls(last=  1,win= 125,total=3368) (win 0.1% | avg 0.2% budget)
  enemy.type.drone                 win=  0.016ms avg=  0.656ms p95=  0.994ms max=  1.451ms calls(last= 39,win=4875,total=113713) (win 0.1% | avg 3.9% budget)
  system.projectile_update         win=  0.003ms avg=  0.003ms p95=  0.004ms max=  0.047ms calls(last=  1,win= 125,total=3368) (win 0.0% | avg 0.0% budget)
  system.maze_update               win=  0.001ms avg=  0.001ms p95=  0.001ms max=  0.016ms calls(last=  1,win= 125,total=3368) (win 0.0% | avg 0.0% budget)
[ENEMY_STATS] frame=3480 alive=72 visible=0 full=0 cheap=72 fullInBase=0 pairs(frontal=0 checks=0 separation=0 resolved=0)

[PROFILE] frame=3600 budget=16.667ms alloc(+87/-87, +173432b/-173432b, live=131304b peak=300712b)
  frame.total                      win= 17.286ms avg= 17.286ms p95= 18.408ms max= 85.525ms calls(last=  1,win= 120,total=3600) (win 103.7% | avg 103.7% budget)
  frame.render                     win= 11.546ms avg= 11.546ms p95= 12.350ms max= 85.484ms calls(last=  1,win= 120,total=3600) (win 69.3% | avg 69.3% budget)
  frame.present                    win= 11.539ms avg= 11.539ms p95= 12.343ms max= 85.478ms calls(last=  1,win= 120,total=3600) (win 69.2% | avg 69.2% budget)
  frame.render.world               win=  5.850ms avg=  5.850ms p95=  6.139ms max= 10.573ms calls(last=  1,win= 120,total=3397) (win 35.1% | avg 35.1% budget)
  frame.fixed_step                 win=  5.473ms avg=  5.701ms p95=  6.025ms max= 11.175ms calls(last=  1,win= 125,total=3702) (win 32.8% | avg 34.2% budget)
  game.update                      win=  3.863ms avg=  4.024ms p95=  4.413ms max=  8.057ms calls(last=  1,win= 125,total=3493) (win 23.2% | avg 24.1% budget)
  system.ai_update                 win=  3.728ms avg=  3.883ms p95=  4.283ms max=  7.814ms calls(last=  1,win= 125,total=3493) (win 22.4% | avg 23.3% budget)
  enemy.update                     win=  3.722ms avg=  3.877ms p95=  4.278ms max=  7.804ms calls(last=  1,win= 125,total=3493) (win 22.3% | avg 23.3% budget)
  frame.render.overlay             win=  3.038ms avg=  3.038ms p95=  3.690ms max=  4.143ms calls(last=  1,win= 120,total=3397) (win 18.2% | avg 18.2% budget)
  enemy.ai.movement                win=  0.114ms avg=  0.031ms p95=  0.115ms max=  0.227ms calls(last=  1,win=  33,total=33) (win 0.7% | avg 0.2% budget)
  enemy.cheap.segment_build        win=  0.091ms avg=  1.754ms p95=  2.240ms max=  3.800ms calls(last= 19,win=2306,total=25988) (win 0.5% | avg 10.5% budget)
  system.spawner_update            win=  0.043ms avg=  0.045ms p95=  0.058ms max=  1.091ms calls(last=  1,win= 125,total=3493) (win 0.3% | avg 0.3% budget)
  enemy.type.torpedo               win=  0.041ms avg=  1.401ms p95=  1.818ms max=  3.088ms calls(last= 33,win=4125,total=98869) (win 0.2% | avg 8.4% budget)
  frame.input_poll                 win=  0.027ms avg=  0.027ms p95=  0.028ms max=  0.115ms calls(last=  1,win= 120,total=3600) (win 0.2% | avg 0.2% budget)
  enemy.ai.decision                win=  0.027ms avg=  0.007ms p95=  0.026ms max=  0.062ms calls(last=  1,win=  33,total=33) (win 0.2% | avg 0.0% budget)
  system.player_update             win=  0.026ms avg=  0.027ms p95=  0.042ms max=  0.109ms calls(last=  1,win= 125,total=3373) (win 0.2% | avg 0.2% budget)
  system.physics_collision         win=  0.025ms avg=  0.026ms p95=  0.034ms max=  0.133ms calls(last=  1,win= 125,total=3493) (win 0.2% | avg 0.2% budget)
  enemy.type.drone                 win=  0.017ms avg=  0.703ms p95=  1.057ms max=  1.712ms calls(last= 39,win=4875,total=118588) (win 0.1% | avg 4.2% budget)
  enemy.ai.perception              win=  0.006ms avg=  0.002ms p95=  0.006ms max=  0.011ms calls(last=  1,win=  33,total=33) (win 0.0% | avg 0.0% budget)
  enemy.ai.firing                  win=  0.004ms avg=  0.001ms p95=  0.004ms max=  0.009ms calls(last=  1,win=  33,total=33) (win 0.0% | avg 0.0% budget)
  system.projectile_update         win=  0.003ms avg=  0.003ms p95=  0.004ms max=  0.047ms calls(last=  1,win= 125,total=3493) (win 0.0% | avg 0.0% budget)
  system.maze_update               win=  0.001ms avg=  0.001ms p95=  0.001ms max=  0.016ms calls(last=  1,win= 125,total=3493) (win 0.0% | avg 0.0% budget)
[ENEMY_STATS] frame=3600 alive=72 visible=0 full=1 cheap=71 fullInBase=0 pairs(frontal=0 checks=0 separation=0 resolved=0)

[PROFILE] frame=3720 budget=16.667ms alloc(+87/-87, +173432b/-173432b, live=131304b peak=300712b)
  frame.total                      win= 17.444ms avg= 17.444ms p95= 19.346ms max= 85.525ms calls(last=  1,win= 120,total=3720) (win 104.7% | avg 104.7% budget)
  frame.render                     win= 11.491ms avg= 11.491ms p95= 12.233ms max= 85.484ms calls(last=  1,win= 120,total=3720) (win 68.9% | avg 68.9% budget)
  frame.present                    win= 11.484ms avg= 11.484ms p95= 12.225ms max= 85.478ms calls(last=  1,win= 120,total=3720) (win 68.9% | avg 68.9% budget)
  frame.render.world               win=  5.891ms avg=  5.891ms p95=  6.151ms max= 10.573ms calls(last=  1,win= 120,total=3517) (win 35.3% | avg 35.3% budget)
  frame.fixed_step                 win=  5.632ms avg=  5.914ms p95=  6.168ms max= 11.532ms calls(last=  1,win= 126,total=3828) (win 33.8% | avg 35.5% budget)
  game.update                      win=  4.017ms avg=  4.218ms p95=  4.576ms max=  8.355ms calls(last=  1,win= 126,total=3619) (win 24.1% | avg 25.3% budget)
  system.ai_update                 win=  3.880ms avg=  4.074ms p95=  4.442ms max=  8.105ms calls(last=  1,win= 126,total=3619) (win 23.3% | avg 24.4% budget)
  enemy.update                     win=  3.874ms avg=  4.068ms p95=  4.436ms max=  8.095ms calls(last=  1,win= 126,total=3619) (win 23.2% | avg 24.4% budget)
  frame.render.overlay             win=  3.044ms avg=  3.044ms p95=  3.654ms max=  4.143ms calls(last=  1,win= 120,total=3517) (win 18.3% | avg 18.3% budget)
  enemy.ai.movement                win=  0.116ms avg=  0.122ms p95=  0.173ms max=  0.262ms calls(last=  1,win= 126,total=159) (win 0.7% | avg 0.7% budget)
  enemy.cheap.segment_build        win=  0.092ms avg=  1.780ms p95=  2.190ms max=  3.800ms calls(last= 18,win=2324,total=28312) (win 0.6% | avg 10.7% budget)
  system.spawner_update            win=  0.044ms avg=  0.046ms p95=  0.077ms max=  1.091ms calls(last=  1,win= 126,total=3619) (win 0.3% | avg 0.3% budget)
  enemy.type.torpedo               win=  0.041ms avg=  1.425ms p95=  1.906ms max=  3.088ms calls(last= 33,win=4158,total=103027) (win 0.2% | avg 8.6% budget)
  frame.input_poll                 win=  0.028ms avg=  0.028ms p95=  0.028ms max=  0.115ms calls(last=  1,win= 120,total=3720) (win 0.2% | avg 0.2% budget)
  system.player_update             win=  0.026ms avg=  0.027ms p95=  0.039ms max=  0.130ms calls(last=  1,win= 126,total=3499) (win 0.2% | avg 0.2% budget)
  enemy.ai.decision                win=  0.026ms avg=  0.027ms p95=  0.044ms max=  0.081ms calls(last=  1,win= 126,total=159) (win 0.2% | avg 0.2% budget)
  system.physics_collision         win=  0.025ms avg=  0.027ms p95=  0.043ms max=  0.133ms calls(last=  1,win= 126,total=3619) (win 0.2% | avg 0.2% budget)
  enemy.type.drone                 win=  0.020ms avg=  0.834ms p95=  1.260ms max=  2.009ms calls(last= 39,win=4914,total=123502) (win 0.1% | avg 5.0% budget)
  enemy.ai.perception              win=  0.006ms avg=  0.006ms p95=  0.007ms max=  0.012ms calls(last=  1,win= 126,total=159) (win 0.0% | avg 0.0% budget)
  system.projectile_update         win=  0.004ms avg=  0.004ms p95=  0.005ms max=  0.084ms calls(last=  1,win= 126,total=3619) (win 0.0% | avg 0.0% budget)
  enemy.ai.firing                  win=  0.004ms avg=  0.004ms p95=  0.006ms max=  0.038ms calls(last=  1,win= 126,total=159) (win 0.0% | avg 0.0% budget)
  system.maze_update               win=  0.001ms avg=  0.001ms p95=  0.001ms max=  0.020ms calls(last=  1,win= 126,total=3619) (win 0.0% | avg 0.0% budget)
[ENEMY_STATS] frame=3720 alive=72 visible=1 full=1 cheap=71 fullInBase=0 pairs(frontal=0 checks=0 separation=0 resolved=0)

[PROFILE] frame=3840 budget=16.667ms alloc(+378/-378, +1035472b/-1035472b, live=131304b peak=387864b)
  frame.total                      win= 96.432ms avg= 96.432ms p95=108.298ms max=109.250ms calls(last=  1,win= 120,total=3840) (win 578.6% | avg 578.6% budget)
  frame.fixed_step                 win= 23.131ms avg= 84.815ms p95= 96.100ms max= 97.990ms calls(last=  4,win= 440,total=4268) (win 138.8% | avg 508.9% budget)
  game.update                      win= 21.522ms avg= 78.913ms p95= 89.587ms max= 91.413ms calls(last=  4,win= 440,total=4059) (win 129.1% | avg 473.5% budget)
  system.ai_update                 win= 21.362ms avg= 78.327ms p95= 88.961ms max= 90.776ms calls(last=  4,win= 440,total=4059) (win 128.2% | avg 470.0% budget)
  enemy.update                     win= 21.356ms avg= 78.306ms p95= 88.939ms max= 90.756ms calls(last=  4,win= 440,total=4059) (win 128.1% | avg 469.8% budget)
  frame.render                     win= 11.563ms avg= 11.563ms p95= 12.396ms max= 85.484ms calls(last=  1,win= 120,total=3840) (win 69.4% | avg 69.4% budget)
  frame.present                    win= 11.556ms avg= 11.556ms p95= 12.389ms max= 85.478ms calls(last=  1,win= 120,total=3840) (win 69.3% | avg 69.3% budget)
  enemy.physics.frontal_collisions win=  8.767ms avg= 31.194ms p95= 35.478ms max= 35.675ms calls(last=  4,win= 427,total=427) (win 52.6% | avg 187.2% budget)
  enemy.physics.separation         win=  8.432ms avg= 30.004ms p95= 34.052ms max= 34.200ms calls(last=  4,win= 427,total=427) (win 50.6% | avg 180.0% budget)
  frame.render.world               win=  5.938ms avg=  5.938ms p95=  6.173ms max= 10.573ms calls(last=  1,win= 120,total=3637) (win 35.6% | avg 35.6% budget)
  frame.render.overlay             win=  3.166ms avg=  3.166ms p95=  3.853ms max=  4.143ms calls(last=  1,win= 120,total=3637) (win 19.0% | avg 19.0% budget)
  enemy.torpedo.select_heading     win=  0.807ms avg=  0.047ms p95=  0.000ms max=  1.760ms calls(last=  0,win=   7,total=7) (win 4.8% | avg 0.3% budget)
  enemy.ai.movement                win=  0.094ms avg=  1.226ms p95=  1.831ms max=  1.872ms calls(last=  8,win=1570,total=1729) (win 0.6% | avg 7.4% budget)
  enemy.cheap.segment_build        win=  0.089ms avg=  6.323ms p95=  7.494ms max=  8.133ms calls(last= 82,win=8480,total=36792) (win 0.5% | avg 37.9% budget)
  enemy.ai.decision                win=  0.069ms avg=  0.905ms p95=  1.499ms max=  2.761ms calls(last=  8,win=1570,total=1729) (win 0.4% | avg 5.4% budget)
  enemy.type.torpedo               win=  0.055ms avg=  6.691ms p95=  8.312ms max=  9.534ms calls(last=132,win=14520,total=117547) (win 0.3% | avg 40.1% budget)
  system.spawner_update            win=  0.045ms avg=  0.164ms p95=  0.194ms max=  1.091ms calls(last=  4,win= 440,total=4059) (win 0.3% | avg 1.0% budget)
  system.physics_collision         win=  0.043ms avg=  0.157ms p95=  0.192ms max=  0.242ms calls(last=  4,win= 440,total=4059) (win 0.3% | avg 0.9% budget)
  system.player_update             win=  0.030ms avg=  0.110ms p95=  0.130ms max=  0.149ms calls(last=  4,win= 440,total=3939) (win 0.2% | avg 0.7% budget)
  frame.input_poll                 win=  0.029ms avg=  0.029ms p95=  0.029ms max=  0.115ms calls(last=  1,win= 120,total=3840) (win 0.2% | avg 0.2% budget)
  enemy.type.drone                 win=  0.021ms avg=  3.003ms p95=  3.967ms max=  4.363ms calls(last=156,win=17160,total=140662) (win 0.1% | avg 18.0% budget)
  enemy.physics.frontal_pair_narrow win=  0.016ms avg=  0.011ms p95=  0.066ms max=  0.080ms calls(last=  0,win=  83,total=83) (win 0.1% | avg 0.1% budget)
  enemy.ai.perception              win=  0.003ms avg=  0.043ms p95=  0.062ms max=  0.124ms calls(last=  8,win=1570,total=1729) (win 0.0% | avg 0.3% budget)
  system.projectile_update         win=  0.003ms avg=  0.012ms p95=  0.014ms max=  0.084ms calls(last=  4,win= 440,total=4059) (win 0.0% | avg 0.1% budget)
[ENEMY_STATS] frame=3840 alive=72 visible=1 full=2 cheap=70 fullInBase=0 pairs(frontal=0 checks=0 separation=0 resolved=0)

[PROFILE] frame=3960 budget=16.667ms alloc(+371/-371, +1035128b/-1035128b, live=131304b peak=387912b)
  frame.total                      win=106.508ms avg=106.508ms p95=107.989ms max=109.250ms calls(last=  1,win= 120,total=3960) (win 639.0% | avg 639.0% budget)
  frame.fixed_step                 win= 23.704ms avg= 94.817ms p95= 95.835ms max= 97.990ms calls(last=  4,win= 480,total=4748) (win 142.2% | avg 568.9% budget)
  game.update                      win= 22.092ms avg= 88.367ms p95= 89.423ms max= 91.413ms calls(last=  4,win= 480,total=4539) (win 132.6% | avg 530.2% budget)
  system.ai_update                 win= 21.931ms avg= 87.726ms p95= 88.758ms max= 90.776ms calls(last=  4,win= 480,total=4539) (win 131.6% | avg 526.4% budget)
  enemy.update                     win= 21.926ms avg= 87.704ms p95= 88.736ms max= 90.756ms calls(last=  4,win= 480,total=4539) (win 131.6% | avg 526.2% budget)
  frame.render                     win= 11.639ms avg= 11.639ms p95= 12.413ms max= 85.484ms calls(last=  1,win= 120,total=3960) (win 69.8% | avg 69.8% budget)
  frame.present                    win= 11.631ms avg= 11.631ms p95= 12.406ms max= 85.478ms calls(last=  1,win= 120,total=3960) (win 69.8% | avg 69.8% budget)
  enemy.physics.frontal_collisions win=  8.748ms avg= 34.993ms p95= 35.368ms max= 35.675ms calls(last=  4,win= 480,total=907) (win 52.5% | avg 210.0% budget)
  enemy.physics.separation         win=  8.416ms avg= 33.664ms p95= 33.994ms max= 34.272ms calls(last=  4,win= 480,total=907) (win 50.5% | avg 202.0% budget)
  frame.render.world               win=  6.035ms avg=  6.035ms p95=  6.274ms max= 10.573ms calls(last=  1,win= 120,total=3757) (win 36.2% | avg 36.2% budget)
  frame.render.overlay             win=  3.154ms avg=  3.154ms p95=  3.758ms max=  4.143ms calls(last=  1,win= 120,total=3757) (win 18.9% | avg 18.9% budget)
  enemy.torpedo.select_heading     win=  0.592ms avg=  0.035ms p95=  0.314ms max=  1.760ms calls(last=  0,win=   7,total=14) (win 3.6% | avg 0.2% budget)
  enemy.ai.movement                win=  0.103ms avg=  1.850ms p95=  2.597ms max=  2.672ms calls(last= 12,win=2152,total=3881) (win 0.6% | avg 11.1% budget)
  enemy.cheap.segment_build        win=  0.090ms avg=  6.574ms p95=  7.293ms max=  8.161ms calls(last= 73,win=8777,total=45569) (win 0.5% | avg 39.4% budget)
  enemy.ai.decision                win=  0.065ms avg=  1.168ms p95=  1.674ms max=  2.761ms calls(last= 12,win=2152,total=3881) (win 0.4% | avg 7.0% budget)
  enemy.type.torpedo               win=  0.059ms avg=  7.833ms p95=  8.823ms max=  9.534ms calls(last=132,win=15840,total=133387) (win 0.4% | avg 47.0% budget)
  system.spawner_update            win=  0.044ms avg=  0.177ms p95=  0.180ms max=  1.091ms calls(last=  4,win= 480,total=4539) (win 0.3% | avg 1.1% budget)
  system.physics_collision         win=  0.043ms avg=  0.171ms p95=  0.188ms max=  0.242ms calls(last=  4,win= 480,total=4539) (win 0.3% | avg 1.0% budget)
  system.player_update             win=  0.031ms avg=  0.124ms p95=  0.141ms max=  0.164ms calls(last=  4,win= 480,total=4419) (win 0.2% | avg 0.7% budget)
  frame.input_poll                 win=  0.027ms avg=  0.027ms p95=  0.029ms max=  0.115ms calls(last=  1,win= 120,total=3960) (win 0.2% | avg 0.2% budget)
  enemy.type.drone                 win=  0.020ms avg=  3.144ms p95=  3.875ms max=  4.363ms calls(last=156,win=18720,total=159382) (win 0.1% | avg 18.9% budget)
  system.projectile_update         win=  0.003ms avg=  0.012ms p95=  0.014ms max=  0.084ms calls(last=  4,win= 480,total=4539) (win 0.0% | avg 0.1% budget)
  enemy.ai.perception              win=  0.003ms avg=  0.053ms p95=  0.066ms max=  0.124ms calls(last= 12,win=2152,total=3881) (win 0.0% | avg 0.3% budget)
  enemy.ai.firing                  win=  0.002ms avg=  0.043ms p95=  0.054ms max=  0.081ms calls(last= 12,win=2152,total=3881) (win 0.0% | avg 0.3% budget)
[ENEMY_STATS] frame=3960 alive=72 visible=0 full=3 cheap=69 fullInBase=0 pairs(frontal=0 checks=0 separation=0 resolved=0)

[PROFILE] frame=4080 budget=16.667ms alloc(+367/-367, +1035096b/-1035096b, live=131304b peak=387912b)
  frame.total                      win= 42.812ms avg= 42.812ms p95=105.324ms max=109.250ms calls(last=  1,win= 120,total=4080) (win 256.9% | avg 256.9% budget)
  frame.fixed_step                 win= 16.122ms avg= 31.169ms p95= 93.547ms max= 97.990ms calls(last=  4,win= 232,total=4980) (win 96.7% | avg 187.0% budget)
  game.update                      win= 14.517ms avg= 28.067ms p95= 87.164ms max= 91.413ms calls(last=  4,win= 232,total=4771) (win 87.1% | avg 168.4% budget)
  system.ai_update                 win= 14.369ms avg= 27.781ms p95= 86.478ms max= 90.776ms calls(last=  4,win= 232,total=4771) (win 86.2% | avg 166.7% budget)
  enemy.update                     win= 14.364ms avg= 27.770ms p95= 86.451ms max= 90.756ms calls(last=  4,win= 232,total=4771) (win 86.2% | avg 166.6% budget)
  frame.render                     win= 11.600ms avg= 11.600ms p95= 12.451ms max= 85.484ms calls(last=  1,win= 120,total=4080) (win 69.6% | avg 69.6% budget)
  frame.present                    win= 11.592ms avg= 11.592ms p95= 12.443ms max= 85.478ms calls(last=  1,win= 120,total=4080) (win 69.6% | avg 69.6% budget)
  enemy.physics.frontal_collisions win=  8.707ms avg= 10.013ms p95= 34.889ms max= 35.675ms calls(last=  4,win= 138,total=1045) (win 52.2% | avg 60.1% budget)
  enemy.physics.separation         win=  8.385ms avg=  9.643ms p95= 33.559ms max= 34.272ms calls(last=  4,win= 138,total=1045) (win 50.3% | avg 57.9% budget)
  frame.render.world               win=  6.079ms avg=  6.079ms p95=  6.315ms max= 10.573ms calls(last=  1,win= 120,total=3877) (win 36.5% | avg 36.5% budget)
  frame.render.overlay             win=  3.108ms avg=  3.108ms p95=  3.815ms max=  4.143ms calls(last=  1,win= 120,total=3877) (win 18.6% | avg 18.6% budget)
  enemy.torpedo.select_heading     win=  0.768ms avg=  0.019ms p95=  0.000ms max=  1.760ms calls(last=  0,win=   3,total=17) (win 4.6% | avg 0.1% budget)
  enemy.ai.movement                win=  0.108ms avg=  0.367ms p95=  1.033ms max=  2.672ms calls(last=  8,win= 409,total=4290) (win 0.6% | avg 2.2% budget)
  enemy.cheap.segment_build        win=  0.090ms avg=  3.221ms p95=  6.958ms max=  8.161ms calls(last= 77,win=4280,total=49849) (win 0.5% | avg 19.3% budget)
  enemy.ai.decision                win=  0.082ms avg=  0.279ms p95=  0.769ms max=  2.761ms calls(last=  8,win= 409,total=4290) (win 0.5% | avg 1.7% budget)
  enemy.type.torpedo               win=  0.050ms avg=  3.175ms p95=  7.272ms max=  9.534ms calls(last=132,win=7656,total=141043) (win 0.3% | avg 19.0% budget)
  system.spawner_update            win=  0.044ms avg=  0.085ms p95=  0.180ms max=  1.091ms calls(last=  4,win= 232,total=4771) (win 0.3% | avg 0.5% budget)
  system.physics_collision         win=  0.035ms avg=  0.067ms p95=  0.177ms max=  0.242ms calls(last=  4,win= 232,total=4771) (win 0.2% | avg 0.4% budget)
  system.player_update             win=  0.028ms avg=  0.053ms p95=  0.119ms max=  0.189ms calls(last=  4,win= 232,total=4651) (win 0.2% | avg 0.3% budget)
  frame.input_poll                 win=  0.027ms avg=  0.027ms p95=  0.028ms max=  0.115ms calls(last=  1,win= 120,total=4080) (win 0.2% | avg 0.2% budget)
  enemy.type.drone                 win=  0.017ms avg=  1.311ms p95=  3.127ms max=  4.363ms calls(last=156,win=9048,total=168430) (win 0.1% | avg 7.9% budget)
  enemy.ai.perception              win=  0.004ms avg=  0.014ms p95=  0.041ms max=  0.124ms calls(last=  8,win= 409,total=4290) (win 0.0% | avg 0.1% budget)
  enemy.ai.firing                  win=  0.003ms avg=  0.011ms p95=  0.032ms max=  0.081ms calls(last=  8,win= 409,total=4290) (win 0.0% | avg 0.1% budget)
  system.projectile_update         win=  0.003ms avg=  0.006ms p95=  0.013ms max=  0.084ms calls(last=  4,win= 232,total=4771) (win 0.0% | avg 0.0% budget)
[ENEMY_STATS] frame=4080 alive=72 visible=0 full=2 cheap=70 fullInBase=0 pairs(frontal=0 checks=0 separation=0 resolved=0)

[PROFILE] frame=4200 budget=16.667ms alloc(+87/-87, +173416b/-173416b, live=131344b peak=387912b)
  frame.total                      win= 66.725ms avg= 66.725ms p95=105.740ms max=109.250ms calls(last=  1,win= 120,total=4200) (win 400.4% | avg 400.4% budget)
  frame.fixed_step                 win= 19.985ms avg= 54.959ms p95= 93.581ms max= 97.990ms calls(last=  1,win= 330,total=5310) (win 119.9% | avg 329.8% budget)
  game.update                      win= 18.376ms avg= 50.535ms p95= 87.144ms max= 91.413ms calls(last=  1,win= 330,total=5101) (win 110.3% | avg 303.2% budget)
  system.ai_update                 win= 18.219ms avg= 50.101ms p95= 86.508ms max= 90.776ms calls(last=  1,win= 330,total=5101) (win 109.3% | avg 300.6% budget)
  enemy.update                     win= 18.213ms avg= 50.087ms p95= 86.489ms max= 90.756ms calls(last=  1,win= 330,total=5101) (win 109.3% | avg 300.5% budget)
  frame.render                     win= 11.719ms avg= 11.719ms p95= 12.711ms max= 85.484ms calls(last=  1,win= 120,total=4200) (win 70.3% | avg 70.3% budget)
  frame.present                    win= 11.712ms avg= 11.712ms p95= 12.704ms max= 85.478ms calls(last=  1,win= 120,total=4200) (win 70.3% | avg 70.3% budget)
  enemy.physics.frontal_collisions win=  8.699ms avg= 19.572ms p95= 34.992ms max= 35.675ms calls(last=  0,win= 270,total=1315) (win 52.2% | avg 117.4% budget)
  enemy.physics.separation         win=  8.382ms avg= 18.859ms p95= 33.676ms max= 34.272ms calls(last=  0,win= 270,total=1315) (win 50.3% | avg 113.2% budget)
  frame.render.world               win=  6.090ms avg=  6.090ms p95=  6.524ms max= 10.573ms calls(last=  1,win= 120,total=3997) (win 36.5% | avg 36.5% budget)
  frame.render.overlay             win=  3.115ms avg=  3.115ms p95=  3.711ms max=  4.143ms calls(last=  1,win= 120,total=3997) (win 18.7% | avg 18.7% budget)
  enemy.torpedo.select_heading     win=  0.804ms avg=  0.020ms p95=  0.000ms max=  1.760ms calls(last=  0,win=   3,total=20) (win 4.8% | avg 0.1% budget)
  enemy.ai.movement                win=  0.114ms avg=  0.525ms p95=  0.936ms max=  2.672ms calls(last=  0,win= 554,total=4844) (win 0.7% | avg 3.2% budget)
  enemy.cheap.segment_build        win=  0.090ms avg=  4.558ms p95=  7.122ms max=  8.161ms calls(last= 18,win=6087,total=55936) (win 0.5% | avg 27.3% budget)
  enemy.ai.decision                win=  0.071ms avg=  0.330ms p95=  0.570ms max=  2.761ms calls(last=  0,win= 554,total=4844) (win 0.4% | avg 2.0% budget)
  enemy.type.torpedo               win=  0.047ms avg=  4.290ms p95=  6.707ms max=  9.534ms calls(last= 34,win=10950,total=151993) (win 0.3% | avg 25.7% budget)
  system.spawner_update            win=  0.046ms avg=  0.125ms p95=  0.182ms max=  1.091ms calls(last=  1,win= 330,total=5101) (win 0.3% | avg 0.8% budget)
  system.physics_collision         win=  0.041ms avg=  0.112ms p95=  0.252ms max=  0.274ms calls(last=  1,win= 330,total=5101) (win 0.2% | avg 0.7% budget)
  system.player_update             win=  0.029ms avg=  0.079ms p95=  0.127ms max=  0.189ms calls(last=  1,win= 330,total=4981) (win 0.2% | avg 0.5% budget)
  frame.input_poll                 win=  0.027ms avg=  0.027ms p95=  0.030ms max=  0.115ms calls(last=  1,win= 120,total=4200) (win 0.2% | avg 0.2% budget)
  enemy.type.drone                 win=  0.019ms avg=  1.980ms p95=  3.249ms max=  4.363ms calls(last= 38,win=12810,total=181240) (win 0.1% | avg 11.9% budget)
  enemy.ai.perception              win=  0.004ms avg=  0.020ms p95=  0.036ms max=  0.124ms calls(last=  0,win= 554,total=4844) (win 0.0% | avg 0.1% budget)
  system.projectile_update         win=  0.003ms avg=  0.010ms p95=  0.022ms max=  0.084ms calls(last=  1,win= 330,total=5101) (win 0.0% | avg 0.1% budget)
  enemy.ai.firing                  win=  0.003ms avg=  0.015ms p95=  0.027ms max=  0.081ms calls(last=  0,win= 554,total=4844) (win 0.0% | avg 0.1% budget)
[ENEMY_STATS] frame=4200 alive=72 visible=0 full=0 cheap=72 fullInBase=0 pairs(frontal=0 checks=0 separation=0 resolved=0)

[PROFILE] frame=4320 budget=16.667ms alloc(+90/-90, +173520b/-173520b, live=131344b peak=387912b)
  frame.total                      win= 17.544ms avg= 17.544ms p95= 21.556ms max=109.250ms calls(last=  1,win= 120,total=4320) (win 105.3% | avg 105.3% budget)
  frame.render                     win= 11.530ms avg= 11.530ms p95= 12.231ms max= 85.484ms calls(last=  1,win= 120,total=4320) (win 69.2% | avg 69.2% budget)
  frame.present                    win= 11.522ms avg= 11.522ms p95= 12.224ms max= 85.478ms calls(last=  1,win= 120,total=4320) (win 69.1% | avg 69.1% budget)
  frame.render.world               win=  5.970ms avg=  5.970ms p95=  6.222ms max= 10.573ms calls(last=  1,win= 120,total=4117) (win 35.8% | avg 35.8% budget)
  frame.fixed_step                 win=  5.646ms avg=  5.975ms p95= 10.418ms max= 97.990ms calls(last=  1,win= 127,total=5437) (win 33.9% | avg 35.8% budget)
  game.update                      win=  4.021ms avg=  4.256ms p95=  7.217ms max= 91.413ms calls(last=  1,win= 127,total=5228) (win 24.1% | avg 25.5% budget)
  system.ai_update                 win=  3.884ms avg=  4.111ms p95=  6.975ms max= 90.776ms calls(last=  1,win= 127,total=5228) (win 23.3% | avg 24.7% budget)
  enemy.update                     win=  3.879ms avg=  4.105ms p95=  6.964ms max= 90.756ms calls(last=  1,win= 127,total=5228) (win 23.3% | avg 24.6% budget)
  frame.render.overlay             win=  3.097ms avg=  3.097ms p95=  3.749ms max=  4.143ms calls(last=  1,win= 120,total=4117) (win 18.6% | avg 18.6% budget)
  enemy.torpedo.select_heading     win=  0.834ms avg=  0.014ms p95=  0.000ms max=  1.760ms calls(last=  0,win=   2,total=22) (win 5.0% | avg 0.1% budget)
  enemy.ai.decision                win=  0.139ms avg=  0.112ms p95=  0.137ms max=  2.761ms calls(last=  1,win=  97,total=4941) (win 0.8% | avg 0.7% budget)
  enemy.ai.movement                win=  0.118ms avg=  0.095ms p95=  0.144ms max=  2.672ms calls(last=  1,win=  97,total=4941) (win 0.7% | avg 0.6% budget)
  enemy.cheap.segment_build        win=  0.091ms avg=  1.768ms p95=  3.054ms max=  8.161ms calls(last= 18,win=2340,total=58276) (win 0.5% | avg 10.6% budget)
  enemy.type.torpedo               win=  0.046ms avg=  1.662ms p95=  2.543ms max=  9.534ms calls(last= 34,win=4318,total=156311) (win 0.3% | avg 10.0% budget)
  system.spawner_update            win=  0.042ms avg=  0.045ms p95=  0.079ms max=  1.091ms calls(last=  1,win= 127,total=5228) (win 0.3% | avg 0.3% budget)
  frame.input_poll                 win=  0.027ms avg=  0.027ms p95=  0.029ms max=  0.115ms calls(last=  1,win= 120,total=4320) (win 0.2% | avg 0.2% budget)
  system.physics_collision         win=  0.027ms avg=  0.028ms p95=  0.044ms max=  0.373ms calls(last=  1,win= 127,total=5228) (win 0.2% | avg 0.2% budget)
  system.player_update             win=  0.026ms avg=  0.028ms p95=  0.042ms max=  0.189ms calls(last=  1,win= 127,total=5108) (win 0.2% | avg 0.2% budget)
  enemy.type.drone                 win=  0.016ms avg=  0.642ms p95=  1.081ms max=  4.363ms calls(last= 38,win=4826,total=186066) (win 0.1% | avg 3.9% budget)
  enemy.ai.perception              win=  0.006ms avg=  0.005ms p95=  0.007ms max=  0.124ms calls(last=  1,win=  97,total=4941) (win 0.0% | avg 0.0% budget)
  enemy.ai.firing                  win=  0.005ms avg=  0.004ms p95=  0.005ms max=  0.081ms calls(last=  1,win=  97,total=4941) (win 0.0% | avg 0.0% budget)
  system.projectile_update         win=  0.003ms avg=  0.003ms p95=  0.005ms max=  0.084ms calls(last=  1,win= 127,total=5228) (win 0.0% | avg 0.0% budget)
  system.maze_update               win=  0.001ms avg=  0.001ms p95=  0.001ms max=  0.020ms calls(last=  1,win= 127,total=5228) (win 0.0% | avg 0.0% budget)
  enemy.physics.frontal_collisions win=  0.000ms avg=  0.000ms p95=  0.000ms max= 35.675ms calls(last=  0,win=   0,total=1315) (win 0.0% | avg 0.0% budget)
[ENEMY_STATS] frame=4320 alive=72 visible=0 full=1 cheap=71 fullInBase=0 pairs(frontal=0 checks=0 separation=0 resolved=0)

[PROFILE] frame=4440 budget=16.667ms alloc(+89/-89, +173480b/-173480b, live=131344b peak=387912b)
  frame.total                      win= 28.263ms avg= 28.263ms p95=103.981ms max=109.250ms calls(last=  1,win= 120,total=4440) (win 169.6% | avg 169.6% budget)
  frame.fixed_step                 win= 11.655ms avg= 16.802ms p95= 92.456ms max= 97.990ms calls(last=  1,win= 173,total=5610) (win 69.9% | avg 100.8% budget)
  frame.render                     win= 11.420ms avg= 11.420ms p95= 12.157ms max= 85.484ms calls(last=  1,win= 120,total=4440) (win 68.5% | avg 68.5% budget)
  frame.present                    win= 11.412ms avg= 11.412ms p95= 12.150ms max= 85.478ms calls(last=  1,win= 120,total=4440) (win 68.5% | avg 68.5% budget)
  game.update                      win= 10.053ms avg= 14.493ms p95= 86.074ms max= 91.413ms calls(last=  1,win= 173,total=5401) (win 60.3% | avg 87.0% budget)
  system.ai_update                 win=  9.910ms avg= 14.287ms p95= 85.422ms max= 90.776ms calls(last=  1,win= 173,total=5401) (win 59.5% | avg 85.7% budget)
  enemy.update                     win=  9.905ms avg= 14.280ms p95= 85.401ms max= 90.756ms calls(last=  1,win= 173,total=5401) (win 59.4% | avg 85.7% budget)
  enemy.physics.frontal_collisions win=  8.726ms avg=  4.290ms p95= 34.702ms max= 35.675ms calls(last=  0,win=  59,total=1374) (win 52.4% | avg 25.7% budget)
  enemy.physics.separation         win=  8.387ms avg=  4.124ms p95= 33.485ms max= 34.272ms calls(last=  0,win=  59,total=1374) (win 50.3% | avg 24.7% budget)
  frame.render.world               win=  5.864ms avg=  5.864ms p95=  6.099ms max= 10.573ms calls(last=  1,win= 120,total=4237) (win 35.2% | avg 35.2% budget)
  frame.render.overlay             win=  3.061ms avg=  3.061ms p95=  3.724ms max=  4.143ms calls(last=  1,win= 120,total=4237) (win 18.4% | avg 18.4% budget)
  enemy.torpedo.select_heading     win=  0.561ms avg=  0.005ms p95=  0.000ms max=  1.760ms calls(last=  0,win=   1,total=23) (win 3.4% | avg 0.0% budget)
  enemy.ai.movement                win=  0.115ms avg=  0.222ms p95=  0.873ms max=  2.672ms calls(last=  1,win= 232,total=5173) (win 0.7% | avg 1.3% budget)
  enemy.ai.decision                win=  0.096ms avg=  0.186ms p95=  0.537ms max=  2.761ms calls(last=  1,win= 232,total=5173) (win 0.6% | avg 1.1% budget)
  enemy.cheap.segment_build        win=  0.090ms avg=  2.398ms p95=  6.584ms max=  8.161ms calls(last= 18,win=3193,total=61469) (win 0.5% | avg 14.4% budget)
  enemy.type.torpedo               win=  0.047ms avg=  2.298ms p95=  6.191ms max=  9.534ms calls(last= 34,win=5882,total=162193) (win 0.3% | avg 13.8% budget)
  system.spawner_update            win=  0.043ms avg=  0.062ms p95=  0.179ms max=  1.091ms calls(last=  1,win= 173,total=5401) (win 0.3% | avg 0.4% budget)
  system.physics_collision         win=  0.031ms avg=  0.045ms p95=  0.173ms max=  0.373ms calls(last=  1,win= 173,total=5401) (win 0.2% | avg 0.3% budget)
  frame.input_poll                 win=  0.027ms avg=  0.027ms p95=  0.029ms max=  0.115ms calls(last=  1,win= 120,total=4440) (win 0.2% | avg 0.2% budget)
  system.player_update             win=  0.027ms avg=  0.039ms p95=  0.118ms max=  0.189ms calls(last=  1,win= 173,total=5281) (win 0.2% | avg 0.2% budget)
  enemy.type.drone                 win=  0.017ms avg=  0.952ms p95=  2.890ms max=  4.363ms calls(last= 38,win=6574,total=192640) (win 0.1% | avg 5.7% budget)
  enemy.ai.perception              win=  0.005ms avg=  0.009ms p95=  0.032ms max=  0.124ms calls(last=  1,win= 232,total=5173) (win 0.0% | avg 0.1% budget)
  enemy.ai.firing                  win=  0.004ms avg=  0.008ms p95=  0.026ms max=  0.081ms calls(last=  1,win= 232,total=5173) (win 0.0% | avg 0.0% budget)
  system.projectile_update         win=  0.003ms avg=  0.004ms p95=  0.012ms max=  0.084ms calls(last=  1,win= 173,total=5401) (win 0.0% | avg 0.0% budget)
[ENEMY_STATS] frame=4440 alive=72 visible=1 full=1 cheap=71 fullInBase=0 pairs(frontal=0 checks=0 separation=0 resolved=0)

[PROFILE] frame=4560 budget=16.667ms alloc(+371/-371, +1035064b/-1035064b, live=131344b peak=387912b)
  frame.total                      win= 75.600ms avg= 75.600ms p95=106.632ms max=109.250ms calls(last=  1,win= 120,total=4560) (win 453.6% | avg 453.6% budget)
  frame.fixed_step                 win= 21.345ms avg= 64.035ms p95= 94.768ms max= 97.990ms calls(last=  4,win= 360,total=5970) (win 128.1% | avg 384.2% budget)
  game.update                      win= 19.742ms avg= 59.225ms p95= 88.198ms max= 91.413ms calls(last=  4,win= 360,total=5761) (win 118.5% | avg 355.4% budget)
  system.ai_update                 win= 19.584ms avg= 58.752ms p95= 87.560ms max= 90.776ms calls(last=  4,win= 360,total=5761) (win 117.5% | avg 352.5% budget)
  enemy.update                     win= 19.578ms avg= 58.735ms p95= 87.537ms max= 90.756ms calls(last=  4,win= 360,total=5761) (win 117.5% | avg 352.4% budget)
  frame.render                     win= 11.517ms avg= 11.517ms p95= 12.497ms max= 85.484ms calls(last=  1,win= 120,total=4560) (win 69.1% | avg 69.1% budget)
  frame.present                    win= 11.510ms avg= 11.510ms p95= 12.490ms max= 85.478ms calls(last=  1,win= 120,total=4560) (win 69.1% | avg 69.1% budget)
  enemy.physics.frontal_collisions win=  8.726ms avg= 23.195ms p95= 35.316ms max= 35.675ms calls(last=  4,win= 319,total=1693) (win 52.4% | avg 139.2% budget)
  enemy.physics.separation         win=  8.404ms avg= 22.341ms p95= 33.954ms max= 34.272ms calls(last=  4,win= 319,total=1693) (win 50.4% | avg 134.0% budget)
  frame.render.world               win=  5.941ms avg=  5.941ms p95=  6.156ms max= 10.573ms calls(last=  1,win= 120,total=4357) (win 35.6% | avg 35.6% budget)
  frame.render.overlay             win=  3.144ms avg=  3.144ms p95=  3.856ms max=  4.143ms calls(last=  1,win= 120,total=4357) (win 18.9% | avg 18.9% budget)
  enemy.torpedo.select_heading     win=  0.699ms avg=  0.023ms p95=  0.000ms max=  1.760ms calls(last=  0,win=   4,total=27) (win 4.2% | avg 0.1% budget)
  enemy.ai.movement                win=  0.110ms avg=  0.784ms p95=  1.323ms max=  2.672ms calls(last= 12,win= 857,total=6030) (win 0.7% | avg 4.7% budget)
  enemy.cheap.segment_build        win=  0.090ms avg=  5.060ms p95=  7.199ms max=  8.161ms calls(last= 78,win=6783,total=68252) (win 0.5% | avg 30.4% budget)
  enemy.ai.decision                win=  0.062ms avg=  0.440ms p95=  0.669ms max=  2.761ms calls(last= 12,win= 857,total=6030) (win 0.4% | avg 2.6% budget)
  enemy.type.torpedo               win=  0.046ms avg=  4.704ms p95=  6.588ms max=  9.534ms calls(last=136,win=12240,total=174433) (win 0.3% | avg 28.2% budget)
  system.spawner_update            win=  0.045ms avg=  0.134ms p95=  0.182ms max=  1.091ms calls(last=  4,win= 360,total=5761) (win 0.3% | avg 0.8% budget)
  system.physics_collision         win=  0.041ms avg=  0.122ms p95=  0.187ms max=  0.373ms calls(last=  4,win= 360,total=5761) (win 0.2% | avg 0.7% budget)
  system.player_update             win=  0.031ms avg=  0.092ms p95=  0.131ms max=  0.193ms calls(last=  4,win= 360,total=5641) (win 0.2% | avg 0.6% budget)
  frame.input_poll                 win=  0.027ms avg=  0.027ms p95=  0.028ms max=  0.115ms calls(last=  1,win= 120,total=4560) (win 0.2% | avg 0.2% budget)
  enemy.type.drone                 win=  0.022ms avg=  2.542ms p95=  4.092ms max=  4.401ms calls(last=152,win=13680,total=206320) (win 0.1% | avg 15.3% budget)
  enemy.ai.perception              win=  0.004ms avg=  0.027ms p95=  0.046ms max=  0.124ms calls(last= 12,win= 857,total=6030) (win 0.0% | avg 0.2% budget)
  system.projectile_update         win=  0.003ms avg=  0.009ms p95=  0.013ms max=  0.084ms calls(last=  4,win= 360,total=5761) (win 0.0% | avg 0.1% budget)
  enemy.ai.firing                  win=  0.003ms avg=  0.020ms p95=  0.032ms max=  0.081ms calls(last= 12,win= 857,total=6030) (win 0.0% | avg 0.1% budget)
[ENEMY_STATS] frame=4560 alive=72 visible=2 full=3 cheap=69 fullInBase=0 pairs(frontal=0 checks=0 separation=0 resolved=0)

[PROFILE] frame=4680 budget=16.667ms alloc(+7/-7, +3416b/-3416b, live=131344b peak=387928b)
  frame.total                      win= 89.867ms avg= 89.867ms p95=108.707ms max=110.095ms calls(last=  1,win= 120,total=4680) (win 539.2% | avg 539.2% budget)
  frame.fixed_step                 win= 22.333ms avg= 77.048ms p95= 96.678ms max= 97.990ms calls(last=  1,win= 414,total=6384) (win 134.0% | avg 462.3% budget)
  game.update                      win= 22.211ms avg= 71.814ms p95= 90.174ms max= 91.413ms calls(last=  0,win= 388,total=6149) (win 133.3% | avg 430.9% budget)
  system.ai_update                 win= 22.043ms avg= 71.273ms p95= 89.513ms max= 90.776ms calls(last=  0,win= 388,total=6149) (win 132.3% | avg 427.6% budget)
  enemy.update                     win= 22.038ms avg= 71.255ms p95= 89.489ms max= 90.756ms calls(last=  0,win= 388,total=6149) (win 132.2% | avg 427.5% budget)
  frame.render                     win= 12.770ms avg= 12.770ms p95= 17.248ms max= 85.484ms calls(last=  1,win= 120,total=4680) (win 76.6% | avg 76.6% budget)
  frame.present                    win= 12.763ms avg= 12.763ms p95= 17.241ms max= 85.478ms calls(last=  1,win= 120,total=4680) (win 76.6% | avg 76.6% budget)
  enemy.physics.frontal_collisions win=  8.799ms avg= 28.450ms p95= 35.429ms max= 35.736ms calls(last=  0,win= 388,total=2081) (win 52.8% | avg 170.7% budget)
  enemy.physics.separation         win=  8.457ms avg= 27.343ms p95= 34.045ms max= 34.272ms calls(last=  0,win= 388,total=2081) (win 50.7% | avg 164.1% budget)
  frame.render.world               win=  6.111ms avg=  6.111ms p95=  6.471ms max= 10.573ms calls(last=  1,win= 120,total=4477) (win 36.7% | avg 36.7% budget)
  frame.render.overlay             win=  2.840ms avg=  3.384ms p95=  4.152ms max=  4.843ms calls(last=  2,win= 143,total=4500) (win 17.0% | avg 20.3% budget)
  enemy.torpedo.select_heading     win=  0.819ms avg=  0.041ms p95=  0.000ms max=  1.760ms calls(last=  0,win=   6,total=33) (win 4.9% | avg 0.2% budget)
  enemy.ai.movement                win=  0.109ms avg=  1.239ms p95=  1.804ms max=  2.672ms calls(last=  0,win=1365,total=7395) (win 0.7% | avg 7.4% budget)
  enemy.cheap.segment_build        win=  0.090ms avg=  5.826ms p95=  7.770ms max=  8.419ms calls(last=  0,win=7778,total=76030) (win 0.5% | avg 35.0% budget)
  enemy.ai.decision                win=  0.063ms avg=  0.721ms p95=  1.159ms max=  2.761ms calls(last=  0,win=1365,total=7395) (win 0.4% | avg 4.3% budget)
  enemy.type.torpedo               win=  0.053ms avg=  5.842ms p95=  7.938ms max=  9.534ms calls(last=  0,win=13192,total=187625) (win 0.3% | avg 35.1% budget)
  system.physics_collision         win=  0.048ms avg=  0.155ms p95=  0.254ms max=  0.373ms calls(last=  0,win= 388,total=6149) (win 0.3% | avg 0.9% budget)
  system.spawner_update            win=  0.046ms avg=  0.147ms p95=  0.191ms max=  1.091ms calls(last=  0,win= 388,total=6149) (win 0.3% | avg 0.9% budget)
  system.player_update             win=  0.031ms avg=  0.100ms p95=  0.136ms max=  0.193ms calls(last=  0,win= 388,total=6029) (win 0.2% | avg 0.6% budget)
  frame.input_poll                 win=  0.027ms avg=  0.027ms p95=  0.028ms max=  0.115ms calls(last=  1,win= 120,total=4680) (win 0.2% | avg 0.2% budget)
  enemy.type.drone                 win=  0.025ms avg=  3.044ms p95=  4.281ms max=  4.920ms calls(last=  0,win=14744,total=221064) (win 0.1% | avg 18.3% budget)
  enemy.physics.frontal_pair_narrow win=  0.014ms avg=  0.003ms p95=  0.012ms max=  0.080ms calls(last=  0,win=  22,total=105) (win 0.1% | avg 0.0% budget)
  system.projectile_update         win=  0.004ms avg=  0.012ms p95=  0.023ms max=  0.084ms calls(last=  0,win= 388,total=6149) (win 0.0% | avg 0.1% budget)
  enemy.ai.perception              win=  0.003ms avg=  0.038ms p95=  0.053ms max=  0.125ms calls(last=  0,win=1365,total=7395) (win 0.0% | avg 0.2% budget)

[PROFILE] frame=4800 budget=16.667ms alloc(+0/-0, +0b/-0b, live=131344b peak=387928b)
  frame.total                      win= 16.913ms avg= 16.913ms p95= 17.435ms max=110.095ms calls(last=  1,win= 120,total=4800) (win 101.5% | avg 101.5% budget)
  frame.render                     win= 16.875ms avg= 16.875ms p95= 17.395ms max= 85.484ms calls(last=  1,win= 120,total=4800) (win 101.2% | avg 101.2% budget)
  frame.present                    win= 16.867ms avg= 16.867ms p95= 17.389ms max= 85.478ms calls(last=  1,win= 120,total=4800) (win 101.2% | avg 101.2% budget)
  frame.render.world               win=  6.202ms avg=  2.119ms p95=  6.349ms max= 10.573ms calls(last=  0,win=  41,total=4518) (win 37.2% | avg 12.7% budget)
  frame.render.overlay             win=  2.138ms avg=  1.461ms p95=  4.946ms max=  5.115ms calls(last=  0,win=  82,total=4582) (win 12.8% | avg 8.8% budget)
  frame.input_poll                 win=  0.028ms avg=  0.028ms p95=  0.029ms max=  0.115ms calls(last=  1,win= 120,total=4800) (win 0.2% | avg 0.2% budget)
  frame.fixed_step                 win=  0.002ms avg=  0.002ms p95=  0.003ms max= 97.990ms calls(last=  1,win= 123,total=6507) (win 0.0% | avg 0.0% budget)
  system.ai_update                 win=  0.000ms avg=  0.000ms p95=  0.000ms max= 90.776ms calls(last=  0,win=   0,total=6149) (win 0.0% | avg 0.0% budget)
  enemy.ai.firing                  win=  0.000ms avg=  0.000ms p95=  0.000ms max=  0.081ms calls(last=  0,win=   0,total=7395) (win 0.0% | avg 0.0% budget)
  enemy.update                     win=  0.000ms avg=  0.000ms p95=  0.000ms max= 90.756ms calls(last=  0,win=   0,total=6149) (win 0.0% | avg 0.0% budget)
  enemy.type.drone                 win=  0.000ms avg=  0.000ms p95=  0.000ms max=  4.920ms calls(last=  0,win=   0,total=221064) (win 0.0% | avg 0.0% budget)
  enemy.type.torpedo               win=  0.000ms avg=  0.000ms p95=  0.000ms max=  9.534ms calls(last=  0,win=   0,total=187625) (win 0.0% | avg 0.0% budget)
  enemy.ai.perception              win=  0.000ms avg=  0.000ms p95=  0.000ms max=  0.125ms calls(last=  0,win=   0,total=7395) (win 0.0% | avg 0.0% budget)
  enemy.ai.decision                win=  0.000ms avg=  0.000ms p95=  0.000ms max=  2.761ms calls(last=  0,win=   0,total=7395) (win 0.0% | avg 0.0% budget)
  enemy.ai.movement                win=  0.000ms avg=  0.000ms p95=  0.000ms max=  2.672ms calls(last=  0,win=   0,total=7395) (win 0.0% | avg 0.0% budget)
  game.update                      win=  0.000ms avg=  0.000ms p95=  0.000ms max= 91.413ms calls(last=  0,win=   0,total=6149) (win 0.0% | avg 0.0% budget)
  enemy.physics.frontal_collisions win=  0.000ms avg=  0.000ms p95=  0.000ms max= 35.736ms calls(last=  0,win=   0,total=2081) (win 0.0% | avg 0.0% budget)
  enemy.physics.separation         win=  0.000ms avg=  0.000ms p95=  0.000ms max= 34.272ms calls(last=  0,win=   0,total=2081) (win 0.0% | avg 0.0% budget)
  enemy.physics.frontal_pair_narrow win=  0.000ms avg=  0.000ms p95=  0.000ms max=  0.080ms calls(last=  0,win=   0,total=105) (win 0.0% | avg 0.0% budget)
  enemy.physics.separation_pair_resolve win=  0.000ms avg=  0.000ms p95=  0.000ms max=  0.016ms calls(last=  0,win=   0,total=104) (win 0.0% | avg 0.0% budget)
  enemy.torpedo.select_heading     win=  0.000ms avg=  0.000ms p95=  0.000ms max=  1.760ms calls(last=  0,win=   0,total=33) (win 0.0% | avg 0.0% budget)
  enemy.cheap.segment_build        win=  0.000ms avg=  0.000ms p95=  0.000ms max=  8.419ms calls(last=  0,win=   0,total=76030) (win 0.0% | avg 0.0% budget)
  system.spawner_update            win=  0.000ms avg=  0.000ms p95=  0.000ms max=  1.091ms calls(last=  0,win=   0,total=6149) (win 0.0% | avg 0.0% budget)
  system.physics_collision         win=  0.000ms avg=  0.000ms p95=  0.000ms max=  0.373ms calls(last=  0,win=   0,total=6149) (win 0.0% | avg 0.0% budget)
INFO: TEXTURE: [ID 3] Unloaded texture data from VRAM (GPU)
INFO: TEXTURE: [ID 4] Unloaded texture data from VRAM (GPU)
INFO: AUDIO: Device closed successfully
INFO: TEXTURE: [ID 2] Unloaded texture data from VRAM (GPU)
INFO: SHADER: [ID 3] Default shader unloaded successfully
INFO: TEXTURE: [ID 1] Default texture unloaded successfully
INFO: Window closed successfully