ark@rg353v:/roms2/ports/bolt$ rm profile.log
ark@rg353v:/roms2/ports/bolt$ cat profile.log
INFO: Initializing raylib 5.6-dev
INFO: Platform backend: DESKTOP (SDL)
INFO: Supported raylib modules:
INFO:     > rcore:..... loaded (mandatory)
INFO:     > rlgl:...... loaded (mandatory)
INFO:     > rshapes:... loaded (optional)
INFO:     > rtextures:. loaded (optional)
INFO:     > rtext:..... loaded (optional)
INFO:     > rmodels:... loaded (optional)
INFO:     > raudio:.... loaded (optional)
arm_release_ver: g13p0-01eac0, rk_so_ver: 11
INFO: DISPLAY: Device initialized successfully
INFO:     > Display size: 640 x 480
INFO:     > Screen size:  640 x 480
INFO:     > Render size:  640 x 480
INFO:     > Viewport offsets: 0, 0
INFO: GLAD: OpenGL ES 2.0 loaded successfully
INFO: GL: Supported extensions count: 99
INFO: GL: OpenGL device information:
INFO:     > Vendor:   ARM
INFO:     > Renderer: Mali-G52
INFO:     > Version:  OpenGL ES 3.2 v1.g13p0-01eac0.fdf91928d758c45c1787782175b35c6a
INFO:     > GLSL:     OpenGL ES GLSL ES 3.20
INFO: GL: VAO extension detected, VAO functions loaded successfully
INFO: GL: NPOT textures extension detected, full NPOT textures supported
INFO: GL: ETC1 compressed textures supported
INFO: GL: ASTC compressed textures supported
INFO: PLATFORM: DESKTOP (SDL2): Initialized successfully
INFO: TEXTURE: [ID 1] Texture loaded successfully (1x1 | R8G8B8A8 | 1 mipmaps)
INFO: TEXTURE: [ID 1] Default texture loaded successfully
INFO: SHADER: [ID 1] Vertex shader compiled successfully
INFO: SHADER: [ID 2] Fragment shader compiled successfully
INFO: SHADER: [ID 3] Program shader loaded successfully
INFO: SHADER: [ID 3] Default shader loaded successfully
INFO: RLGL: Render batch vertex buffers loaded successfully in RAM (CPU)
INFO: RLGL: Render batch vertex buffers loaded successfully in VRAM (GPU)
INFO: RLGL: Default OpenGL state initialized successfully
INFO: TEXTURE: [ID 2] Texture loaded successfully (128x128 | GRAY_ALPHA | 1 mipmaps)
INFO: FONT: Default font loaded successfully (224 glyphs)
INFO: SYSTEM: Working Directory: /roms2/ports/bolt
INFO: TIMER: Target time per frame: 16.667 milliseconds
INFO: FILEIO: [resources/textures/sprites.png] File loaded successfully
INFO: IMAGE: Data loaded successfully (18x63 | R8G8B8A8 | 1 mipmaps)
INFO: TEXTURE: [ID 3] Texture loaded successfully (72x9 | R8G8B8A8 | 1 mipmaps)
INFO: TEXTURE: [ID 4] Texture loaded successfully (72x36 | R8G8B8A8 | 1 mipmaps)
INFO: AUDIO: Device initialized successfully
INFO:     > Backend:       miniaudio | ALSA
INFO:     > Format:        32-bit IEEE Floating Point -> 32-bit IEEE Floating Point
INFO:     > Channels:      2 -> 2
INFO:     > Sample rate:   44100 -> 44100
INFO:     > Periods size:  3072
INFO: FILEIO: [resources/audio/keyboard-click.wav] File loaded successfully
INFO: WAVE: Data loaded successfully (48000 Hz, 16 bit, 1 channels)
INFO: AUDIO: menu click sound loaded from: resources/audio/keyboard-click.wav
INFO: FILEIO: [resources/audio/power-up.wav] File loaded successfully
INFO: WAVE: Data loaded successfully (48000 Hz, 16 bit, 1 channels)
INFO: AUDIO: power-up sound loaded from: resources/audio/power-up.wav
INFO: FILEIO: [resources/audio/player-shot.wav] File loaded successfully
INFO: WAVE: Data loaded successfully (48000 Hz, 16 bit, 1 channels)
INFO: AUDIO: player-shot sound loaded from: resources/audio/player-shot.wav
INFO: FILEIO: [resources/audio/enemy-shot.wav] File loaded successfully
INFO: WAVE: Data loaded successfully (48000 Hz, 16 bit, 1 channels)
INFO: AUDIO: enemy-shot sound loaded from: resources/audio/enemy-shot.wav
INFO: FILEIO: [resources/audio/enemy-spawning.wav] File loaded successfully
INFO: WAVE: Data loaded successfully (48000 Hz, 16 bit, 1 channels)
INFO: AUDIO: enemy-spawning sound loaded from: resources/audio/enemy-spawning.wav
INFO: FILEIO: [resources/audio/enemy-exploding.wav] File loaded successfully
INFO: WAVE: Data loaded successfully (48000 Hz, 16 bit, 1 channels)
INFO: AUDIO: enemy-exploding sound loaded from: resources/audio/enemy-exploding.wav
INFO: FILEIO: [resources/audio/base-exploding.wav] File loaded successfully
INFO: WAVE: Data loaded successfully (48000 Hz, 16 bit, 1 channels)
INFO: AUDIO: base-exploding sound loaded from: resources/audio/base-exploding.wav

[PROFILE] frame=120 budget=16.667ms alloc(+0/-0, +0b/-0b, live=0b peak=56b)
  frame.total                      win= 17.108ms avg= 17.108ms p95= 17.071ms max= 36.696ms calls(last=  1,win= 120,total=120) (win 102.6% | avg 102.6% budget)
  frame.render                     win= 17.069ms avg= 17.069ms p95= 17.032ms max= 36.654ms calls(last=  1,win= 120,total=120) (win 102.4% | avg 102.4% budget)
  frame.present                    win= 17.062ms avg= 17.062ms p95= 17.026ms max= 36.648ms calls(last=  1,win= 120,total=120) (win 102.4% | avg 102.4% budget)
  frame.input_poll                 win=  0.028ms avg=  0.028ms p95=  0.029ms max=  0.063ms calls(last=  1,win= 120,total=120) (win 0.2% | avg 0.2% budget)
  frame.fixed_step                 win=  0.002ms avg=  0.002ms p95=  0.003ms max=  0.003ms calls(last=  1,win= 124,total=124) (win 0.0% | avg 0.0% budget)

[PROFILE] frame=240 budget=16.667ms alloc(+0/-0, +0b/-0b, live=0b peak=488b)
  frame.total                      win= 16.896ms avg= 16.896ms p95= 17.065ms max= 36.696ms calls(last=  1,win= 120,total=240) (win 101.4% | avg 101.4% budget)
  frame.render                     win= 16.856ms avg= 16.856ms p95= 17.026ms max= 36.654ms calls(last=  1,win= 120,total=240) (win 101.1% | avg 101.1% budget)
  frame.present                    win= 16.849ms avg= 16.849ms p95= 17.019ms max= 36.648ms calls(last=  1,win= 120,total=240) (win 101.1% | avg 101.1% budget)
  frame.input_poll                 win=  0.028ms avg=  0.028ms p95=  0.030ms max=  0.063ms calls(last=  1,win= 120,total=240) (win 0.2% | avg 0.2% budget)
  frame.fixed_step                 win=  0.002ms avg=  0.002ms p95=  0.003ms max=  0.016ms calls(last=  1,win= 122,total=246) (win 0.0% | avg 0.0% budget)

[PROFILE] frame=360 budget=16.667ms alloc(+0/-0, +0b/-0b, live=0b peak=488b)
  frame.total                      win= 16.903ms avg= 16.903ms p95= 17.008ms max= 36.696ms calls(last=  1,win= 120,total=360) (win 101.4% | avg 101.4% budget)
  frame.render                     win= 16.864ms avg= 16.864ms p95= 16.967ms max= 36.654ms calls(last=  1,win= 120,total=360) (win 101.2% | avg 101.2% budget)
  frame.present                    win= 16.857ms avg= 16.857ms p95= 16.960ms max= 36.648ms calls(last=  1,win= 120,total=360) (win 101.1% | avg 101.1% budget)
  frame.input_poll                 win=  0.028ms avg=  0.028ms p95=  0.029ms max=  0.063ms calls(last=  1,win= 120,total=360) (win 0.2% | avg 0.2% budget)
  frame.fixed_step                 win=  0.002ms avg=  0.002ms p95=  0.003ms max=  0.016ms calls(last=  1,win= 123,total=369) (win 0.0% | avg 0.0% budget)
INFO: TEXTURE: [ID 5] Texture loaded successfully (160x480 | R8G8B8A8 | 1 mipmaps)
INFO: TEXTURE: [ID 1] Depth renderbuffer loaded successfully (24 bits)
INFO: FBO: [ID 1] Framebuffer object created successfully
INFO: TEXTURE: [ID 6] Texture loaded successfully (140x140 | R8G8B8A8 | 1 mipmaps)
INFO: TEXTURE: [ID 2] Depth renderbuffer loaded successfully (24 bits)
INFO: FBO: [ID 2] Framebuffer object created successfully
INFO: FILEIO: [resources/textures/sprites.png] File loaded successfully
INFO: IMAGE: Data loaded successfully (18x63 | R8G8B8A8 | 1 mipmaps)
INFO: TEXTURE: [ID 7] Texture loaded successfully (36x36 | R8G8B8A8 | 1 mipmaps)

[PROFILE] frame=480 budget=16.667ms alloc(+3/-3, +100968b/-100968b, live=14560b peak=136400b)
  frame.total                      win= 17.579ms avg= 17.579ms p95= 17.362ms max= 85.425ms calls(last=  1,win= 120,total=480) (win 105.5% | avg 105.5% budget)
  frame.render                     win= 17.334ms avg= 17.334ms p95= 16.984ms max= 85.386ms calls(last=  1,win= 120,total=480) (win 104.0% | avg 104.0% budget)
  frame.present                    win= 17.328ms avg= 17.328ms p95= 16.977ms max= 85.380ms calls(last=  1,win= 120,total=480) (win 104.0% | avg 104.0% budget)
  frame.render.world               win=  3.337ms avg=  0.362ms p95=  3.312ms max=  3.808ms calls(last=  1,win=  13,total=13) (win 20.0% | avg 2.2% budget)
  frame.render.hud                 win=  2.355ms avg=  0.255ms p95=  1.026ms max= 18.023ms calls(last=  1,win=  13,total=13) (win 14.1% | avg 1.5% budget)
  game.update                      win=  1.247ms avg=  0.177ms p95=  1.238ms max=  4.938ms calls(last=  1,win=  17,total=17) (win 7.5% | avg 1.1% budget)
  system.ai_update                 win=  1.197ms avg=  0.170ms p95=  1.179ms max=  4.805ms calls(last=  1,win=  17,total=17) (win 7.2% | avg 1.0% budget)
  enemy.update                     win=  1.188ms avg=  0.168ms p95=  1.170ms max=  4.750ms calls(last=  1,win=  17,total=17) (win 7.1% | avg 1.0% budget)
  frame.render.world.enemies       win=  1.110ms avg=  0.120ms p95=  1.072ms max=  1.363ms calls(last=  1,win=  13,total=13) (win 6.7% | avg 0.7% budget)
  frame.render.hud.static          win=  1.071ms avg=  0.116ms p95=  0.055ms max= 13.280ms calls(last=  1,win=  13,total=13) (win 6.4% | avg 0.7% budget)
  frame.render.world.maze          win=  0.981ms avg=  0.106ms p95=  0.937ms max=  1.229ms calls(last=  1,win=  13,total=13) (win 5.9% | avg 0.6% budget)
  frame.render.hud.minimap         win=  0.638ms avg=  0.069ms p95=  0.538ms max=  1.498ms calls(last=  1,win=  13,total=13) (win 3.8% | avg 0.4% budget)
  frame.render.world.effects       win=  0.412ms avg=  0.045ms p95=  0.377ms max=  0.805ms calls(last=  1,win=  13,total=13) (win 2.5% | avg 0.3% budget)
  frame.render.hud.text            win=  0.228ms avg=  0.025ms p95=  0.223ms max=  0.261ms calls(last=  1,win=  13,total=13) (win 1.4% | avg 0.1% budget)
  frame.fixed_step                 win=  0.198ms avg=  0.208ms p95=  1.483ms max=  5.577ms calls(last=  1,win= 126,total=495) (win 1.2% | avg 1.2% budget)
  frame.render.hud.compass         win=  0.082ms avg=  0.009ms p95=  0.077ms max=  0.121ms calls(last=  1,win=  13,total=13) (win 0.5% | avg 0.1% budget)
  frame.render.hud.lives           win=  0.054ms avg=  0.006ms p95=  0.054ms max=  0.056ms calls(last=  1,win=  13,total=13) (win 0.3% | avg 0.0% budget)
  frame.render.hud.bars            win=  0.038ms avg=  0.004ms p95=  0.038ms max=  0.040ms calls(last=  1,win=  13,total=13) (win 0.2% | avg 0.0% budget)
  frame.input_poll                 win=  0.027ms avg=  0.027ms p95=  0.029ms max=  0.063ms calls(last=  1,win= 120,total=480) (win 0.2% | avg 0.2% budget)
  system.physics_collision         win=  0.014ms avg=  0.002ms p95=  0.016ms max=  0.036ms calls(last=  1,win=  17,total=17) (win 0.1% | avg 0.0% budget)
  system.spawner_update            win=  0.007ms avg=  0.001ms p95=  0.008ms max=  0.019ms calls(last=  1,win=  17,total=17) (win 0.0% | avg 0.0% budget)
  system.projectile_update         win=  0.003ms avg=  0.000ms p95=  0.003ms max=  0.007ms calls(last=  1,win=  17,total=17) (win 0.0% | avg 0.0% budget)
  system.maze_update               win=  0.001ms avg=  0.000ms p95=  0.001ms max=  0.001ms calls(last=  1,win=  17,total=17) (win 0.0% | avg 0.0% budget)
[ENEMY_STATS] frame=480 alive=0 visible=0 full=0 cheap=0 fullInBase=0 pairs(frontal=0 checks=0 separation=0 resolved=0)
[ENEMY_WINDOW] steps=18 alive[min=0 max=0] visible[min=0 max=0] full[min=0 max=0] collisionPasses[runs=0 skips=18]
[ENEMY_SEGMENTS] window=0.300s D{b/s=0.00 avgLen=0.00 fail=0} T{b/s=0.00 avgLen=0.00 fail=0} H{b/s=0.00 avgLen=0.00 fail=0} A{b/s=0.00 avgLen=0.00 fail=0}
[ENEMY_GRID] frontal{cand/s=0.0 xcell/s=0.0 ins/s=0.0} separation{cand/s=0.0}
[ENEMY_COLLISION_WINDOW] frontal{pairs/s=0.0 checks/s=0.0 baseSkip=0 kill=0(0.0%)} separation{pairs/s=0.0 resolved/s=0.0(0.0%) baseSkip=0 kill=0 wallBlock=0}
[ENEMY_KILL_DEBUG] enemyEnemy{events=0 frontal=0 separation=0 reenterEither=0 reenterBoth=0 wallContact=0 dist[min=0.000 avg=0.000 max=0.000]}
[ENEMY_NAV_CACHE] playerCell{changes=1 flowRebuilds=0} flow{hit=0 miss=0 hit%=0.0} pathFallback{calls=0 ok=0 ok%=0.0}
[ENEMY_SAP] updates=0 active=0 pairs=0 repairs{x=0 y=0}
[ENEMY_PAIR_TYPES] frontal DD=0 DT=0 DH=0 DA=0 TT=0 TH=0 TA=0 HH=0 HA=0 AA=0 separation DD=0 DT=0 DH=0 DA=0 TT=0 TH=0 TA=0 HH=0 HA=0 AA=0
[ENEMY_KILL_DEBUG_COLLISION] projectile{kills=0 wallContact=0}

[PROFILE] frame=600 budget=16.667ms alloc(+26/-26, +152704b/-145280b, live=58232b peak=188376b)
  frame.total                      win= 16.965ms avg= 16.965ms p95= 17.352ms max= 85.425ms calls(last=  1,win= 120,total=600) (win 101.8% | avg 101.8% budget)
  frame.render                     win= 14.886ms avg= 14.886ms p95= 15.528ms max= 85.386ms calls(last=  1,win= 120,total=600) (win 89.3% | avg 89.3% budget)
  frame.present                    win= 14.879ms avg= 14.879ms p95= 15.521ms max= 85.380ms calls(last=  1,win= 120,total=600) (win 89.3% | avg 89.3% budget)
  frame.render.world               win=  3.292ms avg=  3.292ms p95=  3.511ms max=  4.144ms calls(last=  1,win= 120,total=133) (win 19.8% | avg 19.8% budget)
  frame.render.hud                 win=  2.218ms avg=  2.218ms p95=  2.497ms max= 18.023ms calls(last=  1,win= 120,total=133) (win 13.3% | avg 13.3% budget)
  frame.fixed_step                 win=  1.991ms avg=  2.041ms p95=  2.195ms max= 12.621ms calls(last=  1,win= 123,total=618) (win 11.9% | avg 12.2% budget)
  frame.render.hud.minimap         win=  1.719ms avg=  1.719ms p95=  2.010ms max=  8.418ms calls(last=  1,win= 120,total=133) (win 10.3% | avg 10.3% budget)
  game.update                      win=  1.507ms avg=  1.545ms p95=  1.671ms max= 12.324ms calls(last=  1,win= 123,total=140) (win 9.0% | avg 9.3% budget)
  system.ai_update                 win=  1.425ms avg=  1.460ms p95=  1.527ms max= 12.261ms calls(last=  1,win= 123,total=140) (win 8.5% | avg 8.8% budget)
  enemy.update                     win=  1.418ms avg=  1.454ms p95=  1.520ms max= 12.255ms calls(last=  1,win= 123,total=140) (win 8.5% | avg 8.7% budget)
  frame.render.world.enemies       win=  1.107ms avg=  1.107ms p95=  1.229ms max=  1.411ms calls(last=  1,win= 120,total=133) (win 6.6% | avg 6.6% budget)
  frame.render.world.maze          win=  0.970ms avg=  0.970ms p95=  1.118ms max=  1.271ms calls(last=  1,win= 120,total=133) (win 5.8% | avg 5.8% budget)
  frame.render.world.effects       win=  0.396ms avg=  0.396ms p95=  0.496ms max=  0.805ms calls(last=  1,win= 120,total=133) (win 2.4% | avg 2.4% budget)
  frame.render.hud.text            win=  0.223ms avg=  0.223ms p95=  0.267ms max=  0.308ms calls(last=  1,win= 120,total=133) (win 1.3% | avg 1.3% budget)
  frame.render.hud.compass         win=  0.088ms avg=  0.088ms p95=  0.121ms max=  0.208ms calls(last=  1,win= 120,total=133) (win 0.5% | avg 0.5% budget)
  enemy.cheap.segment_build        win=  0.074ms avg=  0.005ms p95=  0.065ms max=  0.108ms calls(last=  0,win=   8,total=8) (win 0.4% | avg 0.0% budget)
  frame.render.hud.static          win=  0.058ms avg=  0.058ms p95=  0.071ms max= 13.280ms calls(last=  1,win= 120,total=133) (win 0.4% | avg 0.4% budget)
  frame.render.hud.lives           win=  0.056ms avg=  0.056ms p95=  0.057ms max=  0.100ms calls(last=  1,win= 120,total=133) (win 0.3% | avg 0.3% budget)
  frame.render.hud.bars            win=  0.040ms avg=  0.040ms p95=  0.039ms max=  0.373ms calls(last=  1,win= 120,total=133) (win 0.2% | avg 0.2% budget)
  frame.input_poll                 win=  0.028ms avg=  0.028ms p95=  0.029ms max=  0.100ms calls(last=  1,win= 120,total=600) (win 0.2% | avg 0.2% budget)
  system.spawner_update            win=  0.027ms avg=  0.028ms p95=  0.167ms max=  0.207ms calls(last=  1,win= 123,total=140) (win 0.2% | avg 0.2% budget)
  system.player_update             win=  0.024ms avg=  0.004ms p95=  0.025ms max=  0.027ms calls(last=  1,win=  20,total=20) (win 0.1% | avg 0.0% budget)
  system.physics_collision         win=  0.017ms avg=  0.018ms p95=  0.020ms max=  0.036ms calls(last=  1,win= 123,total=140) (win 0.1% | avg 0.1% budget)
  enemy.type.assassin              win=  0.011ms avg=  0.030ms p95=  0.038ms max=  0.141ms calls(last=  4,win= 333,total=333) (win 0.1% | avg 0.2% budget)
[ENEMY_STATS] frame=600 alive=9 visible=0 full=0 cheap=9 fullInBase=0 pairs(frontal=0 checks=0 separation=0 resolved=0)
[ENEMY_WINDOW] steps=123 alive[min=0 max=9] visible[min=0 max=0] full[min=0 max=0] collisionPasses[runs=0 skips=123]
[ENEMY_SEGMENTS] window=2.050s D{b/s=0.00 avgLen=0.00 fail=0} T{b/s=1.46 avgLen=7.59 fail=0} H{b/s=0.98 avgLen=6.20 fail=0} A{b/s=1.95 avgLen=5.77 fail=0}
[ENEMY_GRID] frontal{cand/s=0.0 xcell/s=0.0 ins/s=0.0} separation{cand/s=0.0}
[ENEMY_COLLISION_WINDOW] frontal{pairs/s=0.0 checks/s=0.0 baseSkip=0 kill=0(0.0%)} separation{pairs/s=0.0 resolved/s=0.0(0.0%) baseSkip=0 kill=0 wallBlock=0}
[ENEMY_KILL_DEBUG] enemyEnemy{events=0 frontal=0 separation=0 reenterEither=0 reenterBoth=0 wallContact=0 dist[min=0.000 avg=0.000 max=0.000]}
[ENEMY_NAV_CACHE] playerCell{changes=0 flowRebuilds=1} flow{hit=0 miss=0 hit%=0.0} pathFallback{calls=0 ok=0 ok%=0.0}
[ENEMY_SAP] updates=0 active=0 pairs=0 repairs{x=0 y=0}
[ENEMY_PAIR_TYPES] frontal DD=0 DT=0 DH=0 DA=0 TT=0 TH=0 TA=0 HH=0 HA=0 AA=0 separation DD=0 DT=0 DH=0 DA=0 TT=0 TH=0 TA=0 HH=0 HA=0 AA=0
[ENEMY_KILL_DEBUG_COLLISION] projectile{kills=0 wallContact=0}

[PROFILE] frame=720 budget=16.667ms alloc(+34/-34, +146864b/-146864b, live=73080b peak=219600b)
  frame.total                      win= 16.892ms avg= 16.892ms p95= 17.263ms max= 85.425ms calls(last=  1,win= 120,total=720) (win 101.4% | avg 101.4% budget)
  frame.render                     win= 14.666ms avg= 14.666ms p95= 15.191ms max= 85.386ms calls(last=  1,win= 120,total=720) (win 88.0% | avg 88.0% budget)
  frame.present                    win= 14.659ms avg= 14.659ms p95= 15.184ms max= 85.380ms calls(last=  1,win= 120,total=720) (win 88.0% | avg 88.0% budget)
  frame.render.world               win=  3.325ms avg=  3.325ms p95=  3.500ms max=  7.615ms calls(last=  1,win= 120,total=253) (win 19.9% | avg 19.9% budget)
  frame.render.hud                 win=  2.300ms avg=  2.300ms p95=  2.454ms max= 18.023ms calls(last=  1,win= 120,total=253) (win 13.8% | avg 13.8% budget)
  frame.fixed_step                 win=  2.152ms avg=  2.188ms p95=  2.395ms max= 12.621ms calls(last=  1,win= 122,total=740) (win 12.9% | avg 13.1% budget)
  frame.render.hud.minimap         win=  1.801ms avg=  1.801ms p95=  1.944ms max=  8.418ms calls(last=  1,win= 120,total=253) (win 10.8% | avg 10.8% budget)
  game.update                      win=  1.571ms avg=  1.597ms p95=  1.789ms max= 12.324ms calls(last=  1,win= 122,total=262) (win 9.4% | avg 9.6% budget)
  system.ai_update                 win=  1.461ms avg=  1.485ms p95=  1.585ms max= 12.261ms calls(last=  1,win= 122,total=262) (win 8.8% | avg 8.9% budget)
  enemy.update                     win=  1.455ms avg=  1.479ms p95=  1.576ms max= 12.255ms calls(last=  1,win= 122,total=262) (win 8.7% | avg 8.9% budget)
  frame.render.world.enemies       win=  1.130ms avg=  1.130ms p95=  1.209ms max=  3.173ms calls(last=  1,win= 120,total=253) (win 6.8% | avg 6.8% budget)
  frame.render.world.maze          win=  0.986ms avg=  0.986ms p95=  1.081ms max=  2.803ms calls(last=  1,win= 120,total=253) (win 5.9% | avg 5.9% budget)
  frame.render.world.effects       win=  0.389ms avg=  0.389ms p95=  0.460ms max=  0.805ms calls(last=  1,win= 120,total=253) (win 2.3% | avg 2.3% budget)
  frame.render.hud.text            win=  0.229ms avg=  0.229ms p95=  0.270ms max=  0.507ms calls(last=  1,win= 120,total=253) (win 1.4% | avg 1.4% budget)
  frame.render.hud.compass         win=  0.086ms avg=  0.086ms p95=  0.104ms max=  0.208ms calls(last=  1,win= 120,total=253) (win 0.5% | avg 0.5% budget)
  enemy.cheap.segment_build        win=  0.069ms avg=  0.008ms p95=  0.069ms max=  0.108ms calls(last=  0,win=  14,total=22) (win 0.4% | avg 0.0% budget)
  frame.render.hud.static          win=  0.059ms avg=  0.059ms p95=  0.075ms max= 13.280ms calls(last=  1,win= 120,total=253) (win 0.4% | avg 0.4% budget)
  frame.render.hud.lives           win=  0.055ms avg=  0.055ms p95=  0.056ms max=  0.100ms calls(last=  1,win= 120,total=253) (win 0.3% | avg 0.3% budget)
  frame.render.hud.bars            win=  0.039ms avg=  0.039ms p95=  0.040ms max=  0.373ms calls(last=  1,win= 120,total=253) (win 0.2% | avg 0.2% budget)
  system.spawner_update            win=  0.033ms avg=  0.034ms p95=  0.182ms max=  0.260ms calls(last=  1,win= 122,total=262) (win 0.2% | avg 0.2% budget)
  frame.input_poll                 win=  0.027ms avg=  0.027ms p95=  0.029ms max=  0.100ms calls(last=  1,win= 120,total=720) (win 0.2% | avg 0.2% budget)
  system.player_update             win=  0.024ms avg=  0.025ms p95=  0.026ms max=  0.062ms calls(last=  1,win= 122,total=142) (win 0.1% | avg 0.1% budget)
  system.physics_collision         win=  0.019ms avg=  0.020ms p95=  0.021ms max=  0.054ms calls(last=  1,win= 122,total=262) (win 0.1% | avg 0.1% budget)
  enemy.type.assassin              win=  0.008ms avg=  0.038ms p95=  0.041ms max=  0.141ms calls(last=  5,win= 582,total=915) (win 0.0% | avg 0.2% budget)
[ENEMY_STATS] frame=720 alive=17 visible=0 full=0 cheap=17 fullInBase=0 pairs(frontal=0 checks=0 separation=0 resolved=0)
[ENEMY_WINDOW] steps=122 alive[min=9 max=17] visible[min=0 max=0] full[min=0 max=0] collisionPasses[runs=0 skips=122]
[ENEMY_SEGMENTS] window=2.033s D{b/s=0.98 avgLen=5.51 fail=0} T{b/s=2.46 avgLen=4.73 fail=0} H{b/s=2.46 avgLen=5.09 fail=0} A{b/s=0.98 avgLen=4.53 fail=0}
[ENEMY_GRID] frontal{cand/s=0.0 xcell/s=0.0 ins/s=0.0} separation{cand/s=0.0}
[ENEMY_COLLISION_WINDOW] frontal{pairs/s=0.0 checks/s=0.0 baseSkip=0 kill=0(0.0%)} separation{pairs/s=0.0 resolved/s=0.0(0.0%) baseSkip=0 kill=0 wallBlock=0}
[ENEMY_KILL_DEBUG] enemyEnemy{events=0 frontal=0 separation=0 reenterEither=0 reenterBoth=0 wallContact=0 dist[min=0.000 avg=0.000 max=0.000]}
[ENEMY_NAV_CACHE] playerCell{changes=0 flowRebuilds=0} flow{hit=0 miss=0 hit%=0.0} pathFallback{calls=0 ok=0 ok%=0.0}
[ENEMY_SAP] updates=0 active=0 pairs=0 repairs{x=0 y=0}
[ENEMY_PAIR_TYPES] frontal DD=0 DT=0 DH=0 DA=0 TT=0 TH=0 TA=0 HH=0 HA=0 AA=0 separation DD=0 DT=0 DH=0 DA=0 TT=0 TH=0 TA=0 HH=0 HA=0 AA=0
[ENEMY_KILL_DEBUG_COLLISION] projectile{kills=0 wallContact=0}

[PROFILE] frame=840 budget=16.667ms alloc(+41/-41, +151912b/-151912b, live=73080b peak=224448b)
  frame.total                      win= 16.908ms avg= 16.908ms p95= 17.238ms max= 85.425ms calls(last=  1,win= 120,total=840) (win 101.4% | avg 101.4% budget)
  frame.render                     win= 14.571ms avg= 14.571ms p95= 15.031ms max= 85.386ms calls(last=  1,win= 120,total=840) (win 87.4% | avg 87.4% budget)
  frame.present                    win= 14.564ms avg= 14.564ms p95= 15.025ms max= 85.380ms calls(last=  1,win= 120,total=840) (win 87.4% | avg 87.4% budget)
  frame.render.world               win=  3.315ms avg=  3.315ms p95=  3.570ms max=  7.615ms calls(last=  1,win= 120,total=373) (win 19.9% | avg 19.9% budget)
  frame.render.hud                 win=  2.271ms avg=  2.271ms p95=  2.488ms max= 18.023ms calls(last=  1,win= 120,total=373) (win 13.6% | avg 13.6% budget)
  frame.fixed_step                 win=  2.243ms avg=  2.299ms p95=  2.464ms max= 12.621ms calls(last=  1,win= 123,total=863) (win 13.5% | avg 13.8% budget)
  frame.render.hud.minimap         win=  1.774ms avg=  1.774ms p95=  1.971ms max=  8.418ms calls(last=  1,win= 120,total=373) (win 10.6% | avg 10.6% budget)
  game.update                      win=  1.623ms avg=  1.663ms p95=  1.823ms max= 12.324ms calls(last=  1,win= 123,total=385) (win 9.7% | avg 10.0% budget)
  system.ai_update                 win=  1.507ms avg=  1.545ms p95=  1.690ms max= 12.261ms calls(last=  1,win= 123,total=385) (win 9.0% | avg 9.3% budget)
  enemy.update                     win=  1.501ms avg=  1.539ms p95=  1.682ms max= 12.255ms calls(last=  1,win= 123,total=385) (win 9.0% | avg 9.2% budget)
  frame.render.world.enemies       win=  1.116ms avg=  1.116ms p95=  1.300ms max=  3.173ms calls(last=  1,win= 120,total=373) (win 6.7% | avg 6.7% budget)
  frame.render.world.maze          win=  0.976ms avg=  0.976ms p95=  1.079ms max=  2.803ms calls(last=  1,win= 120,total=373) (win 5.9% | avg 5.9% budget)
  frame.render.world.effects       win=  0.395ms avg=  0.395ms p95=  0.499ms max=  0.805ms calls(last=  1,win= 120,total=373) (win 2.4% | avg 2.4% budget)
  frame.render.hud.text            win=  0.223ms avg=  0.223ms p95=  0.250ms max=  0.507ms calls(last=  1,win= 120,total=373) (win 1.3% | avg 1.3% budget)
  frame.render.hud.compass         win=  0.087ms avg=  0.087ms p95=  0.121ms max=  0.208ms calls(last=  1,win= 120,total=373) (win 0.5% | avg 0.5% budget)
  enemy.cheap.segment_build        win=  0.065ms avg=  0.011ms p95=  0.072ms max=  0.149ms calls(last=  1,win=  21,total=43) (win 0.4% | avg 0.1% budget)
  frame.render.hud.static          win=  0.059ms avg=  0.059ms p95=  0.070ms max= 13.280ms calls(last=  1,win= 120,total=373) (win 0.4% | avg 0.4% budget)
  frame.render.hud.lives           win=  0.057ms avg=  0.057ms p95=  0.059ms max=  0.137ms calls(last=  1,win= 120,total=373) (win 0.3% | avg 0.3% budget)
  frame.render.hud.bars            win=  0.039ms avg=  0.039ms p95=  0.039ms max=  0.373ms calls(last=  1,win= 120,total=373) (win 0.2% | avg 0.2% budget)
  system.spawner_update            win=  0.037ms avg=  0.038ms p95=  0.188ms max=  0.295ms calls(last=  1,win= 123,total=385) (win 0.2% | avg 0.2% budget)
  frame.input_poll                 win=  0.028ms avg=  0.028ms p95=  0.029ms max=  0.100ms calls(last=  1,win= 120,total=840) (win 0.2% | avg 0.2% budget)
  system.player_update             win=  0.025ms avg=  0.025ms p95=  0.028ms max=  0.062ms calls(last=  1,win= 123,total=265) (win 0.1% | avg 0.2% budget)
  system.physics_collision         win=  0.021ms avg=  0.021ms p95=  0.022ms max=  0.126ms calls(last=  1,win= 123,total=385) (win 0.1% | avg 0.1% budget)
  enemy.type.assassin              win=  0.008ms avg=  0.042ms p95=  0.069ms max=  0.143ms calls(last=  5,win= 615,total=1530) (win 0.0% | avg 0.3% budget)
[ENEMY_STATS] frame=840 alive=23 visible=0 full=0 cheap=23 fullInBase=0 pairs(frontal=0 checks=0 separation=0 resolved=0)
[ENEMY_WINDOW] steps=123 alive[min=17 max=23] visible[min=0 max=0] full[min=0 max=0] collisionPasses[runs=0 skips=123]
[ENEMY_SEGMENTS] window=2.050s D{b/s=1.95 avgLen=5.36 fail=0} T{b/s=2.93 avgLen=6.46 fail=0} H{b/s=2.93 avgLen=5.37 fail=0} A{b/s=2.44 avgLen=4.81 fail=0}
[ENEMY_GRID] frontal{cand/s=0.0 xcell/s=0.0 ins/s=0.0} separation{cand/s=0.0}
[ENEMY_COLLISION_WINDOW] frontal{pairs/s=0.0 checks/s=0.0 baseSkip=0 kill=0(0.0%)} separation{pairs/s=0.0 resolved/s=0.0(0.0%) baseSkip=0 kill=0 wallBlock=0}
[ENEMY_KILL_DEBUG] enemyEnemy{events=0 frontal=0 separation=0 reenterEither=0 reenterBoth=0 wallContact=0 dist[min=0.000 avg=0.000 max=0.000]}
[ENEMY_NAV_CACHE] playerCell{changes=0 flowRebuilds=0} flow{hit=0 miss=0 hit%=0.0} pathFallback{calls=0 ok=0 ok%=0.0}
[ENEMY_SAP] updates=0 active=0 pairs=0 repairs{x=0 y=0}
[ENEMY_PAIR_TYPES] frontal DD=0 DT=0 DH=0 DA=0 TT=0 TH=0 TA=0 HH=0 HA=0 AA=0 separation DD=0 DT=0 DH=0 DA=0 TT=0 TH=0 TA=0 HH=0 HA=0 AA=0
[ENEMY_KILL_DEBUG_COLLISION] projectile{kills=0 wallContact=0}

[PROFILE] frame=960 budget=16.667ms alloc(+48/-48, +160592b/-160592b, live=73080b peak=233136b)
  frame.total                      win= 16.898ms avg= 16.898ms p95= 17.270ms max= 85.425ms calls(last=  1,win= 120,total=960) (win 101.4% | avg 101.4% budget)
  frame.render                     win= 14.394ms avg= 14.394ms p95= 14.806ms max= 85.386ms calls(last=  1,win= 120,total=960) (win 86.4% | avg 86.4% budget)
  frame.present                    win= 14.387ms avg= 14.387ms p95= 14.800ms max= 85.380ms calls(last=  1,win= 120,total=960) (win 86.3% | avg 86.3% budget)
  frame.render.world               win=  3.379ms avg=  3.379ms p95=  3.555ms max=  7.615ms calls(last=  1,win= 120,total=493) (win 20.3% | avg 20.3% budget)
  frame.fixed_step                 win=  2.425ms avg=  2.465ms p95=  2.632ms max= 12.621ms calls(last=  1,win= 122,total=985) (win 14.6% | avg 14.8% budget)
  frame.render.hud                 win=  2.250ms avg=  2.250ms p95=  2.435ms max= 18.023ms calls(last=  1,win= 120,total=493) (win 13.5% | avg 13.5% budget)
  frame.render.hud.minimap         win=  1.755ms avg=  1.755ms p95=  1.931ms max=  8.418ms calls(last=  1,win= 120,total=493) (win 10.5% | avg 10.5% budget)
  game.update                      win=  1.717ms avg=  1.746ms p95=  1.893ms max= 12.324ms calls(last=  1,win= 122,total=507) (win 10.3% | avg 10.5% budget)
  system.ai_update                 win=  1.595ms avg=  1.621ms p95=  1.780ms max= 12.261ms calls(last=  1,win= 122,total=507) (win 9.6% | avg 9.7% budget)
  enemy.update                     win=  1.588ms avg=  1.615ms p95=  1.772ms max= 12.255ms calls(last=  1,win= 122,total=507) (win 9.5% | avg 9.7% budget)
  frame.render.world.enemies       win=  1.102ms avg=  1.102ms p95=  1.168ms max=  3.173ms calls(last=  1,win= 120,total=493) (win 6.6% | avg 6.6% budget)
  frame.render.world.maze          win=  1.064ms avg=  1.064ms p95=  1.186ms max=  2.803ms calls(last=  1,win= 120,total=493) (win 6.4% | avg 6.4% budget)
  frame.render.world.effects       win=  0.400ms avg=  0.400ms p95=  0.494ms max=  0.805ms calls(last=  1,win= 120,total=493) (win 2.4% | avg 2.4% budget)
  frame.render.hud.text            win=  0.222ms avg=  0.222ms p95=  0.256ms max=  0.507ms calls(last=  1,win= 120,total=493) (win 1.3% | avg 1.3% budget)
  frame.render.hud.compass         win=  0.086ms avg=  0.086ms p95=  0.088ms max=  0.292ms calls(last=  1,win= 120,total=493) (win 0.5% | avg 0.5% budget)
  enemy.cheap.segment_build        win=  0.063ms avg=  0.011ms p95=  0.071ms max=  0.149ms calls(last=  0,win=  22,total=65) (win 0.4% | avg 0.1% budget)
  frame.render.hud.lives           win=  0.057ms avg=  0.057ms p95=  0.056ms max=  0.272ms calls(last=  1,win= 120,total=493) (win 0.3% | avg 0.3% budget)
  frame.render.hud.static          win=  0.056ms avg=  0.056ms p95=  0.069ms max= 13.280ms calls(last=  1,win= 120,total=493) (win 0.3% | avg 0.3% budget)
  system.spawner_update            win=  0.039ms avg=  0.039ms p95=  0.193ms max=  0.329ms calls(last=  1,win= 122,total=507) (win 0.2% | avg 0.2% budget)
  frame.render.hud.bars            win=  0.038ms avg=  0.038ms p95=  0.039ms max=  0.373ms calls(last=  1,win= 120,total=493) (win 0.2% | avg 0.2% budget)
  frame.input_poll                 win=  0.028ms avg=  0.028ms p95=  0.029ms max=  0.100ms calls(last=  1,win= 120,total=960) (win 0.2% | avg 0.2% budget)
  system.player_update             win=  0.026ms avg=  0.027ms p95=  0.028ms max=  0.066ms calls(last=  1,win= 122,total=387) (win 0.2% | avg 0.2% budget)
  system.physics_collision         win=  0.021ms avg=  0.022ms p95=  0.024ms max=  0.126ms calls(last=  1,win= 122,total=507) (win 0.1% | avg 0.1% budget)
  enemy.type.assassin              win=  0.008ms avg=  0.044ms p95=  0.067ms max=  0.169ms calls(last=  7,win= 672,total=2202) (win 0.0% | avg 0.3% budget)
[ENEMY_STATS] frame=960 alive=31 visible=0 full=0 cheap=31 fullInBase=0 pairs(frontal=0 checks=0 separation=0 resolved=0)
[ENEMY_WINDOW] steps=122 alive[min=23 max=31] visible[min=0 max=0] full[min=0 max=0] collisionPasses[runs=0 skips=122]
[ENEMY_SEGMENTS] window=2.033s D{b/s=1.97 avgLen=5.35 fail=0} T{b/s=1.97 avgLen=6.85 fail=0} H{b/s=4.43 avgLen=4.92 fail=0} A{b/s=1.97 avgLen=5.05 fail=0}
[ENEMY_GRID] frontal{cand/s=0.0 xcell/s=0.0 ins/s=0.0} separation{cand/s=0.0}
[ENEMY_COLLISION_WINDOW] frontal{pairs/s=0.0 checks/s=0.0 baseSkip=0 kill=0(0.0%)} separation{pairs/s=0.0 resolved/s=0.0(0.0%) baseSkip=0 kill=0 wallBlock=0}
[ENEMY_KILL_DEBUG] enemyEnemy{events=0 frontal=0 separation=0 reenterEither=0 reenterBoth=0 wallContact=0 dist[min=0.000 avg=0.000 max=0.000]}
[ENEMY_NAV_CACHE] playerCell{changes=1 flowRebuilds=0} flow{hit=0 miss=0 hit%=0.0} pathFallback{calls=0 ok=0 ok%=0.0}
[ENEMY_SAP] updates=0 active=0 pairs=0 repairs{x=0 y=0}
[ENEMY_PAIR_TYPES] frontal DD=0 DT=0 DH=0 DA=0 TT=0 TH=0 TA=0 HH=0 HA=0 AA=0 separation DD=0 DT=0 DH=0 DA=0 TT=0 TH=0 TA=0 HH=0 HA=0 AA=0
[ENEMY_KILL_DEBUG_COLLISION] projectile{kills=0 wallContact=0}

[PROFILE] frame=1080 budget=16.667ms alloc(+52/-52, +164480b/-164480b, live=102776b peak=266608b)
  frame.total                      win= 16.894ms avg= 16.894ms p95= 17.268ms max= 85.425ms calls(last=  1,win= 120,total=1080) (win 101.4% | avg 101.4% budget)
  frame.render                     win= 14.182ms avg= 14.182ms p95= 14.684ms max= 85.386ms calls(last=  1,win= 120,total=1080) (win 85.1% | avg 85.1% budget)
  frame.present                    win= 14.176ms avg= 14.176ms p95= 14.678ms max= 85.380ms calls(last=  1,win= 120,total=1080) (win 85.1% | avg 85.1% budget)
  frame.render.world               win=  3.466ms avg=  3.466ms p95=  3.673ms max=  7.615ms calls(last=  1,win= 120,total=613) (win 20.8% | avg 20.8% budget)
  frame.fixed_step                 win=  2.606ms avg=  2.671ms p95=  2.851ms max= 12.621ms calls(last=  1,win= 123,total=1108) (win 15.6% | avg 16.0% budget)
  frame.render.hud                 win=  2.329ms avg=  2.329ms p95=  2.483ms max= 18.023ms calls(last=  1,win= 120,total=613) (win 14.0% | avg 14.0% budget)
  frame.render.hud.minimap         win=  1.821ms avg=  1.821ms p95=  1.979ms max=  8.418ms calls(last=  1,win= 120,total=613) (win 10.9% | avg 10.9% budget)
  game.update                      win=  1.789ms avg=  1.834ms p95=  2.061ms max= 12.324ms calls(last=  1,win= 123,total=630) (win 10.7% | avg 11.0% budget)
  system.ai_update                 win=  1.661ms avg=  1.702ms p95=  1.852ms max= 12.261ms calls(last=  1,win= 123,total=630) (win 10.0% | avg 10.2% budget)
  enemy.update                     win=  1.655ms avg=  1.696ms p95=  1.845ms max= 12.255ms calls(last=  1,win= 123,total=630) (win 9.9% | avg 10.2% budget)
  frame.render.world.maze          win=  1.145ms avg=  1.145ms p95=  1.260ms max=  2.803ms calls(last=  1,win= 120,total=613) (win 6.9% | avg 6.9% budget)
  frame.render.world.enemies       win=  1.116ms avg=  1.116ms p95=  1.208ms max=  3.173ms calls(last=  1,win= 120,total=613) (win 6.7% | avg 6.7% budget)
  frame.render.world.effects       win=  0.397ms avg=  0.397ms p95=  0.495ms max=  0.805ms calls(last=  1,win= 120,total=613) (win 2.4% | avg 2.4% budget)
  frame.render.hud.text            win=  0.227ms avg=  0.227ms p95=  0.274ms max=  0.520ms calls(last=  1,win= 120,total=613) (win 1.4% | avg 1.4% budget)
  frame.render.hud.compass         win=  0.088ms avg=  0.088ms p95=  0.121ms max=  0.292ms calls(last=  1,win= 120,total=613) (win 0.5% | avg 0.5% budget)
  enemy.cheap.segment_build        win=  0.061ms avg=  0.012ms p95=  0.068ms max=  0.149ms calls(last=  1,win=  24,total=89) (win 0.4% | avg 0.1% budget)
  frame.render.hud.static          win=  0.060ms avg=  0.060ms p95=  0.093ms max= 13.280ms calls(last=  1,win= 120,total=613) (win 0.4% | avg 0.4% budget)
  frame.render.hud.lives           win=  0.057ms avg=  0.057ms p95=  0.069ms max=  0.272ms calls(last=  1,win= 120,total=613) (win 0.3% | avg 0.3% budget)
  system.spawner_update            win=  0.040ms avg=  0.041ms p95=  0.171ms max=  0.329ms calls(last=  1,win= 123,total=630) (win 0.2% | avg 0.2% budget)
  frame.render.hud.bars            win=  0.039ms avg=  0.039ms p95=  0.039ms max=  0.373ms calls(last=  1,win= 120,total=613) (win 0.2% | avg 0.2% budget)
  frame.input_poll                 win=  0.028ms avg=  0.028ms p95=  0.029ms max=  0.100ms calls(last=  1,win= 120,total=1080) (win 0.2% | avg 0.2% budget)
  system.player_update             win=  0.027ms avg=  0.028ms p95=  0.036ms max=  0.068ms calls(last=  1,win= 123,total=510) (win 0.2% | avg 0.2% budget)
  system.physics_collision         win=  0.025ms avg=  0.025ms p95=  0.032ms max=  0.291ms calls(last=  1,win= 123,total=630) (win 0.1% | avg 0.2% budget)
  enemy.type.assassin              win=  0.006ms avg=  0.048ms p95=  0.075ms max=  0.169ms calls(last=  8,win= 881,total=3083) (win 0.0% | avg 0.3% budget)
[ENEMY_STATS] frame=1080 alive=35 visible=0 full=0 cheap=35 fullInBase=0 pairs(frontal=0 checks=0 separation=0 resolved=0)
[ENEMY_WINDOW] steps=123 alive[min=31 max=35] visible[min=0 max=0] full[min=0 max=0] collisionPasses[runs=0 skips=123]
[ENEMY_SEGMENTS] window=2.050s D{b/s=1.95 avgLen=4.80 fail=0} T{b/s=2.93 avgLen=4.77 fail=0} H{b/s=4.39 avgLen=5.79 fail=0} A{b/s=2.93 avgLen=5.07 fail=0}
[ENEMY_GRID] frontal{cand/s=0.0 xcell/s=0.0 ins/s=0.0} separation{cand/s=0.0}
[ENEMY_COLLISION_WINDOW] frontal{pairs/s=0.0 checks/s=0.0 baseSkip=0 kill=0(0.0%)} separation{pairs/s=0.0 resolved/s=0.0(0.0%) baseSkip=0 kill=0 wallBlock=0}
[ENEMY_KILL_DEBUG] enemyEnemy{events=0 frontal=0 separation=0 reenterEither=0 reenterBoth=0 wallContact=0 dist[min=0.000 avg=0.000 max=0.000]}
[ENEMY_NAV_CACHE] playerCell{changes=1 flowRebuilds=0} flow{hit=0 miss=0 hit%=0.0} pathFallback{calls=0 ok=0 ok%=0.0}
[ENEMY_SAP] updates=0 active=0 pairs=0 repairs{x=0 y=0}
[ENEMY_PAIR_TYPES] frontal DD=0 DT=0 DH=0 DA=0 TT=0 TH=0 TA=0 HH=0 HA=0 AA=0 separation DD=0 DT=0 DH=0 DA=0 TT=0 TH=0 TA=0 HH=0 HA=0 AA=0
[ENEMY_KILL_DEBUG_COLLISION] projectile{kills=0 wallContact=0}

[PROFILE] frame=1200 budget=16.667ms alloc(+60/-60, +171568b/-171568b, live=102776b peak=273552b)
  frame.total                      win= 16.930ms avg= 16.930ms p95= 17.391ms max= 85.425ms calls(last=  1,win= 120,total=1200) (win 101.6% | avg 101.6% budget)
  frame.render                     win= 13.953ms avg= 13.953ms p95= 14.584ms max= 85.386ms calls(last=  1,win= 120,total=1200) (win 83.7% | avg 83.7% budget)
  frame.present                    win= 13.946ms avg= 13.946ms p95= 14.578ms max= 85.380ms calls(last=  1,win= 120,total=1200) (win 83.7% | avg 83.7% budget)
  frame.render.world               win=  3.457ms avg=  3.457ms p95=  3.681ms max=  7.615ms calls(last=  1,win= 120,total=733) (win 20.7% | avg 20.7% budget)
  frame.fixed_step                 win=  2.890ms avg=  2.938ms p95=  3.056ms max= 13.281ms calls(last=  1,win= 122,total=1230) (win 17.3% | avg 17.6% budget)
  frame.render.hud                 win=  2.325ms avg=  2.325ms p95=  2.567ms max= 18.023ms calls(last=  1,win= 120,total=733) (win 13.9% | avg 13.9% budget)
  game.update                      win=  1.976ms avg=  2.009ms p95=  2.098ms max= 12.414ms calls(last=  1,win= 122,total=752) (win 11.9% | avg 12.1% budget)
  system.ai_update                 win=  1.842ms avg=  1.873ms p95=  1.965ms max= 12.295ms calls(last=  1,win= 122,total=752) (win 11.1% | avg 11.2% budget)
  enemy.update                     win=  1.836ms avg=  1.866ms p95=  1.957ms max= 12.288ms calls(last=  1,win= 122,total=752) (win 11.0% | avg 11.2% budget)
  frame.render.hud.minimap         win=  1.827ms avg=  1.827ms p95=  2.060ms max=  8.418ms calls(last=  1,win= 120,total=733) (win 11.0% | avg 11.0% budget)
  frame.render.world.enemies       win=  1.122ms avg=  1.122ms p95=  1.357ms max=  3.173ms calls(last=  1,win= 120,total=733) (win 6.7% | avg 6.7% budget)
  frame.render.world.maze          win=  1.101ms avg=  1.101ms p95=  1.221ms max=  2.803ms calls(last=  1,win= 120,total=733) (win 6.6% | avg 6.6% budget)
  frame.render.world.effects       win=  0.405ms avg=  0.405ms p95=  0.509ms max=  1.103ms calls(last=  1,win= 120,total=733) (win 2.4% | avg 2.4% budget)
  frame.render.hud.text            win=  0.224ms avg=  0.224ms p95=  0.255ms max=  0.520ms calls(last=  1,win= 120,total=733) (win 1.3% | avg 1.3% budget)
  frame.render.hud.compass         win=  0.086ms avg=  0.086ms p95=  0.087ms max=  0.292ms calls(last=  1,win= 120,total=733) (win 0.5% | avg 0.5% budget)
  frame.render.hud.static          win=  0.060ms avg=  0.060ms p95=  0.072ms max= 13.280ms calls(last=  1,win= 120,total=733) (win 0.4% | avg 0.4% budget)
  frame.render.hud.lives           win=  0.056ms avg=  0.056ms p95=  0.056ms max=  0.272ms calls(last=  1,win= 120,total=733) (win 0.3% | avg 0.3% budget)
  enemy.cheap.segment_build        win=  0.049ms avg=  0.046ms p95=  0.095ms max=  0.154ms calls(last=  1,win= 111,total=200) (win 0.3% | avg 0.3% budget)
  system.spawner_update            win=  0.046ms avg=  0.046ms p95=  0.195ms max=  0.329ms calls(last=  1,win= 122,total=752) (win 0.3% | avg 0.3% budget)
  frame.render.hud.bars            win=  0.039ms avg=  0.039ms p95=  0.040ms max=  0.373ms calls(last=  1,win= 120,total=733) (win 0.2% | avg 0.2% budget)
  frame.input_poll                 win=  0.028ms avg=  0.028ms p95=  0.029ms max=  0.100ms calls(last=  1,win= 120,total=1200) (win 0.2% | avg 0.2% budget)
  system.player_update             win=  0.027ms avg=  0.028ms p95=  0.030ms max=  0.068ms calls(last=  1,win= 122,total=632) (win 0.2% | avg 0.2% budget)
  system.physics_collision         win=  0.023ms avg=  0.023ms p95=  0.027ms max=  0.291ms calls(last=  1,win= 122,total=752) (win 0.1% | avg 0.1% budget)
  enemy.type.assassin              win=  0.009ms avg=  0.085ms p95=  0.129ms max=  0.179ms calls(last= 10,win=1115,total=4198) (win 0.1% | avg 0.5% budget)
[ENEMY_STATS] frame=1200 alive=42 visible=0 full=0 cheap=42 fullInBase=0 pairs(frontal=0 checks=0 separation=0 resolved=0)
[ENEMY_WINDOW] steps=122 alive[min=35 max=42] visible[min=0 max=0] full[min=0 max=0] collisionPasses[runs=0 skips=122]
[ENEMY_SEGMENTS] window=2.033s D{b/s=2.95 avgLen=5.06 fail=0} T{b/s=3.44 avgLen=6.15 fail=0} H{b/s=6.89 avgLen=4.80 fail=0} A{b/s=3.44 avgLen=5.63 fail=77}
[ENEMY_GRID] frontal{cand/s=0.0 xcell/s=0.0 ins/s=0.0} separation{cand/s=0.0}
[ENEMY_COLLISION_WINDOW] frontal{pairs/s=0.0 checks/s=0.0 baseSkip=0 kill=0(0.0%)} separation{pairs/s=0.0 resolved/s=0.0(0.0%) baseSkip=0 kill=0 wallBlock=0}
[ENEMY_KILL_DEBUG] enemyEnemy{events=0 frontal=0 separation=0 reenterEither=0 reenterBoth=0 wallContact=0 dist[min=0.000 avg=0.000 max=0.000]}
[ENEMY_NAV_CACHE] playerCell{changes=2 flowRebuilds=1} flow{hit=0 miss=0 hit%=0.0} pathFallback{calls=0 ok=0 ok%=0.0}
[ENEMY_SAP] updates=0 active=0 pairs=0 repairs{x=0 y=0}
[ENEMY_PAIR_TYPES] frontal DD=0 DT=0 DH=0 DA=0 TT=0 TH=0 TA=0 HH=0 HA=0 AA=0 separation DD=0 DT=0 DH=0 DA=0 TT=0 TH=0 TA=0 HH=0 HA=0 AA=0
[ENEMY_KILL_DEBUG_COLLISION] projectile{kills=0 wallContact=0}

[PROFILE] frame=1320 budget=16.667ms alloc(+65/-65, +176424b/-176424b, live=102776b peak=278336b)
  frame.total                      win= 16.958ms avg= 16.958ms p95= 17.306ms max= 85.425ms calls(last=  1,win= 120,total=1320) (win 101.8% | avg 101.8% budget)
  frame.render                     win= 13.750ms avg= 13.750ms p95= 14.252ms max= 85.386ms calls(last=  1,win= 120,total=1320) (win 82.5% | avg 82.5% budget)
  frame.present                    win= 13.743ms avg= 13.743ms p95= 14.246ms max= 85.380ms calls(last=  1,win= 120,total=1320) (win 82.5% | avg 82.5% budget)
  frame.render.world               win=  3.414ms avg=  3.414ms p95=  3.605ms max=  7.615ms calls(last=  1,win= 120,total=853) (win 20.5% | avg 20.5% budget)
  frame.fixed_step                 win=  3.093ms avg=  3.170ms p95=  3.208ms max= 16.064ms calls(last=  1,win= 123,total=1353) (win 18.6% | avg 19.0% budget)
  frame.render.hud                 win=  2.342ms avg=  2.342ms p95=  2.539ms max= 18.023ms calls(last=  1,win= 120,total=853) (win 14.1% | avg 14.1% budget)
  game.update                      win=  2.041ms avg=  2.093ms p95=  2.161ms max= 13.981ms calls(last=  1,win= 123,total=875) (win 12.2% | avg 12.6% budget)
  system.ai_update                 win=  1.907ms avg=  1.955ms p95=  1.983ms max= 13.708ms calls(last=  1,win= 123,total=875) (win 11.4% | avg 11.7% budget)
  enemy.update                     win=  1.900ms avg=  1.947ms p95=  1.976ms max= 13.694ms calls(last=  1,win= 123,total=875) (win 11.4% | avg 11.7% budget)
  frame.render.hud.minimap         win=  1.847ms avg=  1.847ms p95=  2.023ms max=  8.418ms calls(last=  1,win= 120,total=853) (win 11.1% | avg 11.1% budget)
  frame.render.world.enemies       win=  1.116ms avg=  1.116ms p95=  1.209ms max=  3.173ms calls(last=  1,win= 120,total=853) (win 6.7% | avg 6.7% budget)
  frame.render.world.maze          win=  1.082ms avg=  1.082ms p95=  1.191ms max=  2.803ms calls(last=  1,win= 120,total=853) (win 6.5% | avg 6.5% budget)
  frame.render.world.effects       win=  0.382ms avg=  0.382ms p95=  0.452ms max=  1.103ms calls(last=  1,win= 120,total=853) (win 2.3% | avg 2.3% budget)
  frame.render.hud.text            win=  0.224ms avg=  0.224ms p95=  0.258ms max=  0.520ms calls(last=  1,win= 120,total=853) (win 1.3% | avg 1.3% budget)
  frame.render.hud.compass         win=  0.086ms avg=  0.086ms p95=  0.099ms max=  0.292ms calls(last=  1,win= 120,total=853) (win 0.5% | avg 0.5% budget)
  frame.render.hud.static          win=  0.057ms avg=  0.057ms p95=  0.071ms max= 13.280ms calls(last=  1,win= 120,total=853) (win 0.3% | avg 0.3% budget)
  frame.render.hud.lives           win=  0.055ms avg=  0.055ms p95=  0.056ms max=  0.272ms calls(last=  1,win= 120,total=853) (win 0.3% | avg 0.3% budget)
  enemy.cheap.segment_build        win=  0.049ms avg=  0.064ms p95=  0.115ms max=  0.162ms calls(last=  1,win= 157,total=357) (win 0.3% | avg 0.4% budget)
  system.spawner_update            win=  0.046ms avg=  0.047ms p95=  0.187ms max=  0.329ms calls(last=  1,win= 123,total=875) (win 0.3% | avg 0.3% budget)
  frame.render.hud.bars            win=  0.039ms avg=  0.039ms p95=  0.040ms max=  0.373ms calls(last=  1,win= 120,total=853) (win 0.2% | avg 0.2% budget)
  frame.input_poll                 win=  0.028ms avg=  0.028ms p95=  0.029ms max=  0.100ms calls(last=  1,win= 120,total=1320) (win 0.2% | avg 0.2% budget)
  system.player_update             win=  0.026ms avg=  0.027ms p95=  0.029ms max=  0.073ms calls(last=  1,win= 123,total=755) (win 0.2% | avg 0.2% budget)
  system.physics_collision         win=  0.024ms avg=  0.024ms p95=  0.028ms max=  0.291ms calls(last=  1,win= 123,total=875) (win 0.1% | avg 0.1% budget)
  enemy.type.assassin              win=  0.010ms avg=  0.108ms p95=  0.158ms max=  0.218ms calls(last= 11,win=1258,total=5456) (win 0.1% | avg 0.6% budget)
[ENEMY_STATS] frame=1320 alive=47 visible=0 full=0 cheap=47 fullInBase=0 pairs(frontal=0 checks=0 separation=0 resolved=0)
[ENEMY_WINDOW] steps=123 alive[min=42 max=47] visible[min=0 max=0] full[min=0 max=0] collisionPasses[runs=0 skips=123]
[ENEMY_SEGMENTS] window=2.050s D{b/s=1.95 avgLen=4.45 fail=0} T{b/s=4.39 avgLen=5.76 fail=0} H{b/s=8.78 avgLen=5.21 fail=0} A{b/s=1.46 avgLen=5.49 fail=123}
[ENEMY_GRID] frontal{cand/s=0.0 xcell/s=0.0 ins/s=0.0} separation{cand/s=0.0}
[ENEMY_COLLISION_WINDOW] frontal{pairs/s=0.0 checks/s=0.0 baseSkip=0 kill=0(0.0%)} separation{pairs/s=0.0 resolved/s=0.0(0.0%) baseSkip=0 kill=0 wallBlock=0}
[ENEMY_KILL_DEBUG] enemyEnemy{events=0 frontal=0 separation=0 reenterEither=0 reenterBoth=0 wallContact=0 dist[min=0.000 avg=0.000 max=0.000]}
[ENEMY_NAV_CACHE] playerCell{changes=2 flowRebuilds=1} flow{hit=0 miss=0 hit%=0.0} pathFallback{calls=0 ok=0 ok%=0.0}
[ENEMY_SAP] updates=0 active=0 pairs=0 repairs{x=0 y=0}
[ENEMY_PAIR_TYPES] frontal DD=0 DT=0 DH=0 DA=0 TT=0 TH=0 TA=0 HH=0 HA=0 AA=0 separation DD=0 DT=0 DH=0 DA=0 TT=0 TH=0 TA=0 HH=0 HA=0 AA=0
[ENEMY_KILL_DEBUG_COLLISION] projectile{kills=0 wallContact=0}

[PROFILE] frame=1440 budget=16.667ms alloc(+72/-72, +183184b/-183184b, live=102776b peak=285016b)
  frame.total                      win= 16.902ms avg= 16.902ms p95= 17.346ms max= 85.425ms calls(last=  1,win= 120,total=1440) (win 101.4% | avg 101.4% budget)
  frame.render                     win= 13.521ms avg= 13.521ms p95= 14.083ms max= 85.386ms calls(last=  1,win= 120,total=1440) (win 81.1% | avg 81.1% budget)
  frame.present                    win= 13.514ms avg= 13.514ms p95= 14.075ms max= 85.380ms calls(last=  1,win= 120,total=1440) (win 81.1% | avg 81.1% budget)
  frame.render.world               win=  3.387ms avg=  3.387ms p95=  3.594ms max=  7.615ms calls(last=  1,win= 120,total=973) (win 20.3% | avg 20.3% budget)
  frame.fixed_step                 win=  3.261ms avg=  3.343ms p95=  3.502ms max= 16.064ms calls(last=  1,win= 123,total=1476) (win 19.6% | avg 20.1% budget)
  frame.render.hud                 win=  2.337ms avg=  2.337ms p95=  2.511ms max= 18.023ms calls(last=  1,win= 120,total=973) (win 14.0% | avg 14.0% budget)
  game.update                      win=  2.038ms avg=  2.089ms p95=  2.259ms max= 13.981ms calls(last=  1,win= 123,total=998) (win 12.2% | avg 12.5% budget)
  system.ai_update                 win=  1.895ms avg=  1.943ms p95=  2.091ms max= 13.708ms calls(last=  1,win= 123,total=998) (win 11.4% | avg 11.7% budget)
  enemy.update                     win=  1.889ms avg=  1.937ms p95=  2.085ms max= 13.694ms calls(last=  1,win= 123,total=998) (win 11.3% | avg 11.6% budget)
  frame.render.hud.minimap         win=  1.836ms avg=  1.836ms p95=  2.004ms max=  8.418ms calls(last=  1,win= 120,total=973) (win 11.0% | avg 11.0% budget)
  frame.render.world.enemies       win=  1.109ms avg=  1.109ms p95=  1.226ms max=  3.173ms calls(last=  1,win= 120,total=973) (win 6.7% | avg 6.7% budget)
  frame.render.world.maze          win=  1.049ms avg=  1.049ms p95=  1.157ms max=  2.803ms calls(last=  1,win= 120,total=973) (win 6.3% | avg 6.3% budget)
  frame.render.world.effects       win=  0.392ms avg=  0.392ms p95=  0.476ms max=  1.103ms calls(last=  1,win= 120,total=973) (win 2.4% | avg 2.4% budget)
  frame.render.hud.text            win=  0.227ms avg=  0.227ms p95=  0.267ms max=  0.520ms calls(last=  1,win= 120,total=973) (win 1.4% | avg 1.4% budget)
  frame.render.hud.compass         win=  0.087ms avg=  0.087ms p95=  0.090ms max=  0.292ms calls(last=  1,win= 120,total=973) (win 0.5% | avg 0.5% budget)
  frame.render.hud.static          win=  0.060ms avg=  0.060ms p95=  0.071ms max= 13.280ms calls(last=  1,win= 120,total=973) (win 0.4% | avg 0.4% budget)
  frame.render.hud.lives           win=  0.056ms avg=  0.056ms p95=  0.058ms max=  0.272ms calls(last=  1,win= 120,total=973) (win 0.3% | avg 0.3% budget)
  system.spawner_update            win=  0.052ms avg=  0.053ms p95=  0.206ms max=  0.378ms calls(last=  1,win= 123,total=998) (win 0.3% | avg 0.3% budget)
  enemy.cheap.segment_build        win=  0.048ms avg=  0.066ms p95=  0.118ms max=  0.162ms calls(last=  1,win= 165,total=522) (win 0.3% | avg 0.4% budget)
  frame.render.hud.bars            win=  0.038ms avg=  0.038ms p95=  0.039ms max=  0.373ms calls(last=  1,win= 120,total=973) (win 0.2% | avg 0.2% budget)
  frame.input_poll                 win=  0.027ms avg=  0.027ms p95=  0.029ms max=  0.100ms calls(last=  1,win= 120,total=1440) (win 0.2% | avg 0.2% budget)
  system.player_update             win=  0.027ms avg=  0.028ms p95=  0.029ms max=  0.078ms calls(last=  1,win= 123,total=878) (win 0.2% | avg 0.2% budget)
  system.physics_collision         win=  0.024ms avg=  0.024ms p95=  0.027ms max=  0.291ms calls(last=  1,win= 123,total=998) (win 0.1% | avg 0.1% budget)
  enemy.type.assassin              win=  0.008ms avg=  0.120ms p95=  0.177ms max=  0.351ms calls(last= 15,win=1726,total=7182) (win 0.0% | avg 0.7% budget)
[ENEMY_STATS] frame=1440 alive=54 visible=0 full=0 cheap=54 fullInBase=0 pairs(frontal=0 checks=0 separation=0 resolved=0)
[ENEMY_WINDOW] steps=123 alive[min=47 max=54] visible[min=0 max=0] full[min=0 max=0] collisionPasses[runs=0 skips=123]
[ENEMY_SEGMENTS] window=2.050s D{b/s=3.90 avgLen=5.48 fail=0} T{b/s=4.88 avgLen=6.69 fail=0} H{b/s=6.83 avgLen=5.21 fail=0} A{b/s=4.88 avgLen=3.87 fail=123}
[ENEMY_GRID] frontal{cand/s=0.0 xcell/s=0.0 ins/s=0.0} separation{cand/s=0.0}
[ENEMY_COLLISION_WINDOW] frontal{pairs/s=0.0 checks/s=0.0 baseSkip=0 kill=0(0.0%)} separation{pairs/s=0.0 resolved/s=0.0(0.0%) baseSkip=0 kill=0 wallBlock=0}
[ENEMY_KILL_DEBUG] enemyEnemy{events=0 frontal=0 separation=0 reenterEither=0 reenterBoth=0 wallContact=0 dist[min=0.000 avg=0.000 max=0.000]}
[ENEMY_NAV_CACHE] playerCell{changes=2 flowRebuilds=0} flow{hit=0 miss=0 hit%=0.0} pathFallback{calls=0 ok=0 ok%=0.0}
[ENEMY_SAP] updates=0 active=0 pairs=0 repairs{x=0 y=0}
[ENEMY_PAIR_TYPES] frontal DD=0 DT=0 DH=0 DA=0 TT=0 TH=0 TA=0 HH=0 HA=0 AA=0 separation DD=0 DT=0 DH=0 DA=0 TT=0 TH=0 TA=0 HH=0 HA=0 AA=0
[ENEMY_KILL_DEBUG_COLLISION] projectile{kills=0 wallContact=0}

[PROFILE] frame=1560 budget=16.667ms alloc(+78/-78, +189024b/-189024b, live=102776b peak=290816b)
  frame.total                      win= 16.923ms avg= 16.923ms p95= 17.325ms max= 85.425ms calls(last=  1,win= 120,total=1560) (win 101.5% | avg 101.5% budget)
  frame.render                     win= 13.241ms avg= 13.241ms p95= 13.860ms max= 85.386ms calls(last=  1,win= 120,total=1560) (win 79.4% | avg 79.4% budget)
  frame.present                    win= 13.234ms avg= 13.234ms p95= 13.853ms max= 85.380ms calls(last=  1,win= 120,total=1560) (win 79.4% | avg 79.4% budget)
  frame.fixed_step                 win=  3.584ms avg=  3.644ms p95=  3.814ms max= 16.064ms calls(last=  1,win= 122,total=1598) (win 21.5% | avg 21.9% budget)
  frame.render.world               win=  3.361ms avg=  3.361ms p95=  3.528ms max=  7.615ms calls(last=  1,win= 120,total=1093) (win 20.2% | avg 20.2% budget)
  frame.render.hud                 win=  2.317ms avg=  2.317ms p95=  2.521ms max= 18.023ms calls(last=  1,win= 120,total=1093) (win 13.9% | avg 13.9% budget)
  game.update                      win=  2.192ms avg=  2.229ms p95=  2.312ms max= 13.981ms calls(last=  1,win= 122,total=1120) (win 13.2% | avg 13.4% budget)
  system.ai_update                 win=  2.047ms avg=  2.081ms p95=  2.157ms max= 13.708ms calls(last=  1,win= 122,total=1120) (win 12.3% | avg 12.5% budget)
  enemy.update                     win=  2.041ms avg=  2.075ms p95=  2.150ms max= 13.694ms calls(last=  1,win= 122,total=1120) (win 12.2% | avg 12.4% budget)
  frame.render.hud.minimap         win=  1.817ms avg=  1.817ms p95=  2.024ms max=  8.418ms calls(last=  1,win= 120,total=1093) (win 10.9% | avg 10.9% budget)
  frame.render.world.enemies       win=  1.109ms avg=  1.109ms p95=  1.178ms max=  3.173ms calls(last=  1,win= 120,total=1093) (win 6.7% | avg 6.7% budget)
  frame.render.world.maze          win=  1.038ms avg=  1.038ms p95=  1.168ms max=  2.803ms calls(last=  1,win= 120,total=1093) (win 6.2% | avg 6.2% budget)
  frame.render.world.effects       win=  0.386ms avg=  0.386ms p95=  0.464ms max=  1.103ms calls(last=  1,win= 120,total=1093) (win 2.3% | avg 2.3% budget)
  frame.render.hud.text            win=  0.225ms avg=  0.225ms p95=  0.270ms max=  0.520ms calls(last=  1,win= 120,total=1093) (win 1.4% | avg 1.4% budget)
  frame.render.hud.compass         win=  0.088ms avg=  0.088ms p95=  0.089ms max=  0.335ms calls(last=  1,win= 120,total=1093) (win 0.5% | avg 0.5% budget)
  frame.render.hud.static          win=  0.059ms avg=  0.059ms p95=  0.072ms max= 13.280ms calls(last=  1,win= 120,total=1093) (win 0.4% | avg 0.4% budget)
  frame.render.hud.lives           win=  0.055ms avg=  0.055ms p95=  0.056ms max=  0.272ms calls(last=  1,win= 120,total=1093) (win 0.3% | avg 0.3% budget)
  system.spawner_update            win=  0.050ms avg=  0.051ms p95=  0.189ms max=  0.378ms calls(last=  1,win= 122,total=1120) (win 0.3% | avg 0.3% budget)
  enemy.cheap.segment_build        win=  0.049ms avg=  0.070ms p95=  0.119ms max=  0.162ms calls(last=  1,win= 174,total=696) (win 0.3% | avg 0.4% budget)
  frame.render.hud.bars            win=  0.039ms avg=  0.039ms p95=  0.040ms max=  0.373ms calls(last=  1,win= 120,total=1093) (win 0.2% | avg 0.2% budget)
  system.player_update             win=  0.029ms avg=  0.029ms p95=  0.041ms max=  0.110ms calls(last=  1,win= 122,total=1000) (win 0.2% | avg 0.2% budget)
  frame.input_poll                 win=  0.027ms avg=  0.027ms p95=  0.029ms max=  0.100ms calls(last=  1,win= 120,total=1560) (win 0.2% | avg 0.2% budget)
  system.physics_collision         win=  0.026ms avg=  0.026ms p95=  0.035ms max=  0.291ms calls(last=  1,win= 122,total=1120) (win 0.2% | avg 0.2% budget)
  enemy.type.assassin              win=  0.008ms avg=  0.127ms p95=  0.167ms max=  0.351ms calls(last= 16,win=1900,total=9082) (win 0.0% | avg 0.8% budget)
[ENEMY_STATS] frame=1560 alive=60 visible=0 full=0 cheap=60 fullInBase=0 pairs(frontal=0 checks=0 separation=0 resolved=0)
[ENEMY_WINDOW] steps=122 alive[min=54 max=60] visible[min=0 max=0] full[min=0 max=0] collisionPasses[runs=0 skips=122]
[ENEMY_SEGMENTS] window=2.033s D{b/s=3.44 avgLen=4.67 fail=0} T{b/s=2.95 avgLen=6.18 fail=0} H{b/s=11.80 avgLen=4.66 fail=0} A{b/s=7.38 avgLen=4.89 fail=122}
[ENEMY_GRID] frontal{cand/s=0.0 xcell/s=0.0 ins/s=0.0} separation{cand/s=0.0}
[ENEMY_COLLISION_WINDOW] frontal{pairs/s=0.0 checks/s=0.0 baseSkip=0 kill=0(0.0%)} separation{pairs/s=0.0 resolved/s=0.0(0.0%) baseSkip=0 kill=0 wallBlock=0}
[ENEMY_KILL_DEBUG] enemyEnemy{events=0 frontal=0 separation=0 reenterEither=0 reenterBoth=0 wallContact=0 dist[min=0.000 avg=0.000 max=0.000]}
[ENEMY_NAV_CACHE] playerCell{changes=1 flowRebuilds=1} flow{hit=0 miss=0 hit%=0.0} pathFallback{calls=0 ok=0 ok%=0.0}
[ENEMY_SAP] updates=0 active=0 pairs=0 repairs{x=0 y=0}
[ENEMY_PAIR_TYPES] frontal DD=0 DT=0 DH=0 DA=0 TT=0 TH=0 TA=0 HH=0 HA=0 AA=0 separation DD=0 DT=0 DH=0 DA=0 TT=0 TH=0 TA=0 HH=0 HA=0 AA=0
[ENEMY_KILL_DEBUG_COLLISION] projectile{kills=0 wallContact=0}

[PROFILE] frame=1680 budget=16.667ms alloc(+84/-84, +194832b/-194832b, live=162168b peak=355992b)
  frame.total                      win= 16.890ms avg= 16.890ms p95= 17.255ms max= 85.425ms calls(last=  1,win= 120,total=1680) (win 101.3% | avg 101.3% budget)
  frame.render                     win= 12.964ms avg= 12.964ms p95= 13.655ms max= 85.386ms calls(last=  1,win= 120,total=1680) (win 77.8% | avg 77.8% budget)
  frame.present                    win= 12.958ms avg= 12.958ms p95= 13.649ms max= 85.380ms calls(last=  1,win= 120,total=1680) (win 77.7% | avg 77.7% budget)
  frame.fixed_step                 win=  3.793ms avg=  3.887ms p95=  4.173ms max= 16.064ms calls(last=  1,win= 123,total=1721) (win 22.8% | avg 23.3% budget)
  frame.render.world               win=  3.315ms avg=  3.315ms p95=  3.564ms max=  7.615ms calls(last=  1,win= 120,total=1213) (win 19.9% | avg 19.9% budget)
  frame.render.hud                 win=  2.332ms avg=  2.332ms p95=  2.547ms max= 18.023ms calls(last=  1,win= 120,total=1213) (win 14.0% | avg 14.0% budget)
  game.update                      win=  2.213ms avg=  2.268ms p95=  2.466ms max= 13.981ms calls(last=  1,win= 123,total=1243) (win 13.3% | avg 13.6% budget)
  system.ai_update                 win=  2.061ms avg=  2.113ms p95=  2.242ms max= 13.708ms calls(last=  1,win= 123,total=1243) (win 12.4% | avg 12.7% budget)
  enemy.update                     win=  2.055ms avg=  2.106ms p95=  2.236ms max= 13.694ms calls(last=  1,win= 123,total=1243) (win 12.3% | avg 12.6% budget)
  frame.render.hud.minimap         win=  1.840ms avg=  1.840ms p95=  2.061ms max=  8.418ms calls(last=  1,win= 120,total=1213) (win 11.0% | avg 11.0% budget)
  frame.render.world.enemies       win=  1.109ms avg=  1.109ms p95=  1.194ms max=  3.173ms calls(last=  1,win= 120,total=1213) (win 6.7% | avg 6.7% budget)
  frame.render.world.maze          win=  1.000ms avg=  1.000ms p95=  1.079ms max=  2.803ms calls(last=  1,win= 120,total=1213) (win 6.0% | avg 6.0% budget)
  frame.render.world.effects       win=  0.397ms avg=  0.397ms p95=  0.486ms max=  1.103ms calls(last=  1,win= 120,total=1213) (win 2.4% | avg 2.4% budget)
  frame.render.hud.text            win=  0.222ms avg=  0.222ms p95=  0.257ms max=  0.520ms calls(last=  1,win= 120,total=1213) (win 1.3% | avg 1.3% budget)
  frame.render.hud.compass         win=  0.085ms avg=  0.085ms p95=  0.088ms max=  0.335ms calls(last=  1,win= 120,total=1213) (win 0.5% | avg 0.5% budget)
  frame.render.hud.static          win=  0.058ms avg=  0.058ms p95=  0.069ms max= 13.280ms calls(last=  1,win= 120,total=1213) (win 0.3% | avg 0.3% budget)
  system.spawner_update            win=  0.058ms avg=  0.059ms p95=  0.216ms max=  0.494ms calls(last=  1,win= 123,total=1243) (win 0.3% | avg 0.4% budget)
  frame.render.hud.lives           win=  0.055ms avg=  0.055ms p95=  0.058ms max=  0.272ms calls(last=  1,win= 120,total=1213) (win 0.3% | avg 0.3% budget)
  frame.render.hud.bars            win=  0.038ms avg=  0.038ms p95=  0.039ms max=  0.373ms calls(last=  1,win= 120,total=1213) (win 0.2% | avg 0.2% budget)
  enemy.cheap.segment_build        win=  0.037ms avg=  0.085ms p95=  0.130ms max=  0.208ms calls(last=  2,win= 279,total=975) (win 0.2% | avg 0.5% budget)
  frame.input_poll                 win=  0.028ms avg=  0.028ms p95=  0.029ms max=  0.100ms calls(last=  1,win= 120,total=1680) (win 0.2% | avg 0.2% budget)
  system.physics_collision         win=  0.027ms avg=  0.027ms p95=  0.033ms max=  0.291ms calls(last=  1,win= 123,total=1243) (win 0.2% | avg 0.2% budget)
  system.player_update             win=  0.027ms avg=  0.027ms p95=  0.030ms max=  0.110ms calls(last=  1,win= 123,total=1123) (win 0.2% | avg 0.2% budget)
  enemy.type.assassin              win=  0.009ms avg=  0.148ms p95=  0.192ms max=  0.351ms calls(last= 16,win=1968,total=11050) (win 0.1% | avg 0.9% budget)
[ENEMY_STATS] frame=1680 alive=66 visible=0 full=0 cheap=66 fullInBase=0 pairs(frontal=0 checks=0 separation=0 resolved=0)
[ENEMY_WINDOW] steps=123 alive[min=60 max=66] visible[min=0 max=0] full[min=0 max=0] collisionPasses[runs=0 skips=123]
[ENEMY_SEGMENTS] window=2.050s D{b/s=3.41 avgLen=4.72 fail=0} T{b/s=3.41 avgLen=6.32 fail=0} H{b/s=13.17 avgLen=4.60 fail=0} A{b/s=2.93 avgLen=4.30 fail=234}
[ENEMY_GRID] frontal{cand/s=0.0 xcell/s=0.0 ins/s=0.0} separation{cand/s=0.0}
[ENEMY_COLLISION_WINDOW] frontal{pairs/s=0.0 checks/s=0.0 baseSkip=0 kill=0(0.0%)} separation{pairs/s=0.0 resolved/s=0.0(0.0%) baseSkip=0 kill=0 wallBlock=0}
[ENEMY_KILL_DEBUG] enemyEnemy{events=0 frontal=0 separation=0 reenterEither=0 reenterBoth=0 wallContact=0 dist[min=0.000 avg=0.000 max=0.000]}
[ENEMY_NAV_CACHE] playerCell{changes=2 flowRebuilds=0} flow{hit=0 miss=0 hit%=0.0} pathFallback{calls=0 ok=0 ok%=0.0}
[ENEMY_SAP] updates=0 active=0 pairs=0 repairs{x=0 y=0}
[ENEMY_PAIR_TYPES] frontal DD=0 DT=0 DH=0 DA=0 TT=0 TH=0 TA=0 HH=0 HA=0 AA=0 separation DD=0 DT=0 DH=0 DA=0 TT=0 TH=0 TA=0 HH=0 HA=0 AA=0
[ENEMY_KILL_DEBUG_COLLISION] projectile{kills=0 wallContact=0}

[PROFILE] frame=1800 budget=16.667ms alloc(+91/-91, +201160b/-201160b, live=162168b peak=362032b)
  frame.total                      win= 16.935ms avg= 16.935ms p95= 17.356ms max= 85.425ms calls(last=  1,win= 120,total=1800) (win 101.6% | avg 101.6% budget)
  frame.render                     win= 12.672ms avg= 12.672ms p95= 13.279ms max= 85.386ms calls(last=  1,win= 120,total=1800) (win 76.0% | avg 76.0% budget)
  frame.present                    win= 12.665ms avg= 12.665ms p95= 13.273ms max= 85.380ms calls(last=  1,win= 120,total=1800) (win 76.0% | avg 76.0% budget)
  frame.fixed_step                 win=  4.122ms avg=  4.225ms p95=  4.311ms max= 16.064ms calls(last=  1,win= 123,total=1844) (win 24.7% | avg 25.4% budget)
  frame.render.world               win=  3.349ms avg=  3.349ms p95=  3.499ms max=  7.615ms calls(last=  1,win= 120,total=1333) (win 20.1% | avg 20.1% budget)
  frame.render.hud                 win=  2.405ms avg=  2.405ms p95=  2.561ms max= 18.023ms calls(last=  1,win= 120,total=1333) (win 14.4% | avg 14.4% budget)
  game.update                      win=  2.357ms avg=  2.416ms p95=  2.513ms max= 13.981ms calls(last=  1,win= 123,total=1366) (win 14.1% | avg 14.5% budget)
  system.ai_update                 win=  2.204ms avg=  2.259ms p95=  2.327ms max= 13.708ms calls(last=  1,win= 123,total=1366) (win 13.2% | avg 13.6% budget)
  enemy.update                     win=  2.198ms avg=  2.253ms p95=  2.320ms max= 13.694ms calls(last=  1,win= 123,total=1366) (win 13.2% | avg 13.5% budget)
  frame.render.hud.minimap         win=  1.904ms avg=  1.904ms p95=  2.071ms max=  8.418ms calls(last=  1,win= 120,total=1333) (win 11.4% | avg 11.4% budget)
  frame.render.world.enemies       win=  1.121ms avg=  1.121ms p95=  1.220ms max=  3.173ms calls(last=  1,win= 120,total=1333) (win 6.7% | avg 6.7% budget)
  frame.render.world.maze          win=  1.011ms avg=  1.011ms p95=  1.116ms max=  2.803ms calls(last=  1,win= 120,total=1333) (win 6.1% | avg 6.1% budget)
  frame.render.world.effects       win=  0.385ms avg=  0.385ms p95=  0.480ms max=  1.103ms calls(last=  1,win= 120,total=1333) (win 2.3% | avg 2.3% budget)
  frame.render.hud.text            win=  0.228ms avg=  0.228ms p95=  0.277ms max=  0.520ms calls(last=  1,win= 120,total=1333) (win 1.4% | avg 1.4% budget)
  frame.render.hud.compass         win=  0.086ms avg=  0.086ms p95=  0.092ms max=  0.335ms calls(last=  1,win= 120,total=1333) (win 0.5% | avg 0.5% budget)
  frame.render.hud.static          win=  0.060ms avg=  0.060ms p95=  0.072ms max= 13.280ms calls(last=  1,win= 120,total=1333) (win 0.4% | avg 0.4% budget)
  system.spawner_update            win=  0.058ms avg=  0.059ms p95=  0.202ms max=  0.494ms calls(last=  1,win= 123,total=1366) (win 0.3% | avg 0.4% budget)
  frame.render.hud.lives           win=  0.055ms avg=  0.055ms p95=  0.056ms max=  0.272ms calls(last=  1,win= 120,total=1333) (win 0.3% | avg 0.3% budget)
  frame.render.hud.bars            win=  0.038ms avg=  0.038ms p95=  0.039ms max=  0.373ms calls(last=  1,win= 120,total=1333) (win 0.2% | avg 0.2% budget)
  enemy.cheap.segment_build        win=  0.037ms avg=  0.094ms p95=  0.144ms max=  0.218ms calls(last=  4,win= 307,total=1282) (win 0.2% | avg 0.6% budget)
  frame.input_poll                 win=  0.027ms avg=  0.027ms p95=  0.028ms max=  0.100ms calls(last=  1,win= 120,total=1800) (win 0.2% | avg 0.2% budget)
  system.physics_collision         win=  0.027ms avg=  0.027ms p95=  0.033ms max=  0.291ms calls(last=  1,win= 123,total=1366) (win 0.2% | avg 0.2% budget)
  system.player_update             win=  0.027ms avg=  0.027ms p95=  0.032ms max=  0.110ms calls(last=  1,win= 123,total=1246) (win 0.2% | avg 0.2% budget)
  enemy.type.assassin              win=  0.009ms avg=  0.153ms p95=  0.217ms max=  0.351ms calls(last= 16,win=1968,total=13018) (win 0.1% | avg 0.9% budget)
[ENEMY_STATS] frame=1800 alive=72 visible=0 full=0 cheap=72 fullInBase=0 pairs(frontal=0 checks=0 separation=0 resolved=0)
[ENEMY_WINDOW] steps=123 alive[min=66 max=72] visible[min=0 max=0] full[min=0 max=0] collisionPasses[runs=0 skips=123]
[ENEMY_SEGMENTS] window=2.050s D{b/s=4.39 avgLen=5.85 fail=0} T{b/s=5.37 avgLen=5.82 fail=0} H{b/s=13.66 avgLen=5.61 fail=0} A{b/s=6.34 avgLen=5.01 fail=246}
[ENEMY_GRID] frontal{cand/s=0.0 xcell/s=0.0 ins/s=0.0} separation{cand/s=0.0}
[ENEMY_COLLISION_WINDOW] frontal{pairs/s=0.0 checks/s=0.0 baseSkip=0 kill=0(0.0%)} separation{pairs/s=0.0 resolved/s=0.0(0.0%) baseSkip=0 kill=0 wallBlock=0}
[ENEMY_KILL_DEBUG] enemyEnemy{events=0 frontal=0 separation=0 reenterEither=0 reenterBoth=0 wallContact=0 dist[min=0.000 avg=0.000 max=0.000]}
[ENEMY_NAV_CACHE] playerCell{changes=1 flowRebuilds=1} flow{hit=0 miss=0 hit%=0.0} pathFallback{calls=0 ok=0 ok%=0.0}
[ENEMY_SAP] updates=0 active=0 pairs=0 repairs{x=0 y=0}
[ENEMY_PAIR_TYPES] frontal DD=0 DT=0 DH=0 DA=0 TT=0 TH=0 TA=0 HH=0 HA=0 AA=0 separation DD=0 DT=0 DH=0 DA=0 TT=0 TH=0 TA=0 HH=0 HA=0 AA=0
[ENEMY_KILL_DEBUG_COLLISION] projectile{kills=0 wallContact=0}

[PROFILE] frame=1920 budget=16.667ms alloc(+96/-96, +206048b/-206048b, live=162168b peak=366776b)
  frame.total                      win= 16.891ms avg= 16.891ms p95= 17.379ms max= 85.425ms calls(last=  1,win= 120,total=1920) (win 101.3% | avg 101.3% budget)
  frame.render                     win= 12.395ms avg= 12.395ms p95= 12.933ms max= 85.386ms calls(last=  1,win= 120,total=1920) (win 74.4% | avg 74.4% budget)
  frame.present                    win= 12.388ms avg= 12.388ms p95= 12.927ms max= 85.380ms calls(last=  1,win= 120,total=1920) (win 74.3% | avg 74.3% budget)
  frame.fixed_step                 win=  4.382ms avg=  4.455ms p95=  4.662ms max= 16.064ms calls(last=  1,win= 122,total=1966) (win 26.3% | avg 26.7% budget)
  frame.render.world               win=  3.248ms avg=  3.248ms p95=  3.500ms max=  7.615ms calls(last=  1,win= 120,total=1453) (win 19.5% | avg 19.5% budget)
  game.update                      win=  2.371ms avg=  2.410ms p95=  2.602ms max= 13.981ms calls(last=  1,win= 122,total=1488) (win 14.2% | avg 14.5% budget)
  frame.render.hud                 win=  2.370ms avg=  2.370ms p95=  2.565ms max= 18.023ms calls(last=  1,win= 120,total=1453) (win 14.2% | avg 14.2% budget)
  system.ai_update                 win=  2.213ms avg=  2.250ms p95=  2.441ms max= 13.708ms calls(last=  1,win= 122,total=1488) (win 13.3% | avg 13.5% budget)
  enemy.update                     win=  2.205ms avg=  2.242ms p95=  2.431ms max= 13.694ms calls(last=  1,win= 122,total=1488) (win 13.2% | avg 13.5% budget)
  frame.render.hud.minimap         win=  1.869ms avg=  1.869ms p95=  2.044ms max=  8.418ms calls(last=  1,win= 120,total=1453) (win 11.2% | avg 11.2% budget)
  frame.render.world.enemies       win=  1.121ms avg=  1.121ms p95=  1.231ms max=  3.173ms calls(last=  1,win= 120,total=1453) (win 6.7% | avg 6.7% budget)
  frame.render.world.maze          win=  0.900ms avg=  0.900ms p95=  1.062ms max=  2.803ms calls(last=  1,win= 120,total=1453) (win 5.4% | avg 5.4% budget)
  frame.render.world.effects       win=  0.373ms avg=  0.373ms p95=  0.459ms max=  1.103ms calls(last=  1,win= 120,total=1453) (win 2.2% | avg 2.2% budget)
  frame.render.hud.text            win=  0.228ms avg=  0.228ms p95=  0.275ms max=  0.520ms calls(last=  1,win= 120,total=1453) (win 1.4% | avg 1.4% budget)
  frame.render.hud.compass         win=  0.086ms avg=  0.086ms p95=  0.088ms max=  0.335ms calls(last=  1,win= 120,total=1453) (win 0.5% | avg 0.5% budget)
  system.spawner_update            win=  0.058ms avg=  0.059ms p95=  0.200ms max=  0.494ms calls(last=  1,win= 122,total=1488) (win 0.4% | avg 0.4% budget)
  frame.render.hud.static          win=  0.058ms avg=  0.058ms p95=  0.073ms max= 13.280ms calls(last=  1,win= 120,total=1453) (win 0.3% | avg 0.3% budget)
  frame.render.hud.lives           win=  0.056ms avg=  0.056ms p95=  0.060ms max=  0.272ms calls(last=  1,win= 120,total=1453) (win 0.3% | avg 0.3% budget)
  frame.render.hud.bars            win=  0.039ms avg=  0.039ms p95=  0.040ms max=  0.373ms calls(last=  1,win= 120,total=1453) (win 0.2% | avg 0.2% budget)
  enemy.cheap.segment_build        win=  0.033ms avg=  0.105ms p95=  0.162ms max=  0.262ms calls(last=  3,win= 386,total=1668) (win 0.2% | avg 0.6% budget)
  system.physics_collision         win=  0.029ms avg=  0.030ms p95=  0.034ms max=  0.291ms calls(last=  1,win= 122,total=1488) (win 0.2% | avg 0.2% budget)
  frame.input_poll                 win=  0.029ms avg=  0.029ms p95=  0.029ms max=  0.137ms calls(last=  1,win= 120,total=1920) (win 0.2% | avg 0.2% budget)
  system.player_update             win=  0.027ms avg=  0.028ms p95=  0.034ms max=  0.110ms calls(last=  1,win= 122,total=1368) (win 0.2% | avg 0.2% budget)
  enemy.type.assassin              win=  0.009ms avg=  0.156ms p95=  0.200ms max=  0.376ms calls(last= 17,win=2037,total=15055) (win 0.1% | avg 0.9% budget)
[ENEMY_STATS] frame=1920 alive=77 visible=0 full=0 cheap=77 fullInBase=0 pairs(frontal=0 checks=0 separation=0 resolved=0)
[ENEMY_WINDOW] steps=122 alive[min=72 max=77] visible[min=0 max=0] full[min=0 max=0] collisionPasses[runs=0 skips=122]
[ENEMY_SEGMENTS] window=2.033s D{b/s=3.93 avgLen=5.05 fail=0} T{b/s=5.41 avgLen=5.18 fail=0} H{b/s=14.26 avgLen=4.65 fail=86} A{b/s=4.43 avgLen=4.50 fail=244}
[ENEMY_GRID] frontal{cand/s=0.0 xcell/s=0.0 ins/s=0.0} separation{cand/s=0.0}
[ENEMY_COLLISION_WINDOW] frontal{pairs/s=0.0 checks/s=0.0 baseSkip=0 kill=0(0.0%)} separation{pairs/s=0.0 resolved/s=0.0(0.0%) baseSkip=0 kill=0 wallBlock=0}
[ENEMY_KILL_DEBUG] enemyEnemy{events=0 frontal=0 separation=0 reenterEither=0 reenterBoth=0 wallContact=0 dist[min=0.000 avg=0.000 max=0.000]}
[ENEMY_NAV_CACHE] playerCell{changes=2 flowRebuilds=0} flow{hit=0 miss=0 hit%=0.0} pathFallback{calls=0 ok=0 ok%=0.0}
[ENEMY_SAP] updates=0 active=0 pairs=0 repairs{x=0 y=0}
[ENEMY_PAIR_TYPES] frontal DD=0 DT=0 DH=0 DA=0 TT=0 TH=0 TA=0 HH=0 HA=0 AA=0 separation DD=0 DT=0 DH=0 DA=0 TT=0 TH=0 TA=0 HH=0 HA=0 AA=0
[ENEMY_KILL_DEBUG_COLLISION] projectile{kills=0 wallContact=0}

[PROFILE] frame=2040 budget=16.667ms alloc(+102/-102, +211904b/-211904b, live=162168b peak=372688b)
  frame.total                      win= 16.974ms avg= 16.974ms p95= 17.389ms max= 85.425ms calls(last=  1,win= 120,total=2040) (win 101.8% | avg 101.8% budget)
  frame.render                     win= 12.009ms avg= 12.009ms p95= 12.721ms max= 85.386ms calls(last=  1,win= 120,total=2040) (win 72.1% | avg 72.1% budget)
  frame.present                    win= 12.002ms avg= 12.002ms p95= 12.712ms max= 85.380ms calls(last=  1,win= 120,total=2040) (win 72.0% | avg 72.0% budget)
  frame.fixed_step                 win=  4.805ms avg=  4.925ms p95=  5.000ms max= 16.064ms calls(last=  1,win= 123,total=2089) (win 28.8% | avg 29.5% budget)
  frame.render.world               win=  3.197ms avg=  3.197ms p95=  3.468ms max=  7.615ms calls(last=  1,win= 120,total=1573) (win 19.2% | avg 19.2% budget)
  game.update                      win=  2.524ms avg=  2.587ms p95=  2.664ms max= 13.981ms calls(last=  1,win= 123,total=1611) (win 15.1% | avg 15.5% budget)
  system.ai_update                 win=  2.360ms avg=  2.419ms p95=  2.485ms max= 13.708ms calls(last=  1,win= 123,total=1611) (win 14.2% | avg 14.5% budget)
  enemy.update                     win=  2.354ms avg=  2.412ms p95=  2.477ms max= 13.694ms calls(last=  1,win= 123,total=1611) (win 14.1% | avg 14.5% budget)
  frame.render.hud                 win=  2.328ms avg=  2.328ms p95=  2.544ms max= 18.023ms calls(last=  1,win= 120,total=1573) (win 14.0% | avg 14.0% budget)
  frame.render.hud.minimap         win=  1.832ms avg=  1.832ms p95=  2.034ms max=  8.418ms calls(last=  1,win= 120,total=1573) (win 11.0% | avg 11.0% budget)
  frame.render.world.enemies       win=  1.126ms avg=  1.126ms p95=  1.262ms max=  3.173ms calls(last=  1,win= 120,total=1573) (win 6.8% | avg 6.8% budget)
  frame.render.world.maze          win=  0.871ms avg=  0.871ms p95=  0.936ms max=  2.803ms calls(last=  1,win= 120,total=1573) (win 5.2% | avg 5.2% budget)
  frame.render.world.effects       win=  0.385ms avg=  0.385ms p95=  0.459ms max=  1.103ms calls(last=  1,win= 120,total=1573) (win 2.3% | avg 2.3% budget)
  frame.render.hud.text            win=  0.223ms avg=  0.223ms p95=  0.265ms max=  0.520ms calls(last=  1,win= 120,total=1573) (win 1.3% | avg 1.3% budget)
  frame.render.hud.compass         win=  0.086ms avg=  0.086ms p95=  0.088ms max=  0.335ms calls(last=  1,win= 120,total=1573) (win 0.5% | avg 0.5% budget)
  system.spawner_update            win=  0.062ms avg=  0.063ms p95=  0.213ms max=  0.494ms calls(last=  1,win= 123,total=1611) (win 0.4% | avg 0.4% budget)
  frame.render.hud.static          win=  0.059ms avg=  0.059ms p95=  0.073ms max= 13.280ms calls(last=  1,win= 120,total=1573) (win 0.4% | avg 0.4% budget)
  frame.render.hud.lives           win=  0.055ms avg=  0.055ms p95=  0.056ms max=  0.272ms calls(last=  1,win= 120,total=1573) (win 0.3% | avg 0.3% budget)
  frame.render.hud.bars            win=  0.040ms avg=  0.040ms p95=  0.040ms max=  0.373ms calls(last=  1,win= 120,total=1573) (win 0.2% | avg 0.2% budget)
  enemy.cheap.segment_build        win=  0.032ms avg=  0.116ms p95=  0.166ms max=  0.322ms calls(last=  3,win= 442,total=2110) (win 0.2% | avg 0.7% budget)
  system.physics_collision         win=  0.031ms avg=  0.031ms p95=  0.038ms max=  0.291ms calls(last=  1,win= 123,total=1611) (win 0.2% | avg 0.2% budget)
  system.player_update             win=  0.028ms avg=  0.029ms p95=  0.048ms max=  0.110ms calls(last=  1,win= 123,total=1491) (win 0.2% | avg 0.2% budget)
  frame.input_poll                 win=  0.028ms avg=  0.028ms p95=  0.029ms max=  0.137ms calls(last=  1,win= 120,total=2040) (win 0.2% | avg 0.2% budget)
  enemy.type.assassin              win=  0.009ms avg=  0.155ms p95=  0.200ms max=  0.376ms calls(last= 17,win=2091,total=17146) (win 0.1% | avg 0.9% budget)
[ENEMY_STATS] frame=2040 alive=83 visible=0 full=0 cheap=83 fullInBase=0 pairs(frontal=0 checks=0 separation=0 resolved=0)
[ENEMY_WINDOW] steps=123 alive[min=77 max=83] visible[min=0 max=0] full[min=0 max=0] collisionPasses[runs=0 skips=123]
[ENEMY_SEGMENTS] window=2.050s D{b/s=4.39 avgLen=5.27 fail=0} T{b/s=7.32 avgLen=6.63 fail=0} H{b/s=19.51 avgLen=4.39 fail=123} A{b/s=3.90 avgLen=4.55 fail=246}
[ENEMY_GRID] frontal{cand/s=0.0 xcell/s=0.0 ins/s=0.0} separation{cand/s=0.0}
[ENEMY_COLLISION_WINDOW] frontal{pairs/s=0.0 checks/s=0.0 baseSkip=0 kill=0(0.0%)} separation{pairs/s=0.0 resolved/s=0.0(0.0%) baseSkip=0 kill=0 wallBlock=0}
[ENEMY_KILL_DEBUG] enemyEnemy{events=0 frontal=0 separation=0 reenterEither=0 reenterBoth=0 wallContact=0 dist[min=0.000 avg=0.000 max=0.000]}
[ENEMY_NAV_CACHE] playerCell{changes=2 flowRebuilds=1} flow{hit=0 miss=0 hit%=0.0} pathFallback{calls=0 ok=0 ok%=0.0}
[ENEMY_SAP] updates=0 active=0 pairs=0 repairs{x=0 y=0}
[ENEMY_PAIR_TYPES] frontal DD=0 DT=0 DH=0 DA=0 TT=0 TH=0 TA=0 HH=0 HA=0 AA=0 separation DD=0 DT=0 DH=0 DA=0 TT=0 TH=0 TA=0 HH=0 HA=0 AA=0
[ENEMY_KILL_DEBUG_COLLISION] projectile{kills=0 wallContact=0}

[PROFILE] frame=2160 budget=16.667ms alloc(+111/-111, +220712b/-220712b, live=162168b peak=381160b)
  frame.total                      win= 16.901ms avg= 16.901ms p95= 17.414ms max= 85.425ms calls(last=  1,win= 120,total=2160) (win 101.4% | avg 101.4% budget)
  frame.render                     win= 11.730ms avg= 11.730ms p95= 12.300ms max= 85.386ms calls(last=  1,win= 120,total=2160) (win 70.4% | avg 70.4% budget)
  frame.present                    win= 11.724ms avg= 11.724ms p95= 12.293ms max= 85.380ms calls(last=  1,win= 120,total=2160) (win 70.3% | avg 70.3% budget)
  frame.fixed_step                 win=  5.047ms avg=  5.131ms p95=  5.399ms max= 16.064ms calls(last=  1,win= 122,total=2211) (win 30.3% | avg 30.8% budget)
  frame.render.world               win=  3.224ms avg=  3.224ms p95=  3.463ms max=  7.615ms calls(last=  1,win= 120,total=1693) (win 19.3% | avg 19.3% budget)
  game.update                      win=  2.503ms avg=  2.545ms p95=  2.718ms max= 13.981ms calls(last=  1,win= 122,total=1733) (win 15.0% | avg 15.3% budget)
  frame.render.hud                 win=  2.437ms avg=  2.437ms p95=  2.695ms max= 18.023ms calls(last=  1,win= 120,total=1693) (win 14.6% | avg 14.6% budget)
  system.ai_update                 win=  2.333ms avg=  2.371ms p95=  2.530ms max= 13.708ms calls(last=  1,win= 122,total=1733) (win 14.0% | avg 14.2% budget)
  enemy.update                     win=  2.326ms avg=  2.365ms p95=  2.525ms max= 13.694ms calls(last=  1,win= 122,total=1733) (win 14.0% | avg 14.2% budget)
  frame.render.hud.minimap         win=  1.923ms avg=  1.923ms p95=  2.139ms max=  8.418ms calls(last=  1,win= 120,total=1693) (win 11.5% | avg 11.5% budget)
  frame.render.world.enemies       win=  1.136ms avg=  1.136ms p95=  1.295ms max=  3.173ms calls(last=  1,win= 120,total=1693) (win 6.8% | avg 6.8% budget)
  frame.render.world.maze          win=  0.890ms avg=  0.890ms p95=  1.004ms max=  2.803ms calls(last=  1,win= 120,total=1693) (win 5.3% | avg 5.3% budget)
  frame.render.world.effects       win=  0.379ms avg=  0.379ms p95=  0.481ms max=  1.103ms calls(last=  1,win= 120,total=1693) (win 2.3% | avg 2.3% budget)
  frame.render.hud.text            win=  0.234ms avg=  0.234ms p95=  0.323ms max=  0.556ms calls(last=  1,win= 120,total=1693) (win 1.4% | avg 1.4% budget)
  frame.render.hud.compass         win=  0.090ms avg=  0.090ms p95=  0.130ms max=  0.335ms calls(last=  1,win= 120,total=1693) (win 0.5% | avg 0.5% budget)
  system.spawner_update            win=  0.069ms avg=  0.070ms p95=  0.222ms max=  0.494ms calls(last=  1,win= 122,total=1733) (win 0.4% | avg 0.4% budget)
  frame.render.hud.static          win=  0.060ms avg=  0.060ms p95=  0.072ms max= 13.280ms calls(last=  1,win= 120,total=1693) (win 0.4% | avg 0.4% budget)
  frame.render.hud.lives           win=  0.057ms avg=  0.057ms p95=  0.073ms max=  0.272ms calls(last=  1,win= 120,total=1693) (win 0.3% | avg 0.3% budget)
  frame.render.hud.bars            win=  0.039ms avg=  0.039ms p95=  0.040ms max=  0.373ms calls(last=  1,win= 120,total=1693) (win 0.2% | avg 0.2% budget)
  enemy.cheap.segment_build        win=  0.031ms avg=  0.113ms p95=  0.171ms max=  0.322ms calls(last=  4,win= 437,total=2547) (win 0.2% | avg 0.7% budget)
  system.physics_collision         win=  0.030ms avg=  0.030ms p95=  0.034ms max=  0.291ms calls(last=  1,win= 122,total=1733) (win 0.2% | avg 0.2% budget)
  system.player_update             win=  0.028ms avg=  0.028ms p95=  0.031ms max=  0.148ms calls(last=  1,win= 122,total=1613) (win 0.2% | avg 0.2% budget)
  frame.input_poll                 win=  0.028ms avg=  0.028ms p95=  0.029ms max=  0.137ms calls(last=  1,win= 120,total=2160) (win 0.2% | avg 0.2% budget)
  enemy.type.assassin              win=  0.009ms avg=  0.158ms p95=  0.199ms max=  0.376ms calls(last= 18,win=2155,total=19301) (win 0.1% | avg 0.9% budget)
[ENEMY_STATS] frame=2160 alive=92 visible=0 full=0 cheap=92 fullInBase=0 pairs(frontal=0 checks=0 separation=0 resolved=0)
[ENEMY_WINDOW] steps=122 alive[min=83 max=92] visible[min=0 max=0] full[min=0 max=0] collisionPasses[runs=0 skips=122]
[ENEMY_SEGMENTS] window=2.033s D{b/s=5.90 avgLen=5.63 fail=0} T{b/s=3.44 avgLen=5.17 fail=2} H{b/s=17.70 avgLen=5.09 fail=122} A{b/s=6.89 avgLen=5.02 fail=244}
[ENEMY_GRID] frontal{cand/s=0.0 xcell/s=0.0 ins/s=0.0} separation{cand/s=0.0}
[ENEMY_COLLISION_WINDOW] frontal{pairs/s=0.0 checks/s=0.0 baseSkip=0 kill=0(0.0%)} separation{pairs/s=0.0 resolved/s=0.0(0.0%) baseSkip=0 kill=0 wallBlock=0}
[ENEMY_KILL_DEBUG] enemyEnemy{events=0 frontal=0 separation=0 reenterEither=0 reenterBoth=0 wallContact=0 dist[min=0.000 avg=0.000 max=0.000]}
[ENEMY_NAV_CACHE] playerCell{changes=1 flowRebuilds=0} flow{hit=0 miss=0 hit%=0.0} pathFallback{calls=0 ok=0 ok%=0.0}
[ENEMY_SAP] updates=0 active=0 pairs=0 repairs{x=0 y=0}
[ENEMY_PAIR_TYPES] frontal DD=0 DT=0 DH=0 DA=0 TT=0 TH=0 TA=0 HH=0 HA=0 AA=0 separation DD=0 DT=0 DH=0 DA=0 TT=0 TH=0 TA=0 HH=0 HA=0 AA=0
[ENEMY_KILL_DEBUG_COLLISION] projectile{kills=0 wallContact=0}

[PROFILE] frame=2280 budget=16.667ms alloc(+117/-117, +226520b/-226520b, live=162168b peak=386936b)
  frame.total                      win= 16.962ms avg= 16.962ms p95= 17.519ms max= 85.425ms calls(last=  1,win= 120,total=2280) (win 101.8% | avg 101.8% budget)
  frame.render                     win= 11.276ms avg= 11.276ms p95= 11.960ms max= 85.386ms calls(last=  1,win= 120,total=2280) (win 67.7% | avg 67.7% budget)
  frame.present                    win= 11.269ms avg= 11.269ms p95= 11.953ms max= 85.380ms calls(last=  1,win= 120,total=2280) (win 67.6% | avg 67.6% budget)
  frame.fixed_step                 win=  5.509ms avg=  5.647ms p95=  5.755ms max= 16.064ms calls(last=  1,win= 123,total=2334) (win 33.1% | avg 33.9% budget)
  frame.render.world               win=  3.179ms avg=  3.179ms p95=  3.388ms max=  7.615ms calls(last=  1,win= 120,total=1813) (win 19.1% | avg 19.1% budget)
  game.update                      win=  2.664ms avg=  2.731ms p95=  2.806ms max= 13.981ms calls(last=  1,win= 123,total=1856) (win 16.0% | avg 16.4% budget)
  system.ai_update                 win=  2.493ms avg=  2.555ms p95=  2.639ms max= 13.708ms calls(last=  1,win= 123,total=1856) (win 15.0% | avg 15.3% budget)
  enemy.update                     win=  2.487ms avg=  2.549ms p95=  2.633ms max= 13.694ms calls(last=  1,win= 123,total=1856) (win 14.9% | avg 15.3% budget)
  frame.render.hud                 win=  2.338ms avg=  2.338ms p95=  2.571ms max= 18.023ms calls(last=  1,win= 120,total=1813) (win 14.0% | avg 14.0% budget)
  frame.render.hud.minimap         win=  1.845ms avg=  1.845ms p95=  2.060ms max=  8.418ms calls(last=  1,win= 120,total=1813) (win 11.1% | avg 11.1% budget)
  frame.render.world.enemies       win=  1.122ms avg=  1.122ms p95=  1.199ms max=  3.173ms calls(last=  1,win= 120,total=1813) (win 6.7% | avg 6.7% budget)
  frame.render.world.maze          win=  0.863ms avg=  0.863ms p95=  0.938ms max=  2.803ms calls(last=  1,win= 120,total=1813) (win 5.2% | avg 5.2% budget)
  frame.render.world.effects       win=  0.393ms avg=  0.393ms p95=  0.464ms max=  1.103ms calls(last=  1,win= 120,total=1813) (win 2.4% | avg 2.4% budget)
  frame.render.hud.text            win=  0.223ms avg=  0.223ms p95=  0.244ms max=  0.556ms calls(last=  1,win= 120,total=1813) (win 1.3% | avg 1.3% budget)
  frame.render.hud.compass         win=  0.086ms avg=  0.086ms p95=  0.090ms max=  0.335ms calls(last=  1,win= 120,total=1813) (win 0.5% | avg 0.5% budget)
  system.spawner_update            win=  0.069ms avg=  0.070ms p95=  0.221ms max=  0.494ms calls(last=  1,win= 123,total=1856) (win 0.4% | avg 0.4% budget)
  frame.render.hud.static          win=  0.056ms avg=  0.056ms p95=  0.069ms max= 13.280ms calls(last=  1,win= 120,total=1813) (win 0.3% | avg 0.3% budget)
  frame.render.hud.lives           win=  0.055ms avg=  0.055ms p95=  0.057ms max=  0.272ms calls(last=  1,win= 120,total=1813) (win 0.3% | avg 0.3% budget)
  frame.render.hud.bars            win=  0.039ms avg=  0.039ms p95=  0.040ms max=  0.373ms calls(last=  1,win= 120,total=1813) (win 0.2% | avg 0.2% budget)
  enemy.cheap.segment_build        win=  0.032ms avg=  0.119ms p95=  0.184ms max=  0.322ms calls(last=  4,win= 453,total=3000) (win 0.2% | avg 0.7% budget)
  system.physics_collision         win=  0.032ms avg=  0.032ms p95=  0.037ms max=  0.291ms calls(last=  1,win= 123,total=1856) (win 0.2% | avg 0.2% budget)
  frame.input_poll                 win=  0.027ms avg=  0.027ms p95=  0.028ms max=  0.137ms calls(last=  1,win= 120,total=2280) (win 0.2% | avg 0.2% budget)
  system.player_update             win=  0.027ms avg=  0.027ms p95=  0.030ms max=  0.148ms calls(last=  1,win= 123,total=1736) (win 0.2% | avg 0.2% budget)
  enemy.type.assassin              win=  0.008ms avg=  0.162ms p95=  0.202ms max=  0.376ms calls(last= 19,win=2301,total=21602) (win 0.1% | avg 1.0% budget)
[ENEMY_STATS] frame=2280 alive=98 visible=0 full=0 cheap=98 fullInBase=0 pairs(frontal=0 checks=0 separation=0 resolved=0)
[ENEMY_WINDOW] steps=123 alive[min=92 max=98] visible[min=0 max=0] full[min=0 max=0] collisionPasses[runs=0 skips=123]
[ENEMY_SEGMENTS] window=2.050s D{b/s=6.34 avgLen=5.05 fail=0} T{b/s=9.76 avgLen=5.60 fail=0} H{b/s=20.00 avgLen=4.58 fail=123} A{b/s=4.88 avgLen=5.56 fail=246}
[ENEMY_GRID] frontal{cand/s=0.0 xcell/s=0.0 ins/s=0.0} separation{cand/s=0.0}
[ENEMY_COLLISION_WINDOW] frontal{pairs/s=0.0 checks/s=0.0 baseSkip=0 kill=0(0.0%)} separation{pairs/s=0.0 resolved/s=0.0(0.0%) baseSkip=0 kill=0 wallBlock=0}
[ENEMY_KILL_DEBUG] enemyEnemy{events=0 frontal=0 separation=0 reenterEither=0 reenterBoth=0 wallContact=0 dist[min=0.000 avg=0.000 max=0.000]}
[ENEMY_NAV_CACHE] playerCell{changes=2 flowRebuilds=1} flow{hit=0 miss=0 hit%=0.0} pathFallback{calls=0 ok=0 ok%=0.0}
[ENEMY_SAP] updates=0 active=0 pairs=0 repairs{x=0 y=0}
[ENEMY_PAIR_TYPES] frontal DD=0 DT=0 DH=0 DA=0 TT=0 TH=0 TA=0 HH=0 HA=0 AA=0 separation DD=0 DT=0 DH=0 DA=0 TT=0 TH=0 TA=0 HH=0 HA=0 AA=0
[ENEMY_KILL_DEBUG_COLLISION] projectile{kills=0 wallContact=0}

[PROFILE] frame=2400 budget=16.667ms alloc(+119/-119, +229368b/-229368b, live=162168b peak=389856b)
  frame.total                      win= 16.947ms avg= 16.947ms p95= 17.467ms max= 85.425ms calls(last=  1,win= 120,total=2400) (win 101.7% | avg 101.7% budget)
  frame.render                     win= 11.079ms avg= 11.079ms p95= 11.734ms max= 85.386ms calls(last=  1,win= 120,total=2400) (win 66.5% | avg 66.5% budget)
  frame.present                    win= 11.072ms avg= 11.072ms p95= 11.728ms max= 85.380ms calls(last=  1,win= 120,total=2400) (win 66.4% | avg 66.4% budget)
  frame.fixed_step                 win=  5.687ms avg=  5.829ms p95=  5.909ms max= 16.064ms calls(last=  1,win= 123,total=2457) (win 34.1% | avg 35.0% budget)
  frame.render.world               win=  3.203ms avg=  3.203ms p95=  3.444ms max=  7.615ms calls(last=  1,win= 120,total=1933) (win 19.2% | avg 19.2% budget)
  game.update                      win=  2.605ms avg=  2.670ms p95=  2.804ms max= 13.981ms calls(last=  1,win= 123,total=1979) (win 15.6% | avg 16.0% budget)
  system.ai_update                 win=  2.432ms avg=  2.493ms p95=  2.532ms max= 13.708ms calls(last=  1,win= 123,total=1979) (win 14.6% | avg 15.0% budget)
  enemy.update                     win=  2.426ms avg=  2.487ms p95=  2.527ms max= 13.694ms calls(last=  1,win= 123,total=1979) (win 14.6% | avg 14.9% budget)
  frame.render.hud                 win=  2.347ms avg=  2.347ms p95=  2.567ms max= 18.023ms calls(last=  1,win= 120,total=1933) (win 14.1% | avg 14.1% budget)
  frame.render.hud.minimap         win=  1.848ms avg=  1.848ms p95=  2.089ms max=  8.418ms calls(last=  1,win= 120,total=1933) (win 11.1% | avg 11.1% budget)
  frame.render.world.enemies       win=  1.112ms avg=  1.112ms p95=  1.171ms max=  3.173ms calls(last=  1,win= 120,total=1933) (win 6.7% | avg 6.7% budget)
  frame.render.world.maze          win=  0.878ms avg=  0.878ms p95=  0.937ms max=  2.803ms calls(last=  1,win= 120,total=1933) (win 5.3% | avg 5.3% budget)
  frame.render.world.effects       win=  0.391ms avg=  0.391ms p95=  0.474ms max=  1.103ms calls(last=  1,win= 120,total=1933) (win 2.3% | avg 2.3% budget)
  frame.render.hud.text            win=  0.227ms avg=  0.227ms p95=  0.273ms max=  0.556ms calls(last=  1,win= 120,total=1933) (win 1.4% | avg 1.4% budget)
  frame.render.hud.compass         win=  0.086ms avg=  0.086ms p95=  0.088ms max=  0.335ms calls(last=  1,win= 120,total=1933) (win 0.5% | avg 0.5% budget)
  system.spawner_update            win=  0.068ms avg=  0.069ms p95=  0.222ms max=  0.494ms calls(last=  1,win= 123,total=1979) (win 0.4% | avg 0.4% budget)
  frame.render.hud.static          win=  0.057ms avg=  0.057ms p95=  0.073ms max= 13.280ms calls(last=  1,win= 120,total=1933) (win 0.3% | avg 0.3% budget)
  frame.render.hud.lives           win=  0.055ms avg=  0.055ms p95=  0.059ms max=  0.272ms calls(last=  1,win= 120,total=1933) (win 0.3% | avg 0.3% budget)
  frame.render.hud.bars            win=  0.038ms avg=  0.038ms p95=  0.040ms max=  0.373ms calls(last=  1,win= 120,total=1933) (win 0.2% | avg 0.2% budget)
  system.physics_collision         win=  0.032ms avg=  0.033ms p95=  0.036ms max=  0.291ms calls(last=  1,win= 123,total=1979) (win 0.2% | avg 0.2% budget)
  enemy.cheap.segment_build        win=  0.031ms avg=  0.116ms p95=  0.165ms max=  0.322ms calls(last=  3,win= 446,total=3446) (win 0.2% | avg 0.7% budget)
  frame.input_poll                 win=  0.027ms avg=  0.027ms p95=  0.029ms max=  0.137ms calls(last=  1,win= 120,total=2400) (win 0.2% | avg 0.2% budget)
  system.player_update             win=  0.026ms avg=  0.027ms p95=  0.031ms max=  0.148ms calls(last=  1,win= 123,total=1859) (win 0.2% | avg 0.2% budget)
  enemy.type.assassin              win=  0.008ms avg=  0.161ms p95=  0.201ms max=  0.376ms calls(last= 19,win=2337,total=23939) (win 0.0% | avg 1.0% budget)
[ENEMY_STATS] frame=2400 alive=101 visible=0 full=0 cheap=101 fullInBase=0 pairs(frontal=0 checks=0 separation=0 resolved=0)
[ENEMY_WINDOW] steps=123 alive[min=98 max=101] visible[min=0 max=0] full[min=0 max=0] collisionPasses[runs=0 skips=123]
[ENEMY_SEGMENTS] window=2.050s D{b/s=5.37 avgLen=5.51 fail=0} T{b/s=5.85 avgLen=7.14 fail=0} H{b/s=21.95 avgLen=4.91 fail=123} A{b/s=4.88 avgLen=4.96 fail=246}
[ENEMY_GRID] frontal{cand/s=0.0 xcell/s=0.0 ins/s=0.0} separation{cand/s=0.0}
[ENEMY_COLLISION_WINDOW] frontal{pairs/s=0.0 checks/s=0.0 baseSkip=0 kill=0(0.0%)} separation{pairs/s=0.0 resolved/s=0.0(0.0%) baseSkip=0 kill=0 wallBlock=0}
[ENEMY_KILL_DEBUG] enemyEnemy{events=0 frontal=0 separation=0 reenterEither=0 reenterBoth=0 wallContact=0 dist[min=0.000 avg=0.000 max=0.000]}
[ENEMY_NAV_CACHE] playerCell{changes=1 flowRebuilds=0} flow{hit=0 miss=0 hit%=0.0} pathFallback{calls=0 ok=0 ok%=0.0}
[ENEMY_SAP] updates=0 active=0 pairs=0 repairs{x=0 y=0}
[ENEMY_PAIR_TYPES] frontal DD=0 DT=0 DH=0 DA=0 TT=0 TH=0 TA=0 HH=0 HA=0 AA=0 separation DD=0 DT=0 DH=0 DA=0 TT=0 TH=0 TA=0 HH=0 HA=0 AA=0
[ENEMY_KILL_DEBUG_COLLISION] projectile{kills=0 wallContact=0}

[PROFILE] frame=2520 budget=16.667ms alloc(+126/-126, +235248b/-235248b, live=162168b peak=395504b)
  frame.total                      win= 16.994ms avg= 16.994ms p95= 17.480ms max= 85.425ms calls(last=  1,win= 120,total=2520) (win 102.0% | avg 102.0% budget)
  frame.render                     win= 10.764ms avg= 10.764ms p95= 11.323ms max= 85.386ms calls(last=  1,win= 120,total=2520) (win 64.6% | avg 64.6% budget)
  frame.present                    win= 10.757ms avg= 10.757ms p95= 11.317ms max= 85.380ms calls(last=  1,win= 120,total=2520) (win 64.5% | avg 64.5% budget)
  frame.fixed_step                 win=  6.039ms avg=  6.190ms p95=  6.335ms max= 16.170ms calls(last=  1,win= 123,total=2580) (win 36.2% | avg 37.1% budget)
  frame.render.world               win=  3.211ms avg=  3.211ms p95=  3.398ms max=  7.615ms calls(last=  1,win= 120,total=2053) (win 19.3% | avg 19.3% budget)
  game.update                      win=  2.748ms avg=  2.817ms p95=  2.884ms max= 13.981ms calls(last=  1,win= 123,total=2102) (win 16.5% | avg 16.9% budget)
  system.ai_update                 win=  2.574ms avg=  2.639ms p95=  2.722ms max= 13.708ms calls(last=  1,win= 123,total=2102) (win 15.4% | avg 15.8% budget)
  enemy.update                     win=  2.568ms avg=  2.632ms p95=  2.716ms max= 13.694ms calls(last=  1,win= 123,total=2102) (win 15.4% | avg 15.8% budget)
  frame.render.hud                 win=  2.373ms avg=  2.373ms p95=  2.631ms max= 18.023ms calls(last=  1,win= 120,total=2053) (win 14.2% | avg 14.2% budget)
  frame.render.hud.minimap         win=  1.871ms avg=  1.871ms p95=  2.116ms max=  8.418ms calls(last=  1,win= 120,total=2053) (win 11.2% | avg 11.2% budget)
  frame.render.world.enemies       win=  1.126ms avg=  1.126ms p95=  1.238ms max=  3.173ms calls(last=  1,win= 120,total=2053) (win 6.8% | avg 6.8% budget)
  frame.render.world.maze          win=  0.871ms avg=  0.871ms p95=  0.969ms max=  2.803ms calls(last=  1,win= 120,total=2053) (win 5.2% | avg 5.2% budget)
  frame.render.world.effects       win=  0.382ms avg=  0.382ms p95=  0.489ms max=  1.103ms calls(last=  1,win= 120,total=2053) (win 2.3% | avg 2.3% budget)
  frame.render.hud.text            win=  0.229ms avg=  0.229ms p95=  0.271ms max=  0.556ms calls(last=  1,win= 120,total=2053) (win 1.4% | avg 1.4% budget)
  frame.render.hud.compass         win=  0.085ms avg=  0.085ms p95=  0.086ms max=  0.335ms calls(last=  1,win= 120,total=2053) (win 0.5% | avg 0.5% budget)
  system.spawner_update            win=  0.070ms avg=  0.071ms p95=  0.227ms max=  0.494ms calls(last=  1,win= 123,total=2102) (win 0.4% | avg 0.4% budget)
  frame.render.hud.static          win=  0.060ms avg=  0.060ms p95=  0.070ms max= 13.280ms calls(last=  1,win= 120,total=2053) (win 0.4% | avg 0.4% budget)
  frame.render.hud.lives           win=  0.056ms avg=  0.056ms p95=  0.058ms max=  0.272ms calls(last=  1,win= 120,total=2053) (win 0.3% | avg 0.3% budget)
  frame.render.hud.bars            win=  0.038ms avg=  0.038ms p95=  0.039ms max=  0.373ms calls(last=  1,win= 120,total=2053) (win 0.2% | avg 0.2% budget)
  system.physics_collision         win=  0.032ms avg=  0.033ms p95=  0.038ms max=  0.291ms calls(last=  1,win= 123,total=2102) (win 0.2% | avg 0.2% budget)
  enemy.cheap.segment_build        win=  0.031ms avg=  0.118ms p95=  0.179ms max=  0.322ms calls(last=  4,win= 455,total=3901) (win 0.2% | avg 0.7% budget)
  frame.input_poll                 win=  0.027ms avg=  0.027ms p95=  0.029ms max=  0.137ms calls(last=  1,win= 120,total=2520) (win 0.2% | avg 0.2% budget)
  system.player_update             win=  0.026ms avg=  0.027ms p95=  0.030ms max=  0.148ms calls(last=  1,win= 123,total=1982) (win 0.2% | avg 0.2% budget)
  enemy.type.assassin              win=  0.008ms avg=  0.166ms p95=  0.237ms max=  0.430ms calls(last= 21,win=2476,total=26415) (win 0.0% | avg 1.0% budget)
[ENEMY_STATS] frame=2520 alive=107 visible=0 full=0 cheap=107 fullInBase=0 pairs(frontal=0 checks=0 separation=0 resolved=0)
[ENEMY_WINDOW] steps=123 alive[min=101 max=107] visible[min=0 max=0] full[min=0 max=0] collisionPasses[runs=0 skips=123]
[ENEMY_SEGMENTS] window=2.050s D{b/s=6.83 avgLen=5.56 fail=0} T{b/s=7.32 avgLen=5.22 fail=1} H{b/s=21.46 avgLen=4.65 fail=123} A{b/s=6.34 avgLen=4.78 fail=246}
[ENEMY_GRID] frontal{cand/s=0.0 xcell/s=0.0 ins/s=0.0} separation{cand/s=0.0}
[ENEMY_COLLISION_WINDOW] frontal{pairs/s=0.0 checks/s=0.0 baseSkip=0 kill=0(0.0%)} separation{pairs/s=0.0 resolved/s=0.0(0.0%) baseSkip=0 kill=0 wallBlock=0}
[ENEMY_KILL_DEBUG] enemyEnemy{events=0 frontal=0 separation=0 reenterEither=0 reenterBoth=0 wallContact=0 dist[min=0.000 avg=0.000 max=0.000]}
[ENEMY_NAV_CACHE] playerCell{changes=2 flowRebuilds=1} flow{hit=0 miss=0 hit%=0.0} pathFallback{calls=0 ok=0 ok%=0.0}
[ENEMY_SAP] updates=0 active=0 pairs=0 repairs{x=0 y=0}
[ENEMY_PAIR_TYPES] frontal DD=0 DT=0 DH=0 DA=0 TT=0 TH=0 TA=0 HH=0 HA=0 AA=0 separation DD=0 DT=0 DH=0 DA=0 TT=0 TH=0 TA=0 HH=0 HA=0 AA=0
[ENEMY_KILL_DEBUG_COLLISION] projectile{kills=0 wallContact=0}

[PROFILE] frame=2640 budget=16.667ms alloc(+130/-130, +239120b/-239120b, live=162168b peak=399352b)
  frame.total                      win= 16.981ms avg= 16.981ms p95= 17.622ms max= 85.425ms calls(last=  1,win= 120,total=2640) (win 101.9% | avg 101.9% budget)
  frame.render                     win= 10.510ms avg= 10.510ms p95= 11.103ms max= 85.386ms calls(last=  1,win= 120,total=2640) (win 63.1% | avg 63.1% budget)
  frame.present                    win= 10.503ms avg= 10.503ms p95= 11.096ms max= 85.380ms calls(last=  1,win= 120,total=2640) (win 63.0% | avg 63.0% budget)
  frame.fixed_step                 win=  6.273ms avg=  6.430ms p95=  6.612ms max= 16.170ms calls(last=  1,win= 123,total=2703) (win 37.6% | avg 38.6% budget)
  frame.render.world               win=  3.215ms avg=  3.215ms p95=  3.491ms max=  7.615ms calls(last=  1,win= 120,total=2173) (win 19.3% | avg 19.3% budget)
  game.update                      win=  2.722ms avg=  2.790ms p95=  2.944ms max= 13.981ms calls(last=  1,win= 123,total=2225) (win 16.3% | avg 16.7% budget)
  system.ai_update                 win=  2.545ms avg=  2.608ms p95=  2.769ms max= 13.708ms calls(last=  1,win= 123,total=2225) (win 15.3% | avg 15.6% budget)
  enemy.update                     win=  2.538ms avg=  2.602ms p95=  2.762ms max= 13.694ms calls(last=  1,win= 123,total=2225) (win 15.2% | avg 15.6% budget)
  frame.render.hud                 win=  2.337ms avg=  2.337ms p95=  2.602ms max= 18.023ms calls(last=  1,win= 120,total=2173) (win 14.0% | avg 14.0% budget)
  frame.render.hud.minimap         win=  1.834ms avg=  1.834ms p95=  2.070ms max=  8.418ms calls(last=  1,win= 120,total=2173) (win 11.0% | avg 11.0% budget)
  frame.render.world.enemies       win=  1.128ms avg=  1.128ms p95=  1.198ms max=  3.173ms calls(last=  1,win= 120,total=2173) (win 6.8% | avg 6.8% budget)
  frame.render.world.maze          win=  0.883ms avg=  0.883ms p95=  0.926ms max=  2.803ms calls(last=  1,win= 120,total=2173) (win 5.3% | avg 5.3% budget)
  frame.render.world.effects       win=  0.389ms avg=  0.389ms p95=  0.470ms max=  1.103ms calls(last=  1,win= 120,total=2173) (win 2.3% | avg 2.3% budget)
  frame.render.hud.text            win=  0.225ms avg=  0.225ms p95=  0.265ms max=  0.556ms calls(last=  1,win= 120,total=2173) (win 1.3% | avg 1.3% budget)
  frame.render.hud.compass         win=  0.087ms avg=  0.087ms p95=  0.089ms max=  0.335ms calls(last=  1,win= 120,total=2173) (win 0.5% | avg 0.5% budget)
  system.spawner_update            win=  0.071ms avg=  0.073ms p95=  0.220ms max=  0.494ms calls(last=  1,win= 123,total=2225) (win 0.4% | avg 0.4% budget)
  frame.render.hud.static          win=  0.060ms avg=  0.060ms p95=  0.073ms max= 13.280ms calls(last=  1,win= 120,total=2173) (win 0.4% | avg 0.4% budget)
  frame.render.hud.lives           win=  0.056ms avg=  0.056ms p95=  0.056ms max=  0.272ms calls(last=  1,win= 120,total=2173) (win 0.3% | avg 0.3% budget)
  frame.render.hud.bars            win=  0.039ms avg=  0.039ms p95=  0.040ms max=  0.373ms calls(last=  1,win= 120,total=2173) (win 0.2% | avg 0.2% budget)
  system.physics_collision         win=  0.033ms avg=  0.034ms p95=  0.039ms max=  0.291ms calls(last=  1,win= 123,total=2225) (win 0.2% | avg 0.2% budget)
  enemy.cheap.segment_build        win=  0.031ms avg=  0.118ms p95=  0.190ms max=  0.322ms calls(last=  3,win= 453,total=4354) (win 0.2% | avg 0.7% budget)
  frame.input_poll                 win=  0.029ms avg=  0.029ms p95=  0.029ms max=  0.158ms calls(last=  1,win= 120,total=2640) (win 0.2% | avg 0.2% budget)
  system.player_update             win=  0.027ms avg=  0.027ms p95=  0.030ms max=  0.148ms calls(last=  1,win= 123,total=2105) (win 0.2% | avg 0.2% budget)
  enemy.type.assassin              win=  0.007ms avg=  0.168ms p95=  0.212ms max=  0.430ms calls(last= 23,win=2702,total=29117) (win 0.0% | avg 1.0% budget)
[ENEMY_STATS] frame=2640 alive=111 visible=0 full=0 cheap=111 fullInBase=0 pairs(frontal=0 checks=0 separation=0 resolved=0)
[ENEMY_WINDOW] steps=123 alive[min=107 max=111] visible[min=0 max=0] full[min=0 max=0] collisionPasses[runs=0 skips=123]
[ENEMY_SEGMENTS] window=2.050s D{b/s=4.88 avgLen=5.76 fail=0} T{b/s=8.29 avgLen=7.17 fail=0} H{b/s=22.44 avgLen=4.86 fail=123} A{b/s=5.37 avgLen=5.28 fail=246}
[ENEMY_GRID] frontal{cand/s=0.0 xcell/s=0.0 ins/s=0.0} separation{cand/s=0.0}
[ENEMY_COLLISION_WINDOW] frontal{pairs/s=0.0 checks/s=0.0 baseSkip=0 kill=0(0.0%)} separation{pairs/s=0.0 resolved/s=0.0(0.0%) baseSkip=0 kill=0 wallBlock=0}
[ENEMY_KILL_DEBUG] enemyEnemy{events=0 frontal=0 separation=0 reenterEither=0 reenterBoth=0 wallContact=0 dist[min=0.000 avg=0.000 max=0.000]}
[ENEMY_NAV_CACHE] playerCell{changes=1 flowRebuilds=0} flow{hit=0 miss=0 hit%=0.0} pathFallback{calls=0 ok=0 ok%=0.0}
[ENEMY_SAP] updates=0 active=0 pairs=0 repairs{x=0 y=0}
[ENEMY_PAIR_TYPES] frontal DD=0 DT=0 DH=0 DA=0 TT=0 TH=0 TA=0 HH=0 HA=0 AA=0 separation DD=0 DT=0 DH=0 DA=0 TT=0 TH=0 TA=0 HH=0 HA=0 AA=0
[ENEMY_KILL_DEBUG_COLLISION] projectile{kills=0 wallContact=0}

[PROFILE] frame=2760 budget=16.667ms alloc(+136/-136, +244880b/-244880b, live=162168b peak=405296b)
  frame.total                      win= 17.086ms avg= 17.086ms p95= 17.694ms max= 85.425ms calls(last=  1,win= 120,total=2760) (win 102.5% | avg 102.5% budget)
  frame.render                     win= 10.067ms avg= 10.067ms p95= 10.855ms max= 85.386ms calls(last=  1,win= 120,total=2760) (win 60.4% | avg 60.4% budget)
  frame.present                    win= 10.060ms avg= 10.060ms p95= 10.848ms max= 85.380ms calls(last=  1,win= 120,total=2760) (win 60.4% | avg 60.4% budget)
  frame.fixed_step                 win=  6.753ms avg=  6.978ms p95=  7.089ms max= 17.013ms calls(last=  1,win= 124,total=2827) (win 40.5% | avg 41.9% budget)
  frame.render.world               win=  3.220ms avg=  3.220ms p95=  3.405ms max=  7.615ms calls(last=  1,win= 120,total=2293) (win 19.3% | avg 19.3% budget)
  game.update                      win=  2.876ms avg=  2.972ms p95=  3.116ms max= 13.981ms calls(last=  1,win= 124,total=2349) (win 17.3% | avg 17.8% budget)
  system.ai_update                 win=  2.689ms avg=  2.778ms p95=  2.848ms max= 13.708ms calls(last=  1,win= 124,total=2349) (win 16.1% | avg 16.7% budget)
  enemy.update                     win=  2.682ms avg=  2.771ms p95=  2.840ms max= 13.694ms calls(last=  1,win= 124,total=2349) (win 16.1% | avg 16.6% budget)
  frame.render.hud                 win=  2.387ms avg=  2.387ms p95=  2.622ms max= 18.023ms calls(last=  1,win= 120,total=2293) (win 14.3% | avg 14.3% budget)
  frame.render.hud.minimap         win=  1.883ms avg=  1.883ms p95=  2.088ms max=  8.418ms calls(last=  1,win= 120,total=2293) (win 11.3% | avg 11.3% budget)
  frame.render.world.enemies       win=  1.136ms avg=  1.136ms p95=  1.230ms max=  3.173ms calls(last=  1,win= 120,total=2293) (win 6.8% | avg 6.8% budget)
  frame.render.world.maze          win=  0.860ms avg=  0.860ms p95=  0.963ms max=  2.803ms calls(last=  1,win= 120,total=2293) (win 5.2% | avg 5.2% budget)
  frame.render.world.effects       win=  0.376ms avg=  0.376ms p95=  0.463ms max=  1.103ms calls(last=  1,win= 120,total=2293) (win 2.3% | avg 2.3% budget)
  frame.render.hud.text            win=  0.228ms avg=  0.228ms p95=  0.260ms max=  0.556ms calls(last=  1,win= 120,total=2293) (win 1.4% | avg 1.4% budget)
  frame.render.hud.compass         win=  0.088ms avg=  0.088ms p95=  0.126ms max=  0.335ms calls(last=  1,win= 120,total=2293) (win 0.5% | avg 0.5% budget)
  system.spawner_update            win=  0.078ms avg=  0.081ms p95=  0.239ms max=  0.529ms calls(last=  1,win= 124,total=2349) (win 0.5% | avg 0.5% budget)
  frame.render.hud.static          win=  0.061ms avg=  0.061ms p95=  0.077ms max= 13.280ms calls(last=  1,win= 120,total=2293) (win 0.4% | avg 0.4% budget)
  frame.render.hud.lives           win=  0.055ms avg=  0.055ms p95=  0.056ms max=  0.272ms calls(last=  1,win= 120,total=2293) (win 0.3% | avg 0.3% budget)
  frame.render.hud.bars            win=  0.040ms avg=  0.040ms p95=  0.041ms max=  0.373ms calls(last=  1,win= 120,total=2293) (win 0.2% | avg 0.2% budget)
  system.physics_collision         win=  0.033ms avg=  0.034ms p95=  0.038ms max=  0.291ms calls(last=  1,win= 124,total=2349) (win 0.2% | avg 0.2% budget)
  enemy.cheap.segment_build        win=  0.031ms avg=  0.122ms p95=  0.184ms max=  0.469ms calls(last=  4,win= 463,total=4817) (win 0.2% | avg 0.7% budget)
  system.player_update             win=  0.028ms avg=  0.029ms p95=  0.035ms max=  0.148ms calls(last=  1,win= 124,total=2229) (win 0.2% | avg 0.2% budget)
  frame.input_poll                 win=  0.028ms avg=  0.028ms p95=  0.028ms max=  0.158ms calls(last=  1,win= 120,total=2760) (win 0.2% | avg 0.2% budget)
  enemy.type.assassin              win=  0.007ms avg=  0.180ms p95=  0.237ms max=  0.430ms calls(last= 26,win=3011,total=32128) (win 0.0% | avg 1.1% budget)
[ENEMY_STATS] frame=2760 alive=117 visible=0 full=0 cheap=117 fullInBase=0 pairs(frontal=0 checks=0 separation=0 resolved=0)
[ENEMY_WINDOW] steps=124 alive[min=111 max=117] visible[min=0 max=0] full[min=0 max=0] collisionPasses[runs=0 skips=124]
[ENEMY_SEGMENTS] window=2.067s D{b/s=5.81 avgLen=5.22 fail=0} T{b/s=4.35 avgLen=5.21 fail=0} H{b/s=23.71 avgLen=5.29 fail=124} A{b/s=9.19 avgLen=4.61 fail=248}
[ENEMY_GRID] frontal{cand/s=0.0 xcell/s=0.0 ins/s=0.0} separation{cand/s=0.0}
[ENEMY_COLLISION_WINDOW] frontal{pairs/s=0.0 checks/s=0.0 baseSkip=0 kill=0(0.0%)} separation{pairs/s=0.0 resolved/s=0.0(0.0%) baseSkip=0 kill=0 wallBlock=0}
[ENEMY_KILL_DEBUG] enemyEnemy{events=0 frontal=0 separation=0 reenterEither=0 reenterBoth=0 wallContact=0 dist[min=0.000 avg=0.000 max=0.000]}
[ENEMY_NAV_CACHE] playerCell{changes=3 flowRebuilds=1} flow{hit=0 miss=0 hit%=0.0} pathFallback{calls=0 ok=0 ok%=0.0}
[ENEMY_SAP] updates=0 active=0 pairs=0 repairs{x=0 y=0}
[ENEMY_PAIR_TYPES] frontal DD=0 DT=0 DH=0 DA=0 TT=0 TH=0 TA=0 HH=0 HA=0 AA=0 separation DD=0 DT=0 DH=0 DA=0 TT=0 TH=0 TA=0 HH=0 HA=0 AA=0
[ENEMY_KILL_DEBUG_COLLISION] projectile{kills=0 wallContact=0}

[PROFILE] frame=2880 budget=16.667ms alloc(+142/-142, +250736b/-250736b, live=162168b peak=410968b)
  frame.total                      win= 17.111ms avg= 17.111ms p95= 18.043ms max= 85.425ms calls(last=  1,win= 120,total=2880) (win 102.7% | avg 102.7% budget)
  frame.render                     win=  9.657ms avg=  9.657ms p95= 10.296ms max= 85.386ms calls(last=  1,win= 120,total=2880) (win 57.9% | avg 57.9% budget)
  frame.present                    win=  9.650ms avg=  9.650ms p95= 10.290ms max= 85.380ms calls(last=  1,win= 120,total=2880) (win 57.9% | avg 57.9% budget)
  frame.fixed_step                 win=  7.175ms avg=  7.414ms p95=  7.781ms max= 17.357ms calls(last=  1,win= 124,total=2951) (win 43.1% | avg 44.5% budget)
  frame.render.world               win=  3.261ms avg=  3.261ms p95=  3.478ms max=  7.615ms calls(last=  1,win= 120,total=2413) (win 19.6% | avg 19.6% budget)
  game.update                      win=  2.949ms avg=  3.047ms p95=  3.197ms max= 13.981ms calls(last=  1,win= 124,total=2473) (win 17.7% | avg 18.3% budget)
  system.ai_update                 win=  2.768ms avg=  2.860ms p95=  3.020ms max= 13.708ms calls(last=  1,win= 124,total=2473) (win 16.6% | avg 17.2% budget)
  enemy.update                     win=  2.761ms avg=  2.853ms p95=  3.014ms max= 13.694ms calls(last=  1,win= 124,total=2473) (win 16.6% | avg 17.1% budget)
  frame.render.hud                 win=  2.442ms avg=  2.442ms p95=  2.643ms max= 18.023ms calls(last=  1,win= 120,total=2413) (win 14.7% | avg 14.7% budget)
  frame.render.hud.minimap         win=  1.942ms avg=  1.942ms p95=  2.148ms max=  8.418ms calls(last=  1,win= 120,total=2413) (win 11.6% | avg 11.6% budget)
  frame.render.world.enemies       win=  1.138ms avg=  1.138ms p95=  1.238ms max=  3.173ms calls(last=  1,win= 120,total=2413) (win 6.8% | avg 6.8% budget)
  frame.render.world.maze          win=  0.902ms avg=  0.902ms p95=  1.004ms max=  2.803ms calls(last=  1,win= 120,total=2413) (win 5.4% | avg 5.4% budget)
  frame.render.world.effects       win=  0.375ms avg=  0.375ms p95=  0.456ms max=  1.103ms calls(last=  1,win= 120,total=2413) (win 2.3% | avg 2.3% budget)
  frame.render.hud.text            win=  0.228ms avg=  0.228ms p95=  0.283ms max=  0.556ms calls(last=  1,win= 120,total=2413) (win 1.4% | avg 1.4% budget)
  frame.render.hud.compass         win=  0.085ms avg=  0.085ms p95=  0.088ms max=  0.335ms calls(last=  1,win= 120,total=2413) (win 0.5% | avg 0.5% budget)
  system.spawner_update            win=  0.074ms avg=  0.076ms p95=  0.228ms max=  0.529ms calls(last=  1,win= 124,total=2473) (win 0.4% | avg 0.5% budget)
  frame.render.hud.static          win=  0.061ms avg=  0.061ms p95=  0.072ms max= 13.280ms calls(last=  1,win= 120,total=2413) (win 0.4% | avg 0.4% budget)
  frame.render.hud.lives           win=  0.056ms avg=  0.056ms p95=  0.071ms max=  0.272ms calls(last=  1,win= 120,total=2413) (win 0.3% | avg 0.3% budget)
  frame.render.hud.bars            win=  0.038ms avg=  0.038ms p95=  0.040ms max=  0.373ms calls(last=  1,win= 120,total=2413) (win 0.2% | avg 0.2% budget)
  system.physics_collision         win=  0.033ms avg=  0.035ms p95=  0.042ms max=  0.291ms calls(last=  1,win= 124,total=2473) (win 0.2% | avg 0.2% budget)
  enemy.cheap.segment_build        win=  0.032ms avg=  0.127ms p95=  0.202ms max=  0.469ms calls(last=  4,win= 475,total=5292) (win 0.2% | avg 0.8% budget)
  frame.input_poll                 win=  0.028ms avg=  0.028ms p95=  0.029ms max=  0.158ms calls(last=  1,win= 120,total=2880) (win 0.2% | avg 0.2% budget)
  system.player_update             win=  0.027ms avg=  0.028ms p95=  0.032ms max=  0.148ms calls(last=  1,win= 124,total=2353) (win 0.2% | avg 0.2% budget)
  enemy.type.assassin              win=  0.007ms avg=  0.183ms p95=  0.258ms max=  0.430ms calls(last= 26,win=3224,total=35352) (win 0.0% | avg 1.1% budget)
[ENEMY_STATS] frame=2880 alive=123 visible=0 full=0 cheap=123 fullInBase=0 pairs(frontal=0 checks=0 separation=0 resolved=0)
[ENEMY_WINDOW] steps=124 alive[min=117 max=123] visible[min=0 max=0] full[min=0 max=0] collisionPasses[runs=0 skips=124]
[ENEMY_SEGMENTS] window=2.067s D{b/s=7.74 avgLen=4.42 fail=0} T{b/s=10.65 avgLen=5.28 fail=0} H{b/s=25.65 avgLen=5.02 fail=124} A{b/s=6.77 avgLen=5.10 fail=248}
[ENEMY_GRID] frontal{cand/s=0.0 xcell/s=0.0 ins/s=0.0} separation{cand/s=0.0}
[ENEMY_COLLISION_WINDOW] frontal{pairs/s=0.0 checks/s=0.0 baseSkip=0 kill=0(0.0%)} separation{pairs/s=0.0 resolved/s=0.0(0.0%) baseSkip=0 kill=0 wallBlock=0}
[ENEMY_KILL_DEBUG] enemyEnemy{events=0 frontal=0 separation=0 reenterEither=0 reenterBoth=0 wallContact=0 dist[min=0.000 avg=0.000 max=0.000]}
[ENEMY_NAV_CACHE] playerCell{changes=1 flowRebuilds=1} flow{hit=0 miss=0 hit%=0.0} pathFallback{calls=0 ok=0 ok%=0.0}
[ENEMY_SAP] updates=0 active=0 pairs=0 repairs{x=0 y=0}
[ENEMY_PAIR_TYPES] frontal DD=0 DT=0 DH=0 DA=0 TT=0 TH=0 TA=0 HH=0 HA=0 AA=0 separation DD=0 DT=0 DH=0 DA=0 TT=0 TH=0 TA=0 HH=0 HA=0 AA=0
[ENEMY_KILL_DEBUG_COLLISION] projectile{kills=0 wallContact=0}

[PROFILE] frame=3000 budget=16.667ms alloc(+146/-146, +254624b/-254624b, live=162168b peak=414792b)
  frame.total                      win= 17.085ms avg= 17.085ms p95= 17.555ms max= 85.425ms calls(last=  1,win= 120,total=3000) (win 102.5% | avg 102.5% budget)
  frame.render                     win=  9.322ms avg=  9.322ms p95= 10.074ms max= 85.386ms calls(last=  1,win= 120,total=3000) (win 55.9% | avg 55.9% budget)
  frame.present                    win=  9.316ms avg=  9.316ms p95= 10.068ms max= 85.380ms calls(last=  1,win= 120,total=3000) (win 55.9% | avg 55.9% budget)
  frame.fixed_step                 win=  7.473ms avg=  7.722ms p95=  7.736ms max= 17.357ms calls(last=  1,win= 124,total=3075) (win 44.8% | avg 46.3% budget)
  frame.render.world               win=  3.268ms avg=  3.268ms p95=  3.497ms max=  7.615ms calls(last=  1,win= 120,total=2533) (win 19.6% | avg 19.6% budget)
  game.update                      win=  2.921ms avg=  3.019ms p95=  3.173ms max= 13.981ms calls(last=  1,win= 124,total=2597) (win 17.5% | avg 18.1% budget)
  system.ai_update                 win=  2.732ms avg=  2.823ms p95=  3.000ms max= 13.708ms calls(last=  1,win= 124,total=2597) (win 16.4% | avg 16.9% budget)
  enemy.update                     win=  2.725ms avg=  2.816ms p95=  2.993ms max= 13.694ms calls(last=  1,win= 124,total=2597) (win 16.4% | avg 16.9% budget)
  frame.render.hud                 win=  2.369ms avg=  2.369ms p95=  2.575ms max= 18.023ms calls(last=  1,win= 120,total=2533) (win 14.2% | avg 14.2% budget)
  frame.render.hud.minimap         win=  1.870ms avg=  1.870ms p95=  2.077ms max=  8.418ms calls(last=  1,win= 120,total=2533) (win 11.2% | avg 11.2% budget)
  frame.render.world.enemies       win=  1.133ms avg=  1.133ms p95=  1.235ms max=  3.173ms calls(last=  1,win= 120,total=2533) (win 6.8% | avg 6.8% budget)
  frame.render.world.maze          win=  0.934ms avg=  0.934ms p95=  1.049ms max=  2.803ms calls(last=  1,win= 120,total=2533) (win 5.6% | avg 5.6% budget)
  frame.render.world.effects       win=  0.386ms avg=  0.386ms p95=  0.472ms max=  1.103ms calls(last=  1,win= 120,total=2533) (win 2.3% | avg 2.3% budget)
  frame.render.hud.text            win=  0.226ms avg=  0.226ms p95=  0.266ms max=  0.556ms calls(last=  1,win= 120,total=2533) (win 1.4% | avg 1.4% budget)
  frame.render.hud.compass         win=  0.085ms avg=  0.085ms p95=  0.088ms max=  0.335ms calls(last=  1,win= 120,total=2533) (win 0.5% | avg 0.5% budget)
  system.spawner_update            win=  0.078ms avg=  0.081ms p95=  0.215ms max=  0.529ms calls(last=  1,win= 124,total=2597) (win 0.5% | avg 0.5% budget)
  frame.render.hud.static          win=  0.058ms avg=  0.058ms p95=  0.071ms max= 13.280ms calls(last=  1,win= 120,total=2533) (win 0.4% | avg 0.4% budget)
  frame.render.hud.lives           win=  0.057ms avg=  0.057ms p95=  0.061ms max=  0.272ms calls(last=  1,win= 120,total=2533) (win 0.3% | avg 0.3% budget)
  frame.render.hud.bars            win=  0.039ms avg=  0.039ms p95=  0.040ms max=  0.373ms calls(last=  1,win= 120,total=2533) (win 0.2% | avg 0.2% budget)
  system.physics_collision         win=  0.037ms avg=  0.038ms p95=  0.063ms max=  0.291ms calls(last=  1,win= 124,total=2597) (win 0.2% | avg 0.2% budget)
  enemy.cheap.segment_build        win=  0.032ms avg=  0.125ms p95=  0.192ms max=  0.469ms calls(last=  3,win= 470,total=5762) (win 0.2% | avg 0.7% budget)
  frame.input_poll                 win=  0.028ms avg=  0.028ms p95=  0.030ms max=  0.158ms calls(last=  1,win= 120,total=3000) (win 0.2% | avg 0.2% budget)
  system.player_update             win=  0.026ms avg=  0.027ms p95=  0.042ms max=  0.148ms calls(last=  1,win= 124,total=2477) (win 0.2% | avg 0.2% budget)
  enemy.type.assassin              win=  0.007ms avg=  0.189ms p95=  0.243ms max=  0.430ms calls(last= 28,win=3387,total=38739) (win 0.0% | avg 1.1% budget)
[ENEMY_STATS] frame=3000 alive=127 visible=0 full=0 cheap=127 fullInBase=0 pairs(frontal=0 checks=0 separation=0 resolved=0)
[ENEMY_WINDOW] steps=124 alive[min=123 max=127] visible[min=0 max=0] full[min=0 max=0] collisionPasses[runs=0 skips=124]
[ENEMY_SEGMENTS] window=2.067s D{b/s=6.77 avgLen=4.87 fail=0} T{b/s=6.29 avgLen=5.73 fail=0} H{b/s=25.65 avgLen=4.43 fail=124} A{b/s=7.74 avgLen=4.37 fail=248}
[ENEMY_GRID] frontal{cand/s=0.0 xcell/s=0.0 ins/s=0.0} separation{cand/s=0.0}
[ENEMY_COLLISION_WINDOW] frontal{pairs/s=0.0 checks/s=0.0 baseSkip=0 kill=0(0.0%)} separation{pairs/s=0.0 resolved/s=0.0(0.0%) baseSkip=0 kill=0 wallBlock=0}
[ENEMY_KILL_DEBUG] enemyEnemy{events=0 frontal=0 separation=0 reenterEither=0 reenterBoth=0 wallContact=0 dist[min=0.000 avg=0.000 max=0.000]}
[ENEMY_NAV_CACHE] playerCell{changes=2 flowRebuilds=0} flow{hit=0 miss=0 hit%=0.0} pathFallback{calls=0 ok=0 ok%=0.0}
[ENEMY_SAP] updates=0 active=0 pairs=0 repairs{x=0 y=0}
[ENEMY_PAIR_TYPES] frontal DD=0 DT=0 DH=0 DA=0 TT=0 TH=0 TA=0 HH=0 HA=0 AA=0 separation DD=0 DT=0 DH=0 DA=0 TT=0 TH=0 TA=0 HH=0 HA=0 AA=0
[ENEMY_KILL_DEBUG_COLLISION] projectile{kills=0 wallContact=0}

[PROFILE] frame=3120 budget=16.667ms alloc(+153/-153, +261432b/-261432b, live=280952b peak=561928b)
  frame.total                      win= 17.179ms avg= 17.179ms p95= 17.578ms max= 85.425ms calls(last=  1,win= 120,total=3120) (win 103.1% | avg 103.1% budget)
  frame.render                     win=  8.952ms avg=  8.952ms p95=  9.403ms max= 85.386ms calls(last=  1,win= 120,total=3120) (win 53.7% | avg 53.7% budget)
  frame.present                    win=  8.946ms avg=  8.946ms p95=  9.397ms max= 85.380ms calls(last=  1,win= 120,total=3120) (win 53.7% | avg 53.7% budget)
  frame.fixed_step                 win=  7.922ms avg=  8.186ms p95=  8.328ms max= 18.160ms calls(last=  1,win= 124,total=3199) (win 47.5% | avg 49.1% budget)
  frame.render.world               win=  3.239ms avg=  3.239ms p95=  3.418ms max=  7.615ms calls(last=  1,win= 120,total=2653) (win 19.4% | avg 19.4% budget)
  game.update                      win=  3.067ms avg=  3.169ms p95=  3.250ms max= 13.981ms calls(last=  1,win= 124,total=2721) (win 18.4% | avg 19.0% budget)
  system.ai_update                 win=  2.875ms avg=  2.971ms p95=  3.047ms max= 13.708ms calls(last=  1,win= 124,total=2721) (win 17.3% | avg 17.8% budget)
  enemy.update                     win=  2.869ms avg=  2.964ms p95=  3.039ms max= 13.694ms calls(last=  1,win= 124,total=2721) (win 17.2% | avg 17.8% budget)
  frame.render.hud                 win=  2.373ms avg=  2.373ms p95=  2.589ms max= 18.023ms calls(last=  1,win= 120,total=2653) (win 14.2% | avg 14.2% budget)
  frame.render.hud.minimap         win=  1.870ms avg=  1.870ms p95=  2.058ms max=  8.418ms calls(last=  1,win= 120,total=2653) (win 11.2% | avg 11.2% budget)
  frame.render.world.enemies       win=  1.134ms avg=  1.134ms p95=  1.331ms max=  3.173ms calls(last=  1,win= 120,total=2653) (win 6.8% | avg 6.8% budget)
  frame.render.world.maze          win=  0.903ms avg=  0.903ms p95=  0.988ms max=  2.803ms calls(last=  1,win= 120,total=2653) (win 5.4% | avg 5.4% budget)
  frame.render.world.effects       win=  0.379ms avg=  0.379ms p95=  0.484ms max=  1.103ms calls(last=  1,win= 120,total=2653) (win 2.3% | avg 2.3% budget)
  frame.render.hud.text            win=  0.228ms avg=  0.228ms p95=  0.266ms max=  0.556ms calls(last=  1,win= 120,total=2653) (win 1.4% | avg 1.4% budget)
  frame.render.hud.compass         win=  0.086ms avg=  0.086ms p95=  0.088ms max=  0.335ms calls(last=  1,win= 120,total=2653) (win 0.5% | avg 0.5% budget)
  system.spawner_update            win=  0.080ms avg=  0.082ms p95=  0.243ms max=  0.529ms calls(last=  1,win= 124,total=2721) (win 0.5% | avg 0.5% budget)
  frame.render.hud.static          win=  0.060ms avg=  0.060ms p95=  0.071ms max= 13.280ms calls(last=  1,win= 120,total=2653) (win 0.4% | avg 0.4% budget)
  frame.render.hud.lives           win=  0.056ms avg=  0.056ms p95=  0.057ms max=  0.272ms calls(last=  1,win= 120,total=2653) (win 0.3% | avg 0.3% budget)
  frame.render.hud.bars            win=  0.039ms avg=  0.039ms p95=  0.040ms max=  0.373ms calls(last=  1,win= 120,total=2653) (win 0.2% | avg 0.2% budget)
  system.physics_collision         win=  0.037ms avg=  0.038ms p95=  0.065ms max=  0.291ms calls(last=  1,win= 124,total=2721) (win 0.2% | avg 0.2% budget)
  enemy.cheap.segment_build        win=  0.031ms avg=  0.140ms p95=  0.209ms max=  0.469ms calls(last=  6,win= 543,total=6305) (win 0.2% | avg 0.8% budget)
  frame.input_poll                 win=  0.027ms avg=  0.027ms p95=  0.029ms max=  0.158ms calls(last=  1,win= 120,total=3120) (win 0.2% | avg 0.2% budget)
  system.player_update             win=  0.026ms avg=  0.027ms p95=  0.033ms max=  0.148ms calls(last=  1,win= 124,total=2601) (win 0.2% | avg 0.2% budget)
  enemy.type.assassin              win=  0.007ms avg=  0.211ms p95=  0.316ms max=  0.430ms calls(last= 29,win=3575,total=42314) (win 0.0% | avg 1.3% budget)
[ENEMY_STATS] frame=3120 alive=134 visible=0 full=0 cheap=134 fullInBase=0 pairs(frontal=0 checks=0 separation=0 resolved=0)
[ENEMY_WINDOW] steps=124 alive[min=127 max=134] visible[min=0 max=0] full[min=0 max=0] collisionPasses[runs=0 skips=124]
[ENEMY_SEGMENTS] window=2.067s D{b/s=8.71 avgLen=5.13 fail=0} T{b/s=9.19 avgLen=6.78 fail=0} H{b/s=29.52 avgLen=4.76 fail=124} A{b/s=11.61 avgLen=4.68 fail=299}
[ENEMY_GRID] frontal{cand/s=0.0 xcell/s=0.0 ins/s=0.0} separation{cand/s=0.0}
[ENEMY_COLLISION_WINDOW] frontal{pairs/s=0.0 checks/s=0.0 baseSkip=0 kill=0(0.0%)} separation{pairs/s=0.0 resolved/s=0.0(0.0%) baseSkip=0 kill=0 wallBlock=0}
[ENEMY_KILL_DEBUG] enemyEnemy{events=0 frontal=0 separation=0 reenterEither=0 reenterBoth=0 wallContact=0 dist[min=0.000 avg=0.000 max=0.000]}
[ENEMY_NAV_CACHE] playerCell{changes=1 flowRebuilds=1} flow{hit=0 miss=0 hit%=0.0} pathFallback{calls=0 ok=0 ok%=0.0}
[ENEMY_SAP] updates=0 active=0 pairs=0 repairs{x=0 y=0}
[ENEMY_PAIR_TYPES] frontal DD=0 DT=0 DH=0 DA=0 TT=0 TH=0 TA=0 HH=0 HA=0 AA=0 separation DD=0 DT=0 DH=0 DA=0 TT=0 TH=0 TA=0 HH=0 HA=0 AA=0
[ENEMY_KILL_DEBUG_COLLISION] projectile{kills=0 wallContact=0}

[PROFILE] frame=3240 budget=16.667ms alloc(+155/-155, +263304b/-263304b, live=280952b peak=561928b)
  frame.total                      win= 17.250ms avg= 17.250ms p95= 17.932ms max= 85.425ms calls(last=  1,win= 120,total=3240) (win 103.5% | avg 103.5% budget)
  frame.render                     win=  8.697ms avg=  8.697ms p95=  9.234ms max= 85.386ms calls(last=  1,win= 120,total=3240) (win 52.2% | avg 52.2% budget)
  frame.present                    win=  8.691ms avg=  8.691ms p95=  9.228ms max= 85.380ms calls(last=  1,win= 120,total=3240) (win 52.1% | avg 52.1% budget)
  frame.fixed_step                 win=  8.172ms avg=  8.512ms p95=  8.642ms max= 18.160ms calls(last=  1,win= 125,total=3324) (win 49.0% | avg 51.1% budget)
  frame.render.world               win=  3.253ms avg=  3.253ms p95=  3.408ms max=  7.615ms calls(last=  1,win= 120,total=2773) (win 19.5% | avg 19.5% budget)
  game.update                      win=  3.034ms avg=  3.160ms p95=  3.471ms max= 13.981ms calls(last=  1,win= 125,total=2846) (win 18.2% | avg 19.0% budget)
  system.ai_update                 win=  2.849ms avg=  2.967ms p95=  3.231ms max= 13.708ms calls(last=  1,win= 125,total=2846) (win 17.1% | avg 17.8% budget)
  enemy.update                     win=  2.842ms avg=  2.961ms p95=  3.225ms max= 13.694ms calls(last=  1,win= 125,total=2846) (win 17.1% | avg 17.8% budget)
  frame.render.hud                 win=  2.424ms avg=  2.424ms p95=  2.660ms max= 18.023ms calls(last=  1,win= 120,total=2773) (win 14.5% | avg 14.5% budget)
  frame.render.hud.minimap         win=  1.915ms avg=  1.915ms p95=  2.153ms max=  8.418ms calls(last=  1,win= 120,total=2773) (win 11.5% | avg 11.5% budget)
  frame.render.world.enemies       win=  1.133ms avg=  1.133ms p95=  1.248ms max=  3.173ms calls(last=  1,win= 120,total=2773) (win 6.8% | avg 6.8% budget)
  frame.render.world.maze          win=  0.928ms avg=  0.928ms p95=  1.016ms max=  2.840ms calls(last=  1,win= 120,total=2773) (win 5.6% | avg 5.6% budget)
  frame.render.world.effects       win=  0.372ms avg=  0.372ms p95=  0.464ms max=  1.103ms calls(last=  1,win= 120,total=2773) (win 2.2% | avg 2.2% budget)
  frame.render.hud.text            win=  0.230ms avg=  0.230ms p95=  0.269ms max=  0.556ms calls(last=  1,win= 120,total=2773) (win 1.4% | avg 1.4% budget)
  frame.render.hud.compass         win=  0.088ms avg=  0.088ms p95=  0.091ms max=  0.335ms calls(last=  1,win= 120,total=2773) (win 0.5% | avg 0.5% budget)
  system.spawner_update            win=  0.071ms avg=  0.074ms p95=  0.128ms max=  0.529ms calls(last=  1,win= 125,total=2846) (win 0.4% | avg 0.4% budget)
  frame.render.hud.static          win=  0.058ms avg=  0.058ms p95=  0.071ms max= 13.280ms calls(last=  1,win= 120,total=2773) (win 0.4% | avg 0.4% budget)
  frame.render.hud.lives           win=  0.058ms avg=  0.058ms p95=  0.056ms max=  0.272ms calls(last=  1,win= 120,total=2773) (win 0.3% | avg 0.3% budget)
  frame.render.hud.bars            win=  0.039ms avg=  0.039ms p95=  0.040ms max=  0.373ms calls(last=  1,win= 120,total=2773) (win 0.2% | avg 0.2% budget)
  system.physics_collision         win=  0.037ms avg=  0.039ms p95=  0.069ms max=  0.291ms calls(last=  1,win= 125,total=2846) (win 0.2% | avg 0.2% budget)
  enemy.cheap.segment_build        win=  0.030ms avg=  0.165ms p95=  0.271ms max=  0.469ms calls(last=  5,win= 666,total=6971) (win 0.2% | avg 1.0% budget)
  system.player_update             win=  0.028ms avg=  0.029ms p95=  0.049ms max=  0.148ms calls(last=  1,win= 125,total=2726) (win 0.2% | avg 0.2% budget)
  frame.input_poll                 win=  0.028ms avg=  0.028ms p95=  0.029ms max=  0.158ms calls(last=  1,win= 120,total=3240) (win 0.2% | avg 0.2% budget)
  enemy.type.assassin              win=  0.008ms avg=  0.231ms p95=  0.389ms max=  0.480ms calls(last= 29,win=3625,total=45939) (win 0.0% | avg 1.4% budget)
[ENEMY_STATS] frame=3240 alive=136 visible=0 full=0 cheap=136 fullInBase=0 pairs(frontal=0 checks=0 separation=0 resolved=0)
[ENEMY_WINDOW] steps=125 alive[min=134 max=136] visible[min=0 max=0] full[min=0 max=0] collisionPasses[runs=0 skips=125]
[ENEMY_SEGMENTS] window=2.083s D{b/s=8.16 avgLen=5.22 fail=1} T{b/s=6.72 avgLen=6.03 fail=0} H{b/s=27.36 avgLen=4.97 fail=190} A{b/s=6.72 avgLen=5.03 fail=375}
[ENEMY_GRID] frontal{cand/s=0.0 xcell/s=0.0 ins/s=0.0} separation{cand/s=0.0}
[ENEMY_COLLISION_WINDOW] frontal{pairs/s=0.0 checks/s=0.0 baseSkip=0 kill=0(0.0%)} separation{pairs/s=0.0 resolved/s=0.0(0.0%) baseSkip=0 kill=0 wallBlock=0}
[ENEMY_KILL_DEBUG] enemyEnemy{events=0 frontal=0 separation=0 reenterEither=0 reenterBoth=0 wallContact=0 dist[min=0.000 avg=0.000 max=0.000]}
[ENEMY_NAV_CACHE] playerCell{changes=2 flowRebuilds=0} flow{hit=0 miss=0 hit%=0.0} pathFallback{calls=0 ok=0 ok%=0.0}
[ENEMY_SAP] updates=0 active=0 pairs=0 repairs{x=0 y=0}
[ENEMY_PAIR_TYPES] frontal DD=0 DT=0 DH=0 DA=0 TT=0 TH=0 TA=0 HH=0 HA=0 AA=0 separation DD=0 DT=0 DH=0 DA=0 TT=0 TH=0 TA=0 HH=0 HA=0 AA=0
[ENEMY_KILL_DEBUG_COLLISION] projectile{kills=0 wallContact=0}

[PROFILE] frame=3360 budget=16.667ms alloc(+156/-156, +265328b/-265328b, live=280952b peak=561928b)
  frame.total                      win= 17.378ms avg= 17.378ms p95= 23.649ms max= 85.425ms calls(last=  1,win= 120,total=3360) (win 104.3% | avg 104.3% budget)
  frame.fixed_step                 win=  8.482ms avg=  8.906ms p95= 16.435ms max= 18.504ms calls(last=  1,win= 126,total=3450) (win 50.9% | avg 53.4% budget)
  frame.render                     win=  8.432ms avg=  8.432ms p95=  9.120ms max= 85.386ms calls(last=  1,win= 120,total=3360) (win 50.6% | avg 50.6% budget)
  frame.present                    win=  8.426ms avg=  8.426ms p95=  9.112ms max= 85.380ms calls(last=  1,win= 120,total=3360) (win 50.6% | avg 50.6% budget)
  frame.render.world               win=  3.249ms avg=  3.249ms p95=  3.351ms max=  7.663ms calls(last=  1,win= 120,total=2893) (win 19.5% | avg 19.5% budget)
  game.update                      win=  3.162ms avg=  3.320ms p95=  5.940ms max= 13.981ms calls(last=  1,win= 126,total=2972) (win 19.0% | avg 19.9% budget)
  system.ai_update                 win=  2.966ms avg=  3.115ms p95=  5.584ms max= 13.708ms calls(last=  1,win= 126,total=2972) (win 17.8% | avg 18.7% budget)
  enemy.update                     win=  2.960ms avg=  3.108ms p95=  5.572ms max= 13.694ms calls(last=  1,win= 126,total=2972) (win 17.8% | avg 18.6% budget)
  frame.render.hud                 win=  2.378ms avg=  2.378ms p95=  2.581ms max= 18.023ms calls(last=  1,win= 120,total=2893) (win 14.3% | avg 14.3% budget)
  frame.render.hud.minimap         win=  1.880ms avg=  1.880ms p95=  2.085ms max=  8.418ms calls(last=  1,win= 120,total=2893) (win 11.3% | avg 11.3% budget)
  frame.render.world.enemies       win=  1.151ms avg=  1.151ms p95=  1.238ms max=  3.657ms calls(last=  1,win= 120,total=2893) (win 6.9% | avg 6.9% budget)
  frame.render.world.maze          win=  0.888ms avg=  0.888ms p95=  0.985ms max=  2.840ms calls(last=  1,win= 120,total=2893) (win 5.3% | avg 5.3% budget)
  frame.render.world.effects       win=  0.388ms avg=  0.388ms p95=  0.481ms max=  1.103ms calls(last=  1,win= 120,total=2893) (win 2.3% | avg 2.3% budget)
  frame.render.hud.text            win=  0.226ms avg=  0.226ms p95=  0.262ms max=  0.556ms calls(last=  1,win= 120,total=2893) (win 1.4% | avg 1.4% budget)
  frame.render.hud.compass         win=  0.086ms avg=  0.086ms p95=  0.088ms max=  0.335ms calls(last=  1,win= 120,total=2893) (win 0.5% | avg 0.5% budget)
  system.spawner_update            win=  0.078ms avg=  0.082ms p95=  0.174ms max=  0.529ms calls(last=  1,win= 126,total=2972) (win 0.5% | avg 0.5% budget)
  frame.render.hud.static          win=  0.057ms avg=  0.057ms p95=  0.071ms max= 13.280ms calls(last=  1,win= 120,total=2893) (win 0.3% | avg 0.3% budget)
  frame.render.hud.lives           win=  0.055ms avg=  0.055ms p95=  0.056ms max=  0.272ms calls(last=  1,win= 120,total=2893) (win 0.3% | avg 0.3% budget)
  system.physics_collision         win=  0.042ms avg=  0.044ms p95=  0.077ms max=  0.291ms calls(last=  1,win= 126,total=2972) (win 0.2% | avg 0.3% budget)
  frame.render.hud.bars            win=  0.040ms avg=  0.040ms p95=  0.040ms max=  0.373ms calls(last=  1,win= 120,total=2893) (win 0.2% | avg 0.2% budget)
  enemy.cheap.segment_build        win=  0.028ms avg=  0.175ms p95=  0.271ms max=  0.469ms calls(last=  6,win= 744,total=7715) (win 0.2% | avg 1.0% budget)
  system.player_update             win=  0.028ms avg=  0.029ms p95=  0.052ms max=  0.148ms calls(last=  1,win= 126,total=2852) (win 0.2% | avg 0.2% budget)
  frame.input_poll                 win=  0.027ms avg=  0.027ms p95=  0.029ms max=  0.158ms calls(last=  1,win= 120,total=3360) (win 0.2% | avg 0.2% budget)
  enemy.type.assassin              win=  0.007ms avg=  0.228ms p95=  0.286ms max=  0.480ms calls(last= 29,win=3654,total=49593) (win 0.0% | avg 1.4% budget)
[ENEMY_STATS] frame=3360 alive=138 visible=0 full=0 cheap=138 fullInBase=0 pairs(frontal=0 checks=0 separation=0 resolved=0)
[ENEMY_WINDOW] steps=126 alive[min=136 max=138] visible[min=0 max=0] full[min=0 max=0] collisionPasses[runs=0 skips=126]
[ENEMY_SEGMENTS] window=2.100s D{b/s=7.14 avgLen=4.29 fail=0} T{b/s=9.05 avgLen=6.90 fail=2} H{b/s=27.62 avgLen=4.97 fail=252} A{b/s=10.48 avgLen=4.59 fail=378}
[ENEMY_GRID] frontal{cand/s=0.0 xcell/s=0.0 ins/s=0.0} separation{cand/s=0.0}
[ENEMY_COLLISION_WINDOW] frontal{pairs/s=0.0 checks/s=0.0 baseSkip=0 kill=0(0.0%)} separation{pairs/s=0.0 resolved/s=0.0(0.0%) baseSkip=0 kill=0 wallBlock=0}
[ENEMY_KILL_DEBUG] enemyEnemy{events=0 frontal=0 separation=0 reenterEither=0 reenterBoth=0 wallContact=0 dist[min=0.000 avg=0.000 max=0.000]}
[ENEMY_NAV_CACHE] playerCell{changes=3 flowRebuilds=1} flow{hit=0 miss=0 hit%=0.0} pathFallback{calls=0 ok=0 ok%=0.0}
[ENEMY_SAP] updates=0 active=0 pairs=0 repairs{x=0 y=0}
[ENEMY_PAIR_TYPES] frontal DD=0 DT=0 DH=0 DA=0 TT=0 TH=0 TA=0 HH=0 HA=0 AA=0 separation DD=0 DT=0 DH=0 DA=0 TT=0 TH=0 TA=0 HH=0 HA=0 AA=0
[ENEMY_KILL_DEBUG_COLLISION] projectile{kills=0 wallContact=0}

[PROFILE] frame=3480 budget=16.667ms alloc(+161/-161, +270168b/-270168b, live=280952b peak=561928b)
  frame.total                      win= 17.364ms avg= 17.364ms p95= 23.985ms max= 85.425ms calls(last=  1,win= 120,total=3480) (win 104.2% | avg 104.2% budget)
  frame.fixed_step                 win=  8.681ms avg=  9.115ms p95= 16.522ms max= 18.844ms calls(last=  1,win= 126,total=3576) (win 52.1% | avg 54.7% budget)
  frame.render                     win=  8.208ms avg=  8.208ms p95=  8.934ms max= 85.386ms calls(last=  1,win= 120,total=3480) (win 49.2% | avg 49.2% budget)
  frame.present                    win=  8.201ms avg=  8.201ms p95=  8.926ms max= 85.380ms calls(last=  1,win= 120,total=3480) (win 49.2% | avg 49.2% budget)
  game.update                      win=  3.216ms avg=  3.377ms p95=  5.978ms max= 13.981ms calls(last=  1,win= 126,total=3098) (win 19.3% | avg 20.3% budget)
  frame.render.world               win=  3.184ms avg=  3.184ms p95=  3.339ms max=  7.663ms calls(last=  1,win= 120,total=3013) (win 19.1% | avg 19.1% budget)
  system.ai_update                 win=  3.019ms avg=  3.170ms p95=  5.636ms max= 13.708ms calls(last=  1,win= 126,total=3098) (win 18.1% | avg 19.0% budget)
  enemy.update                     win=  3.013ms avg=  3.164ms p95=  5.624ms max= 13.694ms calls(last=  1,win= 126,total=3098) (win 18.1% | avg 19.0% budget)
  frame.render.hud                 win=  2.389ms avg=  2.389ms p95=  2.585ms max= 18.023ms calls(last=  1,win= 120,total=3013) (win 14.3% | avg 14.3% budget)
  frame.render.hud.minimap         win=  1.884ms avg=  1.884ms p95=  2.081ms max=  8.418ms calls(last=  1,win= 120,total=3013) (win 11.3% | avg 11.3% budget)
  frame.render.world.enemies       win=  1.122ms avg=  1.122ms p95=  1.197ms max=  3.657ms calls(last=  1,win= 120,total=3013) (win 6.7% | avg 6.7% budget)
  frame.render.world.maze          win=  0.854ms avg=  0.854ms p95=  0.942ms max=  2.840ms calls(last=  1,win= 120,total=3013) (win 5.1% | avg 5.1% budget)
  frame.render.world.effects       win=  0.384ms avg=  0.384ms p95=  0.459ms max=  1.103ms calls(last=  1,win= 120,total=3013) (win 2.3% | avg 2.3% budget)
  frame.render.hud.text            win=  0.230ms avg=  0.230ms p95=  0.276ms max=  0.619ms calls(last=  1,win= 120,total=3013) (win 1.4% | avg 1.4% budget)
  frame.render.hud.compass         win=  0.086ms avg=  0.086ms p95=  0.090ms max=  0.335ms calls(last=  1,win= 120,total=3013) (win 0.5% | avg 0.5% budget)
  system.spawner_update            win=  0.078ms avg=  0.081ms p95=  0.139ms max=  0.529ms calls(last=  1,win= 126,total=3098) (win 0.5% | avg 0.5% budget)
  frame.render.hud.static          win=  0.059ms avg=  0.059ms p95=  0.073ms max= 13.280ms calls(last=  1,win= 120,total=3013) (win 0.4% | avg 0.4% budget)
  frame.render.hud.lives           win=  0.057ms avg=  0.057ms p95=  0.057ms max=  0.272ms calls(last=  1,win= 120,total=3013) (win 0.3% | avg 0.3% budget)
  system.physics_collision         win=  0.043ms avg=  0.045ms p95=  0.077ms max=  0.291ms calls(last=  1,win= 126,total=3098) (win 0.3% | avg 0.3% budget)
  frame.render.hud.bars            win=  0.039ms avg=  0.039ms p95=  0.040ms max=  0.373ms calls(last=  1,win= 120,total=3013) (win 0.2% | avg 0.2% budget)
  frame.input_poll                 win=  0.028ms avg=  0.028ms p95=  0.029ms max=  0.158ms calls(last=  1,win= 120,total=3480) (win 0.2% | avg 0.2% budget)
  enemy.cheap.segment_build        win=  0.027ms avg=  0.198ms p95=  0.302ms max=  0.469ms calls(last=  7,win= 866,total=8581) (win 0.2% | avg 1.2% budget)
  system.player_update             win=  0.027ms avg=  0.028ms p95=  0.046ms max=  0.148ms calls(last=  1,win= 126,total=2978) (win 0.2% | avg 0.2% budget)
  enemy.type.assassin              win=  0.008ms avg=  0.230ms p95=  0.284ms max=  0.480ms calls(last= 29,win=3654,total=53247) (win 0.0% | avg 1.4% budget)
[ENEMY_STATS] frame=3480 alive=142 visible=0 full=0 cheap=142 fullInBase=0 pairs(frontal=0 checks=0 separation=0 resolved=0)
[ENEMY_WINDOW] steps=126 alive[min=138 max=142] visible[min=0 max=0] full[min=0 max=0] collisionPasses[runs=0 skips=126]
[ENEMY_SEGMENTS] window=2.100s D{b/s=7.62 avgLen=5.06 fail=0} T{b/s=8.10 avgLen=6.14 fail=0} H{b/s=30.95 avgLen=5.03 fail=372} A{b/s=8.10 avgLen=5.30 fail=378}
[ENEMY_GRID] frontal{cand/s=0.0 xcell/s=0.0 ins/s=0.0} separation{cand/s=0.0}
[ENEMY_COLLISION_WINDOW] frontal{pairs/s=0.0 checks/s=0.0 baseSkip=0 kill=0(0.0%)} separation{pairs/s=0.0 resolved/s=0.0(0.0%) baseSkip=0 kill=0 wallBlock=0}
[ENEMY_KILL_DEBUG] enemyEnemy{events=0 frontal=0 separation=0 reenterEither=0 reenterBoth=0 wallContact=0 dist[min=0.000 avg=0.000 max=0.000]}
[ENEMY_NAV_CACHE] playerCell{changes=1 flowRebuilds=1} flow{hit=0 miss=0 hit%=0.0} pathFallback{calls=0 ok=0 ok%=0.0}
[ENEMY_SAP] updates=0 active=0 pairs=0 repairs{x=0 y=0}
[ENEMY_PAIR_TYPES] frontal DD=0 DT=0 DH=0 DA=0 TT=0 TH=0 TA=0 HH=0 HA=0 AA=0 separation DD=0 DT=0 DH=0 DA=0 TT=0 TH=0 TA=0 HH=0 HA=0 AA=0
[ENEMY_KILL_DEBUG_COLLISION] projectile{kills=0 wallContact=0}

[PROFILE] frame=3600 budget=16.667ms alloc(+161/-161, +270216b/-270216b, live=280952b peak=561928b)
  frame.total                      win= 17.282ms avg= 17.282ms p95= 17.935ms max= 85.425ms calls(last=  1,win= 120,total=3600) (win 103.7% | avg 103.7% budget)
  frame.fixed_step                 win=  8.763ms avg=  9.128ms p95=  9.058ms max= 18.844ms calls(last=  1,win= 125,total=3701) (win 52.6% | avg 54.8% budget)
  frame.render                     win=  8.113ms avg=  8.113ms p95=  8.768ms max= 85.386ms calls(last=  1,win= 120,total=3600) (win 48.7% | avg 48.7% budget)
  frame.present                    win=  8.106ms avg=  8.106ms p95=  8.762ms max= 85.380ms calls(last=  1,win= 120,total=3600) (win 48.6% | avg 48.6% budget)
  frame.render.world               win=  3.178ms avg=  3.178ms p95=  3.364ms max=  7.663ms calls(last=  1,win= 120,total=3133) (win 19.1% | avg 19.1% budget)
  game.update                      win=  3.161ms avg=  3.293ms p95=  3.466ms max= 13.981ms calls(last=  1,win= 125,total=3223) (win 19.0% | avg 19.8% budget)
  system.ai_update                 win=  2.975ms avg=  3.099ms p95=  3.284ms max= 13.708ms calls(last=  1,win= 125,total=3223) (win 17.8% | avg 18.6% budget)
  enemy.update                     win=  2.968ms avg=  3.092ms p95=  3.276ms max= 13.694ms calls(last=  1,win= 125,total=3223) (win 17.8% | avg 18.6% budget)
  frame.render.hud                 win=  2.394ms avg=  2.394ms p95=  2.607ms max= 18.023ms calls(last=  1,win= 120,total=3133) (win 14.4% | avg 14.4% budget)
  frame.render.hud.minimap         win=  1.895ms avg=  1.895ms p95=  2.105ms max=  8.418ms calls(last=  1,win= 120,total=3133) (win 11.4% | avg 11.4% budget)
  frame.render.world.enemies       win=  1.144ms avg=  1.144ms p95=  1.256ms max=  3.657ms calls(last=  1,win= 120,total=3133) (win 6.9% | avg 6.9% budget)
  frame.render.world.maze          win=  0.823ms avg=  0.823ms p95=  0.928ms max=  2.840ms calls(last=  1,win= 120,total=3133) (win 4.9% | avg 4.9% budget)
  frame.render.world.effects       win=  0.383ms avg=  0.383ms p95=  0.493ms max=  1.103ms calls(last=  1,win= 120,total=3133) (win 2.3% | avg 2.3% budget)
  frame.render.hud.text            win=  0.226ms avg=  0.226ms p95=  0.268ms max=  0.619ms calls(last=  1,win= 120,total=3133) (win 1.4% | avg 1.4% budget)
  frame.render.hud.compass         win=  0.085ms avg=  0.085ms p95=  0.088ms max=  0.335ms calls(last=  1,win= 120,total=3133) (win 0.5% | avg 0.5% budget)
  system.spawner_update            win=  0.071ms avg=  0.074ms p95=  0.123ms max=  0.529ms calls(last=  1,win= 125,total=3223) (win 0.4% | avg 0.4% budget)
  frame.render.hud.static          win=  0.057ms avg=  0.057ms p95=  0.070ms max= 13.280ms calls(last=  1,win= 120,total=3133) (win 0.3% | avg 0.3% budget)
  frame.render.hud.lives           win=  0.056ms avg=  0.056ms p95=  0.056ms max=  0.272ms calls(last=  1,win= 120,total=3133) (win 0.3% | avg 0.3% budget)
  frame.render.hud.bars            win=  0.041ms avg=  0.041ms p95=  0.040ms max=  0.373ms calls(last=  1,win= 120,total=3133) (win 0.2% | avg 0.2% budget)
  system.physics_collision         win=  0.038ms avg=  0.040ms p95=  0.067ms max=  0.291ms calls(last=  1,win= 125,total=3223) (win 0.2% | avg 0.2% budget)
  enemy.cheap.segment_build        win=  0.028ms avg=  0.201ms p95=  0.341ms max=  0.469ms calls(last=  6,win= 862,total=9443) (win 0.2% | avg 1.2% budget)
  frame.input_poll                 win=  0.028ms avg=  0.028ms p95=  0.028ms max=  0.158ms calls(last=  1,win= 120,total=3600) (win 0.2% | avg 0.2% budget)
  system.player_update             win=  0.028ms avg=  0.029ms p95=  0.049ms max=  0.148ms calls(last=  1,win= 125,total=3103) (win 0.2% | avg 0.2% budget)
  enemy.type.assassin              win=  0.008ms avg=  0.232ms p95=  0.395ms max=  0.480ms calls(last= 29,win=3625,total=56872) (win 0.0% | avg 1.4% budget)
[ENEMY_STATS] frame=3600 alive=142 visible=0 full=0 cheap=142 fullInBase=0 pairs(frontal=0 checks=0 separation=0 resolved=0)
[ENEMY_WINDOW] steps=125 alive[min=142 max=142] visible[min=0 max=0] full[min=0 max=0] collisionPasses[runs=0 skips=125]
[ENEMY_SEGMENTS] window=2.083s D{b/s=9.60 avgLen=5.11 fail=0} T{b/s=7.68 avgLen=6.86 fail=0} H{b/s=27.36 avgLen=5.18 fail=375} A{b/s=8.16 avgLen=4.94 fail=375}
[ENEMY_GRID] frontal{cand/s=0.0 xcell/s=0.0 ins/s=0.0} separation{cand/s=0.0}
[ENEMY_COLLISION_WINDOW] frontal{pairs/s=0.0 checks/s=0.0 baseSkip=0 kill=0(0.0%)} separation{pairs/s=0.0 resolved/s=0.0(0.0%) baseSkip=0 kill=0 wallBlock=0}
[ENEMY_KILL_DEBUG] enemyEnemy{events=0 frontal=0 separation=0 reenterEither=0 reenterBoth=0 wallContact=0 dist[min=0.000 avg=0.000 max=0.000]}
[ENEMY_NAV_CACHE] playerCell{changes=2 flowRebuilds=0} flow{hit=0 miss=0 hit%=0.0} pathFallback{calls=0 ok=0 ok%=0.0}
[ENEMY_SAP] updates=0 active=0 pairs=0 repairs{x=0 y=0}
[ENEMY_PAIR_TYPES] frontal DD=0 DT=0 DH=0 DA=0 TT=0 TH=0 TA=0 HH=0 HA=0 AA=0 separation DD=0 DT=0 DH=0 DA=0 TT=0 TH=0 TA=0 HH=0 HA=0 AA=0
[ENEMY_KILL_DEBUG_COLLISION] projectile{kills=0 wallContact=0}

[PROFILE] frame=3720 budget=16.667ms alloc(+162/-162, +271184b/-271184b, live=280952b peak=561928b)
  frame.total                      win= 17.499ms avg= 17.499ms p95= 25.013ms max= 85.425ms calls(last=  1,win= 120,total=3720) (win 105.0% | avg 105.0% budget)
  frame.fixed_step                 win=  8.954ms avg=  9.476ms p95= 17.486ms max= 19.117ms calls(last=  1,win= 127,total=3828) (win 53.7% | avg 56.9% budget)
  frame.render                     win=  7.982ms avg=  7.982ms p95=  8.463ms max= 85.386ms calls(last=  1,win= 120,total=3720) (win 47.9% | avg 47.9% budget)
  frame.present                    win=  7.976ms avg=  7.976ms p95=  8.457ms max= 85.380ms calls(last=  1,win= 120,total=3720) (win 47.9% | avg 47.9% budget)
  game.update                      win=  3.268ms avg=  3.459ms p95=  6.268ms max= 13.981ms calls(last=  1,win= 127,total=3350) (win 19.6% | avg 20.8% budget)
  frame.render.world               win=  3.214ms avg=  3.214ms p95=  3.440ms max=  7.663ms calls(last=  1,win= 120,total=3253) (win 19.3% | avg 19.3% budget)
  system.ai_update                 win=  3.081ms avg=  3.261ms p95=  5.876ms max= 13.708ms calls(last=  1,win= 127,total=3350) (win 18.5% | avg 19.6% budget)
  enemy.update                     win=  3.074ms avg=  3.254ms p95=  5.864ms max= 13.694ms calls(last=  1,win= 127,total=3350) (win 18.4% | avg 19.5% budget)
  frame.render.hud                 win=  2.413ms avg=  2.413ms p95=  2.585ms max= 18.023ms calls(last=  1,win= 120,total=3253) (win 14.5% | avg 14.5% budget)
  frame.render.hud.minimap         win=  1.907ms avg=  1.907ms p95=  2.063ms max=  8.418ms calls(last=  1,win= 120,total=3253) (win 11.4% | avg 11.4% budget)
  frame.render.world.enemies       win=  1.121ms avg=  1.121ms p95=  1.200ms max=  3.657ms calls(last=  1,win= 120,total=3253) (win 6.7% | avg 6.7% budget)
  frame.render.world.maze          win=  0.888ms avg=  0.888ms p95=  0.976ms max=  2.840ms calls(last=  1,win= 120,total=3253) (win 5.3% | avg 5.3% budget)
  frame.render.world.effects       win=  0.371ms avg=  0.371ms p95=  0.467ms max=  1.103ms calls(last=  1,win= 120,total=3253) (win 2.2% | avg 2.2% budget)
  frame.render.hud.text            win=  0.229ms avg=  0.229ms p95=  0.288ms max=  0.619ms calls(last=  1,win= 120,total=3253) (win 1.4% | avg 1.4% budget)
  frame.render.hud.compass         win=  0.088ms avg=  0.088ms p95=  0.117ms max=  0.335ms calls(last=  1,win= 120,total=3253) (win 0.5% | avg 0.5% budget)
  system.spawner_update            win=  0.071ms avg=  0.076ms p95=  0.133ms max=  0.529ms calls(last=  1,win= 127,total=3350) (win 0.4% | avg 0.5% budget)
  frame.render.hud.static          win=  0.060ms avg=  0.060ms p95=  0.073ms max= 13.280ms calls(last=  1,win= 120,total=3253) (win 0.4% | avg 0.4% budget)
  frame.render.hud.lives           win=  0.057ms avg=  0.057ms p95=  0.057ms max=  0.272ms calls(last=  1,win= 120,total=3253) (win 0.3% | avg 0.3% budget)
  frame.render.hud.bars            win=  0.040ms avg=  0.040ms p95=  0.041ms max=  0.373ms calls(last=  1,win= 120,total=3253) (win 0.2% | avg 0.2% budget)
  system.physics_collision         win=  0.039ms avg=  0.041ms p95=  0.071ms max=  0.291ms calls(last=  1,win= 127,total=3350) (win 0.2% | avg 0.2% budget)
  frame.input_poll                 win=  0.028ms avg=  0.028ms p95=  0.029ms max=  0.158ms calls(last=  1,win= 120,total=3720) (win 0.2% | avg 0.2% budget)
  enemy.cheap.segment_build        win=  0.027ms avg=  0.199ms p95=  0.345ms max=  0.469ms calls(last=  6,win= 871,total=10314) (win 0.2% | avg 1.2% budget)
  system.player_update             win=  0.027ms avg=  0.029ms p95=  0.049ms max=  0.148ms calls(last=  1,win= 127,total=3230) (win 0.2% | avg 0.2% budget)
  enemy.type.assassin              win=  0.008ms avg=  0.233ms p95=  0.402ms max=  0.504ms calls(last= 29,win=3683,total=60555) (win 0.0% | avg 1.4% budget)
[ENEMY_STATS] frame=3720 alive=143 visible=0 full=0 cheap=143 fullInBase=0 pairs(frontal=0 checks=0 separation=0 resolved=0)
[ENEMY_WINDOW] steps=127 alive[min=142 max=143] visible[min=0 max=0] full[min=0 max=0] collisionPasses[runs=0 skips=127]
[ENEMY_SEGMENTS] window=2.117s D{b/s=7.56 avgLen=5.17 fail=0} T{b/s=7.56 avgLen=6.06 fail=0} H{b/s=29.29 avgLen=4.57 fail=381} A{b/s=7.09 avgLen=5.67 fail=381}
[ENEMY_GRID] frontal{cand/s=0.0 xcell/s=0.0 ins/s=0.0} separation{cand/s=0.0}
[ENEMY_COLLISION_WINDOW] frontal{pairs/s=0.0 checks/s=0.0 baseSkip=0 kill=0(0.0%)} separation{pairs/s=0.0 resolved/s=0.0(0.0%) baseSkip=0 kill=0 wallBlock=0}
[ENEMY_KILL_DEBUG] enemyEnemy{events=0 frontal=0 separation=0 reenterEither=0 reenterBoth=0 wallContact=0 dist[min=0.000 avg=0.000 max=0.000]}
[ENEMY_NAV_CACHE] playerCell{changes=2 flowRebuilds=1} flow{hit=0 miss=0 hit%=0.0} pathFallback{calls=0 ok=0 ok%=0.0}
[ENEMY_SAP] updates=0 active=0 pairs=0 repairs{x=0 y=0}
[ENEMY_PAIR_TYPES] frontal DD=0 DT=0 DH=0 DA=0 TT=0 TH=0 TA=0 HH=0 HA=0 AA=0 separation DD=0 DT=0 DH=0 DA=0 TT=0 TH=0 TA=0 HH=0 HA=0 AA=0
[ENEMY_KILL_DEBUG_COLLISION] projectile{kills=0 wallContact=0}

[PROFILE] frame=3840 budget=16.667ms alloc(+163/-163, +272168b/-272168b, live=280952b peak=561928b)
  frame.total                      win= 17.500ms avg= 17.500ms p95= 25.008ms max= 85.425ms calls(last=  1,win= 120,total=3840) (win 105.0% | avg 105.0% budget)
  frame.fixed_step                 win=  9.047ms avg=  9.575ms p95= 17.672ms max= 19.252ms calls(last=  1,win= 127,total=3955) (win 54.3% | avg 57.4% budget)
  frame.render                     win=  7.884ms avg=  7.884ms p95=  8.361ms max= 85.386ms calls(last=  1,win= 120,total=3840) (win 47.3% | avg 47.3% budget)
  frame.present                    win=  7.877ms avg=  7.877ms p95=  8.355ms max= 85.380ms calls(last=  1,win= 120,total=3840) (win 47.3% | avg 47.3% budget)
  game.update                      win=  3.285ms avg=  3.477ms p95=  6.141ms max= 13.981ms calls(last=  1,win= 127,total=3477) (win 19.7% | avg 20.9% budget)
  frame.render.world               win=  3.209ms avg=  3.209ms p95=  3.423ms max=  7.663ms calls(last=  1,win= 120,total=3373) (win 19.3% | avg 19.3% budget)
  system.ai_update                 win=  3.095ms avg=  3.276ms p95=  5.791ms max= 13.708ms calls(last=  1,win= 127,total=3477) (win 18.6% | avg 19.7% budget)
  enemy.update                     win=  3.088ms avg=  3.268ms p95=  5.779ms max= 13.694ms calls(last=  1,win= 127,total=3477) (win 18.5% | avg 19.6% budget)
  frame.render.hud                 win=  2.391ms avg=  2.391ms p95=  2.600ms max= 18.023ms calls(last=  1,win= 120,total=3373) (win 14.3% | avg 14.3% budget)
  frame.render.hud.minimap         win=  1.888ms avg=  1.888ms p95=  2.050ms max=  8.418ms calls(last=  1,win= 120,total=3373) (win 11.3% | avg 11.3% budget)
  frame.render.world.enemies       win=  1.118ms avg=  1.118ms p95=  1.192ms max=  3.657ms calls(last=  1,win= 120,total=3373) (win 6.7% | avg 6.7% budget)
  frame.render.world.maze          win=  0.889ms avg=  0.889ms p95=  1.001ms max=  2.840ms calls(last=  1,win= 120,total=3373) (win 5.3% | avg 5.3% budget)
  frame.render.world.effects       win=  0.372ms avg=  0.372ms p95=  0.456ms max=  1.103ms calls(last=  1,win= 120,total=3373) (win 2.2% | avg 2.2% budget)
  frame.render.hud.text            win=  0.229ms avg=  0.229ms p95=  0.276ms max=  0.619ms calls(last=  1,win= 120,total=3373) (win 1.4% | avg 1.4% budget)
  frame.render.hud.compass         win=  0.085ms avg=  0.085ms p95=  0.088ms max=  0.335ms calls(last=  1,win= 120,total=3373) (win 0.5% | avg 0.5% budget)
  system.spawner_update            win=  0.073ms avg=  0.077ms p95=  0.134ms max=  0.529ms calls(last=  1,win= 127,total=3477) (win 0.4% | avg 0.5% budget)
  frame.render.hud.static          win=  0.060ms avg=  0.060ms p95=  0.071ms max= 13.280ms calls(last=  1,win= 120,total=3373) (win 0.4% | avg 0.4% budget)
  frame.render.hud.lives           win=  0.057ms avg=  0.057ms p95=  0.065ms max=  0.272ms calls(last=  1,win= 120,total=3373) (win 0.3% | avg 0.3% budget)
  system.physics_collision         win=  0.041ms avg=  0.043ms p95=  0.072ms max=  0.291ms calls(last=  1,win= 127,total=3477) (win 0.2% | avg 0.3% budget)
  frame.render.hud.bars            win=  0.039ms avg=  0.039ms p95=  0.040ms max=  0.373ms calls(last=  1,win= 120,total=3373) (win 0.2% | avg 0.2% budget)
  enemy.cheap.segment_build        win=  0.028ms avg=  0.203ms p95=  0.340ms max=  0.525ms calls(last=  8,win= 883,total=11197) (win 0.2% | avg 1.2% budget)
  frame.input_poll                 win=  0.027ms avg=  0.027ms p95=  0.028ms max=  0.158ms calls(last=  1,win= 120,total=3840) (win 0.2% | avg 0.2% budget)
  system.player_update             win=  0.027ms avg=  0.029ms p95=  0.048ms max=  0.148ms calls(last=  1,win= 127,total=3357) (win 0.2% | avg 0.2% budget)
  enemy.type.assassin              win=  0.008ms avg=  0.235ms p95=  0.407ms max=  0.504ms calls(last= 29,win=3683,total=64238) (win 0.0% | avg 1.4% budget)
[ENEMY_STATS] frame=3840 alive=144 visible=0 full=0 cheap=144 fullInBase=0 pairs(frontal=0 checks=0 separation=0 resolved=0)
[ENEMY_WINDOW] steps=127 alive[min=143 max=144] visible[min=0 max=0] full[min=0 max=0] collisionPasses[runs=0 skips=127]
[ENEMY_SEGMENTS] window=2.117s D{b/s=8.50 avgLen=5.20 fail=0} T{b/s=9.45 avgLen=7.55 fail=0} H{b/s=32.60 avgLen=4.93 fail=381} A{b/s=7.09 avgLen=5.28 fail=381}
[ENEMY_GRID] frontal{cand/s=0.0 xcell/s=0.0 ins/s=0.0} separation{cand/s=0.0}
[ENEMY_COLLISION_WINDOW] frontal{pairs/s=0.0 checks/s=0.0 baseSkip=0 kill=0(0.0%)} separation{pairs/s=0.0 resolved/s=0.0(0.0%) baseSkip=0 kill=0 wallBlock=0}
[ENEMY_KILL_DEBUG] enemyEnemy{events=0 frontal=0 separation=0 reenterEither=0 reenterBoth=0 wallContact=0 dist[min=0.000 avg=0.000 max=0.000]}
[ENEMY_NAV_CACHE] playerCell{changes=2 flowRebuilds=1} flow{hit=0 miss=0 hit%=0.0} pathFallback{calls=0 ok=0 ok%=0.0}
[ENEMY_SAP] updates=0 active=0 pairs=0 repairs{x=0 y=0}
[ENEMY_PAIR_TYPES] frontal DD=0 DT=0 DH=0 DA=0 TT=0 TH=0 TA=0 HH=0 HA=0 AA=0 separation DD=0 DT=0 DH=0 DA=0 TT=0 TH=0 TA=0 HH=0 HA=0 AA=0
[ENEMY_KILL_DEBUG_COLLISION] projectile{kills=0 wallContact=0}

[PROFILE] frame=3960 budget=16.667ms alloc(+163/-163, +272088b/-272088b, live=280952b peak=561928b)
  frame.total                      win= 17.430ms avg= 17.430ms p95= 24.894ms max= 85.425ms calls(last=  1,win= 120,total=3960) (win 104.6% | avg 104.6% budget)
  frame.fixed_step                 win=  9.036ms avg=  9.488ms p95= 17.506ms max= 19.252ms calls(last=  1,win= 126,total=4081) (win 54.2% | avg 56.9% budget)
  frame.render                     win=  7.900ms avg=  7.900ms p95=  8.347ms max= 85.386ms calls(last=  1,win= 120,total=3960) (win 47.4% | avg 47.4% budget)
  frame.present                    win=  7.894ms avg=  7.894ms p95=  8.339ms max= 85.380ms calls(last=  1,win= 120,total=3960) (win 47.4% | avg 47.4% budget)
  game.update                      win=  3.288ms avg=  3.452ms p95=  6.125ms max= 13.981ms calls(last=  1,win= 126,total=3603) (win 19.7% | avg 20.7% budget)
  frame.render.world               win=  3.175ms avg=  3.175ms p95=  3.355ms max=  7.663ms calls(last=  1,win= 120,total=3493) (win 19.0% | avg 19.0% budget)
  system.ai_update                 win=  3.095ms avg=  3.250ms p95=  5.729ms max= 13.708ms calls(last=  1,win= 126,total=3603) (win 18.6% | avg 19.5% budget)
  enemy.update                     win=  3.088ms avg=  3.243ms p95=  5.717ms max= 13.694ms calls(last=  1,win= 126,total=3603) (win 18.5% | avg 19.5% budget)
  frame.render.hud                 win=  2.381ms avg=  2.381ms p95=  2.588ms max= 18.023ms calls(last=  1,win= 120,total=3493) (win 14.3% | avg 14.3% budget)
  frame.render.hud.minimap         win=  1.877ms avg=  1.877ms p95=  2.079ms max=  8.418ms calls(last=  1,win= 120,total=3493) (win 11.3% | avg 11.3% budget)
  frame.render.world.enemies       win=  1.111ms avg=  1.111ms p95=  1.157ms max=  3.657ms calls(last=  1,win= 120,total=3493) (win 6.7% | avg 6.7% budget)
  frame.render.world.maze          win=  0.861ms avg=  0.861ms p95=  0.915ms max=  2.840ms calls(last=  1,win= 120,total=3493) (win 5.2% | avg 5.2% budget)
  frame.render.world.effects       win=  0.364ms avg=  0.364ms p95=  0.439ms max=  1.103ms calls(last=  1,win= 120,total=3493) (win 2.2% | avg 2.2% budget)
  frame.render.hud.text            win=  0.227ms avg=  0.227ms p95=  0.268ms max=  0.619ms calls(last=  1,win= 120,total=3493) (win 1.4% | avg 1.4% budget)
  frame.render.hud.compass         win=  0.087ms avg=  0.087ms p95=  0.104ms max=  0.335ms calls(last=  1,win= 120,total=3493) (win 0.5% | avg 0.5% budget)
  system.spawner_update            win=  0.072ms avg=  0.076ms p95=  0.133ms max=  0.529ms calls(last=  1,win= 126,total=3603) (win 0.4% | avg 0.5% budget)
  frame.render.hud.static          win=  0.061ms avg=  0.061ms p95=  0.073ms max= 13.280ms calls(last=  1,win= 120,total=3493) (win 0.4% | avg 0.4% budget)
  frame.render.hud.lives           win=  0.057ms avg=  0.057ms p95=  0.072ms max=  0.272ms calls(last=  1,win= 120,total=3493) (win 0.3% | avg 0.3% budget)
  system.physics_collision         win=  0.042ms avg=  0.044ms p95=  0.071ms max=  0.291ms calls(last=  1,win= 126,total=3603) (win 0.3% | avg 0.3% budget)
  frame.render.hud.bars            win=  0.038ms avg=  0.038ms p95=  0.039ms max=  0.373ms calls(last=  1,win= 120,total=3493) (win 0.2% | avg 0.2% budget)
  frame.input_poll                 win=  0.029ms avg=  0.029ms p95=  0.030ms max=  0.158ms calls(last=  1,win= 120,total=3960) (win 0.2% | avg 0.2% budget)
  system.player_update             win=  0.028ms avg=  0.029ms p95=  0.046ms max=  0.148ms calls(last=  1,win= 126,total=3483) (win 0.2% | avg 0.2% budget)
  enemy.cheap.segment_build        win=  0.027ms avg=  0.195ms p95=  0.306ms max=  0.525ms calls(last=  7,win= 858,total=12055) (win 0.2% | avg 1.2% budget)
  enemy.type.assassin              win=  0.008ms avg=  0.232ms p95=  0.340ms max=  0.504ms calls(last= 29,win=3654,total=67892) (win 0.0% | avg 1.4% budget)
[ENEMY_STATS] frame=3960 alive=144 visible=0 full=0 cheap=144 fullInBase=0 pairs(frontal=0 checks=0 separation=0 resolved=0)
[ENEMY_WINDOW] steps=126 alive[min=144 max=144] visible[min=0 max=0] full[min=0 max=0] collisionPasses[runs=0 skips=126]
[ENEMY_SEGMENTS] window=2.100s D{b/s=7.14 avgLen=4.77 fail=0} T{b/s=5.71 avgLen=6.21 fail=0} H{b/s=27.14 avgLen=4.91 fail=378} A{b/s=8.57 avgLen=4.98 fail=378}
[ENEMY_GRID] frontal{cand/s=0.0 xcell/s=0.0 ins/s=0.0} separation{cand/s=0.0}
[ENEMY_COLLISION_WINDOW] frontal{pairs/s=0.0 checks/s=0.0 baseSkip=0 kill=0(0.0%)} separation{pairs/s=0.0 resolved/s=0.0(0.0%) baseSkip=0 kill=0 wallBlock=0}
[ENEMY_KILL_DEBUG] enemyEnemy{events=0 frontal=0 separation=0 reenterEither=0 reenterBoth=0 wallContact=0 dist[min=0.000 avg=0.000 max=0.000]}
[ENEMY_NAV_CACHE] playerCell{changes=3 flowRebuilds=1} flow{hit=0 miss=0 hit%=0.0} pathFallback{calls=0 ok=0 ok%=0.0}
[ENEMY_SAP] updates=0 active=0 pairs=0 repairs{x=0 y=0}
[ENEMY_PAIR_TYPES] frontal DD=0 DT=0 DH=0 DA=0 TT=0 TH=0 TA=0 HH=0 HA=0 AA=0 separation DD=0 DT=0 DH=0 DA=0 TT=0 TH=0 TA=0 HH=0 HA=0 AA=0
[ENEMY_KILL_DEBUG_COLLISION] projectile{kills=0 wallContact=0}

[PROFILE] frame=4080 budget=16.667ms alloc(+163/-163, +272136b/-272136b, live=280952b peak=561928b)
  frame.total                      win= 17.489ms avg= 17.489ms p95= 25.013ms max= 85.425ms calls(last=  1,win= 120,total=4080) (win 104.9% | avg 104.9% budget)
  frame.fixed_step                 win=  9.002ms avg=  9.528ms p95= 17.588ms max= 19.252ms calls(last=  1,win= 127,total=4208) (win 54.0% | avg 57.2% budget)
  frame.render                     win=  7.921ms avg=  7.921ms p95=  8.456ms max= 85.386ms calls(last=  1,win= 120,total=4080) (win 47.5% | avg 47.5% budget)
  frame.present                    win=  7.914ms avg=  7.914ms p95=  8.449ms max= 85.380ms calls(last=  1,win= 120,total=4080) (win 47.5% | avg 47.5% budget)
  frame.render.world               win=  3.247ms avg=  3.247ms p95=  3.471ms max=  7.663ms calls(last=  1,win= 120,total=3613) (win 19.5% | avg 19.5% budget)
  game.update                      win=  3.222ms avg=  3.410ms p95=  6.175ms max= 13.981ms calls(last=  1,win= 127,total=3730) (win 19.3% | avg 20.5% budget)
  system.ai_update                 win=  3.031ms avg=  3.208ms p95=  5.806ms max= 13.708ms calls(last=  1,win= 127,total=3730) (win 18.2% | avg 19.2% budget)
  enemy.update                     win=  3.024ms avg=  3.200ms p95=  5.793ms max= 13.694ms calls(last=  1,win= 127,total=3730) (win 18.1% | avg 19.2% budget)
  frame.render.hud                 win=  2.357ms avg=  2.357ms p95=  2.537ms max= 18.023ms calls(last=  1,win= 120,total=3613) (win 14.1% | avg 14.1% budget)
  frame.render.hud.minimap         win=  1.859ms avg=  1.859ms p95=  2.038ms max=  8.418ms calls(last=  1,win= 120,total=3613) (win 11.2% | avg 11.2% budget)
  frame.render.world.enemies       win=  1.113ms avg=  1.113ms p95=  1.216ms max=  3.657ms calls(last=  1,win= 120,total=3613) (win 6.7% | avg 6.7% budget)
  frame.render.world.maze          win=  0.929ms avg=  0.929ms p95=  0.997ms max=  2.840ms calls(last=  1,win= 120,total=3613) (win 5.6% | avg 5.6% budget)
  frame.render.world.effects       win=  0.365ms avg=  0.365ms p95=  0.449ms max=  1.103ms calls(last=  1,win= 120,total=3613) (win 2.2% | avg 2.2% budget)
  frame.render.hud.text            win=  0.222ms avg=  0.222ms p95=  0.256ms max=  0.619ms calls(last=  1,win= 120,total=3613) (win 1.3% | avg 1.3% budget)
  frame.render.hud.compass         win=  0.086ms avg=  0.086ms p95=  0.087ms max=  0.335ms calls(last=  1,win= 120,total=3613) (win 0.5% | avg 0.5% budget)
  system.spawner_update            win=  0.072ms avg=  0.076ms p95=  0.135ms max=  0.529ms calls(last=  1,win= 127,total=3730) (win 0.4% | avg 0.5% budget)
  frame.render.hud.static          win=  0.060ms avg=  0.060ms p95=  0.080ms max= 13.280ms calls(last=  1,win= 120,total=3613) (win 0.4% | avg 0.4% budget)
  frame.render.hud.lives           win=  0.056ms avg=  0.056ms p95=  0.056ms max=  0.272ms calls(last=  1,win= 120,total=3613) (win 0.3% | avg 0.3% budget)
  system.physics_collision         win=  0.041ms avg=  0.043ms p95=  0.075ms max=  0.291ms calls(last=  1,win= 127,total=3730) (win 0.2% | avg 0.3% budget)
  frame.render.hud.bars            win=  0.040ms avg=  0.040ms p95=  0.040ms max=  0.373ms calls(last=  1,win= 120,total=3613) (win 0.2% | avg 0.2% budget)
  enemy.cheap.segment_build        win=  0.028ms avg=  0.203ms p95=  0.345ms max=  0.582ms calls(last=  6,win= 874,total=12929) (win 0.2% | avg 1.2% budget)
  system.player_update             win=  0.028ms avg=  0.029ms p95=  0.049ms max=  0.148ms calls(last=  1,win= 127,total=3610) (win 0.2% | avg 0.2% budget)
  frame.input_poll                 win=  0.027ms avg=  0.027ms p95=  0.029ms max=  0.158ms calls(last=  1,win= 120,total=4080) (win 0.2% | avg 0.2% budget)
  enemy.type.assassin              win=  0.008ms avg=  0.236ms p95=  0.411ms max=  0.766ms calls(last= 29,win=3683,total=71575) (win 0.0% | avg 1.4% budget)
[ENEMY_STATS] frame=4080 alive=144 visible=0 full=0 cheap=144 fullInBase=0 pairs(frontal=0 checks=0 separation=0 resolved=0)
[ENEMY_WINDOW] steps=127 alive[min=144 max=144] visible[min=0 max=0] full[min=0 max=0] collisionPasses[runs=0 skips=127]
[ENEMY_SEGMENTS] window=2.117s D{b/s=8.50 avgLen=4.55 fail=0} T{b/s=7.56 avgLen=6.46 fail=0} H{b/s=30.24 avgLen=5.16 fail=381} A{b/s=6.14 avgLen=4.81 fail=381}
[ENEMY_GRID] frontal{cand/s=0.0 xcell/s=0.0 ins/s=0.0} separation{cand/s=0.0}
[ENEMY_COLLISION_WINDOW] frontal{pairs/s=0.0 checks/s=0.0 baseSkip=0 kill=0(0.0%)} separation{pairs/s=0.0 resolved/s=0.0(0.0%) baseSkip=0 kill=0 wallBlock=0}
[ENEMY_KILL_DEBUG] enemyEnemy{events=0 frontal=0 separation=0 reenterEither=0 reenterBoth=0 wallContact=0 dist[min=0.000 avg=0.000 max=0.000]}
[ENEMY_NAV_CACHE] playerCell{changes=2 flowRebuilds=0} flow{hit=0 miss=0 hit%=0.0} pathFallback{calls=0 ok=0 ok%=0.0}
[ENEMY_SAP] updates=0 active=0 pairs=0 repairs{x=0 y=0}
[ENEMY_PAIR_TYPES] frontal DD=0 DT=0 DH=0 DA=0 TT=0 TH=0 TA=0 HH=0 HA=0 AA=0 separation DD=0 DT=0 DH=0 DA=0 TT=0 TH=0 TA=0 HH=0 HA=0 AA=0
[ENEMY_KILL_DEBUG_COLLISION] projectile{kills=0 wallContact=0}

[PROFILE] frame=4200 budget=16.667ms alloc(+163/-163, +272104b/-272104b, live=280952b peak=561928b)
  frame.total                      win= 17.533ms avg= 17.533ms p95= 25.109ms max= 85.425ms calls(last=  1,win= 120,total=4200) (win 105.2% | avg 105.2% budget)
  frame.fixed_step                 win=  9.070ms avg=  9.599ms p95= 17.661ms max= 19.410ms calls(last=  1,win= 127,total=4335) (win 54.4% | avg 57.6% budget)
  frame.render                     win=  7.889ms avg=  7.889ms p95=  8.297ms max= 85.386ms calls(last=  1,win= 120,total=4200) (win 47.3% | avg 47.3% budget)
  frame.present                    win=  7.883ms avg=  7.883ms p95=  8.291ms max= 85.380ms calls(last=  1,win= 120,total=4200) (win 47.3% | avg 47.3% budget)
  game.update                      win=  3.280ms avg=  3.471ms p95=  6.187ms max= 13.981ms calls(last=  1,win= 127,total=3857) (win 19.7% | avg 20.8% budget)
  frame.render.world               win=  3.236ms avg=  3.236ms p95=  3.458ms max=  7.663ms calls(last=  1,win= 120,total=3733) (win 19.4% | avg 19.4% budget)
  system.ai_update                 win=  3.090ms avg=  3.270ms p95=  5.829ms max= 13.708ms calls(last=  1,win= 127,total=3857) (win 18.5% | avg 19.6% budget)
  enemy.update                     win=  3.083ms avg=  3.262ms p95=  5.815ms max= 13.694ms calls(last=  1,win= 127,total=3857) (win 18.5% | avg 19.6% budget)
  frame.render.hud                 win=  2.343ms avg=  2.343ms p95=  2.575ms max= 18.023ms calls(last=  1,win= 120,total=3733) (win 14.1% | avg 14.1% budget)
  frame.render.hud.minimap         win=  1.847ms avg=  1.847ms p95=  2.042ms max=  8.418ms calls(last=  1,win= 120,total=3733) (win 11.1% | avg 11.1% budget)
  frame.render.world.enemies       win=  1.108ms avg=  1.108ms p95=  1.151ms max=  3.657ms calls(last=  1,win= 120,total=3733) (win 6.6% | avg 6.6% budget)
  frame.render.world.maze          win=  0.930ms avg=  0.930ms p95=  1.152ms max=  2.840ms calls(last=  1,win= 120,total=3733) (win 5.6% | avg 5.6% budget)
  frame.render.world.effects       win=  0.373ms avg=  0.373ms p95=  0.476ms max=  1.103ms calls(last=  1,win= 120,total=3733) (win 2.2% | avg 2.2% budget)
  frame.render.hud.text            win=  0.226ms avg=  0.226ms p95=  0.265ms max=  0.619ms calls(last=  1,win= 120,total=3733) (win 1.4% | avg 1.4% budget)
  frame.render.hud.compass         win=  0.084ms avg=  0.084ms p95=  0.086ms max=  0.335ms calls(last=  1,win= 120,total=3733) (win 0.5% | avg 0.5% budget)
  system.spawner_update            win=  0.070ms avg=  0.074ms p95=  0.133ms max=  0.529ms calls(last=  1,win= 127,total=3857) (win 0.4% | avg 0.4% budget)
  frame.render.hud.static          win=  0.060ms avg=  0.060ms p95=  0.077ms max= 13.280ms calls(last=  1,win= 120,total=3733) (win 0.4% | avg 0.4% budget)
  frame.render.hud.lives           win=  0.054ms avg=  0.054ms p95=  0.057ms max=  0.272ms calls(last=  1,win= 120,total=3733) (win 0.3% | avg 0.3% budget)
  system.physics_collision         win=  0.040ms avg=  0.043ms p95=  0.075ms max=  0.291ms calls(last=  1,win= 127,total=3857) (win 0.2% | avg 0.3% budget)
  frame.render.hud.bars            win=  0.038ms avg=  0.038ms p95=  0.039ms max=  0.373ms calls(last=  1,win= 120,total=3733) (win 0.2% | avg 0.2% budget)
  frame.input_poll                 win=  0.030ms avg=  0.030ms p95=  0.033ms max=  0.158ms calls(last=  1,win= 120,total=4200) (win 0.2% | avg 0.2% budget)
  system.player_update             win=  0.028ms avg=  0.030ms p95=  0.053ms max=  0.148ms calls(last=  1,win= 127,total=3737) (win 0.2% | avg 0.2% budget)
  enemy.cheap.segment_build        win=  0.028ms avg=  0.202ms p95=  0.305ms max=  0.582ms calls(last=  7,win= 877,total=13806) (win 0.2% | avg 1.2% budget)
  enemy.type.assassin              win=  0.008ms avg=  0.235ms p95=  0.407ms max=  0.766ms calls(last= 29,win=3683,total=75258) (win 0.0% | avg 1.4% budget)
[ENEMY_STATS] frame=4200 alive=144 visible=0 full=0 cheap=144 fullInBase=0 pairs(frontal=0 checks=0 separation=0 resolved=0)
[ENEMY_WINDOW] steps=127 alive[min=144 max=144] visible[min=0 max=0] full[min=0 max=0] collisionPasses[runs=0 skips=127]
[ENEMY_SEGMENTS] window=2.117s D{b/s=8.03 avgLen=5.80 fail=0} T{b/s=10.87 avgLen=5.86 fail=0} H{b/s=25.51 avgLen=5.59 fail=381} A{b/s=10.39 avgLen=5.46 fail=381}
[ENEMY_GRID] frontal{cand/s=0.0 xcell/s=0.0 ins/s=0.0} separation{cand/s=0.0}
[ENEMY_COLLISION_WINDOW] frontal{pairs/s=0.0 checks/s=0.0 baseSkip=0 kill=0(0.0%)} separation{pairs/s=0.0 resolved/s=0.0(0.0%) baseSkip=0 kill=0 wallBlock=0}
[ENEMY_KILL_DEBUG] enemyEnemy{events=0 frontal=0 separation=0 reenterEither=0 reenterBoth=0 wallContact=0 dist[min=0.000 avg=0.000 max=0.000]}
[ENEMY_NAV_CACHE] playerCell{changes=2 flowRebuilds=1} flow{hit=0 miss=0 hit%=0.0} pathFallback{calls=0 ok=0 ok%=0.0}
[ENEMY_SAP] updates=0 active=0 pairs=0 repairs{x=0 y=0}
[ENEMY_PAIR_TYPES] frontal DD=0 DT=0 DH=0 DA=0 TT=0 TH=0 TA=0 HH=0 HA=0 AA=0 separation DD=0 DT=0 DH=0 DA=0 TT=0 TH=0 TA=0 HH=0 HA=0 AA=0
[ENEMY_KILL_DEBUG_COLLISION] projectile{kills=0 wallContact=0}

[PROFILE] frame=4320 budget=16.667ms alloc(+163/-163, +272152b/-272152b, live=280952b peak=561928b)
  frame.total                      win= 17.440ms avg= 17.440ms p95= 24.789ms max= 85.425ms calls(last=  1,win= 120,total=4320) (win 104.6% | avg 104.6% budget)
  frame.fixed_step                 win=  9.108ms avg=  9.563ms p95= 17.410ms max= 19.410ms calls(last=  1,win= 126,total=4461) (win 54.6% | avg 57.4% budget)
  frame.render                     win=  7.835ms avg=  7.835ms p95=  8.270ms max= 85.386ms calls(last=  1,win= 120,total=4320) (win 47.0% | avg 47.0% budget)
  frame.present                    win=  7.827ms avg=  7.827ms p95=  8.263ms max= 85.380ms calls(last=  1,win= 120,total=4320) (win 47.0% | avg 47.0% budget)
  game.update                      win=  3.340ms avg=  3.506ms p95=  6.095ms max= 13.981ms calls(last=  1,win= 126,total=3983) (win 20.0% | avg 21.0% budget)
  frame.render.world               win=  3.247ms avg=  3.247ms p95=  3.387ms max=  7.663ms calls(last=  1,win= 120,total=3853) (win 19.5% | avg 19.5% budget)
  system.ai_update                 win=  3.149ms avg=  3.307ms p95=  5.748ms max= 13.708ms calls(last=  1,win= 126,total=3983) (win 18.9% | avg 19.8% budget)
  enemy.update                     win=  3.143ms avg=  3.300ms p95=  5.707ms max= 13.694ms calls(last=  1,win= 126,total=3983) (win 18.9% | avg 19.8% budget)
  frame.render.hud                 win=  2.358ms avg=  2.358ms p95=  2.553ms max= 18.023ms calls(last=  1,win= 120,total=3853) (win 14.1% | avg 14.1% budget)
  frame.render.hud.minimap         win=  1.862ms avg=  1.862ms p95=  2.038ms max=  8.418ms calls(last=  1,win= 120,total=3853) (win 11.2% | avg 11.2% budget)
  frame.render.world.enemies       win=  1.109ms avg=  1.109ms p95=  1.182ms max=  3.657ms calls(last=  1,win= 120,total=3853) (win 6.7% | avg 6.7% budget)
  frame.render.world.maze          win=  0.928ms avg=  0.928ms p95=  1.024ms max=  2.840ms calls(last=  1,win= 120,total=3853) (win 5.6% | avg 5.6% budget)
  frame.render.world.effects       win=  0.376ms avg=  0.376ms p95=  0.454ms max=  1.103ms calls(last=  1,win= 120,total=3853) (win 2.3% | avg 2.3% budget)
  frame.render.hud.text            win=  0.222ms avg=  0.222ms p95=  0.252ms max=  0.619ms calls(last=  1,win= 120,total=3853) (win 1.3% | avg 1.3% budget)
  enemy.ai.movement                win=  0.212ms avg=  0.053ms p95=  0.210ms max=  0.420ms calls(last=  1,win=  30,total=30) (win 1.3% | avg 0.3% budget)
  frame.render.hud.compass         win=  0.085ms avg=  0.085ms p95=  0.088ms max=  0.335ms calls(last=  1,win= 120,total=3853) (win 0.5% | avg 0.5% budget)
  system.spawner_update            win=  0.070ms avg=  0.073ms p95=  0.117ms max=  0.529ms calls(last=  1,win= 126,total=3983) (win 0.4% | avg 0.4% budget)
  frame.render.hud.static          win=  0.059ms avg=  0.059ms p95=  0.073ms max= 13.280ms calls(last=  1,win= 120,total=3853) (win 0.4% | avg 0.4% budget)
  enemy.ai.perception              win=  0.056ms avg=  0.014ms p95=  0.056ms max=  0.111ms calls(last=  1,win=  30,total=30) (win 0.3% | avg 0.1% budget)
  frame.render.hud.lives           win=  0.055ms avg=  0.055ms p95=  0.055ms max=  0.272ms calls(last=  1,win= 120,total=3853) (win 0.3% | avg 0.3% budget)
  system.physics_collision         win=  0.042ms avg=  0.044ms p95=  0.074ms max=  0.291ms calls(last=  1,win= 126,total=3983) (win 0.2% | avg 0.3% budget)
  frame.render.hud.bars            win=  0.039ms avg=  0.039ms p95=  0.040ms max=  0.373ms calls(last=  1,win= 120,total=3853) (win 0.2% | avg 0.2% budget)
  frame.input_poll                 win=  0.028ms avg=  0.028ms p95=  0.030ms max=  0.158ms calls(last=  1,win= 120,total=4320) (win 0.2% | avg 0.2% budget)
  system.player_update             win=  0.027ms avg=  0.029ms p95=  0.047ms max=  0.148ms calls(last=  1,win= 126,total=3863) (win 0.2% | avg 0.2% budget)
[ENEMY_STATS] frame=4320 alive=144 visible=0 full=1 cheap=143 fullInBase=0 pairs(frontal=0 checks=0 separation=0 resolved=0)
[ENEMY_WINDOW] steps=126 alive[min=144 max=144] visible[min=0 max=0] full[min=0 max=1] collisionPasses[runs=0 skips=126]
[ENEMY_SEGMENTS] window=2.100s D{b/s=7.14 avgLen=5.60 fail=0} T{b/s=8.10 avgLen=5.94 fail=0} H{b/s=30.95 avgLen=4.84 fail=378} A{b/s=4.76 avgLen=4.92 fail=378}
[ENEMY_GRID] frontal{cand/s=0.0 xcell/s=0.0 ins/s=0.0} separation{cand/s=0.0}
[ENEMY_COLLISION_WINDOW] frontal{pairs/s=0.0 checks/s=0.0 baseSkip=0 kill=0(0.0%)} separation{pairs/s=0.0 resolved/s=0.0(0.0%) baseSkip=0 kill=0 wallBlock=0}
[ENEMY_KILL_DEBUG] enemyEnemy{events=0 frontal=0 separation=0 reenterEither=0 reenterBoth=0 wallContact=0 dist[min=0.000 avg=0.000 max=0.000]}
[ENEMY_NAV_CACHE] playerCell{changes=2 flowRebuilds=1} flow{hit=0 miss=0 hit%=0.0} pathFallback{calls=0 ok=0 ok%=0.0}
[ENEMY_SAP] updates=0 active=0 pairs=0 repairs{x=0 y=0}
[ENEMY_PAIR_TYPES] frontal DD=0 DT=0 DH=0 DA=0 TT=0 TH=0 TA=0 HH=0 HA=0 AA=0 separation DD=0 DT=0 DH=0 DA=0 TT=0 TH=0 TA=0 HH=0 HA=0 AA=0
[ENEMY_KILL_DEBUG_COLLISION] projectile{kills=0 wallContact=0}

[PROFILE] frame=4440 budget=16.667ms alloc(+163/-163, +272168b/-272168b, live=280952b peak=561928b)
  frame.total                      win= 17.358ms avg= 17.358ms p95= 18.356ms max= 85.425ms calls(last=  1,win= 120,total=4440) (win 104.2% | avg 104.2% budget)
  frame.fixed_step                 win=  9.228ms avg=  9.690ms p95=  9.555ms max= 19.410ms calls(last=  1,win= 126,total=4587) (win 55.4% | avg 58.1% budget)
  frame.render                     win=  7.628ms avg=  7.628ms p95=  8.086ms max= 85.386ms calls(last=  1,win= 120,total=4440) (win 45.8% | avg 45.8% budget)
  frame.present                    win=  7.621ms avg=  7.621ms p95=  8.080ms max= 85.380ms calls(last=  1,win= 120,total=4440) (win 45.7% | avg 45.7% budget)
  game.update                      win=  3.483ms avg=  3.657ms p95=  3.796ms max= 13.981ms calls(last=  1,win= 126,total=4109) (win 20.9% | avg 21.9% budget)
  system.ai_update                 win=  3.294ms avg=  3.458ms p95=  3.620ms max= 13.708ms calls(last=  1,win= 126,total=4109) (win 19.8% | avg 20.8% budget)
  enemy.update                     win=  3.287ms avg=  3.452ms p95=  3.613ms max= 13.694ms calls(last=  1,win= 126,total=4109) (win 19.7% | avg 20.7% budget)
  frame.render.world               win=  3.159ms avg=  3.159ms p95=  3.362ms max=  7.663ms calls(last=  1,win= 120,total=3973) (win 19.0% | avg 19.0% budget)
  frame.render.hud                 win=  2.316ms avg=  2.316ms p95=  2.444ms max= 18.023ms calls(last=  1,win= 120,total=3973) (win 13.9% | avg 13.9% budget)
  frame.render.hud.minimap         win=  1.822ms avg=  1.822ms p95=  1.962ms max=  8.418ms calls(last=  1,win= 120,total=3973) (win 10.9% | avg 10.9% budget)
  frame.render.world.enemies       win=  1.111ms avg=  1.111ms p95=  1.157ms max=  3.657ms calls(last=  1,win= 120,total=3973) (win 6.7% | avg 6.7% budget)
  frame.render.world.maze          win=  0.854ms avg=  0.854ms p95=  0.936ms max=  2.840ms calls(last=  1,win= 120,total=3973) (win 5.1% | avg 5.1% budget)
  frame.render.world.effects       win=  0.389ms avg=  0.389ms p95=  0.456ms max=  1.103ms calls(last=  1,win= 120,total=3973) (win 2.3% | avg 2.3% budget)
  frame.render.hud.text            win=  0.224ms avg=  0.224ms p95=  0.266ms max=  0.619ms calls(last=  1,win= 120,total=3973) (win 1.3% | avg 1.3% budget)
  enemy.ai.movement                win=  0.214ms avg=  0.225ms p95=  0.270ms max=  0.455ms calls(last=  1,win= 126,total=156) (win 1.3% | avg 1.3% budget)
  frame.render.hud.compass         win=  0.085ms avg=  0.085ms p95=  0.087ms max=  0.335ms calls(last=  1,win= 120,total=3973) (win 0.5% | avg 0.5% budget)
  system.spawner_update            win=  0.072ms avg=  0.075ms p95=  0.134ms max=  0.529ms calls(last=  1,win= 126,total=4109) (win 0.4% | avg 0.5% budget)
  frame.render.hud.static          win=  0.058ms avg=  0.058ms p95=  0.077ms max= 13.280ms calls(last=  1,win= 120,total=3973) (win 0.3% | avg 0.3% budget)
  enemy.ai.perception              win=  0.056ms avg=  0.059ms p95=  0.105ms max=  0.112ms calls(last=  1,win= 126,total=156) (win 0.3% | avg 0.4% budget)
  frame.render.hud.lives           win=  0.054ms avg=  0.054ms p95=  0.056ms max=  0.272ms calls(last=  1,win= 120,total=3973) (win 0.3% | avg 0.3% budget)
  system.physics_collision         win=  0.040ms avg=  0.042ms p95=  0.069ms max=  0.291ms calls(last=  1,win= 126,total=4109) (win 0.2% | avg 0.2% budget)
  frame.render.hud.bars            win=  0.038ms avg=  0.038ms p95=  0.039ms max=  0.373ms calls(last=  1,win= 120,total=3973) (win 0.2% | avg 0.2% budget)
  frame.input_poll                 win=  0.027ms avg=  0.027ms p95=  0.029ms max=  0.158ms calls(last=  1,win= 120,total=4440) (win 0.2% | avg 0.2% budget)
  enemy.cheap.segment_build        win=  0.027ms avg=  0.199ms p95=  0.329ms max=  0.582ms calls(last=  7,win= 872,total=15542) (win 0.2% | avg 1.2% budget)
[ENEMY_STATS] frame=4440 alive=144 visible=0 full=1 cheap=143 fullInBase=0 pairs(frontal=0 checks=0 separation=0 resolved=0)
[ENEMY_WINDOW] steps=126 alive[min=144 max=144] visible[min=0 max=0] full[min=1 max=1] collisionPasses[runs=0 skips=126]
[ENEMY_SEGMENTS] window=2.100s D{b/s=7.14 avgLen=4.81 fail=0} T{b/s=9.05 avgLen=7.47 fail=0} H{b/s=28.57 avgLen=5.13 fail=378} A{b/s=10.48 avgLen=4.64 fail=378}
[ENEMY_GRID] frontal{cand/s=0.0 xcell/s=0.0 ins/s=0.0} separation{cand/s=0.0}
[ENEMY_COLLISION_WINDOW] frontal{pairs/s=0.0 checks/s=0.0 baseSkip=0 kill=0(0.0%)} separation{pairs/s=0.0 resolved/s=0.0(0.0%) baseSkip=0 kill=0 wallBlock=0}
[ENEMY_KILL_DEBUG] enemyEnemy{events=0 frontal=0 separation=0 reenterEither=0 reenterBoth=0 wallContact=0 dist[min=0.000 avg=0.000 max=0.000]}
[ENEMY_NAV_CACHE] playerCell{changes=2 flowRebuilds=0} flow{hit=0 miss=0 hit%=0.0} pathFallback{calls=0 ok=0 ok%=0.0}
[ENEMY_SAP] updates=0 active=0 pairs=0 repairs{x=0 y=0}
[ENEMY_PAIR_TYPES] frontal DD=0 DT=0 DH=0 DA=0 TT=0 TH=0 TA=0 HH=0 HA=0 AA=0 separation DD=0 DT=0 DH=0 DA=0 TT=0 TH=0 TA=0 HH=0 HA=0 AA=0
[ENEMY_KILL_DEBUG_COLLISION] projectile{kills=0 wallContact=0}

[PROFILE] frame=4560 budget=16.667ms alloc(+163/-163, +272152b/-272152b, live=280952b peak=561928b)
  frame.total                      win= 17.671ms avg= 17.671ms p95= 25.655ms max= 85.425ms calls(last=  1,win= 120,total=4560) (win 106.0% | avg 106.0% budget)
  frame.fixed_step                 win=  9.351ms avg=  9.975ms p95= 18.284ms max= 19.476ms calls(last=  1,win= 128,total=4715) (win 56.1% | avg 59.8% budget)
  frame.render                     win=  7.655ms avg=  7.655ms p95=  8.267ms max= 85.386ms calls(last=  1,win= 120,total=4560) (win 45.9% | avg 45.9% budget)
  frame.present                    win=  7.649ms avg=  7.649ms p95=  8.261ms max= 85.380ms calls(last=  1,win= 120,total=4560) (win 45.9% | avg 45.9% budget)
  game.update                      win=  3.578ms avg=  3.817ms p95=  6.865ms max= 13.981ms calls(last=  1,win= 128,total=4237) (win 21.5% | avg 22.9% budget)
  system.ai_update                 win=  3.396ms avg=  3.622ms p95=  6.505ms max= 13.708ms calls(last=  1,win= 128,total=4237) (win 20.4% | avg 21.7% budget)
  enemy.update                     win=  3.388ms avg=  3.614ms p95=  6.492ms max= 13.694ms calls(last=  1,win= 128,total=4237) (win 20.3% | avg 21.7% budget)
  frame.render.world               win=  3.303ms avg=  3.303ms p95=  3.509ms max=  7.663ms calls(last=  1,win= 120,total=4093) (win 19.8% | avg 19.8% budget)
  frame.render.hud                 win=  2.349ms avg=  2.349ms p95=  2.602ms max= 18.023ms calls(last=  1,win= 120,total=4093) (win 14.1% | avg 14.1% budget)
  frame.render.hud.minimap         win=  1.841ms avg=  1.841ms p95=  2.061ms max=  8.418ms calls(last=  1,win= 120,total=4093) (win 11.0% | avg 11.0% budget)
  frame.render.world.enemies       win=  1.145ms avg=  1.145ms p95=  1.294ms max=  3.657ms calls(last=  1,win= 120,total=4093) (win 6.9% | avg 6.9% budget)
  frame.render.world.maze          win=  0.945ms avg=  0.945ms p95=  1.175ms max=  2.840ms calls(last=  1,win= 120,total=4093) (win 5.7% | avg 5.7% budget)
  frame.render.world.effects       win=  0.392ms avg=  0.392ms p95=  0.474ms max=  1.103ms calls(last=  1,win= 120,total=4093) (win 2.4% | avg 2.4% budget)
  frame.render.hud.text            win=  0.236ms avg=  0.236ms p95=  0.277ms max=  0.619ms calls(last=  1,win= 120,total=4093) (win 1.4% | avg 1.4% budget)
  enemy.ai.movement                win=  0.218ms avg=  0.232ms p95=  0.419ms max=  0.473ms calls(last=  1,win= 128,total=284) (win 1.3% | avg 1.4% budget)
  frame.render.hud.compass         win=  0.085ms avg=  0.085ms p95=  0.087ms max=  0.335ms calls(last=  1,win= 120,total=4093) (win 0.5% | avg 0.5% budget)
  system.spawner_update            win=  0.070ms avg=  0.074ms p95=  0.133ms max=  0.529ms calls(last=  1,win= 128,total=4237) (win 0.4% | avg 0.4% budget)
  enemy.ai.perception              win=  0.060ms avg=  0.064ms p95=  0.114ms max=  0.161ms calls(last=  1,win= 128,total=284) (win 0.4% | avg 0.4% budget)
  frame.render.hud.static          win=  0.059ms avg=  0.059ms p95=  0.075ms max= 13.280ms calls(last=  1,win= 120,total=4093) (win 0.4% | avg 0.4% budget)
  frame.render.hud.lives           win=  0.056ms avg=  0.056ms p95=  0.060ms max=  0.272ms calls(last=  1,win= 120,total=4093) (win 0.3% | avg 0.3% budget)
  frame.render.hud.bars            win=  0.038ms avg=  0.038ms p95=  0.040ms max=  0.373ms calls(last=  1,win= 120,total=4093) (win 0.2% | avg 0.2% budget)
  system.physics_collision         win=  0.038ms avg=  0.040ms p95=  0.069ms max=  0.291ms calls(last=  1,win= 128,total=4237) (win 0.2% | avg 0.2% budget)
  frame.input_poll                 win=  0.027ms avg=  0.027ms p95=  0.029ms max=  0.158ms calls(last=  1,win= 120,total=4560) (win 0.2% | avg 0.2% budget)
  enemy.cheap.segment_build        win=  0.027ms avg=  0.201ms p95=  0.303ms max=  0.582ms calls(last=  7,win= 881,total=16423) (win 0.2% | avg 1.2% budget)
[ENEMY_STATS] frame=4560 alive=144 visible=1 full=1 cheap=143 fullInBase=0 pairs(frontal=0 checks=0 separation=0 resolved=0)
[ENEMY_WINDOW] steps=128 alive[min=144 max=144] visible[min=0 max=1] full[min=1 max=1] collisionPasses[runs=0 skips=128]
[ENEMY_SEGMENTS] window=2.133s D{b/s=8.91 avgLen=4.84 fail=2} T{b/s=7.50 avgLen=6.72 fail=0} H{b/s=26.72 avgLen=4.84 fail=384} A{b/s=8.91 avgLen=5.22 fail=384}
[ENEMY_GRID] frontal{cand/s=0.0 xcell/s=0.0 ins/s=0.0} separation{cand/s=0.0}
[ENEMY_COLLISION_WINDOW] frontal{pairs/s=0.0 checks/s=0.0 baseSkip=0 kill=0(0.0%)} separation{pairs/s=0.0 resolved/s=0.0(0.0%) baseSkip=0 kill=0 wallBlock=0}
[ENEMY_KILL_DEBUG] enemyEnemy{events=0 frontal=0 separation=0 reenterEither=0 reenterBoth=0 wallContact=0 dist[min=0.000 avg=0.000 max=0.000]}
[ENEMY_NAV_CACHE] playerCell{changes=2 flowRebuilds=1} flow{hit=0 miss=0 hit%=0.0} pathFallback{calls=0 ok=0 ok%=0.0}
[ENEMY_SAP] updates=0 active=0 pairs=0 repairs{x=0 y=0}
[ENEMY_PAIR_TYPES] frontal DD=0 DT=0 DH=0 DA=0 TT=0 TH=0 TA=0 HH=0 HA=0 AA=0 separation DD=0 DT=0 DH=0 DA=0 TT=0 TH=0 TA=0 HH=0 HA=0 AA=0
[ENEMY_KILL_DEBUG_COLLISION] projectile{kills=0 wallContact=0}

[PROFILE] frame=4680 budget=16.667ms alloc(+328/-328, +544352b/-544352b, live=280992b peak=561928b)
  frame.total                      win= 17.916ms avg= 17.916ms p95= 26.142ms max= 85.425ms calls(last=  1,win= 120,total=4680) (win 107.5% | avg 107.5% budget)
  frame.fixed_step                 win=  9.332ms avg= 10.110ms p95= 18.414ms max= 19.688ms calls(last=  2,win= 130,total=4845) (win 56.0% | avg 60.7% budget)
  frame.render                     win=  7.765ms avg=  7.765ms p95=  8.227ms max= 85.386ms calls(last=  1,win= 120,total=4680) (win 46.6% | avg 46.6% budget)
  frame.present                    win=  7.758ms avg=  7.758ms p95=  8.220ms max= 85.380ms calls(last=  1,win= 120,total=4680) (win 46.5% | avg 46.5% budget)
  game.update                      win=  3.578ms avg=  3.876ms p95=  6.934ms max= 13.981ms calls(last=  2,win= 130,total=4367) (win 21.5% | avg 23.3% budget)
  frame.render.world               win=  3.401ms avg=  3.401ms p95=  3.791ms max=  7.663ms calls(last=  1,win= 120,total=4213) (win 20.4% | avg 20.4% budget)
  system.ai_update                 win=  3.392ms avg=  3.675ms p95=  6.568ms max= 13.708ms calls(last=  2,win= 130,total=4367) (win 20.4% | avg 22.0% budget)
  enemy.update                     win=  3.386ms avg=  3.668ms p95=  6.556ms max= 13.694ms calls(last=  2,win= 130,total=4367) (win 20.3% | avg 22.0% budget)
  frame.render.hud                 win=  2.354ms avg=  2.354ms p95=  2.501ms max= 18.023ms calls(last=  1,win= 120,total=4213) (win 14.1% | avg 14.1% budget)
  frame.render.hud.minimap         win=  1.857ms avg=  1.857ms p95=  2.014ms max=  8.418ms calls(last=  1,win= 120,total=4213) (win 11.1% | avg 11.1% budget)
  frame.render.world.enemies       win=  1.162ms avg=  1.162ms p95=  1.233ms max=  3.657ms calls(last=  1,win= 120,total=4213) (win 7.0% | avg 7.0% budget)
  frame.render.world.maze          win=  0.916ms avg=  0.916ms p95=  1.002ms max=  2.840ms calls(last=  1,win= 120,total=4213) (win 5.5% | avg 5.5% budget)
  frame.render.world.effects       win=  0.530ms avg=  0.530ms p95=  0.945ms max=  1.103ms calls(last=  1,win= 120,total=4213) (win 3.2% | avg 3.2% budget)
  frame.render.hud.text            win=  0.224ms avg=  0.224ms p95=  0.266ms max=  0.619ms calls(last=  1,win= 120,total=4213) (win 1.3% | avg 1.3% budget)
  enemy.ai.movement                win=  0.216ms avg=  0.234ms p95=  0.422ms max=  0.477ms calls(last=  2,win= 130,total=414) (win 1.3% | avg 1.4% budget)
  frame.render.hud.compass         win=  0.087ms avg=  0.087ms p95=  0.108ms max=  0.335ms calls(last=  1,win= 120,total=4213) (win 0.5% | avg 0.5% budget)
  system.spawner_update            win=  0.070ms avg=  0.076ms p95=  0.134ms max=  0.529ms calls(last=  2,win= 130,total=4367) (win 0.4% | avg 0.5% budget)
  enemy.ai.perception              win=  0.064ms avg=  0.069ms p95=  0.123ms max=  0.161ms calls(last=  2,win= 130,total=414) (win 0.4% | avg 0.4% budget)
  frame.render.hud.static          win=  0.057ms avg=  0.057ms p95=  0.070ms max= 13.280ms calls(last=  1,win= 120,total=4213) (win 0.3% | avg 0.3% budget)
  frame.render.hud.lives           win=  0.056ms avg=  0.056ms p95=  0.056ms max=  0.272ms calls(last=  1,win= 120,total=4213) (win 0.3% | avg 0.3% budget)
  system.physics_collision         win=  0.039ms avg=  0.043ms p95=  0.074ms max=  0.291ms calls(last=  2,win= 130,total=4367) (win 0.2% | avg 0.3% budget)
  frame.render.hud.bars            win=  0.039ms avg=  0.039ms p95=  0.040ms max=  0.373ms calls(last=  1,win= 120,total=4213) (win 0.2% | avg 0.2% budget)
  frame.input_poll                 win=  0.028ms avg=  0.028ms p95=  0.030ms max=  0.158ms calls(last=  1,win= 120,total=4680) (win 0.2% | avg 0.2% budget)
  enemy.cheap.segment_build        win=  0.027ms avg=  0.204ms p95=  0.393ms max=  0.582ms calls(last= 14,win= 892,total=17315) (win 0.2% | avg 1.2% budget)
[ENEMY_STATS] frame=4680 alive=144 visible=1 full=1 cheap=143 fullInBase=0 pairs(frontal=0 checks=0 separation=0 resolved=0)
[ENEMY_WINDOW] steps=130 alive[min=144 max=144] visible[min=1 max=1] full[min=1 max=1] collisionPasses[runs=0 skips=130]
[ENEMY_SEGMENTS] window=2.167s D{b/s=9.23 avgLen=4.72 fail=0} T{b/s=7.38 avgLen=6.45 fail=0} H{b/s=29.08 avgLen=4.98 fail=390} A{b/s=6.46 avgLen=5.61 fail=390}
[ENEMY_GRID] frontal{cand/s=0.0 xcell/s=0.0 ins/s=0.0} separation{cand/s=0.0}
[ENEMY_COLLISION_WINDOW] frontal{pairs/s=0.0 checks/s=0.0 baseSkip=0 kill=0(0.0%)} separation{pairs/s=0.0 resolved/s=0.0(0.0%) baseSkip=0 kill=0 wallBlock=0}
[ENEMY_KILL_DEBUG] enemyEnemy{events=0 frontal=0 separation=0 reenterEither=0 reenterBoth=0 wallContact=0 dist[min=0.000 avg=0.000 max=0.000]}
[ENEMY_NAV_CACHE] playerCell{changes=2 flowRebuilds=1} flow{hit=0 miss=0 hit%=0.0} pathFallback{calls=0 ok=0 ok%=0.0}
[ENEMY_SAP] updates=0 active=0 pairs=0 repairs{x=0 y=0}
[ENEMY_PAIR_TYPES] frontal DD=0 DT=0 DH=0 DA=0 TT=0 TH=0 TA=0 HH=0 HA=0 AA=0 separation DD=0 DT=0 DH=0 DA=0 TT=0 TH=0 TA=0 HH=0 HA=0 AA=0
[ENEMY_KILL_DEBUG_COLLISION] projectile{kills=0 wallContact=0}

[PROFILE] frame=4800 budget=16.667ms alloc(+164/-164, +272160b/-272160b, live=281024b peak=561928b)
  frame.total                      win= 18.243ms avg= 18.243ms p95= 26.469ms max= 85.425ms calls(last=  1,win= 120,total=4800) (win 109.5% | avg 109.5% budget)
  frame.fixed_step                 win=  9.271ms avg= 10.198ms p95= 18.529ms max= 19.688ms calls(last=  1,win= 132,total=4977) (win 55.6% | avg 61.2% budget)
  frame.render                     win=  8.003ms avg=  8.003ms p95=  8.435ms max= 85.386ms calls(last=  1,win= 120,total=4800) (win 48.0% | avg 48.0% budget)
  frame.present                    win=  7.996ms avg=  7.996ms p95=  8.428ms max= 85.380ms calls(last=  1,win= 120,total=4800) (win 48.0% | avg 48.0% budget)
  frame.render.world               win=  3.763ms avg=  3.763ms p95=  3.952ms max=  7.663ms calls(last=  1,win= 120,total=4333) (win 22.6% | avg 22.6% budget)
  game.update                      win=  3.506ms avg=  3.857ms p95=  6.910ms max= 13.981ms calls(last=  1,win= 132,total=4499) (win 21.0% | avg 23.1% budget)
  system.ai_update                 win=  3.315ms avg=  3.647ms p95=  6.539ms max= 13.708ms calls(last=  1,win= 132,total=4499) (win 19.9% | avg 21.9% budget)
  enemy.update                     win=  3.309ms avg=  3.639ms p95=  6.528ms max= 13.694ms calls(last=  1,win= 132,total=4499) (win 19.9% | avg 21.8% budget)
  frame.render.hud                 win=  2.369ms avg=  2.369ms p95=  2.566ms max= 18.023ms calls(last=  1,win= 120,total=4333) (win 14.2% | avg 14.2% budget)
  frame.render.hud.minimap         win=  1.873ms avg=  1.873ms p95=  2.051ms max=  8.418ms calls(last=  1,win= 120,total=4333) (win 11.2% | avg 11.2% budget)
  frame.render.world.enemies       win=  1.171ms avg=  1.171ms p95=  1.266ms max=  3.657ms calls(last=  1,win= 120,total=4333) (win 7.0% | avg 7.0% budget)
  frame.render.world.effects       win=  0.920ms avg=  0.920ms p95=  1.011ms max=  2.708ms calls(last=  1,win= 120,total=4333) (win 5.5% | avg 5.5% budget)
  frame.render.world.maze          win=  0.914ms avg=  0.914ms p95=  1.080ms max=  2.840ms calls(last=  1,win= 120,total=4333) (win 5.5% | avg 5.5% budget)
  frame.render.hud.text            win=  0.226ms avg=  0.226ms p95=  0.305ms max=  0.619ms calls(last=  1,win= 120,total=4333) (win 1.4% | avg 1.4% budget)
  enemy.ai.movement                win=  0.213ms avg=  0.234ms p95=  0.420ms max=  0.477ms calls(last=  1,win= 132,total=546) (win 1.3% | avg 1.4% budget)
  frame.render.hud.compass         win=  0.086ms avg=  0.086ms p95=  0.089ms max=  0.335ms calls(last=  1,win= 120,total=4333) (win 0.5% | avg 0.5% budget)
  system.spawner_update            win=  0.070ms avg=  0.077ms p95=  0.136ms max=  0.529ms calls(last=  1,win= 132,total=4499) (win 0.4% | avg 0.5% budget)
  enemy.ai.perception              win=  0.067ms avg=  0.073ms p95=  0.128ms max=  0.161ms calls(last=  1,win= 132,total=546) (win 0.4% | avg 0.4% budget)
  frame.render.hud.lives           win=  0.056ms avg=  0.056ms p95=  0.056ms max=  0.272ms calls(last=  1,win= 120,total=4333) (win 0.3% | avg 0.3% budget)
  frame.render.hud.static          win=  0.053ms avg=  0.053ms p95=  0.064ms max= 13.280ms calls(last=  1,win= 120,total=4333) (win 0.3% | avg 0.3% budget)
  system.physics_collision         win=  0.041ms avg=  0.045ms p95=  0.077ms max=  0.291ms calls(last=  1,win= 132,total=4499) (win 0.2% | avg 0.3% budget)
  frame.render.hud.bars            win=  0.039ms avg=  0.039ms p95=  0.040ms max=  0.373ms calls(last=  1,win= 120,total=4333) (win 0.2% | avg 0.2% budget)
  frame.input_poll                 win=  0.028ms avg=  0.028ms p95=  0.029ms max=  0.158ms calls(last=  1,win= 120,total=4800) (win 0.2% | avg 0.2% budget)
  enemy.cheap.segment_build        win=  0.028ms avg=  0.210ms p95=  0.369ms max=  0.582ms calls(last=  7,win= 911,total=18226) (win 0.2% | avg 1.3% budget)
[ENEMY_STATS] frame=4800 alive=144 visible=1 full=1 cheap=143 fullInBase=0 pairs(frontal=0 checks=0 separation=0 resolved=0)
[ENEMY_WINDOW] steps=132 alive[min=144 max=144] visible[min=1 max=1] full[min=1 max=1] collisionPasses[runs=0 skips=132]
[ENEMY_SEGMENTS] window=2.200s D{b/s=7.27 avgLen=5.52 fail=0} T{b/s=8.64 avgLen=6.39 fail=0} H{b/s=29.55 avgLen=5.10 fail=396} A{b/s=8.64 avgLen=4.84 fail=396}
[ENEMY_GRID] frontal{cand/s=0.0 xcell/s=0.0 ins/s=0.0} separation{cand/s=0.0}
[ENEMY_COLLISION_WINDOW] frontal{pairs/s=0.0 checks/s=0.0 baseSkip=0 kill=0(0.0%)} separation{pairs/s=0.0 resolved/s=0.0(0.0%) baseSkip=0 kill=0 wallBlock=0}
[ENEMY_KILL_DEBUG] enemyEnemy{events=0 frontal=0 separation=0 reenterEither=0 reenterBoth=0 wallContact=0 dist[min=0.000 avg=0.000 max=0.000]}
[ENEMY_NAV_CACHE] playerCell{changes=2 flowRebuilds=0} flow{hit=0 miss=0 hit%=0.0} pathFallback{calls=0 ok=0 ok%=0.0}
[ENEMY_SAP] updates=0 active=0 pairs=0 repairs{x=0 y=0}
[ENEMY_PAIR_TYPES] frontal DD=0 DT=0 DH=0 DA=0 TT=0 TH=0 TA=0 HH=0 HA=0 AA=0 separation DD=0 DT=0 DH=0 DA=0 TT=0 TH=0 TA=0 HH=0 HA=0 AA=0
[ENEMY_KILL_DEBUG_COLLISION] projectile{kills=0 wallContact=0}

[PROFILE] frame=4920 budget=16.667ms alloc(+163/-163, +272136b/-272136b, live=281024b peak=561928b)
  frame.total                      win= 18.379ms avg= 18.379ms p95= 26.646ms max= 85.425ms calls(last=  1,win= 120,total=4920) (win 110.3% | avg 110.3% budget)
  frame.fixed_step                 win=  9.420ms avg= 10.440ms p95= 18.682ms max= 20.033ms calls(last=  1,win= 133,total=5110) (win 56.5% | avg 62.6% budget)
  frame.render                     win=  7.897ms avg=  7.897ms p95=  8.505ms max= 85.386ms calls(last=  1,win= 120,total=4920) (win 47.4% | avg 47.4% budget)
  frame.present                    win=  7.890ms avg=  7.890ms p95=  8.499ms max= 85.380ms calls(last=  1,win= 120,total=4920) (win 47.3% | avg 47.3% budget)
  game.update                      win=  3.635ms avg=  4.029ms p95=  7.066ms max= 14.284ms calls(last=  1,win= 133,total=4632) (win 21.8% | avg 24.2% budget)
  frame.render.world               win=  3.530ms avg=  3.530ms p95=  3.840ms max=  7.663ms calls(last=  1,win= 120,total=4453) (win 21.2% | avg 21.2% budget)
  system.ai_update                 win=  3.446ms avg=  3.820ms p95=  6.629ms max= 14.078ms calls(last=  1,win= 133,total=4632) (win 20.7% | avg 22.9% budget)
  enemy.update                     win=  3.440ms avg=  3.812ms p95=  6.617ms max= 14.070ms calls(last=  1,win= 133,total=4632) (win 20.6% | avg 22.9% budget)
  frame.render.hud                 win=  2.395ms avg=  2.395ms p95=  2.582ms max= 18.023ms calls(last=  1,win= 120,total=4453) (win 14.4% | avg 14.4% budget)
  frame.render.hud.minimap         win=  1.894ms avg=  1.894ms p95=  2.027ms max=  8.418ms calls(last=  1,win= 120,total=4453) (win 11.4% | avg 11.4% budget)
  frame.render.world.enemies       win=  1.134ms avg=  1.134ms p95=  1.279ms max=  3.657ms calls(last=  1,win= 120,total=4453) (win 6.8% | avg 6.8% budget)
  frame.render.world.maze          win=  0.885ms avg=  0.885ms p95=  0.994ms max=  2.840ms calls(last=  1,win= 120,total=4453) (win 5.3% | avg 5.3% budget)
  frame.render.world.effects       win=  0.711ms avg=  0.711ms p95=  1.028ms max=  2.708ms calls(last=  1,win= 120,total=4453) (win 4.3% | avg 4.3% budget)
  frame.render.hud.text            win=  0.223ms avg=  0.223ms p95=  0.266ms max=  0.619ms calls(last=  1,win= 120,total=4453) (win 1.3% | avg 1.3% budget)
  enemy.ai.movement                win=  0.215ms avg=  0.238ms p95=  0.421ms max=  0.477ms calls(last=  1,win= 133,total=679) (win 1.3% | avg 1.4% budget)
  enemy.ai.perception              win=  0.099ms avg=  0.110ms p95=  0.200ms max=  0.269ms calls(last=  1,win= 133,total=679) (win 0.6% | avg 0.7% budget)
  frame.render.hud.compass         win=  0.089ms avg=  0.089ms p95=  0.115ms max=  0.335ms calls(last=  1,win= 120,total=4453) (win 0.5% | avg 0.5% budget)
  system.spawner_update            win=  0.071ms avg=  0.078ms p95=  0.136ms max=  0.529ms calls(last=  1,win= 133,total=4632) (win 0.4% | avg 0.5% budget)
  frame.render.hud.static          win=  0.057ms avg=  0.057ms p95=  0.072ms max= 13.280ms calls(last=  1,win= 120,total=4453) (win 0.3% | avg 0.3% budget)
  frame.render.hud.lives           win=  0.054ms avg=  0.054ms p95=  0.057ms max=  0.272ms calls(last=  1,win= 120,total=4453) (win 0.3% | avg 0.3% budget)
  frame.render.hud.bars            win=  0.041ms avg=  0.041ms p95=  0.049ms max=  0.373ms calls(last=  1,win= 120,total=4453) (win 0.2% | avg 0.2% budget)
  system.physics_collision         win=  0.039ms avg=  0.044ms p95=  0.079ms max=  0.291ms calls(last=  1,win= 133,total=4632) (win 0.2% | avg 0.3% budget)
  frame.input_poll                 win=  0.028ms avg=  0.028ms p95=  0.029ms max=  0.158ms calls(last=  1,win= 120,total=4920) (win 0.2% | avg 0.2% budget)
  enemy.cheap.segment_build        win=  0.027ms avg=  0.228ms p95=  0.378ms max=  0.582ms calls(last=  7,win=1011,total=19237) (win 0.2% | avg 1.4% budget)
[ENEMY_STATS] frame=4920 alive=144 visible=0 full=2 cheap=142 fullInBase=0 pairs(frontal=0 checks=0 separation=0 resolved=0)
[ENEMY_WINDOW] steps=133 alive[min=144 max=144] visible[min=0 max=1] full[min=1 max=2] collisionPasses[runs=1 skips=132]
[ENEMY_SEGMENTS] window=2.217s D{b/s=7.22 avgLen=4.78 fail=0} T{b/s=8.57 avgLen=7.09 fail=0} H{b/s=28.42 avgLen=4.81 fail=493} A{b/s=9.92 avgLen=4.45 fail=399}
[ENEMY_GRID] frontal{cand/s=0.9 xcell/s=0.0 ins/s=0.9} separation{cand/s=0.9}
[ENEMY_COLLISION_WINDOW] frontal{pairs/s=0.0 checks/s=0.0 baseSkip=0 kill=0(0.0%)} separation{pairs/s=0.0 resolved/s=0.0(0.0%) baseSkip=0 kill=0 wallBlock=0}
[ENEMY_KILL_DEBUG] enemyEnemy{events=0 frontal=0 separation=0 reenterEither=0 reenterBoth=0 wallContact=0 dist[min=0.000 avg=0.000 max=0.000]}
[ENEMY_NAV_CACHE] playerCell{changes=2 flowRebuilds=1} flow{hit=1 miss=0 hit%=100.0} pathFallback{calls=0 ok=0 ok%=0.0}
[ENEMY_SAP] updates=144 active=2 pairs=0 repairs{x=7 y=8}
[ENEMY_PAIR_TYPES] frontal DD=0 DT=0 DH=0 DA=0 TT=0 TH=0 TA=0 HH=0 HA=0 AA=0 separation DD=0 DT=0 DH=0 DA=0 TT=0 TH=0 TA=0 HH=0 HA=0 AA=0
[ENEMY_KILL_DEBUG_COLLISION] projectile{kills=0 wallContact=0}

[PROFILE] frame=5040 budget=16.667ms alloc(+174/-174, +280768b/-280768b, live=288792b peak=567080b)
  frame.total                      win= 19.739ms avg= 19.739ms p95= 27.744ms max= 85.425ms calls(last=  1,win= 120,total=5040) (win 118.4% | avg 118.4% budget)
  frame.fixed_step                 win= 10.225ms avg= 12.185ms p95= 20.276ms max= 20.683ms calls(last=  1,win= 143,total=5253) (win 61.3% | avg 73.1% budget)
  frame.render                     win=  7.509ms avg=  7.509ms p95=  7.897ms max= 85.386ms calls(last=  1,win= 120,total=5040) (win 45.1% | avg 45.1% budget)
  frame.present                    win=  7.502ms avg=  7.502ms p95=  7.890ms max= 85.380ms calls(last=  1,win= 120,total=5040) (win 45.0% | avg 45.0% budget)
  game.update                      win=  4.355ms avg=  5.189ms p95=  8.638ms max= 14.670ms calls(last=  1,win= 143,total=4775) (win 26.1% | avg 31.1% budget)
  system.ai_update                 win=  4.170ms avg=  4.969ms p95=  8.278ms max= 14.479ms calls(last=  1,win= 143,total=4775) (win 25.0% | avg 29.8% budget)
  enemy.update                     win=  4.164ms avg=  4.962ms p95=  8.267ms max= 14.472ms calls(last=  1,win= 143,total=4775) (win 25.0% | avg 29.8% budget)
  frame.render.world               win=  3.210ms avg=  3.210ms p95=  3.418ms max=  7.663ms calls(last=  1,win= 120,total=4573) (win 19.3% | avg 19.3% budget)
  frame.render.hud                 win=  2.417ms avg=  2.417ms p95=  2.573ms max= 18.023ms calls(last=  1,win= 120,total=4573) (win 14.5% | avg 14.5% budget)
  frame.render.hud.minimap         win=  1.912ms avg=  1.912ms p95=  2.061ms max=  8.418ms calls(last=  1,win= 120,total=4573) (win 11.5% | avg 11.5% budget)
  frame.render.world.enemies       win=  1.132ms avg=  1.132ms p95=  1.267ms max=  3.657ms calls(last=  1,win= 120,total=4573) (win 6.8% | avg 6.8% budget)
  frame.render.world.maze          win=  0.874ms avg=  0.874ms p95=  1.004ms max=  2.840ms calls(last=  1,win= 120,total=4573) (win 5.2% | avg 5.2% budget)
  enemy.physics.frontal_collisions win=  0.454ms avg=  0.541ms p95=  0.897ms max=  0.964ms calls(last=  1,win= 143,total=143) (win 2.7% | avg 3.2% budget)
  frame.render.world.effects       win=  0.389ms avg=  0.389ms p95=  0.519ms max=  2.708ms calls(last=  1,win= 120,total=4573) (win 2.3% | avg 2.3% budget)
  enemy.physics.frontal_grid_build win=  0.341ms avg=  0.407ms p95=  0.672ms max=  0.732ms calls(last=  1,win= 143,total=143) (win 2.0% | avg 2.4% budget)
  frame.render.hud.text            win=  0.227ms avg=  0.227ms p95=  0.271ms max=  0.619ms calls(last=  1,win= 120,total=4573) (win 1.4% | avg 1.4% budget)
  enemy.ai.movement                win=  0.213ms avg=  0.509ms p95=  0.830ms max=  1.310ms calls(last=  2,win= 287,total=966) (win 1.3% | avg 3.1% budget)
  frame.render.hud.compass         win=  0.088ms avg=  0.088ms p95=  0.126ms max=  0.335ms calls(last=  1,win= 120,total=4573) (win 0.5% | avg 0.5% budget)
  enemy.physics.frontal_pair_traverse win=  0.082ms avg=  0.098ms p95=  0.166ms max=  0.174ms calls(last=  1,win= 143,total=143) (win 0.5% | avg 0.6% budget)
  system.spawner_update            win=  0.070ms avg=  0.084ms p95=  0.141ms max=  0.529ms calls(last=  1,win= 143,total=4775) (win 0.4% | avg 0.5% budget)
  enemy.ai.perception              win=  0.068ms avg=  0.162ms p95=  0.341ms max=  0.363ms calls(last=  2,win= 287,total=966) (win 0.4% | avg 1.0% budget)
  frame.render.hud.static          win=  0.060ms avg=  0.060ms p95=  0.073ms max= 13.280ms calls(last=  1,win= 120,total=4573) (win 0.4% | avg 0.4% budget)
  frame.render.hud.lives           win=  0.055ms avg=  0.055ms p95=  0.056ms max=  0.272ms calls(last=  1,win= 120,total=4573) (win 0.3% | avg 0.3% budget)
  frame.render.hud.bars            win=  0.040ms avg=  0.040ms p95=  0.040ms max=  0.373ms calls(last=  1,win= 120,total=4573) (win 0.2% | avg 0.2% budget)
[ENEMY_STATS] frame=5040 alive=144 visible=0 full=2 cheap=142 fullInBase=0 pairs(frontal=0 checks=0 separation=0 resolved=0)
[ENEMY_WINDOW] steps=143 alive[min=144 max=144] visible[min=0 max=0] full[min=2 max=3] collisionPasses[runs=143 skips=0]
[ENEMY_SEGMENTS] window=2.383s D{b/s=8.81 avgLen=5.33 fail=0} T{b/s=7.13 avgLen=5.67 fail=0} H{b/s=26.43 avgLen=5.13 fail=572} A{b/s=6.71 avgLen=4.40 fail=429}
[ENEMY_GRID] frontal{cand/s=120.4 xcell/s=0.4 ins/s=120.8} separation{cand/s=120.4}
[ENEMY_COLLISION_WINDOW] frontal{pairs/s=0.0 checks/s=0.0 baseSkip=0 kill=0(0.0%)} separation{pairs/s=0.0 resolved/s=0.0(0.0%) baseSkip=0 kill=0 wallBlock=0}
[ENEMY_KILL_DEBUG] enemyEnemy{events=0 frontal=0 separation=0 reenterEither=0 reenterBoth=0 wallContact=0 dist[min=0.000 avg=0.000 max=0.000]}
[ENEMY_NAV_CACHE] playerCell{changes=2 flowRebuilds=1} flow{hit=143 miss=0 hit%=100.0} pathFallback{calls=0 ok=0 ok%=0.0}
[ENEMY_SAP] updates=20592 active=287 pairs=0 repairs{x=30 y=31}
[ENEMY_PAIR_TYPES] frontal DD=0 DT=0 DH=0 DA=0 TT=0 TH=0 TA=0 HH=0 HA=0 AA=0 separation DD=0 DT=0 DH=0 DA=0 TT=0 TH=0 TA=0 HH=0 HA=0 AA=0
[ENEMY_KILL_DEBUG_COLLISION] projectile{kills=0 wallContact=0}

[PROFILE] frame=5160 budget=16.667ms alloc(+350/-350, +561616b/-561616b, live=288792b peak=567104b)
  frame.total                      win= 20.422ms avg= 20.422ms p95= 28.310ms max= 85.425ms calls(last=  1,win= 120,total=5160) (win 122.5% | avg 122.5% budget)
  frame.fixed_step                 win= 10.241ms avg= 12.631ms p95= 20.382ms max= 20.684ms calls(last=  2,win= 148,total=5401) (win 61.4% | avg 75.8% budget)
  frame.render                     win=  7.748ms avg=  7.748ms p95=  8.113ms max= 85.386ms calls(last=  1,win= 120,total=5160) (win 46.5% | avg 46.5% budget)
  frame.present                    win=  7.741ms avg=  7.741ms p95=  8.108ms max= 85.380ms calls(last=  1,win= 120,total=5160) (win 46.4% | avg 46.4% budget)
  game.update                      win=  4.376ms avg=  5.398ms p95=  8.663ms max= 14.733ms calls(last=  2,win= 148,total=4923) (win 26.3% | avg 32.4% budget)
  system.ai_update                 win=  4.184ms avg=  5.160ms p95=  8.240ms max= 14.532ms calls(last=  2,win= 148,total=4923) (win 25.1% | avg 31.0% budget)
  enemy.update                     win=  4.178ms avg=  5.153ms p95=  8.230ms max= 14.525ms calls(last=  2,win= 148,total=4923) (win 25.1% | avg 30.9% budget)
  frame.render.world               win=  3.437ms avg=  3.437ms p95=  3.812ms max=  7.663ms calls(last=  1,win= 120,total=4693) (win 20.6% | avg 20.6% budget)
  frame.render.hud                 win=  2.406ms avg=  2.406ms p95=  2.563ms max= 18.023ms calls(last=  1,win= 120,total=4693) (win 14.4% | avg 14.4% budget)
  frame.render.hud.minimap         win=  1.904ms avg=  1.904ms p95=  2.048ms max=  8.418ms calls(last=  1,win= 120,total=4693) (win 11.4% | avg 11.4% budget)
  frame.render.world.enemies       win=  1.165ms avg=  1.165ms p95=  1.232ms max=  3.657ms calls(last=  1,win= 120,total=4693) (win 7.0% | avg 7.0% budget)
  frame.render.world.maze          win=  0.946ms avg=  0.946ms p95=  1.013ms max=  2.840ms calls(last=  1,win= 120,total=4693) (win 5.7% | avg 5.7% budget)
  frame.render.world.effects       win=  0.533ms avg=  0.533ms p95=  0.940ms max=  2.708ms calls(last=  1,win= 120,total=4693) (win 3.2% | avg 3.2% budget)
  enemy.physics.frontal_collisions win=  0.458ms avg=  0.565ms p95=  0.936ms max=  1.112ms calls(last=  2,win= 148,total=291) (win 2.7% | avg 3.4% budget)
  enemy.physics.frontal_grid_build win=  0.343ms avg=  0.423ms p95=  0.710ms max=  0.853ms calls(last=  2,win= 148,total=291) (win 2.1% | avg 2.5% budget)
  frame.render.hud.text            win=  0.228ms avg=  0.228ms p95=  0.298ms max=  0.619ms calls(last=  1,win= 120,total=4693) (win 1.4% | avg 1.4% budget)
  enemy.ai.movement                win=  0.213ms avg=  0.524ms p95=  0.897ms max=  1.310ms calls(last=  4,win= 296,total=1262) (win 1.3% | avg 3.1% budget)
  frame.render.hud.compass         win=  0.085ms avg=  0.085ms p95=  0.088ms max=  0.335ms calls(last=  1,win= 120,total=4693) (win 0.5% | avg 0.5% budget)
  enemy.physics.frontal_pair_traverse win=  0.084ms avg=  0.104ms p95=  0.167ms max=  0.201ms calls(last=  2,win= 148,total=291) (win 0.5% | avg 0.6% budget)
  system.spawner_update            win=  0.071ms avg=  0.087ms p95=  0.141ms max=  0.529ms calls(last=  2,win= 148,total=4923) (win 0.4% | avg 0.5% budget)
  enemy.ai.perception              win=  0.060ms avg=  0.148ms p95=  0.261ms max=  0.363ms calls(last=  4,win= 296,total=1262) (win 0.4% | avg 0.9% budget)
  frame.render.hud.lives           win=  0.058ms avg=  0.058ms p95=  0.056ms max=  0.272ms calls(last=  1,win= 120,total=4693) (win 0.3% | avg 0.3% budget)
  frame.render.hud.static          win=  0.056ms avg=  0.056ms p95=  0.070ms max= 13.280ms calls(last=  1,win= 120,total=4693) (win 0.3% | avg 0.3% budget)
  system.physics_collision         win=  0.042ms avg=  0.052ms p95=  0.090ms max=  0.291ms calls(last=  2,win= 148,total=4923) (win 0.3% | avg 0.3% budget)
[ENEMY_STATS] frame=5160 alive=144 visible=1 full=2 cheap=142 fullInBase=0 pairs(frontal=0 checks=0 separation=0 resolved=0)
[ENEMY_WINDOW] steps=148 alive[min=144 max=144] visible[min=0 max=1] full[min=2 max=2] collisionPasses[runs=148 skips=0]
[ENEMY_SEGMENTS] window=2.467s D{b/s=7.70 avgLen=5.02 fail=0} T{b/s=10.95 avgLen=5.42 fail=0} H{b/s=27.57 avgLen=4.95 fail=592} A{b/s=8.92 avgLen=5.65 fail=444}
[ENEMY_GRID] frontal{cand/s=120.0 xcell/s=0.8 ins/s=120.8} separation{cand/s=120.0}
[ENEMY_COLLISION_WINDOW] frontal{pairs/s=0.0 checks/s=0.0 baseSkip=0 kill=0(0.0%)} separation{pairs/s=0.0 resolved/s=0.0(0.0%) baseSkip=0 kill=0 wallBlock=0}
[ENEMY_KILL_DEBUG] enemyEnemy{events=0 frontal=0 separation=0 reenterEither=0 reenterBoth=0 wallContact=0 dist[min=0.000 avg=0.000 max=0.000]}
[ENEMY_NAV_CACHE] playerCell{changes=3 flowRebuilds=1} flow{hit=148 miss=0 hit%=100.0} pathFallback{calls=0 ok=0 ok%=0.0}
[ENEMY_SAP] updates=21312 active=296 pairs=0 repairs{x=0 y=0}
[ENEMY_PAIR_TYPES] frontal DD=0 DT=0 DH=0 DA=0 TT=0 TH=0 TA=0 HH=0 HA=0 AA=0 separation DD=0 DT=0 DH=0 DA=0 TT=0 TH=0 TA=0 HH=0 HA=0 AA=0
[ENEMY_KILL_DEBUG_COLLISION] projectile{kills=0 wallContact=0}

[PROFILE] frame=5280 budget=16.667ms alloc(+346/-346, +556160b/-556160b, live=288872b peak=567120b)
  frame.total                      win= 19.871ms avg= 19.871ms p95= 28.638ms max= 85.425ms calls(last=  1,win= 120,total=5280) (win 119.2% | avg 119.2% budget)
  frame.fixed_step                 win=  9.726ms avg= 11.671ms p95= 20.285ms max= 24.103ms calls(last=  2,win= 144,total=5545) (win 58.4% | avg 70.0% budget)
  frame.render                     win=  8.157ms avg=  8.157ms p95=  8.531ms max= 85.386ms calls(last=  1,win= 120,total=5280) (win 48.9% | avg 48.9% budget)
  frame.present                    win=  8.150ms avg=  8.150ms p95=  8.524ms max= 85.380ms calls(last=  1,win= 120,total=5280) (win 48.9% | avg 48.9% budget)
  frame.render.world               win=  3.933ms avg=  3.933ms p95=  4.192ms max=  7.663ms calls(last=  1,win= 120,total=4813) (win 23.6% | avg 23.6% budget)
  game.update                      win=  3.833ms avg=  4.599ms p95=  8.691ms max= 14.733ms calls(last=  2,win= 144,total=5067) (win 23.0% | avg 27.6% budget)
  system.ai_update                 win=  3.631ms avg=  4.357ms p95=  8.278ms max= 14.532ms calls(last=  2,win= 144,total=5067) (win 21.8% | avg 26.1% budget)
  enemy.update                     win=  3.624ms avg=  4.349ms p95=  8.266ms max= 14.525ms calls(last=  2,win= 144,total=5067) (win 21.7% | avg 26.1% budget)
  frame.render.hud                 win=  2.381ms avg=  2.381ms p95=  2.606ms max= 18.023ms calls(last=  1,win= 120,total=4813) (win 14.3% | avg 14.3% budget)
  frame.render.hud.minimap         win=  1.892ms avg=  1.892ms p95=  2.099ms max=  8.418ms calls(last=  1,win= 120,total=4813) (win 11.4% | avg 11.4% budget)
  frame.render.world.enemies       win=  1.153ms avg=  1.153ms p95=  1.368ms max=  3.657ms calls(last=  1,win= 120,total=4813) (win 6.9% | avg 6.9% budget)
  frame.render.world.maze          win=  1.051ms avg=  1.051ms p95=  1.158ms max=  2.840ms calls(last=  1,win= 120,total=4813) (win 6.3% | avg 6.3% budget)
  frame.render.world.effects       win=  0.989ms avg=  0.989ms p95=  1.163ms max=  2.708ms calls(last=  1,win= 120,total=4813) (win 5.9% | avg 5.9% budget)
  enemy.physics.frontal_collisions win=  0.460ms avg=  0.234ms p95=  0.913ms max=  1.112ms calls(last=  0,win=  61,total=352) (win 2.8% | avg 1.4% budget)
  enemy.physics.frontal_grid_build win=  0.347ms avg=  0.176ms p95=  0.685ms max=  0.853ms calls(last=  0,win=  61,total=352) (win 2.1% | avg 1.1% budget)
  enemy.ai.movement                win=  0.220ms avg=  0.303ms p95=  0.828ms max=  1.310ms calls(last=  2,win= 165,total=1427) (win 1.3% | avg 1.8% budget)
  frame.render.hud.text            win=  0.220ms avg=  0.220ms p95=  0.246ms max=  0.619ms calls(last=  1,win= 120,total=4813) (win 1.3% | avg 1.3% budget)
  frame.render.hud.compass         win=  0.089ms avg=  0.089ms p95=  0.114ms max=  0.335ms calls(last=  1,win= 120,total=4813) (win 0.5% | avg 0.5% budget)
  enemy.physics.frontal_pair_traverse win=  0.083ms avg=  0.042ms p95=  0.163ms max=  0.201ms calls(last=  0,win=  61,total=352) (win 0.5% | avg 0.3% budget)
  system.spawner_update            win=  0.073ms avg=  0.088ms p95=  0.142ms max=  0.529ms calls(last=  2,win= 144,total=5067) (win 0.4% | avg 0.5% budget)
  enemy.ai.perception              win=  0.068ms avg=  0.093ms p95=  0.253ms max=  0.398ms calls(last=  2,win= 165,total=1427) (win 0.4% | avg 0.6% budget)
  frame.render.hud.lives           win=  0.056ms avg=  0.056ms p95=  0.055ms max=  0.272ms calls(last=  1,win= 120,total=4813) (win 0.3% | avg 0.3% budget)
  frame.render.hud.static          win=  0.053ms avg=  0.053ms p95=  0.065ms max= 13.280ms calls(last=  1,win= 120,total=4813) (win 0.3% | avg 0.3% budget)
  system.physics_collision         win=  0.047ms avg=  0.057ms p95=  0.098ms max=  0.291ms calls(last=  2,win= 144,total=5067) (win 0.3% | avg 0.3% budget)
[ENEMY_STATS] frame=5280 alive=144 visible=0 full=1 cheap=143 fullInBase=0 pairs(frontal=0 checks=0 separation=0 resolved=0)
[ENEMY_WINDOW] steps=144 alive[min=144 max=144] visible[min=0 max=1] full[min=0 max=2] collisionPasses[runs=60 skips=84]
[ENEMY_SEGMENTS] window=2.400s D{b/s=9.58 avgLen=4.94 fail=0} T{b/s=9.17 avgLen=6.19 fail=0} H{b/s=30.83 avgLen=4.62 fail=576} A{b/s=5.42 avgLen=4.73 fail=432}
[ENEMY_GRID] frontal{cand/s=50.0 xcell/s=0.8 ins/s=50.8} separation{cand/s=50.0}
[ENEMY_COLLISION_WINDOW] frontal{pairs/s=0.0 checks/s=0.0 baseSkip=0 kill=0(0.0%)} separation{pairs/s=0.0 resolved/s=0.0(0.0%) baseSkip=0 kill=0 wallBlock=0}
[ENEMY_KILL_DEBUG] enemyEnemy{events=0 frontal=0 separation=0 reenterEither=0 reenterBoth=0 wallContact=0 dist[min=0.000 avg=0.000 max=0.000]}
[ENEMY_NAV_CACHE] playerCell{changes=2 flowRebuilds=0} flow{hit=83 miss=0 hit%=100.0} pathFallback{calls=0 ok=0 ok%=0.0}
[ENEMY_SAP] updates=8640 active=120 pairs=0 repairs{x=0 y=0}
[ENEMY_PAIR_TYPES] frontal DD=0 DT=0 DH=0 DA=0 TT=0 TH=0 TA=0 HH=0 HA=0 AA=0 separation DD=0 DT=0 DH=0 DA=0 TT=0 TH=0 TA=0 HH=0 HA=0 AA=0
[ENEMY_KILL_DEBUG_COLLISION] projectile{kills=1 wallContact=0}

[PROFILE] frame=5400 budget=16.667ms alloc(+174/-174, +280768b/-280768b, live=288872b peak=567200b)
  frame.total                      win= 19.084ms avg= 19.084ms p95= 27.671ms max= 85.425ms calls(last=  1,win= 120,total=5400) (win 114.5% | avg 114.5% budget)
  frame.fixed_step                 win=  9.821ms avg= 11.294ms p95= 20.152ms max= 24.103ms calls(last=  1,win= 138,total=5683) (win 58.9% | avg 67.8% budget)
  frame.render                     win=  7.745ms avg=  7.745ms p95=  8.378ms max= 85.386ms calls(last=  1,win= 120,total=5400) (win 46.5% | avg 46.5% budget)
  frame.present                    win=  7.738ms avg=  7.738ms p95=  8.372ms max= 85.380ms calls(last=  1,win= 120,total=5400) (win 46.4% | avg 46.4% budget)
  game.update                      win=  3.918ms avg=  4.506ms p95=  8.615ms max= 14.733ms calls(last=  1,win= 138,total=5205) (win 23.5% | avg 27.0% budget)
  system.ai_update                 win=  3.726ms avg=  4.285ms p95=  8.217ms max= 14.532ms calls(last=  1,win= 138,total=5205) (win 22.4% | avg 25.7% budget)
  enemy.update                     win=  3.719ms avg=  4.277ms p95=  8.205ms max= 14.525ms calls(last=  1,win= 138,total=5205) (win 22.3% | avg 25.7% budget)
  frame.render.world               win=  3.560ms avg=  3.560ms p95=  4.037ms max=  7.663ms calls(last=  1,win= 120,total=4933) (win 21.4% | avg 21.4% budget)
  frame.render.hud                 win=  2.350ms avg=  2.350ms p95=  2.548ms max= 18.023ms calls(last=  1,win= 120,total=4933) (win 14.1% | avg 14.1% budget)
  frame.render.hud.minimap         win=  1.850ms avg=  1.850ms p95=  2.011ms max=  8.418ms calls(last=  1,win= 120,total=4933) (win 11.1% | avg 11.1% budget)
  frame.render.world.enemies       win=  1.124ms avg=  1.124ms p95=  1.320ms max=  3.657ms calls(last=  1,win= 120,total=4933) (win 6.7% | avg 6.7% budget)
  frame.render.world.maze          win=  1.049ms avg=  1.049ms p95=  1.106ms max=  2.840ms calls(last=  1,win= 120,total=4933) (win 6.3% | avg 6.3% budget)
  frame.render.world.effects       win=  0.590ms avg=  0.590ms p95=  1.054ms max=  2.708ms calls(last=  1,win= 120,total=4933) (win 3.5% | avg 3.5% budget)
  enemy.physics.frontal_collisions win=  0.472ms avg=  0.181ms p95=  0.879ms max=  1.112ms calls(last=  1,win=  46,total=398) (win 2.8% | avg 1.1% budget)
  enemy.physics.frontal_grid_build win=  0.356ms avg=  0.136ms p95=  0.663ms max=  0.853ms calls(last=  1,win=  46,total=398) (win 2.1% | avg 0.8% budget)
  frame.render.hud.text            win=  0.225ms avg=  0.225ms p95=  0.261ms max=  0.619ms calls(last=  1,win= 120,total=4933) (win 1.4% | avg 1.4% budget)
  enemy.ai.movement                win=  0.210ms avg=  0.322ms p95=  0.815ms max=  1.310ms calls(last=  2,win= 184,total=1611) (win 1.3% | avg 1.9% budget)
  enemy.ai.perception              win=  0.089ms avg=  0.137ms p95=  0.326ms max=  0.407ms calls(last=  2,win= 184,total=1611) (win 0.5% | avg 0.8% budget)
  frame.render.hud.compass         win=  0.086ms avg=  0.086ms p95=  0.088ms max=  0.335ms calls(last=  1,win= 120,total=4933) (win 0.5% | avg 0.5% budget)
  enemy.physics.frontal_pair_traverse win=  0.085ms avg=  0.033ms p95=  0.156ms max=  0.212ms calls(last=  1,win=  46,total=398) (win 0.5% | avg 0.2% budget)
  system.spawner_update            win=  0.071ms avg=  0.082ms p95=  0.140ms max=  0.529ms calls(last=  1,win= 138,total=5205) (win 0.4% | avg 0.5% budget)
  frame.render.hud.lives           win=  0.058ms avg=  0.058ms p95=  0.057ms max=  0.309ms calls(last=  1,win= 120,total=4933) (win 0.3% | avg 0.3% budget)
  frame.render.hud.static          win=  0.056ms avg=  0.056ms p95=  0.070ms max= 13.280ms calls(last=  1,win= 120,total=4933) (win 0.3% | avg 0.3% budget)
  system.physics_collision         win=  0.040ms avg=  0.046ms p95=  0.082ms max=  0.291ms calls(last=  1,win= 138,total=5205) (win 0.2% | avg 0.3% budget)
[ENEMY_STATS] frame=5400 alive=144 visible=0 full=2 cheap=142 fullInBase=0 pairs(frontal=0 checks=0 separation=0 resolved=0)
[ENEMY_WINDOW] steps=138 alive[min=144 max=144] visible[min=0 max=0] full[min=1 max=2] collisionPasses[runs=47 skips=91]
[ENEMY_SEGMENTS] window=2.300s D{b/s=6.09 avgLen=4.79 fail=0} T{b/s=7.83 avgLen=6.83 fail=0} H{b/s=29.13 avgLen=4.98 fail=552} A{b/s=9.57 avgLen=5.12 fail=414}
[ENEMY_GRID] frontal{cand/s=40.9 xcell/s=0.0 ins/s=40.9} separation{cand/s=40.9}
[ENEMY_COLLISION_WINDOW] frontal{pairs/s=0.0 checks/s=0.0 baseSkip=0 kill=0(0.0%)} separation{pairs/s=0.0 resolved/s=0.0(0.0%) baseSkip=0 kill=0 wallBlock=0}
[ENEMY_KILL_DEBUG] enemyEnemy{events=0 frontal=0 separation=0 reenterEither=0 reenterBoth=0 wallContact=0 dist[min=0.000 avg=0.000 max=0.000]}
[ENEMY_NAV_CACHE] playerCell{changes=2 flowRebuilds=1} flow{hit=47 miss=0 hit%=100.0} pathFallback{calls=0 ok=0 ok%=0.0}
[ENEMY_SAP] updates=6768 active=94 pairs=0 repairs{x=93 y=93}
[ENEMY_PAIR_TYPES] frontal DD=0 DT=0 DH=0 DA=0 TT=0 TH=0 TA=0 HH=0 HA=0 AA=0 separation DD=0 DT=0 DH=0 DA=0 TT=0 TH=0 TA=0 HH=0 HA=0 AA=0
[ENEMY_KILL_DEBUG_COLLISION] projectile{kills=0 wallContact=0}

[PROFILE] frame=5520 budget=16.667ms alloc(+174/-174, +280768b/-280768b, live=288872b peak=567304b)
  frame.total                      win= 20.735ms avg= 20.735ms p95= 28.783ms max= 85.425ms calls(last=  1,win= 120,total=5520) (win 124.4% | avg 124.4% budget)
  frame.fixed_step                 win= 10.433ms avg= 13.041ms p95= 21.028ms max= 24.103ms calls(last=  1,win= 150,total=5833) (win 62.6% | avg 78.2% budget)
  frame.render                     win=  7.652ms avg=  7.652ms p95=  7.954ms max= 85.386ms calls(last=  1,win= 120,total=5520) (win 45.9% | avg 45.9% budget)
  frame.present                    win=  7.645ms avg=  7.645ms p95=  7.946ms max= 85.380ms calls(last=  1,win= 120,total=5520) (win 45.9% | avg 45.9% budget)
  game.update                      win=  4.586ms avg=  5.732ms p95=  9.340ms max= 14.911ms calls(last=  1,win= 150,total=5355) (win 27.5% | avg 34.4% budget)
  system.ai_update                 win=  4.396ms avg=  5.495ms p95=  8.988ms max= 14.724ms calls(last=  1,win= 150,total=5355) (win 26.4% | avg 33.0% budget)
  enemy.update                     win=  4.390ms avg=  5.488ms p95=  8.977ms max= 14.718ms calls(last=  1,win= 150,total=5355) (win 26.3% | avg 32.9% budget)
  frame.render.world               win=  3.478ms avg=  3.478ms p95=  3.661ms max=  7.663ms calls(last=  1,win= 120,total=5053) (win 20.9% | avg 20.9% budget)
  frame.render.hud                 win=  2.338ms avg=  2.338ms p95=  2.509ms max= 18.023ms calls(last=  1,win= 120,total=5053) (win 14.0% | avg 14.0% budget)
  frame.render.hud.minimap         win=  1.838ms avg=  1.838ms p95=  2.010ms max=  8.418ms calls(last=  1,win= 120,total=5053) (win 11.0% | avg 11.0% budget)
  frame.render.world.maze          win=  1.160ms avg=  1.160ms p95=  1.311ms max=  2.840ms calls(last=  1,win= 120,total=5053) (win 7.0% | avg 7.0% budget)
  frame.render.world.enemies       win=  1.127ms avg=  1.127ms p95=  1.206ms max=  3.657ms calls(last=  1,win= 120,total=5053) (win 6.8% | avg 6.8% budget)
  enemy.physics.frontal_collisions win=  0.461ms avg=  0.576ms p95=  0.934ms max=  1.253ms calls(last=  1,win= 150,total=548) (win 2.8% | avg 3.5% budget)
  frame.render.world.effects       win=  0.387ms avg=  0.387ms p95=  0.482ms max=  2.708ms calls(last=  1,win= 120,total=5053) (win 2.3% | avg 2.3% budget)
  enemy.physics.frontal_grid_build win=  0.345ms avg=  0.431ms p95=  0.697ms max=  0.994ms calls(last=  1,win= 150,total=548) (win 2.1% | avg 2.6% budget)
  frame.render.hud.text            win=  0.227ms avg=  0.227ms p95=  0.268ms max=  0.619ms calls(last=  1,win= 120,total=5053) (win 1.4% | avg 1.4% budget)
  enemy.ai.movement                win=  0.209ms avg=  0.724ms p95=  1.292ms max=  1.709ms calls(last=  4,win= 416,total=2027) (win 1.3% | avg 4.3% budget)
  frame.render.hud.compass         win=  0.086ms avg=  0.086ms p95=  0.090ms max=  0.335ms calls(last=  1,win= 120,total=5053) (win 0.5% | avg 0.5% budget)
  enemy.physics.frontal_pair_traverse win=  0.084ms avg=  0.105ms p95=  0.167ms max=  0.212ms calls(last=  1,win= 150,total=548) (win 0.5% | avg 0.6% budget)
  system.spawner_update            win=  0.072ms avg=  0.090ms p95=  0.141ms max=  0.529ms calls(last=  1,win= 150,total=5355) (win 0.4% | avg 0.5% budget)
  enemy.ai.perception              win=  0.064ms avg=  0.223ms p95=  0.403ms max=  0.627ms calls(last=  4,win= 416,total=2027) (win 0.4% | avg 1.3% budget)
  frame.render.hud.static          win=  0.059ms avg=  0.059ms p95=  0.074ms max= 13.280ms calls(last=  1,win= 120,total=5053) (win 0.4% | avg 0.4% budget)
  frame.render.hud.lives           win=  0.055ms avg=  0.055ms p95=  0.057ms max=  0.309ms calls(last=  1,win= 120,total=5053) (win 0.3% | avg 0.3% budget)
  system.physics_collision         win=  0.039ms avg=  0.049ms p95=  0.081ms max=  0.291ms calls(last=  1,win= 150,total=5355) (win 0.2% | avg 0.3% budget)
[ENEMY_STATS] frame=5520 alive=144 visible=0 full=4 cheap=140 fullInBase=0 pairs(frontal=0 checks=0 separation=0 resolved=0)
[ENEMY_WINDOW] steps=150 alive[min=144 max=144] visible[min=0 max=0] full[min=2 max=4] collisionPasses[runs=150 skips=0]
[ENEMY_SEGMENTS] window=2.500s D{b/s=8.80 avgLen=5.03 fail=0} T{b/s=8.80 avgLen=5.58 fail=0} H{b/s=27.60 avgLen=5.22 fail=600} A{b/s=6.00 avgLen=5.46 fail=450}
[ENEMY_GRID] frontal{cand/s=167.2 xcell/s=1.2 ins/s=168.4} separation{cand/s=167.2}
[ENEMY_COLLISION_WINDOW] frontal{pairs/s=0.0 checks/s=0.0 baseSkip=0 kill=0(0.0%)} separation{pairs/s=0.0 resolved/s=0.0(0.0%) baseSkip=0 kill=0 wallBlock=0}
[ENEMY_KILL_DEBUG] enemyEnemy{events=0 frontal=0 separation=0 reenterEither=0 reenterBoth=0 wallContact=0 dist[min=0.000 avg=0.000 max=0.000]}
[ENEMY_NAV_CACHE] playerCell{changes=2 flowRebuilds=1} flow{hit=150 miss=0 hit%=100.0} pathFallback{calls=0 ok=0 ok%=0.0}
[ENEMY_SAP] updates=21600 active=418 pairs=0 repairs{x=127 y=127}
[ENEMY_PAIR_TYPES] frontal DD=0 DT=0 DH=0 DA=0 TT=0 TH=0 TA=0 HH=0 HA=0 AA=0 separation DD=0 DT=0 DH=0 DA=0 TT=0 TH=0 TA=0 HH=0 HA=0 AA=0
[ENEMY_KILL_DEBUG_COLLISION] projectile{kills=0 wallContact=0}

[PROFILE] frame=5640 budget=16.667ms alloc(+365/-365, +562312b/-562312b, live=288872b peak=567304b)
  frame.total                      win= 24.733ms avg= 24.733ms p95= 30.906ms max= 85.425ms calls(last=  1,win= 120,total=5640) (win 148.4% | avg 148.4% budget)
  frame.fixed_step                 win= 11.107ms avg= 16.568ms p95= 22.773ms max= 32.653ms calls(last=  2,win= 179,total=6012) (win 66.6% | avg 99.4% budget)
  frame.render                     win=  8.119ms avg=  8.119ms p95=  8.460ms max= 85.386ms calls(last=  1,win= 120,total=5640) (win 48.7% | avg 48.7% budget)
  frame.present                    win=  8.112ms avg=  8.112ms p95=  8.452ms max= 85.380ms calls(last=  1,win= 120,total=5640) (win 48.7% | avg 48.7% budget)
  game.update                      win=  5.253ms avg=  7.835ms p95= 10.888ms max= 21.126ms calls(last=  2,win= 179,total=5534) (win 31.5% | avg 47.0% budget)
  system.ai_update                 win=  5.058ms avg=  7.545ms p95= 10.509ms max= 20.687ms calls(last=  2,win= 179,total=5534) (win 30.3% | avg 45.3% budget)
  enemy.update                     win=  5.052ms avg=  7.536ms p95= 10.497ms max= 20.675ms calls(last=  2,win= 179,total=5534) (win 30.3% | avg 45.2% budget)
  frame.render.world               win=  3.920ms avg=  3.920ms p95=  4.221ms max=  7.663ms calls(last=  1,win= 120,total=5173) (win 23.5% | avg 23.5% budget)
  frame.render.hud                 win=  2.381ms avg=  2.381ms p95=  2.555ms max= 18.023ms calls(last=  1,win= 120,total=5173) (win 14.3% | avg 14.3% budget)
  frame.render.hud.minimap         win=  1.889ms avg=  1.889ms p95=  2.032ms max=  8.418ms calls(last=  1,win= 120,total=5173) (win 11.3% | avg 11.3% budget)
  frame.render.world.maze          win=  1.185ms avg=  1.185ms p95=  1.254ms max=  2.840ms calls(last=  1,win= 120,total=5173) (win 7.1% | avg 7.1% budget)
  frame.render.world.enemies       win=  1.182ms avg=  1.182ms p95=  1.231ms max=  3.657ms calls(last=  1,win= 120,total=5173) (win 7.1% | avg 7.1% budget)
  frame.render.world.effects       win=  0.780ms avg=  0.780ms p95=  1.118ms max=  2.708ms calls(last=  1,win= 120,total=5173) (win 4.7% | avg 4.7% budget)
  enemy.physics.frontal_collisions win=  0.459ms avg=  0.684ms p95=  0.938ms max=  1.253ms calls(last=  2,win= 179,total=727) (win 2.8% | avg 4.1% budget)
  enemy.physics.frontal_grid_build win=  0.345ms avg=  0.514ms p95=  0.699ms max=  0.994ms calls(last=  2,win= 179,total=727) (win 2.1% | avg 3.1% budget)
  enemy.torpedo.select_heading     win=  0.285ms avg=  0.005ms p95=  0.000ms max=  0.296ms calls(last=  1,win=   2,total=2) (win 1.7% | avg 0.0% budget)
  frame.render.hud.text            win=  0.220ms avg=  0.220ms p95=  0.234ms max=  0.619ms calls(last=  1,win= 120,total=5173) (win 1.3% | avg 1.3% budget)
  enemy.ai.movement                win=  0.206ms avg=  1.519ms p95=  2.472ms max=  3.299ms calls(last= 12,win= 884,total=2911) (win 1.2% | avg 9.1% budget)
  frame.render.hud.compass         win=  0.088ms avg=  0.088ms p95=  0.116ms max=  0.335ms calls(last=  1,win= 120,total=5173) (win 0.5% | avg 0.5% budget)
  enemy.physics.frontal_pair_traverse win=  0.080ms avg=  0.119ms p95=  0.167ms max=  0.212ms calls(last=  2,win= 179,total=727) (win 0.5% | avg 0.7% budget)
  system.spawner_update            win=  0.071ms avg=  0.107ms p95=  0.145ms max=  0.529ms calls(last=  2,win= 179,total=5534) (win 0.4% | avg 0.6% budget)
  enemy.ai.perception              win=  0.059ms avg=  0.438ms p95=  0.667ms max=  0.952ms calls(last= 12,win= 884,total=2911) (win 0.4% | avg 2.6% budget)
  frame.render.hud.lives           win=  0.055ms avg=  0.055ms p95=  0.056ms max=  0.309ms calls(last=  1,win= 120,total=5173) (win 0.3% | avg 0.3% budget)
  frame.render.hud.static          win=  0.055ms avg=  0.055ms p95=  0.072ms max= 13.280ms calls(last=  1,win= 120,total=5173) (win 0.3% | avg 0.3% budget)
[ENEMY_STATS] frame=5640 alive=144 visible=2 full=6 cheap=138 fullInBase=0 pairs(frontal=0 checks=0 separation=0 resolved=0)
[ENEMY_WINDOW] steps=179 alive[min=144 max=144] visible[min=0 max=2] full[min=4 max=6] collisionPasses[runs=179 skips=0]
[ENEMY_SEGMENTS] window=2.983s D{b/s=7.37 avgLen=4.83 fail=0} T{b/s=8.72 avgLen=5.88 fail=0} H{b/s=28.16 avgLen=4.89 fail=874} A{b/s=6.03 avgLen=5.58 fail=537}
[ENEMY_GRID] frontal{cand/s=297.0 xcell/s=2.0 ins/s=299.0} separation{cand/s=297.0}
[ENEMY_COLLISION_WINDOW] frontal{pairs/s=0.0 checks/s=0.0 baseSkip=0 kill=0(0.0%)} separation{pairs/s=0.0 resolved/s=0.0(0.0%) baseSkip=0 kill=0 wallBlock=0}
[ENEMY_KILL_DEBUG] enemyEnemy{events=0 frontal=0 separation=0 reenterEither=0 reenterBoth=0 wallContact=0 dist[min=0.000 avg=0.000 max=0.000]}
[ENEMY_NAV_CACHE] playerCell{changes=3 flowRebuilds=1} flow{hit=276 miss=0 hit%=100.0} pathFallback{calls=0 ok=0 ok%=0.0}
[ENEMY_SAP] updates=25776 active=886 pairs=0 repairs{x=108 y=107}
[ENEMY_PAIR_TYPES] frontal DD=0 DT=0 DH=0 DA=0 TT=0 TH=0 TA=0 HH=0 HA=0 AA=0 separation DD=0 DT=0 DH=0 DA=0 TT=0 TH=0 TA=0 HH=0 HA=0 AA=0
[TORPEDO_HEADING] eval/s=0.67 retreat/s=0.00 pick[straight=50.0% left=50.0% right=0.0%] clear[best=15.00 chosen=15.00]
[ENEMY_KILL_DEBUG_COLLISION] projectile{kills=0 wallContact=0}

[PROFILE] frame=5760 budget=16.667ms alloc(+176/-176, +280768b/-280768b, live=288872b peak=567352b)
  frame.total                      win= 24.473ms avg= 24.473ms p95= 30.810ms max= 85.425ms calls(last=  1,win= 120,total=5760) (win 146.8% | avg 146.8% budget)
  frame.fixed_step                 win= 10.978ms avg= 16.192ms p95= 22.400ms max= 32.653ms calls(last=  1,win= 177,total=6189) (win 65.9% | avg 97.2% budget)
  frame.render                     win=  8.236ms avg=  8.236ms p95=  8.682ms max= 85.386ms calls(last=  1,win= 120,total=5760) (win 49.4% | avg 49.4% budget)
  frame.present                    win=  8.229ms avg=  8.229ms p95=  8.676ms max= 85.380ms calls(last=  1,win= 120,total=5760) (win 49.4% | avg 49.4% budget)
  game.update                      win=  5.103ms avg=  7.528ms p95= 10.775ms max= 21.126ms calls(last=  1,win= 177,total=5711) (win 30.6% | avg 45.2% budget)
  system.ai_update                 win=  4.933ms avg=  7.277ms p95= 10.374ms max= 20.687ms calls(last=  1,win= 177,total=5711) (win 29.6% | avg 43.7% budget)
  enemy.update                     win=  4.927ms avg=  7.268ms p95= 10.364ms max= 20.675ms calls(last=  1,win= 177,total=5711) (win 29.6% | avg 43.6% budget)
  frame.render.world               win=  4.030ms avg=  4.030ms p95=  4.426ms max=  7.663ms calls(last=  1,win= 120,total=5293) (win 24.2% | avg 24.2% budget)
  frame.render.hud                 win=  2.360ms avg=  2.360ms p95=  2.614ms max= 18.023ms calls(last=  1,win= 120,total=5293) (win 14.2% | avg 14.2% budget)
  frame.render.hud.minimap         win=  1.873ms avg=  1.873ms p95=  2.099ms max=  8.418ms calls(last=  1,win= 120,total=5293) (win 11.2% | avg 11.2% budget)
  frame.render.world.enemies       win=  1.205ms avg=  1.205ms p95=  1.272ms max=  3.657ms calls(last=  1,win= 120,total=5293) (win 7.2% | avg 7.2% budget)
  frame.render.world.maze          win=  1.150ms avg=  1.150ms p95=  1.232ms max=  2.840ms calls(last=  1,win= 120,total=5293) (win 6.9% | avg 6.9% budget)
  frame.render.world.effects       win=  1.131ms avg=  1.131ms p95=  1.325ms max=  2.708ms calls(last=  1,win= 120,total=5293) (win 6.8% | avg 6.8% budget)
  enemy.physics.frontal_collisions win=  0.456ms avg=  0.672ms p95=  0.957ms max=  1.253ms calls(last=  1,win= 177,total=904) (win 2.7% | avg 4.0% budget)
  enemy.physics.frontal_grid_build win=  0.345ms avg=  0.509ms p95=  0.727ms max=  0.994ms calls(last=  1,win= 177,total=904) (win 2.1% | avg 3.1% budget)
  frame.render.hud.text            win=  0.223ms avg=  0.223ms p95=  0.254ms max=  0.619ms calls(last=  1,win= 120,total=5293) (win 1.3% | avg 1.3% budget)
  enemy.ai.movement                win=  0.172ms avg=  1.462ms p95=  2.424ms max=  3.299ms calls(last=  6,win=1020,total=3931) (win 1.0% | avg 8.8% budget)
  frame.render.hud.compass         win=  0.085ms avg=  0.085ms p95=  0.087ms max=  0.335ms calls(last=  1,win= 120,total=5293) (win 0.5% | avg 0.5% budget)
  enemy.physics.frontal_pair_traverse win=  0.076ms avg=  0.112ms p95=  0.167ms max=  0.216ms calls(last=  1,win= 177,total=904) (win 0.5% | avg 0.7% budget)
  system.spawner_update            win=  0.076ms avg=  0.112ms p95=  0.160ms max=  0.529ms calls(last=  1,win= 177,total=5711) (win 0.5% | avg 0.7% budget)
  frame.render.hud.lives           win=  0.056ms avg=  0.056ms p95=  0.068ms max=  0.309ms calls(last=  1,win= 120,total=5293) (win 0.3% | avg 0.3% budget)
  frame.render.hud.static          win=  0.051ms avg=  0.051ms p95=  0.062ms max= 13.280ms calls(last=  1,win= 120,total=5293) (win 0.3% | avg 0.3% budget)
  enemy.ai.perception              win=  0.041ms avg=  0.352ms p95=  0.560ms max=  0.952ms calls(last=  6,win=1020,total=3931) (win 0.2% | avg 2.1% budget)
  frame.render.hud.bars            win=  0.038ms avg=  0.038ms p95=  0.040ms max=  0.373ms calls(last=  1,win= 120,total=5293) (win 0.2% | avg 0.2% budget)
[ENEMY_STATS] frame=5760 alive=144 visible=3 full=6 cheap=138 fullInBase=0 pairs(frontal=0 checks=0 separation=0 resolved=0)
[ENEMY_WINDOW] steps=177 alive[min=144 max=144] visible[min=2 max=3] full[min=5 max=6] collisionPasses[runs=177 skips=0]
[ENEMY_SEGMENTS] window=2.950s D{b/s=8.47 avgLen=5.06 fail=0} T{b/s=8.14 avgLen=6.41 fail=0} H{b/s=29.15 avgLen=4.79 fail=885} A{b/s=8.14 avgLen=5.29 fail=531}
[ENEMY_GRID] frontal{cand/s=345.8 xcell/s=2.0 ins/s=347.8} separation{cand/s=345.8}
[ENEMY_COLLISION_WINDOW] frontal{pairs/s=2.4 checks/s=2.4 baseSkip=0 kill=0(0.0%)} separation{pairs/s=2.4 resolved/s=0.0(0.0%) baseSkip=0 kill=0 wallBlock=0}
[ENEMY_KILL_DEBUG] enemyEnemy{events=0 frontal=0 separation=0 reenterEither=0 reenterBoth=0 wallContact=0 dist[min=0.000 avg=0.000 max=0.000]}
[ENEMY_NAV_CACHE] playerCell{changes=1 flowRebuilds=0} flow{hit=264 miss=0 hit%=100.0} pathFallback{calls=0 ok=0 ok%=0.0}
[ENEMY_SAP] updates=25488 active=1020 pairs=7 repairs{x=12 y=10}
[ENEMY_PAIR_TYPES] frontal DD=0 DT=0 DH=7 DA=0 TT=0 TH=0 TA=0 HH=0 HA=0 AA=0 separation DD=0 DT=0 DH=7 DA=0 TT=0 TH=0 TA=0 HH=0 HA=0 AA=0
[ENEMY_KILL_DEBUG_COLLISION] projectile{kills=0 wallContact=0}

[PROFILE] frame=5880 budget=16.667ms alloc(+348/-348, +561440b/-561440b, live=288872b peak=567352b)
  frame.total                      win= 21.087ms avg= 21.087ms p95= 29.337ms max= 85.425ms calls(last=  1,win= 120,total=5880) (win 126.5% | avg 126.5% budget)
  frame.fixed_step                 win= 10.434ms avg= 13.304ms p95= 21.314ms max= 32.653ms calls(last=  2,win= 153,total=6342) (win 62.6% | avg 79.8% budget)
  frame.render                     win=  7.738ms avg=  7.738ms p95=  8.211ms max= 85.386ms calls(last=  1,win= 120,total=5880) (win 46.4% | avg 46.4% budget)
  frame.present                    win=  7.731ms avg=  7.731ms p95=  8.205ms max= 85.380ms calls(last=  1,win= 120,total=5880) (win 46.4% | avg 46.4% budget)
  game.update                      win=  4.523ms avg=  5.767ms p95=  9.588ms max= 21.126ms calls(last=  2,win= 153,total=5864) (win 27.1% | avg 34.6% budget)
  system.ai_update                 win=  4.377ms avg=  5.581ms p95=  9.322ms max= 20.687ms calls(last=  2,win= 153,total=5864) (win 26.3% | avg 33.5% budget)
  enemy.update                     win=  4.371ms avg=  5.573ms p95=  9.310ms max= 20.675ms calls(last=  2,win= 153,total=5864) (win 26.2% | avg 33.4% budget)
  frame.render.world               win=  3.537ms avg=  3.537ms p95=  3.973ms max=  7.663ms calls(last=  1,win= 120,total=5413) (win 21.2% | avg 21.2% budget)
  frame.render.hud                 win=  2.385ms avg=  2.385ms p95=  2.515ms max= 18.023ms calls(last=  1,win= 120,total=5413) (win 14.3% | avg 14.3% budget)
  frame.render.hud.minimap         win=  1.898ms avg=  1.898ms p95=  2.030ms max=  8.418ms calls(last=  1,win= 120,total=5413) (win 11.4% | avg 11.4% budget)
  frame.render.world.enemies       win=  1.202ms avg=  1.202ms p95=  1.334ms max=  3.657ms calls(last=  1,win= 120,total=5413) (win 7.2% | avg 7.2% budget)
  frame.render.world.maze          win=  1.011ms avg=  1.011ms p95=  1.263ms max=  2.840ms calls(last=  1,win= 120,total=5413) (win 6.1% | avg 6.1% budget)
  frame.render.world.effects       win=  0.764ms avg=  0.764ms p95=  1.090ms max=  2.708ms calls(last=  1,win= 120,total=5413) (win 4.6% | avg 4.6% budget)
  enemy.physics.frontal_collisions win=  0.455ms avg=  0.581ms p95=  0.945ms max=  1.253ms calls(last=  2,win= 153,total=1057) (win 2.7% | avg 3.5% budget)
  enemy.physics.frontal_grid_build win=  0.341ms avg=  0.435ms p95=  0.696ms max=  0.994ms calls(last=  2,win= 153,total=1057) (win 2.0% | avg 2.6% budget)
  frame.render.hud.text            win=  0.224ms avg=  0.224ms p95=  0.261ms max=  0.619ms calls(last=  1,win= 120,total=5413) (win 1.3% | avg 1.3% budget)
  enemy.ai.movement                win=  0.133ms avg=  0.757ms p95=  1.541ms max=  3.299ms calls(last=  6,win= 681,total=4612) (win 0.8% | avg 4.5% budget)
  frame.render.hud.compass         win=  0.087ms avg=  0.087ms p95=  0.108ms max=  0.335ms calls(last=  1,win= 120,total=5413) (win 0.5% | avg 0.5% budget)
  enemy.physics.frontal_pair_traverse win=  0.081ms avg=  0.104ms p95=  0.168ms max=  0.220ms calls(last=  2,win= 153,total=1057) (win 0.5% | avg 0.6% budget)
  system.spawner_update            win=  0.075ms avg=  0.096ms p95=  0.158ms max=  0.529ms calls(last=  2,win= 153,total=5864) (win 0.4% | avg 0.6% budget)
  frame.render.hud.static          win=  0.054ms avg=  0.054ms p95=  0.068ms max= 13.280ms calls(last=  1,win= 120,total=5413) (win 0.3% | avg 0.3% budget)
  frame.render.hud.lives           win=  0.050ms avg=  0.050ms p95=  0.054ms max=  0.309ms calls(last=  1,win= 120,total=5413) (win 0.3% | avg 0.3% budget)
  frame.render.hud.bars            win=  0.039ms avg=  0.039ms p95=  0.040ms max=  0.373ms calls(last=  1,win= 120,total=5413) (win 0.2% | avg 0.2% budget)
  enemy.ai.perception              win=  0.035ms avg=  0.201ms p95=  0.373ms max=  0.952ms calls(last=  6,win= 681,total=4612) (win 0.2% | avg 1.2% budget)
[ENEMY_STATS] frame=5880 alive=144 visible=1 full=3 cheap=141 fullInBase=0 pairs(frontal=0 checks=0 separation=0 resolved=0)
[ENEMY_WINDOW] steps=153 alive[min=144 max=144] visible[min=1 max=3] full[min=3 max=6] collisionPasses[runs=153 skips=0]
[ENEMY_SEGMENTS] window=2.550s D{b/s=8.24 avgLen=5.85 fail=0} T{b/s=9.41 avgLen=6.17 fail=2} H{b/s=27.84 avgLen=5.15 fail=765} A{b/s=6.67 avgLen=4.88 fail=459}
[ENEMY_GRID] frontal{cand/s=265.9 xcell/s=1.2 ins/s=267.1} separation{cand/s=265.9}
[ENEMY_COLLISION_WINDOW] frontal{pairs/s=0.0 checks/s=0.0 baseSkip=0 kill=0(0.0%)} separation{pairs/s=0.0 resolved/s=0.0(0.0%) baseSkip=0 kill=0 wallBlock=0}
[ENEMY_KILL_DEBUG] enemyEnemy{events=0 frontal=0 separation=0 reenterEither=0 reenterBoth=0 wallContact=0 dist[min=0.000 avg=0.000 max=0.000]}
[ENEMY_NAV_CACHE] playerCell{changes=1 flowRebuilds=0} flow{hit=89 miss=0 hit%=100.0} pathFallback{calls=0 ok=0 ok%=0.0}
[ENEMY_SAP] updates=22032 active=678 pairs=0 repairs{x=133 y=131}
[ENEMY_PAIR_TYPES] frontal DD=0 DT=0 DH=0 DA=0 TT=0 TH=0 TA=0 HH=0 HA=0 AA=0 separation DD=0 DT=0 DH=0 DA=0 TT=0 TH=0 TA=0 HH=0 HA=0 AA=0
[ENEMY_KILL_DEBUG_COLLISION] projectile{kills=0 wallContact=0}

[PROFILE] frame=6000 budget=16.667ms alloc(+174/-174, +280704b/-280704b, live=288872b peak=567352b)
  frame.total                      win= 19.510ms avg= 19.510ms p95= 28.026ms max= 85.425ms calls(last=  1,win= 120,total=6000) (win 117.1% | avg 117.1% budget)
  frame.fixed_step                 win= 10.327ms avg= 12.134ms p95= 20.724ms max= 32.653ms calls(last=  1,win= 141,total=6483) (win 62.0% | avg 72.8% budget)
  frame.render                     win=  7.334ms avg=  7.334ms p95=  7.658ms max= 85.386ms calls(last=  1,win= 120,total=6000) (win 44.0% | avg 44.0% budget)
  frame.present                    win=  7.327ms avg=  7.327ms p95=  7.651ms max= 85.380ms calls(last=  1,win= 120,total=6000) (win 44.0% | avg 44.0% budget)
  game.update                      win=  4.490ms avg=  5.276ms p95=  9.041ms max= 21.126ms calls(last=  1,win= 141,total=6005) (win 26.9% | avg 31.7% budget)
  system.ai_update                 win=  4.316ms avg=  5.071ms p95=  8.680ms max= 20.687ms calls(last=  1,win= 141,total=6005) (win 25.9% | avg 30.4% budget)
  enemy.update                     win=  4.310ms avg=  5.064ms p95=  8.667ms max= 20.675ms calls(last=  1,win= 141,total=6005) (win 25.9% | avg 30.4% budget)
  frame.render.world               win=  3.171ms avg=  3.171ms p95=  3.325ms max=  7.663ms calls(last=  1,win= 120,total=5533) (win 19.0% | avg 19.0% budget)
  frame.render.hud                 win=  2.348ms avg=  2.348ms p95=  2.588ms max= 18.023ms calls(last=  1,win= 120,total=5533) (win 14.1% | avg 14.1% budget)
  frame.render.hud.minimap         win=  1.860ms avg=  1.860ms p95=  2.055ms max=  8.418ms calls(last=  1,win= 120,total=5533) (win 11.2% | avg 11.2% budget)
  frame.render.world.enemies       win=  1.168ms avg=  1.168ms p95=  1.246ms max=  3.657ms calls(last=  1,win= 120,total=5533) (win 7.0% | avg 7.0% budget)
  frame.render.world.maze          win=  0.791ms avg=  0.791ms p95=  0.877ms max=  2.840ms calls(last=  1,win= 120,total=5533) (win 4.7% | avg 4.7% budget)
  enemy.physics.frontal_collisions win=  0.450ms avg=  0.529ms p95=  0.891ms max=  1.253ms calls(last=  1,win= 141,total=1198) (win 2.7% | avg 3.2% budget)
  frame.render.world.effects       win=  0.420ms avg=  0.420ms p95=  0.511ms max=  2.708ms calls(last=  1,win= 120,total=5533) (win 2.5% | avg 2.5% budget)
  enemy.physics.frontal_grid_build win=  0.337ms avg=  0.396ms p95=  0.670ms max=  0.994ms calls(last=  1,win= 141,total=1198) (win 2.0% | avg 2.4% budget)
  frame.render.hud.text            win=  0.227ms avg=  0.227ms p95=  0.271ms max=  0.619ms calls(last=  1,win= 120,total=5533) (win 1.4% | avg 1.4% budget)
  enemy.ai.movement                win=  0.203ms avg=  0.714ms p95=  1.198ms max=  3.299ms calls(last=  3,win= 423,total=5035) (win 1.2% | avg 4.3% budget)
  frame.render.hud.compass         win=  0.085ms avg=  0.085ms p95=  0.087ms max=  0.335ms calls(last=  1,win= 120,total=5533) (win 0.5% | avg 0.5% budget)
  enemy.physics.frontal_pair_traverse win=  0.081ms avg=  0.096ms p95=  0.161ms max=  0.220ms calls(last=  1,win= 141,total=1198) (win 0.5% | avg 0.6% budget)
  system.spawner_update            win=  0.072ms avg=  0.085ms p95=  0.142ms max=  0.529ms calls(last=  1,win= 141,total=6005) (win 0.4% | avg 0.5% budget)
  frame.render.hud.static          win=  0.057ms avg=  0.057ms p95=  0.069ms max= 13.280ms calls(last=  1,win= 120,total=5533) (win 0.3% | avg 0.3% budget)
  frame.render.hud.lives           win=  0.045ms avg=  0.045ms p95=  0.046ms max=  0.309ms calls(last=  1,win= 120,total=5533) (win 0.3% | avg 0.3% budget)
  enemy.ai.perception              win=  0.040ms avg=  0.140ms p95=  0.292ms max=  0.952ms calls(last=  3,win= 423,total=5035) (win 0.2% | avg 0.8% budget)
  frame.render.hud.bars            win=  0.039ms avg=  0.039ms p95=  0.040ms max=  0.373ms calls(last=  1,win= 120,total=5533) (win 0.2% | avg 0.2% budget)
[ENEMY_STATS] frame=6000 alive=144 visible=0 full=3 cheap=141 fullInBase=0 pairs(frontal=0 checks=0 separation=0 resolved=0)
[ENEMY_WINDOW] steps=141 alive[min=144 max=144] visible[min=0 max=1] full[min=3 max=3] collisionPasses[runs=141 skips=0]
[ENEMY_SEGMENTS] window=2.350s D{b/s=5.53 avgLen=5.59 fail=0} T{b/s=7.23 avgLen=6.30 fail=0} H{b/s=30.21 avgLen=4.65 fail=766} A{b/s=7.66 avgLen=5.70 fail=423}
[ENEMY_GRID] frontal{cand/s=180.0 xcell/s=0.9 ins/s=180.9} separation{cand/s=180.0}
[ENEMY_COLLISION_WINDOW] frontal{pairs/s=0.0 checks/s=0.0 baseSkip=0 kill=0(0.0%)} separation{pairs/s=0.0 resolved/s=0.0(0.0%) baseSkip=0 kill=0 wallBlock=0}
[ENEMY_KILL_DEBUG] enemyEnemy{events=0 frontal=0 separation=0 reenterEither=0 reenterBoth=0 wallContact=0 dist[min=0.000 avg=0.000 max=0.000]}
[ENEMY_NAV_CACHE] playerCell{changes=0 flowRebuilds=0} flow{hit=0 miss=0 hit%=0.0} pathFallback{calls=0 ok=0 ok%=0.0}
[ENEMY_SAP] updates=20304 active=423 pairs=0 repairs{x=0 y=0}
[ENEMY_PAIR_TYPES] frontal DD=0 DT=0 DH=0 DA=0 TT=0 TH=0 TA=0 HH=0 HA=0 AA=0 separation DD=0 DT=0 DH=0 DA=0 TT=0 TH=0 TA=0 HH=0 HA=0 AA=0
[ENEMY_KILL_DEBUG_COLLISION] projectile{kills=0 wallContact=0}

[PROFILE] frame=6120 budget=16.667ms alloc(+348/-348, +561472b/-561472b, live=288872b peak=567352b)
  frame.total                      win= 20.281ms avg= 20.281ms p95= 28.170ms max= 85.425ms calls(last=  1,win= 120,total=6120) (win 121.7% | avg 121.7% budget)
  frame.fixed_step                 win= 10.384ms avg= 12.720ms p95= 20.629ms max= 32.653ms calls(last=  2,win= 147,total=6630) (win 62.3% | avg 76.3% budget)
  frame.render                     win=  7.516ms avg=  7.516ms p95=  7.845ms max= 85.386ms calls(last=  1,win= 120,total=6120) (win 45.1% | avg 45.1% budget)
  frame.present                    win=  7.509ms avg=  7.509ms p95=  7.838ms max= 85.380ms calls(last=  1,win= 120,total=6120) (win 45.1% | avg 45.1% budget)
  game.update                      win=  4.524ms avg=  5.542ms p95=  9.022ms max= 21.126ms calls(last=  2,win= 147,total=6152) (win 27.1% | avg 33.3% budget)
  system.ai_update                 win=  4.337ms avg=  5.313ms p95=  8.648ms max= 20.687ms calls(last=  2,win= 147,total=6152) (win 26.0% | avg 31.9% budget)
  enemy.update                     win=  4.331ms avg=  5.305ms p95=  8.637ms max= 20.675ms calls(last=  2,win= 147,total=6152) (win 26.0% | avg 31.8% budget)
  frame.render.world               win=  3.349ms avg=  3.349ms p95=  3.588ms max=  7.663ms calls(last=  1,win= 120,total=5653) (win 20.1% | avg 20.1% budget)
  frame.render.hud                 win=  2.362ms avg=  2.362ms p95=  2.602ms max= 18.023ms calls(last=  1,win= 120,total=5653) (win 14.2% | avg 14.2% budget)
  frame.render.hud.minimap         win=  1.867ms avg=  1.867ms p95=  2.114ms max=  8.418ms calls(last=  1,win= 120,total=5653) (win 11.2% | avg 11.2% budget)
  frame.render.world.enemies       win=  1.191ms avg=  1.191ms p95=  1.350ms max=  3.657ms calls(last=  1,win= 120,total=5653) (win 7.1% | avg 7.1% budget)
  frame.render.world.maze          win=  0.949ms avg=  0.949ms p95=  1.057ms max=  2.840ms calls(last=  1,win= 120,total=5653) (win 5.7% | avg 5.7% budget)
  enemy.physics.frontal_collisions win=  0.460ms avg=  0.563ms p95=  0.923ms max=  1.253ms calls(last=  2,win= 147,total=1345) (win 2.8% | avg 3.4% budget)
  frame.render.world.effects       win=  0.409ms avg=  0.409ms p95=  0.593ms max=  2.708ms calls(last=  1,win= 120,total=5653) (win 2.5% | avg 2.5% budget)
  enemy.physics.frontal_grid_build win=  0.345ms avg=  0.422ms p95=  0.700ms max=  0.994ms calls(last=  2,win= 147,total=1345) (win 2.1% | avg 2.5% budget)
  frame.render.hud.text            win=  0.232ms avg=  0.232ms p95=  0.275ms max=  0.619ms calls(last=  1,win= 120,total=5653) (win 1.4% | avg 1.4% budget)
  enemy.ai.movement                win=  0.158ms avg=  0.582ms p95=  0.915ms max=  3.299ms calls(last=  6,win= 441,total=5476) (win 0.9% | avg 3.5% budget)
  frame.render.hud.compass         win=  0.086ms avg=  0.086ms p95=  0.089ms max=  0.335ms calls(last=  1,win= 120,total=5653) (win 0.5% | avg 0.5% budget)
  enemy.physics.frontal_pair_traverse win=  0.082ms avg=  0.101ms p95=  0.163ms max=  0.220ms calls(last=  2,win= 147,total=1345) (win 0.5% | avg 0.6% budget)
  system.spawner_update            win=  0.071ms avg=  0.087ms p95=  0.141ms max=  0.529ms calls(last=  2,win= 147,total=6152) (win 0.4% | avg 0.5% budget)
  frame.render.hud.static          win=  0.057ms avg=  0.057ms p95=  0.074ms max= 13.280ms calls(last=  1,win= 120,total=5653) (win 0.3% | avg 0.3% budget)
  enemy.ai.perception              win=  0.046ms avg=  0.169ms p95=  0.290ms max=  0.952ms calls(last=  6,win= 441,total=5476) (win 0.3% | avg 1.0% budget)
  frame.render.hud.lives           win=  0.045ms avg=  0.045ms p95=  0.047ms max=  0.309ms calls(last=  1,win= 120,total=5653) (win 0.3% | avg 0.3% budget)
  frame.render.hud.bars            win=  0.038ms avg=  0.038ms p95=  0.040ms max=  0.373ms calls(last=  1,win= 120,total=5653) (win 0.2% | avg 0.2% budget)
[ENEMY_STATS] frame=6120 alive=144 visible=2 full=3 cheap=141 fullInBase=0 pairs(frontal=0 checks=0 separation=0 resolved=0)
[ENEMY_WINDOW] steps=147 alive[min=144 max=144] visible[min=0 max=2] full[min=3 max=3] collisionPasses[runs=147 skips=0]
[ENEMY_SEGMENTS] window=2.450s D{b/s=8.98 avgLen=4.52 fail=0} T{b/s=9.39 avgLen=6.09 fail=0} H{b/s=26.53 avgLen=4.93 fail=882} A{b/s=7.76 avgLen=4.91 fail=441}
[ENEMY_GRID] frontal{cand/s=180.0 xcell/s=0.8 ins/s=180.8} separation{cand/s=180.0}
[ENEMY_COLLISION_WINDOW] frontal{pairs/s=0.0 checks/s=0.0 baseSkip=0 kill=0(0.0%)} separation{pairs/s=0.0 resolved/s=0.0(0.0%) baseSkip=0 kill=0 wallBlock=0}
[ENEMY_KILL_DEBUG] enemyEnemy{events=0 frontal=0 separation=0 reenterEither=0 reenterBoth=0 wallContact=0 dist[min=0.000 avg=0.000 max=0.000]}
[ENEMY_NAV_CACHE] playerCell{changes=1 flowRebuilds=1} flow{hit=0 miss=0 hit%=0.0} pathFallback{calls=0 ok=0 ok%=0.0}
[ENEMY_SAP] updates=21168 active=441 pairs=0 repairs{x=0 y=0}
[ENEMY_PAIR_TYPES] frontal DD=0 DT=0 DH=0 DA=0 TT=0 TH=0 TA=0 HH=0 HA=0 AA=0 separation DD=0 DT=0 DH=0 DA=0 TT=0 TH=0 TA=0 HH=0 HA=0 AA=0
[ENEMY_KILL_DEBUG_COLLISION] projectile{kills=0 wallContact=0}

[PROFILE] frame=6240 budget=16.667ms alloc(+174/-174, +280752b/-280752b, live=288872b peak=567352b)
  frame.total                      win= 20.743ms avg= 20.743ms p95= 28.652ms max= 85.425ms calls(last=  1,win= 120,total=6240) (win 124.5% | avg 124.5% budget)
  frame.fixed_step                 win= 10.345ms avg= 12.932ms p95= 20.832ms max= 32.653ms calls(last=  1,win= 150,total=6780) (win 62.1% | avg 77.6% budget)
  frame.render                     win=  7.768ms avg=  7.768ms p95=  8.264ms max= 85.386ms calls(last=  1,win= 120,total=6240) (win 46.6% | avg 46.6% budget)
  frame.present                    win=  7.761ms avg=  7.761ms p95=  8.257ms max= 85.380ms calls(last=  1,win= 120,total=6240) (win 46.6% | avg 46.6% budget)
  game.update                      win=  4.487ms avg=  5.609ms p95=  9.084ms max= 21.126ms calls(last=  1,win= 150,total=6302) (win 26.9% | avg 33.7% budget)
  system.ai_update                 win=  4.301ms avg=  5.377ms p95=  8.711ms max= 20.687ms calls(last=  1,win= 150,total=6302) (win 25.8% | avg 32.3% budget)
  enemy.update                     win=  4.295ms avg=  5.369ms p95=  8.699ms max= 20.675ms calls(last=  1,win= 150,total=6302) (win 25.8% | avg 32.2% budget)
  frame.render.world               win=  3.478ms avg=  3.478ms p95=  3.642ms max=  7.663ms calls(last=  1,win= 120,total=5773) (win 20.9% | avg 20.9% budget)
  frame.render.hud                 win=  2.429ms avg=  2.429ms p95=  2.632ms max= 18.023ms calls(last=  1,win= 120,total=5773) (win 14.6% | avg 14.6% budget)
  frame.render.hud.minimap         win=  1.923ms avg=  1.923ms p95=  2.096ms max=  8.418ms calls(last=  1,win= 120,total=5773) (win 11.5% | avg 11.5% budget)
  frame.render.world.enemies       win=  1.171ms avg=  1.171ms p95=  1.249ms max=  3.657ms calls(last=  1,win= 120,total=5773) (win 7.0% | avg 7.0% budget)
  frame.render.world.maze          win=  1.075ms avg=  1.075ms p95=  1.154ms max=  2.840ms calls(last=  1,win= 120,total=5773) (win 6.5% | avg 6.5% budget)
  enemy.physics.frontal_collisions win=  0.473ms avg=  0.591ms p95=  0.987ms max=  1.289ms calls(last=  1,win= 150,total=1495) (win 2.8% | avg 3.5% budget)
  frame.render.world.effects       win=  0.400ms avg=  0.400ms p95=  0.485ms max=  2.708ms calls(last=  1,win= 120,total=5773) (win 2.4% | avg 2.4% budget)
  enemy.physics.frontal_grid_build win=  0.347ms avg=  0.433ms p95=  0.701ms max=  0.994ms calls(last=  1,win= 150,total=1495) (win 2.1% | avg 2.6% budget)
  frame.render.hud.text            win=  0.235ms avg=  0.235ms p95=  0.299ms max=  0.619ms calls(last=  1,win= 120,total=5773) (win 1.4% | avg 1.4% budget)
  enemy.ai.movement                win=  0.148ms avg=  0.554ms p95=  0.921ms max=  3.299ms calls(last=  3,win= 450,total=5926) (win 0.9% | avg 3.3% budget)
  enemy.physics.frontal_pair_traverse win=  0.093ms avg=  0.117ms p95=  0.233ms max=  0.329ms calls(last=  1,win= 150,total=1495) (win 0.6% | avg 0.7% budget)
  frame.render.hud.compass         win=  0.089ms avg=  0.089ms p95=  0.117ms max=  0.335ms calls(last=  1,win= 120,total=5773) (win 0.5% | avg 0.5% budget)
  system.spawner_update            win=  0.070ms avg=  0.088ms p95=  0.141ms max=  0.529ms calls(last=  1,win= 150,total=6302) (win 0.4% | avg 0.5% budget)
  frame.render.hud.static          win=  0.060ms avg=  0.060ms p95=  0.077ms max= 13.280ms calls(last=  1,win= 120,total=5773) (win 0.4% | avg 0.4% budget)
  enemy.ai.perception              win=  0.056ms avg=  0.208ms p95=  0.361ms max=  0.952ms calls(last=  3,win= 450,total=5926) (win 0.3% | avg 1.3% budget)
  frame.render.hud.lives           win=  0.046ms avg=  0.046ms p95=  0.047ms max=  0.309ms calls(last=  1,win= 120,total=5773) (win 0.3% | avg 0.3% budget)
  frame.render.hud.bars            win=  0.040ms avg=  0.040ms p95=  0.040ms max=  0.373ms calls(last=  1,win= 120,total=5773) (win 0.2% | avg 0.2% budget)
[ENEMY_STATS] frame=6240 alive=144 visible=1 full=3 cheap=141 fullInBase=0 pairs(frontal=0 checks=0 separation=0 resolved=0)
[ENEMY_WINDOW] steps=150 alive[min=144 max=144] visible[min=1 max=2] full[min=3 max=3] collisionPasses[runs=150 skips=0]
[ENEMY_SEGMENTS] window=2.500s D{b/s=6.40 avgLen=4.94 fail=0} T{b/s=8.40 avgLen=6.05 fail=0} H{b/s=28.40 avgLen=5.30 fail=900} A{b/s=6.40 avgLen=5.48 fail=543}
[ENEMY_GRID] frontal{cand/s=180.0 xcell/s=0.0 ins/s=180.0} separation{cand/s=180.0}
[ENEMY_COLLISION_WINDOW] frontal{pairs/s=0.0 checks/s=0.0 baseSkip=0 kill=0(0.0%)} separation{pairs/s=0.0 resolved/s=0.0(0.0%) baseSkip=0 kill=0 wallBlock=0}
[ENEMY_KILL_DEBUG] enemyEnemy{events=0 frontal=0 separation=0 reenterEither=0 reenterBoth=0 wallContact=0 dist[min=0.000 avg=0.000 max=0.000]}
[ENEMY_NAV_CACHE] playerCell{changes=2 flowRebuilds=0} flow{hit=0 miss=0 hit%=0.0} pathFallback{calls=0 ok=0 ok%=0.0}
[ENEMY_SAP] updates=21600 active=450 pairs=0 repairs{x=0 y=0}
[ENEMY_PAIR_TYPES] frontal DD=0 DT=0 DH=0 DA=0 TT=0 TH=0 TA=0 HH=0 HA=0 AA=0 separation DD=0 DT=0 DH=0 DA=0 TT=0 TH=0 TA=0 HH=0 HA=0 AA=0
[ENEMY_KILL_DEBUG_COLLISION] projectile{kills=0 wallContact=0}

[PROFILE] frame=6360 budget=16.667ms alloc(+175/-175, +280808b/-280808b, live=288872b peak=567352b)
  frame.total                      win= 22.387ms avg= 22.387ms p95= 29.472ms max= 85.425ms calls(last=  1,win= 120,total=6360) (win 134.3% | avg 134.3% budget)
  frame.fixed_step                 win= 10.559ms avg= 14.254ms p95= 21.184ms max= 32.653ms calls(last=  1,win= 162,total=6942) (win 63.4% | avg 85.5% budget)
  frame.render                     win=  8.090ms avg=  8.090ms p95=  8.538ms max= 85.386ms calls(last=  1,win= 120,total=6360) (win 48.5% | avg 48.5% budget)
  frame.present                    win=  8.082ms avg=  8.082ms p95=  8.532ms max= 85.380ms calls(last=  1,win= 120,total=6360) (win 48.5% | avg 48.5% budget)
  game.update                      win=  4.683ms avg=  6.322ms p95=  9.484ms max= 21.126ms calls(last=  1,win= 162,total=6464) (win 28.1% | avg 37.9% budget)
  system.ai_update                 win=  4.487ms avg=  6.058ms p95=  9.039ms max= 20.687ms calls(last=  1,win= 162,total=6464) (win 26.9% | avg 36.3% budget)
  enemy.update                     win=  4.481ms avg=  6.049ms p95=  9.012ms max= 20.675ms calls(last=  1,win= 162,total=6464) (win 26.9% | avg 36.3% budget)
  frame.render.world               win=  3.863ms avg=  3.863ms p95=  4.116ms max=  7.663ms calls(last=  1,win= 120,total=5893) (win 23.2% | avg 23.2% budget)
  frame.render.hud                 win=  2.382ms avg=  2.382ms p95=  2.627ms max= 18.023ms calls(last=  1,win= 120,total=5893) (win 14.3% | avg 14.3% budget)
  frame.render.hud.minimap         win=  1.896ms avg=  1.896ms p95=  2.081ms max=  8.418ms calls(last=  1,win= 120,total=5893) (win 11.4% | avg 11.4% budget)
  frame.render.world.enemies       win=  1.169ms avg=  1.169ms p95=  1.249ms max=  3.657ms calls(last=  1,win= 120,total=5893) (win 7.0% | avg 7.0% budget)
  frame.render.world.maze          win=  1.117ms avg=  1.117ms p95=  1.186ms max=  2.840ms calls(last=  1,win= 120,total=5893) (win 6.7% | avg 6.7% budget)
  frame.render.world.effects       win=  0.830ms avg=  0.830ms p95=  0.989ms max=  2.708ms calls(last=  1,win= 120,total=5893) (win 5.0% | avg 5.0% budget)
  enemy.physics.frontal_collisions win=  0.475ms avg=  0.642ms p95=  1.045ms max=  1.289ms calls(last=  1,win= 162,total=1657) (win 2.9% | avg 3.8% budget)
  enemy.physics.frontal_grid_build win=  0.346ms avg=  0.467ms p95=  0.704ms max=  0.994ms calls(last=  1,win= 162,total=1657) (win 2.1% | avg 2.8% budget)
  frame.render.hud.text            win=  0.223ms avg=  0.223ms p95=  0.256ms max=  0.619ms calls(last=  1,win= 120,total=5893) (win 1.3% | avg 1.3% budget)
  enemy.ai.movement                win=  0.149ms avg=  0.737ms p95=  1.319ms max=  3.299ms calls(last=  4,win= 595,total=6521) (win 0.9% | avg 4.4% budget)
  enemy.physics.frontal_pair_traverse win=  0.095ms avg=  0.128ms p95=  0.237ms max=  0.329ms calls(last=  1,win= 162,total=1657) (win 0.6% | avg 0.8% budget)
  frame.render.hud.compass         win=  0.089ms avg=  0.089ms p95=  0.120ms max=  0.335ms calls(last=  1,win= 120,total=5893) (win 0.5% | avg 0.5% budget)
  system.spawner_update            win=  0.073ms avg=  0.098ms p95=  0.142ms max=  0.529ms calls(last=  1,win= 162,total=6464) (win 0.4% | avg 0.6% budget)
  frame.render.hud.static          win=  0.055ms avg=  0.055ms p95=  0.065ms max= 13.280ms calls(last=  1,win= 120,total=5893) (win 0.3% | avg 0.3% budget)
  frame.render.hud.lives           win=  0.046ms avg=  0.046ms p95=  0.045ms max=  0.309ms calls(last=  1,win= 120,total=5893) (win 0.3% | avg 0.3% budget)
  system.physics_collision         win=  0.043ms avg=  0.058ms p95=  0.089ms max=  0.291ms calls(last=  1,win= 162,total=6464) (win 0.3% | avg 0.3% budget)
  frame.render.hud.bars            win=  0.040ms avg=  0.040ms p95=  0.039ms max=  0.373ms calls(last=  1,win= 120,total=5893) (win 0.2% | avg 0.2% budget)
[ENEMY_STATS] frame=6360 alive=144 visible=1 full=4 cheap=140 fullInBase=0 pairs(frontal=0 checks=0 separation=0 resolved=0)
[ENEMY_WINDOW] steps=162 alive[min=144 max=144] visible[min=1 max=1] full[min=3 max=4] collisionPasses[runs=162 skips=0]
[ENEMY_SEGMENTS] window=2.700s D{b/s=8.15 avgLen=5.23 fail=0} T{b/s=8.52 avgLen=5.99 fail=0} H{b/s=25.56 avgLen=4.88 fail=1056} A{b/s=7.04 avgLen=4.95 fail=648}
[ENEMY_GRID] frontal{cand/s=220.7 xcell/s=1.5 ins/s=222.2} separation{cand/s=220.7}
[ENEMY_COLLISION_WINDOW] frontal{pairs/s=0.0 checks/s=0.0 baseSkip=0 kill=0(0.0%)} separation{pairs/s=0.0 resolved/s=0.0(0.0%) baseSkip=0 kill=0 wallBlock=0}
[ENEMY_KILL_DEBUG] enemyEnemy{events=0 frontal=0 separation=0 reenterEither=0 reenterBoth=0 wallContact=0 dist[min=0.000 avg=0.000 max=0.000]}
[ENEMY_NAV_CACHE] playerCell{changes=3 flowRebuilds=1} flow{hit=110 miss=0 hit%=100.0} pathFallback{calls=0 ok=0 ok%=0.0}
[ENEMY_SAP] updates=23328 active=596 pairs=0 repairs{x=5 y=3}
[ENEMY_PAIR_TYPES] frontal DD=0 DT=0 DH=0 DA=0 TT=0 TH=0 TA=0 HH=0 HA=0 AA=0 separation DD=0 DT=0 DH=0 DA=0 TT=0 TH=0 TA=0 HH=0 HA=0 AA=0
[ENEMY_KILL_DEBUG_COLLISION] projectile{kills=0 wallContact=0}

[PROFILE] frame=6480 budget=16.667ms alloc(+174/-174, +280768b/-280768b, live=288872b peak=567352b)
  frame.total                      win= 20.289ms avg= 20.289ms p95= 28.307ms max= 85.425ms calls(last=  1,win= 120,total=6480) (win 121.7% | avg 121.7% budget)
  frame.fixed_step                 win= 10.261ms avg= 12.570ms p95= 20.834ms max= 32.653ms calls(last=  1,win= 147,total=7089) (win 61.6% | avg 75.4% budget)
  frame.render                     win=  7.676ms avg=  7.676ms p95=  7.946ms max= 85.386ms calls(last=  1,win= 120,total=6480) (win 46.1% | avg 46.1% budget)
  frame.present                    win=  7.670ms avg=  7.670ms p95=  7.941ms max= 85.380ms calls(last=  1,win= 120,total=6480) (win 46.0% | avg 46.0% budget)
  game.update                      win=  4.377ms avg=  5.361ms p95=  9.279ms max= 21.126ms calls(last=  1,win= 147,total=6611) (win 26.3% | avg 32.2% budget)
  system.ai_update                 win=  4.187ms avg=  5.129ms p95=  8.923ms max= 20.687ms calls(last=  1,win= 147,total=6611) (win 25.1% | avg 30.8% budget)
  enemy.update                     win=  4.181ms avg=  5.121ms p95=  8.910ms max= 20.675ms calls(last=  1,win= 147,total=6611) (win 25.1% | avg 30.7% budget)
  frame.render.world               win=  3.484ms avg=  3.484ms p95=  3.672ms max=  7.663ms calls(last=  1,win= 120,total=6013) (win 20.9% | avg 20.9% budget)
  frame.render.hud                 win=  2.381ms avg=  2.381ms p95=  2.532ms max= 18.023ms calls(last=  1,win= 120,total=6013) (win 14.3% | avg 14.3% budget)
  frame.render.hud.minimap         win=  1.886ms avg=  1.886ms p95=  2.024ms max=  8.418ms calls(last=  1,win= 120,total=6013) (win 11.3% | avg 11.3% budget)
  frame.render.world.enemies       win=  1.180ms avg=  1.180ms p95=  1.244ms max=  3.657ms calls(last=  1,win= 120,total=6013) (win 7.1% | avg 7.1% budget)
  frame.render.world.maze          win=  1.109ms avg=  1.109ms p95=  1.169ms max=  2.840ms calls(last=  1,win= 120,total=6013) (win 6.7% | avg 6.7% budget)
  enemy.physics.frontal_collisions win=  0.459ms avg=  0.562ms p95=  0.891ms max=  1.289ms calls(last=  1,win= 147,total=1804) (win 2.8% | avg 3.4% budget)
  frame.render.world.effects       win=  0.393ms avg=  0.393ms p95=  0.468ms max=  2.708ms calls(last=  1,win= 120,total=6013) (win 2.4% | avg 2.4% budget)
  enemy.physics.frontal_grid_build win=  0.345ms avg=  0.422ms p95=  0.670ms max=  0.994ms calls(last=  1,win= 147,total=1804) (win 2.1% | avg 2.5% budget)
  frame.render.hud.text            win=  0.228ms avg=  0.228ms p95=  0.269ms max=  0.619ms calls(last=  1,win= 120,total=6013) (win 1.4% | avg 1.4% budget)
  enemy.ai.movement                win=  0.148ms avg=  0.430ms p95=  1.314ms max=  3.299ms calls(last=  2,win= 350,total=6871) (win 0.9% | avg 2.6% budget)
  frame.render.hud.compass         win=  0.087ms avg=  0.087ms p95=  0.108ms max=  0.335ms calls(last=  1,win= 120,total=6013) (win 0.5% | avg 0.5% budget)
  enemy.physics.frontal_pair_traverse win=  0.082ms avg=  0.101ms p95=  0.161ms max=  0.329ms calls(last=  1,win= 147,total=1804) (win 0.5% | avg 0.6% budget)
  system.spawner_update            win=  0.071ms avg=  0.087ms p95=  0.141ms max=  0.529ms calls(last=  1,win= 147,total=6611) (win 0.4% | avg 0.5% budget)
  frame.render.hud.static          win=  0.062ms avg=  0.062ms p95=  0.072ms max= 13.280ms calls(last=  1,win= 120,total=6013) (win 0.4% | avg 0.4% budget)
  frame.render.hud.lives           win=  0.045ms avg=  0.045ms p95=  0.046ms max=  0.309ms calls(last=  1,win= 120,total=6013) (win 0.3% | avg 0.3% budget)
  enemy.ai.perception              win=  0.041ms avg=  0.120ms p95=  0.266ms max=  0.952ms calls(last=  2,win= 350,total=6871) (win 0.2% | avg 0.7% budget)
  system.physics_collision         win=  0.040ms avg=  0.049ms p95=  0.082ms max=  0.291ms calls(last=  1,win= 147,total=6611) (win 0.2% | avg 0.3% budget)
[ENEMY_STATS] frame=6480 alive=144 visible=1 full=2 cheap=142 fullInBase=0 pairs(frontal=0 checks=0 separation=0 resolved=0)
[ENEMY_WINDOW] steps=147 alive[min=144 max=144] visible[min=1 max=2] full[min=2 max=4] collisionPasses[runs=147 skips=0]
[ENEMY_SEGMENTS] window=2.450s D{b/s=9.80 avgLen=4.61 fail=0} T{b/s=8.98 avgLen=6.43 fail=0} H{b/s=26.94 avgLen=4.99 fail=1029} A{b/s=7.35 avgLen=4.88 fail=588}
[ENEMY_GRID] frontal{cand/s=142.0 xcell/s=0.8 ins/s=142.9} separation{cand/s=142.0}
[ENEMY_COLLISION_WINDOW] frontal{pairs/s=0.0 checks/s=0.0 baseSkip=0 kill=0(0.0%)} separation{pairs/s=0.0 resolved/s=0.0(0.0%) baseSkip=0 kill=0 wallBlock=0}
[ENEMY_KILL_DEBUG] enemyEnemy{events=0 frontal=0 separation=0 reenterEither=0 reenterBoth=0 wallContact=0 dist[min=0.000 avg=0.000 max=0.000]}
[ENEMY_NAV_CACHE] playerCell{changes=2 flowRebuilds=1} flow{hit=147 miss=0 hit%=100.0} pathFallback{calls=0 ok=0 ok%=0.0}
[ENEMY_SAP] updates=21168 active=348 pairs=0 repairs{x=4 y=5}
[ENEMY_PAIR_TYPES] frontal DD=0 DT=0 DH=0 DA=0 TT=0 TH=0 TA=0 HH=0 HA=0 AA=0 separation DD=0 DT=0 DH=0 DA=0 TT=0 TH=0 TA=0 HH=0 HA=0 AA=0
[ENEMY_KILL_DEBUG_COLLISION] projectile{kills=0 wallContact=0}

[PROFILE] frame=6600 budget=16.667ms alloc(+183/-183, +281064b/-281064b, live=288872b peak=567352b)
  frame.total                      win= 21.983ms avg= 21.983ms p95= 30.095ms max= 85.425ms calls(last=  1,win= 120,total=6600) (win 131.9% | avg 131.9% budget)
  frame.fixed_step                 win= 10.657ms avg= 14.120ms p95= 21.880ms max= 32.653ms calls(last=  1,win= 159,total=7248) (win 63.9% | avg 84.7% budget)
  frame.render                     win=  7.819ms avg=  7.819ms p95=  8.270ms max= 85.386ms calls(last=  1,win= 120,total=6600) (win 46.9% | avg 46.9% budget)
  frame.present                    win=  7.812ms avg=  7.812ms p95=  8.263ms max= 85.380ms calls(last=  1,win= 120,total=6600) (win 46.9% | avg 46.9% budget)
  game.update                      win=  4.769ms avg=  6.319ms p95= 10.186ms max= 21.126ms calls(last=  1,win= 159,total=6770) (win 28.6% | avg 37.9% budget)
  system.ai_update                 win=  4.574ms avg=  6.060ms p95=  9.809ms max= 20.687ms calls(last=  1,win= 159,total=6770) (win 27.4% | avg 36.4% budget)
  enemy.update                     win=  4.568ms avg=  6.052ms p95=  9.797ms max= 20.675ms calls(last=  1,win= 159,total=6770) (win 27.4% | avg 36.3% budget)
  frame.render.world               win=  3.597ms avg=  3.597ms p95=  4.004ms max=  7.663ms calls(last=  1,win= 120,total=6133) (win 21.6% | avg 21.6% budget)
  frame.render.hud                 win=  2.386ms avg=  2.386ms p95=  2.562ms max= 18.023ms calls(last=  1,win= 120,total=6133) (win 14.3% | avg 14.3% budget)
  frame.render.hud.minimap         win=  1.897ms avg=  1.897ms p95=  2.040ms max=  8.418ms calls(last=  1,win= 120,total=6133) (win 11.4% | avg 11.4% budget)
  frame.render.world.enemies       win=  1.171ms avg=  1.171ms p95=  1.240ms max=  3.657ms calls(last=  1,win= 120,total=6133) (win 7.0% | avg 7.0% budget)
  frame.render.world.maze          win=  1.081ms avg=  1.081ms p95=  1.158ms max=  2.840ms calls(last=  1,win= 120,total=6133) (win 6.5% | avg 6.5% budget)
  frame.render.world.effects       win=  0.561ms avg=  0.561ms p95=  0.966ms max=  2.708ms calls(last=  1,win= 120,total=6133) (win 3.4% | avg 3.4% budget)
  enemy.physics.frontal_collisions win=  0.456ms avg=  0.604ms p95=  0.914ms max=  1.289ms calls(last=  1,win= 159,total=1963) (win 2.7% | avg 3.6% budget)
  enemy.physics.frontal_grid_build win=  0.346ms avg=  0.459ms p95=  0.707ms max=  0.994ms calls(last=  1,win= 159,total=1963) (win 2.1% | avg 2.8% budget)
  enemy.torpedo.select_heading     win=  0.334ms avg=  0.006ms p95=  0.000ms max=  0.368ms calls(last=  0,win=   2,total=4) (win 2.0% | avg 0.0% budget)
  frame.render.hud.text            win=  0.223ms avg=  0.223ms p95=  0.262ms max=  0.619ms calls(last=  1,win= 120,total=6133) (win 1.3% | avg 1.3% budget)
  enemy.ai.movement                win=  0.205ms avg=  0.782ms p95=  1.705ms max=  3.299ms calls(last=  4,win= 457,total=7328) (win 1.2% | avg 4.7% budget)
  frame.render.hud.compass         win=  0.087ms avg=  0.087ms p95=  0.107ms max=  0.335ms calls(last=  1,win= 120,total=6133) (win 0.5% | avg 0.5% budget)
  enemy.physics.frontal_pair_traverse win=  0.079ms avg=  0.104ms p95=  0.163ms max=  0.329ms calls(last=  1,win= 159,total=1963) (win 0.5% | avg 0.6% budget)
  system.spawner_update            win=  0.073ms avg=  0.097ms p95=  0.146ms max=  0.529ms calls(last=  1,win= 159,total=6770) (win 0.4% | avg 0.6% budget)
  frame.render.hud.static          win=  0.057ms avg=  0.057ms p95=  0.073ms max= 13.280ms calls(last=  1,win= 120,total=6133) (win 0.3% | avg 0.3% budget)
  enemy.ai.perception              win=  0.049ms avg=  0.187ms p95=  0.394ms max=  0.952ms calls(last=  4,win= 457,total=7328) (win 0.3% | avg 1.1% budget)
  frame.render.hud.lives           win=  0.047ms avg=  0.047ms p95=  0.047ms max=  0.309ms calls(last=  1,win= 120,total=6133) (win 0.3% | avg 0.3% budget)
[ENEMY_STATS] frame=6600 alive=144 visible=1 full=4 cheap=140 fullInBase=0 pairs(frontal=0 checks=0 separation=0 resolved=0)
[ENEMY_WINDOW] steps=159 alive[min=144 max=144] visible[min=0 max=1] full[min=2 max=4] collisionPasses[runs=159 skips=0]
[ENEMY_SEGMENTS] window=2.650s D{b/s=6.04 avgLen=5.06 fail=0} T{b/s=9.06 avgLen=5.95 fail=2} H{b/s=28.30 avgLen=5.06 fail=1113} A{b/s=7.92 avgLen=5.88 fail=636}
[ENEMY_GRID] frontal{cand/s=173.2 xcell/s=0.4 ins/s=173.6} separation{cand/s=173.2}
[ENEMY_COLLISION_WINDOW] frontal{pairs/s=0.0 checks/s=0.0 baseSkip=0 kill=0(0.0%)} separation{pairs/s=0.0 resolved/s=0.0(0.0%) baseSkip=0 kill=0 wallBlock=0}
[ENEMY_KILL_DEBUG] enemyEnemy{events=0 frontal=0 separation=0 reenterEither=0 reenterBoth=0 wallContact=0 dist[min=0.000 avg=0.000 max=0.000]}
[ENEMY_NAV_CACHE] playerCell{changes=2 flowRebuilds=1} flow{hit=159 miss=0 hit%=100.0} pathFallback{calls=0 ok=0 ok%=0.0}
[ENEMY_SAP] updates=22896 active=459 pairs=0 repairs{x=72 y=71}
[ENEMY_PAIR_TYPES] frontal DD=0 DT=0 DH=0 DA=0 TT=0 TH=0 TA=0 HH=0 HA=0 AA=0 separation DD=0 DT=0 DH=0 DA=0 TT=0 TH=0 TA=0 HH=0 HA=0 AA=0
[TORPEDO_HEADING] eval/s=0.75 retreat/s=0.00 pick[straight=100.0% left=0.0% right=0.0%] clear[best=14.78 chosen=14.78]
[ENEMY_KILL_DEBUG_COLLISION] projectile{kills=0 wallContact=0}

[PROFILE] frame=6720 budget=16.667ms alloc(+181/-181, +281000b/-281000b, live=288872b peak=567352b)
  frame.total                      win= 23.894ms avg= 23.894ms p95= 30.174ms max= 85.425ms calls(last=  1,win= 120,total=6720) (win 143.4% | avg 143.4% budget)
  frame.fixed_step                 win= 10.952ms avg= 15.789ms p95= 22.112ms max= 32.653ms calls(last=  1,win= 173,total=7421) (win 65.7% | avg 94.7% budget)
  frame.render                     win=  8.058ms avg=  8.058ms p95=  8.435ms max= 85.386ms calls(last=  1,win= 120,total=6720) (win 48.3% | avg 48.3% budget)
  frame.present                    win=  8.050ms avg=  8.050ms p95=  8.429ms max= 85.380ms calls(last=  1,win= 120,total=6720) (win 48.3% | avg 48.3% budget)
  game.update                      win=  5.060ms avg=  7.295ms p95= 10.568ms max= 21.126ms calls(last=  1,win= 173,total=6943) (win 30.4% | avg 43.8% budget)
  system.ai_update                 win=  4.864ms avg=  7.012ms p95= 10.167ms max= 20.687ms calls(last=  1,win= 173,total=6943) (win 29.2% | avg 42.1% budget)
  enemy.update                     win=  4.858ms avg=  7.003ms p95= 10.156ms max= 20.675ms calls(last=  1,win= 173,total=6943) (win 29.1% | avg 42.0% budget)
  frame.render.world               win=  3.873ms avg=  3.873ms p95=  4.195ms max=  7.663ms calls(last=  1,win= 120,total=6253) (win 23.2% | avg 23.2% budget)
  frame.render.hud                 win=  2.377ms avg=  2.377ms p95=  2.497ms max= 18.023ms calls(last=  1,win= 120,total=6253) (win 14.3% | avg 14.3% budget)
  frame.render.hud.minimap         win=  1.896ms avg=  1.896ms p95=  2.007ms max=  8.418ms calls(last=  1,win= 120,total=6253) (win 11.4% | avg 11.4% budget)
  frame.render.world.enemies       win=  1.185ms avg=  1.185ms p95=  1.254ms max=  3.657ms calls(last=  1,win= 120,total=6253) (win 7.1% | avg 7.1% budget)
  frame.render.world.maze          win=  1.113ms avg=  1.113ms p95=  1.199ms max=  2.840ms calls(last=  1,win= 120,total=6253) (win 6.7% | avg 6.7% budget)
  frame.render.world.effects       win=  0.834ms avg=  0.834ms p95=  1.122ms max=  2.708ms calls(last=  1,win= 120,total=6253) (win 5.0% | avg 5.0% budget)
  enemy.physics.frontal_collisions win=  0.460ms avg=  0.663ms p95=  0.990ms max=  1.289ms calls(last=  1,win= 173,total=2136) (win 2.8% | avg 4.0% budget)
  enemy.physics.frontal_grid_build win=  0.351ms avg=  0.506ms p95=  0.747ms max=  0.994ms calls(last=  1,win= 173,total=2136) (win 2.1% | avg 3.0% budget)
  enemy.torpedo.select_heading     win=  0.273ms avg=  0.005ms p95=  0.000ms max=  0.369ms calls(last=  0,win=   2,total=6) (win 1.6% | avg 0.0% budget)
  frame.render.hud.text            win=  0.224ms avg=  0.224ms p95=  0.267ms max=  0.619ms calls(last=  1,win= 120,total=6253) (win 1.3% | avg 1.3% budget)
  enemy.ai.movement                win=  0.187ms avg=  1.069ms p95=  1.998ms max=  3.299ms calls(last=  5,win= 684,total=8012) (win 1.1% | avg 6.4% budget)
  frame.render.hud.compass         win=  0.086ms avg=  0.086ms p95=  0.105ms max=  0.335ms calls(last=  1,win= 120,total=6253) (win 0.5% | avg 0.5% budget)
  enemy.physics.frontal_pair_traverse win=  0.075ms avg=  0.108ms p95=  0.154ms max=  0.329ms calls(last=  1,win= 173,total=2136) (win 0.4% | avg 0.6% budget)
  system.spawner_update            win=  0.072ms avg=  0.104ms p95=  0.156ms max=  0.529ms calls(last=  1,win= 173,total=6943) (win 0.4% | avg 0.6% budget)
  frame.render.hud.static          win=  0.052ms avg=  0.052ms p95=  0.067ms max= 13.280ms calls(last=  1,win= 120,total=6253) (win 0.3% | avg 0.3% budget)
  enemy.ai.perception              win=  0.050ms avg=  0.287ms p95=  0.473ms max=  0.952ms calls(last=  5,win= 684,total=8012) (win 0.3% | avg 1.7% budget)
  enemy.ai.decision                win=  0.047ms avg=  0.267ms p95=  0.444ms max=  0.657ms calls(last=  5,win= 684,total=8012) (win 0.3% | avg 1.6% budget)
[ENEMY_STATS] frame=6720 alive=144 visible=2 full=5 cheap=139 fullInBase=0 pairs(frontal=0 checks=0 separation=0 resolved=0)
[ENEMY_WINDOW] steps=173 alive[min=144 max=144] visible[min=1 max=2] full[min=3 max=5] collisionPasses[runs=173 skips=0]
[ENEMY_SEGMENTS] window=2.883s D{b/s=10.75 avgLen=4.80 fail=0} T{b/s=7.28 avgLen=6.87 fail=0} H{b/s=28.79 avgLen=4.51 fail=1211} A{b/s=4.51 avgLen=5.49 fail=692}
[ENEMY_GRID] frontal{cand/s=237.6 xcell/s=1.7 ins/s=239.3} separation{cand/s=237.6}
[ENEMY_COLLISION_WINDOW] frontal{pairs/s=0.0 checks/s=0.0 baseSkip=0 kill=0(0.0%)} separation{pairs/s=0.0 resolved/s=0.0(0.0%) baseSkip=0 kill=0 wallBlock=0}
[ENEMY_KILL_DEBUG] enemyEnemy{events=0 frontal=0 separation=0 reenterEither=0 reenterBoth=0 wallContact=0 dist[min=0.000 avg=0.000 max=0.000]}
[ENEMY_NAV_CACHE] playerCell{changes=3 flowRebuilds=1} flow{hit=173 miss=0 hit%=100.0} pathFallback{calls=0 ok=0 ok%=0.0}
[ENEMY_SAP] updates=24912 active=685 pairs=0 repairs{x=202 y=203}
[ENEMY_PAIR_TYPES] frontal DD=0 DT=0 DH=0 DA=0 TT=0 TH=0 TA=0 HH=0 HA=0 AA=0 separation DD=0 DT=0 DH=0 DA=0 TT=0 TH=0 TA=0 HH=0 HA=0 AA=0
[TORPEDO_HEADING] eval/s=0.69 retreat/s=0.00 pick[straight=50.0% left=50.0% right=0.0%] clear[best=12.61 chosen=12.61]
[ENEMY_KILL_DEBUG_COLLISION] projectile{kills=0 wallContact=0}

[PROFILE] frame=6840 budget=16.667ms alloc(+374/-374, +562448b/-562448b, live=288872b peak=567360b)
  frame.total                      win= 26.253ms avg= 26.253ms p95= 31.491ms max= 85.425ms calls(last=  1,win= 120,total=6840) (win 157.5% | avg 157.5% budget)
  frame.fixed_step                 win= 11.429ms avg= 18.097ms p95= 23.283ms max= 32.653ms calls(last=  2,win= 190,total=7611) (win 68.6% | avg 108.6% budget)
  frame.render                     win=  8.110ms avg=  8.110ms p95=  8.464ms max= 85.386ms calls(last=  1,win= 120,total=6840) (win 48.7% | avg 48.7% budget)
  frame.present                    win=  8.103ms avg=  8.103ms p95=  8.458ms max= 85.380ms calls(last=  1,win= 120,total=6840) (win 48.6% | avg 48.6% budget)
  game.update                      win=  5.512ms avg=  8.727ms p95= 11.487ms max= 21.126ms calls(last=  2,win= 190,total=7133) (win 33.1% | avg 52.4% budget)
  system.ai_update                 win=  5.315ms avg=  8.415ms p95= 11.087ms max= 20.687ms calls(last=  2,win= 190,total=7133) (win 31.9% | avg 50.5% budget)
  enemy.update                     win=  5.308ms avg=  8.405ms p95= 11.075ms max= 20.675ms calls(last=  2,win= 190,total=7133) (win 31.8% | avg 50.4% budget)
  frame.render.world               win=  3.901ms avg=  3.901ms p95=  4.131ms max=  7.663ms calls(last=  1,win= 120,total=6373) (win 23.4% | avg 23.4% budget)
  frame.render.hud                 win=  2.397ms avg=  2.397ms p95=  2.627ms max= 18.023ms calls(last=  1,win= 120,total=6373) (win 14.4% | avg 14.4% budget)
  frame.render.hud.minimap         win=  1.912ms avg=  1.912ms p95=  2.131ms max=  8.418ms calls(last=  1,win= 120,total=6373) (win 11.5% | avg 11.5% budget)
  frame.render.world.enemies       win=  1.188ms avg=  1.188ms p95=  1.256ms max=  3.657ms calls(last=  1,win= 120,total=6373) (win 7.1% | avg 7.1% budget)
  frame.render.world.maze          win=  1.057ms avg=  1.057ms p95=  1.142ms max=  2.840ms calls(last=  1,win= 120,total=6373) (win 6.3% | avg 6.3% budget)
  frame.render.world.effects       win=  0.912ms avg=  0.912ms p95=  1.077ms max=  2.708ms calls(last=  1,win= 120,total=6373) (win 5.5% | avg 5.5% budget)
  enemy.physics.frontal_collisions win=  0.466ms avg=  0.738ms p95=  1.014ms max=  1.391ms calls(last=  2,win= 190,total=2326) (win 2.8% | avg 4.4% budget)
  enemy.physics.frontal_grid_build win=  0.350ms avg=  0.554ms p95=  0.777ms max=  0.994ms calls(last=  2,win= 190,total=2326) (win 2.1% | avg 3.3% budget)
  enemy.torpedo.select_heading     win=  0.282ms avg=  0.005ms p95=  0.000ms max=  0.369ms calls(last=  0,win=   2,total=8) (win 1.7% | avg 0.0% budget)
  frame.render.hud.text            win=  0.224ms avg=  0.224ms p95=  0.267ms max=  0.619ms calls(last=  1,win= 120,total=6373) (win 1.3% | avg 1.3% budget)
  enemy.ai.movement                win=  0.205ms avg=  1.700ms p95=  2.475ms max=  3.299ms calls(last= 10,win= 995,total=9007) (win 1.2% | avg 10.2% budget)
  frame.render.hud.compass         win=  0.086ms avg=  0.086ms p95=  0.092ms max=  0.335ms calls(last=  1,win= 120,total=6373) (win 0.5% | avg 0.5% budget)
  enemy.physics.frontal_pair_traverse win=  0.080ms avg=  0.127ms p95=  0.210ms max=  0.376ms calls(last=  2,win= 190,total=2326) (win 0.5% | avg 0.8% budget)
  system.spawner_update            win=  0.072ms avg=  0.115ms p95=  0.159ms max=  0.529ms calls(last=  2,win= 190,total=7133) (win 0.4% | avg 0.7% budget)
  enemy.ai.perception              win=  0.056ms avg=  0.465ms p95=  0.717ms max=  0.952ms calls(last= 10,win= 995,total=9007) (win 0.3% | avg 2.8% budget)
  frame.render.hud.static          win=  0.056ms avg=  0.056ms p95=  0.082ms max= 13.280ms calls(last=  1,win= 120,total=6373) (win 0.3% | avg 0.3% budget)
  frame.render.hud.lives           win=  0.045ms avg=  0.045ms p95=  0.046ms max=  0.309ms calls(last=  1,win= 120,total=6373) (win 0.3% | avg 0.3% budget)
[ENEMY_STATS] frame=6840 alive=144 visible=2 full=5 cheap=139 fullInBase=0 pairs(frontal=0 checks=0 separation=0 resolved=0)
[ENEMY_WINDOW] steps=190 alive[min=144 max=144] visible[min=2 max=2] full[min=4 max=6] collisionPasses[runs=190 skips=0]
[ENEMY_SEGMENTS] window=3.167s D{b/s=7.26 avgLen=5.24 fail=0} T{b/s=8.21 avgLen=6.26 fail=0} H{b/s=26.53 avgLen=4.95 fail=1330} A{b/s=6.63 avgLen=5.26 fail=760}
[ENEMY_GRID] frontal{cand/s=314.2 xcell/s=2.5 ins/s=316.7} separation{cand/s=314.2}
[ENEMY_COLLISION_WINDOW] frontal{pairs/s=0.0 checks/s=0.0 baseSkip=0 kill=0(0.0%)} separation{pairs/s=0.0 resolved/s=0.0(0.0%) baseSkip=0 kill=0 wallBlock=0}
[ENEMY_KILL_DEBUG] enemyEnemy{events=0 frontal=0 separation=0 reenterEither=0 reenterBoth=0 wallContact=0 dist[min=0.000 avg=0.000 max=0.000]}
[ENEMY_NAV_CACHE] playerCell{changes=4 flowRebuilds=1} flow{hit=338 miss=0 hit%=100.0} pathFallback{calls=0 ok=0 ok%=0.0}
[ENEMY_SAP] updates=27360 active=995 pairs=0 repairs{x=137 y=134}
[ENEMY_PAIR_TYPES] frontal DD=0 DT=0 DH=0 DA=0 TT=0 TH=0 TA=0 HH=0 HA=0 AA=0 separation DD=0 DT=0 DH=0 DA=0 TT=0 TH=0 TA=0 HH=0 HA=0 AA=0
[TORPEDO_HEADING] eval/s=0.63 retreat/s=0.00 pick[straight=50.0% left=0.0% right=50.0%] clear[best=13.98 chosen=13.98]
[ENEMY_KILL_DEBUG_COLLISION] projectile{kills=0 wallContact=0}

[PROFILE] frame=6960 budget=16.667ms alloc(+184/-184, +281072b/-281072b, live=288872b peak=567424b)
  frame.total                      win= 24.475ms avg= 24.475ms p95= 31.221ms max= 85.425ms calls(last=  1,win= 120,total=6960) (win 146.9% | avg 146.9% budget)
  frame.fixed_step                 win= 11.128ms avg= 16.414ms p95= 22.558ms max= 32.707ms calls(last=  1,win= 177,total=7788) (win 66.8% | avg 98.5% budget)
  frame.render                     win=  8.012ms avg=  8.012ms p95=  8.529ms max= 85.386ms calls(last=  1,win= 120,total=6960) (win 48.1% | avg 48.1% budget)
  frame.present                    win=  8.004ms avg=  8.004ms p95=  8.522ms max= 85.380ms calls(last=  1,win= 120,total=6960) (win 48.0% | avg 48.0% budget)
  game.update                      win=  5.218ms avg=  7.696ms p95= 10.766ms max= 21.126ms calls(last=  1,win= 177,total=7310) (win 31.3% | avg 46.2% budget)
  system.ai_update                 win=  5.024ms avg=  7.410ms p95= 10.378ms max= 20.687ms calls(last=  1,win= 177,total=7310) (win 30.1% | avg 44.5% budget)
  enemy.update                     win=  5.018ms avg=  7.401ms p95= 10.363ms max= 20.675ms calls(last=  1,win= 177,total=7310) (win 30.1% | avg 44.4% budget)
  frame.render.world               win=  3.806ms avg=  3.806ms p95=  4.240ms max=  8.835ms calls(last=  1,win= 120,total=6493) (win 22.8% | avg 22.8% budget)
  frame.render.hud                 win=  2.393ms avg=  2.393ms p95=  2.551ms max= 18.023ms calls(last=  1,win= 120,total=6493) (win 14.4% | avg 14.4% budget)
  frame.render.hud.minimap         win=  1.905ms avg=  1.905ms p95=  2.051ms max=  8.418ms calls(last=  1,win= 120,total=6493) (win 11.4% | avg 11.4% budget)
  frame.render.world.enemies       win=  1.176ms avg=  1.176ms p95=  1.276ms max=  3.657ms calls(last=  1,win= 120,total=6493) (win 7.1% | avg 7.1% budget)
  frame.render.world.maze          win=  1.047ms avg=  1.047ms p95=  1.146ms max=  2.840ms calls(last=  1,win= 120,total=6493) (win 6.3% | avg 6.3% budget)
  frame.render.world.effects       win=  0.826ms avg=  0.826ms p95=  1.189ms max=  5.311ms calls(last=  1,win= 120,total=6493) (win 5.0% | avg 5.0% budget)
  enemy.physics.frontal_collisions win=  0.446ms avg=  0.658ms p95=  0.919ms max=  1.391ms calls(last=  1,win= 177,total=2503) (win 2.7% | avg 4.0% budget)
  enemy.physics.frontal_grid_build win=  0.342ms avg=  0.504ms p95=  0.710ms max=  0.994ms calls(last=  1,win= 177,total=2503) (win 2.1% | avg 3.0% budget)
  enemy.torpedo.select_heading     win=  0.308ms avg=  0.005ms p95=  0.000ms max=  0.369ms calls(last=  0,win=   2,total=10) (win 1.9% | avg 0.0% budget)
  frame.render.hud.text            win=  0.225ms avg=  0.225ms p95=  0.272ms max=  0.619ms calls(last=  1,win= 120,total=6493) (win 1.4% | avg 1.4% budget)
  enemy.ai.movement                win=  0.206ms avg=  1.217ms p95=  2.001ms max=  3.299ms calls(last=  4,win= 708,total=9715) (win 1.2% | avg 7.3% budget)
  frame.render.hud.compass         win=  0.086ms avg=  0.086ms p95=  0.105ms max=  0.335ms calls(last=  1,win= 120,total=6493) (win 0.5% | avg 0.5% budget)
  enemy.physics.frontal_pair_traverse win=  0.072ms avg=  0.106ms p95=  0.155ms max=  0.376ms calls(last=  1,win= 177,total=2503) (win 0.4% | avg 0.6% budget)
  system.spawner_update            win=  0.072ms avg=  0.106ms p95=  0.145ms max=  0.529ms calls(last=  1,win= 177,total=7310) (win 0.4% | avg 0.6% budget)
  enemy.ai.perception              win=  0.067ms avg=  0.398ms p95=  0.637ms max=  0.952ms calls(last=  4,win= 708,total=9715) (win 0.4% | avg 2.4% budget)
  enemy.ai.decision                win=  0.060ms avg=  0.352ms p95=  0.542ms max=  0.805ms calls(last=  4,win= 708,total=9715) (win 0.4% | avg 2.1% budget)
  frame.render.hud.static          win=  0.058ms avg=  0.058ms p95=  0.072ms max= 13.280ms calls(last=  1,win= 120,total=6493) (win 0.3% | avg 0.3% budget)
[ENEMY_STATS] frame=6960 alive=144 visible=0 full=4 cheap=140 fullInBase=0 pairs(frontal=0 checks=0 separation=0 resolved=0)
[ENEMY_WINDOW] steps=177 alive[min=144 max=144] visible[min=0 max=2] full[min=3 max=5] collisionPasses[runs=177 skips=0]
[ENEMY_SEGMENTS] window=2.950s D{b/s=8.14 avgLen=4.87 fail=0} T{b/s=7.12 avgLen=6.40 fail=0} H{b/s=28.14 avgLen=5.05 fail=1239} A{b/s=8.14 avgLen=4.81 fail=708}
[ENEMY_GRID] frontal{cand/s=239.7 xcell/s=1.4 ins/s=241.0} separation{cand/s=239.7}
[ENEMY_COLLISION_WINDOW] frontal{pairs/s=0.0 checks/s=0.0 baseSkip=0 kill=0(0.0%)} separation{pairs/s=0.0 resolved/s=0.0(0.0%) baseSkip=0 kill=0 wallBlock=0}
[ENEMY_KILL_DEBUG] enemyEnemy{events=0 frontal=0 separation=0 reenterEither=0 reenterBoth=0 wallContact=0 dist[min=0.000 avg=0.000 max=0.000]}
[ENEMY_NAV_CACHE] playerCell{changes=3 flowRebuilds=1} flow{hit=196 miss=0 hit%=100.0} pathFallback{calls=0 ok=0 ok%=0.0}
[ENEMY_SAP] updates=25488 active=707 pairs=0 repairs{x=8 y=1}
[ENEMY_PAIR_TYPES] frontal DD=0 DT=0 DH=0 DA=0 TT=0 TH=0 TA=0 HH=0 HA=0 AA=0 separation DD=0 DT=0 DH=0 DA=0 TT=0 TH=0 TA=0 HH=0 HA=0 AA=0
[TORPEDO_HEADING] eval/s=0.68 retreat/s=0.00 pick[straight=50.0% left=0.0% right=50.0%] clear[best=15.00 chosen=15.00]
[ENEMY_KILL_DEBUG_COLLISION] projectile{kills=0 wallContact=0}

[PROFILE] frame=7080 budget=16.667ms alloc(+356/-356, +561760b/-561760b, live=288872b peak=567424b)
  frame.total                      win= 22.647ms avg= 22.647ms p95= 29.952ms max= 85.425ms calls(last=  1,win= 120,total=7080) (win 135.9% | avg 135.9% budget)
  frame.fixed_step                 win= 11.043ms avg= 15.092ms p95= 22.522ms max= 32.707ms calls(last=  2,win= 164,total=7952) (win 66.3% | avg 90.6% budget)
  frame.render                     win=  7.511ms avg=  7.511ms p95=  7.811ms max= 85.386ms calls(last=  1,win= 120,total=7080) (win 45.1% | avg 45.1% budget)
  frame.present                    win=  7.505ms avg=  7.505ms p95=  7.805ms max= 85.380ms calls(last=  1,win= 120,total=7080) (win 45.0% | avg 45.0% budget)
  game.update                      win=  5.230ms avg=  7.148ms p95= 10.987ms max= 21.126ms calls(last=  2,win= 164,total=7474) (win 31.4% | avg 42.9% budget)
  system.ai_update                 win=  5.042ms avg=  6.891ms p95= 10.626ms max= 20.702ms calls(last=  2,win= 164,total=7474) (win 30.3% | avg 41.3% budget)
  enemy.update                     win=  5.036ms avg=  6.883ms p95= 10.615ms max= 20.692ms calls(last=  2,win= 164,total=7474) (win 30.2% | avg 41.3% budget)
  frame.render.world               win=  3.356ms avg=  3.356ms p95=  3.583ms max=  8.835ms calls(last=  1,win= 120,total=6613) (win 20.1% | avg 20.1% budget)
  frame.render.hud                 win=  2.328ms avg=  2.328ms p95=  2.474ms max= 18.023ms calls(last=  1,win= 120,total=6613) (win 14.0% | avg 14.0% budget)
  frame.render.hud.minimap         win=  1.842ms avg=  1.842ms p95=  1.963ms max=  8.418ms calls(last=  1,win= 120,total=6613) (win 11.1% | avg 11.1% budget)
  frame.render.world.enemies       win=  1.132ms avg=  1.132ms p95=  1.273ms max=  3.657ms calls(last=  1,win= 120,total=6613) (win 6.8% | avg 6.8% budget)
  frame.render.world.maze          win=  1.013ms avg=  1.013ms p95=  1.103ms max=  2.840ms calls(last=  1,win= 120,total=6613) (win 6.1% | avg 6.1% budget)
  enemy.physics.frontal_collisions win=  0.450ms avg=  0.615ms p95=  0.910ms max=  1.391ms calls(last=  2,win= 164,total=2667) (win 2.7% | avg 3.7% budget)
  frame.render.world.effects       win=  0.401ms avg=  0.401ms p95=  0.492ms max=  5.311ms calls(last=  1,win= 120,total=6613) (win 2.4% | avg 2.4% budget)
  enemy.physics.frontal_grid_build win=  0.343ms avg=  0.469ms p95=  0.694ms max=  0.994ms calls(last=  2,win= 164,total=2667) (win 2.1% | avg 2.8% budget)
  enemy.torpedo.select_heading     win=  0.314ms avg=  0.008ms p95=  0.000ms max=  0.369ms calls(last=  0,win=   3,total=13) (win 1.9% | avg 0.0% budget)
  frame.render.hud.text            win=  0.226ms avg=  0.226ms p95=  0.265ms max=  0.619ms calls(last=  1,win= 120,total=6613) (win 1.4% | avg 1.4% budget)
  enemy.ai.movement                win=  0.195ms avg=  1.114ms p95=  2.019ms max=  3.299ms calls(last=  8,win= 684,total=10399) (win 1.2% | avg 6.7% budget)
  frame.render.hud.compass         win=  0.086ms avg=  0.086ms p95=  0.087ms max=  0.335ms calls(last=  1,win= 120,total=6613) (win 0.5% | avg 0.5% budget)
  enemy.ai.perception              win=  0.080ms avg=  0.458ms p95=  0.893ms max=  0.952ms calls(last=  8,win= 684,total=10399) (win 0.5% | avg 2.7% budget)
  enemy.physics.frontal_pair_traverse win=  0.073ms avg=  0.100ms p95=  0.146ms max=  0.376ms calls(last=  2,win= 164,total=2667) (win 0.4% | avg 0.6% budget)
  system.spawner_update            win=  0.072ms avg=  0.098ms p95=  0.143ms max=  0.529ms calls(last=  2,win= 164,total=7474) (win 0.4% | avg 0.6% budget)
  enemy.ai.decision                win=  0.056ms avg=  0.317ms p95=  0.559ms max=  0.805ms calls(last=  8,win= 684,total=10399) (win 0.3% | avg 1.9% budget)
  frame.render.hud.static          win=  0.055ms avg=  0.055ms p95=  0.070ms max= 13.280ms calls(last=  1,win= 120,total=6613) (win 0.3% | avg 0.3% budget)
[ENEMY_STATS] frame=7080 alive=144 visible=0 full=4 cheap=140 fullInBase=0 pairs(frontal=0 checks=0 separation=0 resolved=0)
[ENEMY_WINDOW] steps=164 alive[min=144 max=144] visible[min=0 max=0] full[min=3 max=5] collisionPasses[runs=164 skips=0]
[ENEMY_SEGMENTS] window=2.733s D{b/s=6.95 avgLen=5.06 fail=2} T{b/s=8.78 avgLen=6.17 fail=0} H{b/s=28.17 avgLen=4.80 fail=1035} A{b/s=7.32 avgLen=4.80 fail=656}
[ENEMY_GRID] frontal{cand/s=250.2 xcell/s=1.8 ins/s=252.1} separation{cand/s=250.2}
[ENEMY_COLLISION_WINDOW] frontal{pairs/s=0.0 checks/s=0.0 baseSkip=0 kill=0(0.0%)} separation{pairs/s=0.0 resolved/s=0.0(0.0%) baseSkip=0 kill=0 wallBlock=0}
[ENEMY_KILL_DEBUG] enemyEnemy{events=0 frontal=0 separation=0 reenterEither=0 reenterBoth=0 wallContact=0 dist[min=0.000 avg=0.000 max=0.000]}
[ENEMY_NAV_CACHE] playerCell{changes=3 flowRebuilds=1} flow{hit=164 miss=0 hit%=100.0} pathFallback{calls=0 ok=0 ok%=0.0}
[ENEMY_SAP] updates=23616 active=684 pairs=0 repairs{x=100 y=101}
[ENEMY_PAIR_TYPES] frontal DD=0 DT=0 DH=0 DA=0 TT=0 TH=0 TA=0 HH=0 HA=0 AA=0 separation DD=0 DT=0 DH=0 DA=0 TT=0 TH=0 TA=0 HH=0 HA=0 AA=0
[TORPEDO_HEADING] eval/s=1.10 retreat/s=0.00 pick[straight=66.7% left=0.0% right=33.3%] clear[best=9.62 chosen=9.62]
[ENEMY_KILL_DEBUG_COLLISION] projectile{kills=0 wallContact=0}

[PROFILE] frame=7200 budget=16.667ms alloc(+183/-183, +281016b/-281016b, live=288872b peak=567424b)
  frame.total                      win= 23.093ms avg= 23.093ms p95= 30.275ms max= 85.425ms calls(last=  1,win= 120,total=7200) (win 138.6% | avg 138.6% budget)
  frame.fixed_step                 win= 11.118ms avg= 15.473ms p95= 22.590ms max= 32.707ms calls(last=  1,win= 167,total=8119) (win 66.7% | avg 92.8% budget)
  frame.render                     win=  7.577ms avg=  7.577ms p95=  8.003ms max= 85.386ms calls(last=  1,win= 120,total=7200) (win 45.5% | avg 45.5% budget)
  frame.present                    win=  7.570ms avg=  7.570ms p95=  7.997ms max= 85.380ms calls(last=  1,win= 120,total=7200) (win 45.4% | avg 45.4% budget)
  game.update                      win=  5.280ms avg=  7.347ms p95= 10.768ms max= 21.126ms calls(last=  1,win= 167,total=7641) (win 31.7% | avg 44.1% budget)
  system.ai_update                 win=  5.091ms avg=  7.085ms p95= 10.390ms max= 20.702ms calls(last=  1,win= 167,total=7641) (win 30.5% | avg 42.5% budget)
  enemy.update                     win=  5.085ms avg=  7.077ms p95= 10.379ms max= 20.692ms calls(last=  1,win= 167,total=7641) (win 30.5% | avg 42.5% budget)
  frame.render.world               win=  3.371ms avg=  3.371ms p95=  3.541ms max=  8.835ms calls(last=  1,win= 120,total=6733) (win 20.2% | avg 20.2% budget)
  frame.render.hud                 win=  2.379ms avg=  2.379ms p95=  2.607ms max= 18.023ms calls(last=  1,win= 120,total=6733) (win 14.3% | avg 14.3% budget)
  frame.render.hud.minimap         win=  1.882ms avg=  1.882ms p95=  2.081ms max=  8.418ms calls(last=  1,win= 120,total=6733) (win 11.3% | avg 11.3% budget)
  frame.render.world.enemies       win=  1.137ms avg=  1.137ms p95=  1.249ms max=  3.657ms calls(last=  1,win= 120,total=6733) (win 6.8% | avg 6.8% budget)
  frame.render.world.maze          win=  1.027ms avg=  1.027ms p95=  1.120ms max=  2.840ms calls(last=  1,win= 120,total=6733) (win 6.2% | avg 6.2% budget)
  enemy.physics.frontal_collisions win=  0.451ms avg=  0.628ms p95=  0.940ms max=  1.391ms calls(last=  1,win= 167,total=2834) (win 2.7% | avg 3.8% budget)
  frame.render.world.effects       win=  0.374ms avg=  0.374ms p95=  0.459ms max=  5.311ms calls(last=  1,win= 120,total=6733) (win 2.2% | avg 2.2% budget)
  enemy.torpedo.select_heading     win=  0.357ms avg=  0.012ms p95=  0.000ms max=  0.434ms calls(last=  0,win=   4,total=17) (win 2.1% | avg 0.1% budget)
  enemy.physics.frontal_grid_build win=  0.341ms avg=  0.475ms p95=  0.703ms max=  0.994ms calls(last=  1,win= 167,total=2834) (win 2.0% | avg 2.9% budget)
  frame.render.hud.text            win=  0.230ms avg=  0.230ms p95=  0.268ms max=  0.619ms calls(last=  1,win= 120,total=6733) (win 1.4% | avg 1.4% budget)
  enemy.ai.movement                win=  0.199ms avg=  1.128ms p95=  1.713ms max=  3.299ms calls(last=  4,win= 679,total=11078) (win 1.2% | avg 6.8% budget)
  enemy.ai.perception              win=  0.088ms avg=  0.501ms p95=  0.780ms max=  1.041ms calls(last=  4,win= 679,total=11078) (win 0.5% | avg 3.0% budget)
  frame.render.hud.compass         win=  0.087ms avg=  0.087ms p95=  0.106ms max=  0.335ms calls(last=  1,win= 120,total=6733) (win 0.5% | avg 0.5% budget)
  enemy.physics.frontal_pair_traverse win=  0.077ms avg=  0.107ms p95=  0.172ms max=  0.376ms calls(last=  1,win= 167,total=2834) (win 0.5% | avg 0.6% budget)
  system.spawner_update            win=  0.072ms avg=  0.100ms p95=  0.144ms max=  0.529ms calls(last=  1,win= 167,total=7641) (win 0.4% | avg 0.6% budget)
  frame.render.hud.static          win=  0.060ms avg=  0.060ms p95=  0.071ms max= 13.280ms calls(last=  1,win= 120,total=6733) (win 0.4% | avg 0.4% budget)
  enemy.ai.decision                win=  0.059ms avg=  0.333ms p95=  0.513ms max=  0.805ms calls(last=  4,win= 679,total=11078) (win 0.4% | avg 2.0% budget)
[ENEMY_STATS] frame=7200 alive=144 visible=0 full=4 cheap=140 fullInBase=0 pairs(frontal=0 checks=0 separation=0 resolved=0)
[ENEMY_WINDOW] steps=167 alive[min=144 max=144] visible[min=0 max=0] full[min=4 max=5] collisionPasses[runs=167 skips=0]
[ENEMY_SEGMENTS] window=2.783s D{b/s=7.19 avgLen=4.97 fail=0} T{b/s=7.90 avgLen=5.71 fail=0} H{b/s=29.10 avgLen=4.80 fail=1002} A{b/s=8.26 avgLen=4.93 fail=668}
[ENEMY_GRID] frontal{cand/s=244.0 xcell/s=1.1 ins/s=245.0} separation{cand/s=244.0}
[ENEMY_COLLISION_WINDOW] frontal{pairs/s=4.0 checks/s=4.0 baseSkip=0 kill=0(0.0%)} separation{pairs/s=4.0 resolved/s=0.0(0.0%) baseSkip=0 kill=0 wallBlock=0}
[ENEMY_KILL_DEBUG] enemyEnemy{events=0 frontal=0 separation=0 reenterEither=0 reenterBoth=0 wallContact=0 dist[min=0.000 avg=0.000 max=0.000]}
[ENEMY_NAV_CACHE] playerCell{changes=3 flowRebuilds=1} flow{hit=19 miss=0 hit%=100.0} pathFallback{calls=0 ok=0 ok%=0.0}
[ENEMY_SAP] updates=24048 active=679 pairs=11 repairs{x=80 y=81}
[ENEMY_PAIR_TYPES] frontal DD=0 DT=0 DH=0 DA=0 TT=0 TH=11 TA=0 HH=0 HA=0 AA=0 separation DD=0 DT=0 DH=0 DA=0 TT=0 TH=11 TA=0 HH=0 HA=0 AA=0
[TORPEDO_HEADING] eval/s=1.44 retreat/s=0.00 pick[straight=0.0% left=50.0% right=50.0%] clear[best=12.27 chosen=12.27]
[ENEMY_KILL_DEBUG_COLLISION] projectile{kills=0 wallContact=0}

[PROFILE] frame=7320 budget=16.667ms alloc(+183/-183, +281032b/-281032b, live=288872b peak=567424b)
  frame.total                      win= 23.213ms avg= 23.213ms p95= 30.003ms max= 85.425ms calls(last=  1,win= 120,total=7320) (win 139.3% | avg 139.3% budget)
  frame.fixed_step                 win= 10.853ms avg= 15.194ms p95= 22.032ms max= 32.707ms calls(last=  1,win= 168,total=8287) (win 65.1% | avg 91.2% budget)
  frame.render                     win=  7.977ms avg=  7.977ms p95=  8.326ms max= 85.386ms calls(last=  1,win= 120,total=7320) (win 47.9% | avg 47.9% budget)
  frame.present                    win=  7.970ms avg=  7.970ms p95=  8.320ms max= 85.380ms calls(last=  1,win= 120,total=7320) (win 47.8% | avg 47.8% budget)
  game.update                      win=  5.038ms avg=  7.054ms p95= 10.363ms max= 21.126ms calls(last=  1,win= 168,total=7809) (win 30.2% | avg 42.3% budget)
  system.ai_update                 win=  4.840ms avg=  6.776ms p95=  9.888ms max= 20.702ms calls(last=  1,win= 168,total=7809) (win 29.0% | avg 40.7% budget)
  enemy.update                     win=  4.834ms avg=  6.768ms p95=  9.874ms max= 20.692ms calls(last=  1,win= 168,total=7809) (win 29.0% | avg 40.6% budget)
  frame.render.world               win=  3.828ms avg=  3.828ms p95=  4.081ms max=  8.835ms calls(last=  1,win= 120,total=6853) (win 23.0% | avg 23.0% budget)
  frame.render.hud                 win=  2.313ms avg=  2.313ms p95=  2.536ms max= 18.023ms calls(last=  1,win= 120,total=6853) (win 13.9% | avg 13.9% budget)
  frame.render.hud.minimap         win=  1.827ms avg=  1.827ms p95=  2.027ms max=  8.418ms calls(last=  1,win= 120,total=6853) (win 11.0% | avg 11.0% budget)
  frame.render.world.enemies       win=  1.171ms avg=  1.171ms p95=  1.234ms max=  3.657ms calls(last=  1,win= 120,total=6853) (win 7.0% | avg 7.0% budget)
  frame.render.world.maze          win=  0.999ms avg=  0.999ms p95=  1.042ms max=  2.840ms calls(last=  1,win= 120,total=6853) (win 6.0% | avg 6.0% budget)
  frame.render.world.effects       win=  0.900ms avg=  0.900ms p95=  1.100ms max=  5.311ms calls(last=  1,win= 120,total=6853) (win 5.4% | avg 5.4% budget)
  enemy.physics.frontal_collisions win=  0.451ms avg=  0.631ms p95=  0.937ms max=  1.391ms calls(last=  1,win= 168,total=3002) (win 2.7% | avg 3.8% budget)
  enemy.physics.frontal_grid_build win=  0.344ms avg=  0.482ms p95=  0.709ms max=  0.994ms calls(last=  1,win= 168,total=3002) (win 2.1% | avg 2.9% budget)
  frame.render.hud.text            win=  0.227ms avg=  0.227ms p95=  0.268ms max=  0.619ms calls(last=  1,win= 120,total=6853) (win 1.4% | avg 1.4% budget)
  enemy.ai.movement                win=  0.172ms avg=  0.962ms p95=  1.416ms max=  3.299ms calls(last=  4,win= 672,total=11750) (win 1.0% | avg 5.8% budget)
  frame.render.hud.compass         win=  0.087ms avg=  0.087ms p95=  0.113ms max=  0.335ms calls(last=  1,win= 120,total=6853) (win 0.5% | avg 0.5% budget)
  enemy.physics.frontal_pair_traverse win=  0.073ms avg=  0.103ms p95=  0.152ms max=  0.376ms calls(last=  1,win= 168,total=3002) (win 0.4% | avg 0.6% budget)
  system.spawner_update            win=  0.071ms avg=  0.100ms p95=  0.145ms max=  0.529ms calls(last=  1,win= 168,total=7809) (win 0.4% | avg 0.6% budget)
  enemy.ai.perception              win=  0.064ms avg=  0.358ms p95=  0.625ms max=  1.041ms calls(last=  4,win= 672,total=11750) (win 0.4% | avg 2.1% budget)
  enemy.ai.decision                win=  0.056ms avg=  0.315ms p95=  0.493ms max=  0.805ms calls(last=  4,win= 672,total=11750) (win 0.3% | avg 1.9% budget)
  frame.render.hud.static          win=  0.054ms avg=  0.054ms p95=  0.067ms max= 13.280ms calls(last=  1,win= 120,total=6853) (win 0.3% | avg 0.3% budget)
  system.physics_collision         win=  0.046ms avg=  0.065ms p95=  0.116ms max=  0.291ms calls(last=  1,win= 168,total=7809) (win 0.3% | avg 0.4% budget)
[ENEMY_STATS] frame=7320 alive=144 visible=2 full=4 cheap=140 fullInBase=0 pairs(frontal=0 checks=0 separation=0 resolved=0)
[ENEMY_WINDOW] steps=168 alive[min=144 max=144] visible[min=0 max=2] full[min=4 max=4] collisionPasses[runs=168 skips=0]
[ENEMY_SEGMENTS] window=2.800s D{b/s=8.21 avgLen=4.88 fail=0} T{b/s=9.29 avgLen=6.47 fail=0} H{b/s=27.50 avgLen=5.11 fail=1008} A{b/s=6.43 avgLen=4.83 fail=672}
[ENEMY_GRID] frontal{cand/s=240.0 xcell/s=0.7 ins/s=240.7} separation{cand/s=240.0}
[ENEMY_COLLISION_WINDOW] frontal{pairs/s=0.0 checks/s=0.0 baseSkip=0 kill=0(0.0%)} separation{pairs/s=0.0 resolved/s=0.0(0.0%) baseSkip=0 kill=0 wallBlock=0}
[ENEMY_KILL_DEBUG] enemyEnemy{events=0 frontal=0 separation=0 reenterEither=0 reenterBoth=0 wallContact=0 dist[min=0.000 avg=0.000 max=0.000]}
[ENEMY_NAV_CACHE] playerCell{changes=3 flowRebuilds=1} flow{hit=0 miss=0 hit%=0.0} pathFallback{calls=0 ok=0 ok%=0.0}
[ENEMY_SAP] updates=24192 active=672 pairs=0 repairs{x=0 y=3}
[ENEMY_PAIR_TYPES] frontal DD=0 DT=0 DH=0 DA=0 TT=0 TH=0 TA=0 HH=0 HA=0 AA=0 separation DD=0 DT=0 DH=0 DA=0 TT=0 TH=0 TA=0 HH=0 HA=0 AA=0
[ENEMY_KILL_DEBUG_COLLISION] projectile{kills=0 wallContact=0}

[PROFILE] frame=7440 budget=16.667ms alloc(+179/-179, +280856b/-280856b, live=288872b peak=567424b)
  frame.total                      win= 25.327ms avg= 25.327ms p95= 31.590ms max= 85.425ms calls(last=  1,win= 120,total=7440) (win 152.0% | avg 152.0% budget)
  frame.fixed_step                 win= 11.363ms avg= 17.328ms p95= 23.384ms max= 33.653ms calls(last=  1,win= 183,total=8470) (win 68.2% | avg 104.0% budget)
  frame.render                     win=  7.954ms avg=  7.954ms p95=  8.471ms max= 85.386ms calls(last=  1,win= 120,total=7440) (win 47.7% | avg 47.7% budget)
  frame.present                    win=  7.947ms avg=  7.947ms p95=  8.464ms max= 85.380ms calls(last=  1,win= 120,total=7440) (win 47.7% | avg 47.7% budget)
  game.update                      win=  5.524ms avg=  8.424ms p95= 11.763ms max= 21.946ms calls(last=  1,win= 183,total=7992) (win 33.1% | avg 50.5% budget)
  system.ai_update                 win=  5.327ms avg=  8.123ms p95= 11.387ms max= 21.504ms calls(last=  1,win= 183,total=7992) (win 32.0% | avg 48.7% budget)
  enemy.update                     win=  5.321ms avg=  8.114ms p95= 11.374ms max= 21.475ms calls(last=  1,win= 183,total=7992) (win 31.9% | avg 48.7% budget)
  frame.render.world               win=  3.754ms avg=  3.754ms p95=  4.111ms max=  8.835ms calls(last=  1,win= 120,total=6973) (win 22.5% | avg 22.5% budget)
  frame.render.hud                 win=  2.368ms avg=  2.368ms p95=  2.575ms max= 18.023ms calls(last=  1,win= 120,total=6973) (win 14.2% | avg 14.2% budget)
  frame.render.hud.minimap         win=  1.884ms avg=  1.884ms p95=  2.050ms max=  8.418ms calls(last=  1,win= 120,total=6973) (win 11.3% | avg 11.3% budget)
  frame.render.world.enemies       win=  1.175ms avg=  1.175ms p95=  1.292ms max=  3.657ms calls(last=  1,win= 120,total=6973) (win 7.1% | avg 7.1% budget)
  frame.render.world.maze          win=  0.999ms avg=  0.999ms p95=  1.043ms max=  2.840ms calls(last=  1,win= 120,total=6973) (win 6.0% | avg 6.0% budget)
  frame.render.world.effects       win=  0.806ms avg=  0.806ms p95=  1.079ms max=  5.311ms calls(last=  1,win= 120,total=6973) (win 4.8% | avg 4.8% budget)
  enemy.torpedo.select_heading     win=  0.453ms avg=  0.004ms p95=  0.000ms max=  0.453ms calls(last=  0,win=   1,total=18) (win 2.7% | avg 0.0% budget)
  enemy.physics.frontal_collisions win=  0.452ms avg=  0.690ms p95=  0.934ms max=  1.391ms calls(last=  1,win= 183,total=3185) (win 2.7% | avg 4.1% budget)
  enemy.physics.frontal_grid_build win=  0.344ms avg=  0.524ms p95=  0.713ms max=  0.994ms calls(last=  1,win= 183,total=3185) (win 2.1% | avg 3.1% budget)
  frame.render.hud.text            win=  0.226ms avg=  0.226ms p95=  0.262ms max=  0.619ms calls(last=  1,win= 120,total=6973) (win 1.4% | avg 1.4% budget)
  enemy.ai.movement                win=  0.194ms avg=  1.601ms p95=  2.528ms max=  3.299ms calls(last=  6,win= 992,total=12742) (win 1.2% | avg 9.6% budget)
  frame.render.hud.compass         win=  0.086ms avg=  0.086ms p95=  0.088ms max=  0.335ms calls(last=  1,win= 120,total=6973) (win 0.5% | avg 0.5% budget)
  enemy.physics.frontal_pair_traverse win=  0.074ms avg=  0.113ms p95=  0.166ms max=  0.376ms calls(last=  1,win= 183,total=3185) (win 0.4% | avg 0.7% budget)
  system.spawner_update            win=  0.072ms avg=  0.110ms p95=  0.144ms max=  0.529ms calls(last=  1,win= 183,total=7992) (win 0.4% | avg 0.7% budget)
  enemy.ai.perception              win=  0.061ms avg=  0.502ms p95=  0.943ms max=  1.041ms calls(last=  6,win= 992,total=12742) (win 0.4% | avg 3.0% budget)
  frame.render.hud.static          win=  0.055ms avg=  0.055ms p95=  0.066ms max= 13.280ms calls(last=  1,win= 120,total=6973) (win 0.3% | avg 0.3% budget)
  frame.render.hud.lives           win=  0.045ms avg=  0.045ms p95=  0.046ms max=  0.309ms calls(last=  1,win= 120,total=6973) (win 0.3% | avg 0.3% budget)
[ENEMY_STATS] frame=7440 alive=144 visible=1 full=6 cheap=138 fullInBase=0 pairs(frontal=0 checks=0 separation=0 resolved=0)
[ENEMY_WINDOW] steps=183 alive[min=144 max=144] visible[min=1 max=2] full[min=4 max=6] collisionPasses[runs=183 skips=0]
[ENEMY_SEGMENTS] window=3.050s D{b/s=8.52 avgLen=5.07 fail=0} T{b/s=6.56 avgLen=6.38 fail=0} H{b/s=25.25 avgLen=4.97 fail=1218} A{b/s=8.20 avgLen=5.10 fail=732}
[ENEMY_GRID] frontal{cand/s=325.9 xcell/s=1.0 ins/s=326.9} separation{cand/s=325.9}
[ENEMY_COLLISION_WINDOW] frontal{pairs/s=0.0 checks/s=0.0 baseSkip=0 kill=0(0.0%)} separation{pairs/s=0.0 resolved/s=0.0(0.0%) baseSkip=0 kill=0 wallBlock=0}
[ENEMY_KILL_DEBUG] enemyEnemy{events=0 frontal=0 separation=0 reenterEither=0 reenterBoth=0 wallContact=0 dist[min=0.000 avg=0.000 max=0.000]}
[ENEMY_NAV_CACHE] playerCell{changes=4 flowRebuilds=1} flow{hit=100 miss=0 hit%=100.0} pathFallback{calls=0 ok=0 ok%=0.0}
[ENEMY_SAP] updates=26352 active=994 pairs=0 repairs{x=137 y=137}
[ENEMY_PAIR_TYPES] frontal DD=0 DT=0 DH=0 DA=0 TT=0 TH=0 TA=0 HH=0 HA=0 AA=0 separation DD=0 DT=0 DH=0 DA=0 TT=0 TH=0 TA=0 HH=0 HA=0 AA=0
[TORPEDO_HEADING] eval/s=0.33 retreat/s=0.00 pick[straight=0.0% left=100.0% right=0.0%] clear[best=15.00 chosen=15.00]
[ENEMY_KILL_DEBUG_COLLISION] projectile{kills=0 wallContact=0}

[PROFILE] frame=7560 budget=16.667ms alloc(+180/-180, +280960b/-280960b, live=288872b peak=567424b)
  frame.total                      win= 24.464ms avg= 24.464ms p95= 30.910ms max= 85.425ms calls(last=  1,win= 120,total=7560) (win 146.8% | avg 146.8% budget)
  frame.fixed_step                 win= 11.454ms avg= 16.894ms p95= 23.390ms max= 33.653ms calls(last=  1,win= 177,total=8647) (win 68.7% | avg 101.4% budget)
  frame.render                     win=  7.525ms avg=  7.525ms p95=  7.853ms max= 85.386ms calls(last=  1,win= 120,total=7560) (win 45.1% | avg 45.1% budget)
  frame.present                    win=  7.518ms avg=  7.518ms p95=  7.847ms max= 85.380ms calls(last=  1,win= 120,total=7560) (win 45.1% | avg 45.1% budget)
  game.update                      win=  5.617ms avg=  8.285ms p95= 11.695ms max= 21.946ms calls(last=  1,win= 177,total=8169) (win 33.7% | avg 49.7% budget)
  system.ai_update                 win=  5.426ms avg=  8.003ms p95= 11.318ms max= 21.504ms calls(last=  1,win= 177,total=8169) (win 32.6% | avg 48.0% budget)
  enemy.update                     win=  5.418ms avg=  7.992ms p95= 11.283ms max= 21.475ms calls(last=  1,win= 177,total=8169) (win 32.5% | avg 48.0% budget)
  frame.render.world               win=  3.318ms avg=  3.318ms p95=  3.473ms max=  8.835ms calls(last=  1,win= 120,total=7093) (win 19.9% | avg 19.9% budget)
  frame.render.hud                 win=  2.339ms avg=  2.339ms p95=  2.544ms max= 18.023ms calls(last=  1,win= 120,total=7093) (win 14.0% | avg 14.0% budget)
  frame.render.hud.minimap         win=  1.852ms avg=  1.852ms p95=  2.051ms max=  8.418ms calls(last=  1,win= 120,total=7093) (win 11.1% | avg 11.1% budget)
  frame.render.world.enemies       win=  1.161ms avg=  1.161ms p95=  1.208ms max=  3.657ms calls(last=  1,win= 120,total=7093) (win 7.0% | avg 7.0% budget)
  frame.render.world.maze          win=  0.970ms avg=  0.970ms p95=  1.056ms max=  2.840ms calls(last=  1,win= 120,total=7093) (win 5.8% | avg 5.8% budget)
  enemy.physics.frontal_collisions win=  0.464ms avg=  0.684ms p95=  0.950ms max=  1.391ms calls(last=  1,win= 177,total=3362) (win 2.8% | avg 4.1% budget)
  frame.render.world.effects       win=  0.392ms avg=  0.392ms p95=  0.460ms max=  5.311ms calls(last=  1,win= 120,total=7093) (win 2.4% | avg 2.4% budget)
  enemy.physics.frontal_grid_build win=  0.341ms avg=  0.504ms p95=  0.690ms max=  0.994ms calls(last=  1,win= 177,total=3362) (win 2.0% | avg 3.0% budget)
  enemy.torpedo.select_heading     win=  0.307ms avg=  0.005ms p95=  0.000ms max=  0.453ms calls(last=  0,win=   2,total=20) (win 1.8% | avg 0.0% budget)
  frame.render.hud.text            win=  0.226ms avg=  0.226ms p95=  0.251ms max=  0.619ms calls(last=  1,win= 120,total=7093) (win 1.4% | avg 1.4% budget)
  enemy.ai.movement                win=  0.206ms avg=  1.617ms p95=  2.454ms max=  3.299ms calls(last=  5,win= 942,total=13684) (win 1.2% | avg 9.7% budget)
  enemy.physics.frontal_pair_traverse win=  0.088ms avg=  0.129ms p95=  0.184ms max=  0.376ms calls(last=  1,win= 177,total=3362) (win 0.5% | avg 0.8% budget)
  frame.render.hud.compass         win=  0.087ms avg=  0.087ms p95=  0.089ms max=  0.335ms calls(last=  1,win= 120,total=7093) (win 0.5% | avg 0.5% budget)
  system.spawner_update            win=  0.072ms avg=  0.107ms p95=  0.145ms max=  0.529ms calls(last=  1,win= 177,total=8169) (win 0.4% | avg 0.6% budget)
  enemy.ai.perception              win=  0.069ms avg=  0.545ms p95=  0.947ms max=  1.042ms calls(last=  5,win= 942,total=13684) (win 0.4% | avg 3.3% budget)
  frame.render.hud.static          win=  0.056ms avg=  0.056ms p95=  0.070ms max= 13.280ms calls(last=  1,win= 120,total=7093) (win 0.3% | avg 0.3% budget)
  frame.render.hud.lives           win=  0.045ms avg=  0.045ms p95=  0.046ms max=  0.309ms calls(last=  1,win= 120,total=7093) (win 0.3% | avg 0.3% budget)
[ENEMY_STATS] frame=7560 alive=144 visible=0 full=5 cheap=139 fullInBase=0 pairs(frontal=0 checks=0 separation=0 resolved=0)
[ENEMY_WINDOW] steps=177 alive[min=144 max=144] visible[min=0 max=1] full[min=5 max=6] collisionPasses[runs=177 skips=0]
[ENEMY_SEGMENTS] window=2.950s D{b/s=6.44 avgLen=5.24 fail=0} T{b/s=8.14 avgLen=5.73 fail=0} H{b/s=27.12 avgLen=5.20 fail=1239} A{b/s=6.44 avgLen=5.21 fail=708}
[ENEMY_GRID] frontal{cand/s=319.0 xcell/s=2.0 ins/s=321.0} separation{cand/s=319.0}
[ENEMY_COLLISION_WINDOW] frontal{pairs/s=0.0 checks/s=0.0 baseSkip=0 kill=0(0.0%)} separation{pairs/s=0.0 resolved/s=0.0(0.0%) baseSkip=0 kill=0 wallBlock=0}
[ENEMY_KILL_DEBUG] enemyEnemy{events=0 frontal=0 separation=0 reenterEither=0 reenterBoth=0 wallContact=0 dist[min=0.000 avg=0.000 max=0.000]}
[ENEMY_NAV_CACHE] playerCell{changes=2 flowRebuilds=1} flow{hit=177 miss=0 hit%=100.0} pathFallback{calls=0 ok=0 ok%=0.0}
[ENEMY_SAP] updates=25488 active=941 pairs=0 repairs{x=6 y=6}
[ENEMY_PAIR_TYPES] frontal DD=0 DT=0 DH=0 DA=0 TT=0 TH=0 TA=0 HH=0 HA=0 AA=0 separation DD=0 DT=0 DH=0 DA=0 TT=0 TH=0 TA=0 HH=0 HA=0 AA=0
[TORPEDO_HEADING] eval/s=0.68 retreat/s=0.00 pick[straight=100.0% left=0.0% right=0.0%] clear[best=15.00 chosen=15.00]
[ENEMY_KILL_DEBUG_COLLISION] projectile{kills=0 wallContact=0}

[PROFILE] frame=7680 budget=16.667ms alloc(+360/-360, +561920b/-561920b, live=288872b peak=567424b)
  frame.total                      win= 23.609ms avg= 23.609ms p95= 30.288ms max= 85.425ms calls(last=  1,win= 120,total=7680) (win 141.7% | avg 141.7% budget)
  frame.fixed_step                 win= 11.296ms avg= 16.096ms p95= 22.636ms max= 33.653ms calls(last=  2,win= 171,total=8818) (win 67.8% | avg 96.6% budget)
  frame.render                     win=  7.469ms avg=  7.469ms p95=  7.801ms max= 85.386ms calls(last=  1,win= 120,total=7680) (win 44.8% | avg 44.8% budget)
  frame.present                    win=  7.463ms avg=  7.463ms p95=  7.792ms max= 85.380ms calls(last=  1,win= 120,total=7680) (win 44.8% | avg 44.8% budget)
  game.update                      win=  5.482ms avg=  7.811ms p95= 10.928ms max= 21.946ms calls(last=  2,win= 171,total=8340) (win 32.9% | avg 46.9% budget)
  system.ai_update                 win=  5.291ms avg=  7.540ms p95= 10.553ms max= 21.504ms calls(last=  2,win= 171,total=8340) (win 31.7% | avg 45.2% budget)
  enemy.update                     win=  5.285ms avg=  7.531ms p95= 10.543ms max= 21.475ms calls(last=  2,win= 171,total=8340) (win 31.7% | avg 45.2% budget)
  frame.render.world               win=  3.325ms avg=  3.325ms p95=  3.498ms max=  8.835ms calls(last=  1,win= 120,total=7213) (win 19.9% | avg 19.9% budget)
  frame.render.hud                 win=  2.317ms avg=  2.317ms p95=  2.522ms max= 18.023ms calls(last=  1,win= 120,total=7213) (win 13.9% | avg 13.9% budget)
  frame.render.hud.minimap         win=  1.827ms avg=  1.827ms p95=  2.000ms max=  8.418ms calls(last=  1,win= 120,total=7213) (win 11.0% | avg 11.0% budget)
  frame.render.world.enemies       win=  1.146ms avg=  1.146ms p95=  1.213ms max=  3.657ms calls(last=  1,win= 120,total=7213) (win 6.9% | avg 6.9% budget)
  frame.render.world.maze          win=  0.991ms avg=  0.991ms p95=  1.064ms max=  2.840ms calls(last=  1,win= 120,total=7213) (win 5.9% | avg 5.9% budget)
  enemy.physics.frontal_collisions win=  0.470ms avg=  0.670ms p95=  0.968ms max=  1.391ms calls(last=  2,win= 171,total=3533) (win 2.8% | avg 4.0% budget)
  frame.render.world.effects       win=  0.386ms avg=  0.386ms p95=  0.463ms max=  5.311ms calls(last=  1,win= 120,total=7213) (win 2.3% | avg 2.3% budget)
  enemy.physics.frontal_grid_build win=  0.344ms avg=  0.490ms p95=  0.719ms max=  0.994ms calls(last=  2,win= 171,total=3533) (win 2.1% | avg 2.9% budget)
  enemy.torpedo.select_heading     win=  0.326ms avg=  0.003ms p95=  0.000ms max=  0.453ms calls(last=  0,win=   1,total=21) (win 2.0% | avg 0.0% budget)
  frame.render.hud.text            win=  0.228ms avg=  0.228ms p95=  0.239ms max=  0.619ms calls(last=  1,win= 120,total=7213) (win 1.4% | avg 1.4% budget)
  enemy.ai.movement                win=  0.196ms avg=  1.400ms p95=  2.075ms max=  3.299ms calls(last= 10,win= 855,total=14539) (win 1.2% | avg 8.4% budget)
  enemy.physics.frontal_pair_traverse win=  0.093ms avg=  0.132ms p95=  0.189ms max=  0.376ms calls(last=  2,win= 171,total=3533) (win 0.6% | avg 0.8% budget)
  frame.render.hud.compass         win=  0.087ms avg=  0.087ms p95=  0.089ms max=  0.335ms calls(last=  1,win= 120,total=7213) (win 0.5% | avg 0.5% budget)
  enemy.ai.perception              win=  0.080ms avg=  0.569ms p95=  0.902ms max=  1.042ms calls(last= 10,win= 855,total=14539) (win 0.5% | avg 3.4% budget)
  system.spawner_update            win=  0.072ms avg=  0.103ms p95=  0.145ms max=  0.529ms calls(last=  2,win= 171,total=8340) (win 0.4% | avg 0.6% budget)
  frame.render.hud.static          win=  0.056ms avg=  0.056ms p95=  0.069ms max= 13.280ms calls(last=  1,win= 120,total=7213) (win 0.3% | avg 0.3% budget)
  frame.render.hud.lives           win=  0.046ms avg=  0.046ms p95=  0.047ms max=  0.309ms calls(last=  1,win= 120,total=7213) (win 0.3% | avg 0.3% budget)
[ENEMY_STATS] frame=7680 alive=144 visible=0 full=5 cheap=139 fullInBase=0 pairs(frontal=0 checks=0 separation=0 resolved=0)
[ENEMY_WINDOW] steps=171 alive[min=144 max=144] visible[min=0 max=0] full[min=5 max=5] collisionPasses[runs=171 skips=0]
[ENEMY_SEGMENTS] window=2.850s D{b/s=9.12 avgLen=4.70 fail=0} T{b/s=9.47 avgLen=5.76 fail=2} H{b/s=28.07 avgLen=4.89 fail=1197} A{b/s=7.02 avgLen=4.54 fail=684}
[ENEMY_GRID] frontal{cand/s=300.0 xcell/s=0.7 ins/s=300.7} separation{cand/s=300.0}
[ENEMY_COLLISION_WINDOW] frontal{pairs/s=0.0 checks/s=0.0 baseSkip=0 kill=0(0.0%)} separation{pairs/s=0.0 resolved/s=0.0(0.0%) baseSkip=0 kill=0 wallBlock=0}
[ENEMY_KILL_DEBUG] enemyEnemy{events=0 frontal=0 separation=0 reenterEither=0 reenterBoth=0 wallContact=0 dist[min=0.000 avg=0.000 max=0.000]}
[ENEMY_NAV_CACHE] playerCell{changes=3 flowRebuilds=1} flow{hit=171 miss=0 hit%=100.0} pathFallback{calls=0 ok=0 ok%=0.0}
[ENEMY_SAP] updates=24624 active=855 pairs=0 repairs{x=1 y=0}
[ENEMY_PAIR_TYPES] frontal DD=0 DT=0 DH=0 DA=0 TT=0 TH=0 TA=0 HH=0 HA=0 AA=0 separation DD=0 DT=0 DH=0 DA=0 TT=0 TH=0 TA=0 HH=0 HA=0 AA=0
[TORPEDO_HEADING] eval/s=0.35 retreat/s=0.00 pick[straight=100.0% left=0.0% right=0.0%] clear[best=15.00 chosen=15.00]
[ENEMY_KILL_DEBUG_COLLISION] projectile{kills=0 wallContact=0}

[PROFILE] frame=7800 budget=16.667ms alloc(+177/-177, +280856b/-280856b, live=288872b peak=567424b)
  frame.total                      win= 20.452ms avg= 20.452ms p95= 28.586ms max= 85.425ms calls(last=  1,win= 120,total=7800) (win 122.7% | avg 122.7% budget)
  frame.fixed_step                 win= 10.410ms avg= 12.840ms p95= 20.722ms max= 33.653ms calls(last=  1,win= 148,total=8966) (win 62.5% | avg 77.0% budget)
  frame.render                     win=  7.569ms avg=  7.569ms p95=  7.872ms max= 85.386ms calls(last=  1,win= 120,total=7800) (win 45.4% | avg 45.4% budget)
  frame.present                    win=  7.562ms avg=  7.562ms p95=  7.867ms max= 85.380ms calls(last=  1,win= 120,total=7800) (win 45.4% | avg 45.4% budget)
  game.update                      win=  4.560ms avg=  5.624ms p95=  9.141ms max= 21.946ms calls(last=  1,win= 148,total=8488) (win 27.4% | avg 33.7% budget)
  system.ai_update                 win=  4.372ms avg=  5.392ms p95=  8.767ms max= 21.504ms calls(last=  1,win= 148,total=8488) (win 26.2% | avg 32.4% budget)
  enemy.update                     win=  4.366ms avg=  5.384ms p95=  8.755ms max= 21.475ms calls(last=  1,win= 148,total=8488) (win 26.2% | avg 32.3% budget)
  frame.render.world               win=  3.370ms avg=  3.370ms p95=  3.559ms max=  8.835ms calls(last=  1,win= 120,total=7333) (win 20.2% | avg 20.2% budget)
  frame.render.hud                 win=  2.366ms avg=  2.366ms p95=  2.513ms max= 18.023ms calls(last=  1,win= 120,total=7333) (win 14.2% | avg 14.2% budget)
  frame.render.hud.minimap         win=  1.878ms avg=  1.878ms p95=  2.031ms max=  8.418ms calls(last=  1,win= 120,total=7333) (win 11.3% | avg 11.3% budget)
  frame.render.world.enemies       win=  1.122ms avg=  1.122ms p95=  1.218ms max=  3.657ms calls(last=  1,win= 120,total=7333) (win 6.7% | avg 6.7% budget)
  frame.render.world.maze          win=  1.054ms avg=  1.054ms p95=  1.166ms max=  2.840ms calls(last=  1,win= 120,total=7333) (win 6.3% | avg 6.3% budget)
  enemy.physics.frontal_collisions win=  0.443ms avg=  0.547ms p95=  0.920ms max=  1.391ms calls(last=  1,win= 148,total=3681) (win 2.7% | avg 3.3% budget)
  enemy.torpedo.select_heading     win=  0.404ms avg=  0.003ms p95=  0.000ms max=  0.453ms calls(last=  0,win=   1,total=22) (win 2.4% | avg 0.0% budget)
  frame.render.world.effects       win=  0.385ms avg=  0.385ms p95=  0.454ms max=  5.311ms calls(last=  1,win= 120,total=7333) (win 2.3% | avg 2.3% budget)
  enemy.physics.frontal_grid_build win=  0.340ms avg=  0.420ms p95=  0.672ms max=  0.994ms calls(last=  1,win= 148,total=3681) (win 2.0% | avg 2.5% budget)
  frame.render.hud.text            win=  0.226ms avg=  0.226ms p95=  0.241ms max=  0.619ms calls(last=  1,win= 120,total=7333) (win 1.4% | avg 1.4% budget)
  enemy.ai.movement                win=  0.187ms avg=  0.566ms p95=  1.020ms max=  3.299ms calls(last=  2,win= 364,total=14903) (win 1.1% | avg 3.4% budget)
  frame.render.hud.compass         win=  0.087ms avg=  0.087ms p95=  0.103ms max=  0.335ms calls(last=  1,win= 120,total=7333) (win 0.5% | avg 0.5% budget)
  enemy.physics.frontal_pair_traverse win=  0.072ms avg=  0.089ms p95=  0.144ms max=  0.376ms calls(last=  1,win= 148,total=3681) (win 0.4% | avg 0.5% budget)
  system.spawner_update            win=  0.072ms avg=  0.089ms p95=  0.143ms max=  0.529ms calls(last=  1,win= 148,total=8488) (win 0.4% | avg 0.5% budget)
  frame.render.hud.static          win=  0.057ms avg=  0.057ms p95=  0.069ms max= 13.280ms calls(last=  1,win= 120,total=7333) (win 0.3% | avg 0.3% budget)
  enemy.ai.decision                win=  0.056ms avg=  0.170ms p95=  0.311ms max=  0.805ms calls(last=  2,win= 364,total=14903) (win 0.3% | avg 1.0% budget)
  frame.render.hud.lives           win=  0.045ms avg=  0.045ms p95=  0.046ms max=  0.309ms calls(last=  1,win= 120,total=7333) (win 0.3% | avg 0.3% budget)
[ENEMY_STATS] frame=7800 alive=144 visible=0 full=2 cheap=142 fullInBase=0 pairs(frontal=0 checks=0 separation=0 resolved=0)
[ENEMY_WINDOW] steps=148 alive[min=144 max=144] visible[min=0 max=0] full[min=2 max=5] collisionPasses[runs=148 skips=0]
[ENEMY_SEGMENTS] window=2.467s D{b/s=7.70 avgLen=5.50 fail=0} T{b/s=9.32 avgLen=6.91 fail=0} H{b/s=25.54 avgLen=4.78 fail=1036} A{b/s=9.32 avgLen=4.38 fail=592}
[ENEMY_GRID] frontal{cand/s=146.4 xcell/s=0.4 ins/s=146.8} separation{cand/s=146.4}
[ENEMY_COLLISION_WINDOW] frontal{pairs/s=0.0 checks/s=0.0 baseSkip=0 kill=0(0.0%)} separation{pairs/s=0.0 resolved/s=0.0(0.0%) baseSkip=0 kill=0 wallBlock=0}
[ENEMY_KILL_DEBUG] enemyEnemy{events=0 frontal=0 separation=0 reenterEither=0 reenterBoth=0 wallContact=0 dist[min=0.000 avg=0.000 max=0.000]}
[ENEMY_NAV_CACHE] playerCell{changes=2 flowRebuilds=1} flow{hit=40 miss=0 hit%=100.0} pathFallback{calls=0 ok=0 ok%=0.0}
[ENEMY_SAP] updates=21312 active=361 pairs=0 repairs{x=67 y=68}
[ENEMY_PAIR_TYPES] frontal DD=0 DT=0 DH=0 DA=0 TT=0 TH=0 TA=0 HH=0 HA=0 AA=0 separation DD=0 DT=0 DH=0 DA=0 TT=0 TH=0 TA=0 HH=0 HA=0 AA=0
[TORPEDO_HEADING] eval/s=0.41 retreat/s=0.00 pick[straight=0.0% left=100.0% right=0.0%] clear[best=15.00 chosen=15.00]
[ENEMY_KILL_DEBUG_COLLISION] projectile{kills=0 wallContact=0}

[PROFILE] frame=7920 budget=16.667ms alloc(+176/-176, +280816b/-280816b, live=288872b peak=567424b)
  frame.total                      win= 20.283ms avg= 20.283ms p95= 28.215ms max= 85.425ms calls(last=  1,win= 120,total=7920) (win 121.7% | avg 121.7% budget)
  frame.fixed_step                 win= 10.375ms avg= 12.710ms p95= 20.667ms max= 33.653ms calls(last=  1,win= 147,total=9113) (win 62.3% | avg 76.3% budget)
  frame.render                     win=  7.528ms avg=  7.528ms p95=  7.940ms max= 85.386ms calls(last=  1,win= 120,total=7920) (win 45.2% | avg 45.2% budget)
  frame.present                    win=  7.521ms avg=  7.521ms p95=  7.933ms max= 85.380ms calls(last=  1,win= 120,total=7920) (win 45.1% | avg 45.1% budget)
  game.update                      win=  4.492ms avg=  5.502ms p95=  8.940ms max= 21.946ms calls(last=  1,win= 147,total=8635) (win 27.0% | avg 33.0% budget)
  system.ai_update                 win=  4.301ms avg=  5.269ms p95=  8.560ms max= 21.504ms calls(last=  1,win= 147,total=8635) (win 25.8% | avg 31.6% budget)
  enemy.update                     win=  4.295ms avg=  5.262ms p95=  8.549ms max= 21.475ms calls(last=  1,win= 147,total=8635) (win 25.8% | avg 31.6% budget)
  frame.render.world               win=  3.327ms avg=  3.327ms p95=  3.593ms max=  8.835ms calls(last=  1,win= 120,total=7453) (win 20.0% | avg 20.0% budget)
  frame.render.hud                 win=  2.376ms avg=  2.376ms p95=  2.603ms max= 18.023ms calls(last=  1,win= 120,total=7453) (win 14.3% | avg 14.3% budget)
  frame.render.hud.minimap         win=  1.884ms avg=  1.884ms p95=  2.084ms max=  8.418ms calls(last=  1,win= 120,total=7453) (win 11.3% | avg 11.3% budget)
  frame.render.world.enemies       win=  1.130ms avg=  1.130ms p95=  1.297ms max=  3.657ms calls(last=  1,win= 120,total=7453) (win 6.8% | avg 6.8% budget)
  frame.render.world.maze          win=  1.005ms avg=  1.005ms p95=  1.188ms max=  2.840ms calls(last=  1,win= 120,total=7453) (win 6.0% | avg 6.0% budget)
  enemy.physics.frontal_collisions win=  0.449ms avg=  0.550ms p95=  0.938ms max=  1.391ms calls(last=  1,win= 147,total=3828) (win 2.7% | avg 3.3% budget)
  frame.render.world.effects       win=  0.384ms avg=  0.384ms p95=  0.549ms max=  5.311ms calls(last=  1,win= 120,total=7453) (win 2.3% | avg 2.3% budget)
  enemy.physics.frontal_grid_build win=  0.346ms avg=  0.424ms p95=  0.712ms max=  0.994ms calls(last=  1,win= 147,total=3828) (win 2.1% | avg 2.5% budget)
  frame.render.hud.text            win=  0.229ms avg=  0.229ms p95=  0.268ms max=  0.619ms calls(last=  1,win= 120,total=7453) (win 1.4% | avg 1.4% budget)
  enemy.ai.movement                win=  0.206ms avg=  0.504ms p95=  0.812ms max=  3.299ms calls(last=  2,win= 294,total=15197) (win 1.2% | avg 3.0% budget)
  frame.render.hud.compass         win=  0.087ms avg=  0.087ms p95=  0.106ms max=  0.335ms calls(last=  1,win= 120,total=7453) (win 0.5% | avg 0.5% budget)
  system.spawner_update            win=  0.073ms avg=  0.090ms p95=  0.146ms max=  0.529ms calls(last=  1,win= 147,total=8635) (win 0.4% | avg 0.5% budget)
  enemy.physics.frontal_pair_traverse win=  0.073ms avg=  0.089ms p95=  0.147ms max=  0.376ms calls(last=  1,win= 147,total=3828) (win 0.4% | avg 0.5% budget)
  frame.render.hud.static          win=  0.058ms avg=  0.058ms p95=  0.070ms max= 13.280ms calls(last=  1,win= 120,total=7453) (win 0.3% | avg 0.3% budget)
  enemy.ai.perception              win=  0.051ms avg=  0.125ms p95=  0.206ms max=  1.042ms calls(last=  2,win= 294,total=15197) (win 0.3% | avg 0.8% budget)
  enemy.ai.decision                win=  0.047ms avg=  0.115ms p95=  0.191ms max=  0.805ms calls(last=  2,win= 294,total=15197) (win 0.3% | avg 0.7% budget)
  frame.render.hud.lives           win=  0.045ms avg=  0.045ms p95=  0.046ms max=  0.309ms calls(last=  1,win= 120,total=7453) (win 0.3% | avg 0.3% budget)
[ENEMY_STATS] frame=7920 alive=144 visible=0 full=2 cheap=142 fullInBase=0 pairs(frontal=0 checks=0 separation=0 resolved=0)
[ENEMY_WINDOW] steps=147 alive[min=144 max=144] visible[min=0 max=0] full[min=2 max=2] collisionPasses[runs=147 skips=0]
[ENEMY_SEGMENTS] window=2.450s D{b/s=6.94 avgLen=5.08 fail=0} T{b/s=5.71 avgLen=5.86 fail=0} H{b/s=27.76 avgLen=4.83 fail=1029} A{b/s=7.76 avgLen=4.94 fail=612}
[ENEMY_GRID] frontal{cand/s=120.0 xcell/s=0.4 ins/s=120.4} separation{cand/s=120.0}
[ENEMY_COLLISION_WINDOW] frontal{pairs/s=0.0 checks/s=0.0 baseSkip=0 kill=0(0.0%)} separation{pairs/s=0.0 resolved/s=0.0(0.0%) baseSkip=0 kill=0 wallBlock=0}
[ENEMY_KILL_DEBUG] enemyEnemy{events=0 frontal=0 separation=0 reenterEither=0 reenterBoth=0 wallContact=0 dist[min=0.000 avg=0.000 max=0.000]}
[ENEMY_NAV_CACHE] playerCell{changes=3 flowRebuilds=1} flow{hit=0 miss=0 hit%=0.0} pathFallback{calls=0 ok=0 ok%=0.0}
[ENEMY_SAP] updates=21168 active=294 pairs=0 repairs{x=0 y=0}
[ENEMY_PAIR_TYPES] frontal DD=0 DT=0 DH=0 DA=0 TT=0 TH=0 TA=0 HH=0 HA=0 AA=0 separation DD=0 DT=0 DH=0 DA=0 TT=0 TH=0 TA=0 HH=0 HA=0 AA=0
[ENEMY_KILL_DEBUG_COLLISION] projectile{kills=0 wallContact=0}

[PROFILE] frame=8040 budget=16.667ms alloc(+177/-177, +280856b/-280856b, live=288872b peak=567424b)
  frame.total                      win= 20.450ms avg= 20.450ms p95= 28.831ms max= 85.425ms calls(last=  1,win= 120,total=8040) (win 122.7% | avg 122.7% budget)
  frame.fixed_step                 win= 10.446ms avg= 12.883ms p95= 21.237ms max= 33.653ms calls(last=  1,win= 148,total=9261) (win 62.7% | avg 77.3% budget)
  frame.render                     win=  7.525ms avg=  7.525ms p95=  7.784ms max= 85.386ms calls(last=  1,win= 120,total=8040) (win 45.2% | avg 45.2% budget)
  frame.present                    win=  7.519ms avg=  7.519ms p95=  7.777ms max= 85.380ms calls(last=  1,win= 120,total=8040) (win 45.1% | avg 45.1% budget)
  game.update                      win=  4.596ms avg=  5.668ms p95=  9.625ms max= 21.946ms calls(last=  1,win= 148,total=8783) (win 27.6% | avg 34.0% budget)
  system.ai_update                 win=  4.405ms avg=  5.433ms p95=  9.251ms max= 21.504ms calls(last=  1,win= 148,total=8783) (win 26.4% | avg 32.6% budget)
  enemy.update                     win=  4.399ms avg=  5.426ms p95=  9.240ms max= 21.475ms calls(last=  1,win= 148,total=8783) (win 26.4% | avg 32.6% budget)
  frame.render.world               win=  3.352ms avg=  3.352ms p95=  3.561ms max=  8.835ms calls(last=  1,win= 120,total=7573) (win 20.1% | avg 20.1% budget)
  frame.render.hud                 win=  2.334ms avg=  2.334ms p95=  2.533ms max= 18.023ms calls(last=  1,win= 120,total=7573) (win 14.0% | avg 14.0% budget)
  frame.render.hud.minimap         win=  1.840ms avg=  1.840ms p95=  2.016ms max=  8.418ms calls(last=  1,win= 120,total=7573) (win 11.0% | avg 11.0% budget)
  frame.render.world.enemies       win=  1.169ms avg=  1.169ms p95=  1.238ms max=  3.657ms calls(last=  1,win= 120,total=7573) (win 7.0% | avg 7.0% budget)
  frame.render.world.maze          win=  0.968ms avg=  0.968ms p95=  1.060ms max=  2.840ms calls(last=  1,win= 120,total=7573) (win 5.8% | avg 5.8% budget)
  enemy.physics.frontal_collisions win=  0.442ms avg=  0.546ms p95=  0.902ms max=  1.391ms calls(last=  1,win= 148,total=3976) (win 2.7% | avg 3.3% budget)
  frame.render.world.effects       win=  0.409ms avg=  0.409ms p95=  0.528ms max=  5.311ms calls(last=  1,win= 120,total=7573) (win 2.5% | avg 2.5% budget)
  enemy.physics.frontal_grid_build win=  0.339ms avg=  0.418ms p95=  0.676ms max=  0.994ms calls(last=  1,win= 148,total=3976) (win 2.0% | avg 2.5% budget)
  frame.render.hud.text            win=  0.227ms avg=  0.227ms p95=  0.265ms max=  0.619ms calls(last=  1,win= 120,total=7573) (win 1.4% | avg 1.4% budget)
  enemy.ai.movement                win=  0.205ms avg=  0.682ms p95=  1.251ms max=  3.299ms calls(last=  4,win= 399,total=15596) (win 1.2% | avg 4.1% budget)
  frame.render.hud.compass         win=  0.089ms avg=  0.089ms p95=  0.127ms max=  0.335ms calls(last=  1,win= 120,total=7573) (win 0.5% | avg 0.5% budget)
  system.spawner_update            win=  0.072ms avg=  0.089ms p95=  0.143ms max=  0.529ms calls(last=  1,win= 148,total=8783) (win 0.4% | avg 0.5% budget)
  enemy.physics.frontal_pair_traverse win=  0.072ms avg=  0.089ms p95=  0.145ms max=  0.376ms calls(last=  1,win= 148,total=3976) (win 0.4% | avg 0.5% budget)
  frame.render.hud.static          win=  0.058ms avg=  0.058ms p95=  0.072ms max= 13.280ms calls(last=  1,win= 120,total=7573) (win 0.3% | avg 0.3% budget)
  frame.render.hud.lives           win=  0.046ms avg=  0.046ms p95=  0.050ms max=  0.309ms calls(last=  1,win= 120,total=7573) (win 0.3% | avg 0.3% budget)
  system.physics_collision         win=  0.040ms avg=  0.049ms p95=  0.084ms max=  0.291ms calls(last=  1,win= 148,total=8783) (win 0.2% | avg 0.3% budget)
  frame.render.hud.bars            win=  0.040ms avg=  0.040ms p95=  0.040ms max=  0.373ms calls(last=  1,win= 120,total=7573) (win 0.2% | avg 0.2% budget)
[ENEMY_STATS] frame=8040 alive=144 visible=1 full=4 cheap=140 fullInBase=0 pairs(frontal=0 checks=0 separation=0 resolved=0)
[ENEMY_WINDOW] steps=148 alive[min=144 max=144] visible[min=0 max=1] full[min=2 max=4] collisionPasses[runs=148 skips=0]
[ENEMY_SEGMENTS] window=2.467s D{b/s=7.70 avgLen=4.59 fail=0} T{b/s=9.32 avgLen=7.00 fail=0} H{b/s=27.97 avgLen=4.93 fail=1036} A{b/s=6.89 avgLen=5.44 fail=740}
[ENEMY_GRID] frontal{cand/s=162.6 xcell/s=0.4 ins/s=163.0} separation{cand/s=162.6}
[ENEMY_COLLISION_WINDOW] frontal{pairs/s=0.0 checks/s=0.0 baseSkip=0 kill=0(0.0%)} separation{pairs/s=0.0 resolved/s=0.0(0.0%) baseSkip=0 kill=0 wallBlock=0}
[ENEMY_KILL_DEBUG] enemyEnemy{events=0 frontal=0 separation=0 reenterEither=0 reenterBoth=0 wallContact=0 dist[min=0.000 avg=0.000 max=0.000]}
[ENEMY_NAV_CACHE] playerCell{changes=2 flowRebuilds=0} flow{hit=0 miss=0 hit%=0.0} pathFallback{calls=0 ok=0 ok%=0.0}
[ENEMY_SAP] updates=21312 active=401 pairs=0 repairs{x=137 y=137}
[ENEMY_PAIR_TYPES] frontal DD=0 DT=0 DH=0 DA=0 TT=0 TH=0 TA=0 HH=0 HA=0 AA=0 separation DD=0 DT=0 DH=0 DA=0 TT=0 TH=0 TA=0 HH=0 HA=0 AA=0
[ENEMY_KILL_DEBUG_COLLISION] projectile{kills=0 wallContact=0}

[PROFILE] frame=8160 budget=16.667ms alloc(+182/-182, +281024b/-281024b, live=288872b peak=567424b)
  frame.total                      win= 24.076ms avg= 24.076ms p95= 31.148ms max= 85.425ms calls(last=  1,win= 120,total=8160) (win 144.5% | avg 144.5% budget)
  frame.fixed_step                 win= 11.234ms avg= 16.289ms p95= 23.119ms max= 33.653ms calls(last=  1,win= 174,total=9435) (win 67.4% | avg 97.7% budget)
  frame.render                     win=  7.742ms avg=  7.742ms p95=  8.329ms max= 85.386ms calls(last=  1,win= 120,total=8160) (win 46.5% | avg 46.5% budget)
  frame.present                    win=  7.735ms avg=  7.735ms p95=  8.322ms max= 85.380ms calls(last=  1,win= 120,total=8160) (win 46.4% | avg 46.4% budget)
  game.update                      win=  5.392ms avg=  7.819ms p95= 11.249ms max= 21.946ms calls(last=  1,win= 174,total=8957) (win 32.4% | avg 46.9% budget)
  system.ai_update                 win=  5.203ms avg=  7.544ms p95= 10.882ms max= 21.504ms calls(last=  1,win= 174,total=8957) (win 31.2% | avg 45.3% budget)
  enemy.update                     win=  5.197ms avg=  7.536ms p95= 10.871ms max= 21.475ms calls(last=  1,win= 174,total=8957) (win 31.2% | avg 45.2% budget)
  frame.render.world               win=  3.456ms avg=  3.456ms p95=  3.913ms max=  8.835ms calls(last=  1,win= 120,total=7693) (win 20.7% | avg 20.7% budget)
  frame.render.hud                 win=  2.395ms avg=  2.395ms p95=  2.572ms max= 18.023ms calls(last=  1,win= 120,total=7693) (win 14.4% | avg 14.4% budget)
  frame.render.hud.minimap         win=  1.906ms avg=  1.906ms p95=  2.071ms max=  8.418ms calls(last=  1,win= 120,total=7693) (win 11.4% | avg 11.4% budget)
  frame.render.world.enemies       win=  1.171ms avg=  1.171ms p95=  1.295ms max=  3.657ms calls(last=  1,win= 120,total=7693) (win 7.0% | avg 7.0% budget)
  frame.render.world.maze          win=  0.989ms avg=  0.989ms p95=  1.087ms max=  2.840ms calls(last=  1,win= 120,total=7693) (win 5.9% | avg 5.9% budget)
  frame.render.world.effects       win=  0.509ms avg=  0.509ms p95=  0.968ms max=  5.311ms calls(last=  1,win= 120,total=7693) (win 3.1% | avg 3.1% budget)
  enemy.physics.frontal_collisions win=  0.454ms avg=  0.659ms p95=  0.939ms max=  1.391ms calls(last=  1,win= 174,total=4150) (win 2.7% | avg 4.0% budget)
  enemy.physics.frontal_grid_build win=  0.343ms avg=  0.497ms p95=  0.704ms max=  0.994ms calls(last=  1,win= 174,total=4150) (win 2.1% | avg 3.0% budget)
  frame.render.hud.text            win=  0.230ms avg=  0.230ms p95=  0.286ms max=  0.619ms calls(last=  1,win= 120,total=7693) (win 1.4% | avg 1.4% budget)
  enemy.ai.movement                win=  0.200ms avg=  1.479ms p95=  2.431ms max=  3.299ms calls(last=  5,win= 888,total=16484) (win 1.2% | avg 8.9% budget)
  frame.render.hud.compass         win=  0.087ms avg=  0.087ms p95=  0.102ms max=  0.335ms calls(last=  1,win= 120,total=7693) (win 0.5% | avg 0.5% budget)
  enemy.physics.frontal_pair_traverse win=  0.078ms avg=  0.113ms p95=  0.179ms max=  0.376ms calls(last=  1,win= 174,total=4150) (win 0.5% | avg 0.7% budget)
  system.spawner_update            win=  0.072ms avg=  0.105ms p95=  0.147ms max=  0.529ms calls(last=  1,win= 174,total=8957) (win 0.4% | avg 0.6% budget)
  frame.render.hud.static          win=  0.056ms avg=  0.056ms p95=  0.070ms max= 13.280ms calls(last=  1,win= 120,total=7693) (win 0.3% | avg 0.3% budget)
  enemy.ai.perception              win=  0.050ms avg=  0.371ms p95=  0.642ms max=  1.042ms calls(last=  5,win= 888,total=16484) (win 0.3% | avg 2.2% budget)
  frame.render.hud.lives           win=  0.044ms avg=  0.044ms p95=  0.046ms max=  0.309ms calls(last=  1,win= 120,total=7693) (win 0.3% | avg 0.3% budget)
  system.physics_collision         win=  0.040ms avg=  0.058ms p95=  0.086ms max=  0.291ms calls(last=  1,win= 174,total=8957) (win 0.2% | avg 0.3% budget)
[ENEMY_STATS] frame=8160 alive=144 visible=1 full=5 cheap=139 fullInBase=0 pairs(frontal=0 checks=0 separation=0 resolved=0)
[ENEMY_WINDOW] steps=174 alive[min=144 max=144] visible[min=0 max=1] full[min=4 max=6] collisionPasses[runs=174 skips=0]
[ENEMY_SEGMENTS] window=2.900s D{b/s=10.34 avgLen=4.86 fail=0} T{b/s=6.21 avgLen=7.11 fail=0} H{b/s=25.17 avgLen=4.97 fail=1218} A{b/s=7.24 avgLen=5.24 fail=870}
[ENEMY_GRID] frontal{cand/s=306.6 xcell/s=1.7 ins/s=308.3} separation{cand/s=306.6}
[ENEMY_COLLISION_WINDOW] frontal{pairs/s=1.4 checks/s=1.4 baseSkip=0 kill=0(0.0%)} separation{pairs/s=1.4 resolved/s=0.0(0.0%) baseSkip=0 kill=0 wallBlock=0}
[ENEMY_KILL_DEBUG] enemyEnemy{events=0 frontal=0 separation=0 reenterEither=0 reenterBoth=0 wallContact=0 dist[min=0.000 avg=0.000 max=0.000]}
[ENEMY_NAV_CACHE] playerCell{changes=3 flowRebuilds=1} flow{hit=0 miss=0 hit%=0.0} pathFallback{calls=0 ok=0 ok%=0.0}
[ENEMY_SAP] updates=25056 active=889 pairs=4 repairs{x=72 y=75}
[ENEMY_PAIR_TYPES] frontal DD=0 DT=0 DH=0 DA=0 TT=0 TH=4 TA=0 HH=0 HA=0 AA=0 separation DD=0 DT=0 DH=0 DA=0 TT=0 TH=4 TA=0 HH=0 HA=0 AA=0
[ENEMY_KILL_DEBUG_COLLISION] projectile{kills=0 wallContact=0}

[PROFILE] frame=8280 budget=16.667ms alloc(+181/-181, +281000b/-281000b, live=288872b peak=567424b)
  frame.total                      win= 24.473ms avg= 24.473ms p95= 31.241ms max= 85.425ms calls(last=  1,win= 120,total=8280) (win 146.8% | avg 146.8% budget)
  frame.fixed_step                 win= 11.338ms avg= 16.724ms p95= 22.981ms max= 33.653ms calls(last=  1,win= 177,total=9612) (win 68.0% | avg 100.3% budget)
  frame.render                     win=  7.704ms avg=  7.704ms p95=  8.293ms max= 85.386ms calls(last=  1,win= 120,total=8280) (win 46.2% | avg 46.2% budget)
  frame.present                    win=  7.697ms avg=  7.697ms p95=  8.286ms max= 85.380ms calls(last=  1,win= 120,total=8280) (win 46.2% | avg 46.2% budget)
  game.update                      win=  5.523ms avg=  8.147ms p95= 11.347ms max= 21.946ms calls(last=  1,win= 177,total=9134) (win 33.1% | avg 48.9% budget)
  system.ai_update                 win=  5.332ms avg=  7.865ms p95= 10.966ms max= 21.504ms calls(last=  1,win= 177,total=9134) (win 32.0% | avg 47.2% budget)
  enemy.update                     win=  5.326ms avg=  7.856ms p95= 10.956ms max= 21.475ms calls(last=  1,win= 177,total=9134) (win 32.0% | avg 47.1% budget)
  frame.render.world               win=  3.498ms avg=  3.498ms p95=  4.049ms max=  8.835ms calls(last=  1,win= 120,total=7813) (win 21.0% | avg 21.0% budget)
  frame.render.hud                 win=  2.397ms avg=  2.397ms p95=  2.587ms max= 18.023ms calls(last=  1,win= 120,total=7813) (win 14.4% | avg 14.4% budget)
  frame.render.hud.minimap         win=  1.895ms avg=  1.895ms p95=  2.079ms max=  8.418ms calls(last=  1,win= 120,total=7813) (win 11.4% | avg 11.4% budget)
  frame.render.world.enemies       win=  1.176ms avg=  1.176ms p95=  1.234ms max=  3.657ms calls(last=  1,win= 120,total=7813) (win 7.1% | avg 7.1% budget)
  frame.render.world.maze          win=  1.034ms avg=  1.034ms p95=  1.101ms max=  2.840ms calls(last=  1,win= 120,total=7813) (win 6.2% | avg 6.2% budget)
  frame.render.world.effects       win=  0.493ms avg=  0.493ms p95=  0.935ms max=  5.311ms calls(last=  1,win= 120,total=7813) (win 3.0% | avg 3.0% budget)
  enemy.torpedo.select_heading     win=  0.457ms avg=  0.004ms p95=  0.000ms max=  0.457ms calls(last=  0,win=   1,total=23) (win 2.7% | avg 0.0% budget)
  enemy.physics.frontal_collisions win=  0.453ms avg=  0.669ms p95=  0.944ms max=  1.391ms calls(last=  1,win= 177,total=4327) (win 2.7% | avg 4.0% budget)
  enemy.physics.frontal_grid_build win=  0.341ms avg=  0.502ms p95=  0.703ms max=  0.994ms calls(last=  1,win= 177,total=4327) (win 2.0% | avg 3.0% budget)
  frame.render.hud.text            win=  0.238ms avg=  0.238ms p95=  0.277ms max=  1.257ms calls(last=  1,win= 120,total=7813) (win 1.4% | avg 1.4% budget)
  enemy.ai.movement                win=  0.198ms avg=  1.641ms p95=  2.458ms max=  3.299ms calls(last=  6,win= 994,total=17478) (win 1.2% | avg 9.8% budget)
  frame.render.hud.compass         win=  0.086ms avg=  0.086ms p95=  0.093ms max=  0.335ms calls(last=  1,win= 120,total=7813) (win 0.5% | avg 0.5% budget)
  enemy.physics.frontal_pair_traverse win=  0.078ms avg=  0.115ms p95=  0.180ms max=  0.376ms calls(last=  1,win= 177,total=4327) (win 0.5% | avg 0.7% budget)
  system.spawner_update            win=  0.072ms avg=  0.106ms p95=  0.146ms max=  0.529ms calls(last=  1,win= 177,total=9134) (win 0.4% | avg 0.6% budget)
  frame.render.hud.static          win=  0.059ms avg=  0.059ms p95=  0.086ms max= 13.280ms calls(last=  1,win= 120,total=7813) (win 0.4% | avg 0.4% budget)
  enemy.ai.perception              win=  0.050ms avg=  0.416ms p95=  0.703ms max=  1.042ms calls(last=  6,win= 994,total=17478) (win 0.3% | avg 2.5% budget)
  frame.render.hud.lives           win=  0.045ms avg=  0.045ms p95=  0.047ms max=  0.309ms calls(last=  1,win= 120,total=7813) (win 0.3% | avg 0.3% budget)
[ENEMY_STATS] frame=8280 alive=144 visible=1 full=6 cheap=138 fullInBase=0 pairs(frontal=0 checks=0 separation=0 resolved=0)
[ENEMY_WINDOW] steps=177 alive[min=144 max=144] visible[min=1 max=1] full[min=5 max=6] collisionPasses[runs=177 skips=0]
[ENEMY_SEGMENTS] window=2.950s D{b/s=6.78 avgLen=5.06 fail=0} T{b/s=8.81 avgLen=5.83 fail=0} H{b/s=26.44 avgLen=4.77 fail=1239} A{b/s=6.78 avgLen=4.36 fail=885}
[ENEMY_GRID] frontal{cand/s=337.3 xcell/s=1.4 ins/s=338.6} separation{cand/s=337.3}
[ENEMY_COLLISION_WINDOW] frontal{pairs/s=0.0 checks/s=0.0 baseSkip=0 kill=0(0.0%)} separation{pairs/s=0.0 resolved/s=0.0(0.0%) baseSkip=0 kill=0 wallBlock=0}
[ENEMY_KILL_DEBUG] enemyEnemy{events=0 frontal=0 separation=0 reenterEither=0 reenterBoth=0 wallContact=0 dist[min=0.000 avg=0.000 max=0.000]}
[ENEMY_NAV_CACHE] playerCell{changes=3 flowRebuilds=1} flow{hit=0 miss=0 hit%=0.0} pathFallback{calls=0 ok=0 ok%=0.0}
[ENEMY_SAP] updates=25488 active=995 pairs=0 repairs{x=7 y=2}
[ENEMY_PAIR_TYPES] frontal DD=0 DT=0 DH=0 DA=0 TT=0 TH=0 TA=0 HH=0 HA=0 AA=0 separation DD=0 DT=0 DH=0 DA=0 TT=0 TH=0 TA=0 HH=0 HA=0 AA=0
[TORPEDO_HEADING] eval/s=0.34 retreat/s=0.00 pick[straight=100.0% left=0.0% right=0.0%] clear[best=15.00 chosen=15.00]
[ENEMY_KILL_DEBUG_COLLISION] projectile{kills=0 wallContact=0}

[PROFILE] frame=8400 budget=16.667ms alloc(+362/-362, +562000b/-562000b, live=288872b peak=567424b)
  frame.total                      win= 26.120ms avg= 26.120ms p95= 31.332ms max= 85.425ms calls(last=  1,win= 120,total=8400) (win 156.7% | avg 156.7% budget)
  frame.fixed_step                 win= 11.465ms avg= 18.058ms p95= 23.081ms max= 33.653ms calls(last=  2,win= 189,total=9801) (win 68.8% | avg 108.3% budget)
  frame.render                     win=  8.016ms avg=  8.016ms p95=  8.300ms max= 85.386ms calls(last=  1,win= 120,total=8400) (win 48.1% | avg 48.1% budget)
  frame.present                    win=  8.009ms avg=  8.009ms p95=  8.293ms max= 85.380ms calls(last=  1,win= 120,total=8400) (win 48.1% | avg 48.1% budget)
  game.update                      win=  5.597ms avg=  8.816ms p95= 11.364ms max= 21.946ms calls(last=  2,win= 189,total=9323) (win 33.6% | avg 52.9% budget)
  system.ai_update                 win=  5.401ms avg=  8.507ms p95= 10.962ms max= 21.504ms calls(last=  2,win= 189,total=9323) (win 32.4% | avg 51.0% budget)
  enemy.update                     win=  5.395ms avg=  8.497ms p95= 10.952ms max= 21.475ms calls(last=  2,win= 189,total=9323) (win 32.4% | avg 51.0% budget)
  frame.render.world               win=  3.856ms avg=  3.856ms p95=  4.148ms max=  8.835ms calls(last=  1,win= 120,total=7933) (win 23.1% | avg 23.1% budget)
  frame.render.hud                 win=  2.331ms avg=  2.331ms p95=  2.563ms max= 18.023ms calls(last=  1,win= 120,total=7933) (win 14.0% | avg 14.0% budget)
  frame.render.hud.minimap         win=  1.846ms avg=  1.846ms p95=  2.069ms max=  8.418ms calls(last=  1,win= 120,total=7933) (win 11.1% | avg 11.1% budget)
  frame.render.world.enemies       win=  1.206ms avg=  1.206ms p95=  1.457ms max=  3.657ms calls(last=  1,win= 120,total=7933) (win 7.2% | avg 7.2% budget)
  frame.render.world.maze          win=  1.042ms avg=  1.042ms p95=  1.276ms max=  2.840ms calls(last=  1,win= 120,total=7933) (win 6.3% | avg 6.3% budget)
  frame.render.world.effects       win=  0.848ms avg=  0.848ms p95=  1.064ms max=  5.311ms calls(last=  1,win= 120,total=7933) (win 5.1% | avg 5.1% budget)
  enemy.physics.frontal_collisions win=  0.463ms avg=  0.729ms p95=  1.081ms max=  1.391ms calls(last=  2,win= 189,total=4516) (win 2.8% | avg 4.4% budget)
  enemy.physics.frontal_grid_build win=  0.352ms avg=  0.554ms p95=  0.817ms max=  0.994ms calls(last=  2,win= 189,total=4516) (win 2.1% | avg 3.3% budget)
  frame.render.hud.text            win=  0.223ms avg=  0.223ms p95=  0.253ms max=  1.257ms calls(last=  1,win= 120,total=7933) (win 1.3% | avg 1.3% budget)
  enemy.ai.movement                win=  0.176ms avg=  1.853ms p95=  2.540ms max=  3.299ms calls(last= 12,win=1265,total=18743) (win 1.1% | avg 11.1% budget)
  frame.render.hud.compass         win=  0.086ms avg=  0.086ms p95=  0.088ms max=  0.335ms calls(last=  1,win= 120,total=7933) (win 0.5% | avg 0.5% budget)
  enemy.physics.frontal_pair_traverse win=  0.074ms avg=  0.117ms p95=  0.173ms max=  0.376ms calls(last=  2,win= 189,total=4516) (win 0.4% | avg 0.7% budget)
  system.spawner_update            win=  0.073ms avg=  0.115ms p95=  0.145ms max=  0.529ms calls(last=  2,win= 189,total=9323) (win 0.4% | avg 0.7% budget)
  frame.render.hud.static          win=  0.056ms avg=  0.056ms p95=  0.065ms max= 13.280ms calls(last=  1,win= 120,total=7933) (win 0.3% | avg 0.3% budget)
  frame.render.hud.lives           win=  0.045ms avg=  0.045ms p95=  0.045ms max=  0.309ms calls(last=  1,win= 120,total=7933) (win 0.3% | avg 0.3% budget)
  system.physics_collision         win=  0.043ms avg=  0.068ms p95=  0.091ms max=  0.291ms calls(last=  2,win= 189,total=9323) (win 0.3% | avg 0.4% budget)
  frame.render.hud.bars            win=  0.039ms avg=  0.039ms p95=  0.039ms max=  0.373ms calls(last=  1,win= 120,total=7933) (win 0.2% | avg 0.2% budget)
[ENEMY_STATS] frame=8400 alive=144 visible=3 full=6 cheap=138 fullInBase=0 pairs(frontal=0 checks=0 separation=0 resolved=0)
[ENEMY_WINDOW] steps=189 alive[min=144 max=144] visible[min=1 max=3] full[min=6 max=8] collisionPasses[runs=189 skips=0]
[ENEMY_SEGMENTS] window=3.150s D{b/s=6.98 avgLen=5.40 fail=0} T{b/s=7.62 avgLen=6.05 fail=0} H{b/s=25.08 avgLen=5.37 fail=1493} A{b/s=7.30 avgLen=5.64 fail=945}
[ENEMY_GRID] frontal{cand/s=401.6 xcell/s=1.9 ins/s=403.5} separation{cand/s=401.6}
[ENEMY_COLLISION_WINDOW] frontal{pairs/s=0.0 checks/s=0.0 baseSkip=0 kill=0(0.0%)} separation{pairs/s=0.0 resolved/s=0.0(0.0%) baseSkip=0 kill=0 wallBlock=0}
[ENEMY_KILL_DEBUG] enemyEnemy{events=0 frontal=0 separation=0 reenterEither=0 reenterBoth=0 wallContact=0 dist[min=0.000 avg=0.000 max=0.000]}
[ENEMY_NAV_CACHE] playerCell{changes=2 flowRebuilds=1} flow{hit=0 miss=0 hit%=0.0} pathFallback{calls=0 ok=0 ok%=0.0}
[ENEMY_SAP] updates=27216 active=1265 pairs=0 repairs{x=178 y=169}
[ENEMY_PAIR_TYPES] frontal DD=0 DT=0 DH=0 DA=0 TT=0 TH=0 TA=0 HH=0 HA=0 AA=0 separation DD=0 DT=0 DH=0 DA=0 TT=0 TH=0 TA=0 HH=0 HA=0 AA=0
[ENEMY_KILL_DEBUG_COLLISION] projectile{kills=0 wallContact=0}

[PROFILE] frame=8520 budget=16.667ms alloc(+362/-362, +562256b/-562256b, live=289016b peak=567552b)
  frame.total                      win= 26.151ms avg= 26.151ms p95= 32.439ms max= 85.425ms calls(last=  1,win= 120,total=8520) (win 156.9% | avg 156.9% budget)
  frame.fixed_step                 win= 11.392ms avg= 17.942ms p95= 23.807ms max= 33.653ms calls(last=  2,win= 189,total=9990) (win 68.3% | avg 107.7% budget)
  frame.render                     win=  8.163ms avg=  8.163ms p95=  8.662ms max= 85.386ms calls(last=  1,win= 120,total=8520) (win 49.0% | avg 49.0% budget)
  frame.present                    win=  8.157ms avg=  8.157ms p95=  8.655ms max= 85.380ms calls(last=  1,win= 120,total=8520) (win 48.9% | avg 48.9% budget)
  game.update                      win=  5.550ms avg=  8.741ms p95= 12.051ms max= 21.946ms calls(last=  2,win= 189,total=9512) (win 33.3% | avg 52.4% budget)
  system.ai_update                 win=  5.325ms avg=  8.387ms p95= 11.532ms max= 21.504ms calls(last=  2,win= 189,total=9512) (win 31.9% | avg 50.3% budget)
  enemy.update                     win=  5.319ms avg=  8.377ms p95= 11.520ms max= 21.475ms calls(last=  2,win= 189,total=9512) (win 31.9% | avg 50.3% budget)
  frame.render.world               win=  3.975ms avg=  3.975ms p95=  4.341ms max=  8.835ms calls(last=  1,win= 120,total=8053) (win 23.9% | avg 23.9% budget)
  frame.render.hud                 win=  2.356ms avg=  2.356ms p95=  2.549ms max= 18.023ms calls(last=  1,win= 120,total=8053) (win 14.1% | avg 14.1% budget)
  frame.render.hud.minimap         win=  1.873ms avg=  1.873ms p95=  2.015ms max=  8.418ms calls(last=  1,win= 120,total=8053) (win 11.2% | avg 11.2% budget)
  frame.render.world.enemies       win=  1.204ms avg=  1.204ms p95=  1.276ms max=  3.657ms calls(last=  1,win= 120,total=8053) (win 7.2% | avg 7.2% budget)
  frame.render.world.maze          win=  1.046ms avg=  1.046ms p95=  1.114ms max=  2.840ms calls(last=  1,win= 120,total=8053) (win 6.3% | avg 6.3% budget)
  frame.render.world.effects       win=  0.992ms avg=  0.992ms p95=  1.312ms max=  5.311ms calls(last=  1,win= 120,total=8053) (win 6.0% | avg 6.0% budget)
  enemy.physics.frontal_collisions win=  0.461ms avg=  0.727ms p95=  0.987ms max=  1.391ms calls(last=  2,win= 189,total=4705) (win 2.8% | avg 4.4% budget)
  enemy.torpedo.select_heading     win=  0.412ms avg=  0.003ms p95=  0.000ms max=  0.457ms calls(last=  0,win=   1,total=24) (win 2.5% | avg 0.0% budget)
  enemy.physics.frontal_grid_build win=  0.350ms avg=  0.551ms p95=  0.721ms max=  1.012ms calls(last=  2,win= 189,total=4705) (win 2.1% | avg 3.3% budget)
  frame.render.hud.text            win=  0.225ms avg=  0.225ms p95=  0.259ms max=  1.257ms calls(last=  1,win= 120,total=8053) (win 1.4% | avg 1.4% budget)
  enemy.ai.movement                win=  0.164ms avg=  1.550ms p95=  2.569ms max=  3.299ms calls(last= 14,win=1137,total=19880) (win 1.0% | avg 9.3% budget)
  frame.render.hud.compass         win=  0.087ms avg=  0.087ms p95=  0.109ms max=  0.335ms calls(last=  1,win= 120,total=8053) (win 0.5% | avg 0.5% budget)
  enemy.physics.frontal_pair_traverse win=  0.076ms avg=  0.119ms p95=  0.161ms max=  0.376ms calls(last=  2,win= 189,total=4705) (win 0.5% | avg 0.7% budget)
  system.spawner_update            win=  0.072ms avg=  0.114ms p95=  0.162ms max=  0.529ms calls(last=  2,win= 189,total=9512) (win 0.4% | avg 0.7% budget)
  system.physics_collision         win=  0.071ms avg=  0.112ms p95=  0.207ms max=  0.451ms calls(last=  2,win= 189,total=9512) (win 0.4% | avg 0.7% budget)
  enemy.ai.perception              win=  0.054ms avg=  0.511ms p95=  0.959ms max=  1.093ms calls(last= 14,win=1137,total=19880) (win 0.3% | avg 3.1% budget)
  frame.render.hud.static          win=  0.053ms avg=  0.053ms p95=  0.067ms max= 13.280ms calls(last=  1,win= 120,total=8053) (win 0.3% | avg 0.3% budget)
[ENEMY_STATS] frame=8520 alive=144 visible=0 full=7 cheap=137 fullInBase=0 pairs(frontal=0 checks=0 separation=0 resolved=0)
[ENEMY_WINDOW] steps=189 alive[min=144 max=144] visible[min=0 max=3] full[min=5 max=7] collisionPasses[runs=189 skips=0]
[ENEMY_SEGMENTS] window=3.150s D{b/s=7.30 avgLen=5.26 fail=0} T{b/s=8.25 avgLen=6.05 fail=0} H{b/s=24.76 avgLen=4.91 fail=1591} A{b/s=6.98 avgLen=4.95 fail=945}
[ENEMY_GRID] frontal{cand/s=361.3 xcell/s=1.0 ins/s=362.2} separation{cand/s=361.3}
[ENEMY_COLLISION_WINDOW] frontal{pairs/s=0.0 checks/s=0.0 baseSkip=0 kill=0(0.0%)} separation{pairs/s=0.0 resolved/s=0.0(0.0%) baseSkip=0 kill=0 wallBlock=0}
[ENEMY_KILL_DEBUG] enemyEnemy{events=0 frontal=0 separation=0 reenterEither=0 reenterBoth=0 wallContact=0 dist[min=0.000 avg=0.000 max=0.000]}
[ENEMY_NAV_CACHE] playerCell{changes=3 flowRebuilds=1} flow{hit=58 miss=0 hit%=100.0} pathFallback{calls=0 ok=0 ok%=0.0}
[ENEMY_SAP] updates=27216 active=1138 pairs=0 repairs{x=190 y=189}
[ENEMY_PAIR_TYPES] frontal DD=0 DT=0 DH=0 DA=0 TT=0 TH=0 TA=0 HH=0 HA=0 AA=0 separation DD=0 DT=0 DH=0 DA=0 TT=0 TH=0 TA=0 HH=0 HA=0 AA=0
[TORPEDO_HEADING] eval/s=0.32 retreat/s=0.00 pick[straight=0.0% left=0.0% right=100.0%] clear[best=15.00 chosen=15.00]
[ENEMY_KILL_DEBUG_COLLISION] projectile{kills=0 wallContact=0}

[PROFILE] frame=8640 budget=16.667ms alloc(+354/-354, +561776b/-561776b, live=289016b peak=567672b)
  frame.total                      win= 29.288ms avg= 29.288ms p95= 33.422ms max= 85.425ms calls(last=  1,win= 120,total=8640) (win 175.7% | avg 175.7% budget)
  frame.fixed_step                 win= 11.793ms avg= 20.835ms p95= 24.338ms max= 34.409ms calls(last=  2,win= 212,total=10202) (win 70.8% | avg 125.0% budget)
  frame.render                     win=  8.405ms avg=  8.405ms p95=  9.005ms max= 85.386ms calls(last=  1,win= 120,total=8640) (win 50.4% | avg 50.4% budget)
  frame.present                    win=  8.398ms avg=  8.398ms p95=  8.998ms max= 85.380ms calls(last=  1,win= 120,total=8640) (win 50.4% | avg 50.4% budget)
  game.update                      win=  5.945ms avg= 10.502ms p95= 12.604ms max= 22.763ms calls(last=  2,win= 212,total=9724) (win 35.7% | avg 63.0% budget)
  system.ai_update                 win=  5.670ms avg= 10.017ms p95= 11.997ms max= 22.200ms calls(last=  2,win= 212,total=9724) (win 34.0% | avg 60.1% budget)
  enemy.update                     win=  5.664ms avg= 10.007ms p95= 11.985ms max= 22.189ms calls(last=  2,win= 212,total=9724) (win 34.0% | avg 60.0% budget)
  frame.render.world               win=  4.211ms avg=  4.211ms p95=  4.816ms max=  8.835ms calls(last=  1,win= 120,total=8173) (win 25.3% | avg 25.3% budget)
  frame.render.hud                 win=  2.350ms avg=  2.350ms p95=  2.473ms max= 18.023ms calls(last=  1,win= 120,total=8173) (win 14.1% | avg 14.1% budget)
  frame.render.hud.minimap         win=  1.869ms avg=  1.869ms p95=  1.992ms max=  8.418ms calls(last=  1,win= 120,total=8173) (win 11.2% | avg 11.2% budget)
  frame.render.world.effects       win=  1.321ms avg=  1.321ms p95=  1.784ms max=  5.311ms calls(last=  1,win= 120,total=8173) (win 7.9% | avg 7.9% budget)
  frame.render.world.enemies       win=  1.164ms avg=  1.164ms p95=  1.238ms max=  3.657ms calls(last=  1,win= 120,total=8173) (win 7.0% | avg 7.0% budget)
  frame.render.world.maze          win=  0.989ms avg=  0.989ms p95=  1.085ms max=  2.840ms calls(last=  1,win= 120,total=8173) (win 5.9% | avg 5.9% budget)
  enemy.physics.frontal_collisions win=  0.459ms avg=  0.812ms p95=  0.951ms max=  1.391ms calls(last=  2,win= 212,total=4917) (win 2.8% | avg 4.9% budget)
  enemy.physics.frontal_grid_build win=  0.344ms avg=  0.608ms p95=  0.716ms max=  1.012ms calls(last=  2,win= 212,total=4917) (win 2.1% | avg 3.6% budget)
  enemy.torpedo.select_heading     win=  0.341ms avg=  0.003ms p95=  0.000ms max=  0.457ms calls(last=  0,win=   1,total=25) (win 2.0% | avg 0.0% budget)
  frame.render.hud.text            win=  0.227ms avg=  0.227ms p95=  0.262ms max=  1.257ms calls(last=  1,win= 120,total=8173) (win 1.4% | avg 1.4% budget)
  enemy.ai.movement                win=  0.183ms avg=  2.042ms p95=  2.627ms max=  3.565ms calls(last=  6,win=1342,total=21222) (win 1.1% | avg 12.3% budget)
  system.physics_collision         win=  0.119ms avg=  0.210ms p95=  0.290ms max=  0.451ms calls(last=  2,win= 212,total=9724) (win 0.7% | avg 1.3% budget)
  frame.render.hud.compass         win=  0.087ms avg=  0.087ms p95=  0.105ms max=  0.335ms calls(last=  1,win= 120,total=8173) (win 0.5% | avg 0.5% budget)
  enemy.physics.frontal_pair_traverse win=  0.079ms avg=  0.140ms p95=  0.187ms max=  0.376ms calls(last=  2,win= 212,total=4917) (win 0.5% | avg 0.8% budget)
  system.spawner_update            win=  0.072ms avg=  0.128ms p95=  0.145ms max=  0.529ms calls(last=  2,win= 212,total=9724) (win 0.4% | avg 0.8% budget)
  enemy.ai.perception              win=  0.071ms avg=  0.792ms p95=  1.103ms max=  1.451ms calls(last=  6,win=1342,total=21222) (win 0.4% | avg 4.8% budget)
  frame.render.hud.static          win=  0.051ms avg=  0.051ms p95=  0.063ms max= 13.280ms calls(last=  1,win= 120,total=8173) (win 0.3% | avg 0.3% budget)
[ENEMY_STATS] frame=8640 alive=144 visible=0 full=3 cheap=141 fullInBase=0 pairs(frontal=0 checks=0 separation=0 resolved=0)
[ENEMY_WINDOW] steps=212 alive[min=144 max=144] visible[min=0 max=1] full[min=3 max=7] collisionPasses[runs=212 skips=0]
[ENEMY_SEGMENTS] window=3.533s D{b/s=6.23 avgLen=4.57 fail=0} T{b/s=9.06 avgLen=5.70 fail=0} H{b/s=26.32 avgLen=5.06 fail=1908} A{b/s=6.79 avgLen=5.13 fail=1060}
[ENEMY_GRID] frontal{cand/s=378.7 xcell/s=2.0 ins/s=380.7} separation{cand/s=378.7}
[ENEMY_COLLISION_WINDOW] frontal{pairs/s=0.0 checks/s=0.0 baseSkip=0 kill=0(0.0%)} separation{pairs/s=0.0 resolved/s=0.0(0.0%) baseSkip=0 kill=0 wallBlock=0}
[ENEMY_KILL_DEBUG] enemyEnemy{events=0 frontal=0 separation=0 reenterEither=0 reenterBoth=0 wallContact=0 dist[min=0.000 avg=0.000 max=0.000]}
[ENEMY_NAV_CACHE] playerCell{changes=4 flowRebuilds=1} flow{hit=140 miss=0 hit%=100.0} pathFallback{calls=0 ok=0 ok%=0.0}
[ENEMY_SAP] updates=30528 active=1338 pairs=0 repairs{x=385 y=385}
[ENEMY_PAIR_TYPES] frontal DD=0 DT=0 DH=0 DA=0 TT=0 TH=0 TA=0 HH=0 HA=0 AA=0 separation DD=0 DT=0 DH=0 DA=0 TT=0 TH=0 TA=0 HH=0 HA=0 AA=0
[TORPEDO_HEADING] eval/s=0.28 retreat/s=0.00 pick[straight=0.0% left=100.0% right=0.0%] clear[best=15.00 chosen=15.00]
[ENEMY_KILL_DEBUG_COLLISION] projectile{kills=1 wallContact=0}

[PROFILE] frame=8760 budget=16.667ms alloc(+181/-181, +280920b/-280920b, live=289016b peak=567672b)
  frame.total                      win= 22.975ms avg= 22.975ms p95= 30.016ms max= 85.425ms calls(last=  1,win= 120,total=8760) (win 137.8% | avg 137.8% budget)
  frame.fixed_step                 win= 10.938ms avg= 15.131ms p95= 21.984ms max= 34.409ms calls(last=  1,win= 166,total=10368) (win 65.6% | avg 90.8% budget)
  frame.render                     win=  7.801ms avg=  7.801ms p95=  8.204ms max= 85.386ms calls(last=  1,win= 120,total=8760) (win 46.8% | avg 46.8% budget)
  frame.present                    win=  7.794ms avg=  7.794ms p95=  8.197ms max= 85.380ms calls(last=  1,win= 120,total=8760) (win 46.8% | avg 46.8% budget)
  game.update                      win=  5.068ms avg=  7.011ms p95= 10.286ms max= 22.763ms calls(last=  1,win= 166,total=9890) (win 30.4% | avg 42.1% budget)
  system.ai_update                 win=  4.853ms avg=  6.714ms p95=  9.851ms max= 22.200ms calls(last=  1,win= 166,total=9890) (win 29.1% | avg 40.3% budget)
  enemy.update                     win=  4.848ms avg=  6.706ms p95=  9.841ms max= 22.189ms calls(last=  1,win= 166,total=9890) (win 29.1% | avg 40.2% budget)
  frame.render.world               win=  3.619ms avg=  3.619ms p95=  3.949ms max=  8.835ms calls(last=  1,win= 120,total=8293) (win 21.7% | avg 21.7% budget)
  frame.render.hud                 win=  2.330ms avg=  2.330ms p95=  2.533ms max= 18.023ms calls(last=  1,win= 120,total=8293) (win 14.0% | avg 14.0% budget)
  frame.render.hud.minimap         win=  1.844ms avg=  1.844ms p95=  2.043ms max=  8.418ms calls(last=  1,win= 120,total=8293) (win 11.1% | avg 11.1% budget)
  frame.render.world.enemies       win=  1.158ms avg=  1.158ms p95=  1.231ms max=  3.657ms calls(last=  1,win= 120,total=8293) (win 7.0% | avg 7.0% budget)
  frame.render.world.maze          win=  0.930ms avg=  0.930ms p95=  1.030ms max=  2.840ms calls(last=  1,win= 120,total=8293) (win 5.6% | avg 5.6% budget)
  frame.render.world.effects       win=  0.757ms avg=  0.757ms p95=  1.005ms max=  5.311ms calls(last=  1,win= 120,total=8293) (win 4.5% | avg 4.5% budget)
  enemy.physics.frontal_collisions win=  0.458ms avg=  0.633ms p95=  0.952ms max=  1.391ms calls(last=  1,win= 166,total=5083) (win 2.7% | avg 3.8% budget)
  enemy.physics.frontal_grid_build win=  0.344ms avg=  0.475ms p95=  0.710ms max=  1.012ms calls(last=  1,win= 166,total=5083) (win 2.1% | avg 2.9% budget)
  enemy.torpedo.select_heading     win=  0.310ms avg=  0.003ms p95=  0.000ms max=  0.457ms calls(last=  0,win=   1,total=26) (win 1.9% | avg 0.0% budget)
  frame.render.hud.text            win=  0.223ms avg=  0.223ms p95=  0.264ms max=  1.257ms calls(last=  1,win= 120,total=8293) (win 1.3% | avg 1.3% budget)
  enemy.ai.movement                win=  0.205ms avg=  1.007ms p95=  1.639ms max=  3.565ms calls(last=  4,win= 590,total=21812) (win 1.2% | avg 6.0% budget)
  frame.render.hud.compass         win=  0.087ms avg=  0.087ms p95=  0.096ms max=  0.335ms calls(last=  1,win= 120,total=8293) (win 0.5% | avg 0.5% budget)
  enemy.physics.frontal_pair_traverse win=  0.081ms avg=  0.113ms p95=  0.181ms max=  0.376ms calls(last=  1,win= 166,total=5083) (win 0.5% | avg 0.7% budget)
  system.spawner_update            win=  0.071ms avg=  0.099ms p95=  0.144ms max=  0.529ms calls(last=  1,win= 166,total=9890) (win 0.4% | avg 0.6% budget)
  system.physics_collision         win=  0.063ms avg=  0.088ms p95=  0.171ms max=  0.451ms calls(last=  1,win= 166,total=9890) (win 0.4% | avg 0.5% budget)
  enemy.ai.perception              win=  0.061ms avg=  0.301ms p95=  0.550ms max=  1.451ms calls(last=  4,win= 590,total=21812) (win 0.4% | avg 1.8% budget)
  frame.render.hud.static          win=  0.056ms avg=  0.056ms p95=  0.069ms max= 13.280ms calls(last=  1,win= 120,total=8293) (win 0.3% | avg 0.3% budget)
[ENEMY_STATS] frame=8760 alive=144 visible=0 full=4 cheap=140 fullInBase=0 pairs(frontal=0 checks=0 separation=0 resolved=0)
[ENEMY_WINDOW] steps=166 alive[min=144 max=144] visible[min=0 max=0] full[min=3 max=4] collisionPasses[runs=166 skips=0]
[ENEMY_SEGMENTS] window=2.767s D{b/s=9.76 avgLen=4.62 fail=0} T{b/s=8.31 avgLen=6.16 fail=0} H{b/s=27.83 avgLen=4.78 fail=1494} A{b/s=5.78 avgLen=4.86 fail=830}
[ENEMY_GRID] frontal{cand/s=213.6 xcell/s=0.7 ins/s=214.3} separation{cand/s=213.6}
[ENEMY_COLLISION_WINDOW] frontal{pairs/s=0.0 checks/s=0.0 baseSkip=0 kill=0(0.0%)} separation{pairs/s=0.0 resolved/s=0.0(0.0%) baseSkip=0 kill=0 wallBlock=0}
[ENEMY_KILL_DEBUG] enemyEnemy{events=0 frontal=0 separation=0 reenterEither=0 reenterBoth=0 wallContact=0 dist[min=0.000 avg=0.000 max=0.000]}
[ENEMY_NAV_CACHE] playerCell{changes=3 flowRebuilds=1} flow{hit=136 miss=0 hit%=100.0} pathFallback{calls=0 ok=0 ok%=0.0}
[ENEMY_SAP] updates=23904 active=591 pairs=0 repairs{x=125 y=127}
[ENEMY_PAIR_TYPES] frontal DD=0 DT=0 DH=0 DA=0 TT=0 TH=0 TA=0 HH=0 HA=0 AA=0 separation DD=0 DT=0 DH=0 DA=0 TT=0 TH=0 TA=0 HH=0 HA=0 AA=0
[TORPEDO_HEADING] eval/s=0.36 retreat/s=0.00 pick[straight=0.0% left=100.0% right=0.0%] clear[best=13.05 chosen=13.05]
[ENEMY_KILL_DEBUG_COLLISION] projectile{kills=0 wallContact=0}

[PROFILE] frame=8880 budget=16.667ms alloc(+181/-181, +280984b/-280984b, live=289016b peak=567672b)
  frame.total                      win= 23.640ms avg= 23.640ms p95= 30.157ms max= 85.425ms calls(last=  1,win= 120,total=8880) (win 141.8% | avg 141.8% budget)
  frame.fixed_step                 win= 10.997ms avg= 15.671ms p95= 22.031ms max= 34.409ms calls(last=  1,win= 171,total=10539) (win 66.0% | avg 94.0% budget)
  frame.render                     win=  7.923ms avg=  7.923ms p95=  8.198ms max= 85.386ms calls(last=  1,win= 120,total=8880) (win 47.5% | avg 47.5% budget)
  frame.present                    win=  7.917ms avg=  7.917ms p95=  8.191ms max= 85.380ms calls(last=  1,win= 120,total=8880) (win 47.5% | avg 47.5% budget)
  game.update                      win=  5.128ms avg=  7.307ms p95= 10.411ms max= 22.763ms calls(last=  1,win= 171,total=10061) (win 30.8% | avg 43.8% budget)
  system.ai_update                 win=  4.896ms avg=  6.977ms p95=  9.902ms max= 22.200ms calls(last=  1,win= 171,total=10061) (win 29.4% | avg 41.9% budget)
  enemy.update                     win=  4.890ms avg=  6.968ms p95=  9.891ms max= 22.189ms calls(last=  1,win= 171,total=10061) (win 29.3% | avg 41.8% budget)
  frame.render.world               win=  3.755ms avg=  3.755ms p95=  3.991ms max=  8.835ms calls(last=  1,win= 120,total=8413) (win 22.5% | avg 22.5% budget)
  frame.render.hud                 win=  2.358ms avg=  2.358ms p95=  2.563ms max= 18.023ms calls(last=  1,win= 120,total=8413) (win 14.1% | avg 14.1% budget)
  frame.render.hud.minimap         win=  1.882ms avg=  1.882ms p95=  2.059ms max=  8.418ms calls(last=  1,win= 120,total=8413) (win 11.3% | avg 11.3% budget)
  frame.render.world.enemies       win=  1.126ms avg=  1.126ms p95=  1.210ms max=  3.657ms calls(last=  1,win= 120,total=8413) (win 6.8% | avg 6.8% budget)
  frame.render.world.effects       win=  0.942ms avg=  0.942ms p95=  1.144ms max=  5.311ms calls(last=  1,win= 120,total=8413) (win 5.7% | avg 5.7% budget)
  frame.render.world.maze          win=  0.937ms avg=  0.937ms p95=  1.066ms max=  2.840ms calls(last=  1,win= 120,total=8413) (win 5.6% | avg 5.6% budget)
  enemy.physics.frontal_collisions win=  0.452ms avg=  0.644ms p95=  0.939ms max=  1.391ms calls(last=  1,win= 171,total=5254) (win 2.7% | avg 3.9% budget)
  enemy.physics.frontal_grid_build win=  0.343ms avg=  0.489ms p95=  0.707ms max=  1.012ms calls(last=  1,win= 171,total=5254) (win 2.1% | avg 2.9% budget)
  frame.render.hud.text            win=  0.220ms avg=  0.220ms p95=  0.263ms max=  1.257ms calls(last=  1,win= 120,total=8413) (win 1.3% | avg 1.3% budget)
  enemy.ai.movement                win=  0.206ms avg=  1.104ms p95=  1.676ms max=  3.565ms calls(last=  4,win= 642,total=22454) (win 1.2% | avg 6.6% budget)
  frame.render.hud.compass         win=  0.085ms avg=  0.085ms p95=  0.087ms max=  0.335ms calls(last=  1,win= 120,total=8413) (win 0.5% | avg 0.5% budget)
  system.physics_collision         win=  0.082ms avg=  0.117ms p95=  0.201ms max=  0.451ms calls(last=  1,win= 171,total=10061) (win 0.5% | avg 0.7% budget)
  enemy.physics.frontal_pair_traverse win=  0.075ms avg=  0.107ms p95=  0.177ms max=  0.376ms calls(last=  1,win= 171,total=5254) (win 0.5% | avg 0.6% budget)
  system.spawner_update            win=  0.070ms avg=  0.100ms p95=  0.143ms max=  0.529ms calls(last=  1,win= 171,total=10061) (win 0.4% | avg 0.6% budget)
  frame.render.hud.static          win=  0.055ms avg=  0.055ms p95=  0.062ms max= 13.280ms calls(last=  1,win= 120,total=8413) (win 0.3% | avg 0.3% budget)
  enemy.ai.decision                win=  0.050ms avg=  0.267ms p95=  0.410ms max=  0.805ms calls(last=  4,win= 642,total=22454) (win 0.3% | avg 1.6% budget)
  enemy.ai.perception              win=  0.050ms avg=  0.265ms p95=  0.496ms max=  1.451ms calls(last=  4,win= 642,total=22454) (win 0.3% | avg 1.6% budget)
[ENEMY_STATS] frame=8880 alive=144 visible=0 full=4 cheap=140 fullInBase=0 pairs(frontal=0 checks=0 separation=0 resolved=0)
[ENEMY_WINDOW] steps=171 alive[min=144 max=144] visible[min=0 max=0] full[min=3 max=4] collisionPasses[runs=171 skips=0]
[ENEMY_SEGMENTS] window=2.850s D{b/s=7.72 avgLen=4.74 fail=0} T{b/s=8.07 avgLen=5.97 fail=0} H{b/s=26.67 avgLen=4.96 fail=1539} A{b/s=8.07 avgLen=4.67 fail=855}
[ENEMY_GRID] frontal{cand/s=225.3 xcell/s=1.4 ins/s=226.7} separation{cand/s=225.3}
[ENEMY_COLLISION_WINDOW] frontal{pairs/s=0.0 checks/s=0.0 baseSkip=0 kill=0(0.0%)} separation{pairs/s=0.0 resolved/s=0.0(0.0%) baseSkip=0 kill=0 wallBlock=0}
[ENEMY_KILL_DEBUG] enemyEnemy{events=0 frontal=0 separation=0 reenterEither=0 reenterBoth=0 wallContact=0 dist[min=0.000 avg=0.000 max=0.000]}
[ENEMY_NAV_CACHE] playerCell{changes=2 flowRebuilds=1} flow{hit=20 miss=0 hit%=100.0} pathFallback{calls=0 ok=0 ok%=0.0}
[ENEMY_SAP] updates=24624 active=642 pairs=0 repairs{x=193 y=189}
[ENEMY_PAIR_TYPES] frontal DD=0 DT=0 DH=0 DA=0 TT=0 TH=0 TA=0 HH=0 HA=0 AA=0 separation DD=0 DT=0 DH=0 DA=0 TT=0 TH=0 TA=0 HH=0 HA=0 AA=0
[ENEMY_KILL_DEBUG_COLLISION] projectile{kills=0 wallContact=0}

[PROFILE] frame=9000 budget=16.667ms alloc(+366/-366, +562064b/-562064b, live=289016b peak=567672b)
  frame.total                      win= 25.287ms avg= 25.287ms p95= 31.037ms max= 85.425ms calls(last=  1,win= 120,total=9000) (win 151.7% | avg 151.7% budget)
  frame.fixed_step                 win= 11.274ms avg= 17.193ms p95= 22.843ms max= 34.409ms calls(last=  2,win= 183,total=10722) (win 67.6% | avg 103.2% budget)
  frame.render                     win=  8.048ms avg=  8.048ms p95=  8.423ms max= 85.386ms calls(last=  1,win= 120,total=9000) (win 48.3% | avg 48.3% budget)
  frame.present                    win=  8.040ms avg=  8.040ms p95=  8.417ms max= 85.380ms calls(last=  1,win= 120,total=9000) (win 48.2% | avg 48.2% budget)
  game.update                      win=  5.379ms avg=  8.202ms p95= 11.098ms max= 22.763ms calls(last=  2,win= 183,total=10244) (win 32.3% | avg 49.2% budget)
  system.ai_update                 win=  5.149ms avg=  7.852ms p95= 10.585ms max= 22.200ms calls(last=  2,win= 183,total=10244) (win 30.9% | avg 47.1% budget)
  enemy.update                     win=  5.143ms avg=  7.843ms p95= 10.573ms max= 22.189ms calls(last=  2,win= 183,total=10244) (win 30.9% | avg 47.1% budget)
  frame.render.world               win=  3.823ms avg=  3.823ms p95=  4.204ms max=  8.835ms calls(last=  1,win= 120,total=8533) (win 22.9% | avg 22.9% budget)
  frame.render.hud                 win=  2.417ms avg=  2.417ms p95=  2.632ms max= 18.023ms calls(last=  1,win= 120,total=8533) (win 14.5% | avg 14.5% budget)
  frame.render.hud.minimap         win=  1.936ms avg=  1.936ms p95=  2.146ms max=  8.418ms calls(last=  1,win= 120,total=8533) (win 11.6% | avg 11.6% budget)
  frame.render.world.enemies       win=  1.165ms avg=  1.165ms p95=  1.329ms max=  3.657ms calls(last=  1,win= 120,total=8533) (win 7.0% | avg 7.0% budget)
  frame.render.world.maze          win=  1.015ms avg=  1.015ms p95=  1.172ms max=  2.840ms calls(last=  1,win= 120,total=8533) (win 6.1% | avg 6.1% budget)
  frame.render.world.effects       win=  0.895ms avg=  0.895ms p95=  1.230ms max=  5.311ms calls(last=  1,win= 120,total=8533) (win 5.4% | avg 5.4% budget)
  enemy.physics.frontal_collisions win=  0.460ms avg=  0.702ms p95=  0.983ms max=  1.391ms calls(last=  2,win= 183,total=5437) (win 2.8% | avg 4.2% budget)
  enemy.physics.frontal_grid_build win=  0.345ms avg=  0.526ms p95=  0.738ms max=  1.012ms calls(last=  2,win= 183,total=5437) (win 2.1% | avg 3.2% budget)
  enemy.torpedo.select_heading     win=  0.318ms avg=  0.003ms p95=  0.000ms max=  0.457ms calls(last=  0,win=   1,total=27) (win 1.9% | avg 0.0% budget)
  frame.render.hud.text            win=  0.225ms avg=  0.225ms p95=  0.265ms max=  1.257ms calls(last=  1,win= 120,total=8533) (win 1.4% | avg 1.4% budget)
  enemy.ai.movement                win=  0.204ms avg=  1.452ms p95=  2.074ms max=  3.565ms calls(last= 10,win= 852,total=23306) (win 1.2% | avg 8.7% budget)
  frame.render.hud.compass         win=  0.086ms avg=  0.086ms p95=  0.090ms max=  0.335ms calls(last=  1,win= 120,total=8533) (win 0.5% | avg 0.5% budget)
  enemy.physics.frontal_pair_traverse win=  0.082ms avg=  0.125ms p95=  0.188ms max=  0.387ms calls(last=  2,win= 183,total=5437) (win 0.5% | avg 0.8% budget)
  system.physics_collision         win=  0.077ms avg=  0.117ms p95=  0.205ms max=  0.451ms calls(last=  2,win= 183,total=10244) (win 0.5% | avg 0.7% budget)
  system.spawner_update            win=  0.071ms avg=  0.109ms p95=  0.144ms max=  0.529ms calls(last=  2,win= 183,total=10244) (win 0.4% | avg 0.7% budget)
  frame.render.hud.static          win=  0.053ms avg=  0.053ms p95=  0.069ms max= 13.280ms calls(last=  1,win= 120,total=8533) (win 0.3% | avg 0.3% budget)
  frame.render.hud.lives           win=  0.045ms avg=  0.045ms p95=  0.046ms max=  0.309ms calls(last=  1,win= 120,total=8533) (win 0.3% | avg 0.3% budget)
[ENEMY_STATS] frame=9000 alive=144 visible=1 full=5 cheap=139 fullInBase=0 pairs(frontal=0 checks=0 separation=0 resolved=0)
[ENEMY_WINDOW] steps=183 alive[min=144 max=144] visible[min=0 max=1] full[min=4 max=5] collisionPasses[runs=183 skips=0]
[ENEMY_SEGMENTS] window=3.050s D{b/s=8.52 avgLen=5.22 fail=1} T{b/s=7.54 avgLen=5.48 fail=0} H{b/s=27.21 avgLen=4.62 fail=1647} A{b/s=8.20 avgLen=4.30 fail=915}
[ENEMY_GRID] frontal{cand/s=279.7 xcell/s=0.7 ins/s=280.3} separation{cand/s=279.7}
[ENEMY_COLLISION_WINDOW] frontal{pairs/s=0.0 checks/s=0.0 baseSkip=0 kill=0(0.0%)} separation{pairs/s=0.0 resolved/s=0.0(0.0%) baseSkip=0 kill=0 wallBlock=0}
[ENEMY_KILL_DEBUG] enemyEnemy{events=0 frontal=0 separation=0 reenterEither=0 reenterBoth=0 wallContact=0 dist[min=0.000 avg=0.000 max=0.000]}
[ENEMY_NAV_CACHE] playerCell{changes=2 flowRebuilds=1} flow{hit=0 miss=0 hit%=0.0} pathFallback{calls=0 ok=0 ok%=0.0}
[ENEMY_SAP] updates=26352 active=853 pairs=0 repairs{x=106 y=107}
[ENEMY_PAIR_TYPES] frontal DD=0 DT=0 DH=0 DA=0 TT=0 TH=0 TA=0 HH=0 HA=0 AA=0 separation DD=0 DT=0 DH=0 DA=0 TT=0 TH=0 TA=0 HH=0 HA=0 AA=0
[TORPEDO_HEADING] eval/s=0.33 retreat/s=0.33 pick[straight=100.0% left=0.0% right=0.0%] clear[best=4.95 chosen=4.95]
[ENEMY_KILL_DEBUG_COLLISION] projectile{kills=0 wallContact=0}

[PROFILE] frame=9120 budget=16.667ms alloc(+362/-362, +562256b/-562256b, live=289016b peak=567672b)
  frame.total                      win= 27.107ms avg= 27.107ms p95= 32.417ms max= 85.425ms calls(last=  1,win= 120,total=9120) (win 162.6% | avg 162.6% budget)
  frame.fixed_step                 win= 11.545ms avg= 18.858ms p95= 23.898ms max= 34.409ms calls(last=  2,win= 196,total=10918) (win 69.3% | avg 113.1% budget)
  frame.render                     win=  8.204ms avg=  8.204ms p95=  8.710ms max= 85.386ms calls(last=  1,win= 120,total=9120) (win 49.2% | avg 49.2% budget)
  frame.present                    win=  8.198ms avg=  8.198ms p95=  8.702ms max= 85.380ms calls(last=  1,win= 120,total=9120) (win 49.2% | avg 49.2% budget)
  game.update                      win=  5.659ms avg=  9.243ms p95= 12.082ms max= 22.763ms calls(last=  2,win= 196,total=10440) (win 34.0% | avg 55.5% budget)
  system.ai_update                 win=  5.426ms avg=  8.863ms p95= 11.630ms max= 22.200ms calls(last=  2,win= 196,total=10440) (win 32.6% | avg 53.2% budget)
  enemy.update                     win=  5.420ms avg=  8.853ms p95= 11.617ms max= 22.189ms calls(last=  2,win= 196,total=10440) (win 32.5% | avg 53.1% budget)
  frame.render.world               win=  4.003ms avg=  4.003ms p95=  4.505ms max=  8.835ms calls(last=  1,win= 120,total=8653) (win 24.0% | avg 24.0% budget)
  frame.render.hud                 win=  2.372ms avg=  2.372ms p95=  2.563ms max= 18.023ms calls(last=  1,win= 120,total=8653) (win 14.2% | avg 14.2% budget)
  frame.render.hud.minimap         win=  1.879ms avg=  1.879ms p95=  2.036ms max=  8.418ms calls(last=  1,win= 120,total=8653) (win 11.3% | avg 11.3% budget)
  frame.render.world.enemies       win=  1.193ms avg=  1.193ms p95=  1.279ms max=  3.657ms calls(last=  1,win= 120,total=8653) (win 7.2% | avg 7.2% budget)
  frame.render.world.maze          win=  1.035ms avg=  1.035ms p95=  1.265ms max=  2.840ms calls(last=  1,win= 120,total=8653) (win 6.2% | avg 6.2% budget)
  frame.render.world.effects       win=  1.020ms avg=  1.020ms p95=  1.469ms max=  5.311ms calls(last=  1,win= 120,total=8653) (win 6.1% | avg 6.1% budget)
  enemy.physics.frontal_collisions win=  0.457ms avg=  0.746ms p95=  0.957ms max=  1.391ms calls(last=  2,win= 196,total=5633) (win 2.7% | avg 4.5% budget)
  enemy.physics.frontal_grid_build win=  0.342ms avg=  0.558ms p95=  0.724ms max=  1.012ms calls(last=  2,win= 196,total=5633) (win 2.0% | avg 3.3% budget)
  frame.render.hud.text            win=  0.232ms avg=  0.232ms p95=  0.275ms max=  1.257ms calls(last=  1,win= 120,total=8653) (win 1.4% | avg 1.4% budget)
  enemy.ai.movement                win=  0.205ms avg=  1.856ms p95=  2.870ms max=  3.565ms calls(last= 12,win=1087,total=24393) (win 1.2% | avg 11.1% budget)
  frame.render.hud.compass         win=  0.086ms avg=  0.086ms p95=  0.103ms max=  0.335ms calls(last=  1,win= 120,total=8653) (win 0.5% | avg 0.5% budget)
  enemy.physics.frontal_pair_traverse win=  0.080ms avg=  0.131ms p95=  0.187ms max=  0.387ms calls(last=  2,win= 196,total=5633) (win 0.5% | avg 0.8% budget)
  system.physics_collision         win=  0.080ms avg=  0.131ms p95=  0.241ms max=  0.451ms calls(last=  2,win= 196,total=10440) (win 0.5% | avg 0.8% budget)
  system.spawner_update            win=  0.072ms avg=  0.117ms p95=  0.152ms max=  0.529ms calls(last=  2,win= 196,total=10440) (win 0.4% | avg 0.7% budget)
  frame.render.hud.static          win=  0.054ms avg=  0.054ms p95=  0.066ms max= 13.280ms calls(last=  1,win= 120,total=8653) (win 0.3% | avg 0.3% budget)
  enemy.ai.perception              win=  0.051ms avg=  0.459ms p95=  0.786ms max=  1.451ms calls(last= 12,win=1087,total=24393) (win 0.3% | avg 2.8% budget)
  frame.render.hud.lives           win=  0.046ms avg=  0.046ms p95=  0.047ms max=  0.309ms calls(last=  1,win= 120,total=8653) (win 0.3% | avg 0.3% budget)
[ENEMY_STATS] frame=9120 alive=144 visible=1 full=6 cheap=138 fullInBase=0 pairs(frontal=0 checks=0 separation=0 resolved=0)
[ENEMY_WINDOW] steps=196 alive[min=144 max=144] visible[min=1 max=2] full[min=5 max=7] collisionPasses[runs=196 skips=0]
[ENEMY_SEGMENTS] window=3.267s D{b/s=7.35 avgLen=4.97 fail=0} T{b/s=7.96 avgLen=6.28 fail=0} H{b/s=26.33 avgLen=4.97 fail=1764} A{b/s=5.82 avgLen=5.60 fail=980}
[ENEMY_GRID] frontal{cand/s=333.1 xcell/s=1.2 ins/s=334.3} separation{cand/s=333.1}
[ENEMY_COLLISION_WINDOW] frontal{pairs/s=0.0 checks/s=0.0 baseSkip=0 kill=0(0.0%)} separation{pairs/s=0.0 resolved/s=0.0(0.0%) baseSkip=0 kill=0 wallBlock=0}
[ENEMY_KILL_DEBUG] enemyEnemy{events=0 frontal=0 separation=0 reenterEither=0 reenterBoth=0 wallContact=0 dist[min=0.000 avg=0.000 max=0.000]}
[ENEMY_NAV_CACHE] playerCell{changes=3 flowRebuilds=1} flow{hit=62 miss=0 hit%=100.0} pathFallback{calls=0 ok=0 ok%=0.0}
[ENEMY_SAP] updates=28224 active=1088 pairs=0 repairs{x=143 y=141}
[ENEMY_PAIR_TYPES] frontal DD=0 DT=0 DH=0 DA=0 TT=0 TH=0 TA=0 HH=0 HA=0 AA=0 separation DD=0 DT=0 DH=0 DA=0 TT=0 TH=0 TA=0 HH=0 HA=0 AA=0
[ENEMY_KILL_DEBUG_COLLISION] projectile{kills=0 wallContact=0}

[PROFILE] frame=9240 budget=16.667ms alloc(+364/-364, +562560b/-562560b, live=289304b peak=568056b)
  frame.total                      win= 28.085ms avg= 28.085ms p95= 32.153ms max= 85.425ms calls(last=  1,win= 120,total=9240) (win 168.5% | avg 168.5% budget)
  frame.fixed_step                 win= 11.499ms avg= 19.453ms p95= 23.310ms max= 34.409ms calls(last=  2,win= 203,total=11121) (win 69.0% | avg 116.7% budget)
  frame.render                     win=  8.585ms avg=  8.585ms p95=  9.072ms max= 85.386ms calls(last=  1,win= 120,total=9240) (win 51.5% | avg 51.5% budget)
  frame.present                    win=  8.579ms avg=  8.579ms p95=  9.064ms max= 85.380ms calls(last=  1,win= 120,total=9240) (win 51.5% | avg 51.5% budget)
  game.update                      win=  5.637ms avg=  9.537ms p95= 11.488ms max= 22.763ms calls(last=  2,win= 203,total=10643) (win 33.8% | avg 57.2% budget)
  system.ai_update                 win=  5.329ms avg=  9.015ms p95= 10.856ms max= 22.200ms calls(last=  2,win= 203,total=10643) (win 32.0% | avg 54.1% budget)
  enemy.update                     win=  5.323ms avg=  9.006ms p95= 10.843ms max= 22.189ms calls(last=  2,win= 203,total=10643) (win 31.9% | avg 54.0% budget)
  frame.render.world               win=  4.369ms avg=  4.369ms p95=  4.825ms max=  8.835ms calls(last=  1,win= 120,total=8773) (win 26.2% | avg 26.2% budget)
  frame.render.hud                 win=  2.354ms avg=  2.354ms p95=  2.545ms max= 18.023ms calls(last=  1,win= 120,total=8773) (win 14.1% | avg 14.1% budget)
  frame.render.hud.minimap         win=  1.864ms avg=  1.864ms p95=  2.039ms max=  8.418ms calls(last=  1,win= 120,total=8773) (win 11.2% | avg 11.2% budget)
  frame.render.world.effects       win=  1.430ms avg=  1.430ms p95=  1.865ms max=  5.311ms calls(last=  1,win= 120,total=8773) (win 8.6% | avg 8.6% budget)
  frame.render.world.enemies       win=  1.168ms avg=  1.168ms p95=  1.230ms max=  3.657ms calls(last=  1,win= 120,total=8773) (win 7.0% | avg 7.0% budget)
  frame.render.world.maze          win=  1.039ms avg=  1.039ms p95=  1.123ms max=  2.840ms calls(last=  1,win= 120,total=8773) (win 6.2% | avg 6.2% budget)
  enemy.physics.frontal_collisions win=  0.458ms avg=  0.775ms p95=  0.980ms max=  1.391ms calls(last=  2,win= 203,total=5836) (win 2.7% | avg 4.7% budget)
  enemy.physics.frontal_grid_build win=  0.345ms avg=  0.584ms p95=  0.738ms max=  1.012ms calls(last=  2,win= 203,total=5836) (win 2.1% | avg 3.5% budget)
  frame.render.hud.text            win=  0.234ms avg=  0.234ms p95=  0.314ms max=  1.257ms calls(last=  1,win= 120,total=8773) (win 1.4% | avg 1.4% budget)
  enemy.ai.movement                win=  0.195ms avg=  1.734ms p95=  2.167ms max=  3.565ms calls(last= 12,win=1065,total=25458) (win 1.2% | avg 10.4% budget)
  system.physics_collision         win=  0.154ms avg=  0.261ms p95=  0.391ms max=  0.451ms calls(last=  2,win= 203,total=10643) (win 0.9% | avg 1.6% budget)
  frame.render.hud.compass         win=  0.086ms avg=  0.086ms p95=  0.089ms max=  0.335ms calls(last=  1,win= 120,total=8773) (win 0.5% | avg 0.5% budget)
  enemy.physics.frontal_pair_traverse win=  0.078ms avg=  0.132ms p95=  0.185ms max=  0.387ms calls(last=  2,win= 203,total=5836) (win 0.5% | avg 0.8% budget)
  system.spawner_update            win=  0.071ms avg=  0.120ms p95=  0.152ms max=  0.529ms calls(last=  2,win= 203,total=10643) (win 0.4% | avg 0.7% budget)
  enemy.ai.perception              win=  0.059ms avg=  0.523ms p95=  0.793ms max=  1.451ms calls(last= 12,win=1065,total=25458) (win 0.4% | avg 3.1% budget)
  frame.render.hud.static          win=  0.051ms avg=  0.051ms p95=  0.062ms max= 13.280ms calls(last=  1,win= 120,total=8773) (win 0.3% | avg 0.3% budget)
  frame.render.hud.lives           win=  0.045ms avg=  0.045ms p95=  0.046ms max=  0.309ms calls(last=  1,win= 120,total=8773) (win 0.3% | avg 0.3% budget)
[ENEMY_STATS] frame=9240 alive=144 visible=2 full=6 cheap=138 fullInBase=0 pairs(frontal=0 checks=0 separation=0 resolved=0)
[ENEMY_WINDOW] steps=203 alive[min=144 max=144] visible[min=1 max=2] full[min=5 max=6] collisionPasses[runs=203 skips=0]
[ENEMY_SEGMENTS] window=3.383s D{b/s=7.68 avgLen=4.98 fail=0} T{b/s=9.75 avgLen=6.80 fail=0} H{b/s=25.71 avgLen=4.84 fail=1827} A{b/s=6.80 avgLen=5.22 fail=1015}
[ENEMY_GRID] frontal{cand/s=314.8 xcell/s=1.5 ins/s=316.3} separation{cand/s=314.8}
[ENEMY_COLLISION_WINDOW] frontal{pairs/s=0.0 checks/s=0.0 baseSkip=0 kill=0(0.0%)} separation{pairs/s=0.0 resolved/s=0.0(0.0%) baseSkip=0 kill=0 wallBlock=0}
[ENEMY_KILL_DEBUG] enemyEnemy{events=0 frontal=0 separation=0 reenterEither=0 reenterBoth=0 wallContact=0 dist[min=0.000 avg=0.000 max=0.000]}
[ENEMY_NAV_CACHE] playerCell{changes=3 flowRebuilds=1} flow{hit=6 miss=0 hit%=100.0} pathFallback{calls=0 ok=0 ok%=0.0}
[ENEMY_SAP] updates=29232 active=1065 pairs=0 repairs{x=141 y=142}
[ENEMY_PAIR_TYPES] frontal DD=0 DT=0 DH=0 DA=0 TT=0 TH=0 TA=0 HH=0 HA=0 AA=0 separation DD=0 DT=0 DH=0 DA=0 TT=0 TH=0 TA=0 HH=0 HA=0 AA=0
[ENEMY_KILL_DEBUG_COLLISION] projectile{kills=0 wallContact=0}

[PROFILE] frame=9360 budget=16.667ms alloc(+0/-0, +0b/-0b, live=289304b peak=568056b)
  frame.total                      win= 20.817ms avg= 20.817ms p95= 30.789ms max= 85.425ms calls(last=  1,win= 120,total=9360) (win 124.9% | avg 124.9% budget)
  frame.render                     win= 12.284ms avg= 12.284ms p95= 17.117ms max= 85.386ms calls(last=  1,win= 120,total=9360) (win 73.7% | avg 73.7% budget)
  frame.present                    win= 12.277ms avg= 12.277ms p95= 17.110ms max= 85.380ms calls(last=  1,win= 120,total=9360) (win 73.7% | avg 73.7% budget)
  frame.fixed_step                 win=  6.749ms avg=  8.492ms p95= 22.355ms max= 34.409ms calls(last=  1,win= 151,total=11272) (win 40.5% | avg 51.0% budget)
  game.update                      win=  5.168ms avg=  4.005ms p95= 10.805ms max= 22.763ms calls(last=  0,win=  93,total=10736) (win 31.0% | avg 24.0% budget)
  system.ai_update                 win=  4.974ms avg=  3.855ms p95= 10.390ms max= 22.200ms calls(last=  0,win=  93,total=10736) (win 29.8% | avg 23.1% budget)
  enemy.update                     win=  4.968ms avg=  3.850ms p95= 10.379ms max= 22.189ms calls(last=  0,win=  93,total=10736) (win 29.8% | avg 23.1% budget)
  frame.render.world               win=  3.913ms avg=  3.457ms p95=  4.338ms max=  8.835ms calls(last=  0,win= 106,total=8879) (win 23.5% | avg 20.7% budget)
  frame.render.hud                 win=  2.313ms avg=  2.043ms p95=  2.498ms max= 18.023ms calls(last=  0,win= 106,total=8879) (win 13.9% | avg 12.3% budget)
  frame.render.hud.minimap         win=  1.836ms avg=  1.622ms p95=  1.993ms max=  8.418ms calls(last=  0,win= 106,total=8879) (win 11.0% | avg 9.7% budget)
  frame.render.world.effects       win=  1.301ms avg=  1.149ms p95=  1.594ms max=  5.311ms calls(last=  0,win= 106,total=8879) (win 7.8% | avg 6.9% budget)
  frame.render.overlay             win=  1.277ms avg=  0.457ms p95=  1.325ms max=  1.378ms calls(last=  0,win=  43,total=43) (win 7.7% | avg 2.7% budget)
  frame.render.world.enemies       win=  1.175ms avg=  1.038ms p95=  1.230ms max=  3.657ms calls(last=  0,win= 106,total=8879) (win 7.0% | avg 6.2% budget)
  frame.render.world.maze          win=  1.032ms avg=  0.911ms p95=  1.077ms max=  2.840ms calls(last=  0,win= 106,total=8879) (win 6.2% | avg 5.5% budget)
  enemy.physics.frontal_collisions win=  0.471ms avg=  0.365ms p95=  0.955ms max=  1.391ms calls(last=  0,win=  93,total=5929) (win 2.8% | avg 2.2% budget)
  enemy.physics.frontal_grid_build win=  0.342ms avg=  0.265ms p95=  0.697ms max=  1.012ms calls(last=  0,win=  93,total=5929) (win 2.0% | avg 1.6% budget)
  frame.render.hud.text            win=  0.224ms avg=  0.198ms p95=  0.264ms max=  1.257ms calls(last=  0,win= 106,total=8879) (win 1.3% | avg 1.2% budget)
  enemy.ai.movement                win=  0.123ms avg=  0.550ms p95=  1.587ms max=  3.565ms calls(last=  0,win= 538,total=25996) (win 0.7% | avg 3.3% budget)
  enemy.physics.frontal_pair_traverse win=  0.095ms avg=  0.073ms p95=  0.188ms max=  0.387ms calls(last=  0,win=  93,total=5929) (win 0.6% | avg 0.4% budget)
  frame.render.hud.compass         win=  0.087ms avg=  0.077ms p95=  0.118ms max=  0.335ms calls(last=  0,win= 106,total=8879) (win 0.5% | avg 0.5% budget)
  system.spawner_update            win=  0.073ms avg=  0.056ms p95=  0.143ms max=  0.529ms calls(last=  0,win=  93,total=10736) (win 0.4% | avg 0.3% budget)
  enemy.ai.perception              win=  0.065ms avg=  0.289ms p95=  0.795ms max=  1.451ms calls(last=  0,win= 538,total=25996) (win 0.4% | avg 1.7% budget)
  system.physics_collision         win=  0.062ms avg=  0.048ms p95=  0.167ms max=  0.451ms calls(last=  0,win=  93,total=10736) (win 0.4% | avg 0.3% budget)
  frame.render.hud.static          win=  0.051ms avg=  0.045ms p95=  0.059ms max= 13.280ms calls(last=  0,win= 106,total=8879) (win 0.3% | avg 0.3% budget)
INFO: FBO: [ID 1] Unloaded framebuffer from VRAM (GPU)
INFO: FBO: [ID 2] Unloaded framebuffer from VRAM (GPU)
INFO: TEXTURE: [ID 7] Unloaded texture data from VRAM (GPU)
INFO: TEXTURE: [ID 3] Unloaded texture data from VRAM (GPU)
INFO: TEXTURE: [ID 4] Unloaded texture data from VRAM (GPU)
INFO: AUDIO: Device closed successfully
INFO: TEXTURE: [ID 2] Unloaded texture data from VRAM (GPU)
INFO: SHADER: [ID 3] Default shader unloaded successfully
INFO: TEXTURE: [ID 1] Default texture unloaded successfully
INFO: Window closed successfully
ark@rg353v:/roms2/ports/bolt$